scenario,commodity,year,production,net_import,supply_available,domestic_demand_total,food_demand_total,balance_error,balance_error_pct_of_use
BS,RICE,2023,20660.3,100.6,20760.9,20760.9,15799.6,3.63798e-12,1.75232e-14
BS,RICE,2024,20753.5,78.57,20832.1,20832.1,15650,0,0
BS,RICE,2025,20794.1,172.862,20967,20967,15482.9,7.27596e-12,3.4702e-14
BS,RICE,2026,20834.1,273.137,21107.2,21107.2,15336.2,3.63798e-12,1.72357e-14
BS,RICE,2027,20873.2,342.807,21216,21216,15192.3,0,0
BS,RICE,2028,20911.5,395.14,21306.7,21306.7,15047.7,0,0
BS,RICE,2029,20948.9,450.102,21399,21399,14901.6,3.63798e-12,1.70007e-14
BS,RICE,2030,20985.2,509.234,21494.5,21494.5,14754.5,-3.63798e-12,-1.69252e-14
BS,RICE,2031,21004.7,548.091,21552.8,21552.8,14619.7,1.09139e-11,5.06382e-14
BS,RICE,2032,21022.9,551.027,21573.9,21573.9,14482.3,-3.63798e-12,-1.68629e-14
BS,RICE,2033,21039.7,556.997,21596.7,21596.7,14343.5,0,0
BS,RICE,2034,21054.9,565.955,21620.9,21620.9,14203.2,3.63798e-12,1.68262e-14
BS,RICE,2035,21068.5,578.454,21646.9,21646.9,14061.9,7.27596e-12,3.3612e-14
BS,RICE,2036,21079.7,596.318,21676,21676,13931.4,-7.27596e-12,-3.35668e-14
BS,RICE,2037,21089,615.695,21704.7,21704.7,13799.7,-1.09139e-11,-5.02838e-14
BS,RICE,2038,21096.5,637.578,21734,21734,13667.9,7.27596e-12,3.34773e-14
BS,RICE,2039,21102.4,662.245,21764.6,21764.6,13536.4,-3.63798e-12,-1.67151e-14
BS,RICE,2040,21107,688.573,21795.5,21795.5,13404.4,3.63798e-12,1.66914e-14
BS,RICE,2041,21110.3,725.229,21835.5,21835.5,13280.5,3.63798e-12,1.66608e-14
BS,RICE,2042,21112.5,762.401,21874.9,21874.9,13155.1,1.81899e-11,8.31541e-14
BS,RICE,2043,21113.7,800.975,21914.7,21914.7,13029.1,0,0
BS,RICE,2044,21114.1,841.013,21955.1,21955.1,12902.6,-3.63798e-12,-1.65701e-14
BS,RICE,2045,21113.5,881.935,21995.5,21995.5,12775.1,0,0
BS,RICE,2046,21112.2,924.901,22037.1,22037.1,12647.8,0,0
BS,RICE,2047,21110.2,967.071,22077.3,22077.3,12518,-3.63798e-12,-1.64784e-14
BS,RICE,2048,21107.6,1008.9,22116.5,22116.5,12386.2,7.27596e-12,3.28984e-14
BS,RICE,2049,21104.3,1049.48,22153.8,22153.8,12251.4,-7.27596e-12,-3.28429e-14
BS,RICE,2050,21100.5,1088.61,22189.1,22189.1,12113.6,1.81899e-11,8.19767e-14
BS,WHEA,2023,13659,1189.4,14848.4,14848.4,9162.85,-1.81899e-12,-1.22504e-14
BS,WHEA,2024,14009.9,1106.26,15116.2,15116.2,9100,3.63798e-12,2.40668e-14
BS,WHEA,2025,14115.7,1022.88,15138.6,15138.6,9002.72,-7.27596e-12,-4.80624e-14
BS,WHEA,2026,14217.3,958.062,15175.4,15175.4,8917.07,0,0
BS,WHEA,2027,14314.7,899.708,15214.4,15214.4,8832.87,3.63798e-12,2.39113e-14
BS,WHEA,2028,14407.9,846.059,15254,15254,8748.04,1.81899e-12,1.19247e-14
BS,WHEA,2029,14496.8,797.538,15294.4,15294.4,8662.13,7.27596e-12,4.75728e-14
BS,WHEA,2030,14581.4,753.732,15335.1,15335.1,8575.32,7.27596e-12,4.74465e-14
BS,WHEA,2031,14595.7,713.172,15308.9,15308.9,8495.45,-1.81899e-12,-1.18819e-14
BS,WHEA,2032,14605,673.537,15278.6,15278.6,8413.76,3.63798e-12,2.3811e-14
BS,WHEA,2033,14608.9,637.304,15246.2,15246.2,8330.97,-3.63798e-12,-2.38615e-14
BS,WHEA,2034,14607.3,604.536,15211.8,15211.8,8246.98,7.27596e-12,4.7831e-14
BS,WHEA,2035,14599.8,575.71,15175.5,15175.5,8162.05,-7.27596e-12,-4.79454e-14
BS,WHEA,2036,14588.4,542.766,15131.2,15131.2,8083.45,-1.81899e-12,-1.20215e-14
BS,WHEA,2037,14573.5,511.441,15084.9,15084.9,8004.2,1.81899e-12,1.20583e-14
BS,WHEA,2038,14555.4,482.122,15037.5,15037.5,7924.97,0,0
BS,WHEA,2039,14534.5,454.791,14989.3,14989.3,7846.01,5.45697e-12,3.64058e-14
BS,WHEA,2040,14511,428.657,14939.7,14939.7,7766.75,-1.81899e-12,-1.21756e-14
BS,WHEA,2041,14485.3,408.544,14893.8,14893.8,7692.28,-5.45697e-12,-3.66391e-14
BS,WHEA,2042,14457.6,388.613,14846.2,14846.2,7616.95,3.63798e-12,2.45045e-14
BS,WHEA,2043,14428,369.234,14797.2,14797.2,7541.32,-1.81899e-12,-1.22928e-14
BS,WHEA,2044,14396.8,350.306,14747.1,14747.1,7465.47,1.81899e-12,1.23345e-14
BS,WHEA,2045,14364.2,331.289,14695.5,14695.5,7389.1,-3.63798e-12,-2.47557e-14
BS,WHEA,2046,14330.4,312.827,14643.2,14643.2,7312.93,1.81899e-12,1.24221e-14
BS,WHEA,2047,14295.4,293.169,14588.5,14588.5,7235.33,3.63798e-12,2.49372e-14
BS,WHEA,2048,14259.4,272.473,14531.8,14531.8,7156.61,1.81899e-12,1.25173e-14
BS,WHEA,2049,14222.5,250.123,14472.6,14472.6,7076.25,-2.91038e-11,-2.01096e-13
BS,WHEA,2050,14184.8,225.916,14410.7,14410.7,6994.19,-9.09495e-12,-6.31123e-14
BS,MAIZ,2023,28884,2712.1,31596.1,31596.1,1890,0,0
BS,MAIZ,2024,29492,1363,30855,30855,1890,0,0
BS,MAIZ,2025,29896.1,1138.52,31034.6,31034.6,1877.44,-1.09139e-11,-3.5167e-14
BS,MAIZ,2026,30301.1,918.979,31220.1,31220.1,1866.89,-1.09139e-11,-3.4958e-14
BS,MAIZ,2027,30706.7,1373.95,32080.6,32080.6,1856.63,1.09139e-11,3.40203e-14
BS,MAIZ,2028,31112.1,1279.05,32391.1,32391.1,1845.99,-3.63798e-12,-1.12314e-14
BS,MAIZ,2029,31516.8,1093.11,32609.9,32609.9,1834.95,-1.81899e-11,-5.57803e-14
BS,MAIZ,2030,31920.1,879.524,32799.7,32799.7,1823.54,0,0
BS,MAIZ,2031,31929.1,845.115,32774.2,32774.2,1813.41,5.09317e-11,1.55402e-13
BS,MAIZ,2032,31930.2,826.088,32756.3,32756.3,1802.95,0,0
BS,MAIZ,2033,31922.7,807.803,32730.5,32730.5,1792.17,0,0
BS,MAIZ,2034,31915,783.544,32698.5,32698.5,1781.05,-1.09139e-11,-3.33775e-14
BS,MAIZ,2035,31897,761.543,32658.5,32658.5,1769.68,3.63798e-12,1.11394e-14
BS,MAIZ,2036,31872,934.297,32806.3,32806.3,1759.42,-2.18279e-11,-6.65356e-14
BS,MAIZ,2037,31840.8,1105.61,32946.4,32946.4,1748.88,-7.27596e-12,-2.20842e-14
BS,MAIZ,2038,31804.1,1276.28,33080.4,33080.4,1738.06,-7.27596e-12,-2.19948e-14
BS,MAIZ,2039,31762.5,1446.69,33209.1,33209.1,1727.03,0,0
BS,MAIZ,2040,31716.5,1617.04,33333.5,33333.5,1715.66,0,0
BS,MAIZ,2041,31666.6,1788.13,33454.7,33454.7,1705.16,0,0
BS,MAIZ,2042,31613.3,1958.61,33571.9,33571.9,1694.34,1.45519e-11,4.33455e-14
BS,MAIZ,2043,31556.9,2128.3,33685.2,33685.2,1683.21,-2.18279e-11,-6.47996e-14
BS,MAIZ,2044,31497.8,2297,33794.8,33794.8,1671.78,7.27596e-12,2.15298e-14
BS,MAIZ,2045,31436.3,2463.56,33899.9,33899.9,1660.01,0,0
BS,MAIZ,2046,31372.7,2628.7,34001.4,34001.4,1648.07,0,0
BS,MAIZ,2047,31307.2,2791.73,34098.9,34098.9,1635.61,0,0
BS,MAIZ,2048,31240,2952.42,34192.4,34192.4,1622.66,7.27596e-12,2.12794e-14
BS,MAIZ,2049,31171.4,3110.31,34281.7,34281.7,1609.12,1.45519e-11,4.24481e-14
BS,MAIZ,2050,31101.4,3265.07,34366.5,34366.5,1594.97,1.45519e-11,4.23433e-14
BS,POTA,2023,9150,0,9150,9125,5872,25,0.273973
BS,POTA,2024,9500,0,9500,9445,6081.92,55,0.582319
BS,POTA,2025,9564.68,0,9564.68,9441.47,6044.96,123.215,1.30504
BS,POTA,2026,9625.18,0,9625.18,9453.67,6014.33,171.513,1.81424
BS,POTA,2027,9681.49,0,9681.49,9492.67,5984.96,188.826,1.98917
BS,POTA,2028,9733.56,0,9733.56,9526.59,5954.19,206.964,2.17248
BS,POTA,2029,9781.37,0,9781.37,9570.73,5922.07,210.639,2.20086
BS,POTA,2030,9824.87,0,9824.87,9611.18,5888.61,213.685,2.2233
BS,POTA,2031,9863.92,0,9863.92,9651.21,5859.37,212.703,2.20389
BS,POTA,2032,9898.47,0,9898.47,9688.63,5829.42,209.837,2.16581
BS,POTA,2033,9928.33,0,9928.33,9724.44,5798.46,203.893,2.0967
BS,POTA,2034,9953.35,0,9953.35,9757.75,5766.43,195.607,2.00463
BS,POTA,2035,9973.36,0,9973.36,9792.43,5733.61,180.921,1.84756
BS,POTA,2036,9993.11,0,9993.11,9833.6,5704.29,159.514,1.62213
BS,POTA,2037,10012.1,0,10012.1,9871.77,5674.1,140.288,1.4211
BS,POTA,2038,10030.2,0,10030.2,9906.64,5642.72,123.586,1.24751
BS,POTA,2039,10047.6,0,10047.6,9938.41,5610.33,109.228,1.09904
BS,POTA,2040,10064.3,0,10064.3,9966.72,5576.55,97.6108,0.979368
BS,POTA,2041,10080.3,0,10080.3,9995.68,5545.47,84.644,0.846806
BS,POTA,2042,10095.7,0,10095.7,10021.6,5513.36,74.0673,0.739078
BS,POTA,2043,10110.3,0,10110.3,10044.2,5479.96,66.1293,0.658382
BS,POTA,2044,10124.4,0,10124.4,10063.6,5445.33,60.7532,0.603691
BS,POTA,2045,10137.8,0,10137.8,10079.7,5409.26,58.1643,0.577046
BS,POTA,2046,10150.7,0,10150.7,10093,5372.44,57.6559,0.571245
BS,POTA,2047,10163,0,10163,10102.6,5333.74,60.3504,0.597374
BS,POTA,2048,10174.7,0,10174.7,10108.5,5293.2,66.1957,0.65485
BS,POTA,2049,10185.9,0,10185.9,10110.4,5250.45,75.5492,0.747245
BS,POTA,2050,10196.6,0,10196.6,10108.1,5205.44,88.4663,0.8752
BS,SOYS,2023,2084.17,9849,11933.2,11933.2,1550,0,0
BS,SOYS,2024,2065,10497,12562,12562,1675,-1.81899e-12,-1.44801e-14
BS,SOYS,2025,2190,10036.6,12226.6,12226.6,1676.89,-3.63798e-12,-2.97545e-14
BS,SOYS,2026,2322.21,9725.45,12047.7,12047.7,1678.87,-9.09495e-12,-7.54914e-14
BS,SOYS,2027,2462,9443.82,11905.8,11905.8,1681.39,5.45697e-12,4.58344e-14
BS,SOYS,2028,2609.75,9179.47,11789.2,11789.2,1683.46,0,0
BS,SOYS,2029,2765.82,8931.63,11697.4,11697.4,1685.17,-3.63798e-12,-3.11006e-14
BS,SOYS,2030,2930.63,8690.91,11621.5,11621.5,1686.44,3.63798e-12,3.13038e-14
BS,SOYS,2031,2961.78,8551.82,11513.6,11513.6,1687.68,4.00178e-11,3.47569e-13
BS,SOYS,2032,2992.54,8421.01,11413.5,11413.5,1688.91,-5.45697e-12,-4.78113e-14
BS,SOYS,2033,3022.79,8300.62,11323.4,11323.4,1689.85,3.63798e-12,3.21279e-14
BS,SOYS,2034,3052.01,8189.93,11241.9,11241.9,1690.48,-1.45519e-11,-1.29443e-13
BS,SOYS,2035,3080.52,8087.67,11168.2,11168.2,1690.89,-3.63798e-12,-3.25745e-14
BS,SOYS,2036,3096.98,8114.04,11211,11211,1691.12,-7.27596e-12,-6.49e-14
BS,SOYS,2037,3105.98,8142.58,11248.6,11248.6,1691.13,-5.45697e-12,-4.85126e-14
BS,SOYS,2038,3110.42,8171.72,11282.1,11282.1,1690.66,0,0
BS,SOYS,2039,3112.05,8200.75,11312.8,11312.8,1689.75,-3.63798e-12,-3.21581e-14
BS,SOYS,2040,3111.96,8229.27,11341.2,11341.2,1688.29,3.63798e-12,3.20775e-14
BS,SOYS,2041,3110.79,8257.29,11368.1,11368.1,1686.58,3.63798e-12,3.20017e-14
BS,SOYS,2042,3108.92,8284.72,11393.6,11393.6,1684.55,-1.81899e-12,-1.5965e-14
BS,SOYS,2043,3106.6,8311.35,11417.9,11417.9,1681.99,5.45697e-12,4.77929e-14
BS,SOYS,2044,3103.96,8337.25,11441.2,11441.2,1678.91,-3.63798e-12,-3.17972e-14
BS,SOYS,2045,3101.09,8362.19,11463.3,11463.3,1675.24,5.45697e-12,4.76039e-14
BS,SOYS,2046,3098.05,8386.45,11484.5,11484.5,1670.93,1.81899e-12,1.58386e-14
BS,SOYS,2047,3094.87,8410.01,11504.9,11504.9,1665.92,-3.63798e-12,-3.16212e-14
BS,SOYS,2048,3091.56,8432.9,11524.5,11524.5,1660.18,3.63798e-12,3.15675e-14
BS,SOYS,2049,3088.15,8455.04,11543.2,11543.2,1653.58,3.63798e-12,3.15162e-14
BS,SOYS,2050,3084.63,8476.45,11561.1,11561.1,1646.1,3.63798e-12,3.14675e-14
BS,RAPS,2023,1631.74,519.81,2151.55,2151.55,0,0,0
BS,RAPS,2024,1674,638.56,2312.56,2312.56,0,0,0
BS,RAPS,2025,1717.63,628.481,2346.11,2346.11,0,-9.09495e-13,-3.8766e-14
BS,RAPS,2026,1762.14,614.208,2376.35,2376.35,0,9.09495e-13,3.82728e-14
BS,RAPS,2027,1807.5,586.552,2394.05,2394.05,0,9.09495e-13,3.79897e-14
BS,RAPS,2028,1853.7,559.211,2412.91,2412.91,0,-9.09495e-13,-3.76928e-14
BS,RAPS,2029,1900.72,532.654,2433.37,2433.37,0,-4.54747e-13,-1.8688e-14
BS,RAPS,2030,1948.52,506.343,2454.87,2454.87,0,-9.09495e-13,-3.70487e-14
BS,RAPS,2031,1961.93,501.691,2463.62,2463.62,0,5.45697e-12,2.21502e-13
BS,RAPS,2032,1974.95,496.164,2471.12,2471.12,0,9.09495e-13,3.6805e-14
BS,RAPS,2033,1987.52,491.508,2479.03,2479.03,0,4.54747e-13,1.83438e-14
BS,RAPS,2034,1999.29,487.977,2487.27,2487.27,0,4.54747e-13,1.8283e-14
BS,RAPS,2035,2010.48,485.339,2495.82,2495.82,0,-2.27374e-12,-9.11018e-14
BS,RAPS,2036,2021.33,482.675,2504.01,2504.01,0,-3.18323e-12,-1.27125e-13
BS,RAPS,2037,2031.72,479.673,2511.39,2511.39,0,-9.09495e-13,-3.62148e-14
BS,RAPS,2038,2041.69,476.494,2518.19,2518.19,0,9.09495e-13,3.61171e-14
BS,RAPS,2039,2051.31,473.233,2524.54,2524.54,0,0,0
BS,RAPS,2040,2060.61,469.995,2530.61,2530.61,0,0,0
BS,RAPS,2041,2069.63,466.769,2536.4,2536.4,0,2.72848e-12,1.07573e-13
BS,RAPS,2042,2078.39,463.583,2541.98,2541.98,0,0,0
BS,RAPS,2043,2086.92,460.457,2547.38,2547.38,0,0,0
BS,RAPS,2044,2095.23,457.407,2552.64,2552.64,0,0,0
BS,RAPS,2045,2103.34,454.329,2557.67,2557.67,0,4.54747e-13,1.77797e-14
BS,RAPS,2046,2111.26,451.359,2562.62,2562.62,0,-9.09495e-13,-3.54908e-14
BS,RAPS,2047,2119.01,448.502,2567.51,2567.51,0,-4.54747e-13,-1.77116e-14
BS,RAPS,2048,2126.58,445.764,2572.34,2572.34,0,4.54747e-13,1.76783e-14
BS,RAPS,2049,2133.99,443.146,2577.13,2577.13,0,-4.54747e-13,-1.76455e-14
BS,RAPS,2050,2141.24,440.653,2581.89,2581.89,0,-4.54747e-13,-1.7613e-14
BS,GRDS,2023,1860,20,1880,1070,810,810,75.7009
BS,GRDS,2024,1900,5,1905,1905,850,-4.54747e-13,-2.38713e-14
BS,GRDS,2025,1927.66,0,1927.66,1910.98,858.54,16.6772,0.872702
BS,GRDS,2026,1955.42,0,1955.42,1917.83,866.822,37.5946,1.96027
BS,GRDS,2027,1967.56,0,1967.56,1926.04,875.759,41.5211,2.15578
BS,GRDS,2028,1979.41,0,1979.41,1934.55,884.443,44.8636,2.31907
BS,GRDS,2029,1990.96,0,1990.96,1943.69,893.011,47.2684,2.43189
BS,GRDS,2030,2002.16,0,2002.16,1953.1,901.349,49.0536,2.51157
BS,GRDS,2031,2012.96,0,2012.96,1960.05,909.575,52.901,2.69895
BS,GRDS,2032,2023.32,0,2023.32,1967.07,918.22,56.2526,2.85972
BS,GRDS,2033,2033.18,0,2033.18,1974.35,926.828,58.8296,2.97969
BS,GRDS,2034,2042.2,0,2042.2,1981.9,935.401,60.2968,3.04237
BS,GRDS,2035,2050.6,0,2050.6,1989.76,944.009,60.8382,3.05757
BS,GRDS,2036,2057.18,0,2057.18,2003.79,952.282,53.3855,2.66422
BS,GRDS,2037,2062.3,0,2062.3,2017.56,960.595,44.7442,2.21774
BS,GRDS,2038,2066.24,0,2066.24,2030.68,968.483,35.5681,1.75154
BS,GRDS,2039,2069.24,0,2069.24,2043.23,975.962,26.0094,1.27295
BS,GRDS,2040,2071.48,0,2071.48,2055.21,982.952,16.2744,0.791862
BS,GRDS,2041,2073.12,0,2073.12,2066.74,989.582,6.37391,0.308404
BS,GRDS,2042,2074.26,3.85356,2078.11,2078.11,996.112,5.45697e-11,2.62592e-12
BS,GRDS,2043,2075.01,13.9321,2088.95,2088.95,1002.14,-9.09495e-13,-4.35384e-14
BS,GRDS,2044,2075.45,23.7949,2099.25,2099.25,1007.68,1.81899e-12,8.66495e-14
BS,GRDS,2045,2075.64,33.2873,2108.93,2108.93,1012.66,-4.54747e-13,-2.15629e-14
BS,GRDS,2046,2075.63,42.3803,2118.01,2118.01,1017.04,-1.81899e-12,-8.58818e-14
BS,GRDS,2047,2075.46,51.0675,2126.53,2126.53,1020.85,-9.09495e-13,-4.2769e-14
BS,GRDS,2048,2075.16,59.2193,2134.38,2134.38,1023.99,4.54747e-13,2.13058e-14
BS,GRDS,2049,2074.76,66.7299,2141.49,2141.49,1026.38,-3.18323e-12,-1.48646e-13
BS,GRDS,2050,2074.28,73.5532,2147.83,2147.83,1027.97,0,0
BS,COTT,2023,561.8,191,752.8,752.8,0,0,0
BS,COTT,2024,616.4,261.8,878.2,878.2,0,0,0
BS,COTT,2025,617.205,188.739,805.943,805.943,0,-2.27374e-13,-2.82121e-14
BS,COTT,2026,617.917,185.43,803.348,803.348,0,4.54747e-13,5.66065e-14
BS,COTT,2027,618.53,182.211,800.742,800.742,0,0,0
BS,COTT,2028,619.032,179.087,798.12,798.12,0,0,0
BS,COTT,2029,619.417,176.108,795.525,795.525,0,2.27374e-13,2.85816e-14
BS,COTT,2030,619.673,173.234,792.907,792.907,0,3.41061e-13,4.30139e-14
BS,COTT,2031,619.787,170.503,790.29,790.29,0,1.13687e-13,1.43855e-14
BS,COTT,2032,619.75,167.95,787.7,787.7,0,1.13687e-13,1.44328e-14
BS,COTT,2033,619.544,165.591,785.135,785.135,0,0,0
BS,COTT,2034,615.991,167.284,783.275,783.275,0,-1.13687e-13,-1.45143e-14
BS,COTT,2035,612.262,169.179,781.441,781.441,0,2.27374e-13,2.90967e-14
BS,COTT,2036,608.524,171.048,779.573,779.573,0,0,0
BS,COTT,2037,604.721,173.549,778.27,778.27,0,2.27374e-13,2.92153e-14
BS,COTT,2038,600.856,176.611,777.467,777.467,0,1.13687e-13,1.46227e-14
BS,COTT,2039,596.933,180.174,777.106,777.106,0,1.13687e-13,1.46295e-14
BS,COTT,2040,592.955,184.176,777.131,777.131,0,1.13687e-13,1.4629e-14
BS,COTT,2041,588.928,188.57,777.498,777.498,0,2.27374e-13,2.92443e-14
BS,COTT,2042,584.853,193.309,778.162,778.162,0,0,0
BS,COTT,2043,580.736,198.354,779.09,779.09,0,2.27374e-13,2.91845e-14
BS,COTT,2044,576.578,203.669,780.247,780.247,0,-2.27374e-13,-2.91412e-14
BS,COTT,2045,572.383,209.219,781.603,781.603,0,1.13687e-13,1.45453e-14
BS,COTT,2046,568.155,214.97,783.125,783.125,0,-1.13687e-13,-1.45171e-14
BS,COTT,2047,563.897,220.891,784.788,784.788,0,0,0
BS,COTT,2048,559.61,226.96,786.57,786.57,0,-1.13687e-13,-1.44535e-14
BS,COTT,2049,555.298,233.149,788.448,788.448,0,1.13687e-13,1.44191e-14
BS,COTT,2050,550.964,239.437,790.401,790.401,0,1.13687e-13,1.43834e-14
BS,SUGC,2023,789,0,789,789,0,0,0
BS,SUGC,2024,882,0,882,882,0,0,0
BS,SUGC,2025,1050.8,0,1050.8,895.23,0,155.567,17.3774
BS,SUGC,2026,1241.72,0,1241.72,908.658,0,333.059,36.6539
BS,SUGC,2027,1455.87,0,1455.87,922.288,0,533.584,57.8544
BS,SUGC,2028,1694.16,0,1694.16,936.123,0,758.041,80.9766
BS,SUGC,2029,1957.28,0,1957.28,950.164,0,1007.11,105.993
BS,SUGC,2030,2245.63,0,2245.63,964.417,0,1281.22,132.849
BS,SUGC,2031,2559.37,0,2559.37,978.883,0,1580.49,161.458
BS,SUGC,2032,2898.37,0,2898.37,993.566,0,1904.8,191.713
BS,SUGC,2033,3262.15,0,3262.15,1008.47,0,2253.68,223.475
BS,SUGC,2034,3649.96,0,3649.96,1023.6,0,2626.36,256.582
BS,SUGC,2035,4060.74,0,4060.74,1038.95,0,3021.79,290.85
BS,SUGC,2036,4425.45,0,4425.45,1054.54,0,3370.92,319.659
BS,SUGC,2037,4742.47,0,4742.47,1070.35,0,3672.11,343.075
BS,SUGC,2038,5013.21,0,5013.21,1086.41,0,3926.8,361.448
BS,SUGC,2039,5241.07,0,5241.07,1102.7,0,4138.36,375.292
BS,SUGC,2040,5430.5,0,5430.5,1119.25,0,4311.25,385.193
BS,SUGC,2041,5586.33,0,5586.33,1136.03,0,4450.3,391.74
BS,SUGC,2042,5713.35,0,5713.35,1153.07,0,4560.28,395.489
BS,SUGC,2043,5816.03,0,5816.03,1170.37,0,4645.66,396.939
BS,SUGC,2044,5898.38,0,5898.38,1187.93,0,4710.46,396.528
BS,SUGC,2045,5963.91,0,5963.91,1205.75,0,4758.16,394.624
BS,SUGC,2046,6015.6,0,6015.6,1223.83,0,4791.77,391.539
BS,SUGC,2047,6056,0,6056,1242.19,0,4813.81,387.527
BS,SUGC,2048,6087.22,0,6087.22,1260.82,0,4826.4,382.798
BS,SUGC,2049,6110.99,0,6110.99,1279.73,0,4831.25,377.52
BS,SUGC,2050,6128.74,0,6128.74,1298.93,0,4829.81,371.83
BS,SUGB,2023,108,0,108,108,0,0,0
BS,SUGB,2024,114,0,114,114,0,0,0
BS,SUGB,2025,114.232,0,114.232,114,0,0.232277,0.203752
BS,SUGB,2026,114.448,0,114.448,114,0,0.447737,0.392752
BS,SUGB,2027,114.645,0,114.645,114,0,0.645003,0.565792
BS,SUGB,2028,114.822,0,114.822,114,0,0.821923,0.720985
BS,SUGB,2029,114.977,0,114.977,114,0,0.977227,0.857217
BS,SUGB,2030,115.109,0,115.109,114,0,1.10884,0.972668
BS,SUGB,2031,115.214,0,115.214,114,0,1.21417,1.06506
BS,SUGB,2032,115.291,0,115.291,114,0,1.29149,1.13288
BS,SUGB,2033,115.337,0,115.337,114,0,1.33743,1.17319
BS,SUGB,2034,115.432,0,115.432,114,0,1.43248,1.25656
BS,SUGB,2035,115.49,0,115.49,114,0,1.49044,1.30741
BS,SUGB,2036,115.548,0,115.548,114,0,1.54844,1.35828
BS,SUGB,2037,115.606,0,115.606,114,0,1.60647,1.40918
BS,SUGB,2038,115.665,0,115.665,114,0,1.66453,1.46011
BS,SUGB,2039,115.723,0,115.723,114,0,1.72261,1.51106
BS,SUGB,2040,115.781,0,115.781,114,0,1.78073,1.56204
BS,SUGB,2041,115.839,0,115.839,114,0,1.83887,1.61304
BS,SUGB,2042,115.897,0,115.897,114,0,1.89704,1.66407
BS,SUGB,2043,115.955,0,115.955,114,0,1.95524,1.71513
BS,SUGB,2044,116.013,0,116.013,114,0,2.01347,1.76621
BS,SUGB,2045,116.072,0,116.072,114,0,2.07174,1.81731
BS,SUGB,2046,116.13,0,116.13,114,0,2.13002,1.86844
BS,SUGB,2047,116.188,0,116.188,114,0,2.18834,1.9196
BS,SUGB,2048,116.247,0,116.247,114,0,2.24669,1.97078
BS,SUGB,2049,116.305,0,116.305,114,0,2.30507,2.02199
BS,SUGB,2050,116.363,0,116.363,114,0,2.36348,2.07323
BS,FRTO,2023,32744.3,365.6,33109.9,33109.9,15628.1,0,0
BS,FRTO,2024,34500,109.86,34609.9,34609.9,16380,0,0
BS,FRTO,2025,34682.7,0,34682.7,34658.6,16418.3,24.0988,0.0695321
BS,FRTO,2026,34862.3,0,34862.3,34694,16444,168.338,0.485209
BS,FRTO,2027,35038.7,0,35038.7,34731.3,16472.1,307.374,0.885006
BS,FRTO,2028,35211.1,0,35211.1,34763.5,16495.7,447.611,1.28759
BS,FRTO,2029,35379.4,0,35379.4,34790.6,16514.8,588.772,1.69233
BS,FRTO,2030,35543,0,35543,34812.5,16529.4,730.501,2.09839
BS,FRTO,2031,35701.1,0,35701.1,34822,16532.5,879.102,2.52456
BS,FRTO,2032,35853.4,0,35853.4,34827.4,16532.1,1026.03,2.94605
BS,FRTO,2033,35999,0,35999,34827.9,16527.6,1171.07,3.36245
BS,FRTO,2034,36163.2,0,36163.2,34829.8,16518.9,1333.42,3.82839
BS,FRTO,2035,36319.4,0,36319.4,34827.2,16506.5,1492.27,4.28479
BS,FRTO,2036,36458.1,0,36458.1,34854.2,16483.6,1603.96,4.6019
BS,FRTO,2037,36582.7,0,36582.7,34874.5,16457.8,1708.21,4.89818
BS,FRTO,2038,36696,0,36696,34888.4,16428.4,1807.68,5.18134
BS,FRTO,2039,36800.3,0,36800.3,34896.8,16396,1903.53,5.45474
BS,FRTO,2040,36897.3,0,36897.3,34899,16359.5,1998.31,5.72599
BS,FRTO,2041,36988.5,0,36988.5,34890.5,16313.9,2097.96,6.01299
BS,FRTO,2042,37075,0,37075,34877.2,16265,2197.81,6.30156
BS,FRTO,2043,37157.9,0,37157.9,34858.9,16212.1,2298.97,6.59507
BS,FRTO,2044,37237.8,0,37237.8,34836,16155.6,2401.86,6.89477
BS,FRTO,2045,37315.4,0,37315.4,34807.8,16094.7,2507.6,7.20412
BS,FRTO,2046,37391.2,0,37391.2,34772.1,16027,2619.09,7.53215
BS,FRTO,2047,37465.5,0,37465.5,34729.9,15953.5,2735.63,7.87687
BS,FRTO,2048,37538.6,0,37538.6,34681.4,15874.2,2857.28,8.23867
BS,FRTO,2049,37610.9,0,37610.9,34625.5,15788.3,2985.39,8.62195
BS,FRTO,2050,37682.5,0,37682.5,34562.1,15695.3,3120.37,9.02829
BS,VEGT,2023,82868.1,0,82868.1,81577.7,19187.1,1290.41,1.58182
BS,VEGT,2024,83696.8,0,83696.8,82264,20415.5,1432.82,1.74174
BS,VEGT,2025,84308.9,0,84308.9,82628.8,20406.9,1680.06,2.03326
BS,VEGT,2026,84861.6,0,84861.6,82980,20395.1,1881.66,2.26761
BS,VEGT,2027,85356.2,0,85356.2,83322,20386.8,2034.22,2.4414
BS,VEGT,2028,85792.8,0,85792.8,83643.4,20374,2149.33,2.56964
BS,VEGT,2029,86172.1,0,86172.1,83944,20356.4,2228.06,2.65423
BS,VEGT,2030,86493.9,0,86493.9,84218.7,20334.3,2275.26,2.70161
BS,VEGT,2031,86757.1,0,86757.1,84466.2,20307.8,2290.92,2.71223
BS,VEGT,2032,86961.4,0,86961.4,84687.8,20278.2,2273.61,2.6847
BS,VEGT,2033,87104.2,0,87104.2,84880,20245.1,2224.16,2.62035
BS,VEGT,2034,87184,0,87184,85041.2,20208.2,2142.75,2.51966
BS,VEGT,2035,87198.2,0,87198.2,85170.6,20168.4,2027.6,2.38063
BS,VEGT,2036,87130.6,0,87130.6,85263,20122.7,1867.6,2.1904
BS,VEGT,2037,86997.5,0,86997.5,85316.1,20073.3,1681.46,1.97086
BS,VEGT,2038,86812.4,0,86812.4,85335.9,20019.7,1476.47,1.73019
BS,VEGT,2039,86586,0,86586,85328.6,19962.4,1257.36,1.47355
BS,VEGT,2040,86326.9,0,86326.9,85296.8,19900.2,1030.07,1.20763
BS,VEGT,2041,86042,0,86042,85244.4,19833.4,797.648,0.935719
BS,VEGT,2042,85736.9,0,85736.9,85174.3,19762.5,562.604,0.660532
BS,VEGT,2043,85416.1,0,85416.1,85088.4,19686.9,327.659,0.385081
BS,VEGT,2044,85083,0,85083,84988.5,19606.9,94.45,0.111133
BS,VEGT,2045,84740.5,134.668,84875.1,84875.1,19521.7,-1.45519e-11,-1.71451e-14
BS,VEGT,2046,84390.8,356.964,84747.8,84747.8,19429.9,0,0
BS,VEGT,2047,84035.8,570.924,84606.7,84606.7,19331.2,0,0
BS,VEGT,2048,83676.8,776.001,84452.8,84452.8,19225.6,0,0
BS,VEGT,2049,83315.1,970.038,84285.2,84285.2,19111.9,-1.16415e-10,-1.38121e-13
BS,VEGT,2050,82951.5,1152.16,84103.7,84103.7,18989.8,-1.45519e-11,-1.73023e-14
BS,OTGR,2023,3739.7,384.9,4124.6,4124.6,217.92,6.36646e-12,1.54353e-13
BS,OTGR,2024,3815.6,192.67,4008.27,4008.27,164.532,1.36424e-12,3.40357e-14
BS,OTGR,2025,3816.35,200.901,4017.25,4017.25,163.681,-4.54747e-13,-1.13199e-14
BS,OTGR,2026,3817.1,211.645,4028.74,4028.74,162.988,-4.54747e-13,-1.12876e-14
BS,OTGR,2027,3817.85,223.803,4041.65,4041.65,162.327,9.09495e-13,2.2503e-14
BS,OTGR,2028,3818.6,236.938,4055.54,4055.54,161.628,1.81899e-12,4.4852e-14
BS,OTGR,2029,3819.35,251.605,4070.95,4070.95,160.89,9.09495e-13,2.23411e-14
BS,OTGR,2030,3820.1,267.132,4087.23,4087.23,160.113,0,0
BS,OTGR,2031,3820.85,276.856,4097.7,4097.7,159.44,7.27596e-12,1.77562e-13
BS,OTGR,2032,3821.6,285.357,4106.96,4106.96,158.746,-2.72848e-12,-6.64357e-14
BS,OTGR,2033,3822.35,294.426,4116.78,4116.78,158.022,-1.81899e-12,-4.41848e-14
BS,OTGR,2034,3825.85,301.355,4127.21,4127.21,157.266,0,0
BS,OTGR,2035,3829.36,308.807,4138.16,4138.16,156.486,1.81899e-12,4.39564e-14
BS,OTGR,2036,3832.86,315.93,4148.79,4148.79,155.792,-9.09495e-13,-2.19219e-14
BS,OTGR,2037,3836.38,322.168,4158.54,4158.54,155.074,-9.09495e-13,-2.18705e-14
BS,OTGR,2038,3839.89,327.739,4167.63,4167.63,154.323,0,0
BS,OTGR,2039,3843.41,332.791,4176.2,4176.2,153.544,1.81899e-12,4.35561e-14
BS,OTGR,2040,3846.93,337.45,4184.38,4184.38,152.726,0,0
BS,OTGR,2041,3850.46,341.838,4192.29,4192.29,151.974,-9.09495e-13,-2.16944e-14
BS,OTGR,2042,3853.98,345.908,4199.89,4199.89,151.193,-1.81899e-12,-4.33104e-14
BS,OTGR,2043,3857.51,349.692,4207.21,4207.21,150.376,0,0
BS,OTGR,2044,3861.05,353.224,4214.27,4214.27,149.525,0,0
BS,OTGR,2045,3864.59,356.395,4220.98,4220.98,148.634,1.81899e-12,4.3094e-14
BS,OTGR,2046,3868.13,359.363,4227.49,4227.49,147.718,-9.09495e-13,-2.15138e-14
BS,OTGR,2047,3871.67,362.11,4233.78,4233.78,146.751,1.81899e-12,4.29637e-14
BS,OTGR,2048,3875.22,364.648,4239.87,4239.87,145.731,0,0
BS,OTGR,2049,3878.77,366.967,4245.74,4245.74,144.65,0,0
BS,OTGR,2050,3882.32,369.069,4251.39,4251.39,143.506,-1.81899e-12,-4.27857e-14
BS,SORG,2023,318,485.8,803.8,803.8,67,-1.13687e-13,-1.41437e-14
BS,SORG,2024,314,865.5,1179.5,1179.5,65,0,0
BS,SORG,2025,314.35,864.949,1179.3,1179.3,64.656,-4.54747e-13,-3.85608e-14
BS,SORG,2026,314.624,865.124,1179.75,1179.75,64.3802,-4.54747e-13,-3.85462e-14
BS,SORG,2027,314.821,865.719,1180.54,1180.54,64.1247,9.09495e-13,7.70405e-14
BS,SORG,2028,314.94,866.613,1181.55,1181.55,63.8615,0,0
BS,SORG,2029,314.977,867.95,1182.93,1182.93,63.5915,-2.27374e-13,-1.92213e-14
BS,SORG,2030,314.931,869.558,1184.49,1184.49,63.3152,0,0
BS,SORG,2031,314.795,869.716,1184.51,1184.51,63.0888,2.27374e-12,1.91956e-13
BS,SORG,2032,314.568,869.605,1184.17,1184.17,62.8643,4.54747e-13,3.84021e-14
BS,SORG,2033,314.242,869.695,1183.94,1183.94,62.6393,-6.82121e-13,-5.76146e-14
BS,SORG,2034,313.812,869.987,1183.8,1183.8,62.414,6.82121e-13,5.76213e-14
BS,SORG,2035,313.271,870.476,1183.75,1183.75,62.1922,-2.27374e-13,-1.9208e-14
BS,SORG,2036,312.633,871.168,1183.8,1183.8,62.0032,-4.54747e-13,-3.84142e-14
BS,SORG,2037,311.996,871.837,1183.83,1183.83,61.804,-4.54747e-13,-3.84132e-14
BS,SORG,2038,311.36,872.514,1183.87,1183.87,61.591,2.27374e-13,1.92059e-14
BS,SORG,2039,310.725,873.219,1183.94,1183.94,61.366,-6.82121e-13,-5.76143e-14
BS,SORG,2040,310.092,873.968,1184.06,1184.06,61.1248,2.27374e-13,1.92029e-14
BS,SORG,2041,309.46,874.792,1184.25,1184.25,60.9087,6.82121e-13,5.75993e-14
BS,SORG,2042,308.83,875.651,1184.48,1184.48,60.6802,2.27374e-13,1.91961e-14
BS,SORG,2043,308.2,876.542,1184.74,1184.74,60.4365,2.27374e-13,1.91918e-14
BS,SORG,2044,307.572,877.463,1185.04,1185.04,60.1781,4.54747e-13,3.83742e-14
BS,SORG,2045,306.945,878.376,1185.32,1185.32,59.9028,-4.54747e-13,-3.83649e-14
BS,SORG,2046,306.32,879.316,1185.64,1185.64,59.6169,-9.09495e-13,-7.67094e-14
BS,SORG,2047,305.696,880.268,1185.96,1185.96,59.3088,4.54747e-13,3.83441e-14
BS,SORG,2048,305.073,881.229,1186.3,1186.3,58.9788,2.27374e-13,1.91666e-14
BS,SORG,2049,304.451,882.188,1186.64,1186.64,58.6228,-9.09495e-13,-7.66446e-14
BS,SORG,2050,303.83,883.142,1186.97,1186.97,58.24,0,0
BS,BARL,2023,200,1589.8,1789.8,1640,90.2,149.8,9.13415
BS,BARL,2024,200,1424,1624,1624,89.32,0,0
BS,BARL,2025,200.234,1417.72,1617.95,1617.95,88.8137,2.27374e-13,1.40532e-14
BS,BARL,2026,200.421,1411.92,1612.34,1612.34,88.4042,-6.82121e-13,-4.23064e-14
BS,BARL,2027,200.558,1406.4,1606.96,1606.96,88.0132,9.09495e-13,5.65973e-14
BS,BARL,2028,200.645,1401.07,1601.71,1601.71,87.6013,2.27374e-13,1.41956e-14
BS,BARL,2029,200.681,1396.07,1596.75,1596.75,87.1692,2.27374e-13,1.42398e-14
BS,BARL,2030,200.663,1391.23,1591.89,1591.89,86.7171,2.27374e-13,1.42833e-14
BS,BARL,2031,200.589,1385.57,1586.16,1586.16,86.33,1.59162e-12,1.00344e-13
BS,BARL,2032,200.456,1379.82,1580.27,1580.27,85.9322,4.54747e-13,2.87765e-14
BS,BARL,2033,200.26,1374.25,1574.51,1574.51,85.5191,2.27374e-13,1.44409e-14
BS,BARL,2034,200.055,1368.84,1568.89,1568.89,85.09,4.54747e-13,2.89852e-14
BS,BARL,2035,199.779,1363.63,1563.41,1563.41,84.6489,-6.82121e-13,-4.36303e-14
BS,BARL,2036,199.441,1359.4,1558.84,1558.84,84.2617,-2.27374e-13,-1.45861e-14
BS,BARL,2037,199.103,1355.85,1554.95,1554.95,83.8614,-2.27374e-13,-1.46226e-14
BS,BARL,2038,198.766,1352.9,1551.67,1551.67,83.4431,0,0
BS,BARL,2039,198.43,1350.5,1548.93,1548.93,83.0095,0,0
BS,BARL,2040,198.094,1348.59,1546.68,1546.68,82.5549,0,0
BS,BARL,2041,197.759,1347.16,1544.92,1544.92,82.142,4.54747e-13,2.9435e-14
BS,BARL,2042,197.424,1346.1,1543.53,1543.53,81.7135,-2.27374e-13,-1.47308e-14
BS,BARL,2043,197.09,1345.36,1542.45,1542.45,81.2653,0,0
BS,BARL,2044,196.756,1344.91,1541.67,1541.67,80.7984,2.27374e-13,1.47486e-14
BS,BARL,2045,196.423,1344.67,1541.09,1541.09,80.3097,-2.27374e-13,-1.47541e-14
BS,BARL,2046,196.091,1344.63,1540.72,1540.72,79.8099,2.27374e-13,1.47576e-14
BS,BARL,2047,195.759,1344.75,1540.51,1540.51,79.2815,-2.27374e-13,-1.47596e-14
BS,BARL,2048,195.428,1345,1540.42,1540.42,78.7251,-4.54747e-13,-2.95209e-14
BS,BARL,2049,195.097,1345.33,1540.42,1540.42,78.1353,4.54747e-13,2.95209e-14
BS,BARL,2050,194.767,1345.72,1540.49,1540.49,77.5111,0,0
BS,PIGM,2023,5794,152.32,5946.32,5946.32,4546.55,9.09495e-13,1.52951e-14
BS,PIGM,2024,5706,104.23,5810.23,5810.23,4444.17,0,0
BS,PIGM,2025,5731.07,117.392,5848.47,5848.47,4470.76,-1.81899e-12,-3.1102e-14
BS,PIGM,2026,5701.77,181.169,5882.94,5882.94,4496.48,2.72848e-12,4.63796e-14
BS,PIGM,2027,5675.42,237.145,5912.57,5912.57,4523.9,0,0
BS,PIGM,2028,5651.73,288.821,5940.55,5940.55,4549.67,9.09495e-13,1.53099e-14
BS,PIGM,2029,5630.44,336.899,5967.34,5967.34,4574.12,-9.09495e-13,-1.52412e-14
BS,PIGM,2030,5611.32,381.127,5992.45,5992.45,4596.95,9.09495e-13,1.51774e-14
BS,PIGM,2031,5601.57,415.499,6017.07,6017.07,4618.93,0,0
BS,PIGM,2032,5586.72,454.829,6041.55,6041.55,4641.05,0,0
BS,PIGM,2033,5573.62,491.302,6064.92,6064.92,4662.01,0,0
BS,PIGM,2034,5562.14,524.97,6087.11,6087.11,4681.74,2.72848e-12,4.4824e-14
BS,PIGM,2035,5552.18,556.172,6108.35,6108.35,4700.47,-1.81899e-12,-2.97787e-14
BS,PIGM,2036,5543.15,591.713,6134.86,6134.86,4718.07,9.09495e-13,1.4825e-14
BS,PIGM,2037,5535.76,625.045,6160.81,6160.81,4735.18,2.72848e-12,4.42878e-14
BS,PIGM,2038,5529.69,655.246,6184.93,6184.93,4750.56,9.09495e-13,1.4705e-14
BS,PIGM,2039,5524.66,682.694,6207.35,6207.35,4764.33,-9.09495e-13,-1.46519e-14
BS,PIGM,2040,5520.47,707.213,6227.68,6227.68,4776.12,0,0
BS,PIGM,2041,5516.94,729.779,6246.72,6246.72,4786.76,-9.09495e-13,-1.45596e-14
BS,PIGM,2042,5513.95,750.774,6264.72,6264.72,4796.51,0,0
BS,PIGM,2043,5511.38,769.271,6280.65,6280.65,4804.34,-1.81899e-12,-2.89618e-14
BS,PIGM,2044,5509.14,785.371,6294.52,6294.52,4810.27,-9.09495e-13,-1.4449e-14
BS,PIGM,2045,5507.18,798.919,6306.1,6306.1,4814.1,2.72848e-12,4.32674e-14
BS,PIGM,2046,5505.43,809.811,6315.24,6315.24,4815.68,2.72848e-12,4.32047e-14
BS,PIGM,2047,5503.85,817.975,6321.83,6321.83,4814.91,-9.09495e-13,-1.43866e-14
BS,PIGM,2048,5502.41,823.226,6325.64,6325.64,4811.56,-9.09495e-13,-1.43779e-14
BS,PIGM,2049,5501.08,825.216,6326.29,6326.29,4805.29,2.72848e-12,4.31293e-14
BS,PIGM,2050,5499.83,823.861,6323.69,6323.69,4795.99,-9.09495e-13,-1.43823e-14
BS,CATM,2023,753,273.73,1026.73,1026.73,925.67,0,0
BS,CATM,2024,779,287.41,1066.41,1066.41,954.39,0,0
BS,CATM,2025,747.119,326.387,1073.51,1073.51,966.071,4.54747e-13,4.2361e-14
BS,CATM,2026,752.254,332.363,1084.62,1084.62,976.443,0,0
BS,CATM,2027,757.094,339.358,1096.45,1096.45,987.582,0,0
BS,CATM,2028,761.998,345.985,1107.98,1107.98,998.408,0,0
BS,CATM,2029,770.967,348.985,1119.95,1119.95,1009.09,4.54747e-13,4.06042e-14
BS,CATM,2030,780.079,351.578,1131.66,1131.66,1019.48,2.27374e-13,2.00921e-14
BS,CATM,2031,789.342,353.19,1142.53,1142.53,1029.02,-4.54747e-13,-3.98017e-14
BS,CATM,2032,798.761,355.178,1153.94,1153.94,1039.08,-2.27374e-13,-1.97041e-14
BS,CATM,2033,808.344,356.988,1165.33,1165.33,1049.09,6.82121e-13,5.85344e-14
BS,CATM,2034,818.099,358.62,1176.72,1176.72,1059.08,4.54747e-13,3.86454e-14
BS,CATM,2035,828.035,360.153,1188.19,1188.19,1069.12,1.13687e-12,9.56808e-14
BS,CATM,2036,837.401,361.111,1198.51,1198.51,1078.09,4.54747e-13,3.79427e-14
BS,CATM,2037,846.873,361.985,1208.86,1208.86,1087.08,2.27374e-13,1.8809e-14
BS,CATM,2038,856.451,362.223,1218.67,1218.67,1095.52,2.27374e-13,1.86575e-14
BS,CATM,2039,866.137,361.843,1227.98,1227.98,1103.43,-2.27374e-13,-1.85161e-14
BS,CATM,2040,875.932,360.752,1236.68,1236.68,1110.73,0,0
BS,CATM,2041,885.837,358.61,1244.45,1244.45,1117.06,6.82121e-13,5.48132e-14
BS,CATM,2042,895.854,356.217,1252.07,1252.07,1123.25,2.27374e-13,1.81598e-14
BS,CATM,2043,905.984,353.109,1259.09,1259.09,1128.81,6.82121e-13,5.41756e-14
BS,CATM,2044,916.228,349.285,1265.51,1265.51,1133.76,2.27374e-13,1.79669e-14
BS,CATM,2045,926.587,344.685,1271.27,1271.27,1138.03,0,0
BS,CATM,2046,937.063,339.139,1276.2,1276.2,1141.45,-2.27374e-13,-1.78164e-14
BS,CATM,2047,947.656,332.806,1280.46,1280.46,1144.19,-2.27374e-13,-1.77572e-14
BS,CATM,2048,958.369,325.569,1283.94,1283.94,1146.12,-6.82121e-13,-5.31272e-14
BS,CATM,2049,969.203,317.336,1286.54,1286.54,1147.17,-2.27374e-13,-1.76733e-14
BS,CATM,2050,980.159,308.078,1288.24,1288.24,1147.29,6.82121e-13,5.295e-14
BS,SHGM,2023,531,43.24,574.24,574.24,501.279,0,0
BS,SHGM,2024,518,36.53,554.53,554.53,495.466,0,0
BS,SHGM,2025,520.85,39.9543,560.805,560.805,501.416,2.27374e-13,4.05442e-14
BS,SHGM,2026,523.723,42.9062,566.629,566.629,506.912,-2.27374e-13,-4.01274e-14
BS,SHGM,2027,526.619,46.2485,572.867,572.867,512.82,-4.54747e-13,-7.93809e-14
BS,SHGM,2028,529.538,49.4517,578.99,578.99,518.61,-4.54747e-13,-7.85415e-14
BS,SHGM,2029,532.248,52.8017,585.05,585.05,524.361,-2.27374e-13,-3.8864e-14
BS,SHGM,2030,534.766,56.2072,590.974,590.974,529.998,1.13687e-13,1.92372e-14
BS,SHGM,2031,537.111,59.4628,596.574,596.574,535.331,-5.68434e-13,-9.52831e-14
BS,SHGM,2032,539.298,63.1322,602.43,602.43,540.937,-2.27374e-13,-3.77428e-14
BS,SHGM,2033,541.342,66.9255,608.267,608.267,546.541,4.54747e-13,7.47611e-14
BS,SHGM,2034,543.257,70.833,614.09,614.09,552.146,6.82121e-13,1.11078e-13
BS,SHGM,2035,545.057,74.8859,619.943,619.943,557.794,-2.27374e-13,-3.66765e-14
BS,SHGM,2036,547.063,78.3265,625.389,625.389,563.011,-2.27374e-13,-3.63571e-14
BS,SHGM,2037,548.95,81.9133,630.864,630.864,568.27,1.13687e-13,1.80208e-14
BS,SHGM,2038,550.731,85.3614,636.093,636.093,573.296,1.13687e-13,1.78727e-14
BS,SHGM,2039,552.416,88.6719,641.087,641.087,578.099,0,0
BS,SHGM,2040,554.271,91.5591,645.83,645.83,582.63,1.13687e-13,1.76032e-14
BS,SHGM,2041,556.023,94.1218,650.145,650.145,586.745,4.54747e-13,6.99455e-14
BS,SHGM,2042,557.682,96.7212,654.404,654.404,590.815,1.13687e-13,1.73726e-14
BS,SHGM,2043,559.258,99.115,658.373,658.373,594.604,1.13687e-13,1.72679e-14
BS,SHGM,2044,560.757,101.294,662.051,662.051,598.112,0,0
BS,SHGM,2045,561.536,103.799,665.335,665.335,601.307,1.13687e-13,1.70872e-14
BS,SHGM,2046,562.316,105.902,668.218,668.218,604.101,1.13687e-13,1.70134e-14
BS,SHGM,2047,563.097,107.68,670.777,670.777,606.57,0,0
BS,SHGM,2048,563.879,109.071,672.95,672.95,608.654,2.27374e-13,3.37876e-14
BS,SHGM,2049,564.662,110.025,674.687,674.687,610.302,5.68434e-13,8.42515e-14
BS,SHGM,2050,565.446,110.525,675.971,675.971,611.496,0,0
BS,CHKM,2023,2609.25,74.7687,2684.02,2684.02,2423.09,9.09495e-13,3.38856e-14
BS,CHKM,2024,2637.39,20.6355,2658.03,2658.03,2394.29,-9.09495e-13,-3.42169e-14
BS,CHKM,2025,2727.89,0,2727.89,2693.58,2420.79,34.3087,1.27372
BS,CHKM,2026,2733.34,0,2733.34,2718.87,2445.54,14.4623,0.531924
BS,CHKM,2027,2741.5,4.81994,2746.32,2746.32,2472.17,-2.37969e-09,-8.66504e-11
BS,CHKM,2028,2749.8,23.5639,2773.36,2773.36,2498.38,1.36424e-12,4.91909e-14
BS,CHKM,2029,2758.25,42.089,2800.33,2800.33,2524.51,1.36424e-12,4.87171e-14
BS,CHKM,2030,2766.85,60.0775,2826.93,2826.93,2550.25,1.81899e-12,6.4345e-14
BS,CHKM,2031,2775.64,76.7439,2852.38,2852.38,2574.82,-4.63842e-11,-1.62616e-12
BS,CHKM,2032,2784.61,94.4913,2879.1,2879.1,2600.64,9.09495e-13,3.15895e-14
BS,CHKM,2033,2793.79,112.167,2905.96,2905.96,2626.58,-4.54747e-13,-1.56488e-14
BS,CHKM,2034,2803.2,129.783,2932.98,2932.98,2652.66,-4.09273e-12,-1.39542e-13
BS,CHKM,2035,2812.85,147.531,2960.38,2960.38,2679.09,2.72848e-12,9.21668e-14
BS,CHKM,2036,2831.01,154.79,2985.8,2985.8,2702.7,8.18545e-12,2.74146e-13
BS,CHKM,2037,2847.25,163.92,3011.17,3011.17,2726.45,0,0
BS,CHKM,2038,2862.56,172.896,3035.46,3035.46,2749.2,1.36424e-12,4.49435e-14
BS,CHKM,2039,2877.44,181.323,3058.76,3058.76,2771.02,4.09273e-12,1.33803e-13
BS,CHKM,2040,2892.14,188.748,3080.89,3080.89,2791.67,-9.09495e-13,-2.95206e-14
BS,CHKM,2041,2906.78,194.402,3101.18,3101.18,2810.5,0,0
BS,CHKM,2042,2921.42,199.814,3121.23,3121.23,2829.09,1.81899e-12,5.82779e-14
BS,CHKM,2043,2936.1,203.985,3140.09,3140.09,2846.48,-4.54747e-13,-1.4482e-14
BS,CHKM,2044,2950.84,206.898,3157.74,3157.74,2862.66,2.27374e-12,7.20052e-14
BS,CHKM,2045,2965.65,208.4,3174.04,3174.04,2877.48,-4.54747e-12,-1.43271e-13
BS,CHKM,2046,2980.51,208.068,3188.58,3188.58,2890.53,3.18323e-12,9.98322e-14
BS,CHKM,2047,2995.45,206.224,3201.68,3201.68,2902.13,9.09495e-13,2.84068e-14
BS,CHKM,2048,3010.46,202.619,3213.08,3213.08,2912.04,3.18323e-12,9.90709e-14
BS,CHKM,2049,3025.55,197.014,3222.56,3222.56,2920.01,1.36424e-12,4.23341e-14
BS,CHKM,2050,3040.7,189.323,3230.03,3230.03,2925.96,3.63798e-12,1.1263e-13
BS,EGGS,2023,3028.55,0,3028.55,3011.87,2383.06,16.68,0.553809
BS,EGGS,2024,3049.8,0,3049.8,3031.91,2386.64,17.8911,0.590095
BS,EGGS,2025,3064.17,0,3064.17,3044.2,2389.85,19.9705,0.656019
BS,EGGS,2026,3076.52,0,3076.52,3055.5,2392.17,21.0235,0.688056
BS,EGGS,2027,3087.18,0,3087.18,3067.19,2394.9,19.9921,0.651807
BS,EGGS,2028,3096.41,0,3096.41,3078.19,2396.96,18.2217,0.591961
BS,EGGS,2029,3104.45,0,3104.45,3088.6,2398.35,15.8562,0.513378
BS,EGGS,2030,3111.51,0,3111.51,3098.35,2399.09,13.1643,0.424882
BS,EGGS,2031,3117.77,0,3117.77,3107.27,2398.96,10.5046,0.338064
BS,EGGS,2032,3123.39,0,3123.39,3115.89,2398.45,7.49603,0.240574
BS,EGGS,2033,3128.5,0,3128.5,3124.07,2397.41,4.4207,0.141504
BS,EGGS,2034,3133.22,0,3133.22,3131.81,2395.82,1.41612,0.0452172
BS,EGGS,2035,3137.68,1.53372,3139.21,3139.21,2393.78,3.36513e-11,1.07197e-12
BS,EGGS,2036,3122.82,26.981,3149.81,3149.81,2395.68,1.86446e-11,5.9193e-13
BS,EGGS,2037,3107.57,51.9676,3159.54,3159.54,2397.13,4.54747e-12,1.43928e-13
BS,EGGS,2038,3092.02,76.2703,3168.29,3168.29,2397.97,4.09273e-12,1.29178e-13
BS,EGGS,2039,3076.25,99.9074,3176.16,3176.16,2398.28,0,0
BS,EGGS,2040,3060.33,122.659,3182.99,3182.99,2397.88,-4.54747e-13,-1.42868e-14
BS,EGGS,2041,3044.31,144.417,3188.72,3188.72,2396.7,4.54747e-13,1.42611e-14
BS,EGGS,2042,3028.21,165.396,3193.61,3193.61,2394.98,-4.54747e-13,-1.42393e-14
BS,EGGS,2043,3012.09,185.461,3197.55,3197.55,2392.58,-4.54747e-13,-1.42218e-14
BS,EGGS,2044,2995.95,204.622,3200.57,3200.57,2389.54,2.27374e-12,7.10415e-14
BS,EGGS,2045,2979.83,222.77,3202.6,3202.6,2385.76,1.36424e-12,4.2598e-14
BS,EGGS,2046,2963.73,239.697,3203.43,3203.43,2381.03,1.81899e-12,5.67826e-14
BS,EGGS,2047,2947.67,255.384,3203.06,3203.06,2375.34,-1.81899e-12,-5.67892e-14
BS,EGGS,2048,2931.66,269.837,3201.5,3201.5,2368.7,-2.27374e-12,-7.10209e-14
BS,EGGS,2049,2915.71,282.88,3198.59,3198.59,2360.93,9.09495e-13,2.84342e-14
BS,EGGS,2050,2899.82,294.471,3194.29,3194.29,2352,-1.36424e-12,-4.27087e-14
BS,MILK,2023,4197,1694.13,5891.13,5891.13,5223.43,-9.09495e-13,-1.54384e-14
BS,MILK,2024,4079,1555.36,5634.36,5634.36,4998.61,0,0
BS,MILK,2025,3962.98,1702.51,5665.49,5665.49,5047.82,-2.72848e-12,-4.81598e-14
BS,MILK,2026,4076.9,1653.89,5730.79,5730.79,5095.37,3.63798e-12,6.34813e-14
BS,MILK,2027,4194.25,1605.69,5799.94,5799.94,5146.23,0,0
BS,MILK,2028,4315.16,1552.82,5867.98,5867.98,5195.43,-9.09495e-13,-1.54993e-14
BS,MILK,2029,4439.77,1495.88,5935.64,5935.64,5243.67,-4.54747e-12,-7.6613e-14
BS,MILK,2030,4568.19,1434.26,6002.45,6002.45,5290.46,-3.63798e-12,-6.06083e-14
BS,MILK,2031,4613.62,1442,6055.62,6055.62,5336.55,2.72848e-12,4.5057e-14
BS,MILK,2032,4659.77,1451.07,6110.84,6110.84,5384.58,-9.09495e-13,-1.48833e-14
BS,MILK,2033,4706.69,1459.15,6165.83,6165.83,5432.26,1.81899e-12,2.95011e-14
BS,MILK,2034,4754.41,1466.18,6220.58,6220.58,5479.57,-3.63798e-12,-5.84829e-14
BS,MILK,2035,4802.98,1472.55,6275.53,6275.53,5526.95,9.09495e-13,1.44927e-14
BS,MILK,2036,4843.47,1481.89,6325.36,6325.36,5570.47,-1.81899e-12,-2.87571e-14
BS,MILK,2037,4876.93,1496.95,6373.88,6373.88,5613.77,-9.09495e-13,-1.42691e-14
BS,MILK,2038,4904.66,1514.23,6418.9,6418.9,5654.47,9.09495e-13,1.4169e-14
BS,MILK,2039,4927.77,1532.94,6460.7,6460.7,5692.67,9.09495e-13,1.40773e-14
BS,MILK,2040,4947.13,1551.84,6498.97,6498.97,5727.92,-1.81899e-12,-2.79889e-14
BS,MILK,2041,4963.49,1571.42,6534.91,6534.91,5761.31,-4.54747e-12,-6.95874e-14
BS,MILK,2042,4977.41,1592.13,6569.55,6569.55,5793.78,-4.54747e-12,-6.92205e-14
BS,MILK,2043,4989.39,1611.56,6600.94,6600.94,5823.31,-9.09495e-13,-1.37783e-14
BS,MILK,2044,4999.79,1629.36,6629.15,6629.15,5849.9,-3.63798e-12,-5.48785e-14
BS,MILK,2045,5008.94,1645,6653.94,6653.94,5873.26,0,0
BS,MILK,2046,5017.08,1658.13,6675.21,6675.21,5893.26,-3.63798e-12,-5.44998e-14
BS,MILK,2047,5024.41,1668.57,6692.98,6692.98,5909.88,-2.72848e-12,-4.07664e-14
BS,MILK,2048,5031.09,1675.67,6706.77,6706.77,5922.63,-6.36646e-12,-9.4926e-14
BS,MILK,2049,5037.26,1678.86,6716.12,6716.12,5931.02,-5.45697e-12,-8.12518e-14
BS,MILK,2050,5043,1677.9,6720.9,6720.9,5934.91,0,0
BS,FISH,2023,7116.2,296,7412.2,7412.2,3132.04,0,0
BS,FISH,2024,7366,269,7635,7635,3204.13,0,0
BS,FISH,2025,7453.32,271.804,7725.12,7725.12,3229.27,0,0
BS,FISH,2026,7540.81,271.31,7812.12,7812.12,3250.97,9.09495e-13,1.16421e-14
BS,FISH,2027,7628.49,272.503,7900.99,7900.99,3273.97,1.81899e-12,2.30223e-14
BS,FISH,2028,7716.36,273.967,7990.33,7990.33,3296.81,0,0
BS,FISH,2029,7804.43,276.184,8080.61,8080.61,3319.57,-5.45697e-12,-6.75316e-14
BS,FISH,2030,7892.71,278.717,8171.42,8171.42,3342.32,-2.72848e-12,-3.33906e-14
BS,FISH,2031,7981.22,279.4,8260.62,8260.62,3362.72,0,0
BS,FISH,2032,8069.98,281.424,8351.4,8351.4,3383.68,0,0
BS,FISH,2033,8159,284.609,8443.61,8443.61,3405.1,0,0
BS,FISH,2034,8248.33,289.044,8537.37,8537.37,3427.05,-3.63798e-12,-4.26124e-14
BS,FISH,2035,8333.86,298.569,8632.43,8632.43,3449.81,7.27596e-12,8.42863e-14
BS,FISH,2036,8405.51,328.712,8734.22,8734.22,3468.17,5.45697e-12,6.2478e-14
BS,FISH,2037,8461.78,371.858,8833.64,8833.64,3485.93,0,0
BS,FISH,2038,8505.54,425.307,8930.85,8930.85,3502.84,-1.81899e-12,-2.03675e-14
BS,FISH,2039,8539.17,487.136,9026.3,9026.3,3518.99,5.45697e-12,6.04563e-14
BS,FISH,2040,8564.61,555.379,9119.99,9119.99,3534.13,0,0
BS,FISH,2041,8583.44,626.96,9210.4,9210.4,3546.52,0,0
BS,FISH,2042,8596.97,702.703,9299.67,9299.67,3558.12,-5.45697e-12,-5.86792e-14
BS,FISH,2043,8606.22,781.497,9387.72,9387.72,3568.72,3.63798e-12,3.87525e-14
BS,FISH,2044,8612.05,862.626,9474.67,9474.67,3578.35,0,0
BS,FISH,2045,8615.13,945.311,9560.44,9560.44,3586.84,3.63798e-12,3.80524e-14
BS,FISH,2046,8616.01,1028.29,9644.3,9644.3,3593.44,-1.81899e-12,-1.88608e-14
BS,FISH,2047,8615.13,1111.53,9726.66,9726.66,3598.57,1.81899e-12,1.87011e-14
BS,FISH,2048,8612.83,1194.71,9807.55,9807.55,3602.19,1.81899e-12,1.85468e-14
BS,FISH,2049,8609.42,1277.24,9886.66,9886.66,3604.05,1.81899e-12,1.83984e-14
BS,FISH,2050,8605.1,1358.81,9963.9,9963.9,3604.04,1.81899e-12,1.82558e-14
A1,RICE,2023,20660.3,100.6,20760.9,20760.9,15799.6,3.63798e-12,1.75232e-14
A1,RICE,2024,20753.5,78.57,20832.1,20832.1,15650,0,0
A1,RICE,2025,20794.1,134.154,20928.3,20928.3,15444.2,3.63798e-12,1.73831e-14
A1,RICE,2026,20834.1,196.552,21030.6,21030.6,15259.6,-3.63798e-12,-1.72985e-14
A1,RICE,2027,20873.2,229.149,21102.4,21102.4,15078.6,0,0
A1,RICE,2028,20911.5,245.226,21156.7,21156.7,14897.8,0,0
A1,RICE,2029,20948.9,264.76,21213.6,21213.6,14716.3,7.27596e-12,3.42985e-14
A1,RICE,2030,20985.2,289.295,21274.5,21274.5,14534.6,-3.63798e-12,-1.71002e-14
A1,RICE,2031,21004.7,294.157,21298.8,21298.8,14365.8,7.27596e-12,3.41613e-14
A1,RICE,2032,21022.9,263.903,21286.8,21286.8,14195.2,-1.09139e-11,-5.1271e-14
A1,RICE,2033,21039.7,237.476,21277.1,21277.1,14024,-1.09139e-11,-5.12942e-14
A1,RICE,2034,21054.9,214.843,21269.7,21269.7,13852.1,0,0
A1,RICE,2035,21068.5,196.549,21265,21265,13680,7.27596e-12,3.42156e-14
A1,RICE,2036,21079.7,184.075,21263.8,21263.8,13519.1,3.63798e-12,1.71088e-14
A1,RICE,2037,21089,173.873,21262.8,21262.8,13357.8,-7.27596e-12,-3.42191e-14
A1,RICE,2038,21096.5,166.899,21263.4,21263.4,13197.2,-7.27596e-12,-3.42183e-14
A1,RICE,2039,21102.4,163.416,21265.8,21265.8,13037.6,-1.09139e-11,-5.13215e-14
A1,RICE,2040,21107,162.333,21269.3,21269.3,12878.2,-3.63798e-12,-1.71044e-14
A1,RICE,2041,21110.3,171.954,21282.2,21282.2,12727.3,-3.27418e-11,-1.53846e-13
A1,RICE,2042,21112.5,182.834,21295.3,21295.3,12575.6,1.12777e-10,5.29587e-13
A1,RICE,2043,21113.7,195.823,21309.6,21309.6,12423.9,3.63798e-12,1.7072e-14
A1,RICE,2044,21114.1,210.979,21325,21325,12272.5,1.52795e-10,7.16506e-13
A1,RICE,2045,21113.5,227.748,21341.3,21341.3,12120.9,-7.27596e-12,-3.40934e-14
A1,RICE,2046,21112.2,247.23,21359.5,21359.5,11970.2,-3.63798e-12,-1.70322e-14
A1,RICE,2047,21110.2,266.736,21377,21377,11817.7,0,0
A1,RICE,2048,21107.6,286.707,21394.3,21394.3,11664,7.27596e-12,3.40089e-14
A1,RICE,2049,21104.3,306.299,21410.6,21410.6,11508.2,0,0
A1,RICE,2050,21100.5,325.349,21425.8,21425.8,11350.3,-7.27596e-12,-3.39588e-14
A1,WHEA,2023,13659,1189.4,14848.4,14848.4,9162.85,-1.81899e-12,-1.22504e-14
A1,WHEA,2024,14009.9,1106.26,15116.2,15116.2,9100,3.63798e-12,2.40668e-14
A1,WHEA,2025,14115.7,1004.87,15120.6,15120.6,8984.72,1.27329e-11,8.42093e-14
A1,WHEA,2026,14217.3,922.429,15139.7,15139.7,8881.44,7.27596e-12,4.80587e-14
A1,WHEA,2027,14314.7,846.817,15161.6,15161.6,8779.98,3.63798e-12,2.39948e-14
A1,WHEA,2028,14407.9,776.284,15184.2,15184.2,8678.27,1.81899e-12,1.19795e-14
A1,WHEA,2029,14496.8,711.263,15208.1,15208.1,8575.85,5.45697e-12,3.5882e-14
A1,WHEA,2030,14581.4,651.341,15232.7,15232.7,8472.93,7.27596e-12,4.77654e-14
A1,WHEA,2031,14595.7,594.947,15190.7,15190.7,8377.23,0,0
A1,WHEA,2032,14605,539.855,15144.9,15144.9,8280.08,1.09139e-11,7.20636e-14
A1,WHEA,2033,14608.9,488.541,15097.5,15097.5,8182.21,-3.63798e-12,-2.40966e-14
A1,WHEA,2034,14607.3,441.073,15048.3,15048.3,8083.51,0,0
A1,WHEA,2035,14599.8,397.93,14997.7,14997.7,7984.27,-7.27596e-12,-4.85137e-14
A1,WHEA,2036,14588.4,350.883,14939.3,14939.3,7891.57,0,0
A1,WHEA,2037,14573.5,305.811,14879.3,14879.3,7798.57,5.45697e-12,3.66749e-14
A1,WHEA,2038,14555.4,263.085,14818.5,14818.5,7705.93,-1.81899e-12,-1.22751e-14
A1,WHEA,2039,14534.5,222.677,14757.1,14757.1,7613.9,-5.45697e-12,-3.69785e-14
A1,WHEA,2040,14511,183.815,14694.8,14694.8,7521.91,1.81899e-12,1.23784e-14
A1,WHEA,2041,14485.3,151.15,14636.4,14636.4,7434.88,1.45519e-11,9.94225e-14
A1,WHEA,2042,14457.6,119.015,14576.6,14576.6,7347.35,1.29148e-10,8.85999e-13
A1,WHEA,2043,14428,87.7636,14515.8,14515.8,7259.85,3.63798e-12,2.50623e-14
A1,WHEA,2044,14396.8,57.2937,14454.1,14454.1,7172.46,-8.18545e-11,-5.66305e-13
A1,WHEA,2045,14364.2,27.0754,14391.3,14391.3,7084.89,-5.45697e-12,-3.79185e-14
A1,WHEA,2046,14330.4,0,14330.4,14328.1,6997.83,2.27387,0.01587
A1,WHEA,2047,14295.4,0,14295.4,14262.9,6909.73,32.4354,0.22741
A1,WHEA,2048,14259.4,0,14259.4,14196.1,6820.87,63.2574,0.445597
A1,WHEA,2049,14222.5,0,14222.5,14127.2,6730.8,95.3271,0.674779
A1,WHEA,2050,14184.8,0,14184.8,14056,6639.44,128.833,0.916569
A1,MAIZ,2023,28884,2712.1,31596.1,31596.1,1890,0,0
A1,MAIZ,2024,29492,1363,30855,30855,1890,0,0
A1,MAIZ,2025,29896.1,1138.52,31034.6,31034.6,1877.44,-5.45697e-11,-1.75835e-13
A1,MAIZ,2026,30301.1,918.979,31220.1,31220.1,1866.89,-1.45519e-11,-4.66107e-14
A1,MAIZ,2027,30706.7,1373.95,32080.6,32080.6,1856.63,1.09139e-11,3.40203e-14
A1,MAIZ,2028,31112.1,1279.05,32391.1,32391.1,1845.99,3.63798e-12,1.12314e-14
A1,MAIZ,2029,31516.8,1093.11,32609.9,32609.9,1834.95,0,0
A1,MAIZ,2030,31920.1,879.524,32799.7,32799.7,1823.54,0,0
A1,MAIZ,2031,31929.1,845.115,32774.2,32774.2,1813.41,-1.45519e-11,-4.44005e-14
A1,MAIZ,2032,31930.2,826.088,32756.3,32756.3,1802.95,0,0
A1,MAIZ,2033,31922.7,807.803,32730.5,32730.5,1792.17,7.27596e-12,2.22299e-14
A1,MAIZ,2034,31915,783.544,32698.5,32698.5,1781.05,3.63798e-12,1.11258e-14
A1,MAIZ,2035,31897,761.543,32658.5,32658.5,1769.68,0,0
A1,MAIZ,2036,31872,934.297,32806.3,32806.3,1759.42,-1.45519e-11,-4.43571e-14
A1,MAIZ,2037,31840.8,1105.61,32946.4,32946.4,1748.88,7.27596e-12,2.20842e-14
A1,MAIZ,2038,31804.1,1276.28,33080.4,33080.4,1738.06,0,0
A1,MAIZ,2039,31762.5,1446.69,33209.1,33209.1,1727.03,0,0
A1,MAIZ,2040,31716.5,1617.04,33333.5,33333.5,1715.66,-2.18279e-11,-6.54833e-14
A1,MAIZ,2041,31666.6,1788.13,33454.7,33454.7,1705.16,7.27596e-12,2.17487e-14
A1,MAIZ,2042,31613.3,1958.61,33571.9,33571.9,1694.34,7.27596e-12,2.16728e-14
A1,MAIZ,2043,31556.9,2128.3,33685.2,33685.2,1683.21,-1.45519e-11,-4.31997e-14
A1,MAIZ,2044,31497.8,2297,33794.8,33794.8,1671.78,2.91038e-11,8.61192e-14
A1,MAIZ,2045,31436.3,2463.56,33899.9,33899.9,1660.01,-1.45519e-11,-4.29261e-14
A1,MAIZ,2046,31372.7,2628.7,34001.4,34001.4,1648.07,0,0
A1,MAIZ,2047,31307.2,2791.73,34098.9,34098.9,1635.61,-1.45519e-11,-4.26756e-14
A1,MAIZ,2048,31240,2952.42,34192.4,34192.4,1622.66,0,0
A1,MAIZ,2049,31171.4,3110.31,34281.7,34281.7,1609.12,7.27596e-12,2.1224e-14
A1,MAIZ,2050,31101.4,3265.07,34366.5,34366.5,1594.97,-7.27596e-12,-2.11717e-14
A1,POTA,2023,9150,0,9150,9125,5872,25,0.273973
A1,POTA,2024,9500,0,9500,9445,6081.92,55,0.582319
A1,POTA,2025,9564.68,0,9564.68,9441.47,6044.96,123.215,1.30504
A1,POTA,2026,9625.18,0,9625.18,9453.67,6014.33,171.513,1.81424
A1,POTA,2027,9681.49,0,9681.49,9492.67,5984.96,188.826,1.98917
A1,POTA,2028,9733.56,0,9733.56,9526.59,5954.19,206.964,2.17248
A1,POTA,2029,9781.37,0,9781.37,9570.73,5922.07,210.639,2.20086
A1,POTA,2030,9824.87,0,9824.87,9611.18,5888.61,213.685,2.2233
A1,POTA,2031,9863.92,0,9863.92,9651.21,5859.37,212.703,2.20389
A1,POTA,2032,9898.47,0,9898.47,9688.63,5829.42,209.837,2.16581
A1,POTA,2033,9928.33,0,9928.33,9724.44,5798.46,203.893,2.0967
A1,POTA,2034,9953.35,0,9953.35,9757.75,5766.43,195.607,2.00463
A1,POTA,2035,9973.36,0,9973.36,9792.43,5733.61,180.921,1.84756
A1,POTA,2036,9993.11,0,9993.11,9833.6,5704.29,159.514,1.62213
A1,POTA,2037,10012.1,0,10012.1,9871.77,5674.1,140.288,1.4211
A1,POTA,2038,10030.2,0,10030.2,9906.64,5642.72,123.586,1.24751
A1,POTA,2039,10047.6,0,10047.6,9938.41,5610.33,109.228,1.09904
A1,POTA,2040,10064.3,0,10064.3,9966.72,5576.55,97.6108,0.979368
A1,POTA,2041,10080.3,0,10080.3,9995.68,5545.47,84.644,0.846806
A1,POTA,2042,10095.7,0,10095.7,10021.6,5513.36,74.0673,0.739078
A1,POTA,2043,10110.3,0,10110.3,10044.2,5479.96,66.1293,0.658382
A1,POTA,2044,10124.4,0,10124.4,10063.6,5445.33,60.7532,0.603691
A1,POTA,2045,10137.8,0,10137.8,10079.7,5409.26,58.1643,0.577046
A1,POTA,2046,10150.7,0,10150.7,10093,5372.44,57.6559,0.571245
A1,POTA,2047,10163,0,10163,10102.6,5333.74,60.3504,0.597374
A1,POTA,2048,10174.7,0,10174.7,10108.5,5293.2,66.1957,0.65485
A1,POTA,2049,10185.9,0,10185.9,10110.4,5250.45,75.5492,0.747245
A1,POTA,2050,10196.6,0,10196.6,10108.1,5205.44,88.4663,0.8752
A1,SOYS,2023,2084.17,9849,11933.2,11933.2,1550,0,0
A1,SOYS,2024,2065,10497,12562,12562,1675,-1.81899e-12,-1.44801e-14
A1,SOYS,2025,2190,10036.6,12226.6,12226.6,1676.89,7.27596e-12,5.95091e-14
A1,SOYS,2026,2322.21,9725.45,12047.7,12047.7,1678.87,-7.27596e-12,-6.03931e-14
A1,SOYS,2027,2462,9443.82,11905.8,11905.8,1681.39,1.81899e-12,1.52781e-14
A1,SOYS,2028,2609.75,9179.47,11789.2,11789.2,1683.46,5.45697e-12,4.62878e-14
A1,SOYS,2029,2765.82,8931.63,11697.4,11697.4,1685.17,-5.45697e-12,-4.66509e-14
A1,SOYS,2030,2930.63,8690.91,11621.5,11621.5,1686.44,3.63798e-12,3.13038e-14
A1,SOYS,2031,2961.78,8551.82,11513.6,11513.6,1687.68,-3.63798e-12,-3.15972e-14
A1,SOYS,2032,2992.54,8421.01,11413.5,11413.5,1688.91,-1.81899e-12,-1.59371e-14
A1,SOYS,2033,3022.79,8300.62,11323.4,11323.4,1689.85,3.63798e-12,3.21279e-14
A1,SOYS,2034,3052.01,8189.93,11241.9,11241.9,1690.48,-5.45697e-12,-4.85412e-14
A1,SOYS,2035,3080.52,8087.67,11168.2,11168.2,1690.89,-5.45697e-12,-4.88617e-14
A1,SOYS,2036,3096.98,8114.04,11211,11211,1691.12,1.81899e-12,1.6225e-14
A1,SOYS,2037,3105.98,8142.58,11248.6,11248.6,1691.13,0,0
A1,SOYS,2038,3110.42,8171.72,11282.1,11282.1,1690.66,-3.63798e-12,-3.22455e-14
A1,SOYS,2039,3112.05,8200.75,11312.8,11312.8,1689.75,-1.81899e-12,-1.6079e-14
A1,SOYS,2040,3111.96,8229.27,11341.2,11341.2,1688.29,-9.09495e-12,-8.01937e-14
A1,SOYS,2041,3110.79,8257.29,11368.1,11368.1,1686.58,0,0
A1,SOYS,2042,3108.92,8284.72,11393.6,11393.6,1684.55,1.27329e-11,1.11755e-13
A1,SOYS,2043,3106.6,8311.35,11417.9,11417.9,1681.99,0,0
A1,SOYS,2044,3103.96,8337.25,11441.2,11441.2,1678.91,0,0
A1,SOYS,2045,3101.09,8362.19,11463.3,11463.3,1675.24,5.45697e-12,4.76039e-14
A1,SOYS,2046,3098.05,8386.45,11484.5,11484.5,1670.93,-2.00089e-11,-1.74225e-13
A1,SOYS,2047,3094.87,8410.01,11504.9,11504.9,1665.92,-5.45697e-12,-4.74318e-14
A1,SOYS,2048,3091.56,8432.9,11524.5,11524.5,1660.18,3.63798e-12,3.15675e-14
A1,SOYS,2049,3088.15,8455.04,11543.2,11543.2,1653.58,3.63798e-12,3.15162e-14
A1,SOYS,2050,3084.63,8476.45,11561.1,11561.1,1646.1,-5.45697e-12,-4.72012e-14
A1,RAPS,2023,1631.74,519.81,2151.55,2151.55,0,0,0
A1,RAPS,2024,1674,638.56,2312.56,2312.56,0,0,0
A1,RAPS,2025,1717.63,628.481,2346.11,2346.11,0,2.72848e-12,1.16298e-13
A1,RAPS,2026,1762.14,614.208,2376.35,2376.35,0,1.36424e-12,5.74092e-14
A1,RAPS,2027,1807.5,586.552,2394.05,2394.05,0,4.54747e-13,1.89949e-14
A1,RAPS,2028,1853.7,559.211,2412.91,2412.91,0,-4.54747e-13,-1.88464e-14
A1,RAPS,2029,1900.72,532.654,2433.37,2433.37,0,0,0
A1,RAPS,2030,1948.52,506.343,2454.87,2454.87,0,9.09495e-13,3.70487e-14
A1,RAPS,2031,1961.93,501.691,2463.62,2463.62,0,-4.54747e-13,-1.84585e-14
A1,RAPS,2032,1974.95,496.164,2471.12,2471.12,0,-9.09495e-13,-3.6805e-14
A1,RAPS,2033,1987.52,491.508,2479.03,2479.03,0,4.54747e-13,1.83438e-14
A1,RAPS,2034,1999.29,487.977,2487.27,2487.27,0,4.54747e-13,1.8283e-14
A1,RAPS,2035,2010.48,485.339,2495.82,2495.82,0,-1.36424e-12,-5.46611e-14
A1,RAPS,2036,2021.33,482.675,2504.01,2504.01,0,-9.09495e-13,-3.63215e-14
A1,RAPS,2037,2031.72,479.673,2511.39,2511.39,0,4.54747e-13,1.81074e-14
A1,RAPS,2038,2041.69,476.494,2518.19,2518.19,0,-2.27374e-12,-9.02926e-14
A1,RAPS,2039,2051.31,473.233,2524.54,2524.54,0,-4.54747e-13,-1.8013e-14
A1,RAPS,2040,2060.61,469.995,2530.61,2530.61,0,3.63798e-12,1.43759e-13
A1,RAPS,2041,2069.63,466.769,2536.4,2536.4,0,-1.36424e-12,-5.37865e-14
A1,RAPS,2042,2078.39,463.583,2541.98,2541.98,0,5.91172e-12,2.32564e-13
A1,RAPS,2043,2086.92,460.457,2547.38,2547.38,0,-4.54747e-13,-1.78516e-14
A1,RAPS,2044,2095.23,457.407,2552.64,2552.64,0,0,0
A1,RAPS,2045,2103.34,454.329,2557.67,2557.67,0,-9.09495e-13,-3.55595e-14
A1,RAPS,2046,2111.26,451.359,2562.62,2562.62,0,-5.91172e-12,-2.3069e-13
A1,RAPS,2047,2119.01,448.502,2567.51,2567.51,0,1.81899e-12,7.08465e-14
A1,RAPS,2048,2126.58,445.764,2572.34,2572.34,0,0,0
A1,RAPS,2049,2133.99,443.146,2577.13,2577.13,0,1.36424e-12,5.29365e-14
A1,RAPS,2050,2141.24,440.653,2581.89,2581.89,0,-9.09495e-13,-3.52259e-14
A1,GRDS,2023,1860,20,1880,1070,810,810,75.7009
A1,GRDS,2024,1900,5,1905,1905,850,-4.54747e-13,-2.38713e-14
A1,GRDS,2025,1927.66,0,1927.66,1910.98,858.54,16.6772,0.872702
A1,GRDS,2026,1955.42,0,1955.42,1917.83,866.822,37.5946,1.96027
A1,GRDS,2027,1967.56,0,1967.56,1926.04,875.759,41.5211,2.15578
A1,GRDS,2028,1979.41,0,1979.41,1934.55,884.443,44.8636,2.31907
A1,GRDS,2029,1990.96,0,1990.96,1943.69,893.011,47.2684,2.43189
A1,GRDS,2030,2002.16,0,2002.16,1953.1,901.349,49.0536,2.51157
A1,GRDS,2031,2012.96,0,2012.96,1960.05,909.575,52.901,2.69895
A1,GRDS,2032,2023.32,0,2023.32,1967.07,918.22,56.2526,2.85972
A1,GRDS,2033,2033.18,0,2033.18,1974.35,926.828,58.8296,2.97969
A1,GRDS,2034,2042.2,0,2042.2,1981.9,935.401,60.2968,3.04237
A1,GRDS,2035,2050.6,0,2050.6,1989.76,944.009,60.8382,3.05757
A1,GRDS,2036,2057.18,0,2057.18,2003.79,952.282,53.3855,2.66422
A1,GRDS,2037,2062.3,0,2062.3,2017.56,960.595,44.7442,2.21774
A1,GRDS,2038,2066.24,0,2066.24,2030.68,968.483,35.5681,1.75154
A1,GRDS,2039,2069.24,0,2069.24,2043.23,975.962,26.0094,1.27295
A1,GRDS,2040,2071.48,0,2071.48,2055.21,982.952,16.2744,0.791862
A1,GRDS,2041,2073.12,0,2073.12,2066.74,989.582,6.37391,0.308404
A1,GRDS,2042,2074.26,3.85356,2078.11,2078.11,996.112,-4.36557e-11,-2.10074e-12
A1,GRDS,2043,2075.01,13.9321,2088.95,2088.95,1002.14,-1.36424e-12,-6.53077e-14
A1,GRDS,2044,2075.45,23.7949,2099.25,2099.25,1007.68,9.09495e-13,4.33248e-14
A1,GRDS,2045,2075.64,33.2873,2108.93,2108.93,1012.66,0,0
A1,GRDS,2046,2075.63,42.3803,2118.01,2118.01,1017.04,1.81899e-12,8.58818e-14
A1,GRDS,2047,2075.46,51.0675,2126.53,2126.53,1020.85,-9.09495e-13,-4.2769e-14
A1,GRDS,2048,2075.16,59.2193,2134.38,2134.38,1023.99,0,0
A1,GRDS,2049,2074.76,66.7299,2141.49,2141.49,1026.38,-4.54747e-13,-2.12351e-14
A1,GRDS,2050,2074.28,73.5532,2147.83,2147.83,1027.97,-4.54747e-13,-2.11724e-14
A1,COTT,2023,561.8,191,752.8,752.8,0,0,0
A1,COTT,2024,616.4,261.8,878.2,878.2,0,0,0
A1,COTT,2025,617.205,188.739,805.943,805.943,0,-3.41061e-13,-4.23182e-14
A1,COTT,2026,617.917,185.43,803.348,803.348,0,5.68434e-13,7.07582e-14
A1,COTT,2027,618.53,182.211,800.742,800.742,0,-2.27374e-13,-2.83954e-14
A1,COTT,2028,619.032,179.087,798.12,798.12,0,2.27374e-13,2.84887e-14
A1,COTT,2029,619.417,176.108,795.525,795.525,0,0,0
A1,COTT,2030,619.673,173.234,792.907,792.907,0,1.13687e-13,1.4338e-14
A1,COTT,2031,619.787,170.503,790.29,790.29,0,-2.27374e-13,-2.87709e-14
A1,COTT,2032,619.75,167.95,787.7,787.7,0,3.41061e-13,4.32983e-14
A1,COTT,2033,619.544,165.591,785.135,785.135,0,2.27374e-13,2.89598e-14
A1,COTT,2034,615.991,167.284,783.275,783.275,0,4.54747e-13,5.80572e-14
A1,COTT,2035,612.262,169.179,781.441,781.441,0,2.27374e-13,2.90967e-14
A1,COTT,2036,608.524,171.048,779.573,779.573,0,1.13687e-13,1.45832e-14
A1,COTT,2037,604.721,173.549,778.27,778.27,0,0,0
A1,COTT,2038,600.856,176.611,777.467,777.467,0,-1.13687e-13,-1.46227e-14
A1,COTT,2039,596.933,180.174,777.106,777.106,0,2.27374e-13,2.9259e-14
A1,COTT,2040,592.955,184.176,777.131,777.131,0,1.13687e-13,1.4629e-14
A1,COTT,2041,588.928,188.57,777.498,777.498,0,2.27374e-13,2.92443e-14
A1,COTT,2042,584.853,193.309,778.162,778.162,0,-1.13687e-13,-1.46097e-14
A1,COTT,2043,580.736,198.354,779.09,779.09,0,1.13687e-13,1.45923e-14
A1,COTT,2044,576.578,203.669,780.247,780.247,0,-2.27374e-13,-2.91412e-14
A1,COTT,2045,572.383,209.219,781.603,781.603,0,1.13687e-13,1.45453e-14
A1,COTT,2046,568.155,214.97,783.125,783.125,0,7.95808e-13,1.01619e-13
A1,COTT,2047,563.897,220.891,784.788,784.788,0,0,0
A1,COTT,2048,559.61,226.96,786.57,786.57,0,1.13687e-13,1.44535e-14
A1,COTT,2049,555.298,233.149,788.448,788.448,0,2.27374e-13,2.88381e-14
A1,COTT,2050,550.964,239.437,790.401,790.401,0,0,0
A1,SUGC,2023,789,0,789,789,0,0,0
A1,SUGC,2024,882,0,882,882,0,0,0
A1,SUGC,2025,1050.8,0,1050.8,895.23,0,155.567,17.3774
A1,SUGC,2026,1241.72,0,1241.72,908.658,0,333.059,36.6539
A1,SUGC,2027,1455.87,0,1455.87,922.288,0,533.584,57.8544
A1,SUGC,2028,1694.16,0,1694.16,936.123,0,758.041,80.9766
A1,SUGC,2029,1957.28,0,1957.28,950.164,0,1007.11,105.993
A1,SUGC,2030,2245.63,0,2245.63,964.417,0,1281.22,132.849
A1,SUGC,2031,2559.37,0,2559.37,978.883,0,1580.49,161.458
A1,SUGC,2032,2898.37,0,2898.37,993.566,0,1904.8,191.713
A1,SUGC,2033,3262.15,0,3262.15,1008.47,0,2253.68,223.475
A1,SUGC,2034,3649.96,0,3649.96,1023.6,0,2626.36,256.582
A1,SUGC,2035,4060.74,0,4060.74,1038.95,0,3021.79,290.85
A1,SUGC,2036,4425.45,0,4425.45,1054.54,0,3370.92,319.659
A1,SUGC,2037,4742.47,0,4742.47,1070.35,0,3672.11,343.075
A1,SUGC,2038,5013.21,0,5013.21,1086.41,0,3926.8,361.448
A1,SUGC,2039,5241.07,0,5241.07,1102.7,0,4138.36,375.292
A1,SUGC,2040,5430.5,0,5430.5,1119.25,0,4311.25,385.193
A1,SUGC,2041,5586.33,0,5586.33,1136.03,0,4450.3,391.74
A1,SUGC,2042,5713.35,0,5713.35,1153.07,0,4560.28,395.489
A1,SUGC,2043,5816.03,0,5816.03,1170.37,0,4645.66,396.939
A1,SUGC,2044,5898.38,0,5898.38,1187.93,0,4710.46,396.528
A1,SUGC,2045,5963.91,0,5963.91,1205.75,0,4758.16,394.624
A1,SUGC,2046,6015.6,0,6015.6,1223.83,0,4791.77,391.539
A1,SUGC,2047,6056,0,6056,1242.19,0,4813.81,387.527
A1,SUGC,2048,6087.22,0,6087.22,1260.82,0,4826.4,382.798
A1,SUGC,2049,6110.99,0,6110.99,1279.73,0,4831.25,377.52
A1,SUGC,2050,6128.74,0,6128.74,1298.93,0,4829.81,371.83
A1,SUGB,2023,108,0,108,108,0,0,0
A1,SUGB,2024,114,0,114,114,0,0,0
A1,SUGB,2025,114.232,0,114.232,114,0,0.232277,0.203752
A1,SUGB,2026,114.448,0,114.448,114,0,0.447737,0.392752
A1,SUGB,2027,114.645,0,114.645,114,0,0.645003,0.565792
A1,SUGB,2028,114.822,0,114.822,114,0,0.821923,0.720985
A1,SUGB,2029,114.977,0,114.977,114,0,0.977227,0.857217
A1,SUGB,2030,115.109,0,115.109,114,0,1.10884,0.972668
A1,SUGB,2031,115.214,0,115.214,114,0,1.21417,1.06506
A1,SUGB,2032,115.291,0,115.291,114,0,1.29149,1.13288
A1,SUGB,2033,115.337,0,115.337,114,0,1.33743,1.17319
A1,SUGB,2034,115.432,0,115.432,114,0,1.43248,1.25656
A1,SUGB,2035,115.49,0,115.49,114,0,1.49044,1.30741
A1,SUGB,2036,115.548,0,115.548,114,0,1.54844,1.35828
A1,SUGB,2037,115.606,0,115.606,114,0,1.60647,1.40918
A1,SUGB,2038,115.665,0,115.665,114,0,1.66453,1.46011
A1,SUGB,2039,115.723,0,115.723,114,0,1.72261,1.51106
A1,SUGB,2040,115.781,0,115.781,114,0,1.78073,1.56204
A1,SUGB,2041,115.839,0,115.839,114,0,1.83887,1.61304
A1,SUGB,2042,115.897,0,115.897,114,0,1.89704,1.66407
A1,SUGB,2043,115.955,0,115.955,114,0,1.95524,1.71513
A1,SUGB,2044,116.013,0,116.013,114,0,2.01347,1.76621
A1,SUGB,2045,116.072,0,116.072,114,0,2.07174,1.81731
A1,SUGB,2046,116.13,0,116.13,114,0,2.13002,1.86844
A1,SUGB,2047,116.188,0,116.188,114,0,2.18834,1.9196
A1,SUGB,2048,116.247,0,116.247,114,0,2.24669,1.97078
A1,SUGB,2049,116.305,0,116.305,114,0,2.30507,2.02199
A1,SUGB,2050,116.363,0,116.363,114,0,2.36348,2.07323
A1,FRTO,2023,32744.3,365.6,33109.9,33109.9,15628.1,0,0
A1,FRTO,2024,34500,109.86,34609.9,34609.9,16380,0,0
A1,FRTO,2025,34682.7,8.73777,34691.4,34691.4,16451.1,-2.91038e-10,-8.38935e-13
A1,FRTO,2026,34862.3,0,34862.3,34759.8,16509.8,102.497,0.294871
A1,FRTO,2027,35038.7,0,35038.7,34830.3,16571.1,208.344,0.598168
A1,FRTO,2028,35211.1,0,35211.1,34895.9,16628.1,315.249,0.903398
A1,FRTO,2029,35379.4,0,35379.4,34956.4,16680.7,422.962,1.20997
A1,FRTO,2030,35543,0,35543,35011.8,16728.8,531.154,1.51707
A1,FRTO,2031,35701.1,0,35701.1,35054.9,16765.3,646.254,1.84355
A1,FRTO,2032,35853.4,0,35853.4,35093.7,16798.4,759.659,2.16466
A1,FRTO,2033,35999,0,35999,35127.8,16827.5,871.183,2.48004
A1,FRTO,2034,36163.2,0,36163.2,35163.2,16852.3,1000.05,2.84404
A1,FRTO,2035,36319.4,0,36319.4,35194,16873.3,1125.47,3.19792
A1,FRTO,2036,36458.1,0,36458.1,35254.2,16883.6,1203.97,3.41511
A1,FRTO,2037,36582.7,0,36582.7,35307.6,16890.8,1275.14,3.61152
A1,FRTO,2038,36696,0,36696,35354.4,16894.4,1341.66,3.79489
A1,FRTO,2039,36800.3,0,36800.3,35395.6,16894.9,1404.7,3.96857
A1,FRTO,2040,36897.3,0,36897.3,35430.4,16890.9,1466.88,4.14018
A1,FRTO,2041,36988.5,0,36988.5,35454.1,16877.6,1534.32,4.32763
A1,FRTO,2042,37075,0,37075,35472.8,16860.6,1602.21,4.51672
A1,FRTO,2043,37157.9,0,37157.9,35486.2,16839.4,1671.69,4.71083
A1,FRTO,2044,37237.8,0,37237.8,35494.6,16814.2,1743.21,4.91119
A1,FRTO,2045,37315.4,0,37315.4,35497.5,16784.4,1817.93,5.12128
A1,FRTO,2046,37391.2,0,37391.2,35492.3,16747.2,1898.89,5.35015
A1,FRTO,2047,37465.5,0,37465.5,35480.1,16703.7,1985.39,5.5958
A1,FRTO,2048,37538.6,0,37538.6,35461.1,16654,2077.53,5.85863
A1,FRTO,2049,37610.9,0,37610.9,35434.2,16596.9,2176.74,6.14306
A1,FRTO,2050,37682.5,0,37682.5,35399,16532.1,2283.48,6.45069
A1,VEGT,2023,82868.1,0,82868.1,81577.7,19187.1,1290.41,1.58182
A1,VEGT,2024,83696.8,0,83696.8,82264,20415.5,1432.82,1.74174
A1,VEGT,2025,84308.9,0,84308.9,82639,20417.1,1669.86,2.02066
A1,VEGT,2026,84861.6,0,84861.6,83000.4,20415.5,1861.26,2.24247
A1,VEGT,2027,85356.2,0,85356.2,83352.6,20417.4,2003.63,2.4038
A1,VEGT,2028,85792.8,0,85792.8,83684.2,20414.7,2108.55,2.51965
A1,VEGT,2029,86172.1,0,86172.1,83995,20407.3,2177.12,2.59197
A1,VEGT,2030,86493.9,0,86493.9,84279.8,20395.3,2214.18,2.62718
A1,VEGT,2031,86757.1,0,86757.1,84537.4,20379,2219.73,2.62574
A1,VEGT,2032,86961.4,0,86961.4,84769,20359.5,2192.36,2.58627
A1,VEGT,2033,87104.2,0,87104.2,84971.3,20336.4,2132.87,2.51011
A1,VEGT,2034,87184,0,87184,85142.5,20309.5,2041.48,2.39772
A1,VEGT,2035,87198.2,0,87198.2,85281.8,20279.7,1916.39,2.24713
A1,VEGT,2036,87130.6,0,87130.6,85384,20243.7,1746.53,2.0455
A1,VEGT,2037,86997.5,0,86997.5,85446.9,20204.1,1550.59,1.81469
A1,VEGT,2038,86812.4,0,86812.4,85476.5,20160.2,1335.88,1.56286
A1,VEGT,2039,86586,0,86586,85478.9,20112.7,1107.12,1.29519
A1,VEGT,2040,86326.9,0,86326.9,85456.6,20060,870.273,1.01838
A1,VEGT,2041,86042,0,86042,85413.6,20002.7,628.387,0.735699
A1,VEGT,2042,85736.9,0,85736.9,85352.9,19941.1,383.984,0.449877
A1,VEGT,2043,85416.1,0,85416.1,85276.3,19874.8,139.789,0.163925
A1,VEGT,2044,85083,102.553,85185.5,85185.5,19803.9,-6.98492e-10,-8.19966e-13
A1,VEGT,2045,84740.5,340.674,85081.1,85081.1,19727.7,2.91038e-11,3.42072e-14
A1,VEGT,2046,84390.8,571.819,84962.6,84962.6,19644.8,1.45519e-11,1.71274e-14
A1,VEGT,2047,84035.8,794.459,84830.2,84830.2,19554.7,-1.45519e-11,-1.71542e-14
A1,VEGT,2048,83676.8,1008.04,84684.9,84684.9,19457.6,2.91038e-11,3.43672e-14
A1,VEGT,2049,83315.1,1210.38,84525.5,84525.5,19352.2,1.45519e-11,1.7216e-14
A1,VEGT,2050,82951.5,1400.58,84352.1,84352.1,19238.2,-1.45519e-11,-1.72514e-14
A1,OTGR,2023,3739.7,384.9,4124.6,4124.6,217.92,6.36646e-12,1.54353e-13
A1,OTGR,2024,3815.6,192.67,4008.27,4008.27,164.532,1.36424e-12,3.40357e-14
A1,OTGR,2025,3816.35,200.901,4017.25,4017.25,163.681,-1.36424e-12,-3.39596e-14
A1,OTGR,2026,3817.1,211.645,4028.74,4028.74,162.988,-1.36424e-12,-3.38627e-14
A1,OTGR,2027,3817.85,223.803,4041.65,4041.65,162.327,1.36424e-12,3.37546e-14
A1,OTGR,2028,3818.6,236.938,4055.54,4055.54,161.628,0,0
A1,OTGR,2029,3819.35,251.605,4070.95,4070.95,160.89,9.09495e-13,2.23411e-14
A1,OTGR,2030,3820.1,267.132,4087.23,4087.23,160.113,4.54747e-13,1.11261e-14
A1,OTGR,2031,3820.85,276.856,4097.7,4097.7,159.44,9.09495e-13,2.21952e-14
A1,OTGR,2032,3821.6,285.357,4106.96,4106.96,158.746,-1.81899e-12,-4.42905e-14
A1,OTGR,2033,3822.35,294.426,4116.78,4116.78,158.022,0,0
A1,OTGR,2034,3825.85,301.355,4127.21,4127.21,157.266,-2.72848e-12,-6.61097e-14
A1,OTGR,2035,3829.36,308.807,4138.16,4138.16,156.486,-1.81899e-12,-4.39564e-14
A1,OTGR,2036,3832.86,315.93,4148.79,4148.79,155.792,-1.81899e-12,-4.38438e-14
A1,OTGR,2037,3836.38,322.168,4158.54,4158.54,155.074,9.09495e-13,2.18705e-14
A1,OTGR,2038,3839.89,327.739,4167.63,4167.63,154.323,0,0
A1,OTGR,2039,3843.41,332.791,4176.2,4176.2,153.544,2.72848e-12,6.53341e-14
A1,OTGR,2040,3846.93,337.45,4184.38,4184.38,152.726,2.72848e-12,6.52064e-14
A1,OTGR,2041,3850.46,341.838,4192.29,4192.29,151.974,2.72848e-12,6.50833e-14
A1,OTGR,2042,3853.98,345.908,4199.89,4199.89,151.193,9.09495e-13,2.16552e-14
A1,OTGR,2043,3857.51,349.692,4207.21,4207.21,150.376,-9.09495e-13,-2.16175e-14
A1,OTGR,2044,3861.05,353.224,4214.27,4214.27,149.525,2.72848e-12,6.47439e-14
A1,OTGR,2045,3864.59,356.395,4220.98,4220.98,148.634,0,0
A1,OTGR,2046,3868.13,359.363,4227.49,4227.49,147.718,-1.81899e-12,-4.30276e-14
A1,OTGR,2047,3871.67,362.11,4233.78,4233.78,146.751,-9.09495e-13,-2.14819e-14
A1,OTGR,2048,3875.22,364.648,4239.87,4239.87,145.731,-1.81899e-12,-4.2902e-14
A1,OTGR,2049,3878.77,366.967,4245.74,4245.74,144.65,9.09495e-13,2.14214e-14
A1,OTGR,2050,3882.32,369.069,4251.39,4251.39,143.506,0,0
A1,SORG,2023,318,485.8,803.8,803.8,67,-1.13687e-13,-1.41437e-14
A1,SORG,2024,314,865.5,1179.5,1179.5,65,0,0
A1,SORG,2025,314.35,864.949,1179.3,1179.3,64.656,2.27374e-13,1.92804e-14
A1,SORG,2026,314.624,865.124,1179.75,1179.75,64.3802,-2.27374e-13,-1.92731e-14
A1,SORG,2027,314.821,865.719,1180.54,1180.54,64.1247,9.09495e-13,7.70405e-14
A1,SORG,2028,314.94,866.613,1181.55,1181.55,63.8615,0,0
A1,SORG,2029,314.977,867.95,1182.93,1182.93,63.5915,-4.54747e-13,-3.84426e-14
A1,SORG,2030,314.931,869.558,1184.49,1184.49,63.3152,2.27374e-13,1.91959e-14
A1,SORG,2031,314.795,869.716,1184.51,1184.51,63.0888,2.27374e-13,1.91956e-14
A1,SORG,2032,314.568,869.605,1184.17,1184.17,62.8643,-2.27374e-13,-1.9201e-14
A1,SORG,2033,314.242,869.695,1183.94,1183.94,62.6393,-2.27374e-13,-1.92049e-14
A1,SORG,2034,313.812,869.987,1183.8,1183.8,62.414,0,0
A1,SORG,2035,313.271,870.476,1183.75,1183.75,62.1922,-2.27374e-13,-1.9208e-14
A1,SORG,2036,312.633,871.168,1183.8,1183.8,62.0032,-9.09495e-13,-7.68283e-14
A1,SORG,2037,311.996,871.837,1183.83,1183.83,61.804,-2.27374e-13,-1.92066e-14
A1,SORG,2038,311.36,872.514,1183.87,1183.87,61.591,-4.54747e-13,-3.84118e-14
A1,SORG,2039,310.725,873.219,1183.94,1183.94,61.366,0,0
A1,SORG,2040,310.092,873.968,1184.06,1184.06,61.1248,2.27374e-13,1.92029e-14
A1,SORG,2041,309.46,874.792,1184.25,1184.25,60.9087,-6.82121e-13,-5.75993e-14
A1,SORG,2042,308.83,875.651,1184.48,1184.48,60.6802,-2.27374e-13,-1.91961e-14
A1,SORG,2043,308.2,876.542,1184.74,1184.74,60.4365,2.27374e-13,1.91918e-14
A1,SORG,2044,307.572,877.463,1185.04,1185.04,60.1781,0,0
A1,SORG,2045,306.945,878.376,1185.32,1185.32,59.9028,4.54747e-13,3.83649e-14
A1,SORG,2046,306.32,879.316,1185.64,1185.64,59.6169,-6.36646e-12,-5.36966e-13
A1,SORG,2047,305.696,880.268,1185.96,1185.96,59.3088,-6.82121e-13,-5.75162e-14
A1,SORG,2048,305.073,881.229,1186.3,1186.3,58.9788,-9.09495e-13,-7.66664e-14
A1,SORG,2049,304.451,882.188,1186.64,1186.64,58.6228,4.54747e-13,3.83223e-14
A1,SORG,2050,303.83,883.142,1186.97,1186.97,58.24,-4.54747e-13,-3.83115e-14
A1,BARL,2023,200,1589.8,1789.8,1640,90.2,149.8,9.13415
A1,BARL,2024,200,1424,1624,1624,89.32,0,0
A1,BARL,2025,200.234,1417.72,1617.95,1617.95,88.8137,1.59162e-12,9.83721e-14
A1,BARL,2026,200.421,1411.92,1612.34,1612.34,88.4042,4.54747e-13,2.82042e-14
A1,BARL,2027,200.558,1406.4,1606.96,1606.96,88.0132,6.82121e-13,4.2448e-14
A1,BARL,2028,200.645,1401.07,1601.71,1601.71,87.6013,-4.54747e-13,-2.83913e-14
A1,BARL,2029,200.681,1396.07,1596.75,1596.75,87.1692,-2.27374e-13,-1.42398e-14
A1,BARL,2030,200.663,1391.23,1591.89,1591.89,86.7171,-2.27374e-13,-1.42833e-14
A1,BARL,2031,200.589,1385.57,1586.16,1586.16,86.33,0,0
A1,BARL,2032,200.456,1379.82,1580.27,1580.27,85.9322,-2.27374e-13,-1.43883e-14
A1,BARL,2033,200.26,1374.25,1574.51,1574.51,85.5191,2.27374e-13,1.44409e-14
A1,BARL,2034,200.055,1368.84,1568.89,1568.89,85.09,-2.27374e-13,-1.44926e-14
A1,BARL,2035,199.779,1363.63,1563.41,1563.41,84.6489,-2.27374e-13,-1.45434e-14
A1,BARL,2036,199.441,1359.4,1558.84,1558.84,84.2617,2.27374e-13,1.45861e-14
A1,BARL,2037,199.103,1355.85,1554.95,1554.95,83.8614,0,0
A1,BARL,2038,198.766,1352.9,1551.67,1551.67,83.4431,-4.54747e-13,-2.9307e-14
A1,BARL,2039,198.43,1350.5,1548.93,1548.93,83.0095,0,0
A1,BARL,2040,198.094,1348.59,1546.68,1546.68,82.5549,6.82121e-13,4.41022e-14
A1,BARL,2041,197.759,1347.16,1544.92,1544.92,82.142,0,0
A1,BARL,2042,197.424,1346.1,1543.53,1543.53,81.7135,2.27374e-13,1.47308e-14
A1,BARL,2043,197.09,1345.36,1542.45,1542.45,81.2653,6.82121e-13,4.42231e-14
A1,BARL,2044,196.756,1344.91,1541.67,1541.67,80.7984,-4.54747e-13,-2.94971e-14
A1,BARL,2045,196.423,1344.67,1541.09,1541.09,80.3097,2.27374e-13,1.47541e-14
A1,BARL,2046,196.091,1344.63,1540.72,1540.72,79.8099,4.54747e-13,2.95152e-14
A1,BARL,2047,195.759,1344.75,1540.51,1540.51,79.2815,0,0
A1,BARL,2048,195.428,1345,1540.42,1540.42,78.7251,0,0
A1,BARL,2049,195.097,1345.33,1540.42,1540.42,78.1353,2.27374e-13,1.47605e-14
A1,BARL,2050,194.767,1345.72,1540.49,1540.49,77.5111,-6.82121e-13,-4.42796e-14
A1,PIGM,2023,5794,152.32,5946.32,5946.32,4546.55,9.09495e-13,1.52951e-14
A1,PIGM,2024,5706,104.23,5810.23,5810.23,4444.17,0,0
A1,PIGM,2025,5731.07,135.275,5866.35,5866.35,4488.64,1.00044e-11,1.70539e-13
A1,PIGM,2026,5701.77,217.213,5918.98,5918.98,4532.52,-2.72848e-12,-4.60972e-14
A1,PIGM,2027,5675.42,291.65,5967.07,5967.07,4578.4,9.09495e-13,1.52419e-14
A1,PIGM,2028,5651.73,362.053,6013.78,6013.78,4622.9,0,0
A1,PIGM,2029,5630.44,429.116,6059.55,6059.55,4666.34,-9.09495e-13,-1.50093e-14
A1,PIGM,2030,5611.32,492.563,6103.88,6103.88,4708.39,-9.09495e-13,-1.49003e-14
A1,PIGM,2031,5601.57,546.391,6147.96,6147.96,4749.83,0,0
A1,PIGM,2032,5586.72,605.438,6192.16,6192.16,4791.66,2.72848e-12,4.40636e-14
A1,PIGM,2033,5573.62,661.845,6235.46,6235.46,4832.55,-2.72848e-12,-4.37575e-14
A1,PIGM,2034,5562.14,715.647,6277.78,6277.78,4872.41,2.72848e-12,4.34625e-14
A1,PIGM,2035,5552.18,767.179,6319.36,6319.36,4911.47,9.09495e-13,1.43922e-14
A1,PIGM,2036,5543.15,823.23,6366.38,6366.38,4949.59,9.09495e-13,1.42859e-14
A1,PIGM,2037,5535.76,877.272,6413.03,6413.03,4987.41,9.09495e-13,1.4182e-14
A1,PIGM,2038,5529.69,928.306,6457.99,6457.99,5023.62,0,0
A1,PIGM,2039,5524.66,976.698,6501.36,6501.36,5058.33,-9.09495e-13,-1.39893e-14
A1,PIGM,2040,5520.47,1022.23,6542.7,6542.7,5091.14,0,0
A1,PIGM,2041,5516.94,1065.91,6582.85,6582.85,5122.89,2.72848e-12,4.14484e-14
A1,PIGM,2042,5513.95,1108.12,6622.07,6622.07,5153.86,-1.81899e-12,-2.74686e-14
A1,PIGM,2043,5511.38,1147.85,6659.23,6659.23,5182.92,-1.81899e-12,-2.73153e-14
A1,PIGM,2044,5509.14,1185.17,6694.32,6694.32,5210.08,-2.72848e-12,-4.07582e-14
A1,PIGM,2045,5507.18,1219.9,6727.08,6727.08,5235.08,-9.09495e-13,-1.35199e-14
A1,PIGM,2046,5505.43,1251.87,6757.31,6757.31,5257.74,-1.81899e-12,-2.69189e-14
A1,PIGM,2047,5503.85,1280.99,6784.85,6784.85,5277.93,-9.09495e-13,-1.34048e-14
A1,PIGM,2048,5502.41,1307.02,6809.43,6809.43,5295.36,0,0
A1,PIGM,2049,5501.08,1329.53,6830.61,6830.61,5309.61,9.09495e-13,1.3315e-14
A1,PIGM,2050,5499.83,1348.4,6848.23,6848.23,5320.53,0,0
A1,CATM,2023,753,273.73,1026.73,1026.73,925.67,0,0
A1,CATM,2024,779,287.41,1066.41,1066.41,954.39,0,0
A1,CATM,2025,747.119,328.803,1075.92,1075.92,968.486,-2.27374e-13,-2.11329e-14
A1,CATM,2026,752.254,337.251,1089.5,1089.5,981.331,0,0
A1,CATM,2027,757.094,346.783,1103.88,1103.88,995.007,0,0
A1,CATM,2028,761.998,356.007,1118,1118,1008.43,-4.54747e-13,-4.06749e-14
A1,CATM,2029,770.967,361.662,1132.63,1132.63,1021.76,0,0
A1,CATM,2030,780.079,366.966,1147.05,1147.05,1034.87,4.54747e-13,3.96451e-14
A1,CATM,2031,789.342,371.334,1160.68,1160.68,1047.17,0,0
A1,CATM,2032,798.761,376.143,1174.9,1174.9,1060.04,2.27374e-13,1.93525e-14
A1,CATM,2033,808.344,380.83,1189.17,1189.17,1072.94,2.27374e-13,1.91203e-14
A1,CATM,2034,818.099,385.396,1203.5,1203.5,1085.85,-2.27374e-13,-1.88928e-14
A1,CATM,2035,828.035,389.924,1217.96,1217.96,1098.89,0,0
A1,CATM,2036,837.401,393.902,1231.3,1231.3,1110.89,0,0
A1,CATM,2037,846.873,397.849,1244.72,1244.72,1122.94,2.27374e-13,1.8267e-14
A1,CATM,2038,856.451,401.195,1257.65,1257.65,1134.49,-9.09495e-13,-7.23172e-14
A1,CATM,2039,866.137,403.954,1270.09,1270.09,1145.54,0,0
A1,CATM,2040,875.932,406.024,1281.96,1281.96,1156,9.09495e-13,7.09459e-14
A1,CATM,2041,885.837,407.047,1292.88,1292.88,1165.5,6.82121e-13,5.27596e-14
A1,CATM,2042,895.854,407.851,1303.71,1303.71,1174.88,4.54747e-13,3.48811e-14
A1,CATM,2043,905.984,407.951,1313.94,1313.94,1183.65,4.54747e-13,3.46096e-14
A1,CATM,2044,916.228,407.339,1323.57,1323.57,1191.81,0,0
A1,CATM,2045,926.587,405.95,1332.54,1332.54,1199.29,4.54747e-13,3.41264e-14
A1,CATM,2046,937.063,403.595,1340.66,1340.66,1205.91,-6.82121e-13,-5.08796e-14
A1,CATM,2047,947.656,400.438,1348.09,1348.09,1211.82,-6.82121e-13,-5.05989e-14
A1,CATM,2048,958.369,396.35,1354.72,1354.72,1216.91,4.54747e-13,3.35676e-14
A1,CATM,2049,969.203,391.227,1360.43,1360.43,1221.06,-1.13687e-12,-8.35669e-14
A1,CATM,2050,980.159,385.029,1365.19,1365.19,1224.24,1.36424e-12,9.99307e-14
A1,SHGM,2023,531,43.24,574.24,574.24,501.279,0,0
A1,SHGM,2024,518,36.53,554.53,554.53,495.466,0,0
A1,SHGM,2025,520.85,41.2079,562.058,562.058,502.669,3.41061e-13,6.06806e-14
A1,SHGM,2026,523.723,45.4439,569.167,569.167,509.45,4.54747e-13,7.9897e-14
A1,SHGM,2027,526.619,50.1042,576.723,576.723,516.676,-4.54747e-13,-7.88502e-14
A1,SHGM,2028,529.538,54.6572,584.195,584.195,523.816,-3.41061e-13,-5.83812e-14
A1,SHGM,2029,532.248,59.3891,591.637,591.637,530.948,-2.27374e-13,-3.84313e-14
A1,SHGM,2030,534.766,64.207,598.973,598.973,537.998,-1.13687e-13,-1.89803e-14
A1,SHGM,2031,537.111,68.9017,606.013,606.013,544.769,-1.13687e-13,-1.87598e-14
A1,SHGM,2032,539.298,74.0461,613.344,613.344,551.851,-6.82121e-13,-1.11214e-13
A1,SHGM,2033,541.342,79.3463,620.688,620.688,558.962,3.41061e-13,5.49488e-14
A1,SHGM,2034,543.257,84.793,628.05,628.05,566.106,4.54747e-13,7.24062e-14
A1,SHGM,2035,545.057,90.4184,635.476,635.476,573.327,0,0
A1,SHGM,2036,547.063,95.451,642.514,642.514,580.136,-2.27374e-13,-3.53881e-14
A1,SHGM,2037,548.95,100.662,649.612,649.612,587.019,2.27374e-13,3.50015e-14
A1,SHGM,2038,550.731,105.756,656.487,656.487,593.691,-2.27374e-13,-3.46349e-14
A1,SHGM,2039,552.416,110.734,663.15,663.15,600.161,4.54747e-13,6.85739e-14
A1,SHGM,2040,554.271,115.306,669.577,669.577,606.377,2.27374e-13,3.39578e-14
A1,SHGM,2041,556.023,119.564,675.587,675.587,612.187,4.54747e-13,6.73115e-14
A1,SHGM,2042,557.682,123.88,681.563,681.563,617.974,5.68434e-13,8.34016e-14
A1,SHGM,2043,559.258,128.003,687.261,687.261,623.493,-1.13687e-13,-1.6542e-14
A1,SHGM,2044,560.757,131.921,692.678,692.678,628.739,-5.68434e-13,-8.20633e-14
A1,SHGM,2045,561.536,136.17,697.706,697.706,633.677,3.41061e-13,4.88832e-14
A1,SHGM,2046,562.316,140.015,702.331,702.331,638.213,0,0
A1,SHGM,2047,563.097,143.534,706.631,706.631,642.424,2.27374e-13,3.21772e-14
A1,SHGM,2048,563.879,146.66,710.538,710.538,646.243,2.27374e-13,3.20002e-14
A1,SHGM,2049,564.662,149.336,713.997,713.997,649.613,5.68434e-13,7.96129e-14
A1,SHGM,2050,565.446,151.539,716.985,716.985,652.511,1.13687e-13,1.58562e-14
A1,CHKM,2023,2609.25,74.7687,2684.02,2684.02,2423.09,9.09495e-13,3.38856e-14
A1,CHKM,2024,2637.39,20.6355,2658.03,2658.03,2394.29,-9.09495e-13,-3.42169e-14
A1,CHKM,2025,2727.89,0,2727.89,2700.85,2428.06,27.0463,1.0014
A1,CHKM,2026,2733.34,0.232914,2733.57,2733.57,2460.24,-4.54747e-12,-1.66357e-13
A1,CHKM,2027,2741.5,27.1363,2768.63,2768.63,2494.48,-1.49762e-08,-5.40924e-10
A1,CHKM,2028,2749.8,53.6797,2803.48,2803.48,2528.5,-4.54747e-13,-1.62208e-14
A1,CHKM,2029,2758.25,80.1846,2838.43,2838.43,2562.61,3.63798e-12,1.28169e-13
A1,CHKM,2030,2766.85,106.328,2873.18,2873.18,2596.5,-9.09495e-13,-3.16546e-14
A1,CHKM,2031,2775.64,131.304,2906.94,2906.94,2629.38,9.09495e-13,3.1287e-14
A1,CHKM,2032,2784.61,157.566,2942.18,2942.18,2663.72,4.54747e-13,1.54561e-14
A1,CHKM,2033,2793.79,183.942,2977.73,2977.73,2698.35,-1.81899e-12,-6.10864e-14
A1,CHKM,2034,2803.2,210.446,3013.64,3013.64,2733.32,-2.72848e-12,-9.05377e-14
A1,CHKM,2035,2812.85,237.279,3050.13,3050.13,2768.84,4.09273e-12,1.34182e-13
A1,CHKM,2036,2831.01,253.708,3084.72,3084.72,2801.62,1.36424e-12,4.42259e-14
A1,CHKM,2037,2847.25,272.187,3119.44,3119.44,2834.71,0,0
A1,CHKM,2038,2862.56,290.641,3153.2,3153.2,2866.95,2.72848e-12,8.65305e-14
A1,CHKM,2039,2877.44,308.672,3186.11,3186.11,2898.37,1.81899e-12,5.70912e-14
A1,CHKM,2040,2892.14,325.806,3217.94,3217.94,2928.73,0,0
A1,CHKM,2041,2906.78,341.229,3248.01,3248.01,2957.33,-2.27374e-12,-7.00041e-14
A1,CHKM,2042,2921.42,356.543,3277.96,3277.96,2985.82,-1.81899e-12,-5.54914e-14
A1,CHKM,2043,2936.1,370.691,3306.8,3306.8,3013.19,3.18323e-12,9.62633e-14
A1,CHKM,2044,2950.84,383.642,3334.48,3334.48,3039.4,-3.18323e-12,-9.5464e-14
A1,CHKM,2045,2965.65,395.224,3360.87,3360.87,3064.3,-3.18323e-12,-9.47145e-14
A1,CHKM,2046,2980.51,404.974,3385.49,3385.49,3087.44,9.09495e-13,2.68645e-14
A1,CHKM,2047,2995.45,413.22,3408.67,3408.67,3109.13,0,0
A1,CHKM,2048,3010.46,419.681,3430.15,3430.15,3129.1,-4.54747e-13,-1.32574e-14
A1,CHKM,2049,3025.55,424.083,3449.63,3449.63,3147.08,-2.27374e-12,-6.59125e-14
A1,CHKM,2050,3040.7,426.316,3467.02,3467.02,3162.95,4.54747e-12,1.31164e-13
A1,EGGS,2023,3028.55,0,3028.55,3011.87,2383.06,16.68,0.553809
A1,EGGS,2024,3049.8,0,3049.8,3031.91,2386.64,17.8911,0.590095
A1,EGGS,2025,3064.17,0,3064.17,3051.36,2397.02,12.8009,0.419515
A1,EGGS,2026,3076.52,0,3076.52,3069.87,2406.54,6.64897,0.216588
A1,EGGS,2027,3087.18,1.62673,3088.8,3088.8,2416.52,-3.39969e-09,-1.10065e-10
A1,EGGS,2028,3096.41,10.6715,3107.08,3107.08,2425.85,0,0
A1,EGGS,2029,3104.45,20.3356,3124.79,3124.79,2434.55,-3.18323e-12,-1.0187e-13
A1,EGGS,2030,3111.51,30.3445,3141.86,3141.86,2442.6,-1.36424e-12,-4.34215e-14
A1,EGGS,2031,3117.77,40.3293,3158.1,3158.1,2449.8,1.81899e-12,5.75976e-14
A1,EGGS,2032,3123.39,50.6747,3174.06,3174.06,2456.62,-3.63798e-12,-1.14616e-13
A1,EGGS,2033,3128.5,61.0915,3189.59,3189.59,2462.92,4.54747e-13,1.42572e-14
A1,EGGS,2034,3133.22,71.4365,3204.66,3204.66,2468.67,0,0
A1,EGGS,2035,3137.68,81.7242,3219.41,3219.41,2473.97,-4.54747e-13,-1.41252e-14
A1,EGGS,2036,3122.82,114.663,3237.49,3237.49,2483.37,1.81899e-12,5.61852e-14
A1,EGGS,2037,3107.57,147.157,3254.73,3254.73,2492.32,0,0
A1,EGGS,2038,3092.02,178.973,3270.99,3270.99,2500.67,1.36424e-12,4.17073e-14
A1,EGGS,2039,3076.25,210.126,3286.38,3286.38,2508.5,0,0
A1,EGGS,2040,3060.33,240.384,3300.72,3300.72,2515.61,4.54747e-13,1.37772e-14
A1,EGGS,2041,3044.31,269.627,3313.93,3313.93,2521.91,1.81899e-12,5.48892e-14
A1,EGGS,2042,3028.21,298.076,3326.29,3326.29,2527.66,9.09495e-13,2.73426e-14
A1,EGGS,2043,3012.09,325.584,3337.67,3337.67,2532.71,9.09495e-13,2.72494e-14
A1,EGGS,2044,2995.95,352.155,3348.11,3348.11,2537.08,-1.36424e-12,-4.07467e-14
A1,EGGS,2045,2979.83,377.669,3357.5,3357.5,2540.66,1.81899e-12,5.41769e-14
A1,EGGS,2046,2963.73,401.895,3365.63,3365.63,2543.23,2.27374e-12,6.75576e-14
A1,EGGS,2047,2947.67,424.807,3372.48,3372.48,2544.76,4.54747e-13,1.34841e-14
A1,EGGS,2048,2931.66,446.399,3378.06,3378.06,2545.26,-1.36424e-12,-4.03853e-14
A1,EGGS,2049,2915.71,466.474,3382.19,3382.19,2544.53,-4.54747e-13,-1.34454e-14
A1,EGGS,2050,2899.82,484.975,3384.8,3384.8,2542.51,-9.09495e-13,-2.687e-14
A1,MILK,2023,4197,1694.13,5891.13,5891.13,5223.43,-9.09495e-13,-1.54384e-14
A1,MILK,2024,4079,1555.36,5634.36,5634.36,4998.61,0,0
A1,MILK,2025,3962.98,1740.37,5703.34,5703.34,5085.68,-4.54747e-12,-7.97335e-14
A1,MILK,2026,4076.9,1730.61,5807.5,5807.5,5172.09,-3.63798e-12,-6.26427e-14
A1,MILK,2027,4194.25,1722.35,5916.6,5916.6,5262.9,9.09495e-13,1.53719e-14
A1,MILK,2028,4315.16,1710.44,6025.61,6025.61,5353.05,-2.72848e-12,-4.52815e-14
A1,MILK,2029,4439.77,1695.49,6135.25,6135.25,5443.28,-3.63798e-12,-5.92963e-14
A1,MILK,2030,4568.19,1676.84,6245.03,6245.03,5533.04,-1.81899e-12,-2.9127e-14
A1,MILK,2031,4613.62,1728.56,6342.17,6342.17,5623.1,4.54747e-12,7.17021e-14
A1,MILK,2032,4659.77,1782.76,6442.53,6442.53,5716.26,1.81899e-12,2.82341e-14
A1,MILK,2033,4706.69,1837.02,6543.7,6543.7,5810.13,-9.09495e-13,-1.38988e-14
A1,MILK,2034,4754.41,1891.3,6645.7,6645.7,5904.69,-1.81899e-12,-2.73709e-14
A1,MILK,2035,4802.98,1946.01,6748.99,6748.99,6000.41,-9.09495e-13,-1.3476e-14
A1,MILK,2036,4843.47,2004.44,6847.91,6847.91,6093.02,0,0
A1,MILK,2037,4876.93,2069.61,6946.54,6946.54,6186.43,-9.09495e-13,-1.30928e-14
A1,MILK,2038,4904.66,2137.78,7042.44,7042.44,6278.01,0,0
A1,MILK,2039,4927.77,2208.1,7135.87,7135.87,6367.84,1.81899e-12,2.54908e-14
A1,MILK,2040,4947.13,2279.24,7226.37,7226.37,6455.32,-1.81899e-12,-2.51715e-14
A1,MILK,2041,4963.49,2351.76,7315.25,7315.25,6541.65,-3.63798e-12,-4.97314e-14
A1,MILK,2042,4977.41,2426.21,7403.62,7403.62,6627.85,-2.72848e-12,-3.68534e-14
A1,MILK,2043,4989.39,2499.84,7489.23,7489.23,6711.59,-1.81899e-12,-2.42881e-14
A1,MILK,2044,4999.79,2572.27,7572.06,7572.06,6792.81,-3.63798e-12,-4.80447e-14
A1,MILK,2045,5008.94,2642.82,7651.76,7651.76,6871.08,1.81899e-12,2.37722e-14
A1,MILK,2046,5017.08,2711.06,7728.14,7728.14,6946.19,1.63709e-11,2.11835e-13
A1,MILK,2047,5024.41,2776.71,7801.12,7801.12,7018.03,-1.81899e-12,-2.3317e-14
A1,MILK,2048,5031.09,2838.96,7870.05,7870.05,7085.91,-4.54747e-12,-5.7782e-14
A1,MILK,2049,5037.26,2897.01,7934.27,7934.27,7149.17,-9.09495e-13,-1.14629e-14
A1,MILK,2050,5043,2950.5,7993.51,7993.51,7207.51,0,0
A1,FISH,2023,7116.2,296,7412.2,7412.2,3132.04,0,0
A1,FISH,2024,7366,269,7635,7635,3204.13,0,0
A1,FISH,2025,7453.32,281.491,7734.81,7734.81,3238.96,-9.09495e-13,-1.17585e-14
A1,FISH,2026,7540.81,290.845,7831.66,7831.66,3270.51,-1.81899e-12,-2.32261e-14
A1,FISH,2027,7628.49,302.057,7930.55,7930.55,3303.52,0,0
A1,FISH,2028,7716.36,313.707,8030.07,8030.07,3336.55,1.81899e-12,2.26522e-14
A1,FISH,2029,7804.43,326.277,8130.7,8130.7,3369.66,0,0
A1,FISH,2030,7892.71,339.332,8232.04,8232.04,3402.93,7.27596e-12,8.83858e-14
A1,FISH,2031,7981.22,350.655,8331.87,8331.87,3433.97,0,0
A1,FISH,2032,8069.98,363.49,8433.47,8433.47,3465.74,1.81899e-12,2.15687e-14
A1,FISH,2033,8159,377.658,8536.66,8536.66,3498.15,9.09495e-12,1.0654e-13
A1,FISH,2034,8248.33,393.254,8641.59,8641.59,3531.26,-1.81899e-12,-2.10493e-14
A1,FISH,2035,8333.86,414.136,8747.99,8747.99,3565.38,1.81899e-12,2.07932e-14
A1,FISH,2036,8405.51,455.647,8861.15,8861.15,3595.11,1.81899e-12,2.05277e-14
A1,FISH,2037,8461.78,510.284,8972.06,8972.06,3624.36,0,0
A1,FISH,2038,8505.54,575.33,9080.87,9080.87,3652.86,5.45697e-12,6.0093e-14
A1,FISH,2039,8539.17,648.86,9188.03,9188.03,3680.72,7.27596e-12,7.91895e-14
A1,FISH,2040,8564.61,728.888,9293.49,9293.49,3707.64,1.81899e-12,1.95727e-14
A1,FISH,2041,8583.44,812.24,9395.68,9395.68,3731.8,3.63798e-12,3.87197e-14
A1,FISH,2042,8596.97,899.82,9496.79,9496.79,3755.24,0,0
A1,FISH,2043,8606.22,990.501,9596.72,9596.72,3777.73,1.81899e-12,1.89543e-14
A1,FISH,2044,8612.05,1083.56,9695.61,9695.61,3799.28,-3.63798e-12,-3.75219e-14
A1,FISH,2045,8615.13,1178.19,9793.32,9793.32,3819.72,3.63798e-12,3.71476e-14
A1,FISH,2046,8616.01,1273.08,9889.09,9889.09,3838.23,-1.09139e-11,-1.10363e-13
A1,FISH,2047,8615.13,1368.2,9983.33,9983.33,3855.24,3.63798e-12,3.64405e-14
A1,FISH,2048,8612.83,1463.22,10076.1,10076.1,3870.7,-7.27596e-12,-7.22104e-14
A1,FISH,2049,8609.42,1557.51,10166.9,10166.9,3884.31,0,0
A1,FISH,2050,8605.1,1650.72,10255.8,10255.8,3895.96,1.81899e-12,1.77362e-14
A2,RICE,2023,20660.3,100.6,20760.9,20760.9,15799.6,3.63798e-12,1.75232e-14
A2,RICE,2024,20753.5,78.57,20832.1,20832.1,15650,0,0
A2,RICE,2025,20794.1,109.625,20903.8,20903.8,15419.7,1.09139e-11,5.22104e-14
A2,RICE,2026,20834.1,153.059,20987.1,20987.1,15216.1,3.63798e-12,1.73343e-14
A2,RICE,2027,20873.2,166.973,21040.2,21040.2,15016.4,-7.27596e-12,-3.45812e-14
A2,RICE,2028,20911.5,164.664,21076.2,21076.2,14817.2,0,0
A2,RICE,2029,20948.9,166.116,21115,21115,14617.7,3.63798e-12,1.72294e-14
A2,RICE,2030,20985.2,172.903,21158.1,21158.1,14418.2,7.27596e-12,3.43885e-14
A2,RICE,2031,21004.7,164.307,21169,21169,14235.9,-1.63709e-10,-7.73344e-13
A2,RICE,2032,21022.9,120.865,21143.7,21143.7,14052.1,7.27596e-12,3.44119e-14
A2,RICE,2033,21039.7,81.5639,21121.2,21121.2,13868.1,1.09139e-11,5.16729e-14
A2,RICE,2034,21054.9,46.3688,21101.3,21101.3,13683.6,0,0
A2,RICE,2035,21068.5,15.8229,21084.3,21084.3,13499.3,2.54659e-11,1.20781e-13
A2,RICE,2036,21079.7,0,21079.7,21074.6,13330,5.09311,0.024167
A2,RICE,2037,21089,0,21089,21065.4,13160.4,23.5269,0.111685
A2,RICE,2038,21096.5,0,21096.5,21058,12991.8,38.493,0.182795
A2,RICE,2039,21102.4,0,21102.4,21052.7,12824.5,49.7396,0.236263
A2,RICE,2040,21107,0,21107,21048.6,12657.5,58.345,0.277192
A2,RICE,2041,21110.3,0,21110.3,21057,12502.1,53.2431,0.252852
A2,RICE,2042,21112.5,0,21112.5,21065.8,12346,46.7341,0.221848
A2,RICE,2043,21113.7,0,21113.7,21075.8,12190.2,37.9401,0.180018
A2,RICE,2044,21114.1,0,21114.1,21087.2,12034.8,26.8069,0.127124
A2,RICE,2045,21113.5,0,21113.5,21099.6,11879.3,13.8816,0.0657907
A2,RICE,2046,21112.2,2.65896,21114.9,21114.9,11725.6,5.45697e-11,2.58442e-13
A2,RICE,2047,21110.2,19.3995,21129.6,21129.6,11570.4,-1.56797e-09,-7.42071e-12
A2,RICE,2048,21107.6,36.7842,21144.4,21144.4,11414.1,-1.09139e-10,-5.16163e-13
A2,RICE,2049,21104.3,53.9886,21158.3,21158.3,11255.9,-3.63798e-12,-1.71941e-14
A2,RICE,2050,21100.5,70.8511,21171.3,21171.3,11095.8,-3.63798e-12,-1.71835e-14
A2,WHEA,2023,13659,1189.4,14848.4,14848.4,9162.85,-1.81899e-12,-1.22504e-14
A2,WHEA,2024,14009.9,1106.26,15116.2,15116.2,9100,3.63798e-12,2.40668e-14
A2,WHEA,2025,14115.7,990.604,15106.3,15106.3,8970.45,-9.09495e-12,-6.02063e-14
A2,WHEA,2026,14217.3,897.115,15114.4,15114.4,8856.12,3.63798e-12,2.40696e-14
A2,WHEA,2027,14314.7,810.613,15125.3,15125.3,8743.77,-1.81899e-12,-1.20261e-14
A2,WHEA,2028,14407.9,729.355,15137.3,15137.3,8631.34,5.45697e-12,3.60499e-14
A2,WHEA,2029,14496.8,653.778,15150.6,15150.6,8518.37,1.81899e-12,1.2006e-14
A2,WHEA,2030,14581.4,583.49,15164.9,15164.9,8405.08,3.63798e-12,2.39895e-14
A2,WHEA,2031,14595.7,519.227,15115,15115,8301.51,5.45697e-12,3.61031e-14
A2,WHEA,2032,14605,456.421,15061.4,15061.4,8196.64,1.09139e-11,7.24628e-14
A2,WHEA,2033,14608.9,397.575,15006.5,15006.5,8091.24,1.81899e-12,1.21213e-14
A2,WHEA,2034,14607.3,342.759,14950,14950,7985.2,0,0
A2,WHEA,2035,14599.8,292.45,14892.2,14892.2,7878.79,3.63798e-12,2.44287e-14
A2,WHEA,2036,14588.4,240.459,14828.9,14828.9,7781.15,-3.63798e-12,-2.45331e-14
A2,WHEA,2037,14573.5,190.565,14764,14764,7683.33,-5.45697e-12,-3.69612e-14
A2,WHEA,2038,14555.4,143.155,14698.5,14698.5,7586.01,-9.09495e-12,-6.18765e-14
A2,WHEA,2039,14534.5,98.1954,14632.7,14632.7,7489.42,-9.09495e-12,-6.21551e-14
A2,WHEA,2040,14511,54.9206,14565.9,14565.9,7393.02,-3.63798e-12,-2.49759e-14
A2,WHEA,2041,14485.3,19.5968,14504.9,14504.9,7303.33,1.81899e-12,1.25405e-14
A2,WHEA,2042,14457.6,0,14457.6,14442.4,7213.22,15.111,0.104629
A2,WHEA,2043,14428,0,14428,14379.2,7123.26,48.834,0.339616
A2,WHEA,2044,14396.8,0,14396.8,14315.2,7033.49,81.6754,0.570552
A2,WHEA,2045,14364.2,0,14364.2,14250.1,6943.65,114.161,0.801128
A2,WHEA,2046,14330.4,0,14330.4,14185.1,6854.85,145.251,1.02397
A2,WHEA,2047,14295.4,0,14295.4,14118.3,6765.11,177.051,1.25405
A2,WHEA,2048,14259.4,0,14259.4,14050,6674.73,209.407,1.49045
A2,WHEA,2049,14222.5,0,14222.5,13979.6,6583.24,242.895,1.7375
A2,WHEA,2050,14184.8,0,14184.8,13907.1,6490.57,277.702,1.99683
A2,MAIZ,2023,28884,2712.1,31596.1,31596.1,1890,0,0
A2,MAIZ,2024,29492,1363,30855,30855,1890,0,0
A2,MAIZ,2025,29896.1,1135.51,31031.6,31031.6,1874.44,-2.54659e-11,-8.20643e-14
A2,MAIZ,2026,30301.1,913.57,31214.7,31214.7,1861.48,-1.45519e-11,-4.66188e-14
A2,MAIZ,2027,30706.7,1366.11,32072.8,32072.8,1848.79,3.63798e-12,1.13429e-14
A2,MAIZ,2028,31112.1,1268.74,32380.8,32380.8,1835.68,-3.63798e-12,-1.1235e-14
A2,MAIZ,2029,31516.8,1080.31,32597.1,32597.1,1822.15,-1.81899e-11,-5.58022e-14
A2,MAIZ,2030,31920.1,864.209,32784.3,32784.3,1808.22,1.45519e-11,4.43868e-14
A2,MAIZ,2031,31929.1,827.789,32756.9,32756.9,1796.09,-7.27596e-12,-2.2212e-14
A2,MAIZ,2032,31930.2,806.741,32737,32737,1783.6,-7.27596e-12,-2.22255e-14
A2,MAIZ,2033,31922.7,786.427,32709.1,32709.1,1770.79,3.63798e-12,1.11222e-14
A2,MAIZ,2034,31915,760.13,32675.1,32675.1,1757.64,0,0
A2,MAIZ,2035,31897,736.085,32633.1,32633.1,1744.22,-7.27596e-12,-2.22963e-14
A2,MAIZ,2036,31872,907.288,32779.3,32779.3,1732.41,1.45519e-11,4.43936e-14
A2,MAIZ,2037,31840.8,1077.06,32917.9,32917.9,1720.33,-7.27596e-12,-2.21034e-14
A2,MAIZ,2038,31804.1,1246.18,33050.3,33050.3,1707.97,0,0
A2,MAIZ,2039,31762.5,1415.05,33177.5,33177.5,1695.39,7.27596e-12,2.19304e-14
A2,MAIZ,2040,31716.5,1583.86,33300.3,33300.3,1682.49,0,0
A2,MAIZ,2041,31666.6,1753.85,33420.4,33420.4,1670.88,0,0
A2,MAIZ,2042,31613.3,1923.23,33536.5,33536.5,1658.96,-7.27596e-12,-2.16956e-14
A2,MAIZ,2043,31556.9,2091.83,33648.8,33648.8,1646.74,-7.27596e-12,-2.16233e-14
A2,MAIZ,2044,31497.8,2259.45,33757.3,33757.3,1634.25,2.18279e-11,6.46612e-14
A2,MAIZ,2045,31436.3,2424.96,33861.3,33861.3,1621.41,7.27596e-12,2.14875e-14
A2,MAIZ,2046,31372.7,2589.16,33961.9,33961.9,1608.54,2.18279e-11,6.42717e-14
A2,MAIZ,2047,31307.2,2751.28,34058.5,34058.5,1595.17,0,0
A2,MAIZ,2048,31240,2911.09,34151.1,34151.1,1581.33,1.45519e-11,4.26104e-14
A2,MAIZ,2049,31171.4,3068.11,34239.5,34239.5,1566.93,1.45519e-11,4.25004e-14
A2,MAIZ,2050,31101.4,3222.04,34323.4,34323.4,1551.94,7.27596e-12,2.11982e-14
A2,POTA,2023,9150,0,9150,9125,5872,25,0.273973
A2,POTA,2024,9500,0,9500,9445,6081.92,55,0.582319
A2,POTA,2025,9564.68,0,9564.68,9431.14,6034.63,133.545,1.416
A2,POTA,2026,9625.18,0,9625.18,9435.04,5995.69,190.144,2.0153
A2,POTA,2027,9681.49,0,9681.49,9465.59,5957.88,215.908,2.28097
A2,POTA,2028,9733.56,0,9733.56,9490.92,5918.52,242.635,2.55649
A2,POTA,2029,9781.37,0,9781.37,9526.34,5877.68,255.028,2.67708
A2,POTA,2030,9824.87,0,9824.87,9557.94,5835.37,266.922,2.79267
A2,POTA,2031,9863.92,0,9863.92,9590.85,5799,273.072,2.84721
A2,POTA,2032,9898.47,0,9898.47,9621.08,5761.87,277.39,2.88315
A2,POTA,2033,9928.33,0,9928.33,9649.64,5723.66,278.694,2.88813
A2,POTA,2034,9953.35,0,9953.35,9675.64,5684.33,277.714,2.87023
A2,POTA,2035,9973.36,0,9973.36,9702.97,5644.14,270.389,2.78667
A2,POTA,2036,9993.11,0,9993.11,9738.47,5609.16,254.64,2.61478
A2,POTA,2037,10012.1,0,10012.1,9770.99,5573.33,241.065,2.46715
A2,POTA,2038,10030.2,0,10030.2,9800.2,5536.29,230.02,2.3471
A2,POTA,2039,10047.6,0,10047.6,9826.31,5498.24,221.324,2.25236
A2,POTA,2040,10064.3,0,10064.3,9848.97,5458.8,215.362,2.18664
A2,POTA,2041,10080.3,0,10080.3,9873.77,5423.56,206.561,2.09202
A2,POTA,2042,10095.7,0,10095.7,9895.55,5387.33,200.105,2.02218
A2,POTA,2043,10110.3,0,10110.3,9914.08,5349.83,196.257,1.97958
A2,POTA,2044,10124.4,0,10124.4,9929.45,5311.15,194.936,1.96321
A2,POTA,2045,10137.8,0,10137.8,9941.47,5271.07,196.359,1.97515
A2,POTA,2046,10150.7,0,10150.7,9951.29,5230.7,199.401,2.00377
A2,POTA,2047,10163,0,10163,9957.4,5188.52,205.573,2.06453
A2,POTA,2048,10174.7,0,10174.7,9959.89,5144.57,214.825,2.15691
A2,POTA,2049,10185.9,0,10185.9,9958.41,5098.5,227.499,2.28449
A2,POTA,2050,10196.6,0,10196.6,9952.94,5050.26,243.642,2.44794
A2,SOYS,2023,2084.17,9849,11933.2,11933.2,1550,0,0
A2,SOYS,2024,2065,10497,12562,12562,1675,-1.81899e-12,-1.44801e-14
A2,SOYS,2025,2190,10035.8,12225.8,12225.8,1676.04,-1.09139e-11,-8.92698e-14
A2,SOYS,2026,2322.21,9723.91,12046.1,12046.1,1677.33,-9.09495e-12,-7.55011e-14
A2,SOYS,2027,2462,9441.55,11903.6,11903.6,1679.12,-5.45697e-12,-4.58432e-14
A2,SOYS,2028,2609.75,9176.45,11786.2,11786.2,1680.44,3.63798e-12,3.08664e-14
A2,SOYS,2029,2765.82,8927.82,11693.6,11693.6,1681.37,0,0
A2,SOYS,2030,2930.63,8686.29,11616.9,11616.9,1681.83,1.81899e-12,1.56581e-14
A2,SOYS,2031,2961.78,8546.53,11508.3,11508.3,1682.39,-1.09139e-11,-9.48353e-14
A2,SOYS,2032,2992.54,8415.02,11407.6,11407.6,1682.92,-5.45697e-12,-4.78364e-14
A2,SOYS,2033,3022.79,8293.92,11316.7,11316.7,1683.15,-3.63798e-12,-3.2147e-14
A2,SOYS,2034,3052.01,8182.5,11234.5,11234.5,1683.05,-1.81899e-12,-1.61911e-14
A2,SOYS,2035,3080.52,8079.49,11160,11160,1682.72,0,0
A2,SOYS,2036,3096.98,8105.26,11202.2,11202.2,1682.33,1.09139e-11,9.74264e-14
A2,SOYS,2037,3105.98,8133.19,11239.2,11239.2,1681.73,1.81899e-12,1.61844e-14
A2,SOYS,2038,3110.42,8161.7,11272.1,11272.1,1680.64,-5.45697e-12,-4.84112e-14
A2,SOYS,2039,3112.05,8190.11,11302.2,11302.2,1679.11,-1.81899e-12,-1.60942e-14
A2,SOYS,2040,3111.96,8217.99,11329.9,11329.9,1677.01,-5.45697e-12,-4.81641e-14
A2,SOYS,2041,3110.79,8245.5,11356.3,11356.3,1674.79,0,0
A2,SOYS,2042,3108.92,8272.43,11381.3,11381.3,1672.26,0,0
A2,SOYS,2043,3106.6,8298.56,11405.2,11405.2,1669.2,3.63798e-12,3.18977e-14
A2,SOYS,2044,3103.96,8323.95,11427.9,11427.9,1665.61,3.63798e-12,3.18342e-14
A2,SOYS,2045,3101.09,8348.39,11449.5,11449.5,1661.43,3.63798e-12,3.17742e-14
A2,SOYS,2046,3098.05,8372.17,11470.2,11470.2,1656.65,2.18279e-11,1.903e-13
A2,SOYS,2047,3094.87,8395.27,11490.1,11490.1,1651.18,0,0
A2,SOYS,2048,3091.56,8417.7,11509.3,11509.3,1644.98,-3.63798e-12,-3.16091e-14
A2,SOYS,2049,3088.15,8439.38,11527.5,11527.5,1637.92,-1.81899e-12,-1.57795e-14
A2,SOYS,2050,3084.63,8460.34,11545,11545,1629.99,-1.81899e-12,-1.57557e-14
A2,RAPS,2023,1631.74,519.81,2151.55,2151.55,0,0,0
A2,RAPS,2024,1674,638.56,2312.56,2312.56,0,0,0
A2,RAPS,2025,1717.63,628.481,2346.11,2346.11,0,-1.36424e-12,-5.8149e-14
A2,RAPS,2026,1762.14,614.208,2376.35,2376.35,0,4.54747e-13,1.91364e-14
A2,RAPS,2027,1807.5,586.552,2394.05,2394.05,0,-4.54747e-13,-1.89949e-14
A2,RAPS,2028,1853.7,559.211,2412.91,2412.91,0,0,0
A2,RAPS,2029,1900.72,532.654,2433.37,2433.37,0,-4.54747e-13,-1.8688e-14
A2,RAPS,2030,1948.52,506.343,2454.87,2454.87,0,4.54747e-13,1.85243e-14
A2,RAPS,2031,1961.93,501.691,2463.62,2463.62,0,-2.27374e-12,-9.22924e-14
A2,RAPS,2032,1974.95,496.164,2471.12,2471.12,0,-4.54747e-13,-1.84025e-14
A2,RAPS,2033,1987.52,491.508,2479.03,2479.03,0,4.54747e-13,1.83438e-14
A2,RAPS,2034,1999.29,487.977,2487.27,2487.27,0,-9.09495e-13,-3.6566e-14
A2,RAPS,2035,2010.48,485.339,2495.82,2495.82,0,-2.27374e-12,-9.11018e-14
A2,RAPS,2036,2021.33,482.675,2504.01,2504.01,0,-9.09495e-13,-3.63215e-14
A2,RAPS,2037,2031.72,479.673,2511.39,2511.39,0,4.54747e-13,1.81074e-14
A2,RAPS,2038,2041.69,476.494,2518.19,2518.19,0,-1.81899e-12,-7.22341e-14
A2,RAPS,2039,2051.31,473.233,2524.54,2524.54,0,9.09495e-13,3.60261e-14
A2,RAPS,2040,2060.61,469.995,2530.61,2530.61,0,4.54747e-13,1.79699e-14
A2,RAPS,2041,2069.63,466.769,2536.4,2536.4,0,9.09495e-13,3.58577e-14
A2,RAPS,2042,2078.39,463.583,2541.98,2541.98,0,4.54747e-13,1.78895e-14
A2,RAPS,2043,2086.92,460.457,2547.38,2547.38,0,-1.81899e-12,-7.14063e-14
A2,RAPS,2044,2095.23,457.407,2552.64,2552.64,0,4.54747e-13,1.78148e-14
A2,RAPS,2045,2103.34,454.329,2557.67,2557.67,0,-1.36424e-12,-5.33392e-14
A2,RAPS,2046,2111.26,451.359,2562.62,2562.62,0,-5.00222e-12,-1.95199e-13
A2,RAPS,2047,2119.01,448.502,2567.51,2567.51,0,9.09495e-13,3.54232e-14
A2,RAPS,2048,2126.58,445.764,2572.34,2572.34,0,4.54747e-13,1.76783e-14
A2,RAPS,2049,2133.99,443.146,2577.13,2577.13,0,-4.54747e-13,-1.76455e-14
A2,RAPS,2050,2141.24,440.653,2581.89,2581.89,0,-4.54747e-13,-1.7613e-14
A2,GRDS,2023,1860,20,1880,1070,810,810,75.7009
A2,GRDS,2024,1900,5,1905,1905,850,-4.54747e-13,-2.38713e-14
A2,GRDS,2025,1927.66,0,1927.66,1910.53,858.091,17.1258,0.896389
A2,GRDS,2026,1955.42,0,1955.42,1916.97,865.964,38.4524,2.00589
A2,GRDS,2027,1967.56,0,1967.56,1924.73,874.446,42.8341,2.22547
A2,GRDS,2028,1979.41,0,1979.41,1932.73,882.627,46.68,2.41523
A2,GRDS,2029,1990.96,0,1990.96,1941.32,890.644,49.6354,2.55678
A2,GRDS,2030,2002.16,0,2002.16,1950.13,898.377,52.0264,2.66784
A2,GRDS,2031,2012.96,0,2012.96,1956.53,906.046,56.4301,2.8842
A2,GRDS,2032,2023.32,0,2023.32,1962.95,914.107,60.3649,3.07521
A2,GRDS,2033,2033.18,0,2033.18,1969.61,922.089,63.5685,3.22746
A2,GRDS,2034,2042.2,0,2042.2,1976.49,929.992,65.7054,3.32434
A2,GRDS,2035,2050.6,0,2050.6,1983.63,937.886,66.9611,3.37568
A2,GRDS,2036,2057.18,0,2057.18,1997.03,945.518,60.1501,3.01198
A2,GRDS,2037,2062.3,0,2062.3,2010.13,953.175,52.1645,2.59507
A2,GRDS,2038,2066.24,0,2066.24,2022.57,960.376,43.6749,2.15938
A2,GRDS,2039,2069.24,0,2069.24,2034.41,967.138,34.8334,1.71221
A2,GRDS,2040,2071.48,0,2071.48,2045.64,973.381,25.8454,1.26344
A2,GRDS,2041,2073.12,0,2073.12,2056.51,979.349,16.6076,0.807563
A2,GRDS,2042,2074.26,0,2074.26,2067.22,985.214,7.04429,0.340762
A2,GRDS,2043,2075.01,2.35085,2077.37,2077.37,990.563,0,0
A2,GRDS,2044,2075.45,11.5117,2086.97,2086.97,995.393,-1.36424e-12,-6.53696e-14
A2,GRDS,2045,2075.64,20.2847,2095.93,2095.93,999.653,-9.09495e-13,-4.33934e-14
A2,GRDS,2046,2075.63,28.6786,2104.31,2104.31,1003.34,-2.27374e-12,-1.08051e-13
A2,GRDS,2047,2075.46,36.6611,2112.12,2112.12,1006.45,5.00222e-12,2.36834e-13
A2,GRDS,2048,2075.16,44.0975,2119.26,2119.26,1008.87,4.54747e-13,2.14578e-14
A2,GRDS,2049,2074.76,50.8847,2125.65,2125.65,1010.53,-1.81899e-12,-8.55735e-14
A2,GRDS,2050,2074.28,56.9785,2131.26,2131.26,1011.4,0,0
A2,COTT,2023,561.8,191,752.8,752.8,0,0,0
A2,COTT,2024,616.4,261.8,878.2,878.2,0,0,0
A2,COTT,2025,617.205,188.739,805.943,805.943,0,-1.13687e-13,-1.41061e-14
A2,COTT,2026,617.917,185.43,803.348,803.348,0,2.27374e-13,2.83033e-14
A2,COTT,2027,618.53,182.211,800.742,800.742,0,-2.27374e-13,-2.83954e-14
A2,COTT,2028,619.032,179.087,798.12,798.12,0,1.13687e-13,1.42443e-14
A2,COTT,2029,619.417,176.108,795.525,795.525,0,3.41061e-13,4.28724e-14
A2,COTT,2030,619.673,173.234,792.907,792.907,0,1.13687e-13,1.4338e-14
A2,COTT,2031,619.787,170.502,790.289,790.289,0,-1.13687e-13,-1.43855e-14
A2,COTT,2032,619.75,167.95,787.7,787.7,0,2.27374e-13,2.88655e-14
A2,COTT,2033,619.544,165.59,785.134,785.134,0,2.27374e-13,2.89598e-14
A2,COTT,2034,615.991,167.283,783.275,783.275,0,4.54747e-13,5.80572e-14
A2,COTT,2035,612.262,169.179,781.44,781.44,0,2.27374e-13,2.90967e-14
A2,COTT,2036,608.524,171.048,779.573,779.573,0,1.13687e-13,1.45832e-14
A2,COTT,2037,604.721,173.549,778.27,778.27,0,1.13687e-13,1.46076e-14
A2,COTT,2038,600.856,176.611,777.466,777.466,0,2.27374e-13,2.92455e-14
A2,COTT,2039,596.933,180.173,777.106,777.106,0,1.13687e-13,1.46295e-14
A2,COTT,2040,592.955,184.176,777.131,777.131,0,1.13687e-13,1.4629e-14
A2,COTT,2041,588.928,188.57,777.497,777.497,0,1.13687e-13,1.46222e-14
A2,COTT,2042,584.853,193.309,778.162,778.162,0,-2.27374e-13,-2.92193e-14
A2,COTT,2043,580.736,198.354,779.089,779.089,0,0,0
A2,COTT,2044,576.578,203.669,780.247,780.247,0,-3.41061e-13,-4.37119e-14
A2,COTT,2045,572.383,209.219,781.603,781.603,0,1.13687e-13,1.45454e-14
A2,COTT,2046,568.155,214.969,783.125,783.125,0,-5.68434e-13,-7.25854e-14
A2,COTT,2047,563.897,220.891,784.787,784.787,0,2.27374e-13,2.89726e-14
A2,COTT,2048,559.61,226.96,786.57,786.57,0,-2.27374e-13,-2.8907e-14
A2,COTT,2049,555.298,233.149,788.447,788.447,0,0,0
A2,COTT,2050,550.964,239.436,790.401,790.401,0,0,0
A2,SUGC,2023,789,0,789,789,0,0,0
A2,SUGC,2024,882,0,882,882,0,0,0
A2,SUGC,2025,1050.8,0,1050.8,895.23,0,155.567,17.3774
A2,SUGC,2026,1241.72,0,1241.72,908.658,0,333.059,36.6539
A2,SUGC,2027,1455.87,0,1455.87,922.288,0,533.584,57.8544
A2,SUGC,2028,1694.16,0,1694.16,936.123,0,758.041,80.9766
A2,SUGC,2029,1957.28,0,1957.28,950.164,0,1007.11,105.993
A2,SUGC,2030,2245.63,0,2245.63,964.417,0,1281.22,132.849
A2,SUGC,2031,2559.37,0,2559.37,978.883,0,1580.49,161.458
A2,SUGC,2032,2898.37,0,2898.37,993.566,0,1904.8,191.713
A2,SUGC,2033,3262.15,0,3262.15,1008.47,0,2253.68,223.475
A2,SUGC,2034,3649.96,0,3649.96,1023.6,0,2626.36,256.582
A2,SUGC,2035,4060.74,0,4060.74,1038.95,0,3021.79,290.85
A2,SUGC,2036,4425.45,0,4425.45,1054.54,0,3370.92,319.659
A2,SUGC,2037,4742.47,0,4742.47,1070.35,0,3672.11,343.075
A2,SUGC,2038,5013.21,0,5013.21,1086.41,0,3926.8,361.448
A2,SUGC,2039,5241.07,0,5241.07,1102.7,0,4138.36,375.292
A2,SUGC,2040,5430.5,0,5430.5,1119.25,0,4311.25,385.193
A2,SUGC,2041,5586.33,0,5586.33,1136.03,0,4450.3,391.74
A2,SUGC,2042,5713.35,0,5713.35,1153.07,0,4560.28,395.489
A2,SUGC,2043,5816.03,0,5816.03,1170.37,0,4645.66,396.939
A2,SUGC,2044,5898.38,0,5898.38,1187.93,0,4710.46,396.528
A2,SUGC,2045,5963.91,0,5963.91,1205.75,0,4758.16,394.624
A2,SUGC,2046,6015.6,0,6015.6,1223.83,0,4791.77,391.539
A2,SUGC,2047,6056,0,6056,1242.19,0,4813.81,387.527
A2,SUGC,2048,6087.22,0,6087.22,1260.82,0,4826.4,382.798
A2,SUGC,2049,6110.99,0,6110.99,1279.73,0,4831.25,377.52
A2,SUGC,2050,6128.74,0,6128.74,1298.93,0,4829.81,371.83
A2,SUGB,2023,108,0,108,108,0,0,0
A2,SUGB,2024,114,0,114,114,0,0,0
A2,SUGB,2025,114.232,0,114.232,114,0,0.232277,0.203752
A2,SUGB,2026,114.448,0,114.448,114,0,0.447737,0.392752
A2,SUGB,2027,114.645,0,114.645,114,0,0.645003,0.565792
A2,SUGB,2028,114.822,0,114.822,114,0,0.821923,0.720985
A2,SUGB,2029,114.977,0,114.977,114,0,0.977227,0.857217
A2,SUGB,2030,115.109,0,115.109,114,0,1.10884,0.972668
A2,SUGB,2031,115.214,0,115.214,114,0,1.21417,1.06506
A2,SUGB,2032,115.291,0,115.291,114,0,1.29149,1.13288
A2,SUGB,2033,115.337,0,115.337,114,0,1.33743,1.17319
A2,SUGB,2034,115.432,0,115.432,114,0,1.43248,1.25656
A2,SUGB,2035,115.49,0,115.49,114,0,1.49044,1.30741
A2,SUGB,2036,115.548,0,115.548,114,0,1.54844,1.35828
A2,SUGB,2037,115.606,0,115.606,114,0,1.60647,1.40918
A2,SUGB,2038,115.665,0,115.665,114,0,1.66453,1.46011
A2,SUGB,2039,115.723,0,115.723,114,0,1.72261,1.51106
A2,SUGB,2040,115.781,0,115.781,114,0,1.78073,1.56204
A2,SUGB,2041,115.839,0,115.839,114,0,1.83887,1.61304
A2,SUGB,2042,115.897,0,115.897,114,0,1.89704,1.66407
A2,SUGB,2043,115.955,0,115.955,114,0,1.95524,1.71513
A2,SUGB,2044,116.013,0,116.013,114,0,2.01347,1.76621
A2,SUGB,2045,116.072,0,116.072,114,0,2.07174,1.81731
A2,SUGB,2046,116.13,0,116.13,114,0,2.13002,1.86844
A2,SUGB,2047,116.188,0,116.188,114,0,2.18834,1.9196
A2,SUGB,2048,116.247,0,116.247,114,0,2.24669,1.97078
A2,SUGB,2049,116.305,0,116.305,114,0,2.30507,2.02199
A2,SUGB,2050,116.363,0,116.363,114,0,2.36348,2.07323
A2,FRTO,2023,32744.3,365.6,33109.9,33109.9,15628.1,0,0
A2,FRTO,2024,34500,109.86,34609.9,34609.9,16380,0,0
A2,FRTO,2025,34682.7,22.2656,34704.9,34704.9,16464.7,-7.27596e-12,-2.09652e-14
A2,FRTO,2026,34862.3,0,34862.3,34784.1,16534.1,78.2261,0.22489
A2,FRTO,2027,35038.7,0,35038.7,34865.4,16606.2,173.235,0.496867
A2,FRTO,2028,35211.1,0,35211.1,34941.9,16674.1,269.221,0.770482
A2,FRTO,2029,35379.4,0,35379.4,35013.5,16737.7,365.941,1.04514
A2,FRTO,2030,35543,0,35543,35079.9,16796.8,463.085,1.32009
A2,FRTO,2031,35701.1,0,35701.1,35131.7,16842.1,569.436,1.62086
A2,FRTO,2032,35853.4,0,35853.4,35179.3,16884,674.056,1.91606
A2,FRTO,2033,35999,0,35999,35222.2,16921.9,776.793,2.20541
A2,FRTO,2034,36163.2,0,36163.2,35266.3,16955.5,896.879,2.54316
A2,FRTO,2035,36319.4,0,36319.4,35305.9,16985.3,1013.52,2.87068
A2,FRTO,2036,36458.1,0,36458.1,35372.7,17002.1,1085.45,3.06861
A2,FRTO,2037,36582.7,0,36582.7,35432.7,17015.9,1150.06,3.24577
A2,FRTO,2038,36696,0,36696,35486,17026,1210.06,3.40996
A2,FRTO,2039,36800.3,0,36800.3,35533.7,17033,1266.6,3.56451
A2,FRTO,2040,36897.3,0,36897.3,35574.9,17035.5,1322.34,3.71705
A2,FRTO,2041,36988.5,0,36988.5,35603.2,17026.7,1385.22,3.89072
A2,FRTO,2042,37075,0,37075,35626.5,17014.2,1448.57,4.06601
A2,FRTO,2043,37157.9,0,37157.9,35644.3,16997.5,1513.58,4.24635
A2,FRTO,2044,37237.8,0,37237.8,35657.1,16976.8,1580.68,4.433
A2,FRTO,2045,37315.4,0,37315.4,35664.4,16951.3,1651.05,4.62941
A2,FRTO,2046,37391.2,0,37391.2,35662.9,16917.8,1728.24,4.84605
A2,FRTO,2047,37465.5,0,37465.5,35654.4,16878,1811.06,5.07948
A2,FRTO,2048,37538.6,0,37538.6,35639,16831.9,1899.6,5.33012
A2,FRTO,2049,37610.9,0,37610.9,35615.6,16778.3,1995.33,5.6024
A2,FRTO,2050,37682.5,0,37682.5,35583.8,16716.9,2098.7,5.89791
A2,VEGT,2023,82868.1,0,82868.1,81577.7,19187.1,1290.41,1.58182
A2,VEGT,2024,83696.8,0,83696.8,82264,20415.5,1432.82,1.74174
A2,VEGT,2025,84308.9,0,84308.9,82639.5,20417.6,1669.41,2.02011
A2,VEGT,2026,84861.6,0,84861.6,83001,20416.1,1860.62,2.24169
A2,VEGT,2027,85356.2,0,85356.2,83353.3,20418.1,2002.95,2.40297
A2,VEGT,2028,85792.8,0,85792.8,83684.8,20415.3,2107.98,2.51895
A2,VEGT,2029,86172.1,0,86172.1,83995.3,20407.7,2176.79,2.59156
A2,VEGT,2030,86493.9,0,86493.9,84279.7,20395.3,2214.24,2.62725
A2,VEGT,2031,86757.1,0,86757.1,84536.8,20378.4,2220.31,2.62645
A2,VEGT,2032,86961.4,0,86961.4,84767.8,20358.3,2193.54,2.5877
A2,VEGT,2033,87104.2,0,87104.2,84969.4,20334.5,2134.77,2.5124
A2,VEGT,2034,87184,0,87184,85139.8,20306.8,2044.19,2.40098
A2,VEGT,2035,87198.2,0,87198.2,85278.2,20276,1920.03,2.25149
A2,VEGT,2036,87130.6,0,87130.6,85379.4,20239.2,1751.12,2.05099
A2,VEGT,2037,86997.5,0,86997.5,85441.3,20198.6,1556.18,1.82134
A2,VEGT,2038,86812.4,0,86812.4,85469.9,20153.6,1342.52,1.57076
A2,VEGT,2039,86586,0,86586,85471.1,20104.9,1114.89,1.3044
A2,VEGT,2040,86326.9,0,86326.9,85447.6,20051.1,879.232,1.02897
A2,VEGT,2041,86042,0,86042,85403.5,19992.6,638.493,0.747619
A2,VEGT,2042,85736.9,0,85736.9,85341.7,19929.9,395.239,0.463125
A2,VEGT,2043,85416.1,0,85416.1,85263.8,19862.4,152.228,0.178538
A2,VEGT,2044,85083,88.8982,85171.9,85171.9,19790.3,-1.45519e-11,-1.70854e-14
A2,VEGT,2045,84740.5,325.773,85066.2,85066.2,19712.8,2.91038e-11,3.42131e-14
A2,VEGT,2046,84390.8,555.686,84946.5,84946.5,19628.7,-4.36557e-11,-5.13921e-14
A2,VEGT,2047,84035.8,777.088,84812.9,84812.9,19537.3,1.45519e-11,1.71577e-14
A2,VEGT,2048,83676.8,989.416,84666.3,84666.3,19439,-1.45519e-11,-1.71874e-14
A2,VEGT,2049,83315.1,1190.49,84505.6,84505.6,19332.4,0,0
A2,VEGT,2050,82951.5,1379.42,84331,84331,19217.1,0,0
A2,OTGR,2023,3739.7,384.9,4124.6,4124.6,217.92,6.36646e-12,1.54353e-13
A2,OTGR,2024,3815.6,192.67,4008.27,4008.27,164.532,1.36424e-12,3.40357e-14
A2,OTGR,2025,3816.35,200.638,4016.99,4016.99,163.419,4.54747e-13,1.13206e-14
A2,OTGR,2026,3817.1,211.171,4028.27,4028.27,162.514,-1.36424e-12,-3.38667e-14
A2,OTGR,2027,3817.85,223.114,4040.96,4040.96,161.639,-4.54747e-13,-1.12534e-14
A2,OTGR,2028,3818.6,236.03,4054.63,4054.63,160.72,-4.54747e-13,-1.12155e-14
A2,OTGR,2029,3819.35,250.475,4069.82,4069.82,159.76,4.54747e-13,1.11736e-14
A2,OTGR,2030,3820.1,265.776,4085.87,4085.87,158.758,3.18323e-12,7.79082e-14
A2,OTGR,2031,3820.85,275.318,4096.17,4096.17,157.903,-9.09495e-13,-2.22036e-14
A2,OTGR,2032,3821.6,283.636,4105.23,4105.23,157.025,9.09495e-13,2.21545e-14
A2,OTGR,2033,3822.35,292.52,4114.87,4114.87,156.116,0,0
A2,OTGR,2034,3825.85,299.262,4125.11,4125.11,155.173,0,0
A2,OTGR,2035,3829.36,306.525,4135.88,4135.88,154.205,-9.09495e-13,-2.19903e-14
A2,OTGR,2036,3832.86,313.503,4146.37,4146.37,153.366,-1.81899e-12,-4.38695e-14
A2,OTGR,2037,3836.38,319.597,4155.97,4155.97,152.503,-9.09495e-13,-2.1884e-14
A2,OTGR,2038,3839.89,325.021,4164.91,4164.91,151.607,0,0
A2,OTGR,2039,3843.41,329.928,4173.34,4173.34,150.682,-9.09495e-13,-2.1793e-14
A2,OTGR,2040,3846.93,334.442,4181.37,4181.37,149.719,-9.09495e-13,-2.17511e-14
A2,OTGR,2041,3850.46,338.722,4189.18,4189.18,148.86,0,0
A2,OTGR,2042,3853.98,342.686,4196.67,4196.67,147.972,9.09495e-13,2.16718e-14
A2,OTGR,2043,3857.51,346.365,4203.88,4203.88,147.05,-1.81899e-12,-4.32693e-14
A2,OTGR,2044,3861.05,349.792,4210.84,4210.84,146.094,9.09495e-13,2.15989e-14
A2,OTGR,2045,3864.59,352.859,4217.44,4217.44,145.098,0,0
A2,OTGR,2046,3868.13,355.735,4223.86,4223.86,144.091,-9.09495e-13,-2.15323e-14
A2,OTGR,2047,3871.67,358.391,4230.06,4230.06,143.033,-9.09495e-13,-2.15007e-14
A2,OTGR,2048,3875.22,360.841,4236.06,4236.06,141.925,9.09495e-13,2.14703e-14
A2,OTGR,2049,3878.77,363.073,4241.84,4241.84,140.757,-9.09495e-13,-2.1441e-14
A2,OTGR,2050,3882.32,365.091,4247.41,4247.41,139.528,0,0
A2,SORG,2023,318,485.8,803.8,803.8,67,-1.13687e-13,-1.41437e-14
A2,SORG,2024,314,865.5,1179.5,1179.5,65,0,0
A2,SORG,2025,314.35,864.847,1179.2,1179.2,64.5537,-4.54747e-13,-3.85642e-14
A2,SORG,2026,314.624,864.939,1179.56,1179.56,64.1956,0,0
A2,SORG,2027,314.821,865.451,1180.27,1180.27,63.8562,6.82121e-13,5.77936e-14
A2,SORG,2028,314.94,866.259,1181.2,1181.2,63.5077,-4.54747e-13,-3.84988e-14
A2,SORG,2029,314.977,867.509,1182.49,1182.49,63.1508,0,0
A2,SORG,2030,314.931,869.029,1183.96,1183.96,62.7863,2.27374e-13,1.92045e-14
A2,SORG,2031,314.795,869.116,1183.91,1183.91,62.4885,-4.54747e-13,-3.84106e-14
A2,SORG,2032,314.568,868.932,1183.5,1183.5,62.1918,0,0
A2,SORG,2033,314.242,868.949,1183.19,1183.19,61.8937,-2.27374e-13,-1.9217e-14
A2,SORG,2034,313.812,869.167,1182.98,1182.98,61.5943,-2.27374e-13,-1.92204e-14
A2,SORG,2035,313.271,869.581,1182.85,1182.85,61.2975,-2.27374e-13,-1.92225e-14
A2,SORG,2036,312.633,870.215,1182.85,1182.85,61.0504,1.13687e-12,9.61128e-14
A2,SORG,2037,311.996,870.825,1182.82,1182.82,60.7929,2.27374e-13,1.9223e-14
A2,SORG,2038,311.36,871.444,1182.8,1182.8,60.5213,0,0
A2,SORG,2039,310.725,872.091,1182.82,1182.82,60.2375,-6.82121e-13,-5.76692e-14
A2,SORG,2040,310.092,872.781,1182.87,1182.87,59.9373,-4.54747e-13,-3.84443e-14
A2,SORG,2041,309.46,873.56,1183.02,1183.02,59.6771,4.54747e-13,3.84395e-14
A2,SORG,2042,308.83,874.376,1183.21,1183.21,59.4048,2.27374e-13,1.92168e-14
A2,SORG,2043,308.2,875.223,1183.42,1183.42,59.1174,-4.54747e-13,-3.84264e-14
A2,SORG,2044,307.572,876.101,1183.67,1183.67,58.8156,-6.82121e-13,-5.76275e-14
A2,SORG,2045,306.945,876.97,1183.92,1183.92,58.497,4.54747e-13,3.84105e-14
A2,SORG,2046,306.32,877.872,1184.19,1184.19,58.1725,3.41061e-12,2.88011e-13
A2,SORG,2047,305.696,878.786,1184.48,1184.48,57.8264,0,0
A2,SORG,2048,305.073,879.709,1184.78,1184.78,57.459,2.27374e-13,1.91912e-14
A2,SORG,2049,304.451,880.632,1185.08,1185.08,57.0663,2.27374e-13,1.91863e-14
A2,SORG,2050,303.83,881.549,1185.38,1185.38,56.6476,-2.27374e-13,-1.91815e-14
A2,BARL,2023,200,1589.8,1789.8,1640,90.2,149.8,9.13415
A2,BARL,2024,200,1424,1624,1624,89.32,0,0
A2,BARL,2025,200.234,1417.56,1617.8,1617.8,88.6562,-1.36424e-12,-8.43271e-14
A2,BARL,2026,200.421,1411.63,1612.05,1612.05,88.1201,-2.27374e-13,-1.41046e-14
A2,BARL,2027,200.558,1405.99,1606.54,1606.54,87.6001,-1.59162e-12,-9.90708e-14
A2,BARL,2028,200.645,1400.52,1601.17,1601.17,87.057,-4.54747e-13,-2.8401e-14
A2,BARL,2029,200.681,1395.39,1596.07,1596.07,86.4918,4.54747e-13,2.84917e-14
A2,BARL,2030,200.663,1390.41,1591.08,1591.08,85.9045,6.82121e-13,4.28717e-14
A2,BARL,2031,200.589,1384.65,1585.24,1585.24,85.4082,-4.54747e-13,-2.86864e-14
A2,BARL,2032,200.456,1378.79,1579.24,1579.24,84.9004,0,0
A2,BARL,2033,200.26,1373.11,1573.37,1573.37,84.3763,0,0
A2,BARL,2034,200.055,1367.58,1567.64,1567.64,83.8351,2.27374e-13,1.45042e-14
A2,BARL,2035,199.779,1362.26,1562.04,1562.04,83.281,-4.54747e-13,-2.91123e-14
A2,BARL,2036,199.441,1357.95,1557.39,1557.39,82.8069,1.81899e-12,1.16797e-13
A2,BARL,2037,199.103,1354.3,1553.41,1553.41,82.3197,4.54747e-13,2.92742e-14
A2,BARL,2038,198.766,1351.27,1550.04,1550.04,81.8143,2.27374e-13,1.46689e-14
A2,BARL,2039,198.43,1348.79,1547.22,1547.22,81.2935,-2.27374e-13,-1.46957e-14
A2,BARL,2040,198.094,1346.79,1544.88,1544.88,80.7517,4.54747e-13,2.94358e-14
A2,BARL,2041,197.759,1345.29,1543.05,1543.05,80.2743,2.27374e-13,1.47353e-14
A2,BARL,2042,197.424,1344.17,1541.59,1541.59,79.7819,-2.27374e-13,-1.47493e-14
A2,BARL,2043,197.09,1343.37,1540.46,1540.46,79.2703,-2.27374e-13,-1.47601e-14
A2,BARL,2044,196.756,1342.85,1539.61,1539.61,78.7405,-9.09495e-13,-5.90732e-14
A2,BARL,2045,196.423,1342.55,1538.97,1538.97,78.1894,2.27374e-13,1.47744e-14
A2,BARL,2046,196.091,1342.46,1538.55,1538.55,77.6342,-6.82121e-13,-4.43354e-14
A2,BARL,2047,195.759,1342.52,1538.28,1538.28,77.0516,-4.54747e-13,-2.95621e-14
A2,BARL,2048,195.428,1342.71,1538.14,1538.14,76.4419,2.27374e-13,1.47824e-14
A2,BARL,2049,195.097,1342.99,1538.09,1538.09,75.8002,0,0
A2,BARL,2050,194.767,1343.33,1538.1,1538.1,75.1255,-2.27374e-13,-1.47828e-14
A2,PIGM,2023,5794,152.32,5946.32,5946.32,4546.55,9.09495e-13,1.52951e-14
A2,PIGM,2024,5706,104.23,5810.23,5810.23,4444.17,0,0
A2,PIGM,2025,5731.07,133.292,5864.37,5864.37,4486.65,0,0
A2,PIGM,2026,5701.77,213.453,5915.22,5915.22,4528.76,-9.09495e-13,-1.53755e-14
A2,PIGM,2027,5675.42,285.931,5961.35,5961.35,4572.68,9.09495e-13,1.52565e-14
A2,PIGM,2028,5651.73,354.19,6005.92,6005.92,4615.04,0,0
A2,PIGM,2029,5630.44,418.922,6049.36,6049.36,4656.15,0,0
A2,PIGM,2030,5611.32,479.831,6091.15,6091.15,4695.66,0,0
A2,PIGM,2031,5601.57,531.365,6132.93,6132.93,4734.8,-1.81899e-12,-2.96594e-14
A2,PIGM,2032,5586.72,588.004,6174.72,6174.72,4774.22,-9.09495e-13,-1.47293e-14
A2,PIGM,2033,5573.62,641.843,6215.46,6215.46,4812.55,0,0
A2,PIGM,2034,5562.14,692.921,6255.06,6255.06,4849.69,0,0
A2,PIGM,2035,5552.18,741.568,6293.75,6293.75,4885.86,-9.09495e-13,-1.44508e-14
A2,PIGM,2036,5543.15,795.069,6338.22,6338.22,4921.43,-2.72848e-12,-4.30481e-14
A2,PIGM,2037,5535.76,846.495,6382.26,6382.26,4956.64,-2.72848e-12,-4.27511e-14
A2,PIGM,2038,5529.69,894.802,6424.49,6424.49,4990.12,0,0
A2,PIGM,2039,5524.66,940.351,6465.01,6465.01,5021.98,-2.72848e-12,-4.22039e-14
A2,PIGM,2040,5520.47,982.931,6503.4,6503.4,5051.84,-1.81899e-12,-2.79698e-14
A2,PIGM,2041,5516.94,1024.03,6540.97,6540.97,5081.01,-9.09495e-13,-1.39046e-14
A2,PIGM,2042,5513.95,1063.64,6577.59,6577.59,5109.38,-1.81899e-12,-2.76544e-14
A2,PIGM,2043,5511.38,1100.7,6612.07,6612.07,5135.77,-9.09495e-13,-1.37551e-14
A2,PIGM,2044,5509.14,1135.28,6644.43,6644.43,5160.19,0,0
A2,PIGM,2045,5507.18,1167.2,6674.38,6674.38,5182.38,-1.81899e-12,-2.72533e-14
A2,PIGM,2046,5505.43,1196.46,6701.9,6701.9,5202.33,-9.09495e-13,-1.35707e-14
A2,PIGM,2047,5503.85,1222.85,6726.7,6726.7,5219.78,0,0
A2,PIGM,2048,5502.41,1246.09,6748.5,6748.5,5234.43,-9.09495e-13,-1.3477e-14
A2,PIGM,2049,5501.08,1265.8,6766.87,6766.87,5245.87,1.81899e-12,2.68808e-14
A2,PIGM,2050,5499.83,1281.83,6781.66,6781.66,5253.96,3.63798e-12,5.36444e-14
A2,CATM,2023,753,273.73,1026.73,1026.73,925.67,0,0
A2,CATM,2024,779,287.41,1066.41,1066.41,954.39,0,0
A2,CATM,2025,747.119,329.615,1076.73,1076.73,969.298,4.54747e-13,4.2234e-14
A2,CATM,2026,752.254,338.648,1090.9,1090.9,982.728,-2.27374e-13,-2.08427e-14
A2,CATM,2027,757.094,348.722,1105.82,1105.82,996.946,0,0
A2,CATM,2028,761.998,358.439,1120.44,1120.44,1010.86,0,0
A2,CATM,2029,770.967,364.539,1135.51,1135.51,1024.64,6.82121e-13,6.0072e-14
A2,CATM,2030,780.079,370.229,1150.31,1150.31,1038.13,-4.54747e-13,-3.95327e-14
A2,CATM,2031,789.342,374.813,1164.16,1164.16,1050.65,-3.18323e-12,-2.73437e-13
A2,CATM,2032,798.761,379.808,1178.57,1178.57,1063.71,0,0
A2,CATM,2033,808.344,384.631,1192.98,1192.98,1076.74,6.82121e-13,5.71781e-14
A2,CATM,2034,818.099,389.282,1207.38,1207.38,1089.74,2.27374e-13,1.8832e-14
A2,CATM,2035,828.035,393.843,1221.88,1221.88,1102.81,9.09495e-13,7.44342e-14
A2,CATM,2036,837.401,397.715,1235.12,1235.12,1114.7,-2.50111e-12,-2.025e-13
A2,CATM,2037,846.873,401.532,1248.4,1248.4,1126.62,9.09495e-13,7.28526e-14
A2,CATM,2038,856.451,404.701,1261.15,1261.15,1137.99,-2.27374e-13,-1.80291e-14
A2,CATM,2039,866.137,407.237,1273.37,1273.37,1148.82,-2.27374e-13,-1.7856e-14
A2,CATM,2040,875.932,409.036,1284.97,1284.97,1159.01,1.13687e-12,8.84745e-14
A2,CATM,2041,885.837,409.694,1295.53,1295.53,1168.15,4.54747e-13,3.51012e-14
A2,CATM,2042,895.854,410.12,1305.97,1305.97,1177.15,-9.09495e-13,-6.96411e-14
A2,CATM,2043,905.984,409.804,1315.79,1315.79,1185.51,2.27374e-13,1.72804e-14
A2,CATM,2044,916.228,408.741,1324.97,1324.97,1193.22,-9.09495e-13,-6.86427e-14
A2,CATM,2045,926.587,406.864,1333.45,1333.45,1200.21,1.13687e-12,8.52576e-14
A2,CATM,2046,937.063,403.982,1341.05,1341.05,1206.3,-1.13687e-12,-8.47748e-14
A2,CATM,2047,947.656,400.275,1347.93,1347.93,1211.66,-4.54747e-13,-3.37367e-14
A2,CATM,2048,958.369,395.607,1353.98,1353.98,1216.16,4.54747e-13,3.35861e-14
A2,CATM,2049,969.203,389.876,1359.08,1359.08,1219.71,-2.27374e-13,-1.673e-14
A2,CATM,2050,980.159,383.044,1363.2,1363.2,1222.26,4.54747e-13,3.33588e-14
A2,SHGM,2023,531,43.24,574.24,574.24,501.279,0,0
A2,SHGM,2024,518,36.53,554.53,554.53,495.466,0,0
A2,SHGM,2025,520.85,41.4073,562.258,562.258,502.869,2.27374e-13,4.04394e-14
A2,SHGM,2026,523.723,45.784,569.507,569.507,509.79,0,0
A2,SHGM,2027,526.619,50.5735,577.192,577.192,517.145,0,0
A2,SHGM,2028,529.538,55.2422,584.78,584.78,524.401,-1.13687e-13,-1.94409e-14
A2,SHGM,2029,532.248,60.0769,592.325,592.325,531.636,-4.54747e-13,-7.67733e-14
A2,SHGM,2030,534.766,64.9806,599.747,599.747,538.771,1.13687e-13,1.89558e-14
A2,SHGM,2031,537.111,69.717,606.828,606.828,545.585,0,0
A2,SHGM,2032,539.298,74.8985,614.196,614.196,552.704,-1.13687e-13,-1.85099e-14
A2,SHGM,2033,541.342,80.2219,621.563,621.563,559.838,5.68434e-13,9.14523e-14
A2,SHGM,2034,543.257,85.6779,628.935,628.935,566.991,3.41061e-13,5.42283e-14
A2,SHGM,2035,545.057,91.2986,636.356,636.356,574.207,4.54747e-13,7.14611e-14
A2,SHGM,2036,547.063,96.2898,643.353,643.353,580.975,9.09495e-13,1.41368e-13
A2,SHGM,2037,548.95,101.457,650.407,650.407,587.814,-1.13687e-13,-1.74793e-14
A2,SHGM,2038,550.731,106.496,657.227,657.227,594.431,-2.27374e-13,-3.45959e-14
A2,SHGM,2039,552.416,111.406,663.822,663.822,600.833,3.41061e-13,5.13783e-14
A2,SHGM,2040,554.271,115.898,670.168,670.168,606.968,-1.13687e-13,-1.69639e-14
A2,SHGM,2041,556.023,120.048,676.071,676.071,612.672,4.54747e-13,6.72632e-14
A2,SHGM,2042,557.682,124.26,681.942,681.942,618.353,-1.13687e-13,-1.6671e-14
A2,SHGM,2043,559.258,128.267,687.525,687.525,623.757,1.13687e-13,1.65357e-14
A2,SHGM,2044,560.757,132.06,692.817,692.817,628.877,-3.41061e-13,-4.92281e-14
A2,SHGM,2045,561.536,136.173,697.709,697.709,633.681,0,0
A2,SHGM,2046,562.316,139.871,702.187,702.187,638.07,3.41061e-13,4.85712e-14
A2,SHGM,2047,563.097,143.238,706.335,706.335,642.129,-1.13687e-13,-1.60953e-14
A2,SHGM,2048,563.879,146.203,710.082,710.082,645.787,-3.41061e-13,-4.80311e-14
A2,SHGM,2049,564.662,148.71,713.372,713.372,648.987,6.82121e-13,9.56193e-14
A2,SHGM,2050,565.446,150.736,716.182,716.182,651.708,2.27374e-13,3.1748e-14
A2,CHKM,2023,2609.25,74.7687,2684.02,2684.02,2423.09,9.09495e-13,3.38856e-14
A2,CHKM,2024,2637.39,20.6355,2658.03,2658.03,2394.29,-9.09495e-13,-3.42169e-14
A2,CHKM,2025,2727.89,0,2727.89,2701.65,2428.86,26.2455,0.971461
A2,CHKM,2026,2733.34,1.61671,2734.95,2734.95,2461.62,5.00222e-12,1.829e-13
A2,CHKM,2027,2741.5,29.0733,2770.57,2770.57,2496.42,-3.63798e-12,-1.31308e-13
A2,CHKM,2028,2749.8,56.1338,2805.93,2805.93,2530.95,-4.54747e-13,-1.62066e-14
A2,CHKM,2029,2758.25,83.1231,2841.37,2841.37,2565.54,4.09273e-12,1.44041e-13
A2,CHKM,2030,2766.85,109.701,2876.56,2876.56,2599.87,1.36424e-12,4.74262e-14
A2,CHKM,2031,2775.64,134.944,2910.58,2910.58,2633.02,8.6402e-12,2.96854e-13
A2,CHKM,2032,2784.61,161.473,2946.08,2946.08,2667.62,2.72848e-12,9.26139e-14
A2,CHKM,2033,2793.79,188.076,2981.87,2981.87,2702.49,-3.18323e-12,-1.06753e-13
A2,CHKM,2034,2803.2,214.772,3017.97,3017.97,2737.65,-3.18323e-12,-1.05476e-13
A2,CHKM,2035,2812.85,241.759,3054.61,3054.61,2773.32,1.81899e-12,5.95491e-14
A2,CHKM,2036,2831.01,258.19,3089.2,3089.2,2806.1,4.09273e-12,1.32485e-13
A2,CHKM,2037,2847.25,276.681,3123.93,3123.93,2839.21,-4.54747e-13,-1.45569e-14
A2,CHKM,2038,2862.56,295.112,3157.68,3157.68,2871.42,0,0
A2,CHKM,2039,2877.44,313.086,3190.53,3190.53,2902.78,0,0
A2,CHKM,2040,2892.14,330.126,3222.26,3222.26,2933.05,-9.09495e-13,-2.82253e-14
A2,CHKM,2041,2906.78,345.341,3252.12,3252.12,2961.44,-2.27374e-12,-6.99156e-14
A2,CHKM,2042,2921.42,360.464,3281.88,3281.88,2989.74,5.45697e-12,1.66275e-13
A2,CHKM,2043,2936.1,374.39,3310.5,3310.5,3016.88,9.09495e-13,2.74731e-14
A2,CHKM,2044,2950.84,387.091,3337.93,3337.93,3042.85,-4.54747e-13,-1.36236e-14
A2,CHKM,2045,2965.65,398.393,3364.04,3364.04,3067.47,-4.54747e-12,-1.35179e-13
A2,CHKM,2046,2980.51,407.815,3388.33,3388.33,3090.28,2.72848e-12,8.05259e-14
A2,CHKM,2047,2995.45,415.719,3411.17,3411.17,3111.63,2.72848e-12,7.99867e-14
A2,CHKM,2048,3010.46,421.812,3432.28,3432.28,3131.23,-1.36424e-12,-3.97474e-14
A2,CHKM,2049,3025.55,425.817,3451.36,3451.36,3148.81,-2.27374e-12,-6.58794e-14
A2,CHKM,2050,3040.7,427.626,3468.33,3468.33,3164.26,3.18323e-12,9.178e-14
A2,EGGS,2023,3028.55,0,3028.55,3011.87,2383.06,16.68,0.553809
A2,EGGS,2024,3049.8,0,3049.8,3031.91,2386.64,17.8911,0.590095
A2,EGGS,2025,3064.17,0,3064.17,3051.84,2397.5,12.3265,0.403905
A2,EGGS,2026,3076.52,0,3076.52,3070.68,2407.36,5.83757,0.190106
A2,EGGS,2027,3087.18,2.74486,3089.92,3089.92,2417.64,-3.02271e-09,-9.78246e-11
A2,EGGS,2028,3096.41,12.0652,3108.48,3108.48,2427.24,-1.36424e-12,-4.38878e-14
A2,EGGS,2029,3104.45,21.9742,3126.43,3126.43,2436.19,-2.27374e-12,-7.27264e-14
A2,EGGS,2030,3111.51,32.1935,3143.71,3143.71,2444.45,-3.18323e-12,-1.01257e-13
A2,EGGS,2031,3117.77,42.2942,3160.07,3160.07,2451.76,9.54969e-12,3.02199e-13
A2,EGGS,2032,3123.39,52.7355,3176.12,3176.12,2458.68,-3.18323e-12,-1.00224e-13
A2,EGGS,2033,3128.5,63.2212,3191.72,3191.72,2465.05,1.81899e-12,5.69909e-14
A2,EGGS,2034,3133.22,73.6089,3206.83,3206.83,2470.84,2.27374e-12,7.09029e-14
A2,EGGS,2035,3137.68,83.9135,3221.59,3221.59,2476.16,-9.09495e-13,-2.82312e-14
A2,EGGS,2036,3122.82,116.804,3239.63,3239.63,2485.51,-2.72848e-12,-8.42221e-14
A2,EGGS,2037,3107.57,149.237,3256.81,3256.81,2494.4,4.54747e-13,1.3963e-14
A2,EGGS,2038,3092.02,180.972,3272.99,3272.99,2502.67,0,0
A2,EGGS,2039,3076.25,212.025,3288.28,3288.28,2510.4,-4.54747e-13,-1.38293e-14
A2,EGGS,2040,3060.33,242.164,3302.5,3302.5,2517.39,-9.09495e-13,-2.75396e-14
A2,EGGS,2041,3044.31,271.245,3315.55,3315.55,2523.53,9.09495e-13,2.74312e-14
A2,EGGS,2042,3028.21,299.526,3327.74,3327.74,2529.11,4.54747e-13,1.36654e-14
A2,EGGS,2043,3012.09,326.854,3338.94,3338.94,2533.98,9.09495e-13,2.7239e-14
A2,EGGS,2044,2995.95,353.232,3349.18,3349.18,2538.15,0,0
A2,EGGS,2045,2979.83,378.54,3358.37,3358.37,2541.53,1.36424e-12,4.06222e-14
A2,EGGS,2046,2963.73,402.547,3366.28,3366.28,2543.88,4.54747e-13,1.35089e-14
A2,EGGS,2047,2947.67,425.231,3372.9,3372.9,2545.19,-1.81899e-12,-5.39295e-14
A2,EGGS,2048,2931.66,446.587,3378.25,3378.25,2545.45,-1.36424e-12,-4.03831e-14
A2,EGGS,2049,2915.71,466.417,3382.13,3382.13,2544.47,0,0
A2,EGGS,2050,2899.82,484.666,3384.49,3384.49,2542.2,-9.09495e-13,-2.68724e-14
A2,MILK,2023,4197,1694.13,5891.13,5891.13,5223.43,-9.09495e-13,-1.54384e-14
A2,MILK,2024,4079,1555.36,5634.36,5634.36,4998.61,0,0
A2,MILK,2025,3962.98,1737.98,5700.96,5700.96,5083.3,9.09495e-13,1.59534e-14
A2,MILK,2026,4076.9,1725.92,5802.81,5802.81,5167.4,1.81899e-12,3.13467e-14
A2,MILK,2027,4194.25,1714.98,5909.23,5909.23,5255.53,-1.81899e-12,-3.07822e-14
A2,MILK,2028,4315.16,1700,6015.16,6015.16,5342.61,-1.81899e-12,-3.02401e-14
A2,MILK,2029,4439.77,1681.56,6121.33,6121.33,5429.35,-3.63798e-12,-5.94312e-14
A2,MILK,2030,4568.19,1658.97,6227.16,6227.16,5515.17,-1.81899e-12,-2.92106e-14
A2,MILK,2031,4613.62,1706.92,6320.54,6320.54,5601.47,3.63798e-12,5.7558e-14
A2,MILK,2032,4659.77,1757.07,6416.84,6416.84,5690.58,4.54747e-12,7.08678e-14
A2,MILK,2033,4706.69,1806.88,6513.56,6513.56,5779.99,1.81899e-12,2.79262e-14
A2,MILK,2034,4754.41,1856.31,6610.71,6610.71,5869.7,-2.72848e-12,-4.12737e-14
A2,MILK,2035,4802.98,1905.75,6708.73,6708.73,5960.15,6.36646e-12,9.48982e-14
A2,MILK,2036,4843.47,1959.29,6802.76,6802.76,6047.87,-1.81899e-12,-2.6739e-14
A2,MILK,2037,4876.93,2019.35,6896.28,6896.28,6136.17,-1.81899e-12,-2.63764e-14
A2,MILK,2038,4904.66,2082.09,6986.75,6986.75,6222.32,9.09495e-13,1.30174e-14
A2,MILK,2039,4927.77,2146.65,7074.41,7074.41,6306.38,0,0
A2,MILK,2040,4947.13,2211.69,7158.83,7158.83,6387.78,1.81899e-12,2.5409e-14
A2,MILK,2041,4963.49,2278.63,7242.12,7242.12,6468.52,0,0
A2,MILK,2042,4977.41,2347.36,7324.77,7324.77,6549,2.72848e-12,3.72501e-14
A2,MILK,2043,4989.39,2415.03,7404.42,7404.42,6626.78,1.81899e-12,2.45663e-14
A2,MILK,2044,4999.79,2481.26,7481.05,7481.05,6701.79,-4.54747e-12,-6.07866e-14
A2,MILK,2045,5008.94,2545.37,7554.32,7554.32,6773.63,0,0
A2,MILK,2046,5017.08,2607.24,7624.32,7624.32,6842.37,1.81899e-11,2.38577e-13
A2,MILK,2047,5024.41,2666.36,7690.77,7690.77,6907.68,9.09495e-13,1.18258e-14
A2,MILK,2048,5031.09,2721.89,7752.99,7752.99,6968.85,-9.09495e-13,-1.17309e-14
A2,MILK,2049,5037.26,2773.08,7810.34,7810.34,7025.24,-3.63798e-12,-4.6579e-14
A2,MILK,2050,5043,2819.55,7862.56,7862.56,7076.56,-1.81899e-12,-2.31348e-14
A2,FISH,2023,7116.2,296,7412.2,7412.2,3132.04,0,0
A2,FISH,2024,7366,269,7635,7635,3204.13,0,0
A2,FISH,2025,7453.32,286.082,7739.4,7739.4,3243.55,1.81899e-12,2.3503e-14
A2,FISH,2026,7540.81,299.075,7839.89,7839.89,3278.74,-9.09495e-13,-1.16009e-14
A2,FISH,2027,7628.49,313.955,7942.44,7942.44,3315.42,2.72848e-12,3.43532e-14
A2,FISH,2028,7716.36,329.3,8045.66,8045.66,3352.14,2.72848e-12,3.39125e-14
A2,FISH,2029,7804.43,345.592,8150.02,8150.02,3388.98,-2.72848e-12,-3.34783e-14
A2,FISH,2030,7892.71,362.392,8255.1,8255.1,3425.99,3.63798e-12,4.40695e-14
A2,FISH,2031,7981.22,376.692,8357.91,8357.91,3460.01,0,0
A2,FISH,2032,8069.98,392.528,8462.5,8462.5,3494.78,-3.63798e-12,-4.29894e-14
A2,FISH,2033,8159,409.714,8568.72,8568.72,3530.21,0,0
A2,FISH,2034,8248.33,428.35,8676.68,8676.68,3566.36,-5.45697e-12,-6.28923e-14
A2,FISH,2035,8333.86,452.296,8786.15,8786.15,3603.54,3.63798e-12,4.14058e-14
A2,FISH,2036,8405.51,496.111,8901.62,8901.62,3635.57,5.45697e-12,6.13031e-14
A2,FISH,2037,8461.78,553.058,9014.84,9014.84,3667.13,1.81899e-12,2.01777e-14
A2,FISH,2038,8505.54,620.41,9125.95,9125.95,3697.95,1.81899e-12,1.99321e-14
A2,FISH,2039,8539.17,696.242,9235.41,9235.41,3728.1,-1.81899e-12,-1.96958e-14
A2,FISH,2040,8564.61,778.562,9343.17,9343.17,3757.31,0,0
A2,FISH,2041,8583.44,863.563,9447.01,9447.01,3783.12,3.63798e-12,3.85093e-14
A2,FISH,2042,8596.97,952.79,9549.76,9549.76,3808.21,-3.63798e-12,-3.8095e-14
A2,FISH,2043,8606.22,1045.1,9651.32,9651.32,3832.33,0,0
A2,FISH,2044,8612.05,1139.78,9751.83,9751.83,3855.51,1.81899e-12,1.86528e-14
A2,FISH,2045,8615.13,1236.01,9851.14,9851.14,3877.54,-1.81899e-12,-1.84648e-14
A2,FISH,2046,8616.01,1332.3,9948.31,9948.31,3897.46,5.45697e-12,5.48532e-14
A2,FISH,2047,8615.13,1428.81,10043.9,10043.9,3915.85,-5.45697e-12,-5.4331e-14
A2,FISH,2048,8612.83,1525.19,10138,10138,3932.67,-1.81899e-12,-1.79423e-14
A2,FISH,2049,8609.42,1620.8,10230.2,10230.2,3947.6,1.81899e-12,1.77806e-14
A2,FISH,2050,8605.1,1715.3,10320.4,10320.4,3960.54,0,0
A3,RICE,2023,20660.3,100.6,20760.9,20760.9,15799.6,3.63798e-12,1.75232e-14
A3,RICE,2024,20753.5,78.57,20832.1,20832.1,15650,0,0
A3,RICE,2025,20794.1,166.479,20960.6,20960.6,15476.6,0,0
A3,RICE,2026,20834.1,246.171,21080.2,21080.2,15309.3,-3.63798e-12,-1.72578e-14
A3,RICE,2027,20873.2,290.479,21163.7,21163.7,15140.1,7.27596e-12,3.43794e-14
A3,RICE,2028,20911.5,317.59,21229.1,21229.1,14970.4,-3.63798e-12,-1.71368e-14
A3,RICE,2029,20948.9,348.124,21297,21297,14800.1,0,0
A3,RICE,2030,20985.2,392.856,21378.1,21378.1,14638.6,-7.27596e-12,-3.40347e-14
A3,RICE,2031,21004.7,404.706,21409.4,21409.4,14477,-7.27596e-12,-3.39849e-14
A3,RICE,2032,21022.9,381.573,21404.4,21404.4,14313.6,7.27596e-12,3.39927e-14
A3,RICE,2033,21039.7,361.803,21401.5,21401.5,14149.2,0,0
A3,RICE,2034,21054.9,346.125,21401,21401,13984.4,0,0
A3,RICE,2035,21068.5,341.974,21410.4,21410.4,13826.6,1.09139e-11,5.09748e-14
A3,RICE,2036,21079.7,332.925,21412.6,21412.6,13669.3,-3.63798e-12,-1.69899e-14
A3,RICE,2037,21089,326.226,21415.2,21415.2,13511.6,-2.18279e-11,-1.01927e-13
A3,RICE,2038,21096.5,323.004,21419.5,21419.5,13354.8,0,0
A3,RICE,2039,21102.4,322.124,21424.5,21424.5,13198,-1.45519e-11,-6.79218e-14
A3,RICE,2040,21107,329.459,21436.4,21436.4,13047.2,7.27596e-12,3.3942e-14
A3,RICE,2041,21110.3,339.115,21449.4,21449.4,12896.4,-7.27596e-12,-3.39215e-14
A3,RICE,2042,21112.5,350.145,21462.7,21462.7,12745,3.27418e-11,1.52552e-13
A3,RICE,2043,21113.7,363.292,21477,21477,12593.7,-3.63798e-12,-1.69389e-14
A3,RICE,2044,21114.1,377.982,21492,21492,12442.1,-7.27596e-12,-3.38542e-14
A3,RICE,2045,21113.5,394.668,21508.2,21508.2,12290.5,-1.81899e-11,-8.45719e-14
A3,RICE,2046,21112.2,411.566,21523.8,21523.8,12137.4,3.63798e-12,1.69021e-14
A3,RICE,2047,21110.2,428.656,21538.9,21538.9,11982.8,3.63798e-12,1.68903e-14
A3,RICE,2048,21107.6,445.245,21552.8,21552.8,11826,0,0
A3,RICE,2049,21104.3,461.161,21565.5,21565.5,11666.8,-3.63798e-12,-1.68695e-14
A3,RICE,2050,21100.5,489.265,21589.7,21589.7,11518.2,3.63798e-12,1.68505e-14
A3,WHEA,2023,13659,1189.4,14848.4,14848.4,9162.85,-1.81899e-12,-1.22504e-14
A3,WHEA,2024,14009.9,1106.26,15116.2,15116.2,9100,3.63798e-12,2.40668e-14
A3,WHEA,2025,14115.7,1023.68,15139.4,15139.4,9003.55,1.81899e-12,1.2015e-14
A3,WHEA,2026,14217.3,951.304,15168.6,15168.6,8910.35,9.09495e-12,5.9959e-14
A3,WHEA,2027,14314.7,882.524,15197.3,15197.3,8815.78,-1.45519e-11,-9.57535e-14
A3,WHEA,2028,14407.9,818.439,15226.4,15226.4,8720.58,-3.63798e-12,-2.38926e-14
A3,WHEA,2029,14496.8,759.856,15256.7,15256.7,8624.66,0,0
A3,WHEA,2030,14581.4,711.744,15293.1,15293.1,8533.61,3.63798e-12,2.37884e-14
A3,WHEA,2031,14595.7,659.454,15255.2,15255.2,8442.07,-9.09495e-12,-5.96187e-14
A3,WHEA,2032,14605,608.546,15213.6,15213.6,8349.17,9.09495e-12,5.97818e-14
A3,WHEA,2033,14608.9,561.145,15170.1,15170.1,8255.27,-1.81899e-12,-1.19907e-14
A3,WHEA,2034,14607.3,517.764,15125,15125,8160.73,-5.45697e-12,-3.6079e-14
A3,WHEA,2035,14599.8,482.901,15082.7,15082.7,8069.83,-3.63798e-12,-2.41202e-14
A3,WHEA,2036,14588.4,437.88,15026.3,15026.3,7979.22,-3.63798e-12,-2.42108e-14
A3,WHEA,2037,14573.5,394.881,14968.4,14968.4,7888.35,-1.81899e-12,-1.21522e-14
A3,WHEA,2038,14555.4,354.374,14909.8,14909.8,7797.99,5.45697e-12,3.66e-14
A3,WHEA,2039,14534.5,315.518,14850,14850,7707.58,-7.27596e-12,-4.89964e-14
A3,WHEA,2040,14511,281.603,14792.6,14792.6,7620.61,-3.63798e-12,-2.45932e-14
A3,WHEA,2041,14485.3,248.992,14734.3,14734.3,7533.71,0,0
A3,WHEA,2042,14457.6,216.98,14674.5,14674.5,7446.37,1.63709e-11,1.1156e-13
A3,WHEA,2043,14428,185.855,14613.9,14613.9,7359.07,1.81899e-12,1.2447e-14
A3,WHEA,2044,14396.8,155.149,14552,14552,7271.53,1.81899e-12,1.24999e-14
A3,WHEA,2045,14364.2,124.922,14489.2,14489.2,7184.04,5.45697e-12,3.76624e-14
A3,WHEA,2046,14330.4,94.1054,14424.5,14424.5,7095.62,-1.81899e-12,-1.26104e-14
A3,WHEA,2047,14295.4,62.5741,14357.9,14357.9,7006.26,0,0
A3,WHEA,2048,14259.4,29.8223,14289.2,14289.2,6915.6,-5.45697e-12,-3.81895e-14
A3,WHEA,2049,14222.5,0,14222.5,14218.1,6823.55,4.34872,0.0305857
A3,WHEA,2050,14184.8,0,14184.8,14152.3,6737.65,32.5113,0.229725
A3,MAIZ,2023,28884,2712.1,31596.1,31596.1,1890,0,0
A3,MAIZ,2024,29492,1363,30855,30855,1890,0,0
A3,MAIZ,2025,29896.1,1142.28,31038.4,31038.4,1881.42,7.27596e-12,2.34418e-14
A3,MAIZ,2026,30301.1,924.9,31226,31226,1873.08,-3.63798e-12,-1.16505e-14
A3,MAIZ,2027,30706.7,1381.14,32087.8,32087.8,1864.42,7.27596e-12,2.26751e-14
A3,MAIZ,2028,31112.1,1287.44,32399.5,32399.5,1855.35,-3.63798e-12,-1.12285e-14
A3,MAIZ,2029,31516.8,1102.74,32619.5,32619.5,1845.93,-3.63798e-12,-1.11528e-14
A3,MAIZ,2030,31920.1,891.712,32811.8,32811.8,1837.4,0,0
A3,MAIZ,2031,31929.1,858.161,32787.2,32787.2,1828.48,-2.18279e-11,-6.65743e-14
A3,MAIZ,2032,31930.2,840.057,32770.3,32770.3,1819.27,0,0
A3,MAIZ,2033,31922.7,822.658,32745.4,32745.4,1809.72,3.63798e-12,1.11099e-14
A3,MAIZ,2034,31915,799.386,32714.4,32714.4,1799.91,-3.63798e-12,-1.11204e-14
A3,MAIZ,2035,31897,779.442,32676.4,32676.4,1790.89,-7.27596e-12,-2.22667e-14
A3,MAIZ,2036,31872,952.736,32824.7,32824.7,1781.52,-7.27596e-12,-2.21661e-14
A3,MAIZ,2037,31840.8,1124.62,32965.4,32965.4,1771.89,-7.27596e-12,-2.20715e-14
A3,MAIZ,2038,31804.1,1295.92,33100,33100,1762.04,-7.27596e-12,-2.19817e-14
A3,MAIZ,2039,31762.5,1466.76,33229.2,33229.2,1751.83,7.27596e-12,2.18963e-14
A3,MAIZ,2040,31716.5,1638.46,33354.9,33354.9,1742.18,0,0
A3,MAIZ,2041,31666.6,1809.64,33476.2,33476.2,1732.16,7.27596e-12,2.17347e-14
A3,MAIZ,2042,31613.3,1980.22,33593.5,33593.5,1721.83,7.27596e-12,2.16588e-14
A3,MAIZ,2043,31556.9,2150.02,33706.9,33706.9,1711.21,7.27596e-12,2.15859e-14
A3,MAIZ,2044,31497.8,2318.68,33816.5,33816.5,1700.21,7.27596e-12,2.1516e-14
A3,MAIZ,2045,31436.3,2485.23,33921.6,33921.6,1688.95,7.27596e-12,2.14494e-14
A3,MAIZ,2046,31372.7,2649.92,34022.6,34022.6,1677.14,7.27596e-12,2.13856e-14
A3,MAIZ,2047,31307.2,2812.52,34119.7,34119.7,1664.82,0,0
A3,MAIZ,2048,31240,2972.55,34212.6,34212.6,1651.9,0,0
A3,MAIZ,2049,31171.4,3129.7,34301.1,34301.1,1638.33,7.27596e-12,2.12121e-14
A3,MAIZ,2050,31101.4,3285.91,34387.3,34387.3,1626.25,0,0
A3,POTA,2023,9150,0,9150,9125,5872,25,0.273973
A3,POTA,2024,9500,0,9500,9445,6081.92,55,0.582319
A3,POTA,2025,9564.68,0,9564.68,9455.2,6058.71,109.487,1.15795
A3,POTA,2026,9625.18,0,9625.18,9475.09,6035.78,150.092,1.58407
A3,POTA,2027,9681.49,0,9681.49,9519.79,6012.17,161.699,1.69856
A3,POTA,2028,9733.56,0,9733.56,9559.36,5987.1,174.195,1.82225
A3,POTA,2029,9781.37,0,9781.37,9609.33,5960.85,172.046,1.79041
A3,POTA,2030,9824.87,0,9824.87,9659.98,5937.66,164.885,1.70688
A3,POTA,2031,9863.92,0,9863.92,9704.46,5912.93,159.458,1.64314
A3,POTA,2032,9898.47,0,9898.47,9746.48,5887.65,151.987,1.55941
A3,POTA,2033,9928.33,0,9928.33,9786.84,5861.32,141.486,1.44568
A3,POTA,2034,9953.35,0,9953.35,9824.97,5834.18,128.385,1.30672
A3,POTA,2035,9973.36,0,9973.36,9868.15,5809.92,105.202,1.06608
A3,POTA,2036,9993.11,0,9993.11,9912.71,5784.07,80.4071,0.811152
A3,POTA,2037,10012.1,0,10012.1,9954.34,5757.42,57.722,0.579868
A3,POTA,2038,10030.2,0,10030.2,9992.84,5729.75,37.3844,0.374112
A3,POTA,2039,10047.6,0,10047.6,10027.8,5700.66,19.8201,0.197651
A3,POTA,2040,10064.3,0,10064.3,10062.4,5673.27,1.89012,0.0187839
A3,POTA,2041,10080.3,13.0674,10093.4,10093.4,5644.28,-1.45519e-11,-1.44173e-13
A3,POTA,2042,10095.7,25.668,10121.3,10121.3,5614.28,-1.6189e-10,-1.59949e-12
A3,POTA,2043,10110.3,35.6496,10146,10146,5583.02,-1.81899e-12,-1.79282e-14
A3,POTA,2044,10124.4,42.8022,10167.2,10167.2,5550.26,-5.45697e-12,-5.36723e-14
A3,POTA,2045,10137.8,47.5032,10185.3,10185.3,5516.43,3.63798e-12,3.57178e-14
A3,POTA,2046,10150.7,48.7662,10199.5,10199.5,5480.5,3.63798e-12,3.56684e-14
A3,POTA,2047,10163,46.8736,10209.8,10209.8,5442.73,1.81899e-12,1.7816e-14
A3,POTA,2048,10174.7,41.3665,10216.1,10216.1,5402.68,0,0
A3,POTA,2049,10185.9,32.1836,10218.1,10218.1,5360.26,-2.43745e-10,-2.38542e-12
A3,POTA,2050,10196.6,27.023,10223.6,10223.6,5323.15,-1.81899e-12,-1.77921e-14
A3,SOYS,2023,2084.17,9849,11933.2,11933.2,1550,0,0
A3,SOYS,2024,2065,10497,12562,12562,1675,-1.81899e-12,-1.44801e-14
A3,SOYS,2025,2190,10037.4,12227.4,12227.4,1677.69,-1.81899e-12,-1.48763e-14
A3,SOYS,2026,2322.21,9726.83,12049,12049,1680.25,-9.09495e-12,-7.54827e-14
A3,SOYS,2027,2462,9445.24,11907.2,11907.2,1682.8,-2.18279e-11,-1.83316e-13
A3,SOYS,2028,2609.75,9180.9,11790.6,11790.6,1684.89,0,0
A3,SOYS,2029,2765.82,8933.11,11698.9,11698.9,1686.66,-1.81899e-12,-1.55483e-14
A3,SOYS,2030,2930.63,8692.93,11623.6,11623.6,1688.47,0,0
A3,SOYS,2031,2961.78,8553.86,11515.6,11515.6,1689.72,-2.72848e-11,-2.36937e-13
A3,SOYS,2032,2992.54,8423.1,11415.6,11415.6,1691,1.81899e-12,1.59342e-14
A3,SOYS,2033,3022.79,8302.76,11325.5,11325.5,1691.98,3.63798e-12,3.21219e-14
A3,SOYS,2034,3052.01,8192.19,11244.2,11244.2,1692.74,-3.63798e-12,-3.23543e-14
A3,SOYS,2035,3080.52,8090.44,11171,11171,1693.66,-1.81899e-12,-1.62832e-14
A3,SOYS,2036,3096.98,8116.86,11213.8,11213.8,1693.94,-3.63798e-12,-3.24418e-14
A3,SOYS,2037,3105.98,8145.48,11251.5,11251.5,1694.02,-1.81899e-12,-1.61667e-14
A3,SOYS,2038,3110.42,8174.74,11285.2,11285.2,1693.68,-5.45697e-12,-4.83553e-14
A3,SOYS,2039,3112.05,8203.8,11315.8,11315.8,1692.79,-1.27329e-11,-1.12523e-13
A3,SOYS,2040,3111.96,8232.69,11344.7,11344.7,1691.71,-2.18279e-11,-1.92407e-13
A3,SOYS,2041,3110.79,8260.67,11371.5,11371.5,1689.96,-3.63798e-12,-3.19922e-14
A3,SOYS,2042,3108.92,8288.07,11397,11397,1687.9,-5.45697e-12,-4.78808e-14
A3,SOYS,2043,3106.6,8314.68,11421.3,11421.3,1685.32,-7.27596e-12,-6.37053e-14
A3,SOYS,2044,3103.96,8340.5,11444.5,11444.5,1682.16,-9.09495e-12,-7.94703e-14
A3,SOYS,2045,3101.09,8365.33,11466.4,11466.4,1678.38,-7.27596e-12,-6.34544e-14
A3,SOYS,2046,3098.05,8389.31,11487.4,11487.4,1673.79,-1.81899e-12,-1.58347e-14
A3,SOYS,2047,3094.87,8412.62,11507.5,11507.5,1668.53,1.81899e-12,1.5807e-14
A3,SOYS,2048,3091.56,8435.14,11526.7,11526.7,1662.42,-1.81899e-12,-1.57807e-14
A3,SOYS,2049,3088.15,8456.88,11545,11545,1655.42,-7.27596e-12,-6.30224e-14
A3,SOYS,2050,3084.63,8478.78,11563.4,11563.4,1648.43,1.81899e-12,1.57306e-14
A3,RAPS,2023,1631.74,519.81,2151.55,2151.55,0,0,0
A3,RAPS,2024,1674,638.56,2312.56,2312.56,0,0,0
A3,RAPS,2025,1717.63,628.481,2346.11,2346.11,0,-4.54747e-13,-1.9383e-14
A3,RAPS,2026,1762.14,614.208,2376.35,2376.35,0,0,0
A3,RAPS,2027,1807.5,586.552,2394.05,2394.05,0,1.81899e-12,7.59794e-14
A3,RAPS,2028,1853.7,559.211,2412.91,2412.91,0,4.54747e-13,1.88464e-14
A3,RAPS,2029,1900.72,532.654,2433.37,2433.37,0,0,0
A3,RAPS,2030,1948.52,506.343,2454.87,2454.87,0,4.54747e-13,1.85243e-14
A3,RAPS,2031,1961.93,501.691,2463.62,2463.62,0,-5.91172e-12,-2.3996e-13
A3,RAPS,2032,1974.95,496.164,2471.12,2471.12,0,-4.54747e-13,-1.84025e-14
A3,RAPS,2033,1987.52,491.508,2479.03,2479.03,0,-4.54747e-13,-1.83438e-14
A3,RAPS,2034,1999.29,487.977,2487.27,2487.27,0,9.09495e-13,3.6566e-14
A3,RAPS,2035,2010.48,485.339,2495.82,2495.82,0,-4.54747e-13,-1.82204e-14
A3,RAPS,2036,2021.33,482.675,2504.01,2504.01,0,0,0
A3,RAPS,2037,2031.72,479.673,2511.39,2511.39,0,4.54747e-13,1.81074e-14
A3,RAPS,2038,2041.69,476.494,2518.19,2518.19,0,0,0
A3,RAPS,2039,2051.31,473.233,2524.54,2524.54,0,1.81899e-12,7.20522e-14
A3,RAPS,2040,2060.61,469.995,2530.61,2530.61,0,4.54747e-13,1.79699e-14
A3,RAPS,2041,2069.63,466.769,2536.4,2536.4,0,-1.36424e-12,-5.37865e-14
A3,RAPS,2042,2078.39,463.583,2541.98,2541.98,0,9.09495e-13,3.5779e-14
A3,RAPS,2043,2086.92,460.457,2547.38,2547.38,0,9.09495e-13,3.57031e-14
A3,RAPS,2044,2095.23,457.407,2552.64,2552.64,0,1.36424e-12,5.34443e-14
A3,RAPS,2045,2103.34,454.329,2557.67,2557.67,0,0,0
A3,RAPS,2046,2111.26,451.359,2562.62,2562.62,0,-9.09495e-13,-3.54908e-14
A3,RAPS,2047,2119.01,448.502,2567.51,2567.51,0,4.54747e-13,1.77116e-14
A3,RAPS,2048,2126.58,445.764,2572.34,2572.34,0,1.81899e-12,7.07134e-14
A3,RAPS,2049,2133.99,443.146,2577.13,2577.13,0,2.27374e-12,8.82274e-14
A3,RAPS,2050,2141.24,440.653,2581.89,2581.89,0,-4.54747e-13,-1.7613e-14
A3,GRDS,2023,1860,20,1880,1070,810,810,75.7009
A3,GRDS,2024,1900,5,1905,1905,850,-4.54747e-13,-2.38713e-14
A3,GRDS,2025,1927.66,0,1927.66,1911.42,858.979,16.2381,0.849532
A3,GRDS,2026,1955.42,0,1955.42,1918.62,867.616,36.8007,1.91808
A3,GRDS,2027,1967.56,0,1967.56,1926.93,876.651,40.6292,2.10849
A3,GRDS,2028,1979.41,0,1979.41,1935.55,885.448,43.8589,2.26596
A3,GRDS,2029,1990.96,0,1990.96,1944.86,894.178,46.1012,2.37042
A3,GRDS,2030,2002.16,0,2002.16,1954.76,903.002,47.4008,2.4249
A3,GRDS,2031,2012.96,0,2012.96,1961.9,911.418,51.0574,2.60245
A3,GRDS,2032,2023.32,0,2023.32,1969.14,920.288,54.1838,2.75166
A3,GRDS,2033,2033.18,0,2033.18,1976.67,929.141,56.5166,2.85919
A3,GRDS,2034,2042.2,0,2042.2,1984.53,938.025,57.6728,2.90612
A3,GRDS,2035,2050.6,0,2050.6,1992.99,947.243,57.6037,2.89031
A3,GRDS,2036,2057.18,0,2057.18,2007.33,955.82,49.8482,2.48331
A3,GRDS,2037,2062.3,0,2062.3,2021.41,964.452,40.8867,2.02268
A3,GRDS,2038,2066.24,0,2066.24,2034.91,972.712,31.3384,1.54004
A3,GRDS,2039,2069.24,0,2069.24,2047.79,980.517,21.4551,1.04772
A3,GRDS,2040,2071.48,0,2071.48,2060.39,988.133,11.0935,0.538415
A3,GRDS,2041,2073.12,0,2073.12,2072.22,995.063,0.892747,0.0430816
A3,GRDS,2042,2074.26,9.64033,2083.9,2083.9,1001.9,-2.77396e-11,-1.33114e-12
A3,GRDS,2043,2075.01,20.0459,2095.06,2095.06,1008.26,-1.36424e-12,-6.51171e-14
A3,GRDS,2044,2075.45,30.2071,2105.66,2105.66,1014.09,4.54747e-13,2.15964e-14
A3,GRDS,2045,2075.64,40.0133,2115.66,2115.66,1019.38,4.54747e-13,2.14944e-14
A3,GRDS,2046,2075.63,49.2933,2124.93,2124.93,1023.95,9.09495e-13,4.28012e-14
A3,GRDS,2047,2075.46,58.1854,2133.65,2133.65,1027.97,1.36424e-12,6.39394e-14
A3,GRDS,2048,2075.16,66.4726,2141.64,2141.64,1031.25,1.81899e-12,8.49346e-14
A3,GRDS,2049,2074.76,74.1026,2148.86,2148.86,1033.75,1.81899e-12,8.46489e-14
A3,GRDS,2050,2074.28,81.9037,2156.18,2156.18,1036.32,4.54747e-13,2.10904e-14
A3,COTT,2023,561.8,191,752.8,752.8,0,0,0
A3,COTT,2024,616.4,261.8,878.2,878.2,0,0,0
A3,COTT,2025,617.205,188.719,805.924,805.924,0,-1.13687e-13,-1.41064e-14
A3,COTT,2026,617.917,185.406,803.324,803.324,0,1.13687e-13,1.41521e-14
A3,COTT,2027,618.53,182.158,800.688,800.688,0,-3.41061e-13,-4.25959e-14
A3,COTT,2028,619.032,179.003,798.035,798.035,0,0,0
A3,COTT,2029,619.417,175.994,795.411,795.411,0,2.27374e-13,2.85857e-14
A3,COTT,2030,619.673,173.097,792.77,792.77,0,2.27374e-13,2.86809e-14
A3,COTT,2031,619.787,170.338,790.125,790.125,0,0,0
A3,COTT,2032,619.75,167.762,787.512,787.512,0,0,0
A3,COTT,2033,619.544,165.377,784.921,784.921,0,0,0
A3,COTT,2034,615.991,167.047,783.038,783.038,0,4.54747e-13,5.80747e-14
A3,COTT,2035,612.262,168.922,781.184,781.184,0,1.13687e-13,1.45532e-14
A3,COTT,2036,608.524,170.77,779.295,779.295,0,0,0
A3,COTT,2037,604.721,173.251,777.972,777.972,0,0,0
A3,COTT,2038,600.856,176.294,777.15,777.15,0,0,0
A3,COTT,2039,596.933,179.834,776.766,776.766,0,1.13687e-13,1.46359e-14
A3,COTT,2040,592.955,183.816,776.771,776.771,0,3.41061e-13,4.39075e-14
A3,COTT,2041,588.928,188.188,777.115,777.115,0,2.27374e-13,2.92587e-14
A3,COTT,2042,584.853,192.905,777.758,777.758,0,0,0
A3,COTT,2043,580.736,197.929,778.664,778.664,0,-2.27374e-13,-2.92005e-14
A3,COTT,2044,576.578,203.22,779.797,779.797,0,-3.41061e-13,-4.37371e-14
A3,COTT,2045,572.383,208.74,781.124,781.124,0,-1.13687e-13,-1.45543e-14
A3,COTT,2046,568.155,214.458,782.613,782.613,0,1.13687e-13,1.45266e-14
A3,COTT,2047,563.897,220.348,784.244,784.244,0,1.13687e-13,1.44964e-14
A3,COTT,2048,559.61,226.379,785.989,785.989,0,-2.27374e-13,-2.89283e-14
A3,COTT,2049,555.298,232.529,787.827,787.827,0,1.13687e-13,1.44304e-14
A3,COTT,2050,550.964,238.783,789.747,789.747,0,1.13687e-13,1.43953e-14
A3,SUGC,2023,789,0,789,789,0,0,0
A3,SUGC,2024,882,0,882,882,0,0,0
A3,SUGC,2025,1050.8,0,1050.8,895.23,0,155.567,17.3774
A3,SUGC,2026,1241.72,0,1241.72,908.658,0,333.059,36.6539
A3,SUGC,2027,1455.87,0,1455.87,922.288,0,533.584,57.8544
A3,SUGC,2028,1694.16,0,1694.16,936.123,0,758.041,80.9766
A3,SUGC,2029,1957.28,0,1957.28,950.164,0,1007.11,105.993
A3,SUGC,2030,2245.63,0,2245.63,964.417,0,1281.22,132.849
A3,SUGC,2031,2559.37,0,2559.37,978.883,0,1580.49,161.458
A3,SUGC,2032,2898.37,0,2898.37,993.566,0,1904.8,191.713
A3,SUGC,2033,3262.15,0,3262.15,1008.47,0,2253.68,223.475
A3,SUGC,2034,3649.96,0,3649.96,1023.6,0,2626.36,256.582
A3,SUGC,2035,4060.74,0,4060.74,1038.95,0,3021.79,290.85
A3,SUGC,2036,4425.45,0,4425.45,1054.54,0,3370.92,319.659
A3,SUGC,2037,4742.47,0,4742.47,1070.35,0,3672.11,343.075
A3,SUGC,2038,5013.21,0,5013.21,1086.41,0,3926.8,361.448
A3,SUGC,2039,5241.07,0,5241.07,1102.7,0,4138.36,375.292
A3,SUGC,2040,5430.5,0,5430.5,1119.25,0,4311.25,385.193
A3,SUGC,2041,5586.33,0,5586.33,1136.03,0,4450.3,391.74
A3,SUGC,2042,5713.35,0,5713.35,1153.07,0,4560.28,395.489
A3,SUGC,2043,5816.03,0,5816.03,1170.37,0,4645.66,396.939
A3,SUGC,2044,5898.38,0,5898.38,1187.93,0,4710.46,396.528
A3,SUGC,2045,5963.91,0,5963.91,1205.75,0,4758.16,394.624
A3,SUGC,2046,6015.6,0,6015.6,1223.83,0,4791.77,391.539
A3,SUGC,2047,6056,0,6056,1242.19,0,4813.81,387.527
A3,SUGC,2048,6087.22,0,6087.22,1260.82,0,4826.4,382.798
A3,SUGC,2049,6110.99,0,6110.99,1279.73,0,4831.25,377.52
A3,SUGC,2050,6128.74,0,6128.74,1298.93,0,4829.81,371.83
A3,SUGB,2023,108,0,108,108,0,0,0
A3,SUGB,2024,114,0,114,114,0,0,0
A3,SUGB,2025,114.232,0,114.232,114,0,0.232277,0.203752
A3,SUGB,2026,114.448,0,114.448,114,0,0.447737,0.392752
A3,SUGB,2027,114.645,0,114.645,114,0,0.645003,0.565792
A3,SUGB,2028,114.822,0,114.822,114,0,0.821923,0.720985
A3,SUGB,2029,114.977,0,114.977,114,0,0.977227,0.857217
A3,SUGB,2030,115.109,0,115.109,114,0,1.10884,0.972668
A3,SUGB,2031,115.214,0,115.214,114,0,1.21417,1.06506
A3,SUGB,2032,115.291,0,115.291,114,0,1.29149,1.13288
A3,SUGB,2033,115.337,0,115.337,114,0,1.33743,1.17319
A3,SUGB,2034,115.432,0,115.432,114,0,1.43248,1.25656
A3,SUGB,2035,115.49,0,115.49,114,0,1.49044,1.30741
A3,SUGB,2036,115.548,0,115.548,114,0,1.54844,1.35828
A3,SUGB,2037,115.606,0,115.606,114,0,1.60647,1.40918
A3,SUGB,2038,115.665,0,115.665,114,0,1.66453,1.46011
A3,SUGB,2039,115.723,0,115.723,114,0,1.72261,1.51106
A3,SUGB,2040,115.781,0,115.781,114,0,1.78073,1.56204
A3,SUGB,2041,115.839,0,115.839,114,0,1.83887,1.61304
A3,SUGB,2042,115.897,0,115.897,114,0,1.89704,1.66407
A3,SUGB,2043,115.955,0,115.955,114,0,1.95524,1.71513
A3,SUGB,2044,116.013,0,116.013,114,0,2.01347,1.76621
A3,SUGB,2045,116.072,0,116.072,114,0,2.07174,1.81731
A3,SUGB,2046,116.13,0,116.13,114,0,2.13002,1.86844
A3,SUGB,2047,116.188,0,116.188,114,0,2.18834,1.9196
A3,SUGB,2048,116.247,0,116.247,114,0,2.24669,1.97078
A3,SUGB,2049,116.305,0,116.305,114,0,2.30507,2.02199
A3,SUGB,2050,116.363,0,116.363,114,0,2.36348,2.07323
A3,FRTO,2023,32744.3,365.6,33109.9,33109.9,15628.1,0,0
A3,FRTO,2024,34500,109.86,34609.9,34609.9,16380,0,0
A3,FRTO,2025,34682.7,0,34682.7,34666.8,16426.6,15.8741,0.0457905
A3,FRTO,2026,34862.3,0,34862.3,34723.7,16473.9,138.598,0.399144
A3,FRTO,2027,35038.7,0,35038.7,34777,16518.1,261.693,0.752489
A3,FRTO,2028,35211.1,0,35211.1,34824.8,16557.6,386.29,1.10924
A3,FRTO,2029,35379.4,0,35379.4,34868,16592.9,511.42,1.46673
A3,FRTO,2030,35543,0,35543,34902.2,16620,640.775,1.83592
A3,FRTO,2031,35701.1,0,35701.1,34930.7,16642.2,770.449,2.20565
A3,FRTO,2032,35853.4,0,35853.4,34955.4,16661.3,898.03,2.56908
A3,FRTO,2033,35999,0,35999,34975.1,16676.2,1023.93,2.92761
A3,FRTO,2034,36163.2,0,36163.2,34996.7,16687.4,1166.48,3.33311
A3,FRTO,2035,36319.4,0,36319.4,35010.1,16691.2,1309.33,3.73987
A3,FRTO,2036,36458.1,0,36458.1,35059.2,16690.5,1398.94,3.99021
A3,FRTO,2037,36582.7,0,36582.7,35101.8,16687,1480.93,4.21894
A3,FRTO,2038,36696,0,36696,35138.4,16680.5,1557.67,4.43297
A3,FRTO,2039,36800.3,0,36800.3,35168.2,16669.7,1632.11,4.64087
A3,FRTO,2040,36897.3,0,36897.3,35189.1,16652.1,1708.14,4.85417
A3,FRTO,2041,36988.5,0,36988.5,35203.8,16629.8,1784.67,5.06954
A3,FRTO,2042,37075,0,37075,35213.7,16604.1,1861.37,5.28592
A3,FRTO,2043,37157.9,0,37157.9,35218.5,16574.5,1939.43,5.50687
A3,FRTO,2044,37237.8,0,37237.8,35217.7,16540.3,2020.15,5.73617
A3,FRTO,2045,37315.4,0,37315.4,35209.5,16499.5,2105.95,5.9812
A3,FRTO,2046,37391.2,0,37391.2,35194,16452.3,2197.15,6.24295
A3,FRTO,2047,37465.5,0,37465.5,35172,16399.2,2293.45,6.52065
A3,FRTO,2048,37538.6,0,37538.6,35142.2,16338.9,2396.47,6.81935
A3,FRTO,2049,37610.9,0,37610.9,35104.2,16271,2506.71,7.14077
A3,FRTO,2050,37682.5,0,37682.5,35051.1,16188.6,2631.36,7.50721
A3,VEGT,2023,82868.1,0,82868.1,81577.7,19187.1,1290.41,1.58182
A3,VEGT,2024,83696.8,0,83696.8,82264,20415.5,1432.82,1.74174
A3,VEGT,2025,84308.9,0,84308.9,82632.4,20411,1676.47,2.02883
A3,VEGT,2026,84861.6,0,84861.6,82992.2,20408,1869.41,2.25252
A3,VEGT,2027,85356.2,0,85356.2,83335.5,20401.7,2020.75,2.42483
A3,VEGT,2028,85792.8,0,85792.8,83657.7,20390.5,2135.05,2.55213
A3,VEGT,2029,86172.1,0,86172.1,83959.6,20375.1,2212.48,2.63517
A3,VEGT,2030,86493.9,0,86493.9,84237.3,20356.7,2256.67,2.67894
A3,VEGT,2031,86757.1,0,86757.1,84487.1,20333.4,2270,2.6868
A3,VEGT,2032,86961.4,0,86961.4,84711.5,20307.4,2249.82,2.65586
A3,VEGT,2033,87104.2,0,87104.2,84906.5,20277.7,2197.73,2.58841
A3,VEGT,2034,87184,0,87184,85071.2,20245.1,2112.77,2.48353
A3,VEGT,2035,87198.2,0,87198.2,85205,20210.5,1993.18,2.33927
A3,VEGT,2036,87130.6,0,87130.6,85301.5,20169.6,1829.04,2.14421
A3,VEGT,2037,86997.5,0,86997.5,85359.1,20125.3,1638.45,1.91948
A3,VEGT,2038,86812.4,0,86812.4,85384.1,20077.5,1428.32,1.67281
A3,VEGT,2039,86586,0,86586,85380.3,20024.6,1205.66,1.41211
A3,VEGT,2040,86326.9,0,86326.9,85353.4,19968,973.443,1.14049
A3,VEGT,2041,86042,0,86042,85305,19906,736.981,0.863936
A3,VEGT,2042,85736.9,0,85736.9,85239.2,19840.1,497.683,0.583866
A3,VEGT,2043,85416.1,0,85416.1,85157.7,19769.6,258.355,0.303384
A3,VEGT,2044,85083,0,85083,85061.2,19693.8,21.7244,0.0255397
A3,VEGT,2045,84740.5,209.412,84949.9,84949.9,19611.6,7.27596e-11,8.565e-14
A3,VEGT,2046,84390.8,432.74,84823.5,84823.5,19522,4.36557e-11,5.14666e-14
A3,VEGT,2047,84035.8,648.019,84683.8,84683.8,19425.6,1.45519e-11,1.71838e-14
A3,VEGT,2048,83676.8,852.728,84529.6,84529.6,19320.9,0,0
A3,VEGT,2049,83315.1,1045.86,84361,84361,19207.6,-8.73115e-11,-1.03497e-13
A3,VEGT,2050,82951.5,1229.82,84181.3,84181.3,19088.5,1.45519e-11,1.72864e-14
A3,OTGR,2023,3739.7,384.9,4124.6,4124.6,217.92,6.36646e-12,1.54353e-13
A3,OTGR,2024,3815.6,192.67,4008.27,4008.27,164.532,1.36424e-12,3.40357e-14
A3,OTGR,2025,3816.35,201.218,4017.57,4017.57,164.028,-9.09495e-13,-2.26379e-14
A3,OTGR,2026,3817.1,212.151,4029.25,4029.25,163.53,9.09495e-13,2.25723e-14
A3,OTGR,2027,3817.85,224.407,4042.26,4042.26,163.012,4.54747e-12,1.12498e-13
A3,OTGR,2028,3818.6,237.635,4056.23,4056.23,162.453,2.27374e-12,5.60554e-14
A3,OTGR,2029,3819.35,252.402,4071.75,4071.75,161.861,9.09495e-13,2.23367e-14
A3,OTGR,2030,3820.1,268.148,4088.25,4088.25,161.343,5.00222e-12,1.22356e-13
A3,OTGR,2031,3820.85,277.941,4098.79,4098.79,160.781,-3.63798e-12,-8.87574e-14
A3,OTGR,2032,3821.6,286.517,4108.12,4108.12,160.203,9.09495e-13,2.2139e-14
A3,OTGR,2033,3822.35,295.658,4118.01,4118.01,159.593,9.09495e-13,2.20858e-14
A3,OTGR,2034,3825.85,302.669,4128.52,4128.52,158.959,-1.81899e-12,-4.40591e-14
A3,OTGR,2035,3829.36,310.302,4139.66,4139.66,158.395,9.09495e-13,2.19703e-14
A3,OTGR,2036,3832.86,317.473,4150.34,4150.34,157.787,0,0
A3,OTGR,2037,3836.38,323.764,4160.14,4160.14,157.157,-9.09495e-13,-2.18621e-14
A3,OTGR,2038,3839.89,329.395,4169.29,4169.29,156.499,0,0
A3,OTGR,2039,3843.41,334.488,4177.9,4177.9,155.801,-9.09495e-13,-2.17692e-14
A3,OTGR,2040,3846.93,339.273,4186.2,4186.2,155.144,-9.09495e-13,-2.1726e-14
A3,OTGR,2041,3850.46,343.674,4194.13,4194.13,154.443,0,0
A3,OTGR,2042,3853.98,347.759,4201.74,4201.74,153.714,2.72848e-12,6.4937e-14
A3,OTGR,2043,3857.51,351.56,4209.07,4209.07,152.95,0,0
A3,OTGR,2044,3861.05,355.096,4216.14,4216.14,152.144,0,0
A3,OTGR,2045,3864.59,358.271,4222.86,4222.86,151.307,2.72848e-12,6.46123e-14
A3,OTGR,2046,3868.13,361.204,4229.33,4229.33,150.411,-9.09495e-13,-2.15045e-14
A3,OTGR,2047,3871.67,363.919,4235.59,4235.59,149.464,-9.09495e-13,-2.14727e-14
A3,OTGR,2048,3875.22,366.404,4241.62,4241.62,148.454,1.81899e-12,4.28843e-14
A3,OTGR,2049,3878.77,368.662,4247.43,4247.43,147.377,1.81899e-12,4.28256e-14
A3,OTGR,2050,3882.32,370.908,4253.23,4253.23,146.433,9.09495e-13,2.13836e-14
A3,SORG,2023,318,485.8,803.8,803.8,67,-1.13687e-13,-1.41437e-14
A3,SORG,2024,314,865.5,1179.5,1179.5,65,0,0
A3,SORG,2025,314.35,865.078,1179.43,1179.43,64.791,4.54747e-13,3.85566e-14
A3,SORG,2026,314.624,865.327,1179.95,1179.95,64.5913,-2.27374e-13,-1.92698e-14
A3,SORG,2027,314.821,865.968,1180.79,1180.79,64.391,3.41061e-11,2.88841e-12
A3,SORG,2028,314.94,866.907,1181.85,1181.85,64.1824,2.27374e-13,1.92388e-14
A3,SORG,2029,314.977,868.291,1183.27,1183.27,63.969,0,0
A3,SORG,2030,314.931,869.992,1184.92,1184.92,63.7933,2.27374e-13,1.91889e-14
A3,SORG,2031,314.795,870.186,1184.98,1184.98,63.6105,-1.13687e-12,-9.59398e-14
A3,SORG,2032,314.568,870.112,1184.68,1184.68,63.4313,2.27374e-13,1.91928e-14
A3,SORG,2033,314.242,870.239,1184.48,1184.48,63.2514,-4.54747e-13,-3.83921e-14
A3,SORG,2034,313.812,870.572,1184.38,1184.38,63.0742,0,0
A3,SORG,2035,313.271,871.14,1184.41,1184.41,62.9377,0,0
A3,SORG,2036,312.633,871.861,1184.49,1184.49,62.7833,-4.54747e-13,-3.83917e-14
A3,SORG,2037,311.996,872.558,1184.55,1184.55,62.6195,-2.27374e-13,-1.91949e-14
A3,SORG,2038,311.36,873.267,1184.63,1184.63,62.4439,-9.09495e-13,-7.67748e-14
A3,SORG,2039,310.725,873.999,1184.72,1184.72,62.252,7.27596e-12,6.14148e-13
A3,SORG,2040,310.092,874.807,1184.9,1184.9,62.0755,-2.04636e-12,-1.72704e-13
A3,SORG,2041,309.46,875.645,1185.1,1185.1,61.8806,-4.54747e-13,-3.83719e-14
A3,SORG,2042,308.83,876.519,1185.35,1185.35,61.6738,-2.27374e-13,-1.9182e-14
A3,SORG,2043,308.2,877.426,1185.63,1185.63,61.4521,4.54747e-13,3.8355e-14
A3,SORG,2044,307.572,878.36,1185.93,1185.93,61.2131,4.54747e-13,3.83452e-14
A3,SORG,2045,306.945,879.286,1186.23,1186.23,60.9604,0,0
A3,SORG,2046,306.32,880.226,1186.55,1186.55,60.6834,0,0
A3,SORG,2047,305.696,881.178,1186.87,1186.87,60.3848,0,0
A3,SORG,2048,305.073,882.132,1187.2,1187.2,60.0595,2.27374e-13,1.9152e-14
A3,SORG,2049,304.451,883.083,1187.53,1187.53,59.7066,-2.27374e-13,-1.91467e-14
A3,SORG,2050,303.83,884.108,1187.94,1187.94,59.4049,2.27374e-13,1.91402e-14
A3,BARL,2023,200,1589.8,1789.8,1640,90.2,149.8,9.13415
A3,BARL,2024,200,1424,1624,1624,89.32,0,0
A3,BARL,2025,200.234,1417.9,1618.14,1618.14,89.0243,-1.13687e-12,-7.02578e-14
A3,BARL,2026,200.421,1412.21,1612.63,1612.63,88.7324,-6.82121e-13,-4.22987e-14
A3,BARL,2027,200.558,1406.74,1607.3,1607.3,88.4305,4.77485e-12,2.97073e-13
A3,BARL,2028,200.645,1401.46,1602.1,1602.1,88.107,-2.27374e-13,-1.41922e-14
A3,BARL,2029,200.681,1396.5,1597.18,1597.18,87.7661,2.27374e-13,1.42359e-14
A3,BARL,2030,200.663,1391.79,1592.45,1592.45,87.4719,4.54747e-13,2.85564e-14
A3,BARL,2031,200.589,1386.16,1586.75,1586.75,87.1549,-6.82121e-13,-4.29885e-14
A3,BARL,2032,200.456,1380.45,1580.91,1580.91,86.8297,2.27374e-13,1.43825e-14
A3,BARL,2033,200.26,1374.92,1575.18,1575.18,86.4887,2.27374e-13,1.44347e-14
A3,BARL,2034,200.055,1369.55,1569.61,1569.61,86.1355,4.54747e-13,2.8972e-14
A3,BARL,2035,199.779,1364.45,1564.23,1564.23,85.8264,0,0
A3,BARL,2036,199.441,1360.25,1559.69,1559.69,85.4934,2.27374e-13,1.45781e-14
A3,BARL,2037,199.103,1356.72,1555.82,1555.82,85.1483,0,0
A3,BARL,2038,198.766,1353.81,1552.57,1552.57,84.7879,-1.13687e-12,-7.32247e-14
A3,BARL,2039,198.43,1351.43,1549.86,1549.86,84.4061,4.54747e-13,2.93412e-14
A3,BARL,2040,198.094,1349.59,1547.68,1547.68,84.0505,1.13687e-12,7.34561e-14
A3,BARL,2041,197.759,1348.17,1545.92,1545.92,83.6708,-2.27374e-13,-1.47079e-14
A3,BARL,2042,197.424,1347.11,1544.54,1544.54,83.2758,-4.54747e-13,-2.94423e-14
A3,BARL,2043,197.09,1346.38,1543.47,1543.47,82.8616,-4.54747e-13,-2.94626e-14
A3,BARL,2044,196.756,1345.93,1542.68,1542.68,82.4248,4.54747e-13,2.94777e-14
A3,BARL,2045,196.423,1345.68,1542.11,1542.11,81.9719,0,0
A3,BARL,2046,196.091,1345.62,1541.71,1541.71,81.4872,2.27374e-13,1.47481e-14
A3,BARL,2047,195.759,1345.71,1541.47,1541.47,80.9747,-2.27374e-13,-1.47504e-14
A3,BARL,2048,195.428,1345.92,1541.35,1541.35,80.4276,4.54747e-13,2.95032e-14
A3,BARL,2049,195.097,1346.21,1541.3,1541.3,79.8446,2.27374e-13,1.4752e-14
A3,BARL,2050,194.767,1346.68,1541.45,1541.45,79.3434,4.54747e-13,2.95013e-14
A3,PIGM,2023,5794,152.32,5946.32,5946.32,4546.55,9.09495e-13,1.52951e-14
A3,PIGM,2024,5706,104.23,5810.23,5810.23,4444.17,0,0
A3,PIGM,2025,5731.07,137.003,5868.08,5868.08,4490.39,-3.63798e-12,-6.19961e-14
A3,PIGM,2026,5701.77,220.416,5922.19,5922.19,4535.76,0,0
A3,PIGM,2027,5675.42,294.896,5970.32,5970.32,4581.73,0,0
A3,PIGM,2028,5651.73,365.359,6017.09,6017.09,4626.34,-9.09495e-13,-1.51152e-14
A3,PIGM,2029,5630.44,432.688,6063.13,6063.13,4670.09,-1.81899e-12,-3.00009e-14
A3,PIGM,2030,5611.32,497.82,6109.14,6109.14,4713.86,-1.81899e-12,-2.97749e-14
A3,PIGM,2031,5601.57,551.996,6153.56,6153.56,4755.68,2.72848e-12,4.43399e-14
A3,PIGM,2032,5586.72,611.56,6198.28,6198.28,4798.07,9.09495e-13,1.46733e-14
A3,PIGM,2033,5573.62,668.524,6242.14,6242.14,4839.57,0,0
A3,PIGM,2034,5562.14,723.181,6285.32,6285.32,4880.32,0,0
A3,PIGM,2035,5552.18,776.829,6329.01,6329.01,4921.53,9.09495e-13,1.43703e-14
A3,PIGM,2036,5543.15,833.66,6376.81,6376.81,4960.47,9.09495e-13,1.42625e-14
A3,PIGM,2037,5535.76,888.578,6424.34,6424.34,4999.2,9.09495e-13,1.4157e-14
A3,PIGM,2038,5529.69,940.723,6470.41,6470.41,5036.55,-9.09495e-13,-1.40562e-14
A3,PIGM,2039,5524.66,989.929,6514.59,6514.59,5072.12,-9.09495e-13,-1.39609e-14
A3,PIGM,2040,5520.47,1037.56,6558.03,6558.03,5107.07,-3.63798e-12,-5.54737e-14
A3,PIGM,2041,5516.94,1081.94,6598.88,6598.88,5139.56,2.72848e-12,4.13477e-14
A3,PIGM,2042,5513.95,1124.9,6638.85,6638.85,5171.31,0,0
A3,PIGM,2043,5511.38,1165.47,6676.84,6676.84,5201.25,0,0
A3,PIGM,2044,5509.14,1203.45,6712.59,6712.59,5229.11,0,0
A3,PIGM,2045,5507.18,1238.8,6745.98,6745.98,5254.8,0,0
A3,PIGM,2046,5505.43,1270.83,6776.26,6776.26,5277.57,9.09495e-13,1.34218e-14
A3,PIGM,2047,5503.85,1300.1,6803.95,6803.95,5297.96,-9.09495e-13,-1.33672e-14
A3,PIGM,2048,5502.41,1325.89,6828.3,6828.3,5315.22,-1.81899e-12,-2.6639e-14
A3,PIGM,2049,5501.08,1348.06,6849.14,6849.14,5329.21,0,0
A3,PIGM,2050,5499.83,1370.15,6869.98,6869.98,5343.41,1.81899e-12,2.64774e-14
A3,CATM,2023,753,273.73,1026.73,1026.73,925.67,0,0
A3,CATM,2024,779,287.41,1066.41,1066.41,954.39,0,0
A3,CATM,2025,747.119,327.338,1074.46,1074.46,967.021,0,0
A3,CATM,2026,752.254,335.171,1087.43,1087.43,979.251,0,0
A3,CATM,2027,757.094,343.798,1100.89,1100.89,992.022,-1.59162e-12,-1.44575e-13
A3,CATM,2028,761.998,352.131,1114.13,1114.13,1004.55,-2.27374e-13,-2.04082e-14
A3,CATM,2029,770.967,356.955,1127.92,1127.92,1017.06,6.82121e-13,6.0476e-14
A3,CATM,2030,780.079,361.312,1141.39,1141.39,1029.22,-2.27374e-13,-1.99208e-14
A3,CATM,2031,789.342,365.103,1154.45,1154.45,1040.94,2.27374e-13,1.96955e-14
A3,CATM,2032,798.761,369.377,1168.14,1168.14,1053.28,0,0
A3,CATM,2033,808.344,373.556,1181.9,1181.9,1065.66,0,0
A3,CATM,2034,818.099,377.694,1195.79,1195.79,1078.15,-2.27374e-13,-1.90145e-14
A3,CATM,2035,828.035,381.716,1209.75,1209.75,1090.68,0,0
A3,CATM,2036,837.401,385.471,1222.87,1222.87,1102.45,0,0
A3,CATM,2037,846.873,389.225,1236.1,1236.1,1114.32,0,0
A3,CATM,2038,856.451,392.449,1248.9,1248.9,1125.74,-6.82121e-13,-5.46178e-14
A3,CATM,2039,866.137,395.044,1261.18,1261.18,1136.63,2.27374e-13,1.80286e-14
A3,CATM,2040,875.932,396.978,1272.91,1272.91,1146.95,-5.00222e-12,-3.92975e-13
A3,CATM,2041,885.837,398.001,1283.84,1283.84,1156.46,9.09495e-13,7.08418e-14
A3,CATM,2042,895.854,398.825,1294.68,1294.68,1165.86,2.27374e-13,1.75622e-14
A3,CATM,2043,905.984,398.983,1304.97,1304.97,1174.69,6.82121e-13,5.22711e-14
A3,CATM,2044,916.228,398.411,1314.64,1314.64,1182.89,-1.81899e-12,-1.38364e-13
A3,CATM,2045,926.587,397.007,1323.59,1323.59,1190.35,-2.27374e-13,-1.71785e-14
A3,CATM,2046,937.063,394.636,1331.7,1331.7,1196.95,6.82121e-13,5.12219e-14
A3,CATM,2047,947.656,391.501,1339.16,1339.16,1202.88,0,0
A3,CATM,2048,958.369,387.369,1345.74,1345.74,1207.93,0,0
A3,CATM,2049,969.203,382.201,1351.4,1351.4,1212.03,0,0
A3,CATM,2050,980.159,376.177,1356.34,1356.34,1215.39,0,0
A3,SHGM,2023,531,43.24,574.24,574.24,501.279,0,0
A3,SHGM,2024,518,36.53,554.53,554.53,495.466,0,0
A3,SHGM,2025,520.85,40.7778,561.628,561.628,502.239,0,0
A3,SHGM,2026,523.723,44.8487,568.572,568.572,508.855,0,0
A3,SHGM,2027,526.619,49.1805,575.799,575.799,515.752,-2.04636e-12,-3.55395e-13
A3,SHGM,2028,529.538,53.4006,582.939,582.939,522.559,-2.27374e-13,-3.90047e-14
A3,SHGM,2029,532.248,57.8161,590.064,590.064,529.375,-2.27374e-13,-3.85337e-14
A3,SHGM,2030,534.766,62.3111,597.078,597.078,536.102,-3.41061e-13,-5.71216e-14
A3,SHGM,2031,537.111,66.762,603.873,603.873,542.63,-2.27374e-13,-3.76526e-14
A3,SHGM,2032,539.298,71.6729,610.97,610.97,549.478,-4.54747e-13,-7.44303e-14
A3,SHGM,2033,541.342,76.7404,618.082,618.082,556.356,2.27374e-13,3.6787e-14
A3,SHGM,2034,543.257,81.9838,625.241,625.241,563.297,1.13687e-13,1.81829e-14
A3,SHGM,2035,545.057,87.3981,632.456,632.456,570.306,0,0
A3,SHGM,2036,547.063,92.2845,639.347,639.347,576.969,0,0
A3,SHGM,2037,548.95,97.3535,646.304,646.304,583.711,1.13687e-13,1.75903e-14
A3,SHGM,2038,550.731,102.333,653.064,653.064,590.267,-6.82121e-13,-1.04449e-13
A3,SHGM,2039,552.416,107.161,659.577,659.577,596.588,2.27374e-13,3.44727e-14
A3,SHGM,2040,554.271,111.61,665.881,665.881,602.681,1.13687e-13,1.70731e-14
A3,SHGM,2041,556.023,115.767,671.791,671.791,608.391,3.41061e-13,5.07689e-14
A3,SHGM,2042,557.682,119.986,677.668,677.668,614.079,-1.13687e-13,-1.67762e-14
A3,SHGM,2043,559.258,124.022,683.279,683.279,619.511,3.41061e-13,4.99152e-14
A3,SHGM,2044,560.757,127.833,688.59,688.59,624.651,-6.82121e-13,-9.90605e-14
A3,SHGM,2045,561.536,131.942,693.478,693.478,629.45,3.41061e-13,4.91812e-14
A3,SHGM,2046,562.316,135.633,697.949,697.949,633.832,2.27374e-13,3.25774e-14
A3,SHGM,2047,563.097,139.011,702.107,702.107,637.901,-3.41061e-13,-4.85767e-14
A3,SHGM,2048,563.879,141.953,705.832,705.832,641.537,0,0
A3,SHGM,2049,564.662,144.439,709.101,709.101,644.716,0,0
A3,SHGM,2050,565.446,146.551,711.997,711.997,647.522,0,0
A3,CHKM,2023,2609.25,74.7687,2684.02,2684.02,2423.09,9.09495e-13,3.38856e-14
A3,CHKM,2024,2637.39,20.6355,2658.03,2658.03,2394.29,-9.09495e-13,-3.42169e-14
A3,CHKM,2025,2727.89,0,2727.89,2699.01,2426.22,28.8825,1.07012
A3,CHKM,2026,2733.34,0,2733.34,2731.02,2457.69,2.31598,0.0848026
A3,CHKM,2027,2741.5,23.0593,2764.56,2764.56,2490.41,-9.09495e-13,-3.28984e-14
A3,CHKM,2028,2749.8,48.026,2797.82,2797.82,2522.84,-2.27374e-12,-8.12681e-14
A3,CHKM,2029,2758.25,73.0053,2831.25,2831.25,2555.43,1.36424e-12,4.81851e-14
A3,CHKM,2030,2766.85,97.585,2864.44,2864.44,2587.75,1.36424e-12,4.76268e-14
A3,CHKM,2031,2775.64,121.304,2896.94,2896.94,2619.38,2.04636e-11,7.06387e-13
A3,CHKM,2032,2784.61,146.337,2930.95,2930.95,2652.49,-4.54747e-13,-1.55154e-14
A3,CHKM,2033,2793.79,171.46,2965.25,2965.25,2685.87,-9.09495e-13,-3.06717e-14
A3,CHKM,2034,2803.2,196.825,3000.02,3000.02,2719.7,-3.63798e-12,-1.21265e-13
A3,CHKM,2035,2812.85,222.444,3035.29,3035.29,2754.01,2.27374e-12,7.491e-14
A3,CHKM,2036,2831.01,237.953,3068.96,3068.96,2785.86,2.72848e-12,8.89058e-14
A3,CHKM,2037,2847.25,255.518,3102.77,3102.77,2818.04,4.54747e-13,1.46562e-14
A3,CHKM,2038,2862.56,273.162,3135.73,3135.73,2849.47,-1.81899e-12,-5.80086e-14
A3,CHKM,2039,2877.44,290.194,3167.64,3167.64,2879.89,3.18323e-12,1.00492e-13
A3,CHKM,2040,2892.14,306.399,3198.54,3198.54,2909.32,4.54747e-13,1.42174e-14
A3,CHKM,2041,2906.78,321.024,3227.8,3227.8,2937.12,4.54747e-13,1.40885e-14
A3,CHKM,2042,2921.42,335.537,3256.96,3256.96,2964.82,3.63798e-12,1.11699e-13
A3,CHKM,2043,2936.1,348.922,3285.03,3285.03,2991.42,3.63798e-12,1.10744e-13
A3,CHKM,2044,2950.84,361.002,3311.84,3311.84,3016.76,-3.18323e-12,-9.61166e-14
A3,CHKM,2045,2965.65,371.514,3337.16,3337.16,3040.59,-4.54747e-13,-1.36268e-14
A3,CHKM,2046,2980.51,380.132,3360.65,3360.65,3062.6,1.81899e-12,5.41262e-14
A3,CHKM,2047,2995.45,387.295,3382.75,3382.75,3083.2,3.63798e-12,1.07545e-13
A3,CHKM,2048,3010.46,392.458,3402.92,3402.92,3101.88,0,0
A3,CHKM,2049,3025.55,395.513,3421.06,3421.06,3118.51,-1.81899e-12,-5.31703e-14
A3,CHKM,2050,3040.7,396.626,3437.33,3437.33,3133.26,-1.81899e-12,-5.29187e-14
A3,EGGS,2023,3028.55,0,3028.55,3011.87,2383.06,16.68,0.553809
A3,EGGS,2024,3049.8,0,3049.8,3031.91,2386.64,17.8911,0.590095
A3,EGGS,2025,3064.17,0,3064.17,3050.01,2395.68,14.1563,0.46414
A3,EGGS,2026,3076.52,0,3076.52,3068.04,2404.73,8.47665,0.276288
A3,EGGS,2027,3087.18,0,3087.18,3085.7,2413.46,1.47553,0.0478182
A3,EGGS,2028,3096.41,6.25941,3102.67,3102.67,2421.5,0,0
A3,EGGS,2029,3104.45,14.6814,3119.13,3119.13,2428.97,-1.81899e-12,-5.83171e-14
A3,EGGS,2030,3111.51,23.5183,3135.03,3135.03,2435.88,-1.36424e-12,-4.35161e-14
A3,EGGS,2031,3117.77,32.4696,3150.24,3150.24,2442.06,2.27374e-11,7.21766e-13
A3,EGGS,2032,3123.39,41.8534,3165.24,3165.24,2447.94,-1.36424e-12,-4.31008e-14
A3,EGGS,2033,3128.5,51.2951,3179.79,3179.79,2453.29,1.36424e-12,4.29035e-14
A3,EGGS,2034,3133.22,60.7824,3194.01,3194.01,2458.2,4.54747e-13,1.42375e-14
A3,EGGS,2035,3137.68,70.2275,3207.91,3207.91,2462.68,-1.36424e-12,-4.25275e-14
A3,EGGS,2036,3122.82,102.435,3225.26,3225.26,2471.37,0,0
A3,EGGS,2037,3107.57,134.242,3241.81,3241.81,2479.65,-4.54747e-13,-1.40276e-14
A3,EGGS,2038,3092.02,165.463,3257.48,3257.48,2487.43,-1.36424e-12,-4.18802e-14
A3,EGGS,2039,3076.25,195.85,3272.1,3272.1,2494.52,-1.36424e-12,-4.16931e-14
A3,EGGS,2040,3060.33,225.45,3285.78,3285.78,2500.99,1.81899e-12,5.53594e-14
A3,EGGS,2041,3044.31,254.051,3298.36,3298.36,2506.67,9.09495e-13,2.75742e-14
A3,EGGS,2042,3028.21,281.893,3310.11,3310.11,2511.83,0,0
A3,EGGS,2043,3012.09,308.823,3320.91,3320.91,2516.33,-4.54747e-13,-1.36935e-14
A3,EGGS,2044,2995.95,334.718,3330.67,3330.67,2520.05,9.09495e-13,2.73067e-14
A3,EGGS,2045,2979.83,359.393,3339.22,3339.22,2522.82,1.81899e-12,5.44735e-14
A3,EGGS,2046,2963.73,382.703,3346.43,3346.43,2524.5,4.54747e-13,1.3589e-14
A3,EGGS,2047,2947.67,404.749,3352.42,3352.42,2525.21,0,0
A3,EGGS,2048,2931.66,425.294,3356.96,3356.96,2524.7,0,0
A3,EGGS,2049,2915.71,444.278,3359.99,3359.99,2522.91,-9.09495e-13,-2.70684e-14
A3,EGGS,2050,2899.82,461.938,3361.76,3361.76,2520.08,-9.09495e-13,-2.70541e-14
A3,MILK,2023,4197,1694.13,5891.13,5891.13,5223.43,-9.09495e-13,-1.54384e-14
A3,MILK,2024,4079,1555.36,5634.36,5634.36,4998.61,0,0
A3,MILK,2025,3962.98,1742.56,5705.53,5705.53,5087.87,-9.09495e-13,-1.59406e-14
A3,MILK,2026,4076.9,1734.8,5811.7,5811.7,5176.28,-2.72848e-12,-4.69481e-14
A3,MILK,2027,4194.25,1727.11,5921.36,5921.36,5267.65,5.45697e-12,9.21574e-14
A3,MILK,2028,4315.16,1715.92,6031.08,6031.08,5358.53,-1.81899e-12,-3.01603e-14
A3,MILK,2029,4439.77,1702.06,6141.83,6141.83,5449.85,-1.81899e-12,-2.96164e-14
A3,MILK,2030,4568.19,1686.55,6254.74,6254.74,5542.75,-1.81899e-12,-2.90818e-14
A3,MILK,2031,4613.62,1739.75,6353.37,6353.37,5634.3,5.45697e-12,8.5891e-14
A3,MILK,2032,4659.77,1795.73,6455.5,6455.5,5729.24,4.54747e-12,7.04434e-14
A3,MILK,2033,4706.69,1851.98,6558.66,6558.66,5825.09,0,0
A3,MILK,2034,4754.41,1908.76,6663.16,6663.16,5922.15,9.09495e-13,1.36496e-14
A3,MILK,2035,4802.98,1968.02,6771,6771,6022.42,4.54747e-12,6.7161e-14
A3,MILK,2036,4843.47,2029.08,6872.55,6872.55,6117.66,3.63798e-12,5.29349e-14
A3,MILK,2037,4876.93,2097.09,6974.01,6974.01,6213.9,-2.72848e-12,-3.91236e-14
A3,MILK,2038,4904.66,2168.52,7073.18,7073.18,6308.75,-5.45697e-12,-7.71502e-14
A3,MILK,2039,4927.77,2241.88,7169.64,7169.64,6401.61,1.72804e-11,2.41022e-13
A3,MILK,2040,4947.13,2318.24,7265.37,7265.37,6494.32,-2.72848e-12,-3.75546e-14
A3,MILK,2041,4963.49,2393.77,7357.26,7357.26,6583.66,0,0
A3,MILK,2042,4977.41,2471.36,7448.77,7448.77,6673,5.45697e-12,7.326e-14
A3,MILK,2043,4989.39,2548.35,7537.73,7537.73,6760.1,-2.72848e-12,-3.61977e-14
A3,MILK,2044,4999.79,2624.01,7623.8,7623.8,6844.54,-1.81899e-12,-2.38593e-14
A3,MILK,2045,5008.94,2698.02,7706.96,7706.96,6926.28,2.72848e-12,3.54029e-14
A3,MILK,2046,5017.08,2768.84,7785.92,7785.92,7003.97,-4.54747e-12,-5.84064e-14
A3,MILK,2047,5024.41,2837.26,7861.67,7861.67,7078.58,0,0
A3,MILK,2048,5031.09,2901.84,7932.93,7932.93,7148.8,-2.72848e-12,-3.43944e-14
A3,MILK,2049,5037.26,2962.16,7999.42,7999.42,7214.32,-2.72848e-12,-3.41085e-14
A3,MILK,2050,5043,3024.65,8067.66,8067.66,7281.66,0,0
A3,FISH,2023,7116.2,296,7412.2,7412.2,3132.04,0,0
A3,FISH,2024,7366,269,7635,7635,3204.13,0,0
A3,FISH,2025,7453.32,273.717,7727.04,7727.04,3231.27,1.81899e-12,2.35406e-14
A3,FISH,2026,7540.81,279.311,7820.12,7820.12,3259.08,-1.81899e-12,-2.32604e-14
A3,FISH,2027,7628.49,285.532,7914.02,7914.02,3287.24,-3.63798e-12,-4.59688e-14
A3,FISH,2028,7716.36,292.075,8008.43,8008.43,3315.31,9.09495e-13,1.13567e-14
A3,FISH,2029,7804.43,299.572,8104,8104,3343.5,0,0
A3,FISH,2030,7892.71,306.113,8198.82,8198.82,3370.39,-1.81899e-12,-2.2186e-14
A3,FISH,2031,7981.22,313.199,8294.42,8294.42,3397.34,1.81899e-12,2.19303e-14
A3,FISH,2032,8069.98,321.845,8391.82,8391.82,3425.07,0,0
A3,FISH,2033,8159,331.742,8490.75,8490.75,3453.36,1.81899e-12,2.14232e-14
A3,FISH,2034,8248.33,343.181,8591.51,8591.51,3482.46,-5.45697e-12,-6.35158e-14
A3,FISH,2035,8333.86,358.509,8692.37,8692.37,3511.16,-1.81899e-12,-2.09263e-14
A3,FISH,2036,8405.51,396.624,8802.13,8802.13,3537.64,-3.63798e-12,-4.13307e-14
A3,FISH,2037,8461.78,447.906,8909.68,8909.68,3563.68,-1.81899e-12,-2.04159e-14
A3,FISH,2038,8505.54,509.716,9015.26,9015.26,3589.09,1.81899e-12,2.01768e-14
A3,FISH,2039,8539.17,579.715,9118.88,9118.88,3613.59,5.45697e-12,5.98425e-14
A3,FISH,2040,8564.61,655.242,9219.85,9219.85,3636.16,-9.09495e-12,-9.86453e-14
A3,FISH,2041,8583.44,735.748,9319.19,9319.19,3657.65,3.63798e-12,3.90375e-14
A3,FISH,2042,8596.97,820.526,9417.49,9417.49,3678.46,0,0
A3,FISH,2043,8606.22,908.441,9514.66,9514.66,3698.36,-1.81899e-12,-1.91178e-14
A3,FISH,2044,8612.05,998.563,9610.61,9610.61,3717.17,-3.63798e-12,-3.78538e-14
A3,FISH,2045,8615.13,1089.68,9704.81,9704.81,3734.32,1.81899e-12,1.87432e-14
A3,FISH,2046,8616.01,1181.38,9797.39,9797.39,3749.91,1.81899e-12,1.85661e-14
A3,FISH,2047,8615.13,1273.39,9888.52,9888.52,3764.06,1.81899e-12,1.8395e-14
A3,FISH,2048,8612.83,1365,9977.83,9977.83,3776.41,1.81899e-12,1.82303e-14
A3,FISH,2049,8609.42,1455.8,10065.2,10065.2,3786.85,5.45697e-12,5.42161e-14
A3,FISH,2050,8605.1,1542.95,10148,10148,3792.72,-1.81899e-12,-1.79245e-14
A4,RICE,2023,20660.3,100.6,20760.9,20760.9,15799.6,3.63798e-12,1.75232e-14
A4,RICE,2024,20753.5,78.57,20832.1,20832.1,15650,0,0
A4,RICE,2025,20794.1,158.02,20952.2,20952.2,15467.8,1.09139e-11,5.20898e-14
A4,RICE,2026,20834.1,243.349,21077.4,21077.4,15305.8,-3.63798e-12,-1.72601e-14
A4,RICE,2027,20873.2,298.07,21171.3,21171.3,15146.6,0,0
A4,RICE,2028,20911.5,335.527,21247,21247,14986.7,7.27596e-12,3.42446e-14
A4,RICE,2029,20948.9,375.771,21324.6,21324.6,14825.4,1.09139e-11,5.11799e-14
A4,RICE,2030,20985.2,433.023,21418.2,21418.2,14675.6,-1.09139e-11,-5.09563e-14
A4,RICE,2031,21004.7,469.746,21474.4,21474.4,14538,3.63798e-12,1.6941e-14
A4,RICE,2032,21022.9,470.611,21493.5,21493.5,14397.7,3.63798e-12,1.6926e-14
A4,RICE,2033,21039.7,474.705,21514.4,21514.4,14256.2,-3.63798e-12,-1.69095e-14
A4,RICE,2034,21054.9,482.116,21537,21537,14113.5,0,0
A4,RICE,2035,21068.5,501.295,21569.8,21569.8,13977.8,3.63798e-12,1.68661e-14
A4,RICE,2036,21079.7,526.098,21605.8,21605.8,13853.1,-3.63798e-11,-1.6838e-13
A4,RICE,2037,21089,552.774,21641.7,21641.7,13727.4,-3.63798e-12,-1.681e-14
A4,RICE,2038,21096.5,582.236,21678.7,21678.7,13602,-1.81899e-11,-8.39068e-14
A4,RICE,2039,21102.4,614.641,21717,21717,13477,3.63798e-12,1.67517e-14
A4,RICE,2040,21107,648.779,21755.7,21755.7,13351.4,7.27596e-12,3.34439e-14
A4,RICE,2041,21110.3,693.145,21803.4,21803.4,13233.8,3.63798e-12,1.66853e-14
A4,RICE,2042,21112.5,737.898,21850.4,21850.4,13114.5,1.09139e-11,4.99484e-14
A4,RICE,2043,21113.7,783.86,21897.6,21897.6,12994.4,3.63798e-12,1.66136e-14
A4,RICE,2044,21114.1,831.034,21945.1,21945.1,12873.5,-3.63798e-12,-1.65776e-14
A4,RICE,2045,21113.5,879.006,21992.5,21992.5,12751.5,3.63798e-12,1.65419e-14
A4,RICE,2046,21112.2,929.064,22041.3,22041.3,12629.7,0,0
A4,RICE,2047,21110.2,978.523,22088.8,22088.8,12505.6,3.63798e-12,1.64698e-14
A4,RICE,2048,21107.6,1027.97,22135.6,22135.6,12379.7,7.27596e-12,3.287e-14
A4,RICE,2049,21104.3,1076.7,22181,22181,12251.3,-3.63798e-12,-1.64013e-14
A4,RICE,2050,21100.5,1124.68,22225.2,22225.2,12120.5,3.63798e-12,1.63687e-14
A4,WHEA,2023,13659,1189.4,14848.4,14848.4,9162.85,-1.81899e-12,-1.22504e-14
A4,WHEA,2024,14009.9,1106.26,15116.2,15116.2,9100,3.63798e-12,2.40668e-14
A4,WHEA,2025,14115.7,1018.78,15134.5,15134.5,8998.44,9.09495e-12,6.00943e-14
A4,WHEA,2026,14217.3,949.703,15167,15167,8908.33,3.63798e-12,2.39861e-14
A4,WHEA,2027,14314.7,886.975,15201.7,15201.7,8819.55,0,0
A4,WHEA,2028,14407.9,828.878,15236.8,15236.8,8730.06,3.63798e-12,2.38763e-14
A4,WHEA,2029,14496.8,775.889,15272.7,15272.7,8639.45,5.45697e-12,3.57302e-14
A4,WHEA,2030,14581.4,734.966,15316.3,15316.3,8555.17,7.27596e-12,4.75046e-14
A4,WHEA,2031,14595.7,697.12,15292.9,15292.9,8477.64,7.27596e-12,4.75775e-14
A4,WHEA,2032,14605,660.141,15265.2,15265.2,8398.22,9.09495e-12,5.95798e-14
A4,WHEA,2033,14608.9,626.585,15235.5,15235.5,8317.7,3.63798e-12,2.38783e-14
A4,WHEA,2034,14607.3,596.59,15203.9,15203.9,8236.06,7.27596e-12,4.7856e-14
A4,WHEA,2035,14599.8,575.227,15175,15175,8158.07,-1.81899e-12,-1.19867e-14
A4,WHEA,2036,14588.4,549.851,15138.3,15138.3,8086.49,1.09139e-11,7.20951e-14
A4,WHEA,2037,14573.5,526.215,15099.7,15099.7,8014.35,1.81899e-12,1.20465e-14
A4,WHEA,2038,14555.4,504.662,15060.1,15060.1,7942.28,-1.81899e-12,-1.20782e-14
A4,WHEA,2039,14534.5,485.106,15019.6,15019.6,7870.48,-1.81899e-12,-1.21108e-14
A4,WHEA,2040,14511,466.701,14977.7,14977.7,7798.31,1.81899e-12,1.21446e-14
A4,WHEA,2041,14485.3,454.215,14939.5,14939.5,7730.79,-7.27596e-12,-4.87028e-14
A4,WHEA,2042,14457.6,441.747,14899.3,14899.3,7662.25,-5.45697e-12,-3.66257e-14
A4,WHEA,2043,14428,429.633,14857.6,14857.6,7593.2,3.63798e-12,2.44856e-14
A4,WHEA,2044,14396.8,417.742,14814.6,14814.6,7523.68,-1.81899e-12,-1.22784e-14
A4,WHEA,2045,14364.2,405.624,14769.9,14769.9,7453.49,-1.81899e-12,-1.23155e-14
A4,WHEA,2046,14330.4,394.006,14724.4,14724.4,7383.42,-3.63798e-12,-2.47072e-14
A4,WHEA,2047,14295.4,381.209,14676.6,14676.6,7311.93,-1.81899e-12,-1.23938e-14
A4,WHEA,2048,14259.4,367.468,14626.8,14626.8,7239.38,7.27596e-12,4.97439e-14
A4,WHEA,2049,14222.5,352.279,14574.8,14574.8,7165.4,0,0
A4,WHEA,2050,14184.8,335.532,14520.4,14520.4,7089.97,0,0
A4,MAIZ,2023,28884,2712.1,31596.1,31596.1,1890,0,0
A4,MAIZ,2024,29492,1363,30855,30855,1890,0,0
A4,MAIZ,2025,29896.1,1142.6,31038.7,31038.7,1880.31,-2.18279e-11,-7.03247e-14
A4,MAIZ,2026,30301.1,927.091,31228.2,31228.2,1872.55,-7.27596e-12,-2.32993e-14
A4,MAIZ,2027,30706.7,1386.06,32092.7,32092.7,1865,3.63798e-12,1.13358e-14
A4,MAIZ,2028,31112.1,1295.11,32407.2,32407.2,1857.01,3.63798e-12,1.12258e-14
A4,MAIZ,2029,31516.8,1113.11,32629.9,32629.9,1848.56,3.63798e-12,1.11492e-14
A4,MAIZ,2030,31920.1,905.747,32825.9,32825.9,1841.24,1.45519e-11,4.43306e-14
A4,MAIZ,2031,31929.1,877.478,32806.6,32806.6,1835.15,0,0
A4,MAIZ,2032,31930.2,864.553,32794.8,32794.8,1828.67,0,0
A4,MAIZ,2033,31922.7,852.37,32775.1,32775.1,1821.85,0,0
A4,MAIZ,2034,31915,834.233,32749.2,32749.2,1814.66,-1.81899e-11,-5.5543e-14
A4,MAIZ,2035,31897,819.881,32716.9,32716.9,1808.2,-3.63798e-12,-1.11196e-14
A4,MAIZ,2036,31872,1000.64,32872.6,32872.6,1802.88,7.27596e-12,2.21338e-14
A4,MAIZ,2037,31840.8,1180.08,33020.9,33020.9,1797.27,-1.45519e-11,-4.40688e-14
A4,MAIZ,2038,31804.1,1358.98,33163.1,33163.1,1791.37,0,0
A4,MAIZ,2039,31762.5,1537.71,33300.2,33300.2,1785.23,2.18279e-11,6.55488e-14
A4,MAIZ,2040,31716.5,1716.44,33432.9,33432.9,1778.71,0,0
A4,MAIZ,2041,31666.6,1895.99,33562.6,33562.6,1773.03,0,0
A4,MAIZ,2042,31613.3,2074.94,33688.2,33688.2,1766.96,7.27596e-12,2.15979e-14
A4,MAIZ,2043,31556.9,2253.09,33810,33810,1760.49,1.45519e-11,4.30403e-14
A4,MAIZ,2044,31497.8,2430.23,33928.1,33928.1,1753.65,-1.45519e-11,-4.28905e-14
A4,MAIZ,2045,31436.3,2605.25,34041.6,34041.6,1746.37,0,0
A4,MAIZ,2046,31372.7,2778.88,34151.6,34151.6,1738.88,-7.27596e-12,-2.13049e-14
A4,MAIZ,2047,31307.2,2950.44,34257.6,34257.6,1730.81,0,0
A4,MAIZ,2048,31240,3119.74,34359.8,34359.8,1722.22,7.27596e-12,2.11758e-14
A4,MAIZ,2049,31171.4,3286.34,34457.7,34457.7,1713.02,7.27596e-12,2.11156e-14
A4,MAIZ,2050,31101.4,3449.96,34551.4,34551.4,1703.2,7.27596e-12,2.10584e-14
A4,POTA,2023,9150,0,9150,9125,5872,25,0.273973
A4,POTA,2024,9500,0,9500,9445,6081.92,55,0.582319
A4,POTA,2025,9564.68,0,9564.68,9450.85,6054.19,113.835,1.20449
A4,POTA,2026,9625.18,0,9625.18,9472.19,6032.54,152.99,1.61515
A4,POTA,2027,9681.49,0,9681.49,9520.13,6011.94,161.359,1.69492
A4,POTA,2028,9733.56,0,9733.56,9562.82,5989.73,170.741,1.78547
A4,POTA,2029,9781.37,0,9781.37,9615.56,5965.99,165.814,1.72444
A4,POTA,2030,9824.87,0,9824.87,9669.59,5945.76,155.275,1.60581
A4,POTA,2031,9863.92,0,9863.92,9723.08,5929.6,140.834,1.44845
A4,POTA,2032,9898.47,0,9898.47,9773.85,5912.6,124.62,1.27503
A4,POTA,2033,9928.33,0,9928.33,9822.94,5894.49,105.387,1.07287
A4,POTA,2034,9953.35,0,9953.35,9869.52,5875.26,83.8318,0.8494
A4,POTA,2035,9973.36,0,9973.36,9920.8,5858.42,52.5588,0.529784
A4,POTA,2036,9993.11,0,9993.11,9978.69,5845.18,14.4252,0.14456
A4,POTA,2037,10012.1,21.5831,10033.6,10033.6,5831.1,-1.63709e-11,-1.6316e-13
A4,POTA,2038,10030.2,55.076,10085.3,10085.3,5815.79,3.27418e-11,3.24649e-13
A4,POTA,2039,10047.6,86.1799,10133.8,10133.8,5799.39,9.09495e-12,8.97485e-14
A4,POTA,2040,10064.3,114.433,10178.8,10178.8,5781.46,0,0
A4,POTA,2041,10080.3,144.014,10224.3,10224.3,5766.19,0,0
A4,POTA,2042,10095.7,171.016,10266.7,10266.7,5749.66,1.81899e-12,1.77174e-14
A4,POTA,2043,10110.3,195.14,10305.5,10305.5,5731.58,3.63798e-12,3.53014e-14
A4,POTA,2044,10124.4,216.425,10340.8,10340.8,5711.98,-5.45697e-12,-5.27712e-14
A4,POTA,2045,10137.8,234.696,10372.5,10372.5,5690.69,-1.09139e-11,-1.0522e-13
A4,POTA,2046,10150.7,250.741,10401.4,10401.4,5668.48,5.45697e-12,5.24636e-14
A4,POTA,2047,10163,263.434,10426.4,10426.4,5644.21,-9.09495e-12,-8.72299e-14
A4,POTA,2048,10174.7,272.872,10447.6,10447.6,5617.97,-3.63798e-12,-3.48212e-14
A4,POTA,2049,10185.9,278.758,10464.7,10464.7,5589.46,7.27596e-12,6.95288e-14
A4,POTA,2050,10196.6,281.089,10477.7,10477.7,5558.66,-5.45697e-12,-5.20819e-14
A4,SOYS,2023,2084.17,9849,11933.2,11933.2,1550,0,0
A4,SOYS,2024,2065,10497,12562,12562,1675,-1.81899e-12,-1.44801e-14
A4,SOYS,2025,2190,10039.2,12229.2,12229.2,1679.45,3.63798e-12,2.97483e-14
A4,SOYS,2026,2322.21,9730.53,12052.7,12052.7,1683.95,1.81899e-12,1.50919e-14
A4,SOYS,2027,2462,9451.4,11913.4,11913.4,1688.96,-1.81899e-12,-1.52684e-14
A4,SOYS,2028,2609.75,9189.52,11799.3,11799.3,1693.51,3.63798e-12,3.08322e-14
A4,SOYS,2029,2765.82,8944.12,11709.9,11709.9,1697.67,1.81899e-12,1.55337e-14
A4,SOYS,2030,2930.63,8707.27,11637.9,11637.9,1702.81,3.63798e-12,3.12597e-14
A4,SOYS,2031,2961.78,8572.05,11533.8,11533.8,1707.91,-5.45697e-12,-4.73127e-14
A4,SOYS,2032,2992.54,8445.11,11437.6,11437.6,1713.01,-3.63798e-12,-3.18071e-14
A4,SOYS,2033,3022.79,8328.61,11351.4,11351.4,1717.83,0,0
A4,SOYS,2034,3052.01,8221.83,11273.8,11273.8,1722.38,-1.81899e-12,-1.61346e-14
A4,SOYS,2035,3080.52,8124.48,11205,11205,1727.7,-3.63798e-12,-3.24675e-14
A4,SOYS,2036,3096.98,8155.81,11252.8,11252.8,1732.89,3.63798e-12,3.23296e-14
A4,SOYS,2037,3105.98,8189.37,11295.4,11295.4,1737.92,-1.81899e-12,-1.61039e-14
A4,SOYS,2038,3110.42,8223.57,11334,11334,1742.51,-1.81899e-12,-1.6049e-14
A4,SOYS,2039,3112.05,8257.7,11369.7,11369.7,1746.69,-9.09495e-12,-7.99925e-14
A4,SOYS,2040,3111.96,8291.3,11403.3,11403.3,1750.33,0,0
A4,SOYS,2041,3110.79,8324.42,11435.2,11435.2,1753.7,0,0
A4,SOYS,2042,3108.92,8356.92,11465.8,11465.8,1756.75,1.81899e-12,1.58644e-14
A4,SOYS,2043,3106.6,8388.58,11495.2,11495.2,1759.22,-3.63798e-12,-3.16479e-14
A4,SOYS,2044,3103.96,8419.46,11523.4,11523.4,1761.12,0,0
A4,SOYS,2045,3101.09,8449.35,11550.4,11550.4,1762.39,3.63798e-12,3.14964e-14
A4,SOYS,2046,3098.05,8478.52,11576.6,11576.6,1763,-1.81899e-12,-1.57127e-14
A4,SOYS,2047,3094.87,8506.98,11601.9,11601.9,1762.89,1.81899e-12,1.56784e-14
A4,SOYS,2048,3091.56,8534.76,11626.3,11626.3,1762.04,0,0
A4,SOYS,2049,3088.15,8561.81,11650,11650,1760.35,-5.45697e-12,-4.68411e-14
A4,SOYS,2050,3084.63,8588.15,11672.8,11672.8,1757.8,1.81899e-12,1.55832e-14
A4,RAPS,2023,1631.74,519.81,2151.55,2151.55,0,0,0
A4,RAPS,2024,1674,638.56,2312.56,2312.56,0,0,0
A4,RAPS,2025,1717.63,628.481,2346.11,2346.11,0,-4.54747e-13,-1.9383e-14
A4,RAPS,2026,1762.14,614.208,2376.35,2376.35,0,-9.09495e-13,-3.82728e-14
A4,RAPS,2027,1807.5,586.552,2394.05,2394.05,0,0,0
A4,RAPS,2028,1853.7,559.211,2412.91,2412.91,0,-9.09495e-13,-3.76928e-14
A4,RAPS,2029,1900.72,532.654,2433.37,2433.37,0,0,0
A4,RAPS,2030,1948.52,506.343,2454.87,2454.87,0,4.54747e-13,1.85243e-14
A4,RAPS,2031,1961.93,501.691,2463.62,2463.62,0,0,0
A4,RAPS,2032,1974.95,496.164,2471.12,2471.12,0,-4.54747e-13,-1.84025e-14
A4,RAPS,2033,1987.52,491.508,2479.03,2479.03,0,-4.54747e-13,-1.83438e-14
A4,RAPS,2034,1999.29,487.977,2487.27,2487.27,0,9.09495e-13,3.6566e-14
A4,RAPS,2035,2010.48,485.339,2495.82,2495.82,0,0,0
A4,RAPS,2036,2021.33,482.675,2504.01,2504.01,0,9.09495e-13,3.63215e-14
A4,RAPS,2037,2031.72,479.673,2511.39,2511.39,0,4.54747e-13,1.81074e-14
A4,RAPS,2038,2041.69,476.494,2518.19,2518.19,0,-1.81899e-12,-7.22341e-14
A4,RAPS,2039,2051.31,473.233,2524.54,2524.54,0,2.27374e-12,9.00652e-14
A4,RAPS,2040,2060.61,469.995,2530.61,2530.61,0,-4.54747e-13,-1.79699e-14
A4,RAPS,2041,2069.63,466.769,2536.4,2536.4,0,-9.09495e-13,-3.58577e-14
A4,RAPS,2042,2078.39,463.583,2541.98,2541.98,0,0,0
A4,RAPS,2043,2086.92,460.457,2547.38,2547.38,0,-9.09495e-13,-3.57031e-14
A4,RAPS,2044,2095.23,457.407,2552.64,2552.64,0,-9.09495e-13,-3.56296e-14
A4,RAPS,2045,2103.34,454.329,2557.67,2557.67,0,-4.54747e-13,-1.77797e-14
A4,RAPS,2046,2111.26,451.359,2562.62,2562.62,0,-4.54747e-13,-1.77454e-14
A4,RAPS,2047,2119.01,448.502,2567.51,2567.51,0,-1.81899e-12,-7.08465e-14
A4,RAPS,2048,2126.58,445.764,2572.34,2572.34,0,-4.54747e-13,-1.76783e-14
A4,RAPS,2049,2133.99,443.146,2577.13,2577.13,0,-4.54747e-13,-1.76455e-14
A4,RAPS,2050,2141.24,440.653,2581.89,2581.89,0,-1.36424e-12,-5.28389e-14
A4,GRDS,2023,1860,20,1880,1070,810,810,75.7009
A4,GRDS,2024,1900,5,1905,1905,850,-4.54747e-13,-2.38713e-14
A4,GRDS,2025,1927.66,0,1927.66,1912.29,859.851,15.3661,0.803545
A4,GRDS,2026,1955.42,0,1955.42,1920.45,869.447,34.9696,1.8209
A4,GRDS,2027,1967.56,0,1967.56,1929.99,879.706,37.5738,1.94684
A4,GRDS,2028,1979.41,0,1979.41,1939.83,889.722,39.5851,2.04065
A4,GRDS,2029,1990.96,0,1990.96,1950.31,899.633,40.6461,2.08408
A4,GRDS,2030,2002.16,0,2002.16,1961.85,910.097,40.3055,2.05446
A4,GRDS,2031,2012.96,0,2012.96,1970.96,920.477,41.9984,2.13087
A4,GRDS,2032,2023.32,0,2023.32,1980.17,931.321,43.1514,2.17918
A4,GRDS,2033,2033.18,0,2033.18,1989.7,942.176,43.4812,2.18532
A4,GRDS,2034,2042.2,0,2042.2,1999.55,953.053,42.6443,2.13269
A4,GRDS,2035,2050.6,0,2050.6,2010.31,964.558,40.2891,2.00413
A4,GRDS,2036,2057.18,0,2057.18,2027.31,975.803,29.8645,1.47311
A4,GRDS,2037,2062.3,0,2062.3,2044.13,987.173,18.1657,0.888673
A4,GRDS,2038,2066.24,0,2066.24,2060.38,998.187,5.86361,0.284589
A4,GRDS,2039,2069.24,6.87931,2076.12,2076.12,1008.85,0,0
A4,GRDS,2040,2071.48,19.8445,2091.33,2091.33,1019.07,0,0
A4,GRDS,2041,2073.12,33.012,2106.13,2106.13,1028.97,-9.09495e-13,-4.31832e-14
A4,GRDS,2042,2074.26,46.5462,2120.81,2120.81,1038.8,-4.54747e-13,-2.14422e-14
A4,GRDS,2043,2075.01,59.9472,2134.96,2134.96,1048.16,9.09495e-13,4.26001e-14
A4,GRDS,2044,2075.45,73.1389,2148.59,2148.59,1057.02,-4.54747e-13,-2.11649e-14
A4,GRDS,2045,2075.64,85.9722,2161.62,2161.62,1065.34,4.54747e-13,2.10374e-14
A4,GRDS,2046,2075.63,98.4215,2174.06,2174.06,1073.08,0,0
A4,GRDS,2047,2075.46,110.49,2185.95,2185.95,1080.27,4.54747e-13,2.08032e-14
A4,GRDS,2048,2075.16,122.049,2197.21,2197.21,1086.82,-4.54747e-13,-2.06966e-14
A4,GRDS,2049,2074.76,133.001,2207.76,2207.76,1092.65,-4.54747e-13,-2.05977e-14
A4,GRDS,2050,2074.28,143.307,2217.58,2217.58,1097.73,-4.54747e-13,-2.05064e-14
A4,COTT,2023,561.8,191,752.8,752.8,0,0,0
A4,COTT,2024,616.4,261.8,878.2,878.2,0,0,0
A4,COTT,2025,617.205,188.852,806.057,806.057,0,-1.13687e-13,-1.41041e-14
A4,COTT,2026,617.917,185.654,803.572,803.572,0,2.27374e-13,2.82954e-14
A4,COTT,2027,618.53,182.543,801.073,801.073,0,0,0
A4,COTT,2028,619.032,179.524,798.556,798.556,0,0,0
A4,COTT,2029,619.417,176.648,796.065,796.065,0,2.27374e-13,2.85622e-14
A4,COTT,2030,619.673,173.937,793.61,793.61,0,2.27374e-13,2.86506e-14
A4,COTT,2031,619.787,171.365,791.152,791.152,0,0,0
A4,COTT,2032,619.75,168.972,788.722,788.722,0,1.13687e-13,1.44141e-14
A4,COTT,2033,619.544,166.77,786.314,786.314,0,1.13687e-13,1.44582e-14
A4,COTT,2034,615.991,168.622,784.613,784.613,0,5.68434e-13,7.24477e-14
A4,COTT,2035,612.262,170.716,782.978,782.978,0,1.13687e-13,1.45198e-14
A4,COTT,2036,608.524,172.787,781.311,781.311,0,2.27374e-13,2.91016e-14
A4,COTT,2037,604.721,175.491,780.212,780.212,0,1.13687e-13,1.45713e-14
A4,COTT,2038,600.856,178.76,779.616,779.616,0,1.13687e-13,1.45824e-14
A4,COTT,2039,596.933,182.532,779.464,779.464,0,3.41061e-13,4.37558e-14
A4,COTT,2040,592.955,186.746,779.701,779.701,0,1.13687e-13,1.45808e-14
A4,COTT,2041,588.928,191.353,780.28,780.28,0,2.27374e-13,2.914e-14
A4,COTT,2042,584.853,196.306,781.16,781.16,0,-2.27374e-13,-2.91072e-14
A4,COTT,2043,580.736,201.567,782.303,782.303,0,-3.41061e-13,-4.3597e-14
A4,COTT,2044,576.578,207.099,783.677,783.677,0,-1.13687e-13,-1.45068e-14
A4,COTT,2045,572.383,212.868,785.252,785.252,0,0,0
A4,COTT,2046,568.155,218.84,786.995,786.995,0,0,0
A4,COTT,2047,563.897,224.986,788.883,788.883,0,0,0
A4,COTT,2048,559.61,231.284,790.894,790.894,0,0,0
A4,COTT,2049,555.298,237.708,793.007,793.007,0,2.27374e-13,2.86724e-14
A4,COTT,2050,550.964,244.237,795.202,795.202,0,0,0
A4,SUGC,2023,789,0,789,789,0,0,0
A4,SUGC,2024,882,0,882,882,0,0,0
A4,SUGC,2025,1050.8,0,1050.8,895.23,0,155.567,17.3774
A4,SUGC,2026,1241.72,0,1241.72,908.658,0,333.059,36.6539
A4,SUGC,2027,1455.87,0,1455.87,922.288,0,533.584,57.8544
A4,SUGC,2028,1694.16,0,1694.16,936.123,0,758.041,80.9766
A4,SUGC,2029,1957.28,0,1957.28,950.164,0,1007.11,105.993
A4,SUGC,2030,2245.63,0,2245.63,964.417,0,1281.22,132.849
A4,SUGC,2031,2559.37,0,2559.37,978.883,0,1580.49,161.458
A4,SUGC,2032,2898.37,0,2898.37,993.566,0,1904.8,191.713
A4,SUGC,2033,3262.15,0,3262.15,1008.47,0,2253.68,223.475
A4,SUGC,2034,3649.96,0,3649.96,1023.6,0,2626.36,256.582
A4,SUGC,2035,4060.74,0,4060.74,1038.95,0,3021.79,290.85
A4,SUGC,2036,4425.45,0,4425.45,1054.54,0,3370.92,319.659
A4,SUGC,2037,4742.47,0,4742.47,1070.35,0,3672.11,343.075
A4,SUGC,2038,5013.21,0,5013.21,1086.41,0,3926.8,361.448
A4,SUGC,2039,5241.07,0,5241.07,1102.7,0,4138.36,375.292
A4,SUGC,2040,5430.5,0,5430.5,1119.25,0,4311.25,385.193
A4,SUGC,2041,5586.33,0,5586.33,1136.03,0,4450.3,391.74
A4,SUGC,2042,5713.35,0,5713.35,1153.07,0,4560.28,395.489
A4,SUGC,2043,5816.03,0,5816.03,1170.37,0,4645.66,396.939
A4,SUGC,2044,5898.38,0,5898.38,1187.93,0,4710.46,396.528
A4,SUGC,2045,5963.91,0,5963.91,1205.75,0,4758.16,394.624
A4,SUGC,2046,6015.6,0,6015.6,1223.83,0,4791.77,391.539
A4,SUGC,2047,6056,0,6056,1242.19,0,4813.81,387.527
A4,SUGC,2048,6087.22,0,6087.22,1260.82,0,4826.4,382.798
A4,SUGC,2049,6110.99,0,6110.99,1279.73,0,4831.25,377.52
A4,SUGC,2050,6128.74,0,6128.74,1298.93,0,4829.81,371.83
A4,SUGB,2023,108,0,108,108,0,0,0
A4,SUGB,2024,114,0,114,114,0,0,0
A4,SUGB,2025,114.232,0,114.232,114,0,0.232277,0.203752
A4,SUGB,2026,114.448,0,114.448,114,0,0.447737,0.392752
A4,SUGB,2027,114.645,0,114.645,114,0,0.645003,0.565792
A4,SUGB,2028,114.822,0,114.822,114,0,0.821923,0.720985
A4,SUGB,2029,114.977,0,114.977,114,0,0.977227,0.857217
A4,SUGB,2030,115.109,0,115.109,114,0,1.10884,0.972668
A4,SUGB,2031,115.214,0,115.214,114,0,1.21417,1.06506
A4,SUGB,2032,115.291,0,115.291,114,0,1.29149,1.13288
A4,SUGB,2033,115.337,0,115.337,114,0,1.33743,1.17319
A4,SUGB,2034,115.432,0,115.432,114,0,1.43248,1.25656
A4,SUGB,2035,115.49,0,115.49,114,0,1.49044,1.30741
A4,SUGB,2036,115.548,0,115.548,114,0,1.54844,1.35828
A4,SUGB,2037,115.606,0,115.606,114,0,1.60647,1.40918
A4,SUGB,2038,115.665,0,115.665,114,0,1.66453,1.46011
A4,SUGB,2039,115.723,0,115.723,114,0,1.72261,1.51106
A4,SUGB,2040,115.781,0,115.781,114,0,1.78073,1.56204
A4,SUGB,2041,115.839,0,115.839,114,0,1.83887,1.61304
A4,SUGB,2042,115.897,0,115.897,114,0,1.89704,1.66407
A4,SUGB,2043,115.955,0,115.955,114,0,1.95524,1.71513
A4,SUGB,2044,116.013,0,116.013,114,0,2.01347,1.76621
A4,SUGB,2045,116.072,0,116.072,114,0,2.07174,1.81731
A4,SUGB,2046,116.13,0,116.13,114,0,2.13002,1.86844
A4,SUGB,2047,116.188,0,116.188,114,0,2.18834,1.9196
A4,SUGB,2048,116.247,0,116.247,114,0,2.24669,1.97078
A4,SUGB,2049,116.305,0,116.305,114,0,2.30507,2.02199
A4,SUGB,2050,116.363,0,116.363,114,0,2.36348,2.07323
A4,FRTO,2023,32744.3,365.6,33109.9,33109.9,15628.1,0,0
A4,FRTO,2024,34500,109.86,34609.9,34609.9,16380,0,0
A4,FRTO,2025,34682.7,34.5668,34717.2,34717.2,16476.3,-7.27596e-12,-2.09578e-14
A4,FRTO,2026,34862.3,0,34862.3,34811.2,16559.8,51.0968,0.146782
A4,FRTO,2027,35038.7,0,35038.7,34907.1,16645.8,131.564,0.376898
A4,FRTO,2028,35211.1,0,35211.1,34997.9,16727.3,213.243,0.609304
A4,FRTO,2029,35379.4,0,35379.4,35083.6,16804.4,295.824,0.843198
A4,FRTO,2030,35543,0,35543,35178.7,16891.1,364.292,1.03555
A4,FRTO,2031,35701.1,0,35701.1,35261.4,16966.3,439.739,1.24709
A4,FRTO,2032,35853.4,0,35853.4,35340,17038.1,513.36,1.45263
A4,FRTO,2033,35999,0,35999,35414.2,17106.2,584.834,1.65141
A4,FRTO,2034,36163.2,0,36163.2,35490,17170.3,673.262,1.89705
A4,FRTO,2035,36319.4,0,36319.4,35571.4,17240.6,748.068,2.10301
A4,FRTO,2036,36458.1,0,36458.1,35682.6,17300.6,775.473,2.17325
A4,FRTO,2037,36582.7,0,36582.7,35787.8,17358.2,794.933,2.22124
A4,FRTO,2038,36696,0,36696,35886.8,17412.6,809.233,2.25496
A4,FRTO,2039,36800.3,0,36800.3,35980.6,17464.2,819.697,2.27817
A4,FRTO,2040,36897.3,0,36897.3,36068.1,17511.6,829.134,2.2988
A4,FRTO,2041,36988.5,0,36988.5,36144.4,17549.3,844.077,2.33529
A4,FRTO,2042,37075,0,37075,36215.4,17583.2,859.644,2.3737
A4,FRTO,2043,37157.9,0,37157.9,36280.8,17612.6,877.126,2.41761
A4,FRTO,2044,37237.8,0,37237.8,36340.8,17637.6,897.069,2.46849
A4,FRTO,2045,37315.4,0,37315.4,36394.9,17657.6,920.493,2.52918
A4,FRTO,2046,37391.2,0,37391.2,36440.7,17670,950.451,2.60821
A4,FRTO,2047,37465.5,0,37465.5,36479.5,17676,986.021,2.70295
A4,FRTO,2048,37538.6,0,37538.6,36511.5,17675.8,1027.15,2.81323
A4,FRTO,2049,37610.9,0,37610.9,36535.8,17668.5,1075.09,2.94256
A4,FRTO,2050,37682.5,0,37682.5,36552.4,17654,1130.12,3.09179
A4,VEGT,2023,82868.1,0,82868.1,81577.7,19187.1,1290.41,1.58182
A4,VEGT,2024,83696.8,0,83696.8,82264,20415.5,1432.82,1.74174
A4,VEGT,2025,84308.9,0,84308.9,82673.2,20448.3,1635.72,1.97853
A4,VEGT,2026,84861.6,0,84861.6,83068.1,20477.3,1793.51,2.15908
A4,VEGT,2027,85356.2,0,85356.2,83453.5,20509.5,1902.71,2.27996
A4,VEGT,2028,85792.8,0,85792.8,83817.9,20536.6,1974.85,2.35612
A4,VEGT,2029,86172.1,0,86172.1,84161.2,20558.7,2010.92,2.38937
A4,VEGT,2030,86493.9,0,86493.9,84497.3,20593.3,1996.63,2.36295
A4,VEGT,2031,86757.1,0,86757.1,84806,20623.3,1951.07,2.30063
A4,VEGT,2032,86961.4,0,86961.4,85088.7,20650,1872.62,2.20078
A4,VEGT,2033,87104.2,0,87104.2,85342.3,20673.2,1761.9,2.06451
A4,VEGT,2034,87184,0,87184,85565,20692.7,1618.95,1.89206
A4,VEGT,2035,87198.2,0,87198.2,85768.9,20721.1,1429.35,1.66651
A4,VEGT,2036,87130.6,0,87130.6,85936.2,20743.8,1194.42,1.38989
A4,VEGT,2037,86997.5,0,86997.5,86064.7,20763.2,932.822,1.08386
A4,VEGT,2038,86812.4,0,86812.4,86160.4,20778.6,652,0.756728
A4,VEGT,2039,86586,0,86586,86229.1,20790.5,356.885,0.41388
A4,VEGT,2040,86326.9,0,86326.9,86273.2,20797.1,53.6767,0.0622171
A4,VEGT,2041,86042,254.327,86296.3,86296.3,20798.8,1.45519e-10,1.68627e-13
A4,VEGT,2042,85736.9,564.453,86301.4,86301.4,20795.8,-1.45519e-11,-1.68617e-14
A4,VEGT,2043,85416.1,873.805,86289.9,86289.9,20787.4,1.45519e-11,1.6864e-14
A4,VEGT,2044,85083,1180.6,86263.6,86263.6,20773.7,1.45519e-11,1.68691e-14
A4,VEGT,2045,84740.5,1482.67,86223.1,86223.1,20754.1,1.45519e-11,1.6877e-14
A4,VEGT,2046,84390.8,1777.35,86168.1,86168.1,20727.3,0,0
A4,VEGT,2047,84035.8,2063.3,86099.1,86099.1,20692.9,-2.91038e-11,-3.38027e-14
A4,VEGT,2048,83676.8,2340.17,86017,86017,20651.5,0,0
A4,VEGT,2049,83315.1,2606.01,85921.1,85921.1,20601.8,1.45519e-11,1.69364e-14
A4,VEGT,2050,82951.5,2860.16,85811.7,85811.7,20543.7,1.45519e-11,1.6958e-14
A4,OTGR,2023,3739.7,384.9,4124.6,4124.6,217.92,6.36646e-12,1.54353e-13
A4,OTGR,2024,3815.6,192.67,4008.27,4008.27,164.532,1.36424e-12,3.40357e-14
A4,OTGR,2025,3816.35,201.319,4017.67,4017.67,163.931,4.54747e-13,1.13187e-14
A4,OTGR,2026,3817.1,212.473,4029.57,4029.57,163.481,2.27374e-12,5.64263e-14
A4,OTGR,2027,3817.85,225.034,4042.88,4042.88,163.059,1.36424e-12,3.37443e-14
A4,OTGR,2028,3818.6,238.566,4057.16,4057.16,162.592,4.54747e-13,1.12085e-14
A4,OTGR,2029,3819.35,253.626,4072.97,4072.97,162.083,9.09495e-13,2.233e-14
A4,OTGR,2030,3820.1,269.773,4089.87,4089.87,161.667,-1.36424e-12,-3.33566e-14
A4,OTGR,2031,3820.85,280.114,4100.96,4100.96,161.352,1.81899e-12,4.43552e-14
A4,OTGR,2032,3821.6,289.23,4110.83,4110.83,161.011,0,0
A4,OTGR,2033,3822.35,298.915,4121.26,4121.26,160.639,2.72848e-12,6.6205e-14
A4,OTGR,2034,3825.85,306.464,4132.31,4132.31,160.234,-1.81899e-12,-4.40187e-14
A4,OTGR,2035,3829.36,314.691,4144.05,4144.05,159.893,-2.72848e-12,-6.58411e-14
A4,OTGR,2036,3832.86,322.597,4155.46,4155.46,159.64,2.72848e-12,6.56602e-14
A4,OTGR,2037,3836.38,329.626,4166,4166,159.365,-3.63798e-12,-8.73254e-14
A4,OTGR,2038,3839.89,335.992,4175.88,4175.88,159.057,1.81899e-12,4.35594e-14
A4,OTGR,2039,3843.41,341.843,4185.25,4185.25,158.718,-3.63798e-12,-8.69238e-14
A4,OTGR,2040,3846.93,347.301,4194.23,4194.23,158.338,9.09495e-13,2.16844e-14
A4,OTGR,2041,3850.46,352.49,4202.95,4202.95,158.023,-1.81899e-12,-4.32789e-14
A4,OTGR,2042,3853.98,357.357,4211.34,4211.34,157.674,1.81899e-12,4.31927e-14
A4,OTGR,2043,3857.51,361.932,4219.45,4219.45,157.281,-3.63798e-12,-8.62193e-14
A4,OTGR,2044,3861.05,366.248,4227.3,4227.3,156.847,9.09495e-13,2.15148e-14
A4,OTGR,2045,3864.59,370.198,4234.78,4234.78,156.366,9.09495e-13,2.14768e-14
A4,OTGR,2046,3868.13,373.944,4242.07,4242.07,155.858,9.09495e-13,2.14399e-14
A4,OTGR,2047,3871.67,377.468,4249.14,4249.14,155.293,-1.81899e-12,-4.28084e-14
A4,OTGR,2048,3875.22,380.786,4256,4256,154.673,-9.09495e-13,-2.13697e-14
A4,OTGR,2049,3878.77,383.891,4262.66,4262.66,153.99,0,0
A4,OTGR,2050,3882.32,386.788,4269.11,4269.11,153.243,2.72848e-12,6.39122e-14
A4,SORG,2023,318,485.8,803.8,803.8,67,-1.13687e-13,-1.41437e-14
A4,SORG,2024,314,865.5,1179.5,1179.5,65,0,0
A4,SORG,2025,314.35,865.085,1179.43,1179.43,64.7547,0,0
A4,SORG,2026,314.624,865.391,1180.01,1180.01,64.5752,0,0
A4,SORG,2027,314.821,866.114,1180.94,1180.94,64.4137,-4.54747e-13,-3.85074e-14
A4,SORG,2028,314.94,867.134,1182.07,1182.07,64.2427,0,0
A4,SORG,2029,314.977,868.594,1183.57,1183.57,64.063,-4.54747e-13,-3.84216e-14
A4,SORG,2030,314.931,870.397,1185.33,1185.33,63.9297,0,0
A4,SORG,2031,314.795,870.747,1185.54,1185.54,63.845,-2.27374e-13,-1.91789e-14
A4,SORG,2032,314.568,870.827,1185.4,1185.4,63.7612,2.27374e-13,1.91813e-14
A4,SORG,2033,314.242,871.107,1185.35,1185.35,63.6766,4.54747e-13,3.8364e-14
A4,SORG,2034,313.812,871.589,1185.4,1185.4,63.5918,2.27374e-13,1.91812e-14
A4,SORG,2035,313.271,872.315,1185.59,1185.59,63.546,0,0
A4,SORG,2036,312.633,873.248,1185.88,1185.88,63.5347,-2.27374e-13,-1.91734e-14
A4,SORG,2037,311.996,874.157,1186.15,1186.15,63.5141,0,0
A4,SORG,2038,311.36,875.076,1186.44,1186.44,63.4801,-4.54747e-13,-3.83289e-14
A4,SORG,2039,310.725,876.025,1186.75,1186.75,63.434,4.54747e-13,3.83187e-14
A4,SORG,2040,310.092,877.016,1187.11,1187.11,63.3709,4.54747e-13,3.83072e-14
A4,SORG,2041,309.46,878.081,1187.54,1187.54,63.3329,0,0
A4,SORG,2042,308.83,879.182,1188.01,1188.01,63.2809,2.27374e-13,1.9139e-14
A4,SORG,2043,308.2,880.311,1188.51,1188.51,63.2115,-2.27374e-13,-1.9131e-14
A4,SORG,2044,307.572,881.468,1189.04,1189.04,63.1249,-4.54747e-13,-3.82449e-14
A4,SORG,2045,306.945,882.615,1189.56,1189.56,63.0193,-2.27374e-13,-1.91141e-14
A4,SORG,2046,306.32,883.789,1190.11,1190.11,62.9019,2.27374e-13,1.91053e-14
A4,SORG,2047,305.696,884.974,1190.67,1190.67,62.7611,-2.27374e-13,-1.90963e-14
A4,SORG,2048,305.073,886.167,1191.24,1191.24,62.5976,-2.27374e-13,-1.90871e-14
A4,SORG,2049,304.451,887.361,1191.81,1191.81,62.408,-4.54747e-13,-3.8156e-14
A4,SORG,2050,303.83,888.551,1192.38,1192.38,62.192,-2.27374e-13,-1.90689e-14
A4,BARL,2023,200,1589.8,1789.8,1640,90.2,149.8,9.13415
A4,BARL,2024,200,1424,1624,1624,89.32,0,0
A4,BARL,2025,200.234,1418.02,1618.25,1618.25,88.9493,-1.59162e-12,-9.83541e-14
A4,BARL,2026,200.421,1412.5,1612.92,1612.92,88.6719,9.09495e-13,5.63881e-14
A4,BARL,2027,200.558,1407.26,1607.82,1607.82,88.4099,0,0
A4,BARL,2028,200.645,1402.21,1602.85,1602.85,88.1241,4.54747e-13,2.83712e-14
A4,BARL,2029,200.681,1397.47,1598.15,1598.15,87.8156,-6.82121e-13,-4.26819e-14
A4,BARL,2030,200.663,1393.05,1593.72,1593.72,87.5588,6.82121e-13,4.28007e-14
A4,BARL,2031,200.589,1387.81,1588.4,1588.4,87.3648,-4.54747e-13,-2.86293e-14
A4,BARL,2032,200.456,1382.47,1582.93,1582.93,87.1583,4.54747e-13,2.87282e-14
A4,BARL,2033,200.26,1377.32,1577.58,1577.58,86.9354,-2.27374e-13,-1.44129e-14
A4,BARL,2034,200.055,1372.31,1572.36,1572.36,86.6958,4.54747e-13,2.89213e-14
A4,BARL,2035,199.779,1367.61,1567.39,1567.39,86.4915,-4.54747e-13,-2.9013e-14
A4,BARL,2036,199.441,1363.89,1563.33,1563.33,86.3429,-2.27374e-13,-1.45442e-14
A4,BARL,2037,199.103,1360.85,1559.95,1559.95,86.1817,0,0
A4,BARL,2038,198.766,1358.42,1557.19,1557.19,86.0024,-2.27374e-13,-1.46016e-14
A4,BARL,2039,198.43,1356.54,1554.97,1554.97,85.8069,-2.27374e-13,-1.46224e-14
A4,BARL,2040,198.094,1355.15,1553.24,1553.24,85.5884,2.27374e-13,1.46387e-14
A4,BARL,2041,197.759,1354.23,1551.99,1551.99,85.4113,-2.27374e-13,-1.46504e-14
A4,BARL,2042,197.424,1353.69,1551.11,1551.11,85.2156,-4.54747e-13,-2.93175e-14
A4,BARL,2043,197.09,1353.47,1550.56,1550.56,84.9967,2.27374e-13,1.4664e-14
A4,BARL,2044,196.756,1353.52,1550.27,1550.27,84.7549,-4.54747e-13,-2.93334e-14
A4,BARL,2045,196.423,1353.78,1550.21,1550.21,84.4879,-4.54747e-13,-2.93346e-14
A4,BARL,2046,196.091,1354.25,1550.34,1550.34,84.2076,0,0
A4,BARL,2047,195.759,1354.88,1550.63,1550.63,83.8963,-6.82121e-13,-4.39898e-14
A4,BARL,2048,195.428,1355.63,1551.06,1551.06,83.5554,-2.27374e-13,-1.46593e-14
A4,BARL,2049,195.097,1356.47,1551.57,1551.57,83.1803,-2.27374e-13,-1.46544e-14
A4,BARL,2050,194.767,1357.39,1552.15,1552.15,82.7708,2.27374e-13,1.46489e-14
A4,PIGM,2023,5794,152.32,5946.32,5946.32,4546.55,9.09495e-13,1.52951e-14
A4,PIGM,2024,5706,104.23,5810.23,5810.23,4444.17,0,0
A4,PIGM,2025,5731.07,142.296,5873.37,5873.37,4495.49,-1.81899e-12,-3.09701e-14
A4,PIGM,2026,5701.77,231.271,5933.04,5933.04,4546.25,2.72848e-12,4.59879e-14
A4,PIGM,2027,5675.42,312.782,5988.2,5988.2,4599.04,1.81899e-12,3.03762e-14
A4,PIGM,2028,5651.73,390.302,6042.03,6042.03,4650.49,0,0
A4,PIGM,2029,5630.44,464.541,6094.98,6094.98,4700.95,0,0
A4,PIGM,2030,5611.32,539.338,6150.66,6150.66,4754.09,-9.09495e-13,-1.4787e-14
A4,PIGM,2031,5601.57,604.658,6206.23,6206.23,4806.76,9.09495e-13,1.46546e-14
A4,PIGM,2032,5586.72,675.397,6262.12,6262.12,4860.02,-9.09495e-13,-1.45238e-14
A4,PIGM,2033,5573.62,743.724,6317.34,6317.34,4912.58,-9.09495e-13,-1.43968e-14
A4,PIGM,2034,5562.14,809.713,6371.85,6371.85,4964.37,9.09495e-13,1.42736e-14
A4,PIGM,2035,5552.18,876.537,6428.72,6428.72,5018.39,1.81899e-12,2.82948e-14
A4,PIGM,2036,5543.15,948.277,6491.42,6491.42,5071.84,0,0
A4,PIGM,2037,5535.76,1018.42,6554.18,6554.18,5125.41,9.09495e-13,1.38766e-14
A4,PIGM,2038,5529.69,1085.9,6615.59,6615.59,5177.7,9.09495e-13,1.37478e-14
A4,PIGM,2039,5524.66,1151.04,6675.7,6675.7,5228.79,0,0
A4,PIGM,2040,5520.47,1213.57,6734.04,6734.04,5278.21,-1.81899e-12,-2.70119e-14
A4,PIGM,2041,5516.94,1274.45,6791.39,6791.39,5326.78,1.81899e-12,2.67838e-14
A4,PIGM,2042,5513.95,1334.04,6847.99,6847.99,5374.75,3.63798e-12,5.31248e-14
A4,PIGM,2043,5511.38,1391.25,6902.63,6902.63,5420.9,2.72848e-12,3.95282e-14
A4,PIGM,2044,5509.14,1446.11,6955.26,6955.26,5465.2,3.63798e-12,5.23055e-14
A4,PIGM,2045,5507.18,1498.46,7005.65,7005.65,5507.44,1.81899e-12,2.59646e-14
A4,PIGM,2046,5505.43,1548.19,7053.62,7053.62,5547.46,0,0
A4,PIGM,2047,5503.85,1595.23,7099.08,7099.08,5585.15,-9.09495e-13,-1.28114e-14
A4,PIGM,2048,5502.41,1639.35,7141.76,7141.76,5620.27,9.09495e-13,1.27349e-14
A4,PIGM,2049,5501.08,1680.21,7181.29,7181.29,5652.44,2.72848e-12,3.79944e-14
A4,PIGM,2050,5499.83,1717.71,7217.54,7217.54,5681.56,9.09495e-13,1.26012e-14
A4,CATM,2023,753,273.73,1026.73,1026.73,925.67,0,0
A4,CATM,2024,779,287.41,1066.41,1066.41,954.39,0,0
A4,CATM,2025,747.119,330.282,1077.4,1077.4,969.965,2.27374e-13,2.11039e-14
A4,CATM,2026,752.254,340.223,1092.48,1092.48,984.303,0,0
A4,CATM,2027,757.094,351.268,1108.36,1108.36,999.492,-4.54747e-13,-4.10288e-14
A4,CATM,2028,761.998,362.025,1124.02,1124.02,1014.45,2.27374e-13,2.02286e-14
A4,CATM,2029,770.967,369.239,1140.21,1140.21,1029.34,2.27374e-13,1.99415e-14
A4,CATM,2030,780.079,377.01,1157.09,1157.09,1044.91,-4.54747e-13,-3.9301e-14
A4,CATM,2031,789.342,383.885,1173.23,1173.23,1059.72,2.27374e-13,1.93802e-14
A4,CATM,2032,798.761,391.267,1190.03,1190.03,1075.17,-4.54747e-13,-3.82132e-14
A4,CATM,2033,808.344,398.598,1206.94,1206.94,1090.7,0,0
A4,CATM,2034,818.099,405.888,1223.99,1223.99,1106.35,0,0
A4,CATM,2035,828.035,413.844,1241.88,1241.88,1122.81,4.54747e-13,3.66177e-14
A4,CATM,2036,837.401,421.341,1258.74,1258.74,1138.32,6.82121e-13,5.41907e-14
A4,CATM,2037,846.873,428.92,1275.79,1275.79,1154.01,4.54747e-13,3.56443e-14
A4,CATM,2038,856.451,435.991,1292.44,1292.44,1169.28,2.27374e-13,1.75926e-14
A4,CATM,2039,866.137,442.557,1308.69,1308.69,1184.14,-2.27374e-13,-1.73741e-14
A4,CATM,2040,875.932,448.502,1324.43,1324.43,1198.47,-4.54747e-13,-3.43352e-14
A4,CATM,2041,885.837,453.435,1339.27,1339.27,1211.89,6.82121e-13,5.09322e-14
A4,CATM,2042,895.854,458.206,1354.06,1354.06,1225.24,0,0
A4,CATM,2043,905.984,462.301,1368.28,1368.28,1238,2.27374e-13,1.66174e-14
A4,CATM,2044,916.228,465.7,1381.93,1381.93,1250.17,0,0
A4,CATM,2045,926.587,468.344,1394.93,1394.93,1261.69,4.54747e-13,3.26e-14
A4,CATM,2046,937.063,470.043,1407.11,1407.11,1272.36,0,0
A4,CATM,2047,947.656,470.976,1418.63,1418.63,1282.36,-4.54747e-13,-3.20553e-14
A4,CATM,2048,958.369,471.016,1429.39,1429.39,1291.57,0,0
A4,CATM,2049,969.203,470.068,1439.27,1439.27,1299.9,4.54747e-13,3.15957e-14
A4,CATM,2050,980.159,468.101,1448.26,1448.26,1307.31,2.27374e-13,1.56998e-14
A4,SHGM,2023,531,43.24,574.24,574.24,501.279,0,0
A4,SHGM,2024,518,36.53,554.53,554.53,495.466,0,0
A4,SHGM,2025,520.85,41.9755,562.826,562.826,503.437,1.13687e-13,2.01993e-14
A4,SHGM,2026,523.723,46.9867,570.71,570.71,510.993,-1.13687e-13,-1.99203e-14
A4,SHGM,2027,526.619,52.4331,579.052,579.052,519.005,-4.54747e-13,-7.85331e-14
A4,SHGM,2028,529.538,57.7835,587.322,587.322,526.942,-2.27374e-13,-3.87137e-14
A4,SHGM,2029,532.248,63.3264,595.574,595.574,534.886,-1.13687e-13,-1.90886e-14
A4,SHGM,2030,534.766,69.4285,604.195,604.195,543.219,-1.13687e-13,-1.88163e-14
A4,SHGM,2031,537.111,75.4315,612.542,612.542,551.299,-3.41061e-13,-5.56795e-14
A4,SHGM,2032,539.298,81.9199,621.218,621.218,559.725,-3.41061e-13,-5.49019e-14
A4,SHGM,2033,541.342,88.6028,629.944,629.944,568.219,0,0
A4,SHGM,2034,543.257,95.4763,638.733,638.733,576.789,3.41061e-13,5.33964e-14
A4,SHGM,2035,545.057,102.899,647.956,647.956,585.807,1.13687e-13,1.75455e-14
A4,SHGM,2036,547.063,109.78,656.843,656.843,594.465,-1.13687e-13,-1.73081e-14
A4,SHGM,2037,548.95,116.904,665.854,665.854,603.261,-2.27374e-13,-3.41477e-14
A4,SHGM,2038,550.731,123.965,674.696,674.696,611.9,-1.13687e-13,-1.68501e-14
A4,SHGM,2039,552.416,130.959,683.374,683.374,620.386,2.27374e-13,3.32722e-14
A4,SHGM,2040,554.271,137.588,691.859,691.859,628.659,1.13687e-13,1.64321e-14
A4,SHGM,2041,556.023,143.929,699.952,699.952,636.552,2.27374e-13,3.24842e-14
A4,SHGM,2042,557.682,150.366,708.049,708.049,644.46,-4.54747e-13,-6.42254e-14
A4,SHGM,2043,559.258,156.632,715.89,715.89,652.121,-4.54747e-13,-6.3522e-14
A4,SHGM,2044,560.757,162.709,723.466,723.466,659.527,-2.27374e-13,-3.14284e-14
A4,SHGM,2045,561.536,169.138,730.674,730.674,666.645,-5.68434e-13,-7.77959e-14
A4,SHGM,2046,562.316,175.182,737.498,737.498,673.38,2.27374e-13,3.08304e-14
A4,SHGM,2047,563.097,180.928,744.025,744.025,679.819,3.41061e-13,4.58399e-14
A4,SHGM,2048,563.879,186.311,750.19,750.19,685.895,2.27374e-13,3.03088e-14
A4,SHGM,2049,564.662,191.28,755.941,755.941,691.557,1.13687e-13,1.50391e-14
A4,SHGM,2050,565.446,195.816,761.262,761.262,696.788,1.13687e-13,1.4934e-14
A4,CHKM,2023,2609.25,74.7687,2684.02,2684.02,2423.09,9.09495e-13,3.38856e-14
A4,CHKM,2024,2637.39,20.6355,2658.03,2658.03,2394.29,-9.09495e-13,-3.42169e-14
A4,CHKM,2025,2727.89,0,2727.89,2704.55,2431.77,23.3385,0.862935
A4,CHKM,2026,2733.34,7.68331,2741.02,2741.02,2467.69,-1.36424e-12,-4.97713e-14
A4,CHKM,2027,2741.5,38.3798,2779.88,2779.88,2505.73,-2.72848e-12,-9.81513e-14
A4,CHKM,2028,2749.8,68.7702,2818.57,2818.57,2543.59,-1.36424e-12,-4.8402e-14
A4,CHKM,2029,2758.25,99.1882,2857.43,2857.43,2581.61,1.36424e-12,4.77436e-14
A4,CHKM,2030,2766.85,131.528,2898.38,2898.38,2621.7,1.36424e-12,4.70691e-14
A4,CHKM,2031,2775.64,162.821,2938.46,2938.46,2660.9,-4.54747e-13,-1.54757e-14
A4,CHKM,2032,2784.61,195.572,2980.18,2980.18,2701.72,3.63798e-12,1.22072e-13
A4,CHKM,2033,2793.79,228.627,3022.42,3022.42,2743.04,-9.09495e-13,-3.00916e-14
A4,CHKM,2034,2803.2,262.028,3065.23,3065.23,2784.91,-3.18323e-12,-1.0385e-13
A4,CHKM,2035,2812.85,297.551,3110.4,3110.4,2829.11,2.72848e-12,8.77214e-14
A4,CHKM,2036,2831.01,322.907,3153.91,3153.91,2870.81,9.09495e-13,2.8837e-14
A4,CHKM,2037,2847.25,350.62,3197.87,3197.87,2913.15,0,0
A4,CHKM,2038,2862.56,378.574,3241.14,3241.14,2954.88,-4.54747e-13,-1.40305e-14
A4,CHKM,2039,2877.44,406.343,3283.79,3283.79,2996.04,1.36424e-12,4.15448e-14
A4,CHKM,2040,2892.14,433.423,3325.56,3325.56,3036.35,-4.54747e-13,-1.36743e-14
A4,CHKM,2041,2906.78,458.933,3365.71,3365.71,3075.03,-9.09495e-13,-2.70224e-14
A4,CHKM,2042,2921.42,484.514,3405.93,3405.93,3113.79,4.54747e-12,1.33516e-13
A4,CHKM,2043,2936.1,509.046,3445.15,3445.15,3151.54,1.36424e-12,3.95989e-14
A4,CHKM,2044,2950.84,532.475,3483.32,3483.32,3188.23,1.81899e-12,5.222e-14
A4,CHKM,2045,2965.65,554.649,3520.29,3520.29,3223.73,-1.36424e-12,-3.87536e-14
A4,CHKM,2046,2980.51,575.099,3555.61,3555.61,3257.56,-9.09495e-13,-2.55791e-14
A4,CHKM,2047,2995.45,594.198,3589.65,3589.65,3290.11,2.27374e-12,6.33414e-14
A4,CHKM,2048,3010.46,611.674,3622.14,3622.14,3321.09,1.81899e-12,5.02187e-14
A4,CHKM,2049,3025.55,627.282,3652.83,3652.83,3350.28,-2.72848e-12,-7.46951e-14
A4,CHKM,2050,3040.7,640.941,3681.65,3681.65,3377.58,-3.63798e-12,-9.88139e-14
A4,EGGS,2023,3028.55,0,3028.55,3011.87,2383.06,16.68,0.553809
A4,EGGS,2024,3049.8,0,3049.8,3031.91,2386.64,17.8911,0.590095
A4,EGGS,2025,3064.17,0,3064.17,3055.1,2400.68,9.06624,0.296758
A4,EGGS,2026,3076.52,0.788581,3077.31,3077.31,2413.83,-2.72848e-12,-8.86646e-14
A4,EGGS,2027,3087.18,12.7453,3099.92,3099.92,2427.41,0,0
A4,EGGS,2028,3096.41,25.4542,3121.86,3121.86,2440.33,0,0
A4,EGGS,2029,3104.45,38.7743,3143.23,3143.23,2452.6,-2.27374e-12,-7.23376e-14
A4,EGGS,2030,3111.51,54.5626,3166.08,3166.08,2466.31,-2.72848e-12,-8.61787e-14
A4,EGGS,2031,3117.77,70.3348,3188.11,3188.11,2479.16,4.54747e-13,1.42639e-14
A4,EGGS,2032,3123.39,86.5009,3209.89,3209.89,2491.67,-2.27374e-12,-7.08354e-14
A4,EGGS,2033,3128.5,102.791,3231.29,3231.29,2503.7,2.72848e-12,8.44396e-14
A4,EGGS,2034,3133.22,119.081,3252.3,3252.3,2515.26,-4.54747e-13,-1.39823e-14
A4,EGGS,2035,3137.68,136.815,3274.5,3274.5,2527.83,4.54747e-13,1.38876e-14
A4,EGGS,2036,3122.82,177.426,3300.25,3300.25,2544.7,0,0
A4,EGGS,2037,3107.57,217.736,3325.31,3325.31,2561.28,1.36424e-12,4.1026e-14
A4,EGGS,2038,3092.02,257.491,3349.51,3349.51,2577.37,0,0
A4,EGGS,2039,3076.25,296.684,3372.94,3372.94,2593.03,-9.09495e-13,-2.69645e-14
A4,EGGS,2040,3060.33,335.054,3395.39,3395.39,2608.05,4.54747e-13,1.33931e-14
A4,EGGS,2041,3044.31,372.447,3416.75,3416.75,2622.29,9.09495e-13,2.66187e-14
A4,EGGS,2042,3028.21,409.072,3437.28,3437.28,2635.99,9.09495e-13,2.64597e-14
A4,EGGS,2043,3012.09,444.758,3456.85,3456.85,2649,4.54747e-13,1.3155e-14
A4,EGGS,2044,2995.95,479.493,3475.44,3475.44,2661.31,9.09495e-13,2.61692e-14
A4,EGGS,2045,2979.83,513.175,3493,3493,2672.84,2.27374e-12,6.5094e-14
A4,EGGS,2046,2963.73,545.584,3509.32,3509.32,2683.36,1.81899e-12,5.18332e-14
A4,EGGS,2047,2947.67,576.716,3524.39,3524.39,2692.89,-1.81899e-12,-5.16115e-14
A4,EGGS,2048,2931.66,606.586,3538.25,3538.25,2701.43,0,0
A4,EGGS,2049,2915.71,635.026,3550.74,3550.74,2708.82,-4.54747e-13,-1.28071e-14
A4,EGGS,2050,2899.82,662.004,3561.83,3561.83,2715.03,4.54747e-13,1.27673e-14
A4,MILK,2023,4197,1694.13,5891.13,5891.13,5223.43,-9.09495e-13,-1.54384e-14
A4,MILK,2024,4079,1555.36,5634.36,5634.36,4998.61,0,0
A4,MILK,2025,3962.98,1748.13,5711.11,5711.11,5093.45,-9.09495e-13,-1.5925e-14
A4,MILK,2026,4076.9,1746.27,5823.17,5823.17,5187.75,2.72848e-12,4.68557e-14
A4,MILK,2027,4194.25,1746.08,5940.32,5940.32,5286.62,1.81899e-12,3.0621e-14
A4,MILK,2028,4315.16,1742.39,6057.55,6057.55,5385,-1.81899e-12,-3.00284e-14
A4,MILK,2029,4439.77,1735.85,6175.62,6175.62,5483.65,-1.81899e-12,-2.94544e-14
A4,MILK,2030,4568.19,1730.54,6298.73,6298.73,5586.74,-1.81899e-12,-2.88787e-14
A4,MILK,2031,4613.62,1795.96,6409.57,6409.57,5690.51,0,0
A4,MILK,2032,4659.77,1864.32,6524.09,6524.09,5797.82,9.09495e-13,1.39406e-14
A4,MILK,2033,4706.69,1933.23,6639.92,6639.92,5906.34,-1.81899e-12,-2.73948e-14
A4,MILK,2034,4754.41,2002.73,6757.13,6757.13,6016.12,-3.63798e-12,-5.38391e-14
A4,MILK,2035,4802.98,2076.63,6879.61,6879.61,6131.02,1.81899e-12,2.64403e-14
A4,MILK,2036,4843.47,2154.93,6998.41,6998.41,6243.51,5.45697e-12,7.79744e-14
A4,MILK,2037,4876.93,2240.78,7117.71,7117.71,6357.6,-9.09495e-13,-1.27779e-14
A4,MILK,2038,4904.66,2330.34,7235,7235,6470.57,-2.72848e-12,-3.77123e-14
A4,MILK,2039,4927.77,2422.69,7350.46,7350.46,6582.43,1.81899e-12,2.47466e-14
A4,MILK,2040,4947.13,2516.44,7463.57,7463.57,6692.52,-1.81899e-12,-2.43716e-14
A4,MILK,2041,4963.49,2612.12,7575.61,7575.61,6802.01,0,0
A4,MILK,2042,4977.41,2710.27,7687.68,7687.68,6911.92,2.72848e-12,3.54916e-14
A4,MILK,2043,4989.39,2808.02,7797.4,7797.4,7019.77,-4.54747e-12,-5.83204e-14
A4,MILK,2044,4999.79,2904.9,7904.69,7904.69,7125.44,9.09495e-13,1.15058e-14
A4,MILK,2045,5008.94,3000.3,8009.24,8009.24,7228.56,1.81899e-12,2.27111e-14
A4,MILK,2046,5017.08,3093.81,8110.89,8110.89,7328.94,1.81899e-12,2.24265e-14
A4,MILK,2047,5024.41,3185.22,8209.63,8209.63,7426.54,-3.63798e-12,-4.43135e-14
A4,MILK,2048,5031.09,3273.73,8304.82,8304.82,7520.69,-5.45697e-12,-6.57084e-14
A4,MILK,2049,5037.26,3358.62,8395.88,8395.88,7610.78,-7.27596e-12,-8.66611e-14
A4,MILK,2050,5043,3439.58,8482.58,8482.58,7696.59,-5.45697e-12,-6.43315e-14
A4,FISH,2023,7116.2,296,7412.2,7412.2,3132.04,0,0
A4,FISH,2024,7366,269,7635,7635,3204.13,0,0
A4,FISH,2025,7453.32,286.932,7740.25,7740.25,3243.9,9.09495e-13,1.17502e-14
A4,FISH,2026,7540.81,301.749,7842.56,7842.56,3280.41,0,0
A4,FISH,2027,7628.49,318.463,7946.95,7946.95,3318.41,4.54747e-12,5.72229e-14
A4,FISH,2028,7716.36,335.665,8052.02,8052.02,3356.46,9.09495e-13,1.12952e-14
A4,FISH,2029,7804.43,353.853,8158.28,8158.28,3394.65,-4.54747e-12,-5.57406e-14
A4,FISH,2030,7892.71,375.806,8268.51,8268.51,3435.96,7.27596e-12,8.7996e-14
A4,FISH,2031,7981.22,396.15,8377.37,8377.37,3475.13,3.63798e-12,4.34263e-14
A4,FISH,2032,8069.98,418.189,8488.16,8488.16,3515.19,1.81899e-12,2.14297e-14
A4,FISH,2033,8159,441.789,8600.79,8600.79,3556.08,5.45697e-12,6.34473e-14
A4,FISH,2034,8248.33,467.088,8715.42,8715.42,3597.9,0,0
A4,FISH,2035,8333.86,500.188,8834.05,8834.05,3642.99,1.81899e-12,2.05907e-14
A4,FISH,2036,8405.51,554.187,8959.69,8959.69,3683.9,1.81899e-12,2.03019e-14
A4,FISH,2037,8461.78,621.664,9083.44,9083.44,3724.64,3.63798e-12,4.00507e-14
A4,FISH,2038,8505.54,699.878,9205.42,9205.42,3764.9,0,0
A4,FISH,2039,8539.17,786.869,9326.04,9326.04,3804.75,1.81899e-12,1.95044e-14
A4,FISH,2040,8564.61,880.613,9445.22,9445.22,3843.87,0,0
A4,FISH,2041,8583.44,977.813,9561.26,9561.26,3880.33,0,0
A4,FISH,2042,8596.97,1079.42,9676.38,9676.38,3916.18,1.81899e-12,1.87982e-14
A4,FISH,2043,8606.22,1184.26,9790.48,9790.48,3951.19,-1.81899e-12,-1.85792e-14
A4,FISH,2044,8612.05,1291.58,9903.63,9903.63,3985.32,5.45697e-12,5.51007e-14
A4,FISH,2045,8615.13,1400.63,10015.8,10015.8,4018.44,1.81899e-12,1.81613e-14
A4,FISH,2046,8616.01,1510.07,10126.1,10126.1,4049.73,0,0
A4,FISH,2047,8615.13,1619.95,10235.1,10235.1,4079.65,1.81899e-12,1.77721e-14
A4,FISH,2048,8612.83,1729.96,10342.8,10342.8,4108.2,0,0
A4,FISH,2049,8609.42,1839.53,10448.9,10448.9,4135.11,-1.81899e-12,-1.74084e-14
A4,FISH,2050,8605.1,1948.36,10553.5,10553.5,4160.32,1.81899e-12,1.7236e-14
A5,RICE,2023,20660.3,100.6,20760.9,20760.9,15799.6,3.63798e-12,1.75232e-14
A5,RICE,2024,20753.5,78.57,20832.1,20832.1,15650,0,0
A5,RICE,2025,20794.1,110.285,20904.4,20904.4,15420.6,-3.63798e-12,-1.74029e-14
A5,RICE,2026,20834.1,149.743,20983.8,20983.8,15213.4,-3.63798e-12,-1.73371e-14
A5,RICE,2027,20873.2,160.202,21033.4,21033.4,15010.6,0,0
A5,RICE,2028,20911.5,154.89,21066.4,21066.4,14808.8,-3.63798e-12,-1.72691e-14
A5,RICE,2029,20948.9,153.723,21102.6,21102.6,14607.2,3.63798e-12,1.72395e-14
A5,RICE,2030,20985.2,145.582,21130.8,21130.8,14393.5,0,0
A5,RICE,2031,21004.7,118.678,21123.4,21123.4,14193.7,3.63798e-12,1.72225e-14
A5,RICE,2032,21022.9,57.4775,21080.4,21080.4,13993,7.27596e-12,3.45154e-14
A5,RICE,2033,21039.7,0.818941,21040.5,21040.5,13792.4,-1.67347e-10,-7.95358e-13
A5,RICE,2034,21054.9,0,21054.9,21003.5,13591.8,51.4217,0.244824
A5,RICE,2035,21068.5,0,21068.5,20961.9,13383.9,106.57,0.508398
A5,RICE,2036,21079.7,0,21079.7,20924.2,13187.7,155.546,0.74338
A5,RICE,2037,21089,0,21089,20887.2,12991.7,201.747,0.965889
A5,RICE,2038,21096.5,0,21096.5,20852.2,12796.8,244.271,1.17144
A5,RICE,2039,21102.4,0,21102.4,20819.5,12603.4,282.875,1.3587
A5,RICE,2040,21107,0,21107,20788.3,12410.7,318.653,1.53285
A5,RICE,2041,21110.3,0,21110.3,20766.7,12226.7,343.599,1.65457
A5,RICE,2042,21112.5,0,21112.5,20745.7,12042.4,366.827,1.76821
A5,RICE,2043,21113.7,0,21113.7,20726.3,11858.8,387.476,1.86949
A5,RICE,2044,21114.1,0,21114.1,20708.6,11675.9,405.435,1.95781
A5,RICE,2045,21113.5,0,21113.5,20692.4,11493.6,421.102,2.03505
A5,RICE,2046,21112.2,0,21112.2,20678.9,11312.9,433.357,2.09565
A5,RICE,2047,21110.2,0,21110.2,20665.6,11131.4,444.646,2.15163
A5,RICE,2048,21107.6,0,21107.6,20653.2,10949.8,454.418,2.20023
A5,RICE,2049,21104.3,0,21104.3,20640.9,10767.4,463.42,2.24516
A5,RICE,2050,21100.5,0,21100.5,20628.7,10584,471.767,2.28694
A5,WHEA,2023,13659,1189.4,14848.4,14848.4,9162.85,-1.81899e-12,-1.22504e-14
A5,WHEA,2024,14009.9,1106.26,15116.2,15116.2,9100,3.63798e-12,2.40668e-14
A5,WHEA,2025,14115.7,990.969,15106.7,15106.7,8971,-3.63798e-12,-2.4082e-14
A5,WHEA,2026,14217.3,895.147,15112.4,15112.4,8854.53,3.63798e-12,2.40727e-14
A5,WHEA,2027,14314.7,806.643,15121.4,15121.4,8740.39,3.63798e-12,2.40585e-14
A5,WHEA,2028,14407.9,723.669,15131.6,15131.6,8626.46,5.45697e-12,3.60634e-14
A5,WHEA,2029,14496.8,646.622,15143.5,15143.5,8512.25,9.09495e-12,6.00586e-14
A5,WHEA,2030,14581.4,567.727,15149.1,15149.1,8390.72,3.63798e-12,2.40145e-14
A5,WHEA,2031,14595.7,492.841,15088.6,15088.6,8276.9,0,0
A5,WHEA,2032,14605,419.738,15024.8,15024.8,8162.13,5.45697e-12,3.63199e-14
A5,WHEA,2033,14608.9,350.834,14959.8,14959.8,8047.08,-3.63798e-12,-2.43184e-14
A5,WHEA,2034,14607.3,286.151,14893.4,14893.4,7931.6,1.81899e-12,1.22134e-14
A5,WHEA,2035,14599.8,221.59,14821.4,14821.4,7811.47,-5.45697e-12,-3.68182e-14
A5,WHEA,2036,14588.4,153.326,14741.7,14741.7,7698.12,3.63798e-12,2.46781e-14
A5,WHEA,2037,14573.5,87.335,14660.8,14660.8,7584.79,-5.45697e-12,-3.72215e-14
A5,WHEA,2038,14555.4,23.9562,14579.3,14579.3,7472.12,5.05679e-10,3.46846e-12
A5,WHEA,2039,14534.5,0,14534.5,14497.6,7360.33,36.8498,0.254178
A5,WHEA,2040,14511,0,14511,14415.2,7248.87,95.8574,0.664976
A5,WHEA,2041,14485.3,0,14485.3,14336.7,7142.47,148.588,1.03642
A5,WHEA,2042,14457.6,0,14457.6,14257,7035.87,200.515,1.40643
A5,WHEA,2043,14428,0,14428,14176.7,6929.61,251.281,1.77249
A5,WHEA,2044,14396.8,0,14396.8,14095.9,6823.78,300.954,2.13505
A5,WHEA,2045,14364.2,0,14364.2,14014.3,6718.21,349.975,2.49728
A5,WHEA,2046,14330.4,0,14330.4,13932.7,6613.57,397.715,2.85456
A5,WHEA,2047,14295.4,0,14295.4,13849.7,6508.48,445.714,3.21823
A5,WHEA,2048,14259.4,0,14259.4,13765.6,6403.26,493.753,3.58686
A5,WHEA,2049,14222.5,0,14222.5,13680.1,6297.51,542.368,3.96464
A5,WHEA,2050,14184.8,0,14184.8,13593.1,6191.19,591.715,4.35305
A5,MAIZ,2023,28884,2712.1,31596.1,31596.1,1890,0,0
A5,MAIZ,2024,29492,1363,30855,30855,1890,0,0
A5,MAIZ,2025,29896.1,1134.43,31030.5,31030.5,1874.58,-3.63798e-12,-1.17239e-14
A5,MAIZ,2026,30301.1,910.858,31212,31212,1861.24,0,0
A5,MAIZ,2027,30706.7,1361.83,32068.5,32068.5,1848.26,1.09139e-11,3.40332e-14
A5,MAIZ,2028,31112.1,1262.96,32375,32375,1834.97,7.27596e-12,2.2474e-14
A5,MAIZ,2029,31516.8,1073.06,32589.8,32589.8,1821.34,0,0
A5,MAIZ,2030,31920.1,853.233,32773.4,32773.4,1805.84,0,0
A5,MAIZ,2031,31929.1,812.663,32741.7,32741.7,1791.69,0,0
A5,MAIZ,2032,31930.2,787.521,32717.8,32717.8,1777.26,-7.27596e-12,-2.22386e-14
A5,MAIZ,2033,31922.7,763.136,32685.8,32685.8,1762.57,0,0
A5,MAIZ,2034,31915,732.776,32647.8,32647.8,1747.58,-3.63798e-12,-1.11431e-14
A5,MAIZ,2035,31897,703.154,32600.1,32600.1,1731.38,0,0
A5,MAIZ,2036,31872,867.949,32739.9,32739.9,1716.29,-2.18279e-11,-6.66705e-14
A5,MAIZ,2037,31840.8,1031.19,32872,32872,1700.94,-7.27596e-12,-2.21342e-14
A5,MAIZ,2038,31804.1,1193.65,32997.7,32997.7,1685.33,8.00355e-11,2.42549e-13
A5,MAIZ,2039,31762.5,1355.75,33118.2,33118.2,1669.51,7.27596e-12,2.19697e-14
A5,MAIZ,2040,31716.5,1517.64,33234.1,33234.1,1653.38,-1.45519e-11,-4.37861e-14
A5,MAIZ,2041,31666.6,1680.12,33346.7,33346.7,1638.1,-2.18279e-11,-6.54573e-14
A5,MAIZ,2042,31613.3,1841.86,33455.1,33455.1,1622.51,1.45519e-11,4.34968e-14
A5,MAIZ,2043,31556.9,2002.7,33559.6,33559.6,1606.64,0,0
A5,MAIZ,2044,31497.8,2162.43,33660.3,33660.3,1590.51,7.27596e-12,2.16159e-14
A5,MAIZ,2045,31436.3,2319.98,33756.3,33756.3,1574.09,-7.27596e-12,-2.15544e-14
A5,MAIZ,2046,31372.7,2476.04,33848.8,33848.8,1557.57,7.27596e-12,2.14955e-14
A5,MAIZ,2047,31307.2,2629.99,33937.2,33937.2,1540.62,-1.45519e-11,-4.2879e-14
A5,MAIZ,2048,31240,2781.63,34021.6,34021.6,1523.31,-1.45519e-11,-4.27725e-14
A5,MAIZ,2049,31171.4,2930.51,34101.9,34101.9,1505.54,7.27596e-12,2.1336e-14
A5,MAIZ,2050,31101.4,3076.33,34177.7,34177.7,1487.29,2.18279e-11,6.38658e-14
A5,POTA,2023,9150,0,9150,9125,5872,25,0.273973
A5,POTA,2024,9500,0,9500,9445,6081.92,55,0.582319
A5,POTA,2025,9564.68,0,9564.68,9432.09,6035.73,132.598,1.40582
A5,POTA,2026,9625.18,0,9625.18,9435.14,5996.11,190.041,2.01418
A5,POTA,2027,9681.49,0,9681.49,9465.19,5957.98,216.303,2.28525
A5,POTA,2028,9733.56,0,9733.56,9490.36,5918.65,243.201,2.56261
A5,POTA,2029,9781.37,0,9781.37,9525.9,5878.15,255.475,2.6819
A5,POTA,2030,9824.87,0,9824.87,9552.78,5831.47,272.091,2.84829
A5,POTA,2031,9863.92,0,9863.92,9579.39,5789.2,284.529,2.97022
A5,POTA,2032,9898.47,0,9898.47,9603.53,5746.38,294.943,3.07119
A5,POTA,2033,9928.33,0,9928.33,9626.16,5702.7,302.166,3.13901
A5,POTA,2034,9953.35,0,9953.35,9646.39,5658.06,306.968,3.18221
A5,POTA,2035,9973.36,0,9973.36,9664.75,5609.52,308.61,3.19315
A5,POTA,2036,9993.11,0,9993.11,9689.51,5564.46,303.6,3.13329
A5,POTA,2037,10012.1,0,10012.1,9711.28,5518.56,300.779,3.09721
A5,POTA,2038,10030.2,0,10030.2,9729.74,5471.51,300.485,3.08831
A5,POTA,2039,10047.6,0,10047.6,9745.1,5423.49,302.535,3.10448
A5,POTA,2040,10064.3,0,10064.3,9757.01,5374.12,307.319,3.14973
A5,POTA,2041,10080.3,0,10080.3,9769.45,5327.37,310.883,3.1822
A5,POTA,2042,10095.7,0,10095.7,9778.83,5279.63,316.83,3.23996
A5,POTA,2043,10110.3,0,10110.3,9784.96,5230.68,325.37,3.3252
A5,POTA,2044,10124.4,0,10124.4,9787.99,5180.61,336.393,3.43679
A5,POTA,2045,10137.8,0,10137.8,9787.79,5129.3,350.044,3.57634
A5,POTA,2046,10150.7,0,10150.7,9785.08,5077.44,365.606,3.73636
A5,POTA,2047,10163,0,10163,9778.89,5024.01,384.082,3.92766
A5,POTA,2048,10174.7,0,10174.7,9769.36,4969.11,405.348,4.14918
A5,POTA,2049,10185.9,0,10185.9,9756.2,4912.45,429.706,4.40444
A5,POTA,2050,10196.6,0,10196.6,9739.41,4854,457.174,4.69407
A5,SOYS,2023,2084.17,9849,11933.2,11933.2,1550,0,0
A5,SOYS,2024,2065,10497,12562,12562,1675,-1.81899e-12,-1.44801e-14
A5,SOYS,2025,2190,10034.1,12224.1,12224.1,1674.33,5.45697e-12,4.46412e-14
A5,SOYS,2026,2322.21,9720.36,12042.6,12042.6,1673.78,7.27596e-12,6.04186e-14
A5,SOYS,2027,2462,9436.24,11898.2,11898.2,1673.8,3.63798e-12,3.05758e-14
A5,SOYS,2028,2609.75,9169.42,11779.2,11779.2,1673.41,-3.63798e-12,-3.08849e-14
A5,SOYS,2029,2765.82,8919.13,11685,11685,1672.67,-3.63798e-12,-3.11339e-14
A5,SOYS,2030,2930.63,8674.54,11605.2,11605.2,1670.08,0,0
A5,SOYS,2031,2961.78,8531.61,11493.4,11493.4,1667.47,-1.81899e-12,-1.58264e-14
A5,SOYS,2032,2992.54,8396.95,11389.5,11389.5,1664.85,0,0
A5,SOYS,2033,3022.79,8272.72,11295.5,11295.5,1661.94,5.45697e-12,4.8311e-14
A5,SOYS,2034,3052.01,8158.16,11210.2,11210.2,1658.71,-7.27596e-12,-6.4905e-14
A5,SOYS,2035,3080.52,8051.07,11131.6,11131.6,1654.3,-7.27596e-12,-6.53631e-14
A5,SOYS,2036,3096.98,8072.59,11169.6,11169.6,1649.66,3.63798e-12,3.25704e-14
A5,SOYS,2037,3105.98,8096.23,11202.2,11202.2,1644.77,-9.09495e-12,-8.11889e-14
A5,SOYS,2038,3110.42,8120.42,11230.8,11230.8,1639.36,1.45519e-11,1.29571e-13
A5,SOYS,2039,3112.05,8144.48,11256.5,11256.5,1633.48,-1.81899e-12,-1.61594e-14
A5,SOYS,2040,3111.96,8167.98,11279.9,11279.9,1627.01,0,0
A5,SOYS,2041,3110.79,8190.96,11301.7,11301.7,1620.24,7.27596e-12,6.43791e-14
A5,SOYS,2042,3108.92,8213.3,11322.2,11322.2,1613.13,1.81899e-12,1.60657e-14
A5,SOYS,2043,3106.6,8234.83,11341.4,11341.4,1605.47,1.81899e-12,1.60384e-14
A5,SOYS,2044,3103.96,8255.63,11359.6,11359.6,1597.29,-1.81899e-12,-1.60128e-14
A5,SOYS,2045,3101.09,8275.49,11376.6,11376.6,1588.53,-3.63798e-12,-3.19778e-14
A5,SOYS,2046,3098.05,8294.7,11392.8,11392.8,1579.18,0,0
A5,SOYS,2047,3094.87,8313.27,11408.1,11408.1,1569.18,-5.45697e-12,-4.7834e-14
A5,SOYS,2048,3091.56,8331.25,11422.8,11422.8,1558.53,-1.81899e-12,-1.59242e-14
A5,SOYS,2049,3088.15,8348.59,11436.7,11436.7,1547.13,5.45697e-12,4.77144e-14
A5,SOYS,2050,3084.63,8365.32,11450,11450,1534.97,-1.81899e-12,-1.58864e-14
A5,RAPS,2023,1631.74,519.81,2151.55,2151.55,0,0,0
A5,RAPS,2024,1674,638.56,2312.56,2312.56,0,0,0
A5,RAPS,2025,1717.63,628.481,2346.11,2346.11,0,-4.54747e-13,-1.9383e-14
A5,RAPS,2026,1762.14,614.208,2376.35,2376.35,0,9.09495e-13,3.82728e-14
A5,RAPS,2027,1807.5,586.552,2394.05,2394.05,0,4.54747e-13,1.89949e-14
A5,RAPS,2028,1853.7,559.211,2412.91,2412.91,0,0,0
A5,RAPS,2029,1900.72,532.654,2433.37,2433.37,0,-4.54747e-13,-1.8688e-14
A5,RAPS,2030,1948.52,506.343,2454.87,2454.87,0,-9.09495e-13,-3.70487e-14
A5,RAPS,2031,1961.93,501.691,2463.62,2463.62,0,-1.36424e-12,-5.53754e-14
A5,RAPS,2032,1974.95,496.164,2471.12,2471.12,0,9.09495e-13,3.6805e-14
A5,RAPS,2033,1987.52,491.508,2479.03,2479.03,0,0,0
A5,RAPS,2034,1999.29,487.977,2487.27,2487.27,0,-9.09495e-13,-3.6566e-14
A5,RAPS,2035,2010.48,485.339,2495.82,2495.82,0,-1.36424e-12,-5.46611e-14
A5,RAPS,2036,2021.33,482.675,2504.01,2504.01,0,-9.09495e-13,-3.63215e-14
A5,RAPS,2037,2031.72,479.673,2511.39,2511.39,0,1.36424e-12,5.43222e-14
A5,RAPS,2038,2041.69,476.494,2518.19,2518.19,0,4.54747e-12,1.80585e-13
A5,RAPS,2039,2051.31,473.233,2524.54,2524.54,0,-4.54747e-13,-1.8013e-14
A5,RAPS,2040,2060.61,469.995,2530.61,2530.61,0,-1.36424e-12,-5.39097e-14
A5,RAPS,2041,2069.63,466.769,2536.4,2536.4,0,-1.81899e-12,-7.17154e-14
A5,RAPS,2042,2078.39,463.583,2541.98,2541.98,0,7.27596e-12,2.86232e-13
A5,RAPS,2043,2086.92,460.457,2547.38,2547.38,0,-9.09495e-13,-3.57031e-14
A5,RAPS,2044,2095.23,457.407,2552.64,2552.64,0,-9.09495e-13,-3.56296e-14
A5,RAPS,2045,2103.34,454.329,2557.67,2557.67,0,-4.54747e-13,-1.77797e-14
A5,RAPS,2046,2111.26,451.359,2562.62,2562.62,0,-4.54747e-13,-1.77454e-14
A5,RAPS,2047,2119.01,448.502,2567.51,2567.51,0,-4.54747e-13,-1.77116e-14
A5,RAPS,2048,2126.58,445.764,2572.34,2572.34,0,-1.36424e-12,-5.3035e-14
A5,RAPS,2049,2133.99,443.146,2577.13,2577.13,0,4.54747e-13,1.76455e-14
A5,RAPS,2050,2141.24,440.653,2581.89,2581.89,0,-4.54747e-13,-1.7613e-14
A5,GRDS,2023,1860,20,1880,1070,810,810,75.7009
A5,GRDS,2024,1900,5,1905,1905,850,-4.54747e-13,-2.38713e-14
A5,GRDS,2025,1927.66,0,1927.66,1909.67,857.229,17.9884,0.941963
A5,GRDS,2026,1955.42,0,1955.42,1915.2,864.197,40.2203,2.10005
A5,GRDS,2027,1967.56,0,1967.56,1922.09,871.81,45.4698,2.36564
A5,GRDS,2028,1979.41,0,1979.41,1929.27,879.163,50.1438,2.59911
A5,GRDS,2029,1990.96,0,1990.96,1937.07,886.388,53.8916,2.78212
A5,GRDS,2030,2002.16,0,2002.16,1944.36,892.604,57.7993,2.97267
A5,GRDS,2031,2012.96,0,2012.96,1949.16,898.681,63.7944,3.27291
A5,GRDS,2032,2023.32,0,2023.32,1953.99,905.14,69.3325,3.54826
A5,GRDS,2033,2033.18,0,2033.18,1959.05,911.522,74.1361,3.78429
A5,GRDS,2034,2042.2,0,2042.2,1964.32,917.821,77.8762,3.96453
A5,GRDS,2035,2050.6,0,2050.6,1969.33,923.578,81.2684,4.12671
A5,GRDS,2036,2057.18,0,2057.18,1980.45,928.939,76.729,3.87432
A5,GRDS,2037,2062.3,0,2062.3,1991.22,934.263,71.0763,3.56948
A5,GRDS,2038,2066.24,0,2066.24,2001.29,939.097,64.9538,3.2456
A5,GRDS,2039,2069.24,0,2069.24,2010.73,943.46,58.5123,2.91
A5,GRDS,2040,2071.48,0,2071.48,2019.53,947.271,51.9555,2.57265
A5,GRDS,2041,2073.12,0,2073.12,2027.82,950.662,45.2942,2.23364
A5,GRDS,2042,2074.26,0,2074.26,2035.89,953.883,38.3756,1.88496
A5,GRDS,2043,2075.01,0,2075.01,2043.36,956.557,31.6551,1.54917
A5,GRDS,2044,2075.45,0,2075.45,2050.26,958.69,25.1915,1.2287
A5,GRDS,2045,2075.64,0,2075.64,2056.52,960.246,19.1232,0.929882
A5,GRDS,2046,2075.63,0,2075.63,2062.17,961.193,13.4658,0.652991
A5,GRDS,2047,2075.46,0,2075.46,2067.25,961.571,8.21404,0.397342
A5,GRDS,2048,2075.16,0,2075.16,2071.69,961.298,3.47582,0.167777
A5,GRDS,2049,2074.76,0.657621,2075.42,2075.42,960.303,0,0
A5,GRDS,2050,2074.28,4.15165,2078.43,2078.43,958.57,-9.09495e-13,-4.37588e-14
A5,COTT,2023,561.8,191,752.8,752.8,0,0,0
A5,COTT,2024,616.4,261.8,878.2,878.2,0,0,0
A5,COTT,2025,617.205,188.625,805.83,805.83,0,-1.13687e-13,-1.4108e-14
A5,COTT,2026,617.917,185.206,803.123,803.123,0,3.41061e-13,4.24668e-14
A5,COTT,2027,618.53,181.879,800.409,800.409,0,0,0
A5,COTT,2028,619.032,178.648,797.681,797.681,0,0,0
A5,COTT,2029,619.417,175.565,794.982,794.982,0,1.13687e-13,1.43006e-14
A5,COTT,2030,619.673,172.526,792.199,792.199,0,3.41061e-13,4.30524e-14
A5,COTT,2031,619.787,169.631,789.418,789.418,0,-1.13687e-13,-1.44013e-14
A5,COTT,2032,619.75,166.917,786.667,786.667,0,1.13687e-13,1.44517e-14
A5,COTT,2033,619.544,164.397,783.941,783.941,0,0,0
A5,COTT,2034,615.991,165.928,781.92,781.92,0,-1.13687e-13,-1.45395e-14
A5,COTT,2035,612.262,167.621,779.882,779.882,0,-1.13687e-13,-1.45774e-14
A5,COTT,2036,608.524,169.285,777.809,777.809,0,2.27374e-13,2.92326e-14
A5,COTT,2037,604.721,171.577,776.298,776.298,0,0,0
A5,COTT,2038,600.856,174.426,775.282,775.282,0,0,0
A5,COTT,2039,596.933,177.772,774.704,774.704,0,1.13687e-13,1.46749e-14
A5,COTT,2040,592.955,181.553,774.508,774.508,0,2.27374e-13,2.93572e-14
A5,COTT,2041,588.928,185.72,774.648,774.648,0,1.13687e-13,1.46759e-14
A5,COTT,2042,584.853,190.228,775.082,775.082,0,-1.13687e-13,-1.46677e-14
A5,COTT,2043,580.736,195.037,775.773,775.773,0,-5.68434e-13,-7.32733e-14
A5,COTT,2044,576.578,200.111,776.689,776.689,0,-1.13687e-13,-1.46374e-14
A5,COTT,2045,572.383,205.416,777.8,777.8,0,0,0
A5,COTT,2046,568.155,210.918,779.073,779.073,0,0,0
A5,COTT,2047,563.897,216.586,780.483,780.483,0,1.13687e-13,1.45662e-14
A5,COTT,2048,559.61,222.4,782.011,782.011,0,-2.27374e-13,-2.90755e-14
A5,COTT,2049,555.298,228.332,783.631,783.631,0,0,0
A5,COTT,2050,550.964,234.361,785.325,785.325,0,2.27374e-13,2.89528e-14
A5,SUGC,2023,789,0,789,789,0,0,0
A5,SUGC,2024,882,0,882,882,0,0,0
A5,SUGC,2025,1050.8,0,1050.8,895.23,0,155.567,17.3774
A5,SUGC,2026,1241.72,0,1241.72,908.658,0,333.059,36.6539
A5,SUGC,2027,1455.87,0,1455.87,922.288,0,533.584,57.8544
A5,SUGC,2028,1694.16,0,1694.16,936.123,0,758.041,80.9766
A5,SUGC,2029,1957.28,0,1957.28,950.164,0,1007.11,105.993
A5,SUGC,2030,2245.63,0,2245.63,964.417,0,1281.22,132.849
A5,SUGC,2031,2559.37,0,2559.37,978.883,0,1580.49,161.458
A5,SUGC,2032,2898.37,0,2898.37,993.566,0,1904.8,191.713
A5,SUGC,2033,3262.15,0,3262.15,1008.47,0,2253.68,223.475
A5,SUGC,2034,3649.96,0,3649.96,1023.6,0,2626.36,256.582
A5,SUGC,2035,4060.74,0,4060.74,1038.95,0,3021.79,290.85
A5,SUGC,2036,4425.45,0,4425.45,1054.54,0,3370.92,319.659
A5,SUGC,2037,4742.47,0,4742.47,1070.35,0,3672.11,343.075
A5,SUGC,2038,5013.21,0,5013.21,1086.41,0,3926.8,361.448
A5,SUGC,2039,5241.07,0,5241.07,1102.7,0,4138.36,375.292
A5,SUGC,2040,5430.5,0,5430.5,1119.25,0,4311.25,385.193
A5,SUGC,2041,5586.33,0,5586.33,1136.03,0,4450.3,391.74
A5,SUGC,2042,5713.35,0,5713.35,1153.07,0,4560.28,395.489
A5,SUGC,2043,5816.03,0,5816.03,1170.37,0,4645.66,396.939
A5,SUGC,2044,5898.38,0,5898.38,1187.93,0,4710.46,396.528
A5,SUGC,2045,5963.91,0,5963.91,1205.75,0,4758.16,394.624
A5,SUGC,2046,6015.6,0,6015.6,1223.83,0,4791.77,391.539
A5,SUGC,2047,6056,0,6056,1242.19,0,4813.81,387.527
A5,SUGC,2048,6087.22,0,6087.22,1260.82,0,4826.4,382.798
A5,SUGC,2049,6110.99,0,6110.99,1279.73,0,4831.25,377.52
A5,SUGC,2050,6128.74,0,6128.74,1298.93,0,4829.81,371.83
A5,SUGB,2023,108,0,108,108,0,0,0
A5,SUGB,2024,114,0,114,114,0,0,0
A5,SUGB,2025,114.232,0,114.232,114,0,0.232277,0.203752
A5,SUGB,2026,114.448,0,114.448,114,0,0.447737,0.392752
A5,SUGB,2027,114.645,0,114.645,114,0,0.645003,0.565792
A5,SUGB,2028,114.822,0,114.822,114,0,0.821923,0.720985
A5,SUGB,2029,114.977,0,114.977,114,0,0.977227,0.857217
A5,SUGB,2030,115.109,0,115.109,114,0,1.10884,0.972668
A5,SUGB,2031,115.214,0,115.214,114,0,1.21417,1.06506
A5,SUGB,2032,115.291,0,115.291,114,0,1.29149,1.13288
A5,SUGB,2033,115.337,0,115.337,114,0,1.33743,1.17319
A5,SUGB,2034,115.432,0,115.432,114,0,1.43248,1.25656
A5,SUGB,2035,115.49,0,115.49,114,0,1.49044,1.30741
A5,SUGB,2036,115.548,0,115.548,114,0,1.54844,1.35828
A5,SUGB,2037,115.606,0,115.606,114,0,1.60647,1.40918
A5,SUGB,2038,115.665,0,115.665,114,0,1.66453,1.46011
A5,SUGB,2039,115.723,0,115.723,114,0,1.72261,1.51106
A5,SUGB,2040,115.781,0,115.781,114,0,1.78073,1.56204
A5,SUGB,2041,115.839,0,115.839,114,0,1.83887,1.61304
A5,SUGB,2042,115.897,0,115.897,114,0,1.89704,1.66407
A5,SUGB,2043,115.955,0,115.955,114,0,1.95524,1.71513
A5,SUGB,2044,116.013,0,116.013,114,0,2.01347,1.76621
A5,SUGB,2045,116.072,0,116.072,114,0,2.07174,1.81731
A5,SUGB,2046,116.13,0,116.13,114,0,2.13002,1.86844
A5,SUGB,2047,116.188,0,116.188,114,0,2.18834,1.9196
A5,SUGB,2048,116.247,0,116.247,114,0,2.24669,1.97078
A5,SUGB,2049,116.305,0,116.305,114,0,2.30507,2.02199
A5,SUGB,2050,116.363,0,116.363,114,0,2.36348,2.07323
A5,FRTO,2023,32744.3,365.6,33109.9,33109.9,15628.1,0,0
A5,FRTO,2024,34500,109.86,34609.9,34609.9,16380,0,0
A5,FRTO,2025,34682.7,0,34682.7,34665.6,16426,17.0956,0.0493159
A5,FRTO,2026,34862.3,0,34862.3,34708.4,16459.8,153.913,0.443446
A5,FRTO,2027,35038.7,0,35038.7,34753.5,16496.4,285.158,0.820516
A5,FRTO,2028,35211.1,0,35211.1,34793.8,16528.8,417.301,1.19935
A5,FRTO,2029,35379.4,0,35379.4,34829.3,16556.9,550.139,1.57953
A5,FRTO,2030,35543,0,35543,34844.9,16566.4,698.012,2.00319
A5,FRTO,2031,35701.1,0,35701.1,34848.4,16564.5,852.659,2.44676
A5,FRTO,2032,35853.4,0,35853.4,34847.8,16559.1,1005.65,2.88583
A5,FRTO,2033,35999,0,35999,34842.1,16549.6,1156.87,3.32033
A5,FRTO,2034,36163.2,0,36163.2,34837.6,16535.6,1325.65,3.80522
A5,FRTO,2035,36319.4,0,36319.4,34818.5,16508.2,1500.91,4.31065
A5,FRTO,2036,36458.1,0,36458.1,34828.6,16469.8,1629.5,4.67861
A5,FRTO,2037,36582.7,0,36582.7,34831.5,16427.8,1751.23,5.02773
A5,FRTO,2038,36696,0,36696,34827.2,16381.8,1868.79,5.36588
A5,FRTO,2039,36800.3,0,36800.3,34816.9,16332.2,1983.34,5.69648
A5,FRTO,2040,36897.3,0,36897.3,34799.8,16277.8,2097.49,6.02732
A5,FRTO,2041,36988.5,0,36988.5,34771.4,16213.8,2217.11,6.37625
A5,FRTO,2042,37075,0,37075,34737.5,16145.8,2337.53,6.72912
A5,FRTO,2043,37157.9,0,37157.9,34698.1,16073.4,2459.81,7.08918
A5,FRTO,2044,37237.8,0,37237.8,34653.5,15996.9,2584.29,7.45751
A5,FRTO,2045,37315.4,0,37315.4,34603.5,15915.7,2711.9,7.83708
A5,FRTO,2046,37391.2,0,37391.2,34545.8,15827.6,2845.4,8.23661
A5,FRTO,2047,37465.5,0,37465.5,34481.5,15733.7,2983.94,8.65372
A5,FRTO,2048,37538.6,0,37538.6,34411.3,15634.3,3127.38,9.08825
A5,FRTO,2049,37610.9,0,37610.9,34333.9,15528.5,3276.99,9.54446
A5,FRTO,2050,37682.5,0,37682.5,34249.4,15416,3433.09,10.0238
A5,VEGT,2023,82868.1,0,82868.1,81577.7,19187.1,1290.41,1.58182
A5,VEGT,2024,83696.8,0,83696.8,82264,20415.5,1432.82,1.74174
A5,VEGT,2025,84308.9,0,84308.9,82604.9,20386,1704.01,2.06284
A5,VEGT,2026,84861.6,0,84861.6,82932.6,20353.6,1929.04,2.32604
A5,VEGT,2027,85356.2,0,85356.2,83251.6,20325.4,2104.62,2.52802
A5,VEGT,2028,85792.8,0,85792.8,83550.4,20292.9,2242.36,2.68385
A5,VEGT,2029,86172.1,0,86172.1,83828.7,20256,2343.44,2.79552
A5,VEGT,2030,86493.9,0,86493.9,84062.1,20197.4,2431.85,2.89292
A5,VEGT,2031,86757.1,0,86757.1,84268.7,20134.9,2488.43,2.95298
A5,VEGT,2032,86961.4,0,86961.4,84449.4,20069.5,2511.95,2.97451
A5,VEGT,2033,87104.2,0,87104.2,84600.8,20000.5,2503.34,2.95901
A5,VEGT,2034,87184,0,87184,84721.1,19927.8,2462.93,2.9071
A5,VEGT,2035,87198.2,0,87198.2,84796.7,19840.8,2401.52,2.83209
A5,VEGT,2036,87130.6,0,87130.6,84834.9,19747.5,2295.63,2.706
A5,VEGT,2037,86997.5,0,86997.5,84833.4,19650.3,2164.1,2.551
A5,VEGT,2038,86812.4,0,86812.4,84798.2,19548.5,2014.22,2.37531
A5,VEGT,2039,86586,0,86586,84735.2,19442.9,1850.74,2.18414
A5,VEGT,2040,86326.9,0,86326.9,84647.3,19331.8,1679.59,1.98423
A5,VEGT,2041,86042,0,86042,84538.2,19216,1503.77,1.7788
A5,VEGT,2042,85736.9,0,85736.9,84411.2,19095.7,1325.75,1.57059
A5,VEGT,2043,85416.1,0,85416.1,84267.9,18970.7,1148.16,1.36251
A5,VEGT,2044,85083,0,85083,84110.5,18841.2,972.511,1.15623
A5,VEGT,2045,84740.5,0,84740.5,83939.6,18706.7,800.875,0.954109
A5,VEGT,2046,84390.8,0,84390.8,83755,18566.1,635.745,0.759053
A5,VEGT,2047,84035.8,0,84035.8,83557.4,18419.1,478.385,0.572523
A5,VEGT,2048,83676.8,0,83676.8,83347.8,18266.3,329.075,0.394822
A5,VEGT,2049,83315.1,0,83315.1,83125.3,18106.5,189.786,0.228314
A5,VEGT,2050,82951.5,0,82951.5,82890.3,17939.4,61.2549,0.0738988
A5,OTGR,2023,3739.7,384.9,4124.6,4124.6,217.92,6.36646e-12,1.54353e-13
A5,OTGR,2024,3815.6,192.67,4008.27,4008.27,164.532,1.36424e-12,3.40357e-14
A5,OTGR,2025,3816.35,200.483,4016.83,4016.83,163.431,0,0
A5,OTGR,2026,3817.1,210.816,4027.91,4027.91,162.494,-4.54747e-13,-1.12899e-14
A5,OTGR,2027,3817.85,222.57,4040.42,4040.42,161.596,9.09495e-13,2.25099e-14
A5,OTGR,2028,3818.6,235.305,4053.9,4053.9,160.663,-1.81899e-12,-4.48701e-14
A5,OTGR,2029,3819.35,249.579,4068.93,4068.93,159.696,-4.54747e-13,-1.11761e-14
A5,OTGR,2030,3820.1,264.483,4084.58,4084.58,158.56,4.54747e-13,1.11333e-14
A5,OTGR,2031,3820.85,273.587,4094.43,4094.43,157.531,-9.09495e-13,-2.22129e-14
A5,OTGR,2032,3821.6,281.47,4103.07,4103.07,156.485,9.09495e-13,2.21662e-14
A5,OTGR,2033,3822.35,289.921,4112.27,4112.27,155.412,0,0
A5,OTGR,2034,3825.85,296.231,4122.08,4122.08,154.311,9.09495e-13,2.2064e-14
A5,OTGR,2035,3829.36,302.909,4132.27,4132.27,153.1,9.09495e-13,2.20096e-14
A5,OTGR,2036,3832.86,309.25,4142.11,4142.11,151.973,-1.81899e-12,-4.39145e-14
A5,OTGR,2037,3836.38,314.701,4151.08,4151.08,150.823,2.72848e-12,6.57295e-14
A5,OTGR,2038,3839.89,319.476,4159.37,4159.37,149.641,6.36646e-12,1.53063e-13
A5,OTGR,2039,3843.41,323.727,4167.14,4167.14,148.431,-2.72848e-12,-6.54762e-14
A5,OTGR,2040,3846.93,327.577,4174.51,4174.51,147.182,9.09495e-13,2.17869e-14
A5,OTGR,2041,3850.46,331.147,4181.6,4181.6,145.997,1.81899e-12,4.34998e-14
A5,OTGR,2042,3853.98,334.391,4188.37,4188.37,144.784,2.72848e-12,6.51442e-14
A5,OTGR,2043,3857.51,337.344,4194.86,4194.86,143.536,-9.09495e-13,-2.16812e-14
A5,OTGR,2044,3861.05,340.041,4201.09,4201.09,142.256,0,0
A5,OTGR,2045,3864.59,342.375,4206.96,4206.96,140.941,0,0
A5,OTGR,2046,3868.13,344.507,4212.63,4212.63,139.607,0,0
A5,OTGR,2047,3871.67,346.422,4218.09,4218.09,138.229,9.09495e-13,2.15618e-14
A5,OTGR,2048,3875.22,348.137,4223.35,4223.35,136.809,-2.72848e-12,-6.46047e-14
A5,OTGR,2049,3878.77,349.642,4228.41,4228.41,135.338,-9.09495e-13,-2.15091e-14
A5,OTGR,2050,3882.32,350.941,4233.26,4233.26,133.817,1.81899e-12,4.2969e-14
A5,SORG,2023,318,485.8,803.8,803.8,67,-1.13687e-13,-1.41437e-14
A5,SORG,2024,314,865.5,1179.5,1179.5,65,0,0
A5,SORG,2025,314.35,864.814,1179.16,1179.16,64.5573,4.54747e-13,3.85652e-14
A5,SORG,2026,314.624,864.857,1179.48,1179.48,64.1852,-2.27374e-13,-1.92774e-14
A5,SORG,2027,314.821,865.323,1180.14,1180.14,63.8356,1.13687e-12,9.6333e-14
A5,SORG,2028,314.94,866.091,1181.03,1181.03,63.4803,4.54747e-13,3.85043e-14
A5,SORG,2029,314.977,867.304,1182.28,1182.28,63.1198,0,0
A5,SORG,2030,314.931,868.718,1183.65,1183.65,62.7009,-2.27374e-13,-1.92096e-14
A5,SORG,2031,314.795,868.683,1183.48,1183.48,62.3333,0,0
A5,SORG,2032,314.568,868.381,1182.95,1182.95,61.9688,0,0
A5,SORG,2033,314.242,868.281,1182.52,1182.52,61.6048,2.27374e-13,1.92278e-14
A5,SORG,2034,313.812,868.385,1182.2,1182.2,61.241,-4.54747e-13,-3.84663e-14
A5,SORG,2035,313.271,868.637,1181.91,1181.91,60.8462,0,0
A5,SORG,2036,312.633,869.092,1181.73,1181.73,60.4833,-4.54747e-13,-3.84816e-14
A5,SORG,2037,311.996,869.522,1181.52,1181.52,60.1099,2.27374e-13,1.92442e-14
A5,SORG,2038,311.36,869.96,1181.32,1181.32,59.7222,1.13687e-12,9.62372e-14
A5,SORG,2039,310.725,870.424,1181.15,1181.15,59.3223,4.54747e-13,3.85004e-14
A5,SORG,2040,310.092,870.931,1181.02,1181.02,58.906,2.27374e-13,1.92523e-14
A5,SORG,2041,309.46,871.51,1180.97,1180.97,58.5131,4.54747e-13,3.85063e-14
A5,SORG,2042,308.83,872.123,1180.95,1180.95,58.1077,4.54747e-13,3.85068e-14
A5,SORG,2043,308.2,872.767,1180.97,1180.97,57.6873,2.27374e-13,1.92532e-14
A5,SORG,2044,307.572,873.44,1181.01,1181.01,57.2527,0,0
A5,SORG,2045,306.945,874.106,1181.05,1181.05,56.8025,2.27374e-13,1.92518e-14
A5,SORG,2046,306.32,874.799,1181.12,1181.12,56.3433,-4.54747e-13,-3.85014e-14
A5,SORG,2047,305.696,875.507,1181.2,1181.2,55.8647,4.54747e-13,3.84987e-14
A5,SORG,2048,305.073,876.226,1181.3,1181.3,55.3678,-1.13687e-12,-9.62388e-14
A5,SORG,2049,304.451,876.949,1181.4,1181.4,54.849,-4.54747e-13,-3.84923e-14
A5,SORG,2050,303.83,877.669,1181.5,1181.5,54.3081,-4.54747e-13,-3.8489e-14
A5,BARL,2023,200,1589.8,1789.8,1640,90.2,149.8,9.13415
A5,BARL,2024,200,1424,1624,1624,89.32,0,0
A5,BARL,2025,200.234,1417.42,1617.66,1617.66,88.6781,6.82121e-13,4.21672e-14
A5,BARL,2026,200.421,1411.33,1611.75,1611.75,88.1364,-4.54747e-13,-2.82145e-14
A5,BARL,2027,200.558,1405.53,1606.09,1606.09,87.6163,2.27374e-13,1.4157e-14
A5,BARL,2028,200.645,1399.93,1600.57,1600.57,87.0783,0,0
A5,BARL,2029,200.681,1394.66,1595.34,1595.34,86.5227,-4.54747e-13,-2.85048e-14
A5,BARL,2030,200.663,1389.39,1590.05,1590.05,85.8757,0,0
A5,BARL,2031,200.589,1383.31,1583.9,1583.9,85.2961,0,0
A5,BARL,2032,200.456,1377.15,1577.6,1577.6,84.7081,0,0
A5,BARL,2033,200.26,1371.17,1571.43,1571.43,84.1068,4.54747e-13,2.89384e-14
A5,BARL,2034,200.055,1365.35,1565.41,1565.41,83.4909,9.09495e-13,5.80996e-14
A5,BARL,2035,199.779,1359.64,1559.41,1559.41,82.8169,0,0
A5,BARL,2036,199.441,1354.89,1554.33,1554.33,82.1961,0,0
A5,BARL,2037,199.103,1350.82,1549.92,1549.92,81.5626,2.27374e-13,1.467e-14
A5,BARL,2038,198.766,1347.36,1546.12,1546.12,80.9113,4.54747e-13,2.94121e-14
A5,BARL,2039,198.43,1344.44,1542.87,1542.87,80.245,2.27374e-13,1.47371e-14
A5,BARL,2040,198.094,1342,1540.09,1540.09,79.5582,-4.54747e-13,-2.95273e-14
A5,BARL,2041,197.759,1340.03,1537.79,1537.79,78.9114,4.54747e-13,2.95715e-14
A5,BARL,2042,197.424,1338.44,1535.86,1535.86,78.2493,0,0
A5,BARL,2043,197.09,1337.16,1534.25,1534.25,77.5686,0,0
A5,BARL,2044,196.756,1336.16,1532.91,1532.91,76.8705,4.54747e-13,2.96656e-14
A5,BARL,2045,196.423,1335.37,1531.79,1531.79,76.1532,2.27374e-13,1.48436e-14
A5,BARL,2046,196.091,1334.79,1530.88,1530.88,75.4275,0,0
A5,BARL,2047,195.759,1334.36,1530.12,1530.12,74.6776,0,0
A5,BARL,2048,195.428,1334.06,1529.49,1529.49,73.905,-6.82121e-13,-4.45981e-14
A5,BARL,2049,195.097,1333.85,1528.95,1528.95,73.1054,-2.27374e-13,-1.48712e-14
A5,BARL,2050,194.767,1333.71,1528.48,1528.48,72.2781,-6.82121e-13,-4.46274e-14
A5,PIGM,2023,5794,152.32,5946.32,5946.32,4546.55,9.09495e-13,1.52951e-14
A5,PIGM,2024,5706,104.23,5810.23,5810.23,4444.17,0,0
A5,PIGM,2025,5731.07,128.254,5859.33,5859.33,4481.78,-2.72848e-12,-4.65665e-14
A5,PIGM,2026,5701.77,203.151,5904.92,5904.92,4518.79,1.81899e-12,3.08046e-14
A5,PIGM,2027,5675.42,270.508,5945.93,5945.93,4557.76,9.09495e-13,1.52961e-14
A5,PIGM,2028,5651.73,333.792,5985.52,5985.52,4595.3,9.09495e-13,1.51949e-14
A5,PIGM,2029,5630.44,393.681,6024.12,6024.12,4631.73,-9.09495e-13,-1.50976e-14
A5,PIGM,2030,5611.32,445.792,6057.11,6057.11,4662.71,-1.81899e-12,-3.00306e-14
A5,PIGM,2031,5601.57,488.159,6089.73,6089.73,4692.94,-1.81899e-12,-2.98698e-14
A5,PIGM,2032,5586.72,535.572,6122.29,6122.29,4723.4,0,0
A5,PIGM,2033,5573.62,580.161,6153.78,6153.78,4752.74,-1.81899e-12,-2.95589e-14
A5,PIGM,2034,5562.14,621.935,6184.07,6184.07,4780.85,1.81899e-12,2.94141e-14
A5,PIGM,2035,5552.18,658.406,6210.59,6210.59,4805.18,-9.09495e-13,-1.46443e-14
A5,PIGM,2036,5543.15,699.065,6242.21,6242.21,4828.26,1.81899e-12,2.91401e-14
A5,PIGM,2037,5535.76,737.356,6273.12,6273.12,4850.69,9.09495e-13,1.44983e-14
A5,PIGM,2038,5529.69,772.305,6301.99,6301.99,4871.19,-1.00044e-11,-1.5875e-13
A5,PIGM,2039,5524.66,804.279,6328.94,6328.94,4889.87,1.81899e-12,2.87408e-14
A5,PIGM,2040,5520.47,833.068,6353.53,6353.53,4906.33,9.09495e-13,1.43148e-14
A5,PIGM,2041,5516.94,859.665,6376.61,6376.61,4921.41,0,0
A5,PIGM,2042,5513.95,884.455,6398.4,6398.4,4935.36,-6.36646e-12,-9.95008e-14
A5,PIGM,2043,5511.38,906.484,6417.86,6417.86,4947.15,-9.09495e-13,-1.41713e-14
A5,PIGM,2044,5509.14,925.866,6435.01,6435.01,4956.8,9.09495e-13,1.41335e-14
A5,PIGM,2045,5507.18,942.482,6449.66,6449.66,4964.13,9.09495e-13,1.41014e-14
A5,PIGM,2046,5505.43,956.251,6461.68,6461.68,4969.04,0,0
A5,PIGM,2047,5503.85,967.131,6470.99,6470.99,4971.43,9.09495e-13,1.4055e-14
A5,PIGM,2048,5502.41,974.978,6477.39,6477.39,4971.14,0,0
A5,PIGM,2049,5501.08,979.442,6480.52,6480.52,4967.81,9.09495e-13,1.40343e-14
A5,PIGM,2050,5499.83,980.441,6480.27,6480.27,4961.33,9.09495e-13,1.40348e-14
A5,CATM,2023,753,273.73,1026.73,1026.73,925.67,0,0
A5,CATM,2024,779,287.41,1066.41,1066.41,954.39,0,0
A5,CATM,2025,747.119,327.324,1074.44,1074.44,967.007,0,0
A5,CATM,2026,752.254,334.279,1086.53,1086.53,978.358,0,0
A5,CATM,2027,757.094,342.297,1099.39,1099.39,990.521,0,0
A5,CATM,2028,761.998,349.986,1111.98,1111.98,1002.41,-4.54747e-13,-4.08951e-14
A5,CATM,2029,770.967,354.084,1125.05,1125.05,1014.19,4.54747e-13,4.04202e-14
A5,CATM,2030,780.079,356.925,1137,1137,1024.83,-2.27374e-13,-1.99976e-14
A5,CATM,2031,789.342,358.792,1148.13,1148.13,1034.63,-2.27374e-13,-1.98038e-14
A5,CATM,2032,798.761,361.042,1159.8,1159.8,1044.94,0,0
A5,CATM,2033,808.344,363.111,1171.46,1171.46,1055.22,6.82121e-13,5.82285e-14
A5,CATM,2034,818.099,364.989,1183.09,1183.09,1065.45,2.27374e-13,1.92186e-14
A5,CATM,2035,828.035,366.142,1194.18,1194.18,1075.11,4.54747e-13,3.80804e-14
A5,CATM,2036,837.401,366.671,1204.07,1204.07,1083.65,0,0
A5,CATM,2037,846.873,367.067,1213.94,1213.94,1092.16,4.54747e-13,3.74605e-14
A5,CATM,2038,856.451,366.772,1223.22,1223.22,1100.07,6.82121e-13,5.57642e-14
A5,CATM,2039,866.137,365.804,1231.94,1231.94,1107.39,0,0
A5,CATM,2040,875.932,364.062,1239.99,1239.99,1114.03,-1.13687e-12,-9.16834e-14
A5,CATM,2041,885.837,361.208,1247.05,1247.05,1119.66,4.54747e-13,3.6466e-14
A5,CATM,2042,895.854,358.043,1253.9,1253.9,1125.07,0,0
A5,CATM,2043,905.984,354.107,1260.09,1260.09,1129.81,2.27374e-13,1.80442e-14
A5,CATM,2044,916.228,349.401,1265.63,1265.63,1133.88,-2.27374e-13,-1.79653e-14
A5,CATM,2045,926.587,343.88,1270.47,1270.47,1137.22,6.82121e-13,5.36906e-14
A5,CATM,2046,937.063,337.378,1274.44,1274.44,1139.69,2.27374e-13,1.78411e-14
A5,CATM,2047,947.656,330.067,1277.72,1277.72,1141.45,-9.09495e-13,-7.11809e-14
A5,CATM,2048,958.369,321.844,1280.21,1280.21,1142.4,4.54747e-13,3.55212e-14
A5,CATM,2049,969.203,312.622,1281.82,1281.82,1142.45,2.27374e-13,1.77383e-14
A5,CATM,2050,980.159,302.377,1282.54,1282.54,1141.59,2.27374e-13,1.77285e-14
A5,SHGM,2023,531,43.24,574.24,574.24,501.279,0,0
A5,SHGM,2024,518,36.53,554.53,554.53,495.466,0,0
A5,SHGM,2025,520.85,40.4402,561.291,561.291,501.901,2.27374e-13,4.05091e-14
A5,SHGM,2026,523.723,43.9007,567.624,567.624,507.907,-1.13687e-13,-2.00286e-14
A5,SHGM,2027,526.619,47.7746,574.393,574.393,514.346,-4.54747e-13,-7.917e-14
A5,SHGM,2028,529.538,51.53,581.068,581.068,520.689,-1.13687e-13,-1.95651e-14
A5,SHGM,2029,532.248,55.4512,587.699,587.699,527.01,-6.82121e-13,-1.16066e-13
A5,SHGM,2030,534.766,58.9869,593.753,593.753,532.777,-1.13687e-13,-1.91472e-14
A5,SHGM,2031,537.111,62.3773,599.488,599.488,538.245,-1.13687e-13,-1.8964e-14
A5,SHGM,2032,539.298,66.185,605.483,605.483,543.99,0,0
A5,SHGM,2033,541.342,70.1151,611.457,611.457,549.731,-1.13687e-13,-1.85928e-14
A5,SHGM,2034,543.257,74.154,617.411,617.411,555.467,2.27374e-13,3.68269e-14
A5,SHGM,2035,545.057,78.0105,623.068,623.068,560.919,2.27374e-13,3.64926e-14
A5,SHGM,2036,547.063,81.23,628.293,628.293,565.915,2.27374e-13,3.61891e-14
A5,SHGM,2037,548.95,84.5701,633.52,633.52,570.927,-3.41061e-13,-5.38358e-14
A5,SHGM,2038,550.731,87.7423,638.473,638.473,575.677,-2.27374e-13,-3.56121e-14
A5,SHGM,2039,552.416,90.7467,643.162,643.162,580.174,3.41061e-13,5.30287e-14
A5,SHGM,2040,554.271,93.295,647.566,647.566,584.366,5.68434e-13,8.77801e-14
A5,SHGM,2041,556.023,95.4862,651.509,651.509,588.11,-1.13687e-13,-1.74498e-14
A5,SHGM,2042,557.682,97.6821,655.365,655.365,591.776,1.13687e-13,1.73471e-14
A5,SHGM,2043,559.258,99.6409,658.899,658.899,595.13,0,0
A5,SHGM,2044,560.757,101.356,662.113,662.113,598.173,-3.41061e-13,-5.15109e-14
A5,SHGM,2045,561.536,103.373,664.909,664.909,600.881,2.27374e-13,3.41962e-14
A5,SHGM,2046,562.316,104.97,667.286,667.286,603.169,0,0
A5,SHGM,2047,563.097,106.228,669.325,669.325,605.118,4.54747e-13,6.79412e-14
A5,SHGM,2048,563.879,107.093,670.971,670.971,606.676,3.41061e-13,5.08309e-14
A5,SHGM,2049,564.662,107.517,672.179,672.179,607.794,-1.13687e-13,-1.69132e-14
A5,SHGM,2050,565.446,107.486,672.932,672.932,608.458,0,0
A5,CHKM,2023,2609.25,74.7687,2684.02,2684.02,2423.09,9.09495e-13,3.38856e-14
A5,CHKM,2024,2637.39,20.6355,2658.03,2658.03,2394.29,-9.09495e-13,-3.42169e-14
A5,CHKM,2025,2727.89,0,2727.89,2697.14,2424.35,30.7546,1.14027
A5,CHKM,2026,2733.34,0,2733.34,2726.12,2452.78,7.21934,0.264822
A5,CHKM,2027,2741.5,15.889,2757.39,2757.39,2483.24,-1.56706e-09,-5.68314e-11
A5,CHKM,2028,2749.8,38.5845,2788.38,2788.38,2513.4,-1.81899e-12,-6.52346e-14
A5,CHKM,2029,2758.25,61.1786,2819.42,2819.42,2543.6,2.72848e-12,9.67745e-14
A5,CHKM,2030,2766.85,81.134,2847.99,2847.99,2571.3,2.72848e-12,9.58039e-14
A5,CHKM,2031,2775.64,99.8138,2875.45,2875.45,2597.89,0,0
A5,CHKM,2032,2784.61,119.622,2904.23,2904.23,2625.77,4.54747e-13,1.56581e-14
A5,CHKM,2033,2793.79,139.379,2933.17,2933.17,2653.79,0,0
A5,CHKM,2034,2803.2,159.077,2962.27,2962.27,2681.95,-1.36424e-12,-4.60539e-14
A5,CHKM,2035,2812.85,177.356,2990.2,2990.2,2708.92,1.36424e-12,4.56237e-14
A5,CHKM,2036,2831.01,185.032,3016.04,3016.04,2732.94,-4.54747e-13,-1.50776e-14
A5,CHKM,2037,2847.25,194.481,3041.73,3041.73,2757.01,-9.09495e-13,-2.99006e-14
A5,CHKM,2038,2862.56,203.652,3066.22,3066.22,2779.96,1.81899e-12,5.93236e-14
A5,CHKM,2039,2877.44,212.146,3089.59,3089.59,2801.84,0,0
A5,CHKM,2040,2892.14,219.493,3111.63,3111.63,2822.42,1.36424e-12,4.38433e-14
A5,CHKM,2041,2906.78,224.918,3131.69,3131.69,2841.02,-9.09495e-13,-2.90416e-14
A5,CHKM,2042,2921.42,229.962,3151.38,3151.38,2859.24,3.18323e-12,1.01011e-13
A5,CHKM,2043,2936.1,233.622,3169.73,3169.73,2876.12,1.36424e-12,4.30397e-14
A5,CHKM,2044,2950.84,235.886,3186.73,3186.73,2891.65,9.09495e-13,2.85401e-14
A5,CHKM,2045,2965.65,236.63,3202.27,3202.27,2905.71,-1.81899e-12,-5.6803e-14
A5,CHKM,2046,2980.51,235.441,3215.96,3215.96,2917.9,9.09495e-13,2.82807e-14
A5,CHKM,2047,2995.45,232.671,3228.12,3228.12,2928.58,9.09495e-13,2.81741e-14
A5,CHKM,2048,3010.46,228.098,3238.56,3238.56,2937.52,1.81899e-12,5.61666e-14
A5,CHKM,2049,3025.55,221.492,3247.04,3247.04,2944.48,-9.09495e-13,-2.801e-14
A5,CHKM,2050,3040.7,212.775,3253.48,3253.48,2949.41,3.18323e-12,9.78408e-14
A5,EGGS,2023,3028.55,0,3028.55,3011.87,2383.06,16.68,0.553809
A5,EGGS,2024,3049.8,0,3049.8,3031.91,2386.64,17.8911,0.590095
A5,EGGS,2025,3064.17,0,3064.17,3047.63,2393.36,16.5362,0.542593
A5,EGGS,2026,3076.52,0,3076.52,3062.43,2399.26,14.0888,0.460052
A5,EGGS,2027,3087.18,0,3087.18,3077.68,2405.63,9.49647,0.308559
A5,EGGS,2028,3096.41,0,3096.41,3092.29,2411.37,4.11739,0.13315
A5,EGGS,2029,3104.45,1.89209,3106.35,3106.35,2416.49,-6.36646e-12,-2.0495e-13
A5,EGGS,2030,3111.51,6.12852,3117.64,3117.64,2418.9,2.27374e-12,7.29313e-14
A5,EGGS,2031,3117.77,10.342,3128.11,3128.11,2420.46,9.09495e-13,2.90749e-14
A5,EGGS,2032,3123.39,14.8968,3138.28,3138.28,2421.62,0,0
A5,EGGS,2033,3128.5,19.4921,3147.99,3147.99,2422.24,1.36424e-12,4.3337e-14
A5,EGGS,2034,3133.22,23.9715,3157.2,3157.2,2422.27,9.09495e-13,2.8807e-14
A5,EGGS,2035,3137.68,26.9283,3164.61,3164.61,2420.43,-1.81899e-12,-5.74791e-14
A5,EGGS,2036,3122.82,52.3416,3175.17,3175.17,2422.49,-1.81899e-12,-5.7288e-14
A5,EGGS,2037,3107.57,77.1922,3184.76,3184.76,2424,0,0
A5,EGGS,2038,3092.02,101.247,3193.27,3193.27,2424.8,-6.36646e-12,-1.99371e-13
A5,EGGS,2039,3076.25,124.523,3200.78,3200.78,2424.96,-1.36424e-12,-4.26222e-14
A5,EGGS,2040,3060.33,146.787,3207.12,3207.12,2424.29,0,0
A5,EGGS,2041,3044.31,167.935,3212.24,3212.24,2422.73,4.54747e-13,1.41567e-14
A5,EGGS,2042,3028.21,188.182,3216.39,3216.39,2420.5,-1.36424e-12,-4.24153e-14
A5,EGGS,2043,3012.09,207.398,3219.48,3219.48,2417.49,1.36424e-12,4.23745e-14
A5,EGGS,2044,2995.95,225.602,3221.55,3221.55,2413.74,4.54747e-13,1.41158e-14
A5,EGGS,2045,2979.83,242.71,3222.54,3222.54,2409.16,2.27374e-12,7.05573e-14
A5,EGGS,2046,2963.73,258.526,3222.26,3222.26,2403.58,-4.54747e-13,-1.41127e-14
A5,EGGS,2047,2947.67,273.055,3220.73,3220.73,2396.99,9.09495e-13,2.82388e-14
A5,EGGS,2048,2931.66,286.326,3217.99,3217.99,2389.43,-9.09495e-13,-2.82628e-14
A5,EGGS,2049,2915.71,298.173,3213.89,3213.89,2380.73,0,0
A5,EGGS,2050,2899.82,308.56,3208.38,3208.38,2370.85,-2.27374e-12,-7.08686e-14
A5,MILK,2023,4197,1694.13,5891.13,5891.13,5223.43,-9.09495e-13,-1.54384e-14
A5,MILK,2024,4079,1555.36,5634.36,5634.36,4998.61,0,0
A5,MILK,2025,3962.98,1732.6,5695.58,5695.58,5077.92,-4.54747e-12,-7.98422e-14
A5,MILK,2026,4076.9,1714.94,5791.84,5791.84,5156.42,0,0
A5,MILK,2027,4194.25,1698.62,5892.87,5892.87,5239.17,1.81899e-12,3.08676e-14
A5,MILK,2028,4315.16,1678.49,5993.65,5993.65,5321.1,-9.09495e-13,-1.51743e-14
A5,MILK,2029,4439.77,1655.12,6094.88,6094.88,5402.91,9.09495e-13,1.49223e-14
A5,MILK,2030,4568.19,1623.15,6191.34,6191.34,5479.35,-2.72848e-12,-4.40694e-14
A5,MILK,2031,4613.62,1661.21,6274.83,6274.83,5555.76,0,0
A5,MILK,2032,4659.77,1701.33,6361.1,6361.1,5634.84,1.81899e-12,2.85955e-14
A5,MILK,2033,4706.69,1741.06,6447.75,6447.75,5714.17,0,0
A5,MILK,2034,4754.41,1780.33,6534.73,6534.73,5793.72,9.09495e-13,1.39179e-14
A5,MILK,2035,4802.98,1816.15,6619.13,6619.13,5870.55,-1.81899e-12,-2.74808e-14
A5,MILK,2036,4843.47,1855.08,6698.55,6698.55,5943.66,0,0
A5,MILK,2037,4876.93,1900.03,6776.95,6776.95,6016.85,-9.09495e-13,-1.34204e-14
A5,MILK,2038,4904.66,1947.3,6851.96,6851.96,6087.53,-9.09495e-13,-1.32735e-14
A5,MILK,2039,4927.77,1996.03,6923.8,6923.8,6155.77,-1.81899e-12,-2.62716e-14
A5,MILK,2040,4947.13,2044.91,6992.04,6992.04,6220.99,-9.09495e-13,-1.30076e-14
A5,MILK,2041,4963.49,2094.48,7057.96,7057.96,6284.37,-1.81899e-12,-2.57722e-14
A5,MILK,2042,4977.41,2145.23,7122.64,7122.64,6346.87,-8.18545e-12,-1.14922e-13
A5,MILK,2043,4989.39,2194.54,7183.92,7183.92,6406.29,-1.81899e-12,-2.53203e-14
A5,MILK,2044,4999.79,2242.05,7241.84,7241.84,6462.59,-9.09495e-13,-1.25589e-14
A5,MILK,2045,5008.94,2287.21,7296.15,7296.15,6515.46,9.09495e-13,1.24654e-14
A5,MILK,2046,5017.08,2329.64,7346.72,7346.72,6564.77,-1.81899e-12,-2.47592e-14
A5,MILK,2047,5024.41,2369.17,7393.58,7393.58,6610.49,-4.54747e-12,-6.15057e-14
A5,MILK,2048,5031.09,2405.11,7436.21,7436.21,6652.07,-9.09495e-13,-1.22306e-14
A5,MILK,2049,5037.26,2436.79,7474.05,7474.05,6688.95,0,0
A5,MILK,2050,5043,2463.9,7506.9,7506.9,6720.91,-1.81899e-12,-2.42309e-14
A5,FISH,2023,7116.2,296,7412.2,7412.2,3132.04,0,0
A5,FISH,2024,7366,269,7635,7635,3204.13,0,0
A5,FISH,2025,7453.32,276.049,7729.37,7729.37,3234.01,3.63798e-12,4.7067e-14
A5,FISH,2026,7540.81,279.935,7820.75,7820.75,3260.6,-9.09495e-13,-1.16293e-14
A5,FISH,2027,7628.49,285.639,7914.13,7914.13,3288.63,9.09495e-13,1.1492e-14
A5,FISH,2028,7716.36,291.732,8008.09,8008.09,3316.63,-1.81899e-12,-2.27144e-14
A5,FISH,2029,7804.43,298.68,8103.11,8103.11,3344.67,2.72848e-12,3.36721e-14
A5,FISH,2030,7892.71,302.837,8195.54,8195.54,3369.91,1.81899e-12,2.21949e-14
A5,FISH,2031,7981.22,305.152,8286.37,8286.37,3392.85,-3.63798e-12,-4.39032e-14
A5,FISH,2032,8069.98,308.812,8378.79,8378.79,3416.37,1.81899e-12,2.17095e-14
A5,FISH,2033,8159,313.609,8472.61,8472.61,3440.38,0,0
A5,FISH,2034,8248.33,319.605,8567.94,8567.94,3464.9,1.81899e-12,2.12302e-14
A5,FISH,2035,8333.86,328.417,8662.28,8662.28,3488.22,-7.27596e-12,-8.39959e-14
A5,FISH,2036,8405.51,357.634,8763.14,8763.14,3506.98,0,0
A5,FISH,2037,8461.78,399.659,8861.44,8861.44,3525,3.63798e-12,4.10541e-14
A5,FISH,2038,8505.54,451.774,8957.31,8957.31,3542.03,-3.63798e-11,-4.06146e-13
A5,FISH,2039,8539.17,512.047,9051.21,9051.21,3558.14,1.81899e-12,2.00966e-14
A5,FISH,2040,8564.61,578.492,9143.1,9143.1,3573.05,-5.45697e-12,-5.9684e-14
A5,FISH,2041,8583.44,648.014,9231.46,9231.46,3585.03,-1.81899e-12,-1.97043e-14
A5,FISH,2042,8596.97,721.452,9318.42,9318.42,3596.04,-7.27596e-12,-7.80815e-14
A5,FISH,2043,8606.22,797.703,9403.92,9403.92,3605.88,1.81899e-12,1.93429e-14
A5,FISH,2044,8612.05,876.06,9488.11,9488.11,3614.59,7.27596e-12,7.6685e-14
A5,FISH,2045,8615.13,955.782,9570.91,9570.91,3622.03,1.81899e-12,1.90054e-14
A5,FISH,2046,8616.01,1035.62,9651.63,9651.63,3627.47,0,0
A5,FISH,2047,8615.13,1115.59,9730.72,9730.72,3631.36,0,0
A5,FISH,2048,8612.83,1195.4,9808.23,9808.23,3633.71,-3.63798e-12,-3.70911e-14
A5,FISH,2049,8609.42,1274.47,9883.89,9883.89,3634.26,0,0
A5,FISH,2050,8605.1,1352.51,9957.6,9957.6,3632.93,3.63798e-12,3.65347e-14
A6,RICE,2023,20660.3,100.6,20760.9,20760.9,15799.6,3.63798e-12,1.75232e-14
A6,RICE,2024,20753.5,78.57,20832.1,20832.1,15650,0,0
A6,RICE,2025,20794.1,129.623,20923.8,20923.8,15439.7,0,0
A6,RICE,2026,20834.1,182.966,21017,21017,15246.1,3.63798e-12,1.73097e-14
A6,RICE,2027,20873.2,217.12,21090.3,21090.3,15066.7,1.09139e-11,5.17485e-14
A6,RICE,2028,20911.5,248.67,21160.2,21160.2,14901.2,-7.27596e-12,-3.43851e-14
A6,RICE,2029,20948.9,278.804,21227.7,21227.7,14730.2,-3.63798e-12,-1.71379e-14
A6,RICE,2030,20985.2,309.303,21294.5,21294.5,14554.3,-1.09139e-11,-5.12523e-14
A6,RICE,2031,21004.7,323.601,21328.3,21328.3,14394.8,0,0
A6,RICE,2032,21022.9,275.345,21298.2,21298.2,14206.4,1.81899e-11,8.54057e-14
A6,RICE,2033,21039.7,226.218,21265.9,21265.9,14012.9,-3.63798e-12,-1.71071e-14
A6,RICE,2034,21054.9,181.558,21236.5,21236.5,13819.4,3.63798e-12,1.71308e-14
A6,RICE,2035,21068.5,139.761,21208.2,21208.2,13624.2,-3.63798e-12,-1.71536e-14
A6,RICE,2036,21079.7,99.1869,21178.9,21178.9,13435.8,7.27596e-12,3.43547e-14
A6,RICE,2037,21089,61.1932,21150.2,21150.2,13247.3,0,0
A6,RICE,2038,21096.5,15.3861,21111.8,21111.8,13048.7,-7.27596e-12,-3.44639e-14
A6,RICE,2039,21102.4,0,21102.4,21075.7,12851.4,26.6631,0.126511
A6,RICE,2040,21107,0,21107,21034.7,12648.6,72.2354,0.34341
A6,RICE,2041,21110.3,0,21110.3,21006.4,12457.5,103.85,0.494372
A6,RICE,2042,21112.5,0,21112.5,20976.5,12263.9,136.023,0.648456
A6,RICE,2043,21113.7,0,21113.7,20949.1,12071.9,164.62,0.785808
A6,RICE,2044,21114.1,0,21114.1,20924.9,11882,189.137,0.903885
A6,RICE,2045,21113.5,0,21113.5,20899.2,11689.7,214.335,1.02556
A6,RICE,2046,21112.2,0,21112.2,20878,11500.9,234.258,1.12204
A6,RICE,2047,21110.2,0,21110.2,20863.4,11317.6,246.831,1.18308
A6,RICE,2048,21107.6,0,21107.6,20840.8,11125.4,266.788,1.28012
A6,RICE,2049,21104.3,0,21104.3,20814.6,10928.8,289.681,1.39172
A6,RICE,2050,21100.5,0,21100.5,20789.8,10732.4,310.68,1.49439
A6,WHEA,2023,13659,1189.4,14848.4,14848.4,9162.85,-1.81899e-12,-1.22504e-14
A6,WHEA,2024,14009.9,1106.26,15116.2,15116.2,9100,3.63798e-12,2.40668e-14
A6,WHEA,2025,14115.7,1002.24,15117.9,15117.9,8982.11,1.09139e-11,7.2192e-14
A6,WHEA,2026,14217.3,914.513,15131.8,15131.8,8873.61,0,0
A6,WHEA,2027,14314.7,839.808,15154.5,15154.5,8773.05,-2.72848e-11,-1.80044e-13
A6,WHEA,2028,14407.9,778.29,15186.2,15186.2,8680.25,0,0
A6,WHEA,2029,14496.8,719.44,15216.3,15216.3,8583.93,-3.63798e-12,-2.39085e-14
A6,WHEA,2030,14581.4,662.987,15244.3,15244.3,8484.43,3.63798e-12,2.38644e-14
A6,WHEA,2031,14595.7,612.088,15207.8,15207.8,8394.14,5.45697e-12,3.58826e-14
A6,WHEA,2032,14605,546.517,15151.5,15151.5,8286.65,1.81899e-12,1.20053e-14
A6,WHEA,2033,14608.9,481.986,15090.9,15090.9,8175.75,-5.45697e-12,-3.61606e-14
A6,WHEA,2034,14607.3,421.693,15029,15029,8064.42,3.63798e-12,2.42064e-14
A6,WHEA,2035,14599.8,364.868,14964.7,14964.7,7951.72,-5.45697e-12,-3.64657e-14
A6,WHEA,2036,14588.4,301.463,14889.9,14889.9,7842.93,5.45697e-12,3.66489e-14
A6,WHEA,2037,14573.5,240.213,14813.7,14813.7,7734.04,-7.27596e-12,-4.91164e-14
A6,WHEA,2038,14555.4,174.882,14730.3,14730.3,7619.22,1.81899e-12,1.23486e-14
A6,WHEA,2039,14534.5,112.027,14646.5,14646.5,7505.16,1.81899e-12,1.24193e-14
A6,WHEA,2040,14511,47.2711,14558.3,14558.3,7387.8,5.45697e-12,3.74836e-14
A6,WHEA,2041,14485.3,0,14485.3,14475.9,7277.28,9.39081,0.064872
A6,WHEA,2042,14457.6,0,14457.6,14391,7165.25,66.5782,0.462639
A6,WHEA,2043,14428,0,14428,14306,7054.13,122.026,0.852973
A6,WHEA,2044,14396.8,0,14396.8,14221.3,6944.22,175.577,1.23461
A6,WHEA,2045,14364.2,0,14364.2,14134,6832.86,230.208,1.62875
A6,WHEA,2046,14330.4,0,14330.4,14047.9,6723.5,282.477,2.01081
A6,WHEA,2047,14295.4,0,14295.4,13964.1,6617.3,331.291,2.37245
A6,WHEA,2048,14259.4,0,14259.4,13874,6505.91,385.33,2.77734
A6,WHEA,2049,14222.5,0,14222.5,13780.4,6391.89,442.101,3.20819
A6,WHEA,2050,14184.8,0,14184.8,13685.9,6277.99,498.886,3.64524
A6,MAIZ,2023,28884,2712.1,31596.1,31596.1,1890,0,0
A6,MAIZ,2024,29492,1363,30855,30855,1890,0,0
A6,MAIZ,2025,29896.1,1137.78,31033.9,31033.9,1876.9,3.63798e-12,1.17226e-14
A6,MAIZ,2026,30301.1,916.764,31217.9,31217.9,1865.25,3.63798e-12,1.16535e-14
A6,MAIZ,2027,30706.7,1371.97,32078.7,32078.7,1855.17,-5.09317e-11,-1.58771e-13
A6,MAIZ,2028,31112.1,1279.62,32391.7,32391.7,1846.41,3.63798e-12,1.12312e-14
A6,MAIZ,2029,31516.8,1095.47,32612.2,32612.2,1836.67,-7.27596e-12,-2.23105e-14
A6,MAIZ,2030,31920.1,882.916,32803.1,32803.1,1825.99,-7.27596e-12,-2.21807e-14
A6,MAIZ,2031,31929.1,850.146,32779.2,32779.2,1817.04,1.45519e-11,4.43937e-14
A6,MAIZ,2032,31930.2,828.058,32758.3,32758.3,1804.36,2.91038e-11,8.88441e-14
A6,MAIZ,2033,31922.7,805.85,32728.6,32728.6,1790.77,3.63798e-12,1.11156e-14
A6,MAIZ,2034,31915,777.723,32692.7,32692.7,1776.89,7.27596e-12,2.22556e-14
A6,MAIZ,2035,31897,751.534,32648.5,32648.5,1762.55,-7.27596e-12,-2.22857e-14
A6,MAIZ,2036,31872,919.166,32791.2,32791.2,1748.71,-7.27596e-12,-2.21888e-14
A6,MAIZ,2037,31840.8,1085.3,32926.1,32926.1,1734.6,-1.45519e-11,-4.41957e-14
A6,MAIZ,2038,31804.1,1248.65,33052.7,33052.7,1718.78,7.27596e-12,2.20132e-14
A6,MAIZ,2039,31762.5,1411.64,33174.1,33174.1,1702.73,7.27596e-12,2.19327e-14
A6,MAIZ,2040,31716.5,1573.29,33289.7,33289.7,1685.54,0,0
A6,MAIZ,2041,31666.6,1736.11,33402.7,33402.7,1669.59,1.45519e-11,4.35651e-14
A6,MAIZ,2042,31613.3,1897.78,33511.1,33511.1,1653.03,0,0
A6,MAIZ,2043,31556.9,2058.75,33615.7,33615.7,1636.31,-7.27596e-12,-2.16445e-14
A6,MAIZ,2044,31497.8,2218.92,33716.7,33716.7,1619.5,2.18279e-11,6.4739e-14
A6,MAIZ,2045,31436.3,2376.31,33812.7,33812.7,1601.99,3.34694e-10,9.89848e-13
A6,MAIZ,2046,31372.7,2532.6,33905.3,33905.3,1584.61,1.45519e-11,4.29193e-14
A6,MAIZ,2047,31307.2,2688.07,33995.3,33995.3,1567.65,-7.27596e-12,-2.14029e-14
A6,MAIZ,2048,31240,2839.44,34079.5,34079.5,1549.12,7.27596e-12,2.135e-14
A6,MAIZ,2049,31171.4,2987.26,34158.6,34158.6,1529.62,1.45519e-11,4.2601e-14
A6,MAIZ,2050,31101.4,3132.25,34233.7,34233.7,1509.79,0,0
A6,POTA,2023,9150,0,9150,9125,5872,25,0.273973
A6,POTA,2024,9500,0,9500,9445,6081.92,55,0.582319
A6,POTA,2025,9564.68,0,9564.68,9439.81,6043.32,124.874,1.32284
A6,POTA,2026,9625.18,0,9625.18,9448.67,6009.4,176.511,1.8681
A6,POTA,2027,9681.49,0,9681.49,9488.22,5980.58,193.275,2.037
A6,POTA,2028,9733.56,0,9733.56,9527.87,5955.45,205.683,2.15875
A6,POTA,2029,9781.37,0,9781.37,9575.98,5927.23,205.389,2.14484
A6,POTA,2030,9824.87,0,9824.87,9618.7,5895.99,206.167,2.1434
A6,POTA,2031,9863.92,0,9863.92,9662.34,5870.28,201.574,2.08618
A6,POTA,2032,9898.47,0,9898.47,9692.99,5833.69,205.486,2.11995
A6,POTA,2033,9928.33,0,9928.33,9720.13,5794.25,208.2,2.14194
A6,POTA,2034,9953.35,0,9953.35,9744.93,5753.91,208.421,2.13876
A6,POTA,2035,9973.36,0,9973.36,9770.43,5712.13,202.921,2.07689
A6,POTA,2036,9993.11,0,9993.11,9800.51,5672.01,192.602,1.96523
A6,POTA,2037,10012.1,0,10012.1,9827.58,5631.04,184.483,1.8772
A6,POTA,2038,10030.2,0,10030.2,9846.84,5584.52,183.379,1.86231
A6,POTA,2039,10047.6,0,10047.6,9862.95,5536.95,184.693,1.8726
A6,POTA,2040,10064.3,0,10064.3,9873.04,5485.54,191.293,1.93753
A6,POTA,2041,10080.3,0,10080.3,9884.9,5437.96,195.429,1.97704
A6,POTA,2042,10095.7,0,10095.7,9892.77,5388.46,202.889,2.05088
A6,POTA,2043,10110.3,0,10110.3,9897.75,5338.11,212.583,2.14779
A6,POTA,2044,10124.4,0,10124.4,9900.15,5287.13,224.238,2.265
A6,POTA,2045,10137.8,0,10137.8,9898.04,5233.68,239.79,2.4226
A6,POTA,2046,10150.7,0,10150.7,9894.15,5180.36,256.535,2.5928
A6,POTA,2047,10163,0,10163,9889.37,5127.97,273.608,2.76669
A6,POTA,2048,10174.7,0,10174.7,9877.48,5070.48,297.234,3.0092
A6,POTA,2049,10185.9,0,10185.9,9860.31,5009.63,325.597,3.30209
A6,POTA,2050,10196.6,0,10196.6,9839.93,4947.4,356.659,3.62461
A6,SOYS,2023,2084.17,9849,11933.2,11933.2,1550,0,0
A6,SOYS,2024,2065,10497,12562,12562,1675,-1.81899e-12,-1.44801e-14
A6,SOYS,2025,2190,10036.2,12226.2,12226.2,1676.41,9.09495e-12,7.43892e-14
A6,SOYS,2026,2322.21,9724.01,12046.2,12046.2,1677.43,-9.09495e-12,-7.55004e-14
A6,SOYS,2027,2462,9442.54,11904.5,11904.5,1680.11,2.91038e-11,2.44477e-13
A6,SOYS,2028,2609.75,9179.84,11789.6,11789.6,1683.83,-7.27596e-12,-6.17151e-14
A6,SOYS,2029,2765.82,8933.14,11699,11699,1686.68,-5.45697e-12,-4.66449e-14
A6,SOYS,2030,2930.63,8693.08,11623.7,11623.7,1688.61,3.63798e-12,3.12979e-14
A6,SOYS,2031,2961.78,8555.04,11516.8,11516.8,1690.9,-5.45697e-12,-4.73826e-14
A6,SOYS,2032,2992.54,8422.27,11414.8,11414.8,1690.17,2.18279e-11,1.91224e-13
A6,SOYS,2033,3022.79,8299.37,11322.2,11322.2,1688.6,-3.63798e-12,-3.21315e-14
A6,SOYS,2034,3052.01,8186.21,11238.2,11238.2,1686.75,-1.81899e-12,-1.61858e-14
A6,SOYS,2035,3080.52,8081.26,11161.8,11161.8,1684.49,-1.81899e-12,-1.62966e-14
A6,SOYS,2036,3096.98,8104.39,11201.4,11201.4,1681.47,0,0
A6,SOYS,2037,3105.98,8129.67,11235.6,11235.6,1678.21,-5.45697e-12,-4.85683e-14
A6,SOYS,2038,3110.42,8154.21,11264.6,11264.6,1673.15,-1.81899e-12,-1.61478e-14
A6,SOYS,2039,3112.05,8178.62,11290.7,11290.7,1667.62,-7.27596e-12,-6.44422e-14
A6,SOYS,2040,3111.96,8201.75,11313.7,11313.7,1660.77,1.81899e-12,1.60778e-14
A6,SOYS,2041,3110.79,8224.69,11335.5,11335.5,1653.98,-3.63798e-12,-3.20937e-14
A6,SOYS,2042,3108.92,8246.74,11355.7,11355.7,1646.58,3.63798e-12,3.20367e-14
A6,SOYS,2043,3106.6,8268.1,11374.7,11374.7,1638.74,3.63798e-12,3.19831e-14
A6,SOYS,2044,3103.96,8288.9,11392.9,11392.9,1630.55,1.81899e-12,1.59661e-14
A6,SOYS,2045,3101.09,8308.39,11409.5,11409.5,1621.43,1.81899e-12,1.59428e-14
A6,SOYS,2046,3098.05,8327.44,11425.5,11425.5,1611.92,3.63798e-12,3.18409e-14
A6,SOYS,2047,3094.87,8346.64,11441.5,11441.5,1602.55,9.09495e-12,7.94908e-14
A6,SOYS,2048,3091.56,8364.14,11455.7,11455.7,1591.42,-5.45697e-12,-4.76354e-14
A6,SOYS,2049,3088.15,8380.52,11468.7,11468.7,1579.06,-1.09139e-11,-9.51631e-14
A6,SOYS,2050,3084.63,8396.41,11481,11481,1566.06,3.63798e-12,3.16868e-14
A6,RAPS,2023,1631.74,519.81,2151.55,2151.55,0,0,0
A6,RAPS,2024,1674,638.56,2312.56,2312.56,0,0,0
A6,RAPS,2025,1717.63,628.481,2346.11,2346.11,0,9.09495e-13,3.8766e-14
A6,RAPS,2026,1762.14,614.208,2376.35,2376.35,0,9.09495e-13,3.82728e-14
A6,RAPS,2027,1807.5,586.552,2394.05,2394.05,0,-1.36424e-12,-5.69846e-14
A6,RAPS,2028,1853.7,559.211,2412.91,2412.91,0,0,0
A6,RAPS,2029,1900.72,532.654,2433.37,2433.37,0,-4.54747e-13,-1.8688e-14
A6,RAPS,2030,1948.52,506.343,2454.87,2454.87,0,0,0
A6,RAPS,2031,1961.93,501.691,2463.62,2463.62,0,-1.36424e-12,-5.53754e-14
A6,RAPS,2032,1974.95,496.164,2471.12,2471.12,0,5.00222e-12,2.02427e-13
A6,RAPS,2033,1987.52,491.508,2479.03,2479.03,0,-4.54747e-13,-1.83438e-14
A6,RAPS,2034,1999.29,487.977,2487.27,2487.27,0,4.54747e-13,1.8283e-14
A6,RAPS,2035,2010.48,485.339,2495.82,2495.82,0,-9.09495e-13,-3.64407e-14
A6,RAPS,2036,2021.33,482.675,2504.01,2504.01,0,-4.54747e-13,-1.81608e-14
A6,RAPS,2037,2031.72,479.673,2511.39,2511.39,0,9.09495e-13,3.62148e-14
A6,RAPS,2038,2041.69,476.494,2518.19,2518.19,0,4.54747e-13,1.80585e-14
A6,RAPS,2039,2051.31,473.233,2524.54,2524.54,0,1.81899e-12,7.20522e-14
A6,RAPS,2040,2060.61,469.995,2530.61,2530.61,0,0,0
A6,RAPS,2041,2069.63,466.769,2536.4,2536.4,0,9.09495e-13,3.58577e-14
A6,RAPS,2042,2078.39,463.583,2541.98,2541.98,0,-4.54747e-13,-1.78895e-14
A6,RAPS,2043,2086.92,460.457,2547.38,2547.38,0,9.09495e-13,3.57031e-14
A6,RAPS,2044,2095.23,457.407,2552.64,2552.64,0,0,0
A6,RAPS,2045,2103.34,454.329,2557.67,2557.67,0,5.91172e-12,2.31136e-13
A6,RAPS,2046,2111.26,451.359,2562.62,2562.62,0,9.09495e-13,3.54908e-14
A6,RAPS,2047,2119.01,448.502,2567.51,2567.51,0,1.81899e-12,7.08465e-14
A6,RAPS,2048,2126.58,445.764,2572.34,2572.34,0,-1.81899e-12,-7.07134e-14
A6,RAPS,2049,2133.99,443.146,2577.13,2577.13,0,4.54747e-13,1.76455e-14
A6,RAPS,2050,2141.24,440.653,2581.89,2581.89,0,4.54747e-13,1.7613e-14
A6,GRDS,2023,1860,20,1880,1070,810,810,75.7009
A6,GRDS,2024,1900,5,1905,1905,850,-4.54747e-13,-2.38713e-14
A6,GRDS,2025,1927.66,0,1927.66,1910.7,858.259,16.9587,0.887564
A6,GRDS,2026,1955.42,0,1955.42,1916.97,865.967,38.4496,2.00574
A6,GRDS,2027,1967.56,0,1967.56,1925.27,874.992,42.2882,2.19648
A6,GRDS,2028,1979.41,0,1979.41,1934.77,884.666,44.6411,2.30731
A6,GRDS,2029,1990.96,0,1990.96,1944.61,893.931,46.3488,2.38345
A6,GRDS,2030,2002.16,0,2002.16,1954.43,902.677,47.7259,2.44193
A6,GRDS,2031,2012.96,0,2012.96,1962.04,911.555,50.9205,2.59529
A6,GRDS,2032,2023.32,0,2023.32,1967.85,919.001,55.4716,2.8189
A6,GRDS,2033,2033.18,0,2033.18,1973.57,926.048,59.6095,3.02038
A6,GRDS,2034,2042.2,0,2042.2,1979.56,933.06,62.6378,3.16423
A6,GRDS,2035,2050.6,0,2050.6,1985.7,939.953,64.8939,3.26806
A6,GRDS,2036,2057.18,0,2057.18,1997.64,946.13,59.5381,2.98042
A6,GRDS,2037,2062.3,0,2062.3,2009.26,952.303,53.0358,2.63956
A6,GRDS,2038,2066.24,0,2066.24,2019.36,957.166,46.8844,2.32175
A6,GRDS,2039,2069.24,0,2069.24,2028.83,961.557,40.4148,1.99203
A6,GRDS,2040,2071.48,0,2071.48,2037.18,964.919,34.3076,1.68407
A6,GRDS,2041,2073.12,0,2073.12,2045.25,968.087,27.8695,1.36265
A6,GRDS,2042,2074.26,0,2074.26,2052.91,970.911,21.3469,1.03983
A6,GRDS,2043,2075.01,0,2075.01,2060.07,973.265,14.947,0.725558
A6,GRDS,2044,2075.45,0,2075.45,2066.76,975.187,8.69429,0.420672
A6,GRDS,2045,2075.64,0,2075.64,2072.56,976.287,3.08176,0.148693
A6,GRDS,2046,2075.63,2.26392,2077.9,2077.9,976.923,-1.46429e-09,-7.04696e-11
A6,GRDS,2047,2075.46,7.73886,2083.2,2083.2,977.524,-1.81899e-12,-8.7317e-14
A6,GRDS,2048,2075.16,11.9478,2087.11,2087.11,976.721,1.81899e-12,8.71535e-14
A6,GRDS,2049,2074.76,15.22,2089.98,2089.98,974.866,-1.81899e-12,-8.70338e-14
A6,GRDS,2050,2074.28,17.9403,2092.22,2092.22,972.358,-4.54747e-13,-2.17352e-14
A6,COTT,2023,561.8,191,752.8,752.8,0,0,0
A6,COTT,2024,616.4,261.8,878.2,878.2,0,0,0
A6,COTT,2025,617.205,188.721,805.926,805.926,0,-4.54747e-13,-5.64255e-14
A6,COTT,2026,617.917,185.378,803.295,803.295,0,1.13687e-13,1.41526e-14
A6,COTT,2027,618.53,182.165,800.695,800.695,0,-5.68434e-13,-7.09926e-14
A6,COTT,2028,619.032,179.101,798.133,798.133,0,-1.13687e-13,-1.42441e-14
A6,COTT,2029,619.417,176.162,795.579,795.579,0,1.13687e-13,1.42898e-14
A6,COTT,2030,619.673,173.312,792.985,792.985,0,2.27374e-13,2.86731e-14
A6,COTT,2031,619.787,170.617,790.404,790.404,0,2.27374e-13,2.87668e-14
A6,COTT,2032,619.75,167.995,787.745,787.745,0,1.13687e-13,1.44319e-14
A6,COTT,2033,619.544,165.547,785.091,785.091,0,0,0
A6,COTT,2034,615.991,167.153,783.145,783.145,0,4.54747e-13,5.80668e-14
A6,COTT,2035,612.262,168.955,781.217,781.217,0,2.27374e-13,2.91051e-14
A6,COTT,2036,608.524,170.712,779.237,779.237,0,0,0
A6,COTT,2037,604.721,173.099,777.82,777.82,0,2.27374e-13,2.92322e-14
A6,COTT,2038,600.856,176.001,776.857,776.857,0,1.13687e-13,1.46342e-14
A6,COTT,2039,596.933,179.401,776.334,776.334,0,3.41061e-13,4.39322e-14
A6,COTT,2040,592.955,183.213,776.168,776.168,0,3.41061e-13,4.39416e-14
A6,COTT,2041,588.928,187.425,776.353,776.353,0,1.13687e-13,1.46437e-14
A6,COTT,2042,584.853,191.97,776.823,776.823,0,-2.27374e-13,-2.92697e-14
A6,COTT,2043,580.736,196.822,777.558,777.558,0,0,0
A6,COTT,2044,576.578,201.947,778.525,778.525,0,0,0
A6,COTT,2045,572.383,207.292,779.675,779.675,0,-1.13687e-13,-1.45813e-14
A6,COTT,2046,568.155,212.842,780.997,780.997,0,0,0
A6,COTT,2047,563.897,218.589,782.486,782.486,0,-1.13687e-13,-1.45289e-14
A6,COTT,2048,559.61,224.443,784.053,784.053,0,2.27374e-13,2.89998e-14
A6,COTT,2049,555.298,230.397,785.696,785.696,0,0,0
A6,COTT,2050,550.964,236.454,787.418,787.418,0,2.27374e-13,2.88759e-14
A6,SUGC,2023,789,0,789,789,0,0,0
A6,SUGC,2024,882,0,882,882,0,0,0
A6,SUGC,2025,1050.8,0,1050.8,895.23,0,155.567,17.3774
A6,SUGC,2026,1241.72,0,1241.72,908.658,0,333.059,36.6539
A6,SUGC,2027,1455.87,0,1455.87,922.288,0,533.584,57.8544
A6,SUGC,2028,1694.16,0,1694.16,936.123,0,758.041,80.9766
A6,SUGC,2029,1957.28,0,1957.28,950.164,0,1007.11,105.993
A6,SUGC,2030,2245.63,0,2245.63,964.417,0,1281.22,132.849
A6,SUGC,2031,2559.37,0,2559.37,978.883,0,1580.49,161.458
A6,SUGC,2032,2898.37,0,2898.37,993.566,0,1904.8,191.713
A6,SUGC,2033,3262.15,0,3262.15,1008.47,0,2253.68,223.475
A6,SUGC,2034,3649.96,0,3649.96,1023.6,0,2626.36,256.582
A6,SUGC,2035,4060.74,0,4060.74,1038.95,0,3021.79,290.85
A6,SUGC,2036,4425.45,0,4425.45,1054.54,0,3370.92,319.659
A6,SUGC,2037,4742.47,0,4742.47,1070.35,0,3672.11,343.075
A6,SUGC,2038,5013.21,0,5013.21,1086.41,0,3926.8,361.448
A6,SUGC,2039,5241.07,0,5241.07,1102.7,0,4138.36,375.292
A6,SUGC,2040,5430.5,0,5430.5,1119.25,0,4311.25,385.193
A6,SUGC,2041,5586.33,0,5586.33,1136.03,0,4450.3,391.74
A6,SUGC,2042,5713.35,0,5713.35,1153.07,0,4560.28,395.489
A6,SUGC,2043,5816.03,0,5816.03,1170.37,0,4645.66,396.939
A6,SUGC,2044,5898.38,0,5898.38,1187.93,0,4710.46,396.528
A6,SUGC,2045,5963.91,0,5963.91,1205.75,0,4758.16,394.624
A6,SUGC,2046,6015.6,0,6015.6,1223.83,0,4791.77,391.539
A6,SUGC,2047,6056,0,6056,1242.19,0,4813.81,387.527
A6,SUGC,2048,6087.22,0,6087.22,1260.82,0,4826.4,382.798
A6,SUGC,2049,6110.99,0,6110.99,1279.73,0,4831.25,377.52
A6,SUGC,2050,6128.74,0,6128.74,1298.93,0,4829.81,371.83
A6,SUGB,2023,108,0,108,108,0,0,0
A6,SUGB,2024,114,0,114,114,0,0,0
A6,SUGB,2025,114.232,0,114.232,114,0,0.232277,0.203752
A6,SUGB,2026,114.448,0,114.448,114,0,0.447737,0.392752
A6,SUGB,2027,114.645,0,114.645,114,0,0.645003,0.565792
A6,SUGB,2028,114.822,0,114.822,114,0,0.821923,0.720985
A6,SUGB,2029,114.977,0,114.977,114,0,0.977227,0.857217
A6,SUGB,2030,115.109,0,115.109,114,0,1.10884,0.972668
A6,SUGB,2031,115.214,0,115.214,114,0,1.21417,1.06506
A6,SUGB,2032,115.291,0,115.291,114,0,1.29149,1.13288
A6,SUGB,2033,115.337,0,115.337,114,0,1.33743,1.17319
A6,SUGB,2034,115.432,0,115.432,114,0,1.43248,1.25656
A6,SUGB,2035,115.49,0,115.49,114,0,1.49044,1.30741
A6,SUGB,2036,115.548,0,115.548,114,0,1.54844,1.35828
A6,SUGB,2037,115.606,0,115.606,114,0,1.60647,1.40918
A6,SUGB,2038,115.665,0,115.665,114,0,1.66453,1.46011
A6,SUGB,2039,115.723,0,115.723,114,0,1.72261,1.51106
A6,SUGB,2040,115.781,0,115.781,114,0,1.78073,1.56204
A6,SUGB,2041,115.839,0,115.839,114,0,1.83887,1.61304
A6,SUGB,2042,115.897,0,115.897,114,0,1.89704,1.66407
A6,SUGB,2043,115.955,0,115.955,114,0,1.95524,1.71513
A6,SUGB,2044,116.013,0,116.013,114,0,2.01347,1.76621
A6,SUGB,2045,116.072,0,116.072,114,0,2.07174,1.81731
A6,SUGB,2046,116.13,0,116.13,114,0,2.13002,1.86844
A6,SUGB,2047,116.188,0,116.188,114,0,2.18834,1.9196
A6,SUGB,2048,116.247,0,116.247,114,0,2.24669,1.97078
A6,SUGB,2049,116.305,0,116.305,114,0,2.30507,2.02199
A6,SUGB,2050,116.363,0,116.363,114,0,2.36348,2.07323
A6,FRTO,2023,32744.3,365.6,33109.9,33109.9,15628.1,0,0
A6,FRTO,2024,34500,109.86,34609.9,34609.9,16380,0,0
A6,FRTO,2025,34682.7,1.52825,34684.2,34684.2,16444,-6.73026e-09,-1.94044e-11
A6,FRTO,2026,34862.3,0,34862.3,34738.1,16488.4,124.266,0.357722
A6,FRTO,2027,35038.7,0,35038.7,34810.9,16552,227.745,0.654235
A6,FRTO,2028,35211.1,0,35211.1,34901.5,16633.6,309.659,0.887236
A6,FRTO,2029,35379.4,0,35379.4,34979.4,16703.3,400.018,1.14358
A6,FRTO,2030,35543,0,35543,35044.7,16761.2,498.258,1.42178
A6,FRTO,2031,35701.1,0,35701.1,35103.6,16813.3,597.509,1.70213
A6,FRTO,2032,35853.4,0,35853.4,35112.8,16817.2,740.582,2.10915
A6,FRTO,2033,35999,0,35999,35108.9,16808.9,890.087,2.53522
A6,FRTO,2034,36163.2,0,36163.2,35106.9,16796.8,1056.34,3.00893
A6,FRTO,2035,36319.4,0,36319.4,35097.2,16778.1,1222.19,3.48231
A6,FRTO,2036,36458.1,0,36458.1,35108.6,16740.3,1349.56,3.84396
A6,FRTO,2037,36582.7,0,36582.7,35113,16699.2,1469.77,4.18584
A6,FRTO,2038,36696,0,36696,35090.8,16634.9,1605.21,4.57445
A6,FRTO,2039,36800.3,0,36800.3,35062.6,16567.1,1737.64,4.95581
A6,FRTO,2040,36897.3,0,36897.3,35016.7,16483.6,1880.58,5.37053
A6,FRTO,2041,36988.5,0,36988.5,34964.4,16395.5,2024.04,5.78884
A6,FRTO,2042,37075,0,37075,34902.8,16299.5,2172.22,6.22364
A6,FRTO,2043,37157.9,0,37157.9,34837.5,16200.9,2320.39,6.66062
A6,FRTO,2044,37237.8,0,37237.8,34769.7,16100.8,2468.12,7.09847
A6,FRTO,2045,37315.4,0,37315.4,34691.3,15991,2624.15,7.5643
A6,FRTO,2046,37391.2,0,37391.2,34608.5,15877.5,2782.7,8.0405
A6,FRTO,2047,37465.5,0,37465.5,34531.3,15770.2,2934.18,8.49716
A6,FRTO,2048,37538.6,0,37538.6,34432,15641.6,3106.63,9.02249
A6,FRTO,2049,37610.9,0,37610.9,34319.1,15500,3291.83,9.59183
A6,FRTO,2050,37682.5,0,37682.5,34201.6,15354.4,3480.93,10.1777
A6,VEGT,2023,82868.1,0,82868.1,81577.7,19187.1,1290.41,1.58182
A6,VEGT,2024,83696.8,0,83696.8,82264,20415.5,1432.82,1.74174
A6,VEGT,2025,84308.9,0,84308.9,82630.7,20409.2,1678.23,2.03101
A6,VEGT,2026,84861.6,0,84861.6,82975.1,20391.6,1886.52,2.2736
A6,VEGT,2027,85356.2,0,85356.2,83330.1,20396.2,2026.12,2.43144
A6,VEGT,2028,85792.8,0,85792.8,83690.7,20420.9,2102.08,2.51172
A6,VEGT,2029,86172.1,0,86172.1,84021.5,20432.4,2150.58,2.55955
A6,VEGT,2030,86493.9,0,86493.9,84317.8,20431.2,2176.16,2.5809
A6,VEGT,2031,86757.1,0,86757.1,84593.7,20432.1,2163.44,2.55745
A6,VEGT,2032,86961.4,0,86961.4,84791,20380.2,2170.34,2.55964
A6,VEGT,2033,87104.2,0,87104.2,84949.5,20315.9,2154.67,2.53641
A6,VEGT,2034,87184,0,87184,85077.6,20248.4,2106.35,2.47579
A6,VEGT,2035,87198.2,0,87198.2,85170.4,20174.9,2027.8,2.38087
A6,VEGT,2036,87130.6,0,87130.6,85216.4,20086.2,1914.12,2.24619
A6,VEGT,2037,86997.5,0,86997.5,85223,19993.8,1774.51,2.08219
A6,VEGT,2038,86812.4,0,86812.4,85173.5,19875.8,1638.91,1.9242
A6,VEGT,2039,86586,0,86586,85096.3,19753.8,1489.71,1.75062
A6,VEGT,2040,86326.9,0,86326.9,84981.5,19614.7,1345.42,1.58319
A6,VEGT,2041,86042,0,86042,84851.5,19476.2,1190.53,1.40308
A6,VEGT,2042,85736.9,0,85736.9,84699,19329,1037.96,1.22547
A6,VEGT,2043,85416.1,0,85416.1,84532.4,19179.1,883.654,1.04534
A6,VEGT,2044,85083,0,85083,84354.7,19027.5,728.265,0.863337
A6,VEGT,2045,84740.5,0,84740.5,84157.6,18865.3,582.876,0.692601
A6,VEGT,2046,84390.8,0,84390.8,83950.7,18700.5,440.098,0.524234
A6,VEGT,2047,84035.8,0,84035.8,83744.4,18542.3,291.324,0.347873
A6,VEGT,2048,83676.8,0,83676.8,83507.7,18361,169.094,0.202489
A6,VEGT,2049,83315.1,0,83315.1,83250.6,18165.5,64.5599,0.0775489
A6,VEGT,2050,82951.5,32.0553,82983.6,82983.6,17965.5,2.2992e-09,2.77067e-12
A6,OTGR,2023,3739.7,384.9,4124.6,4124.6,217.92,6.36646e-12,1.54353e-13
A6,OTGR,2024,3815.6,192.67,4008.27,4008.27,164.532,1.36424e-12,3.40357e-14
A6,OTGR,2025,3816.35,200.828,4017.18,4017.18,163.634,-2.27374e-12,-5.66004e-14
A6,OTGR,2026,3817.1,211.424,4028.52,4028.52,162.845,1.81899e-12,4.51528e-14
A6,OTGR,2027,3817.85,223.606,4041.45,4041.45,162.2,-5.00222e-12,-1.23773e-13
A6,OTGR,2028,3818.6,236.994,4055.59,4055.59,161.664,9.09495e-13,2.24257e-14
A6,OTGR,2029,3819.35,251.838,4071.19,4071.19,161.04,0,0
A6,OTGR,2030,3820.1,267.467,4087.56,4087.56,160.328,0,0
A6,OTGR,2031,3820.85,277.352,4098.2,4098.2,159.758,0,0
A6,OTGR,2032,3821.6,285.552,4107.15,4107.15,158.87,3.63798e-12,8.85767e-14
A6,OTGR,2033,3822.35,294.234,4116.58,4116.58,157.899,1.81899e-12,4.41869e-14
A6,OTGR,2034,3825.85,300.781,4126.63,4126.63,156.901,0,0
A6,OTGR,2035,3829.36,307.82,4137.18,4137.18,155.859,-9.09495e-13,-2.19835e-14
A6,OTGR,2036,3832.86,314.441,4147.31,4147.31,154.849,-2.72848e-12,-6.57893e-14
A6,OTGR,2037,3836.38,320.176,4156.55,4156.55,153.815,-1.81899e-12,-4.3762e-14
A6,OTGR,2038,3839.89,325.036,4164.93,4164.93,152.621,0,0
A6,OTGR,2039,3843.41,329.372,4172.78,4172.78,151.396,-1.81899e-12,-4.35918e-14
A6,OTGR,2040,3846.93,333.195,4180.13,4180.13,150.061,0,0
A6,OTGR,2041,3850.46,336.793,4187.25,4187.25,148.824,-9.09495e-13,-2.17206e-14
A6,OTGR,2042,3853.98,340.026,4194.01,4194.01,147.531,0,0
A6,OTGR,2043,3857.51,342.987,4200.5,4200.5,146.215,1.81899e-12,4.33041e-14
A6,OTGR,2044,3861.05,345.718,4206.77,4206.77,144.881,9.09495e-13,2.16198e-14
A6,OTGR,2045,3864.59,348.03,4212.62,4212.62,143.476,-1.81899e-12,-4.31796e-14
A6,OTGR,2046,3868.13,350.176,4218.3,4218.3,142.073,-9.09495e-13,-2.15607e-14
A6,OTGR,2047,3871.67,352.227,4223.9,4223.9,140.7,0,0
A6,OTGR,2048,3875.22,353.905,4229.12,4229.12,139.178,-1.81899e-12,-4.3011e-14
A6,OTGR,2049,3878.77,355.299,4234.07,4234.07,137.561,1.81899e-12,4.29608e-14
A6,OTGR,2050,3882.32,356.508,4238.83,4238.83,135.905,9.09495e-13,2.14563e-14
A6,SORG,2023,318,485.8,803.8,803.8,67,-1.13687e-13,-1.41437e-14
A6,SORG,2024,314,865.5,1179.5,1179.5,65,0,0
A6,SORG,2025,314.35,864.925,1179.27,1179.27,64.6371,-2.27374e-13,-1.92808e-14
A6,SORG,2026,314.624,865.05,1179.67,1179.67,64.3232,2.27374e-13,1.92743e-14
A6,SORG,2027,314.821,865.654,1180.47,1180.47,64.074,1.22172e-08,1.03494e-09
A6,SORG,2028,314.94,866.632,1181.57,1181.57,63.8761,-2.27374e-13,-1.92433e-14
A6,SORG,2029,314.977,868.027,1183,1183,63.6513,0,0
A6,SORG,2030,314.931,869.669,1184.6,1184.6,63.4009,2.27374e-13,1.91941e-14
A6,SORG,2031,314.795,869.88,1184.68,1184.68,63.2158,2.27374e-13,1.91929e-14
A6,SORG,2032,314.568,869.669,1184.24,1184.24,62.9139,1.81899e-12,1.536e-13
A6,SORG,2033,314.242,869.632,1183.87,1183.87,62.5901,-4.54747e-13,-3.84118e-14
A6,SORG,2034,313.812,869.799,1183.61,1183.61,62.2676,2.27374e-13,1.92102e-14
A6,SORG,2035,313.271,870.154,1183.42,1183.42,61.9406,2.27374e-13,1.92132e-14
A6,SORG,2036,312.633,870.684,1183.32,1183.32,61.6246,-2.27374e-13,-1.9215e-14
A6,SORG,2037,311.996,871.189,1183.18,1183.18,61.2978,-6.82121e-13,-5.76513e-14
A6,SORG,2038,311.36,871.637,1183,1183,60.9055,-4.54747e-13,-3.84403e-14
A6,SORG,2039,310.725,872.112,1182.84,1182.84,60.5001,4.54747e-13,3.84455e-14
A6,SORG,2040,310.092,872.592,1182.68,1182.68,60.0488,2.27374e-13,1.92252e-14
A6,SORG,2041,309.46,873.162,1182.62,1182.62,59.6351,-6.82121e-13,-5.76787e-14
A6,SORG,2042,308.83,873.753,1182.58,1182.58,59.1978,2.27374e-13,1.92269e-14
A6,SORG,2043,308.2,874.382,1182.58,1182.58,58.7496,2.27374e-13,1.92269e-14
A6,SORG,2044,307.572,875.047,1182.62,1182.62,58.2932,-4.54747e-13,-3.84526e-14
A6,SORG,2045,306.945,875.687,1182.63,1182.63,57.8066,6.82121e-13,5.76782e-14
A6,SORG,2046,306.32,876.366,1182.69,1182.69,57.3193,0,0
A6,SORG,2047,305.696,877.098,1182.79,1182.79,56.8427,-6.82121e-13,-5.76703e-14
A6,SORG,2048,305.073,877.786,1182.86,1182.86,56.3044,-9.09495e-13,-7.68895e-14
A6,SORG,2049,304.451,878.454,1182.9,1182.9,55.7256,2.27374e-13,1.92216e-14
A6,SORG,2050,303.83,879.126,1182.96,1182.96,55.1294,0,0
A6,BARL,2023,200,1589.8,1789.8,1640,90.2,149.8,9.13415
A6,BARL,2024,200,1424,1624,1624,89.32,0,0
A6,BARL,2025,200.234,1417.67,1617.91,1617.91,88.791,-3.63798e-12,-2.24857e-13
A6,BARL,2026,200.421,1411.77,1612.19,1612.19,88.3358,0,0
A6,BARL,2027,200.558,1406.27,1606.83,1606.83,87.9523,-4.63842e-11,-2.88669e-12
A6,BARL,2028,200.645,1401.1,1601.75,1601.75,87.6188,-2.27374e-13,-1.41953e-14
A6,BARL,2029,200.681,1396.21,1596.89,1596.89,87.241,0,0
A6,BARL,2030,200.663,1391.44,1592.1,1592.1,86.8199,4.54747e-13,2.85627e-14
A6,BARL,2031,200.589,1385.88,1586.47,1586.47,86.4821,-2.27374e-13,-1.43321e-14
A6,BARL,2032,200.456,1379.94,1580.39,1580.39,85.9916,6.82121e-13,4.31614e-14
A6,BARL,2033,200.26,1374.13,1574.39,1574.39,85.4603,-6.82121e-13,-4.3326e-14
A6,BARL,2034,200.055,1368.48,1568.54,1568.54,84.9151,6.82121e-13,4.34877e-14
A6,BARL,2035,199.779,1363.02,1562.8,1562.8,84.3487,-2.27374e-13,-1.45491e-14
A6,BARL,2036,199.441,1358.48,1557.93,1557.93,83.8103,-2.27374e-13,-1.45946e-14
A6,BARL,2037,199.103,1354.62,1553.73,1553.73,83.2588,0,0
A6,BARL,2038,198.766,1351.24,1550.01,1550.01,82.6282,2.27374e-13,1.46692e-14
A6,BARL,2039,198.43,1348.41,1546.84,1546.84,81.9814,4.54747e-13,2.93984e-14
A6,BARL,2040,198.094,1345.99,1544.09,1544.09,81.279,4.54747e-13,2.94509e-14
A6,BARL,2041,197.759,1344.09,1541.84,1541.84,80.6337,2.27374e-13,1.47469e-14
A6,BARL,2042,197.424,1342.52,1539.95,1539.95,79.9601,0,0
A6,BARL,2043,197.09,1341.29,1538.38,1538.38,79.2726,2.27374e-13,1.47801e-14
A6,BARL,2044,196.756,1340.35,1537.11,1537.11,78.5747,-4.54747e-13,-2.95846e-14
A6,BARL,2045,196.423,1339.59,1536.01,1536.01,77.84,0,0
A6,BARL,2046,196.091,1339.06,1535.15,1535.15,77.1063,4.54747e-13,2.96223e-14
A6,BARL,2047,195.759,1338.76,1534.52,1534.52,76.3832,-6.82121e-13,-4.44519e-14
A6,BARL,2048,195.428,1338.48,1533.91,1533.91,75.5861,0,0
A6,BARL,2049,195.097,1338.25,1533.35,1533.35,74.739,-4.54747e-13,-2.96572e-14
A6,BARL,2050,194.767,1338.1,1532.86,1532.86,73.8694,-2.27374e-13,-1.48333e-14
A6,PIGM,2023,5794,152.32,5946.32,5946.32,4546.55,9.09495e-13,1.52951e-14
A6,PIGM,2024,5706,104.23,5810.23,5810.23,4444.17,0,0
A6,PIGM,2025,5731.07,134.216,5865.29,5865.29,4487.6,1.09139e-11,1.86077e-13
A6,PIGM,2026,5701.77,213.993,5915.76,5915.76,4529.38,-9.09495e-13,-1.53741e-14
A6,PIGM,2027,5675.42,288.76,5964.18,5964.18,4575.58,1.81899e-12,3.04986e-14
A6,PIGM,2028,5651.73,362.892,6014.62,6014.62,4623.72,-3.63798e-12,-6.04856e-14
A6,PIGM,2029,5630.44,432.581,6063.02,6063.02,4669.72,9.09495e-13,1.50007e-14
A6,PIGM,2030,5611.32,497.566,6108.89,6108.89,4713.27,0,0
A6,PIGM,2031,5601.57,553.855,6155.42,6155.42,4757.11,9.09495e-13,1.47755e-14
A6,PIGM,2032,5586.72,608.38,6195.1,6195.1,4794.53,-1.00044e-11,-1.6149e-13
A6,PIGM,2033,5573.62,658.909,6232.52,6232.52,4829.68,9.09495e-13,1.45927e-14
A6,PIGM,2034,5562.14,706.839,6268.98,6268.98,4863.81,9.09495e-13,1.45079e-14
A6,PIGM,2035,5552.18,751.934,6304.11,6304.11,4896.58,2.72848e-12,4.3281e-14
A6,PIGM,2036,5543.15,800.114,6343.26,6343.26,4927.02,9.09495e-13,1.4338e-14
A6,PIGM,2037,5535.76,846.142,6381.9,6381.9,4957.01,9.09495e-13,1.42512e-14
A6,PIGM,2038,5529.69,885.845,6415.53,6415.53,4982.16,9.09495e-13,1.41765e-14
A6,PIGM,2039,5524.66,922.67,6447.33,6447.33,5005.58,-1.81899e-12,-2.82131e-14
A6,PIGM,2040,5520.47,954.618,6475.08,6475.08,5025.13,-9.09495e-13,-1.40461e-14
A6,PIGM,2041,5516.94,985.319,6502.26,6502.26,5044.21,9.09495e-13,1.39874e-14
A6,PIGM,2042,5513.95,1013.66,6527.61,6527.61,5061.65,9.09495e-13,1.3933e-14
A6,PIGM,2043,5511.38,1039.61,6550.99,6550.99,5077.26,9.09495e-13,1.38833e-14
A6,PIGM,2044,5509.14,1063.4,6572.54,6572.54,5091.22,0,0
A6,PIGM,2045,5507.18,1083.55,6590.73,6590.73,5102.01,-5.45697e-12,-8.27976e-14
A6,PIGM,2046,5505.43,1101.42,6606.86,6606.86,5110.93,0,0
A6,PIGM,2047,5503.85,1118.43,6622.28,6622.28,5119.3,-1.81899e-12,-2.74677e-14
A6,PIGM,2048,5502.41,1129.56,6631.98,6631.98,5122.22,6.36646e-12,9.59965e-14
A6,PIGM,2049,5501.08,1136.03,6637.11,6637.11,5120.84,1.81899e-12,2.74064e-14
A6,PIGM,2050,5499.83,1139.31,6639.14,6639.14,5116.59,0,0
A6,CATM,2023,753,273.73,1026.73,1026.73,925.67,0,0
A6,CATM,2024,779,287.41,1066.41,1066.41,954.39,0,0
A6,CATM,2025,747.119,328.388,1075.51,1075.51,968.071,-9.09495e-13,-8.45643e-14
A6,CATM,2026,752.254,335.993,1088.25,1088.25,980.073,2.27374e-13,2.08936e-14
A6,CATM,2027,757.094,345.656,1102.75,1102.75,993.88,2.50111e-12,2.26807e-13
A6,CATM,2028,761.998,356.333,1118.33,1118.33,1008.76,0,0
A6,CATM,2029,770.967,363.011,1133.98,1133.98,1023.11,4.54747e-13,4.0102e-14
A6,CATM,2030,780.079,368.913,1148.99,1148.99,1036.82,2.27374e-13,1.9789e-14
A6,CATM,2031,789.342,374.235,1163.58,1163.58,1050.07,0,0
A6,CATM,2032,798.761,377.286,1176.05,1176.05,1061.19,-1.59162e-12,-1.35336e-13
A6,CATM,2033,808.344,379.689,1188.03,1188.03,1071.79,6.82121e-13,5.7416e-14
A6,CATM,2034,818.099,381.973,1200.07,1200.07,1082.43,4.54747e-13,3.78933e-14
A6,CATM,2035,828.035,383.995,1212.03,1212.03,1092.96,-2.27374e-13,-1.87597e-14
A6,CATM,2036,837.401,384.912,1222.31,1222.31,1101.9,0,0
A6,CATM,2037,846.873,385.739,1232.61,1232.61,1110.83,4.54747e-13,3.6893e-14
A6,CATM,2038,856.451,384.674,1241.13,1241.13,1117.97,0,0
A6,CATM,2039,866.137,382.933,1249.07,1249.07,1124.52,4.54747e-13,3.64069e-14
A6,CATM,2040,875.932,379.72,1255.65,1255.65,1129.69,-4.54747e-13,-3.6216e-14
A6,CATM,2041,885.837,375.707,1261.54,1261.54,1134.16,4.54747e-13,3.60469e-14
A6,CATM,2042,895.854,371.125,1266.98,1266.98,1138.16,-9.09495e-13,-7.17845e-14
A6,CATM,2043,905.984,365.882,1271.87,1271.87,1141.59,9.09495e-13,7.15087e-14
A6,CATM,2044,916.228,360.032,1276.26,1276.26,1144.51,4.54747e-13,3.56313e-14
A6,CATM,2045,926.587,353.016,1279.6,1279.6,1146.36,-6.82121e-13,-5.33073e-14
A6,CATM,2046,937.063,345.232,1282.29,1282.29,1147.55,-4.54747e-13,-3.54636e-14
A6,CATM,2047,947.656,337.43,1285.09,1285.09,1148.81,9.09495e-13,7.07731e-14
A6,CATM,2048,958.369,327.638,1286.01,1286.01,1148.19,2.27374e-13,1.76806e-14
A6,CATM,2049,969.203,316.387,1285.59,1285.59,1146.22,-4.54747e-13,-3.53727e-14
A6,CATM,2050,980.159,304.263,1284.42,1284.42,1143.47,6.82121e-13,5.31073e-14
A6,SHGM,2023,531,43.24,574.24,574.24,501.279,0,0
A6,SHGM,2024,518,36.53,554.53,554.53,495.466,0,0
A6,SHGM,2025,520.85,41.0915,561.942,561.942,502.553,0,0
A6,SHGM,2026,523.723,45.0901,568.813,568.813,509.096,3.41061e-13,5.996e-14
A6,SHGM,2027,526.619,49.7866,576.405,576.405,516.358,-1.11299e-10,-1.93092e-11
A6,SHGM,2028,529.538,54.7494,584.288,584.288,523.908,0,0
A6,SHGM,2029,532.248,59.7703,592.018,592.018,531.33,-2.27374e-13,-3.84065e-14
A6,SHGM,2030,534.766,64.7579,599.524,599.524,538.548,1.13687e-13,1.89628e-14
A6,SHGM,2031,537.111,69.7241,606.835,606.835,545.592,1.13687e-13,1.87344e-14
A6,SHGM,2032,539.298,74.3707,613.668,613.668,552.176,-1.36424e-12,-2.22309e-13
A6,SHGM,2033,541.342,79.0219,620.364,620.364,558.638,2.27374e-13,3.66517e-14
A6,SHGM,2034,543.257,83.8185,627.076,627.076,565.132,5.68434e-13,9.06484e-14
A6,SHGM,2035,545.057,88.7286,633.786,633.786,571.637,0,0
A6,SHGM,2036,547.063,92.885,639.948,639.948,577.57,-1.13687e-13,-1.7765e-14
A6,SHGM,2037,548.95,97.2004,646.151,646.151,583.557,0,0
A6,SHGM,2038,550.731,101.028,651.759,651.759,588.962,3.41061e-13,5.23293e-14
A6,SHGM,2039,552.416,104.709,657.124,657.124,594.136,3.41061e-13,5.1902e-14
A6,SHGM,2040,554.271,107.756,662.027,662.027,598.827,-1.13687e-13,-1.71725e-14
A6,SHGM,2041,556.023,110.553,666.577,666.577,603.177,3.41061e-13,5.1166e-14
A6,SHGM,2042,557.682,113.306,670.988,670.988,607.4,3.41061e-13,5.08296e-14
A6,SHGM,2043,559.258,115.872,675.129,675.129,611.361,-1.13687e-13,-1.68393e-14
A6,SHGM,2044,560.757,118.257,679.014,679.014,615.074,-1.25056e-12,-1.84172e-13
A6,SHGM,2045,561.536,120.855,682.391,682.391,618.363,5.68434e-13,8.33003e-14
A6,SHGM,2046,562.316,123.101,685.417,685.417,621.3,1.13687e-13,1.65865e-14
A6,SHGM,2047,563.097,125.243,688.34,688.34,624.133,2.27374e-13,3.30322e-14
A6,SHGM,2048,563.879,126.678,690.557,690.557,626.261,-4.54747e-13,-6.58523e-14
A6,SHGM,2049,564.662,127.532,692.194,692.194,627.81,2.27374e-13,3.28482e-14
A6,SHGM,2050,565.446,127.966,693.412,693.412,628.938,1.13687e-13,1.63953e-14
A6,CHKM,2023,2609.25,74.7687,2684.02,2684.02,2423.09,9.09495e-13,3.38856e-14
A6,CHKM,2024,2637.39,20.6355,2658.03,2658.03,2394.29,-9.09495e-13,-3.42169e-14
A6,CHKM,2025,2727.89,0,2727.89,2700.01,2427.22,27.8869,1.03285
A6,CHKM,2026,2733.34,0,2733.34,2731.01,2457.67,2.32969,0.085305
A6,CHKM,2027,2741.5,24.8285,2766.32,2766.32,2492.18,-2.27374e-12,-8.21934e-14
A6,CHKM,2028,2749.8,54.3516,2804.15,2804.15,2529.17,1.81899e-12,6.48678e-14
A6,CHKM,2029,2758.25,82.972,2841.22,2841.22,2565.39,2.72848e-12,9.60322e-14
A6,CHKM,2030,2766.85,110.367,2877.22,2877.22,2600.54,0,0
A6,CHKM,2031,2775.64,137.353,2912.99,2912.99,2635.43,-1.81899e-12,-6.2444e-14
A6,CHKM,2032,2784.61,159.96,2944.57,2944.57,2666.11,-4.09273e-12,-1.38992e-13
A6,CHKM,2033,2793.79,181.541,2975.33,2975.33,2695.95,-9.09495e-13,-3.05678e-14
A6,CHKM,2034,2803.2,203.214,3006.41,3006.41,2726.09,-1.81899e-12,-6.05037e-14
A6,CHKM,2035,2812.85,224.701,3037.55,3037.55,2756.26,5.45697e-12,1.7965e-13
A6,CHKM,2036,2831.01,234.56,3065.57,3065.57,2782.47,3.18323e-12,1.03838e-13
A6,CHKM,2037,2847.25,246.291,3093.54,3093.54,2808.82,1.81899e-12,5.87996e-14
A6,CHKM,2038,2862.56,255.174,3117.74,3117.74,2831.48,-4.54747e-13,-1.45858e-14
A6,CHKM,2039,2877.44,263.364,3140.81,3140.81,2853.06,-1.36424e-12,-4.34361e-14
A6,CHKM,2040,2892.14,268.886,3161.02,3161.02,2871.81,9.09495e-13,2.87722e-14
A6,CHKM,2041,2906.78,273.136,3179.91,3179.91,2889.23,-4.54747e-13,-1.43006e-14
A6,CHKM,2042,2921.42,276.428,3197.85,3197.85,2905.71,-5.00222e-12,-1.56425e-13
A6,CHKM,2043,2936.1,278.55,3214.66,3214.66,2921.04,-9.09495e-13,-2.82921e-14
A6,CHKM,2044,2950.84,279.607,3230.45,3230.45,2935.37,-4.54747e-13,-1.40769e-14
A6,CHKM,2045,2965.65,278.341,3243.99,3243.99,2947.42,1.36424e-12,4.20545e-14
A6,CHKM,2046,2980.51,275.575,3256.09,3256.09,2958.04,1.81899e-12,5.58642e-14
A6,CHKM,2047,2995.45,272.945,3268.4,3268.4,2968.85,1.81899e-12,5.56538e-14
A6,CHKM,2048,3010.46,266.075,3276.54,3276.54,2975.49,0,0
A6,CHKM,2049,3025.55,256.081,3281.63,3281.63,2979.07,-1.81899e-12,-5.54295e-14
A6,CHKM,2050,3040.7,244.252,3284.96,3284.96,2980.89,3.18323e-12,9.69033e-14
A6,EGGS,2023,3028.55,0,3028.55,3011.87,2383.06,16.68,0.553809
A6,EGGS,2024,3049.8,0,3049.8,3031.91,2386.64,17.8911,0.590095
A6,EGGS,2025,3064.17,0,3064.17,3050.52,2396.19,13.6443,0.447278
A6,EGGS,2026,3076.52,0,3076.52,3067.32,2404.03,9.1996,0.299923
A6,EGGS,2027,3087.18,0,3087.18,3086.53,2414.28,0.650299,0.0210689
A6,EGGS,2028,3096.41,11.3287,3107.74,3107.74,2426.5,-5.45697e-12,-1.75593e-13
A6,EGGS,2029,3104.45,23.0377,3127.49,3127.49,2437.21,-1.36424e-12,-4.3621e-14
A6,EGGS,2030,3111.51,34.2255,3145.74,3145.74,2446.43,-1.36424e-12,-4.33679e-14
A6,EGGS,2031,3117.77,46.0903,3163.86,3163.86,2455.47,1.36424e-12,4.31195e-14
A6,EGGS,2032,3123.39,52.9337,3176.32,3176.32,2458.84,-9.09495e-13,-2.86336e-14
A6,EGGS,2033,3128.5,58.8488,3187.34,3187.34,2460.71,1.36424e-12,4.28018e-14
A6,EGGS,2034,3133.22,64.7451,3197.97,3197.97,2462.08,0,0
A6,EGGS,2035,3137.68,70.2031,3207.88,3207.88,2462.63,0,0
A6,EGGS,2036,3122.82,97.2508,3220.07,3220.07,2466.23,-9.09495e-13,-2.82445e-14
A6,EGGS,2037,3107.57,123.787,3231.36,3231.36,2469.32,0,0
A6,EGGS,2038,3092.02,147.2,3239.22,3239.22,2469.42,9.09495e-13,2.80776e-14
A6,EGGS,2039,3076.25,169.829,3246.08,3246.08,2468.87,-2.72848e-12,-8.40546e-14
A6,EGGS,2040,3060.33,190.115,3250.45,3250.45,2466.18,-4.54747e-13,-1.39903e-14
A6,EGGS,2041,3044.31,209.89,3254.19,3254.19,2463.18,-9.09495e-13,-2.79484e-14
A6,EGGS,2042,3028.21,228.271,3256.48,3256.48,2459.04,1.36424e-12,4.18931e-14
A6,EGGS,2043,3012.09,245.835,3257.92,3257.92,2454.33,1.36424e-12,4.18746e-14
A6,EGGS,2044,2995.95,262.693,3258.65,3258.65,2449.17,-9.09495e-13,-2.79102e-14
A6,EGGS,2045,2979.83,277.79,3257.62,3257.62,2442.53,-4.09273e-12,-1.25636e-13
A6,EGGS,2046,2963.73,291.988,3255.72,3255.72,2435.27,0,0
A6,EGGS,2047,2947.67,306.37,3254.04,3254.04,2428.45,-9.09495e-13,-2.79497e-14
A6,EGGS,2048,2931.66,317.453,3249.12,3249.12,2418.66,0,0
A6,EGGS,2049,2915.71,326.229,3241.94,3241.94,2406.85,-9.09495e-13,-2.8054e-14
A6,EGGS,2050,2899.82,333.809,3233.63,3233.63,2394.14,-1.36424e-12,-4.21892e-14
A6,MILK,2023,4197,1694.13,5891.13,5891.13,5223.43,-9.09495e-13,-1.54384e-14
A6,MILK,2024,4079,1555.36,5634.36,5634.36,4998.61,0,0
A6,MILK,2025,3962.98,1738.59,5701.57,5701.57,5083.91,-3.63798e-12,-6.38066e-14
A6,MILK,2026,4076.9,1725.19,5802.08,5802.08,5166.67,0,0
A6,MILK,2027,4194.25,1717.45,5911.7,5911.7,5257.99,0,0
A6,MILK,2028,4315.16,1711.88,6027.04,6027.04,5354.49,-1.81899e-12,-3.01805e-14
A6,MILK,2029,4439.77,1701.45,6141.22,6141.22,5449.25,-3.63798e-12,-5.92387e-14
A6,MILK,2030,4568.19,1685.51,6253.7,6253.7,5541.72,-3.63798e-12,-5.81732e-14
A6,MILK,2031,4613.62,1741.6,6355.22,6355.22,5636.15,9.09495e-13,1.4311e-14
A6,MILK,2032,4659.77,1787.94,6447.71,6447.71,5721.45,-9.09495e-12,-1.41057e-13
A6,MILK,2033,4706.69,1831.8,6538.49,6538.49,5804.91,0,0
A6,MILK,2034,4754.41,1875.52,6629.93,6629.93,5888.91,-2.72848e-12,-4.11541e-14
A6,MILK,2035,4802.98,1918.47,6721.45,6721.45,5972.87,9.09495e-13,1.35312e-14
A6,MILK,2036,4843.47,1962.35,6805.83,6805.83,6050.93,-9.09495e-13,-1.33635e-14
A6,MILK,2037,4876.93,2012.48,6889.41,6889.41,6129.3,2.72848e-12,3.9604e-14
A6,MILK,2038,4904.66,2059.25,6963.91,6963.91,6199.48,0,0
A6,MILK,2039,4927.77,2107.4,7035.17,7035.17,6267.13,9.09495e-13,1.29278e-14
A6,MILK,2040,4947.13,2152.25,7099.39,7099.39,6328.34,9.09495e-13,1.28109e-14
A6,MILK,2041,4963.49,2199.3,7162.78,7162.78,6389.18,-1.81899e-12,-2.5395e-14
A6,MILK,2042,4977.41,2246.16,7223.57,7223.57,6447.8,-4.54747e-12,-6.29532e-14
A6,MILK,2043,4989.39,2292.01,7281.4,7281.4,6503.76,-7.27596e-12,-9.99253e-14
A6,MILK,2044,4999.79,2336.75,7336.55,7336.55,6557.29,9.09495e-13,1.23968e-14
A6,MILK,2045,5008.94,2377.26,7386.2,7386.2,6605.52,1.81899e-12,2.46269e-14
A6,MILK,2046,5017.08,2416,7433.08,7433.08,6651.13,3.63798e-12,4.89431e-14
A6,MILK,2047,5024.41,2455.7,7480.12,7480.12,6697.02,-9.09495e-13,-1.21588e-14
A6,MILK,2048,5031.09,2486.19,7517.28,7517.28,6733.14,9.09495e-13,1.20987e-14
A6,MILK,2049,5037.26,2509.81,7547.07,7547.07,6761.97,9.09495e-13,1.2051e-14
A6,MILK,2050,5043,2529.41,7572.42,7572.42,6786.42,-3.63798e-12,-4.80425e-14
A6,FISH,2023,7116.2,296,7412.2,7412.2,3132.04,0,0
A6,FISH,2024,7366,269,7635,7635,3204.13,0,0
A6,FISH,2025,7453.32,280.33,7733.65,7733.65,3237.87,6.36646e-12,8.23216e-14
A6,FISH,2026,7540.81,287.321,7828.13,7828.13,3267.22,-9.09495e-13,-1.16183e-14
A6,FISH,2027,7628.49,298.901,7927.39,7927.39,3300.58,-9.09495e-13,-1.14728e-14
A6,FISH,2028,7716.36,314.621,8030.98,8030.98,3337.4,2.72848e-12,3.39745e-14
A6,FISH,2029,7804.43,330.049,8134.48,8134.48,3373.17,-6.36646e-12,-7.82652e-14
A6,FISH,2030,7892.71,344.77,8237.48,8237.48,3407.99,3.63798e-12,4.41637e-14
A6,FISH,2031,7981.22,358.763,8339.98,8339.98,3441.51,1.81899e-12,2.18105e-14
A6,FISH,2032,8069.98,366.683,8436.66,8436.66,3468.71,-1.81899e-11,-2.15605e-13
A6,FISH,2033,8159,374.472,8533.48,8533.48,3495.19,1.81899e-12,2.13159e-14
A6,FISH,2034,8248.33,383.699,8632.03,8632.03,3522.41,-3.63798e-12,-4.21451e-14
A6,FISH,2035,8333.86,397.591,8731.45,8731.45,3550.06,0,0
A6,FISH,2036,8405.51,430.559,8836.07,8836.07,3571.9,-3.63798e-12,-4.11719e-14
A6,FISH,2037,8461.78,476.498,8938.28,8938.28,3593.14,-1.81899e-12,-2.03506e-14
A6,FISH,2038,8505.54,529.243,9034.78,9034.78,3610.33,0,0
A6,FISH,2039,8539.17,590.21,9129.38,9129.38,3626.65,-1.81899e-12,-1.99246e-14
A6,FISH,2040,8564.61,655.472,9220.08,9220.08,3640.02,0,0
A6,FISH,2041,8583.44,724.694,9308.14,9308.14,3651.27,0,0
A6,FISH,2042,8596.97,797.165,9394.13,9394.13,3660.91,3.63798e-12,3.87261e-14
A6,FISH,2043,8606.22,872.81,9479.03,9479.03,3669.71,-7.27596e-12,-7.67585e-14
A6,FISH,2044,8612.05,951.068,9563.12,9563.12,3677.83,3.63798e-12,3.80418e-14
A6,FISH,2045,8615.13,1029.75,9644.88,9644.88,3683.8,-1.63709e-11,-1.69737e-13
A6,FISH,2046,8616.01,1109.15,9725.15,9725.15,3688.32,0,0
A6,FISH,2047,8615.13,1190.92,9806.04,9806.04,3693.32,-1.81899e-12,-1.85497e-14
A6,FISH,2048,8612.83,1269.5,9882.33,9882.33,3694,-5.45697e-12,-5.52195e-14
A6,FISH,2049,8609.42,1346.03,9955.44,9955.44,3691.67,0,0
A6,FISH,2050,8605.1,1421.92,10027,10027,3687.84,-1.81899e-12,-1.81409e-14
B1,RICE,2023,20660.3,100.6,20760.9,20760.9,15799.6,3.63798e-12,1.75232e-14
B1,RICE,2024,20753.5,78.57,20832.1,20832.1,15650,0,0
B1,RICE,2025,20794.1,0,20794.1,20734.8,15250.7,59.3823,0.28639
B1,RICE,2026,20834.1,0,20834.1,20650.6,14879.5,183.497,0.88858
B1,RICE,2027,20873.2,0,20873.2,20542.6,14518.8,330.642,1.60954
B1,RICE,2028,20911.5,0,20911.5,20423.9,14164.9,487.61,2.38745
B1,RICE,2029,20948.9,0,20948.9,20314.4,13817.1,634.492,3.12337
B1,RICE,2030,20985.2,0,20985.2,20215.4,13475.4,769.859,3.80829
B1,RICE,2031,21004.7,0,21004.7,20085.1,13152,919.603,4.57854
B1,RICE,2032,21022.9,0,21022.9,19924.6,12833,1098.3,5.51227
B1,RICE,2033,21039.7,0,21039.7,19772.5,12519.3,1267.17,6.40876
B1,RICE,2034,21054.9,0,21054.9,19628.6,12210.9,1426.32,7.26657
B1,RICE,2035,21068.5,0,21068.5,19493.1,11908.1,1575.34,8.08154
B1,RICE,2036,21079.7,0,21079.7,19365.3,11620.6,1714.45,8.85324
B1,RICE,2037,21089,0,21089,19243.1,11338.1,1845.89,9.59247
B1,RICE,2038,21096.5,0,21096.5,19127.5,11061.3,1968.94,10.2938
B1,RICE,2039,21102.4,0,21102.4,19018.9,10790.7,2083.54,10.9551
B1,RICE,2040,21107,0,21107,18916.2,10525.1,2190.71,11.5811
B1,RICE,2041,21110.3,0,21110.3,18826.4,10271.5,2283.86,12.1312
B1,RICE,2042,21112.5,0,21112.5,18741.6,10021.8,2370.89,12.6504
B1,RICE,2043,21113.7,0,21113.7,18662.6,9776.93,2451.19,13.1342
B1,RICE,2044,21114.1,0,21114.1,18589.3,9536.77,2524.8,13.582
B1,RICE,2045,21113.5,0,21113.5,18521.3,9300.89,2592.26,13.9961
B1,RICE,2046,21112.2,0,21112.2,18459.4,9070.12,2652.81,14.371
B1,RICE,2047,21110.2,0,21110.2,18401.7,8842.38,2708.58,14.7192
B1,RICE,2048,21107.6,0,21107.6,18348.3,8618,2759.27,15.0383
B1,RICE,2049,21104.3,0,21104.3,18298.8,8396.38,2805.56,15.332
B1,RICE,2050,21100.5,0,21100.5,18252.9,8177.4,2847.59,15.6007
B1,WHEA,2023,13659,1189.4,14848.4,14848.4,9162.85,-1.81899e-12,-1.22504e-14
B1,WHEA,2024,14009.9,1106.26,15116.2,15116.2,9100,3.63798e-12,2.40668e-14
B1,WHEA,2025,14115.7,887.839,15003.5,15003.5,8867.68,-1.81899e-12,-1.21237e-14
B1,WHEA,2026,14217.3,692.556,14909.9,14909.9,8651.56,1.09139e-11,7.31995e-14
B1,WHEA,2027,14314.7,508.162,14822.9,14822.9,8441.32,1.81899e-12,1.22715e-14
B1,WHEA,2028,14407.9,332.868,14740.8,14740.8,8234.85,0,0
B1,WHEA,2029,14496.8,167.078,14663.9,14663.9,8031.67,9.09495e-12,6.20226e-14
B1,WHEA,2030,14581.4,10.3221,14591.7,14591.7,7831.91,7.27596e-12,4.98637e-14
B1,WHEA,2031,14595.7,0,14595.7,14456,7642.58,139.698,0.966365
B1,WHEA,2032,14605,0,14605,14320.3,7455.55,284.668,1.98786
B1,WHEA,2033,14608.9,0,14608.9,14186.7,7271.46,422.205,2.97606
B1,WHEA,2034,14607.3,0,14607.3,14055,7090.18,552.264,3.9293
B1,WHEA,2035,14599.8,0,14599.8,13925.4,6911.9,674.434,4.84321
B1,WHEA,2036,14588.4,0,14588.4,13790.4,6742.67,798.021,5.78679
B1,WHEA,2037,14573.5,0,14573.5,13657.1,6576.41,916.348,6.70967
B1,WHEA,2038,14555.4,0,14555.4,13526.2,6413.65,1029.2,7.60897
B1,WHEA,2039,14534.5,0,14534.5,13397.7,6254.5,1136.72,8.48444
B1,WHEA,2040,14511,0,14511,13271.4,6098.45,1239.65,9.34078
B1,WHEA,2041,14485.3,0,14485.3,13150.9,5949.37,1334.36,10.1465
B1,WHEA,2042,14457.6,0,14457.6,13032,5802.74,1425.59,10.9392
B1,WHEA,2043,14428,0,14428,12914.9,5658.95,1513.14,11.7163
B1,WHEA,2044,14396.8,0,14396.8,12799.7,5518,1597.16,12.4782
B1,WHEA,2045,14364.2,0,14364.2,12686.1,5379.63,1678.18,13.2286
B1,WHEA,2046,14330.4,0,14330.4,12574.6,5244.31,1755.79,13.963
B1,WHEA,2047,14295.4,0,14295.4,12464,5110.84,1831.33,14.6929
B1,WHEA,2048,14259.4,0,14259.4,12354.6,4979.4,1904.74,15.4172
B1,WHEA,2049,14222.5,0,14222.5,12246,4849.64,1976.49,16.1399
B1,WHEA,2050,14184.8,0,14184.8,12138,4721.5,2046.78,16.8625
B1,MAIZ,2023,28884,2712.1,31596.1,31596.1,1890,0,0
B1,MAIZ,2024,29492,1363,30855,30855,1890,0,0
B1,MAIZ,2025,29896.1,1138.52,31034.6,31034.6,1877.44,-3.63798e-12,-1.17223e-14
B1,MAIZ,2026,30301.1,918.979,31220.1,31220.1,1866.89,-3.63798e-12,-1.16527e-14
B1,MAIZ,2027,30706.7,1373.95,32080.6,32080.6,1856.63,0,0
B1,MAIZ,2028,31112.1,1279.05,32391.1,32391.1,1845.99,7.27596e-12,2.24628e-14
B1,MAIZ,2029,31516.8,1093.11,32609.9,32609.9,1834.95,0,0
B1,MAIZ,2030,31920.1,879.524,32799.7,32799.7,1823.54,0,0
B1,MAIZ,2031,31929.1,845.115,32774.2,32774.2,1813.41,-7.27596e-12,-2.22003e-14
B1,MAIZ,2032,31930.2,826.088,32756.3,32756.3,1802.95,0,0
B1,MAIZ,2033,31922.7,807.803,32730.5,32730.5,1792.17,7.27596e-12,2.22299e-14
B1,MAIZ,2034,31915,783.544,32698.5,32698.5,1781.05,-1.45519e-11,-4.45033e-14
B1,MAIZ,2035,31897,761.543,32658.5,32658.5,1769.68,7.27596e-12,2.22789e-14
B1,MAIZ,2036,31872,934.297,32806.3,32806.3,1759.42,-7.27596e-12,-2.21785e-14
B1,MAIZ,2037,31840.8,1105.61,32946.4,32946.4,1748.88,-7.27596e-12,-2.20842e-14
B1,MAIZ,2038,31804.1,1276.28,33080.4,33080.4,1738.06,-7.27596e-12,-2.19948e-14
B1,MAIZ,2039,31762.5,1446.69,33209.1,33209.1,1727.03,0,0
B1,MAIZ,2040,31716.5,1617.04,33333.5,33333.5,1715.66,-7.27596e-12,-2.18278e-14
B1,MAIZ,2041,31666.6,1788.13,33454.7,33454.7,1705.16,1.45519e-11,4.34973e-14
B1,MAIZ,2042,31613.3,1958.61,33571.9,33571.9,1694.34,7.27596e-12,2.16728e-14
B1,MAIZ,2043,31556.9,2128.3,33685.2,33685.2,1683.21,0,0
B1,MAIZ,2044,31497.8,2297,33794.8,33794.8,1671.78,0,0
B1,MAIZ,2045,31436.3,2463.56,33899.9,33899.9,1660.01,7.27596e-12,2.14631e-14
B1,MAIZ,2046,31372.7,2628.7,34001.4,34001.4,1648.07,-7.27596e-12,-2.1399e-14
B1,MAIZ,2047,31307.2,2791.73,34098.9,34098.9,1635.61,-7.27596e-12,-2.13378e-14
B1,MAIZ,2048,31240,2952.42,34192.4,34192.4,1622.66,7.27596e-12,2.12794e-14
B1,MAIZ,2049,31171.4,3110.31,34281.7,34281.7,1609.12,7.27596e-12,2.1224e-14
B1,MAIZ,2050,31101.4,3265.07,34366.5,34366.5,1594.97,0,0
B1,POTA,2023,9150,0,9150,9125,5872,25,0.273973
B1,POTA,2024,9500,0,9500,9445,6081.92,55,0.582319
B1,POTA,2025,9564.68,0,9564.68,9381.02,5984.51,183.665,1.95784
B1,POTA,2026,9625.18,0,9625.18,9333.98,5894.64,291.198,3.11976
B1,POTA,2027,9681.49,0,9681.49,9314.91,5807.2,366.585,3.93546
B1,POTA,2028,9733.56,0,9733.56,9291.97,5719.58,441.583,4.7523
B1,POTA,2029,9781.37,0,9781.37,9280.49,5631.83,500.879,5.39712
B1,POTA,2030,9824.87,0,9824.87,9266.58,5544.01,558.286,6.02472
B1,POTA,2031,9863.92,0,9863.92,9253.16,5461.32,610.757,6.60052
B1,POTA,2032,9898.47,0,9898.47,9238.28,5379.07,660.191,7.14626
B1,POTA,2033,9928.33,0,9928.33,9222.97,5297,705.36,7.64786
B1,POTA,2034,9953.35,0,9953.35,9206.37,5215.06,746.981,8.11374
B1,POTA,2035,9973.36,0,9973.36,9192.34,5133.52,781.011,8.49631
B1,POTA,2036,9993.11,0,9993.11,9185.51,5056.2,807.607,8.79219
B1,POTA,2037,10012.1,0,10012.1,9176.81,4979.14,835.246,9.1017
B1,POTA,2038,10030.2,0,10030.2,9166.01,4902.09,864.217,9.4285
B1,POTA,2039,10047.6,0,10047.6,9153.29,4825.21,894.347,9.77077
B1,POTA,2040,10064.3,0,10064.3,9138.37,4748.2,925.964,10.1327
B1,POTA,2041,10080.3,0,10080.3,9124.73,4674.52,955.598,10.4726
B1,POTA,2042,10095.7,0,10095.7,9109.2,4600.98,986.453,10.8292
B1,POTA,2043,10110.3,0,10110.3,9091.62,4527.37,1018.72,11.205
B1,POTA,2044,10124.4,0,10124.4,9072.08,4453.77,1052.31,11.5994
B1,POTA,2045,10137.8,0,10137.8,9050.43,4380.03,1087.4,12.0149
B1,POTA,2046,10150.7,0,10150.7,9027.3,4306.72,1123.38,12.4443
B1,POTA,2047,10163,0,10163,9001.82,4232.93,1161.16,12.8992
B1,POTA,2048,10174.7,0,10174.7,8974.07,4158.75,1200.64,13.379
B1,POTA,2049,10185.9,0,10185.9,8943.82,4083.91,1242.09,13.8876
B1,POTA,2050,10196.6,0,10196.6,8911.09,4008.41,1285.49,14.4258
B1,SOYS,2023,2084.17,9849,11933.2,11933.2,1550,0,0
B1,SOYS,2024,2065,10497,12562,12562,1675,-1.81899e-12,-1.44801e-14
B1,SOYS,2025,2190,10036.6,12226.6,12226.6,1676.89,0,0
B1,SOYS,2026,2322.21,9725.45,12047.7,12047.7,1678.87,1.45519e-11,1.20786e-13
B1,SOYS,2027,2462,9443.82,11905.8,11905.8,1681.39,-3.63798e-12,-3.05563e-14
B1,SOYS,2028,2609.75,9179.47,11789.2,11789.2,1683.46,0,0
B1,SOYS,2029,2765.82,8931.63,11697.4,11697.4,1685.17,1.81899e-12,1.55503e-14
B1,SOYS,2030,2930.63,8690.91,11621.5,11621.5,1686.44,7.27596e-12,6.26075e-14
B1,SOYS,2031,2961.78,8551.82,11513.6,11513.6,1687.68,1.81899e-12,1.57986e-14
B1,SOYS,2032,2992.54,8421.01,11413.5,11413.5,1688.91,-1.81899e-12,-1.59371e-14
B1,SOYS,2033,3022.79,8300.62,11323.4,11323.4,1689.85,-1.81899e-12,-1.6064e-14
B1,SOYS,2034,3052.01,8189.93,11241.9,11241.9,1690.48,-5.45697e-12,-4.85412e-14
B1,SOYS,2035,3080.52,8087.67,11168.2,11168.2,1690.89,0,0
B1,SOYS,2036,3096.98,8114.04,11211,11211,1691.12,0,0
B1,SOYS,2037,3105.98,8142.58,11248.6,11248.6,1691.13,-1.81899e-12,-1.61709e-14
B1,SOYS,2038,3110.42,8171.72,11282.1,11282.1,1690.66,-3.63798e-12,-3.22455e-14
B1,SOYS,2039,3112.05,8200.75,11312.8,11312.8,1689.75,1.81899e-12,1.6079e-14
B1,SOYS,2040,3111.96,8229.27,11341.2,11341.2,1688.29,5.45697e-12,4.81162e-14
B1,SOYS,2041,3110.79,8257.29,11368.1,11368.1,1686.58,-3.63798e-12,-3.20017e-14
B1,SOYS,2042,3108.92,8284.72,11393.6,11393.6,1684.55,-3.63798e-12,-3.19299e-14
B1,SOYS,2043,3106.6,8311.35,11417.9,11417.9,1681.99,-1.81899e-12,-1.5931e-14
B1,SOYS,2044,3103.96,8337.25,11441.2,11441.2,1678.91,0,0
B1,SOYS,2045,3101.09,8362.19,11463.3,11463.3,1675.24,-1.81899e-12,-1.5868e-14
B1,SOYS,2046,3098.05,8386.45,11484.5,11484.5,1670.93,0,0
B1,SOYS,2047,3094.87,8410.01,11504.9,11504.9,1665.92,-1.81899e-12,-1.58106e-14
B1,SOYS,2048,3091.56,8432.9,11524.5,11524.5,1660.18,-1.81899e-12,-1.57837e-14
B1,SOYS,2049,3088.15,8455.04,11543.2,11543.2,1653.58,0,0
B1,SOYS,2050,3084.63,8476.45,11561.1,11561.1,1646.1,1.81899e-12,1.57337e-14
B1,RAPS,2023,1631.74,519.81,2151.55,2151.55,0,0,0
B1,RAPS,2024,1674,638.56,2312.56,2312.56,0,0,0
B1,RAPS,2025,1717.63,628.481,2346.11,2346.11,0,9.09495e-13,3.8766e-14
B1,RAPS,2026,1762.14,614.208,2376.35,2376.35,0,9.09495e-13,3.82728e-14
B1,RAPS,2027,1807.5,586.552,2394.05,2394.05,0,0,0
B1,RAPS,2028,1853.7,559.211,2412.91,2412.91,0,-9.09495e-13,-3.76928e-14
B1,RAPS,2029,1900.72,532.654,2433.37,2433.37,0,9.09495e-13,3.73759e-14
B1,RAPS,2030,1948.52,506.343,2454.87,2454.87,0,1.36424e-12,5.5573e-14
B1,RAPS,2031,1961.93,501.691,2463.62,2463.62,0,-9.09495e-13,-3.69169e-14
B1,RAPS,2032,1974.95,496.164,2471.12,2471.12,0,0,0
B1,RAPS,2033,1987.52,491.508,2479.03,2479.03,0,9.09495e-13,3.66876e-14
B1,RAPS,2034,1999.29,487.977,2487.27,2487.27,0,-4.54747e-13,-1.8283e-14
B1,RAPS,2035,2010.48,485.339,2495.82,2495.82,0,-9.09495e-13,-3.64407e-14
B1,RAPS,2036,2021.33,482.675,2504.01,2504.01,0,0,0
B1,RAPS,2037,2031.72,479.673,2511.39,2511.39,0,-4.54747e-13,-1.81074e-14
B1,RAPS,2038,2041.69,476.494,2518.19,2518.19,0,-1.36424e-12,-5.41756e-14
B1,RAPS,2039,2051.31,473.233,2524.54,2524.54,0,1.36424e-12,5.40391e-14
B1,RAPS,2040,2060.61,469.995,2530.61,2530.61,0,-4.54747e-13,-1.79699e-14
B1,RAPS,2041,2069.63,466.769,2536.4,2536.4,0,-1.36424e-12,-5.37865e-14
B1,RAPS,2042,2078.39,463.583,2541.98,2541.98,0,-1.36424e-12,-5.36685e-14
B1,RAPS,2043,2086.92,460.457,2547.38,2547.38,0,-9.09495e-13,-3.57031e-14
B1,RAPS,2044,2095.23,457.407,2552.64,2552.64,0,-9.09495e-13,-3.56296e-14
B1,RAPS,2045,2103.34,454.329,2557.67,2557.67,0,4.54747e-13,1.77797e-14
B1,RAPS,2046,2111.26,451.359,2562.62,2562.62,0,0,0
B1,RAPS,2047,2119.01,448.502,2567.51,2567.51,0,4.54747e-13,1.77116e-14
B1,RAPS,2048,2126.58,445.764,2572.34,2572.34,0,-4.54747e-13,-1.76783e-14
B1,RAPS,2049,2133.99,443.146,2577.13,2577.13,0,4.54747e-13,1.76455e-14
B1,RAPS,2050,2141.24,440.653,2581.89,2581.89,0,4.54747e-13,1.7613e-14
B1,GRDS,2023,1860,20,1880,1070,810,810,75.7009
B1,GRDS,2024,1900,5,1905,1905,850,-4.54747e-13,-2.38713e-14
B1,GRDS,2025,1927.66,0,1927.66,1910.98,858.54,16.6772,0.872702
B1,GRDS,2026,1955.42,0,1955.42,1917.83,866.822,37.5946,1.96027
B1,GRDS,2027,1967.56,0,1967.56,1926.04,875.759,41.5211,2.15578
B1,GRDS,2028,1979.41,0,1979.41,1934.55,884.443,44.8636,2.31907
B1,GRDS,2029,1990.96,0,1990.96,1943.69,893.011,47.2684,2.43189
B1,GRDS,2030,2002.16,0,2002.16,1953.1,901.349,49.0536,2.51157
B1,GRDS,2031,2012.96,0,2012.96,1960.05,909.575,52.901,2.69895
B1,GRDS,2032,2023.32,0,2023.32,1967.07,918.22,56.2526,2.85972
B1,GRDS,2033,2033.18,0,2033.18,1974.35,926.828,58.8296,2.97969
B1,GRDS,2034,2042.2,0,2042.2,1981.9,935.401,60.2968,3.04237
B1,GRDS,2035,2050.6,0,2050.6,1989.76,944.009,60.8382,3.05757
B1,GRDS,2036,2057.18,0,2057.18,2003.79,952.282,53.3855,2.66422
B1,GRDS,2037,2062.3,0,2062.3,2017.56,960.595,44.7442,2.21774
B1,GRDS,2038,2066.24,0,2066.24,2030.68,968.483,35.5681,1.75154
B1,GRDS,2039,2069.24,0,2069.24,2043.23,975.962,26.0094,1.27295
B1,GRDS,2040,2071.48,0,2071.48,2055.21,982.952,16.2744,0.791862
B1,GRDS,2041,2073.12,0,2073.12,2066.74,989.582,6.37391,0.308404
B1,GRDS,2042,2074.26,3.85356,2078.11,2078.11,996.112,1.00044e-11,4.81419e-13
B1,GRDS,2043,2075.01,13.9321,2088.95,2088.95,1002.14,-9.09495e-13,-4.35384e-14
B1,GRDS,2044,2075.45,23.7949,2099.25,2099.25,1007.68,-4.54747e-13,-2.16624e-14
B1,GRDS,2045,2075.64,33.2873,2108.93,2108.93,1012.66,9.09495e-13,4.31258e-14
B1,GRDS,2046,2075.63,42.3803,2118.01,2118.01,1017.04,0,0
B1,GRDS,2047,2075.46,51.0675,2126.53,2126.53,1020.85,-1.36424e-12,-6.41534e-14
B1,GRDS,2048,2075.16,59.2193,2134.38,2134.38,1023.99,9.09495e-13,4.26116e-14
B1,GRDS,2049,2074.76,66.7299,2141.49,2141.49,1026.38,-9.09495e-13,-4.24702e-14
B1,GRDS,2050,2074.28,73.5532,2147.83,2147.83,1027.97,4.54747e-13,2.11724e-14
B1,COTT,2023,561.8,191,752.8,752.8,0,0,0
B1,COTT,2024,616.4,261.8,878.2,878.2,0,0,0
B1,COTT,2025,617.205,188.739,805.943,805.943,0,0,0
B1,COTT,2026,617.917,185.43,803.348,803.348,0,1.13687e-13,1.41516e-14
B1,COTT,2027,618.53,182.211,800.742,800.742,0,0,0
B1,COTT,2028,619.032,179.087,798.12,798.12,0,1.13687e-13,1.42443e-14
B1,COTT,2029,619.417,176.108,795.525,795.525,0,3.41061e-13,4.28724e-14
B1,COTT,2030,619.673,173.234,792.907,792.907,0,1.13687e-13,1.4338e-14
B1,COTT,2031,619.787,170.503,790.29,790.29,0,-1.13687e-13,-1.43855e-14
B1,COTT,2032,619.75,167.95,787.7,787.7,0,2.27374e-13,2.88655e-14
B1,COTT,2033,619.544,165.591,785.135,785.135,0,2.27374e-13,2.89598e-14
B1,COTT,2034,615.991,167.284,783.275,783.275,0,5.68434e-13,7.25715e-14
B1,COTT,2035,612.262,169.179,781.441,781.441,0,0,0
B1,COTT,2036,608.524,171.048,779.573,779.573,0,1.13687e-13,1.45832e-14
B1,COTT,2037,604.721,173.549,778.27,778.27,0,0,0
B1,COTT,2038,600.856,176.611,777.467,777.467,0,0,0
B1,COTT,2039,596.933,180.174,777.106,777.106,0,2.27374e-13,2.9259e-14
B1,COTT,2040,592.955,184.176,777.131,777.131,0,1.13687e-13,1.4629e-14
B1,COTT,2041,588.928,188.57,777.498,777.498,0,1.13687e-13,1.46221e-14
B1,COTT,2042,584.853,193.309,778.162,778.162,0,-2.27374e-13,-2.92193e-14
B1,COTT,2043,580.736,198.354,779.09,779.09,0,-6.82121e-13,-8.75536e-14
B1,COTT,2044,576.578,203.669,780.247,780.247,0,-2.27374e-13,-2.91412e-14
B1,COTT,2045,572.383,209.219,781.603,781.603,0,-1.13687e-13,-1.45453e-14
B1,COTT,2046,568.155,214.97,783.125,783.125,0,-2.27374e-13,-2.90341e-14
B1,COTT,2047,563.897,220.891,784.788,784.788,0,0,0
B1,COTT,2048,559.61,226.96,786.57,786.57,0,-1.13687e-13,-1.44535e-14
B1,COTT,2049,555.298,233.149,788.448,788.448,0,1.13687e-13,1.44191e-14
B1,COTT,2050,550.964,239.437,790.401,790.401,0,3.41061e-13,4.31503e-14
B1,SUGC,2023,789,0,789,789,0,0,0
B1,SUGC,2024,882,0,882,882,0,0,0
B1,SUGC,2025,1050.8,0,1050.8,895.23,0,155.567,17.3774
B1,SUGC,2026,1241.72,0,1241.72,908.658,0,333.059,36.6539
B1,SUGC,2027,1455.87,0,1455.87,922.288,0,533.584,57.8544
B1,SUGC,2028,1694.16,0,1694.16,936.123,0,758.041,80.9766
B1,SUGC,2029,1957.28,0,1957.28,950.164,0,1007.11,105.993
B1,SUGC,2030,2245.63,0,2245.63,964.417,0,1281.22,132.849
B1,SUGC,2031,2559.37,0,2559.37,978.883,0,1580.49,161.458
B1,SUGC,2032,2898.37,0,2898.37,993.566,0,1904.8,191.713
B1,SUGC,2033,3262.15,0,3262.15,1008.47,0,2253.68,223.475
B1,SUGC,2034,3649.96,0,3649.96,1023.6,0,2626.36,256.582
B1,SUGC,2035,4060.74,0,4060.74,1038.95,0,3021.79,290.85
B1,SUGC,2036,4425.45,0,4425.45,1054.54,0,3370.92,319.659
B1,SUGC,2037,4742.47,0,4742.47,1070.35,0,3672.11,343.075
B1,SUGC,2038,5013.21,0,5013.21,1086.41,0,3926.8,361.448
B1,SUGC,2039,5241.07,0,5241.07,1102.7,0,4138.36,375.292
B1,SUGC,2040,5430.5,0,5430.5,1119.25,0,4311.25,385.193
B1,SUGC,2041,5586.33,0,5586.33,1136.03,0,4450.3,391.74
B1,SUGC,2042,5713.35,0,5713.35,1153.07,0,4560.28,395.489
B1,SUGC,2043,5816.03,0,5816.03,1170.37,0,4645.66,396.939
B1,SUGC,2044,5898.38,0,5898.38,1187.93,0,4710.46,396.528
B1,SUGC,2045,5963.91,0,5963.91,1205.75,0,4758.16,394.624
B1,SUGC,2046,6015.6,0,6015.6,1223.83,0,4791.77,391.539
B1,SUGC,2047,6056,0,6056,1242.19,0,4813.81,387.527
B1,SUGC,2048,6087.22,0,6087.22,1260.82,0,4826.4,382.798
B1,SUGC,2049,6110.99,0,6110.99,1279.73,0,4831.25,377.52
B1,SUGC,2050,6128.74,0,6128.74,1298.93,0,4829.81,371.83
B1,SUGB,2023,108,0,108,108,0,0,0
B1,SUGB,2024,114,0,114,114,0,0,0
B1,SUGB,2025,114.232,0,114.232,114,0,0.232277,0.203752
B1,SUGB,2026,114.448,0,114.448,114,0,0.447737,0.392752
B1,SUGB,2027,114.645,0,114.645,114,0,0.645003,0.565792
B1,SUGB,2028,114.822,0,114.822,114,0,0.821923,0.720985
B1,SUGB,2029,114.977,0,114.977,114,0,0.977227,0.857217
B1,SUGB,2030,115.109,0,115.109,114,0,1.10884,0.972668
B1,SUGB,2031,115.214,0,115.214,114,0,1.21417,1.06506
B1,SUGB,2032,115.291,0,115.291,114,0,1.29149,1.13288
B1,SUGB,2033,115.337,0,115.337,114,0,1.33743,1.17319
B1,SUGB,2034,115.432,0,115.432,114,0,1.43248,1.25656
B1,SUGB,2035,115.49,0,115.49,114,0,1.49044,1.30741
B1,SUGB,2036,115.548,0,115.548,114,0,1.54844,1.35828
B1,SUGB,2037,115.606,0,115.606,114,0,1.60647,1.40918
B1,SUGB,2038,115.665,0,115.665,114,0,1.66453,1.46011
B1,SUGB,2039,115.723,0,115.723,114,0,1.72261,1.51106
B1,SUGB,2040,115.781,0,115.781,114,0,1.78073,1.56204
B1,SUGB,2041,115.839,0,115.839,114,0,1.83887,1.61304
B1,SUGB,2042,115.897,0,115.897,114,0,1.89704,1.66407
B1,SUGB,2043,115.955,0,115.955,114,0,1.95524,1.71513
B1,SUGB,2044,116.013,0,116.013,114,0,2.01347,1.76621
B1,SUGB,2045,116.072,0,116.072,114,0,2.07174,1.81731
B1,SUGB,2046,116.13,0,116.13,114,0,2.13002,1.86844
B1,SUGB,2047,116.188,0,116.188,114,0,2.18834,1.9196
B1,SUGB,2048,116.247,0,116.247,114,0,2.24669,1.97078
B1,SUGB,2049,116.305,0,116.305,114,0,2.30507,2.02199
B1,SUGB,2050,116.363,0,116.363,114,0,2.36348,2.07323
B1,FRTO,2023,32744.3,365.6,33109.9,33109.9,15628.1,0,0
B1,FRTO,2024,34500,109.86,34609.9,34609.9,16380,0,0
B1,FRTO,2025,34682.7,0,34682.7,34589.6,16349.3,93.0557,0.269028
B1,FRTO,2026,34862.3,0,34862.3,34556.1,16306.2,306.178,0.88603
B1,FRTO,2027,35038.7,0,35038.7,34524.6,16265.4,514.051,1.48894
B1,FRTO,2028,35211.1,0,35211.1,34488.1,16220.3,722.998,2.09637
B1,FRTO,2029,35379.4,0,35379.4,34446.7,16170.9,932.683,2.70761
B1,FRTO,2030,35543,0,35543,34400.3,16117.2,1142.69,3.32176
B1,FRTO,2031,35701.1,0,35701.1,34342,16052.5,1359.08,3.95747
B1,FRTO,2032,35853.4,0,35853.4,34280,15984.7,1573.41,4.58988
B1,FRTO,2033,35999,0,35999,34213.6,15913.3,1785.42,5.21846
B1,FRTO,2034,36163.2,0,36163.2,34149,15838.1,2014.25,5.89841
B1,FRTO,2035,36319.4,0,36319.4,34080.4,15759.8,2239.06,6.56994
B1,FRTO,2036,36458.1,0,36458.1,34042.3,15671.8,2415.81,7.09648
B1,FRTO,2037,36582.7,0,36582.7,33998.2,15581.5,2584.51,7.6019
B1,FRTO,2038,36696,0,36696,33948.3,15488.3,2747.74,8.0939
B1,FRTO,2039,36800.3,0,36800.3,33893.6,15392.9,2906.65,8.57581
B1,FRTO,2040,36897.3,0,36897.3,33833.6,15294.1,3063.71,9.05524
B1,FRTO,2041,36988.5,0,36988.5,33764,15187.5,3224.45,9.54996
B1,FRTO,2042,37075,0,37075,33690.5,15078.3,3384.51,10.0459
B1,FRTO,2043,37157.9,0,37157.9,33613,14966.2,3544.94,10.5464
B1,FRTO,2044,37237.8,0,37237.8,33531.7,14851.3,3706.12,11.0526
B1,FRTO,2045,37315.4,0,37315.4,33446.3,14733.2,3869.09,11.568
B1,FRTO,2046,37391.2,0,37391.2,33354.7,14609.6,4036.47,12.1016
B1,FRTO,2047,37465.5,0,37465.5,33257.9,14481.5,4207.58,12.6514
B1,FRTO,2048,37538.6,0,37538.6,33156.2,14349.1,4382.45,13.2176
B1,FRTO,2049,37610.9,0,37610.9,33048.7,14211.4,4562.24,13.8046
B1,FRTO,2050,37682.5,0,37682.5,32935.2,14068.4,4747.26,14.4139
B1,VEGT,2023,82868.1,0,82868.1,81577.7,19187.1,1290.41,1.58182
B1,VEGT,2024,83696.8,0,83696.8,82264,20415.5,1432.82,1.74174
B1,VEGT,2025,84308.9,0,84308.9,82690.1,20468.2,1618.84,1.95772
B1,VEGT,2026,84861.6,0,84861.6,83102.5,20517.6,1759.11,2.11679
B1,VEGT,2027,85356.2,0,85356.2,83506.1,20570.9,1850.19,2.21564
B1,VEGT,2028,85792.8,0,85792.8,83889,20619.6,1903.74,2.26936
B1,VEGT,2029,86172.1,0,86172.1,84251.2,20663.6,1920.88,2.27994
B1,VEGT,2030,86493.9,0,86493.9,84587.5,20703,1906.49,2.25387
B1,VEGT,2031,86757.1,0,86757.1,84896.5,20738.1,1860.6,2.1916
B1,VEGT,2032,86961.4,0,86961.4,85179.6,20770.1,1781.79,2.09181
B1,VEGT,2033,87104.2,0,87104.2,85433.2,20798.3,1670.93,1.95584
B1,VEGT,2034,87184,0,87184,85655.7,20822.7,1528.25,1.78418
B1,VEGT,2035,87198.2,0,87198.2,85846.3,20844.1,1351.97,1.57487
B1,VEGT,2036,87130.6,0,87130.6,85999.5,20859.2,1131.11,1.31525
B1,VEGT,2037,86997.5,0,86997.5,86113.2,20870.4,884.357,1.02697
B1,VEGT,2038,86812.4,0,86812.4,86193.4,20877.1,619.053,0.718214
B1,VEGT,2039,86586,0,86586,86246,20879.9,339.937,0.394148
B1,VEGT,2040,86326.9,0,86326.9,86273.8,20877.2,53.0661,0.061509
B1,VEGT,2041,86042,238.503,86280.5,86280.5,20869.6,4.36557e-11,5.05975e-14
B1,VEGT,2042,85736.9,532.224,86269.2,86269.2,20857.3,2.91038e-11,3.37361e-14
B1,VEGT,2043,85416.1,825.315,86241.4,86241.4,20839.9,0,0
B1,VEGT,2044,85083,1116.1,86199.1,86199.1,20817.5,-1.45519e-11,-1.68818e-14
B1,VEGT,2045,84740.5,1402.14,86142.6,86142.6,20789.2,0,0
B1,VEGT,2046,84390.8,1680.55,86071.3,86071.3,20753.5,1.45519e-11,1.69068e-14
B1,VEGT,2047,84035.8,1949.73,85985.5,85985.5,20710,0,0
B1,VEGT,2048,83676.8,2209.07,85885.9,85885.9,20658.7,1.45519e-11,1.69433e-14
B1,VEGT,2049,83315.1,2456.24,85771.4,85771.4,20598.1,-1.45519e-11,-1.69659e-14
B1,VEGT,2050,82951.5,2690.27,85641.8,85641.8,20527.9,1.45519e-11,1.69916e-14
B1,OTGR,2023,3739.7,384.9,4124.6,4124.6,217.92,6.36646e-12,1.54353e-13
B1,OTGR,2024,3815.6,192.67,4008.27,4008.27,164.532,1.36424e-12,3.40357e-14
B1,OTGR,2025,3816.35,200.901,4017.25,4017.25,163.681,-9.09495e-13,-2.26397e-14
B1,OTGR,2026,3817.1,211.645,4028.74,4028.74,162.988,0,0
B1,OTGR,2027,3817.85,223.803,4041.65,4041.65,162.327,-1.36424e-12,-3.37546e-14
B1,OTGR,2028,3818.6,236.938,4055.54,4055.54,161.628,9.09495e-13,2.2426e-14
B1,OTGR,2029,3819.35,251.605,4070.95,4070.95,160.89,-1.36424e-12,-3.35116e-14
B1,OTGR,2030,3820.1,267.132,4087.23,4087.23,160.113,9.09495e-13,2.22521e-14
B1,OTGR,2031,3820.85,276.856,4097.7,4097.7,159.44,-9.09495e-13,-2.21952e-14
B1,OTGR,2032,3821.6,285.357,4106.96,4106.96,158.746,-9.09495e-13,-2.21452e-14
B1,OTGR,2033,3822.35,294.426,4116.78,4116.78,158.022,0,0
B1,OTGR,2034,3825.85,301.355,4127.21,4127.21,157.266,0,0
B1,OTGR,2035,3829.36,308.807,4138.16,4138.16,156.486,-1.81899e-12,-4.39564e-14
B1,OTGR,2036,3832.86,315.93,4148.79,4148.79,155.792,-3.63798e-12,-8.76876e-14
B1,OTGR,2037,3836.38,322.168,4158.54,4158.54,155.074,-9.09495e-13,-2.18705e-14
B1,OTGR,2038,3839.89,327.739,4167.63,4167.63,154.323,-1.81899e-12,-4.36457e-14
B1,OTGR,2039,3843.41,332.791,4176.2,4176.2,153.544,-1.81899e-12,-4.35561e-14
B1,OTGR,2040,3846.93,337.45,4184.38,4184.38,152.726,2.72848e-12,6.52064e-14
B1,OTGR,2041,3850.46,341.838,4192.29,4192.29,151.974,-9.09495e-13,-2.16944e-14
B1,OTGR,2042,3853.98,345.908,4199.89,4199.89,151.193,0,0
B1,OTGR,2043,3857.51,349.692,4207.21,4207.21,150.376,-1.81899e-12,-4.32351e-14
B1,OTGR,2044,3861.05,353.224,4214.27,4214.27,149.525,0,0
B1,OTGR,2045,3864.59,356.395,4220.98,4220.98,148.634,1.81899e-12,4.3094e-14
B1,OTGR,2046,3868.13,359.363,4227.49,4227.49,147.718,0,0
B1,OTGR,2047,3871.67,362.11,4233.78,4233.78,146.751,0,0
B1,OTGR,2048,3875.22,364.648,4239.87,4239.87,145.731,9.09495e-13,2.1451e-14
B1,OTGR,2049,3878.77,366.967,4245.74,4245.74,144.65,-1.81899e-12,-4.28427e-14
B1,OTGR,2050,3882.32,369.069,4251.39,4251.39,143.506,1.81899e-12,4.27857e-14
B1,SORG,2023,318,485.8,803.8,803.8,67,-1.13687e-13,-1.41437e-14
B1,SORG,2024,314,865.5,1179.5,1179.5,65,0,0
B1,SORG,2025,314.35,864.949,1179.3,1179.3,64.656,2.27374e-13,1.92804e-14
B1,SORG,2026,314.624,865.124,1179.75,1179.75,64.3802,2.27374e-13,1.92731e-14
B1,SORG,2027,314.821,865.719,1180.54,1180.54,64.1247,-9.09495e-13,-7.70405e-14
B1,SORG,2028,314.94,866.613,1181.55,1181.55,63.8615,0,0
B1,SORG,2029,314.977,867.95,1182.93,1182.93,63.5915,0,0
B1,SORG,2030,314.931,869.558,1184.49,1184.49,63.3152,0,0
B1,SORG,2031,314.795,869.716,1184.51,1184.51,63.0888,-1.13687e-12,-9.59778e-14
B1,SORG,2032,314.568,869.605,1184.17,1184.17,62.8643,-2.27374e-13,-1.9201e-14
B1,SORG,2033,314.242,869.695,1183.94,1183.94,62.6393,6.82121e-13,5.76146e-14
B1,SORG,2034,313.812,869.987,1183.8,1183.8,62.414,0,0
B1,SORG,2035,313.271,870.476,1183.75,1183.75,62.1922,-2.27374e-13,-1.9208e-14
B1,SORG,2036,312.633,871.168,1183.8,1183.8,62.0032,-4.54747e-13,-3.84142e-14
B1,SORG,2037,311.996,871.837,1183.83,1183.83,61.804,0,0
B1,SORG,2038,311.36,872.514,1183.87,1183.87,61.591,-4.54747e-13,-3.84118e-14
B1,SORG,2039,310.725,873.219,1183.94,1183.94,61.366,-6.82121e-13,-5.76143e-14
B1,SORG,2040,310.092,873.968,1184.06,1184.06,61.1248,-4.54747e-13,-3.84058e-14
B1,SORG,2041,309.46,874.792,1184.25,1184.25,60.9087,-6.82121e-13,-5.75993e-14
B1,SORG,2042,308.83,875.651,1184.48,1184.48,60.6802,-2.27374e-13,-1.91961e-14
B1,SORG,2043,308.2,876.542,1184.74,1184.74,60.4365,-4.54747e-13,-3.83836e-14
B1,SORG,2044,307.572,877.463,1185.04,1185.04,60.1781,2.27374e-13,1.91871e-14
B1,SORG,2045,306.945,878.376,1185.32,1185.32,59.9028,0,0
B1,SORG,2046,306.32,879.316,1185.64,1185.64,59.6169,-2.27374e-13,-1.91774e-14
B1,SORG,2047,305.696,880.268,1185.96,1185.96,59.3088,0,0
B1,SORG,2048,305.073,881.229,1186.3,1186.3,58.9788,0,0
B1,SORG,2049,304.451,882.188,1186.64,1186.64,58.6228,2.27374e-13,1.91611e-14
B1,SORG,2050,303.83,883.142,1186.97,1186.97,58.24,2.27374e-13,1.91558e-14
B1,BARL,2023,200,1589.8,1789.8,1640,90.2,149.8,9.13415
B1,BARL,2024,200,1424,1624,1624,89.32,0,0
B1,BARL,2025,200.234,1417.72,1617.95,1617.95,88.8137,-6.82121e-13,-4.21595e-14
B1,BARL,2026,200.421,1411.92,1612.34,1612.34,88.4042,-9.09495e-13,-5.64085e-14
B1,BARL,2027,200.558,1406.4,1606.96,1606.96,88.0132,-6.82121e-13,-4.2448e-14
B1,BARL,2028,200.645,1401.07,1601.71,1601.71,87.6013,-2.27374e-13,-1.41956e-14
B1,BARL,2029,200.681,1396.07,1596.75,1596.75,87.1692,0,0
B1,BARL,2030,200.663,1391.23,1591.89,1591.89,86.7171,2.27374e-13,1.42833e-14
B1,BARL,2031,200.589,1385.57,1586.16,1586.16,86.33,2.27374e-13,1.43349e-14
B1,BARL,2032,200.456,1379.82,1580.27,1580.27,85.9322,2.27374e-13,1.43883e-14
B1,BARL,2033,200.26,1374.25,1574.51,1574.51,85.5191,0,0
B1,BARL,2034,200.055,1368.84,1568.89,1568.89,85.09,-2.27374e-13,-1.44926e-14
B1,BARL,2035,199.779,1363.63,1563.41,1563.41,84.6489,0,0
B1,BARL,2036,199.441,1359.4,1558.84,1558.84,84.2617,0,0
B1,BARL,2037,199.103,1355.85,1554.95,1554.95,83.8614,0,0
B1,BARL,2038,198.766,1352.9,1551.67,1551.67,83.4431,-2.27374e-13,-1.46535e-14
B1,BARL,2039,198.43,1350.5,1548.93,1548.93,83.0095,-4.54747e-13,-2.93588e-14
B1,BARL,2040,198.094,1348.59,1546.68,1546.68,82.5549,4.54747e-13,2.94015e-14
B1,BARL,2041,197.759,1347.16,1544.92,1544.92,82.142,0,0
B1,BARL,2042,197.424,1346.1,1543.53,1543.53,81.7135,-2.27374e-13,-1.47308e-14
B1,BARL,2043,197.09,1345.36,1542.45,1542.45,81.2653,-2.27374e-13,-1.4741e-14
B1,BARL,2044,196.756,1344.91,1541.67,1541.67,80.7984,-4.54747e-13,-2.94971e-14
B1,BARL,2045,196.423,1344.67,1541.09,1541.09,80.3097,0,0
B1,BARL,2046,196.091,1344.63,1540.72,1540.72,79.8099,4.54747e-13,2.95152e-14
B1,BARL,2047,195.759,1344.75,1540.51,1540.51,79.2815,-2.27374e-13,-1.47596e-14
B1,BARL,2048,195.428,1345,1540.42,1540.42,78.7251,4.54747e-13,2.95209e-14
B1,BARL,2049,195.097,1345.33,1540.42,1540.42,78.1353,0,0
B1,BARL,2050,194.767,1345.72,1540.49,1540.49,77.5111,-4.54747e-13,-2.95197e-14
B1,PIGM,2023,5794,152.32,5946.32,5946.32,4546.55,9.09495e-13,1.52951e-14
B1,PIGM,2024,5706,104.23,5810.23,5810.23,4444.17,0,0
B1,PIGM,2025,5731.07,0,5731.07,5638.79,4261.08,92.2861,1.63663
B1,PIGM,2026,5701.77,0,5701.77,5471.06,4084.6,230.71,4.21691
B1,PIGM,2027,5675.42,0,5675.42,5305.44,3916.77,369.981,6.97362
B1,PIGM,2028,5651.73,0,5651.73,5145.22,3754.34,506.508,9.84424
B1,PIGM,2029,5630.44,0,5630.44,4990.71,3597.5,639.73,12.8184
B1,PIGM,2030,5611.32,0,5611.32,4841.38,3445.89,769.94,15.9033
B1,PIGM,2031,5601.57,0,5601.57,4698.11,3299.98,903.457,19.2302
B1,PIGM,2032,5586.72,0,5586.72,4560.77,3160.27,1025.95,22.4952
B1,PIGM,2033,5573.62,0,5573.62,4428.56,3025.65,1145.05,25.856
B1,PIGM,2034,5562.14,0,5562.14,4301.32,2895.95,1260.81,29.3122
B1,PIGM,2035,5552.18,0,5552.18,4179.06,2771.18,1373.12,32.8571
B1,PIGM,2036,5543.15,0,5543.15,4067.89,2651.1,1475.26,36.266
B1,PIGM,2037,5535.76,0,5535.76,3961.55,2535.93,1574.21,39.7373
B1,PIGM,2038,5529.69,0,5529.69,3859.21,2424.84,1670.47,43.2853
B1,PIGM,2039,5524.66,0,5524.66,3760.84,2317.81,1763.82,46.8996
B1,PIGM,2040,5520.47,0,5520.47,3666.14,2214.58,1854.33,50.58
B1,PIGM,2041,5516.94,0,5516.94,3575.37,2115.42,1941.57,54.3039
B1,PIGM,2042,5513.95,0,5513.95,3488.52,2020.31,2025.43,58.0598
B1,PIGM,2043,5511.38,0,5511.38,3405.01,1928.7,2106.37,61.8609
B1,PIGM,2044,5509.14,0,5509.14,3324.76,1840.51,2184.39,65.7007
B1,PIGM,2045,5507.18,0,5507.18,3247.59,1755.59,2259.59,69.5775
B1,PIGM,2046,5505.43,0,5505.43,3173.36,1673.8,2332.07,73.4888
B1,PIGM,2047,5503.85,0,5503.85,3101.97,1595.04,2401.89,77.4311
B1,PIGM,2048,5502.41,0,5502.41,3033.26,1519.18,2469.16,81.4029
B1,PIGM,2049,5501.08,0,5501.08,2967.05,1446.04,2534.03,85.4059
B1,PIGM,2050,5499.83,0,5499.83,2903.25,1375.56,2596.57,89.4367
B1,CATM,2023,753,273.73,1026.73,1026.73,925.67,0,0
B1,CATM,2024,779,287.41,1066.41,1066.41,954.39,0,0
B1,CATM,2025,747.119,279.05,1026.17,1026.17,918.733,-4.54747e-13,-4.43151e-14
B1,CATM,2026,752.254,239.016,991.27,991.27,883.096,0,0
B1,CATM,2027,757.094,201.181,958.275,958.275,849.405,-1.13687e-13,-1.18637e-14
B1,CATM,2028,761.998,164.216,926.214,926.214,816.639,-5.68434e-13,-6.13718e-14
B1,CATM,2029,770.967,124.829,895.795,895.795,784.931,0,0
B1,CATM,2030,780.079,86.2547,866.334,866.334,754.159,-2.27374e-13,-2.62455e-14
B1,CATM,2031,789.342,48.0833,837.425,837.425,723.918,2.27374e-13,2.71515e-14
B1,CATM,2032,798.761,11.2724,810.033,810.033,695.172,-4.54747e-13,-5.61393e-14
B1,CATM,2033,808.344,0,808.344,783.72,667.481,24.624,3.14193
B1,CATM,2034,818.099,0,818.099,758.457,640.815,59.6422,7.86362
B1,CATM,2035,828.035,0,828.035,734.264,615.192,93.7717,12.7708
B1,CATM,2036,837.401,0,837.401,710.378,589.96,127.023,17.881
B1,CATM,2037,846.873,0,846.873,687.507,565.727,159.365,23.1802
B1,CATM,2038,856.451,0,856.451,665.34,542.183,191.11,28.7237
B1,CATM,2039,866.137,0,866.137,643.891,519.341,222.246,34.516
B1,CATM,2040,875.932,0,875.932,623.117,497.159,252.814,40.5725
B1,CATM,2041,885.837,0,885.837,602.879,475.496,282.958,46.9344
B1,CATM,2042,895.854,0,895.854,583.523,454.7,312.331,53.525
B1,CATM,2043,905.984,0,905.984,564.842,434.562,341.142,60.3959
B1,CATM,2044,916.228,0,916.228,546.833,415.079,369.395,67.5518
B1,CATM,2045,926.587,0,926.587,529.47,396.227,397.117,75.0026
B1,CATM,2046,937.063,0,937.063,512.695,377.946,424.368,82.772
B1,CATM,2047,947.656,0,947.656,496.561,360.288,451.096,90.844
B1,CATM,2048,958.369,0,958.369,481.027,343.214,477.343,99.2341
B1,CATM,2049,969.203,0,969.203,466.064,326.693,503.139,107.955
B1,CATM,2050,980.159,0,980.159,451.665,310.718,528.494,117.01
B1,SHGM,2023,531,43.24,574.24,574.24,501.279,0,0
B1,SHGM,2024,518,36.53,554.53,554.53,495.466,0,0
B1,SHGM,2025,520.85,15.385,536.235,536.235,476.846,4.54747e-13,8.48037e-14
B1,SHGM,2026,523.723,0,523.723,518.169,458.452,5.55418,1.07189
B1,SHGM,2027,526.619,0,526.619,501.116,441.069,25.5026,5.08916
B1,SHGM,2028,529.538,0,529.538,484.572,424.193,44.9659,9.2795
B1,SHGM,2029,532.248,0,532.248,468.569,407.88,63.6788,13.59
B1,SHGM,2030,534.766,0,534.766,453.04,392.064,81.7264,18.0396
B1,SHGM,2031,537.111,0,537.111,437.848,376.605,99.2631,22.6707
B1,SHGM,2032,539.298,0,539.298,423.395,361.902,115.903,27.3747
B1,SHGM,2033,541.342,0,541.342,409.46,347.734,131.882,32.2086
B1,SHGM,2034,543.257,0,543.257,396.031,334.087,147.226,37.1755
B1,SHGM,2035,545.057,0,545.057,383.116,320.966,161.942,42.2697
B1,SHGM,2036,547.063,0,547.063,370.472,308.094,176.591,47.6664
B1,SHGM,2037,548.95,0,548.95,358.328,295.734,190.623,53.1979
B1,SHGM,2038,550.731,0,550.731,346.527,283.731,204.204,58.9288
B1,SHGM,2039,552.416,0,552.416,335.077,272.088,217.339,64.8624
B1,SHGM,2040,554.271,0,554.271,323.984,260.784,230.287,71.0797
B1,SHGM,2041,556.023,0,556.023,313.157,249.757,242.866,77.5541
B1,SHGM,2042,557.682,0,557.682,302.756,239.167,254.927,84.2022
B1,SHGM,2043,559.258,0,559.258,292.675,228.906,266.583,91.085
B1,SHGM,2044,560.757,0,560.757,282.914,218.974,277.844,98.2079
B1,SHGM,2045,561.536,0,561.536,273.385,209.357,288.151,105.401
B1,SHGM,2046,562.316,0,562.316,264.141,200.023,298.175,112.885
B1,SHGM,2047,563.097,0,563.097,255.206,191,307.891,120.644
B1,SHGM,2048,563.879,0,563.879,246.56,182.265,317.318,128.698
B1,SHGM,2049,564.662,0,564.662,238.188,173.803,326.474,137.066
B1,SHGM,2050,565.446,0,565.446,230.084,165.61,335.362,145.756
B1,CHKM,2023,2609.25,74.7687,2684.02,2684.02,2423.09,9.09495e-13,3.38856e-14
B1,CHKM,2024,2637.39,20.6355,2658.03,2658.03,2394.29,-9.09495e-13,-3.42169e-14
B1,CHKM,2025,2727.89,0,2727.89,2725.05,2452.27,2.8384,0.104159
B1,CHKM,2026,2733.34,49.535,2782.87,2782.87,2509.54,-9.09495e-13,-3.26819e-14
B1,CHKM,2027,2741.5,102.493,2843.99,2843.99,2569.84,2.27374e-12,7.99488e-14
B1,CHKM,2028,2749.8,156.035,2905.83,2905.83,2630.85,1.36424e-12,4.69484e-14
B1,CHKM,2029,2758.25,210.504,2968.75,2968.75,2692.93,9.09495e-13,3.06356e-14
B1,CHKM,2030,2766.85,265.575,3032.43,3032.43,2755.74,1.36424e-12,4.49884e-14
B1,CHKM,2031,2775.64,320.391,3096.03,3096.03,2818.47,0,0
B1,CHKM,2032,2784.61,377.59,3162.2,3162.2,2883.74,-1.81899e-12,-5.75229e-14
B1,CHKM,2033,2793.79,435.951,3229.74,3229.74,2950.36,-4.54747e-13,-1.408e-14
B1,CHKM,2034,2803.2,495.518,3298.71,3298.71,3018.4,-9.09495e-13,-2.75712e-14
B1,CHKM,2035,2812.85,556.54,3369.39,3369.39,3088.1,3.18323e-12,9.44751e-14
B1,CHKM,2036,2831.01,607.902,3438.91,3438.91,3155.81,2.27374e-12,6.6118e-14
B1,CHKM,2037,2847.25,662.4,3509.65,3509.65,3224.93,9.09495e-13,2.59141e-14
B1,CHKM,2038,2862.56,717.81,3580.37,3580.37,3294.12,0,0
B1,CHKM,2039,2877.44,773.725,3651.17,3651.17,3363.42,2.27374e-12,6.22742e-14
B1,CHKM,2040,2892.14,829.615,3721.75,3721.75,3432.54,2.27374e-12,6.10932e-14
B1,CHKM,2041,2906.78,884.515,3791.29,3791.29,3500.61,0,0
B1,CHKM,2042,2921.42,940.302,3861.72,3861.72,3569.58,4.54747e-13,1.17758e-14
B1,CHKM,2043,2936.1,995.714,3931.82,3931.82,3638.21,0,0
B1,CHKM,2044,2950.84,1050.69,4001.53,4001.53,3706.45,1.81899e-12,4.54573e-14
B1,CHKM,2045,2965.65,1105,4070.64,4070.64,3774.08,-2.27374e-12,-5.5857e-14
B1,CHKM,2046,2980.51,1158.02,4138.53,4138.53,3840.48,-4.54747e-12,-1.09881e-13
B1,CHKM,2047,2995.45,1210.11,4205.57,4205.57,3906.02,2.72848e-12,6.48779e-14
B1,CHKM,2048,3010.46,1260.88,4271.35,4271.35,3970.3,9.09495e-13,2.12929e-14
B1,CHKM,2049,3025.55,1309.93,4335.48,4335.48,4032.92,-2.72848e-12,-6.29339e-14
B1,CHKM,2050,3040.7,1357.04,4397.75,4397.75,4093.68,-3.63798e-12,-8.27237e-14
B1,EGGS,2023,3028.55,0,3028.55,3011.87,2383.06,16.68,0.553809
B1,EGGS,2024,3049.8,0,3049.8,3031.91,2386.64,17.8911,0.590095
B1,EGGS,2025,3064.17,0,3064.17,3008.35,2354.01,55.8183,1.85545
B1,EGGS,2026,3076.52,0,3076.52,2984.27,2320.94,92.2504,3.09122
B1,EGGS,2027,3087.18,0,3087.18,2961.02,2288.74,126.154,4.26049
B1,EGGS,2028,3096.41,0,3096.41,2937.58,2256.34,158.835,5.40703
B1,EGGS,2029,3104.45,0,3104.45,2914.04,2223.79,190.417,6.53447
B1,EGGS,2030,3111.51,0,3111.51,2890.37,2191.11,221.146,7.65114
B1,EGGS,2031,3117.77,0,3117.77,2866.43,2158.13,251.34,8.76838
B1,EGGS,2032,3123.39,0,3123.39,2842.74,2125.3,280.644,9.87231
B1,EGGS,2033,3128.5,0,3128.5,2819.18,2092.51,309.316,10.9718
B1,EGGS,2034,3133.22,0,3133.22,2795.75,2059.76,337.476,12.0711
B1,EGGS,2035,3137.68,0,3137.68,2772.57,2027.14,365.111,13.1687
B1,EGGS,2036,3122.82,0,3122.82,2752.44,1998.32,370.386,13.4567
B1,EGGS,2037,3107.57,0,3107.57,2731.94,1969.53,375.633,13.7497
B1,EGGS,2038,3092.02,0,3092.02,2710.99,1940.67,381.033,14.0551
B1,EGGS,2039,3076.25,0,3076.25,2689.69,1911.8,386.569,14.3723
B1,EGGS,2040,3060.33,0,3060.33,2667.92,1882.82,392.409,14.7084
B1,EGGS,2041,3044.31,0,3044.31,2645.68,1853.66,398.626,15.0671
B1,EGGS,2042,3028.21,0,3028.21,2623.17,1824.54,405.04,15.4409
B1,EGGS,2043,3012.09,0,3012.09,2600.34,1795.38,411.746,15.8343
B1,EGGS,2044,2995.95,0,2995.95,2577.23,1766.2,418.723,16.247
B1,EGGS,2045,2979.83,0,2979.83,2553.79,1736.95,426.038,16.6826
B1,EGGS,2046,2963.73,0,2963.73,2529.9,1707.5,433.828,17.148
B1,EGGS,2047,2947.67,0,2947.67,2505.59,1677.87,442.083,17.6439
B1,EGGS,2048,2931.66,0,2931.66,2480.89,1648.09,450.778,18.17
B1,EGGS,2049,2915.71,0,2915.71,2455.7,1618.04,460.013,18.7325
B1,EGGS,2050,2899.82,0,2899.82,2430.03,1587.74,469.79,19.3327
B1,MILK,2023,4197,1694.13,5891.13,5891.13,5223.43,-9.09495e-13,-1.54384e-14
B1,MILK,2024,4079,1555.36,5634.36,5634.36,4998.61,0,0
B1,MILK,2025,3962.98,1853.94,5816.92,5816.92,5199.26,-1.81899e-12,-3.12707e-14
B1,MILK,2026,4076.9,1964.2,6041.09,6041.09,5405.68,2.72848e-12,4.51654e-14
B1,MILK,2027,4194.25,2082.89,6277.14,6277.14,5623.43,2.72848e-12,4.3467e-14
B1,MILK,2028,4315.16,2204.89,6520.05,6520.05,5847.5,2.72848e-12,4.18476e-14
B1,MILK,2029,4439.77,2331.06,6770.83,6770.83,6078.85,-4.54747e-12,-6.71628e-14
B1,MILK,2030,4568.19,2460.88,7029.07,7029.07,6317.08,-5.45697e-12,-7.76343e-14
B1,MILK,2031,4613.62,2668.74,7282.36,7282.36,6563.29,2.72848e-12,3.74671e-14
B1,MILK,2032,4659.77,2887.52,7547.29,7547.29,6821.03,-1.81899e-12,-2.41012e-14
B1,MILK,2033,4706.69,3114.75,7821.44,7821.44,7087.86,1.81899e-12,2.32565e-14
B1,MILK,2034,4754.41,3350.69,8105.1,8105.1,7364.08,-3.63798e-12,-4.48851e-14
B1,MILK,2035,4802.98,3596.19,8399.17,8399.17,7650.58,5.45697e-12,6.49704e-14
B1,MILK,2036,4843.47,3853.58,8697.05,8697.05,7942.16,-1.81899e-12,-2.0915e-14
B1,MILK,2037,4876.93,4127.19,9004.11,9004.11,8244.01,0,0
B1,MILK,2038,4904.66,4412.66,9317.32,9317.32,8552.89,-1.81899e-12,-1.95227e-14
B1,MILK,2039,4927.77,4709.26,9637.03,9637.03,8869,-1.81899e-12,-1.8875e-14
B1,MILK,2040,4947.13,5015.55,9962.68,9962.68,9191.63,-3.63798e-12,-3.65161e-14
B1,MILK,2041,4963.49,5332.68,10296.2,10296.2,9522.57,-1.81899e-12,-1.76667e-14
B1,MILK,2042,4977.41,5661.87,10639.3,10639.3,9863.52,-1.81899e-12,-1.70969e-14
B1,MILK,2043,4989.39,5999.45,10988.8,10988.8,10211.2,0,0
B1,MILK,2044,4999.79,6345.03,11344.8,11344.8,10565.6,0,0
B1,MILK,2045,5008.94,6697.73,11706.7,11706.7,10926,-3.63798e-12,-3.10761e-14
B1,MILK,2046,5017.08,7056.96,12074,12074,11292.1,0,0
B1,MILK,2047,5024.41,7422.35,12446.8,12446.8,11663.7,-5.45697e-12,-4.38425e-14
B1,MILK,2048,5031.09,7792.53,12823.6,12823.6,12039.5,0,0
B1,MILK,2049,5037.26,8166.08,13203.3,13203.3,12418.2,3.63798e-12,2.75535e-14
B1,MILK,2050,5043,8542.16,13585.2,13585.2,12799.2,3.63798e-12,2.67791e-14
B1,FISH,2023,7116.2,296,7412.2,7412.2,3132.04,0,0
B1,FISH,2024,7366,269,7635,7635,3204.13,0,0
B1,FISH,2025,7453.32,365.452,7818.77,7818.77,3322.92,2.72848e-12,3.48966e-14
B1,FISH,2026,7540.81,462.6,8003.41,8003.41,3442.26,-4.54747e-12,-5.68192e-14
B1,FISH,2027,7628.49,565.678,8194.17,8194.17,3567.14,1.81899e-12,2.21986e-14
B1,FISH,2028,7716.36,673.356,8389.72,8389.72,3696.2,1.81899e-12,2.16812e-14
B1,FISH,2029,7804.43,786.26,8590.69,8590.69,3829.65,-5.45697e-12,-6.35219e-14
B1,FISH,2030,7892.71,904.109,8796.82,8796.82,3967.71,7.27596e-12,8.27113e-14
B1,FISH,2031,7981.22,1024.38,9005.59,9005.59,4107.69,0,0
B1,FISH,2032,8069.98,1150.91,9220.88,9220.88,4253.16,-3.63798e-12,-3.94537e-14
B1,FISH,2033,8159,1283.72,9442.73,9442.73,4404.21,5.45697e-12,5.77902e-14
B1,FISH,2034,8248.33,1423.14,9671.47,9671.47,4561.15,-1.81899e-12,-1.88078e-14
B1,FISH,2035,8333.86,1573.35,9907.21,9907.21,4724.59,0,0
B1,FISH,2036,8405.51,1748.02,10153.5,10153.5,4887.48,1.81899e-12,1.79149e-14
B1,FISH,2037,8461.78,1940.9,10402.7,10402.7,5054.97,5.45697e-12,5.24574e-14
B1,FISH,2038,8505.54,2149.26,10654.8,10654.8,5226.8,3.63798e-12,3.4144e-14
B1,FISH,2039,8539.17,2371.32,10910.5,10910.5,5403.18,5.45697e-12,5.00158e-14
B1,FISH,2040,8564.61,2605.03,11169.6,11169.6,5583.78,-5.45697e-12,-4.88554e-14
B1,FISH,2041,8583.44,2846.3,11429.7,11429.7,5765.85,3.63798e-12,3.18291e-14
B1,FISH,2042,8596.97,3097.05,11694,11694,5952.47,-3.63798e-12,-3.11097e-14
B1,FISH,2043,8606.22,3356.12,11962.3,11962.3,6143.35,-1.81899e-12,-1.5206e-14
B1,FISH,2044,8612.05,3622.83,12234.9,12234.9,6338.55,-1.81899e-12,-1.48672e-14
B1,FISH,2045,8615.13,3896.32,12511.4,12511.4,6537.84,3.63798e-12,2.90772e-14
B1,FISH,2046,8616.01,4174.68,12790.7,12790.7,6739.83,-5.45697e-12,-4.26636e-14
B1,FISH,2047,8615.13,4458.14,13073.3,13073.3,6945.18,3.63798e-12,2.78276e-14
B1,FISH,2048,8612.83,4746.31,13359.1,13359.1,7153.79,1.81899e-12,1.36161e-14
B1,FISH,2049,8609.42,5038.23,13647.6,13647.6,7365.03,-3.63798e-12,-2.66565e-14
B1,FISH,2050,8605.1,5333.37,13938.5,13938.5,7578.61,-1.81899e-12,-1.30501e-14
B2,RICE,2023,20660.3,100.6,20760.9,20760.9,15799.6,3.63798e-12,1.75232e-14
B2,RICE,2024,20753.5,78.57,20832.1,20832.1,15650,0,0
B2,RICE,2025,20794.1,0,20794.1,20710.5,15226.5,83.6042,0.403679
B2,RICE,2026,20834.1,0,20834.1,20608.2,14837.1,225.908,1.0962
B2,RICE,2027,20873.2,0,20873.2,20482.7,14459,390.51,1.90654
B2,RICE,2028,20911.5,0,20911.5,20347.3,14088.4,564.209,2.7729
B2,RICE,2029,20948.9,0,20948.9,20221.8,13724.4,727.109,3.59568
B2,RICE,2030,20985.2,0,20985.2,20107.4,13367.5,877.77,4.3654
B2,RICE,2031,21004.7,0,21004.7,19966.2,13033.2,1038.48,5.2012
B2,RICE,2032,21022.9,0,21022.9,19795.3,12703.7,1227.61,6.20153
B2,RICE,2033,21039.7,0,21039.7,19633.3,12380.2,1406.36,7.16312
B2,RICE,2034,21054.9,0,21054.9,19480.1,12062.4,1574.84,8.08436
B2,RICE,2035,21068.5,0,21068.5,19335.8,11750.8,1732.66,8.9609
B2,RICE,2036,21079.7,0,21079.7,19202.7,11458,1877.06,9.77499
B2,RICE,2037,21089,0,21089,19075.5,11170.5,2013.44,10.5551
B2,RICE,2038,21096.5,0,21096.5,18955.4,10889.2,2141.09,11.2955
B2,RICE,2039,21102.4,0,21102.4,18842.4,10614.2,2259.96,11.994
B2,RICE,2040,21107,0,21107,18735.9,10344.8,2371.07,12.6552
B2,RICE,2041,21110.3,0,21110.3,18644.7,10089.7,2465.61,13.2242
B2,RICE,2042,21112.5,0,21112.5,18558.7,9838.88,2553.84,13.7609
B2,RICE,2043,21113.7,0,21113.7,18478.6,9592.97,2635.14,14.2605
B2,RICE,2044,21114.1,0,21114.1,18404.5,9351.99,2709.58,14.7224
B2,RICE,2045,21113.5,0,21113.5,18335.9,9115.48,2777.67,15.1488
B2,RICE,2046,21112.2,0,21112.2,18274.1,8884.8,2838.13,15.5309
B2,RICE,2047,21110.2,0,21110.2,18216.6,8657.32,2893.64,15.8846
B2,RICE,2048,21107.6,0,21107.6,18163.7,8433.35,2943.93,16.2078
B2,RICE,2049,21104.3,0,21104.3,18114.7,8212.3,2989.65,16.504
B2,RICE,2050,21100.5,0,21100.5,18069.5,7994.05,3030.94,16.7738
B2,WHEA,2023,13659,1189.4,14848.4,14848.4,9162.85,-1.81899e-12,-1.22504e-14
B2,WHEA,2024,14009.9,1106.26,15116.2,15116.2,9100,3.63798e-12,2.40668e-14
B2,WHEA,2025,14115.7,873.755,14989.4,14989.4,8853.6,3.63798e-12,2.42703e-14
B2,WHEA,2026,14217.3,667.897,14885.2,14885.2,8626.9,1.81899e-12,1.22201e-14
B2,WHEA,2027,14314.7,473.354,14788.1,14788.1,8406.51,0,0
B2,WHEA,2028,14407.9,288.337,14696.3,14696.3,8190.32,1.81899e-12,1.23772e-14
B2,WHEA,2029,14496.8,113.242,14610.1,14610.1,7977.83,0,0
B2,WHEA,2030,14581.4,0,14581.4,14529,7769.2,52.3955,0.360628
B2,WHEA,2031,14595.7,0,14595.7,14387,7573.5,208.778,1.45116
B2,WHEA,2032,14605,0,14605,14245.2,7380.43,359.794,2.52572
B2,WHEA,2033,14608.9,0,14608.9,14105.9,7190.62,503.046,3.56622
B2,WHEA,2034,14607.3,0,14607.3,13968.8,7003.94,638.497,4.57089
B2,WHEA,2035,14599.8,0,14599.8,13834.1,6820.59,765.748,5.53524
B2,WHEA,2036,14588.4,0,14588.4,13696,6648.32,892.368,6.51552
B2,WHEA,2037,14573.5,0,14573.5,13559.9,6479.23,1013.53,7.47447
B2,WHEA,2038,14555.4,0,14555.4,13426.4,6313.83,1129.02,8.40899
B2,WHEA,2039,14534.5,0,14534.5,13295.5,6152.24,1238.98,9.3188
B2,WHEA,2040,14511,0,14511,13166.9,5993.95,1344.15,10.2086
B2,WHEA,2041,14485.3,0,14485.3,13045.7,5844.1,1439.63,11.0353
B2,WHEA,2042,14457.6,0,14457.6,12926,5696.81,1531.52,11.8484
B2,WHEA,2043,14428,0,14428,12808.4,5552.48,1619.61,12.645
B2,WHEA,2044,14396.8,0,14396.8,12692.8,5411.09,1704.08,13.4256
B2,WHEA,2045,14364.2,0,14364.2,12578.8,5272.39,1785.43,14.1939
B2,WHEA,2046,14330.4,0,14330.4,12467.4,5137.16,1862.94,14.9425
B2,WHEA,2047,14295.4,0,14295.4,12357.1,5003.87,1938.3,15.6857
B2,WHEA,2048,14259.4,0,14259.4,12247.9,4872.7,2011.43,16.4226
B2,WHEA,2049,14222.5,0,14222.5,12139.7,4743.31,2082.82,17.1571
B2,WHEA,2050,14184.8,0,14184.8,12032.2,4615.63,2152.65,17.8907
B2,MAIZ,2023,28884,2712.1,31596.1,31596.1,1890,0,0
B2,MAIZ,2024,29492,1363,30855,30855,1890,0,0
B2,MAIZ,2025,29896.1,1135.51,31031.6,31031.6,1874.44,7.27596e-12,2.34469e-14
B2,MAIZ,2026,30301.1,913.57,31214.7,31214.7,1861.48,-3.27418e-11,-1.04892e-13
B2,MAIZ,2027,30706.7,1366.11,32072.8,32072.8,1848.79,1.81899e-11,5.67144e-14
B2,MAIZ,2028,31112.1,1268.74,32380.8,32380.8,1835.68,-7.27596e-12,-2.247e-14
B2,MAIZ,2029,31516.8,1080.31,32597.1,32597.1,1822.15,-3.63798e-12,-1.11604e-14
B2,MAIZ,2030,31920.1,864.209,32784.3,32784.3,1808.22,0,0
B2,MAIZ,2031,31929.1,827.789,32756.9,32756.9,1796.09,-3.63798e-12,-1.1106e-14
B2,MAIZ,2032,31930.2,806.741,32737,32737,1783.6,-3.63798e-12,-1.11127e-14
B2,MAIZ,2033,31922.7,786.427,32709.1,32709.1,1770.79,3.63798e-12,1.11222e-14
B2,MAIZ,2034,31915,760.13,32675.1,32675.1,1757.64,0,0
B2,MAIZ,2035,31897,736.085,32633.1,32633.1,1744.22,-2.18279e-11,-6.68888e-14
B2,MAIZ,2036,31872,907.288,32779.3,32779.3,1732.41,-2.91038e-11,-8.87873e-14
B2,MAIZ,2037,31840.8,1077.06,32917.9,32917.9,1720.33,-1.45519e-11,-4.42068e-14
B2,MAIZ,2038,31804.1,1246.18,33050.3,33050.3,1707.97,-7.27596e-12,-2.20148e-14
B2,MAIZ,2039,31762.5,1415.05,33177.5,33177.5,1695.39,-7.27596e-12,-2.19304e-14
B2,MAIZ,2040,31716.5,1583.86,33300.3,33300.3,1682.49,-7.27596e-12,-2.18495e-14
B2,MAIZ,2041,31666.6,1753.85,33420.4,33420.4,1670.88,2.18279e-11,6.53129e-14
B2,MAIZ,2042,31613.3,1923.23,33536.5,33536.5,1658.96,1.45519e-11,4.33913e-14
B2,MAIZ,2043,31556.9,2091.83,33648.8,33648.8,1646.74,7.27596e-12,2.16233e-14
B2,MAIZ,2044,31497.8,2259.45,33757.3,33757.3,1634.25,7.27596e-12,2.15537e-14
B2,MAIZ,2045,31436.3,2424.96,33861.3,33861.3,1621.41,0,0
B2,MAIZ,2046,31372.7,2589.16,33961.9,33961.9,1608.54,0,0
B2,MAIZ,2047,31307.2,2751.28,34058.5,34058.5,1595.17,-1.45519e-11,-4.27263e-14
B2,MAIZ,2048,31240,2911.09,34151.1,34151.1,1581.33,0,0
B2,MAIZ,2049,31171.4,3068.11,34239.5,34239.5,1566.93,-7.27596e-12,-2.12502e-14
B2,MAIZ,2050,31101.4,3222.04,34323.4,34323.4,1551.94,0,0
B2,POTA,2023,9150,0,9150,9125,5872,25,0.273973
B2,POTA,2024,9500,0,9500,9445,6081.92,55,0.582319
B2,POTA,2025,9564.68,0,9564.68,9370.79,5974.28,193.891,2.0691
B2,POTA,2026,9625.18,0,9625.18,9315.72,5876.38,309.459,3.3219
B2,POTA,2027,9681.49,0,9681.49,9288.63,5780.93,392.863,4.2295
B2,POTA,2028,9733.56,0,9733.56,9257.71,5685.31,475.848,5.14002
B2,POTA,2029,9781.37,0,9781.37,9238.28,5589.62,543.093,5.87872
B2,POTA,2030,9824.87,0,9824.87,9216.46,5493.89,608.407,6.60131
B2,POTA,2031,9863.92,0,9863.92,9196.89,5405.05,667.025,7.25272
B2,POTA,2032,9898.47,0,9898.47,9175.95,5316.74,722.525,7.87412
B2,POTA,2033,9928.33,0,9928.33,9154.64,5228.66,773.692,8.45137
B2,POTA,2034,9953.35,0,9953.35,9132.12,5140.8,821.237,8.99285
B2,POTA,2035,9973.36,0,9973.36,9112.24,5053.42,861.115,9.45009
B2,POTA,2036,9993.11,0,9993.11,9101.19,4971.88,891.926,9.8001
B2,POTA,2037,10012.1,0,10012.1,9088.38,4890.71,923.68,10.1633
B2,POTA,2038,10030.2,0,10030.2,9073.54,4809.63,956.681,10.5436
B2,POTA,2039,10047.6,0,10047.6,9056.88,4728.81,990.756,10.9393
B2,POTA,2040,10064.3,0,10064.3,9038.11,4647.94,1026.22,11.3544
B2,POTA,2041,10080.3,0,10080.3,9021.96,4571.75,1058.37,11.731
B2,POTA,2042,10095.7,0,10095.7,9004.02,4495.8,1091.63,12.1238
B2,POTA,2043,10110.3,0,10110.3,8984.11,4419.87,1126.23,12.5358
B2,POTA,2044,10124.4,0,10124.4,8962.33,4344.02,1162.06,12.966
B2,POTA,2045,10137.8,0,10137.8,8938.53,4268.13,1199.3,13.4172
B2,POTA,2046,10150.7,0,10150.7,8913.68,4193.09,1237.01,13.8777
B2,POTA,2047,10163,0,10163,8886.57,4117.69,1276.41,14.3634
B2,POTA,2048,10174.7,0,10174.7,8857.29,4041.97,1317.42,14.8738
B2,POTA,2049,10185.9,0,10185.9,8825.63,3965.72,1360.28,15.4128
B2,POTA,2050,10196.6,0,10196.6,8791.6,3888.92,1404.99,15.981
B2,SOYS,2023,2084.17,9849,11933.2,11933.2,1550,0,0
B2,SOYS,2024,2065,10497,12562,12562,1675,-1.81899e-12,-1.44801e-14
B2,SOYS,2025,2190,10035.8,12225.8,12225.8,1676.04,-1.81899e-12,-1.48783e-14
B2,SOYS,2026,2322.21,9723.91,12046.1,12046.1,1677.33,-5.45697e-12,-4.53006e-14
B2,SOYS,2027,2462,9441.55,11903.6,11903.6,1679.12,1.81899e-12,1.52811e-14
B2,SOYS,2028,2609.75,9176.45,11786.2,11786.2,1680.44,1.81899e-12,1.54332e-14
B2,SOYS,2029,2765.82,8927.82,11693.6,11693.6,1681.37,1.81899e-12,1.55554e-14
B2,SOYS,2030,2930.63,8686.29,11616.9,11616.9,1681.83,1.81899e-12,1.56581e-14
B2,SOYS,2031,2961.78,8546.53,11508.3,11508.3,1682.39,0,0
B2,SOYS,2032,2992.54,8415.02,11407.6,11407.6,1682.92,3.63798e-12,3.18909e-14
B2,SOYS,2033,3022.79,8293.92,11316.7,11316.7,1683.15,3.63798e-12,3.2147e-14
B2,SOYS,2034,3052.01,8182.5,11234.5,11234.5,1683.05,-1.81899e-12,-1.61911e-14
B2,SOYS,2035,3080.52,8079.49,11160,11160,1682.72,0,0
B2,SOYS,2036,3096.98,8105.26,11202.2,11202.2,1682.33,1.81899e-12,1.62377e-14
B2,SOYS,2037,3105.98,8133.19,11239.2,11239.2,1681.73,-3.63798e-12,-3.23688e-14
B2,SOYS,2038,3110.42,8161.7,11272.1,11272.1,1680.64,-3.63798e-12,-3.22741e-14
B2,SOYS,2039,3112.05,8190.11,11302.2,11302.2,1679.11,-3.63798e-12,-3.21883e-14
B2,SOYS,2040,3111.96,8217.99,11329.9,11329.9,1677.01,7.27596e-12,6.42188e-14
B2,SOYS,2041,3110.79,8245.5,11356.3,11356.3,1674.79,-1.81899e-12,-1.60175e-14
B2,SOYS,2042,3108.92,8272.43,11381.3,11381.3,1672.26,-5.45697e-12,-4.79466e-14
B2,SOYS,2043,3106.6,8298.56,11405.2,11405.2,1669.2,0,0
B2,SOYS,2044,3103.96,8323.95,11427.9,11427.9,1665.61,0,0
B2,SOYS,2045,3101.09,8348.39,11449.5,11449.5,1661.43,-1.81899e-12,-1.58871e-14
B2,SOYS,2046,3098.05,8372.17,11470.2,11470.2,1656.65,-1.81899e-12,-1.58584e-14
B2,SOYS,2047,3094.87,8395.27,11490.1,11490.1,1651.18,-3.63798e-12,-3.16617e-14
B2,SOYS,2048,3091.56,8417.7,11509.3,11509.3,1644.98,-3.63798e-12,-3.16091e-14
B2,SOYS,2049,3088.15,8439.38,11527.5,11527.5,1637.92,0,0
B2,SOYS,2050,3084.63,8460.34,11545,11545,1629.99,0,0
B2,RAPS,2023,1631.74,519.81,2151.55,2151.55,0,0,0
B2,RAPS,2024,1674,638.56,2312.56,2312.56,0,0,0
B2,RAPS,2025,1717.63,628.481,2346.11,2346.11,0,0,0
B2,RAPS,2026,1762.14,614.208,2376.35,2376.35,0,-1.81899e-12,-7.65457e-14
B2,RAPS,2027,1807.5,586.552,2394.05,2394.05,0,4.54747e-13,1.89949e-14
B2,RAPS,2028,1853.7,559.211,2412.91,2412.91,0,0,0
B2,RAPS,2029,1900.72,532.654,2433.37,2433.37,0,9.09495e-13,3.73759e-14
B2,RAPS,2030,1948.52,506.343,2454.87,2454.87,0,9.09495e-13,3.70487e-14
B2,RAPS,2031,1961.93,501.691,2463.62,2463.62,0,-1.36424e-12,-5.53754e-14
B2,RAPS,2032,1974.95,496.164,2471.12,2471.12,0,4.54747e-13,1.84025e-14
B2,RAPS,2033,1987.52,491.508,2479.03,2479.03,0,0,0
B2,RAPS,2034,1999.29,487.977,2487.27,2487.27,0,-4.54747e-13,-1.8283e-14
B2,RAPS,2035,2010.48,485.339,2495.82,2495.82,0,-1.81899e-12,-7.28814e-14
B2,RAPS,2036,2021.33,482.675,2504.01,2504.01,0,0,0
B2,RAPS,2037,2031.72,479.673,2511.39,2511.39,0,-4.54747e-13,-1.81074e-14
B2,RAPS,2038,2041.69,476.494,2518.19,2518.19,0,-1.81899e-12,-7.22341e-14
B2,RAPS,2039,2051.31,473.233,2524.54,2524.54,0,-4.54747e-13,-1.8013e-14
B2,RAPS,2040,2060.61,469.995,2530.61,2530.61,0,0,0
B2,RAPS,2041,2069.63,466.769,2536.4,2536.4,0,0,0
B2,RAPS,2042,2078.39,463.583,2541.98,2541.98,0,-9.09495e-13,-3.5779e-14
B2,RAPS,2043,2086.92,460.457,2547.38,2547.38,0,-1.36424e-12,-5.35547e-14
B2,RAPS,2044,2095.23,457.407,2552.64,2552.64,0,-1.81899e-12,-7.12591e-14
B2,RAPS,2045,2103.34,454.329,2557.67,2557.67,0,0,0
B2,RAPS,2046,2111.26,451.359,2562.62,2562.62,0,4.54747e-13,1.77454e-14
B2,RAPS,2047,2119.01,448.502,2567.51,2567.51,0,0,0
B2,RAPS,2048,2126.58,445.764,2572.34,2572.34,0,-4.54747e-13,-1.76783e-14
B2,RAPS,2049,2133.99,443.146,2577.13,2577.13,0,9.09495e-13,3.5291e-14
B2,RAPS,2050,2141.24,440.653,2581.89,2581.89,0,9.09495e-13,3.52259e-14
B2,GRDS,2023,1860,20,1880,1070,810,810,75.7009
B2,GRDS,2024,1900,5,1905,1905,850,-4.54747e-13,-2.38713e-14
B2,GRDS,2025,1927.66,0,1927.66,1910.53,858.091,17.1258,0.896389
B2,GRDS,2026,1955.42,0,1955.42,1916.97,865.964,38.4524,2.00589
B2,GRDS,2027,1967.56,0,1967.56,1924.73,874.446,42.8341,2.22547
B2,GRDS,2028,1979.41,0,1979.41,1932.73,882.627,46.68,2.41523
B2,GRDS,2029,1990.96,0,1990.96,1941.32,890.644,49.6354,2.55678
B2,GRDS,2030,2002.16,0,2002.16,1950.13,898.377,52.0264,2.66784
B2,GRDS,2031,2012.96,0,2012.96,1956.53,906.046,56.4301,2.8842
B2,GRDS,2032,2023.32,0,2023.32,1962.95,914.107,60.3649,3.07521
B2,GRDS,2033,2033.18,0,2033.18,1969.61,922.089,63.5685,3.22746
B2,GRDS,2034,2042.2,0,2042.2,1976.49,929.992,65.7054,3.32434
B2,GRDS,2035,2050.6,0,2050.6,1983.63,937.886,66.9611,3.37568
B2,GRDS,2036,2057.18,0,2057.18,1997.03,945.518,60.1501,3.01198
B2,GRDS,2037,2062.3,0,2062.3,2010.13,953.175,52.1645,2.59507
B2,GRDS,2038,2066.24,0,2066.24,2022.57,960.376,43.6749,2.15938
B2,GRDS,2039,2069.24,0,2069.24,2034.41,967.138,34.8334,1.71221
B2,GRDS,2040,2071.48,0,2071.48,2045.64,973.381,25.8454,1.26344
B2,GRDS,2041,2073.12,0,2073.12,2056.51,979.349,16.6076,0.807563
B2,GRDS,2042,2074.26,0,2074.26,2067.22,985.214,7.04429,0.340762
B2,GRDS,2043,2075.01,2.35085,2077.37,2077.37,990.563,4.09273e-12,1.97015e-13
B2,GRDS,2044,2075.45,11.5117,2086.97,2086.97,995.393,4.54747e-13,2.17899e-14
B2,GRDS,2045,2075.64,20.2847,2095.93,2095.93,999.653,-4.54747e-13,-2.16967e-14
B2,GRDS,2046,2075.63,28.6786,2104.31,2104.31,1003.34,-1.36424e-12,-6.48308e-14
B2,GRDS,2047,2075.46,36.6611,2112.12,2112.12,1006.45,-4.54747e-13,-2.15303e-14
B2,GRDS,2048,2075.16,44.0975,2119.26,2119.26,1008.87,1.81899e-12,8.58313e-14
B2,GRDS,2049,2074.76,50.8847,2125.65,2125.65,1010.53,-4.54747e-13,-2.13934e-14
B2,GRDS,2050,2074.28,56.9785,2131.26,2131.26,1011.4,-9.09495e-13,-4.26741e-14
B2,COTT,2023,561.8,191,752.8,752.8,0,0,0
B2,COTT,2024,616.4,261.8,878.2,878.2,0,0,0
B2,COTT,2025,617.205,188.739,805.943,805.943,0,1.13687e-13,1.41061e-14
B2,COTT,2026,617.917,185.43,803.348,803.348,0,0,0
B2,COTT,2027,618.53,182.211,800.742,800.742,0,-2.27374e-13,-2.83954e-14
B2,COTT,2028,619.032,179.087,798.12,798.12,0,1.13687e-13,1.42443e-14
B2,COTT,2029,619.417,176.108,795.525,795.525,0,0,0
B2,COTT,2030,619.673,173.234,792.907,792.907,0,2.27374e-13,2.86759e-14
B2,COTT,2031,619.787,170.502,790.289,790.289,0,0,0
B2,COTT,2032,619.75,167.95,787.7,787.7,0,0,0
B2,COTT,2033,619.544,165.59,785.134,785.134,0,0,0
B2,COTT,2034,615.991,167.283,783.275,783.275,0,4.54747e-13,5.80572e-14
B2,COTT,2035,612.262,169.179,781.44,781.44,0,3.41061e-13,4.36451e-14
B2,COTT,2036,608.524,171.048,779.573,779.573,0,2.27374e-13,2.91665e-14
B2,COTT,2037,604.721,173.549,778.27,778.27,0,0,0
B2,COTT,2038,600.856,176.611,777.466,777.466,0,3.41061e-13,4.38682e-14
B2,COTT,2039,596.933,180.173,777.106,777.106,0,2.27374e-13,2.9259e-14
B2,COTT,2040,592.955,184.176,777.131,777.131,0,0,0
B2,COTT,2041,588.928,188.57,777.497,777.497,0,1.13687e-13,1.46222e-14
B2,COTT,2042,584.853,193.309,778.162,778.162,0,0,0
B2,COTT,2043,580.736,198.354,779.089,779.089,0,-4.54747e-13,-5.83691e-14
B2,COTT,2044,576.578,203.669,780.247,780.247,0,0,0
B2,COTT,2045,572.383,209.219,781.603,781.603,0,1.13687e-13,1.45454e-14
B2,COTT,2046,568.155,214.969,783.125,783.125,0,0,0
B2,COTT,2047,563.897,220.891,784.787,784.787,0,1.13687e-13,1.44863e-14
B2,COTT,2048,559.61,226.96,786.57,786.57,0,-2.27374e-13,-2.8907e-14
B2,COTT,2049,555.298,233.149,788.447,788.447,0,2.27374e-13,2.88382e-14
B2,COTT,2050,550.964,239.436,790.401,790.401,0,3.41061e-13,4.31503e-14
B2,SUGC,2023,789,0,789,789,0,0,0
B2,SUGC,2024,882,0,882,882,0,0,0
B2,SUGC,2025,1050.8,0,1050.8,895.23,0,155.567,17.3774
B2,SUGC,2026,1241.72,0,1241.72,908.658,0,333.059,36.6539
B2,SUGC,2027,1455.87,0,1455.87,922.288,0,533.584,57.8544
B2,SUGC,2028,1694.16,0,1694.16,936.123,0,758.041,80.9766
B2,SUGC,2029,1957.28,0,1957.28,950.164,0,1007.11,105.993
B2,SUGC,2030,2245.63,0,2245.63,964.417,0,1281.22,132.849
B2,SUGC,2031,2559.37,0,2559.37,978.883,0,1580.49,161.458
B2,SUGC,2032,2898.37,0,2898.37,993.566,0,1904.8,191.713
B2,SUGC,2033,3262.15,0,3262.15,1008.47,0,2253.68,223.475
B2,SUGC,2034,3649.96,0,3649.96,1023.6,0,2626.36,256.582
B2,SUGC,2035,4060.74,0,4060.74,1038.95,0,3021.79,290.85
B2,SUGC,2036,4425.45,0,4425.45,1054.54,0,3370.92,319.659
B2,SUGC,2037,4742.47,0,4742.47,1070.35,0,3672.11,343.075
B2,SUGC,2038,5013.21,0,5013.21,1086.41,0,3926.8,361.448
B2,SUGC,2039,5241.07,0,5241.07,1102.7,0,4138.36,375.292
B2,SUGC,2040,5430.5,0,5430.5,1119.25,0,4311.25,385.193
B2,SUGC,2041,5586.33,0,5586.33,1136.03,0,4450.3,391.74
B2,SUGC,2042,5713.35,0,5713.35,1153.07,0,4560.28,395.489
B2,SUGC,2043,5816.03,0,5816.03,1170.37,0,4645.66,396.939
B2,SUGC,2044,5898.38,0,5898.38,1187.93,0,4710.46,396.528
B2,SUGC,2045,5963.91,0,5963.91,1205.75,0,4758.16,394.624
B2,SUGC,2046,6015.6,0,6015.6,1223.83,0,4791.77,391.539
B2,SUGC,2047,6056,0,6056,1242.19,0,4813.81,387.527
B2,SUGC,2048,6087.22,0,6087.22,1260.82,0,4826.4,382.798
B2,SUGC,2049,6110.99,0,6110.99,1279.73,0,4831.25,377.52
B2,SUGC,2050,6128.74,0,6128.74,1298.93,0,4829.81,371.83
B2,SUGB,2023,108,0,108,108,0,0,0
B2,SUGB,2024,114,0,114,114,0,0,0
B2,SUGB,2025,114.232,0,114.232,114,0,0.232277,0.203752
B2,SUGB,2026,114.448,0,114.448,114,0,0.447737,0.392752
B2,SUGB,2027,114.645,0,114.645,114,0,0.645003,0.565792
B2,SUGB,2028,114.822,0,114.822,114,0,0.821923,0.720985
B2,SUGB,2029,114.977,0,114.977,114,0,0.977227,0.857217
B2,SUGB,2030,115.109,0,115.109,114,0,1.10884,0.972668
B2,SUGB,2031,115.214,0,115.214,114,0,1.21417,1.06506
B2,SUGB,2032,115.291,0,115.291,114,0,1.29149,1.13288
B2,SUGB,2033,115.337,0,115.337,114,0,1.33743,1.17319
B2,SUGB,2034,115.432,0,115.432,114,0,1.43248,1.25656
B2,SUGB,2035,115.49,0,115.49,114,0,1.49044,1.30741
B2,SUGB,2036,115.548,0,115.548,114,0,1.54844,1.35828
B2,SUGB,2037,115.606,0,115.606,114,0,1.60647,1.40918
B2,SUGB,2038,115.665,0,115.665,114,0,1.66453,1.46011
B2,SUGB,2039,115.723,0,115.723,114,0,1.72261,1.51106
B2,SUGB,2040,115.781,0,115.781,114,0,1.78073,1.56204
B2,SUGB,2041,115.839,0,115.839,114,0,1.83887,1.61304
B2,SUGB,2042,115.897,0,115.897,114,0,1.89704,1.66407
B2,SUGB,2043,115.955,0,115.955,114,0,1.95524,1.71513
B2,SUGB,2044,116.013,0,116.013,114,0,2.01347,1.76621
B2,SUGB,2045,116.072,0,116.072,114,0,2.07174,1.81731
B2,SUGB,2046,116.13,0,116.13,114,0,2.13002,1.86844
B2,SUGB,2047,116.188,0,116.188,114,0,2.18834,1.9196
B2,SUGB,2048,116.247,0,116.247,114,0,2.24669,1.97078
B2,SUGB,2049,116.305,0,116.305,114,0,2.30507,2.02199
B2,SUGB,2050,116.363,0,116.363,114,0,2.36348,2.07323
B2,FRTO,2023,32744.3,365.6,33109.9,33109.9,15628.1,0,0
B2,FRTO,2024,34500,109.86,34609.9,34609.9,16380,0,0
B2,FRTO,2025,34682.7,0,34682.7,34603,16362.8,79.6115,0.230071
B2,FRTO,2026,34862.3,0,34862.3,34580.1,16330.1,282.207,0.816095
B2,FRTO,2027,35038.7,0,35038.7,34559.1,16299.8,479.59,1.38774
B2,FRTO,2028,35211.1,0,35211.1,34533,16265.2,678.099,1.96362
B2,FRTO,2029,35379.4,0,35379.4,34502,16226.2,877.404,2.54305
B2,FRTO,2030,35543,0,35543,34465.8,16182.8,1077.11,3.12516
B2,FRTO,2031,35701.1,0,35701.1,34415.6,16126.1,1285.52,3.73529
B2,FRTO,2032,35853.4,0,35853.4,34361.5,16066.1,1491.96,4.34195
B2,FRTO,2033,35999,0,35999,34302.8,16002.5,1696.16,4.94467
B2,FRTO,2034,36163.2,0,36163.2,34245.9,15935,1917.28,5.59857
B2,FRTO,2035,36319.4,0,36319.4,34184.9,15864.3,2134.49,6.24396
B2,FRTO,2036,36458.1,0,36458.1,34152.3,15781.8,2305.8,6.7515
B2,FRTO,2037,36582.7,0,36582.7,34113.6,15696.9,2469.13,7.23796
B2,FRTO,2038,36696,0,36696,34068.9,15609,2627.09,7.7111
B2,FRTO,2039,36800.3,0,36800.3,34019.4,15518.7,2780.83,8.17425
B2,FRTO,2040,36897.3,0,36897.3,33964.4,15425,2932.83,8.63501
B2,FRTO,2041,36988.5,0,36988.5,33898.2,15321.6,3090.28,9.11636
B2,FRTO,2042,37075,0,37075,33827.9,15215.7,3247.12,9.59893
B2,FRTO,2043,37157.9,0,37157.9,33753.5,15106.7,3404.42,10.0861
B2,FRTO,2044,37237.8,0,37237.8,33675.3,14994.9,3562.57,10.5792
B2,FRTO,2045,37315.4,0,37315.4,33592.8,14879.7,3722.6,11.0815
B2,FRTO,2046,37391.2,0,37391.2,33503.6,14758.5,3887.6,11.6035
B2,FRTO,2047,37465.5,0,37465.5,33409,14632.6,4056.44,12.1417
B2,FRTO,2048,37538.6,0,37538.6,33309.5,14502.4,4229.15,12.6965
B2,FRTO,2049,37610.9,0,37610.9,33204,14366.8,4406.9,13.2722
B2,FRTO,2050,37682.5,0,37682.5,33092.5,14225.6,4590.02,13.8703
B2,VEGT,2023,82868.1,0,82868.1,81577.7,19187.1,1290.41,1.58182
B2,VEGT,2024,83696.8,0,83696.8,82264,20415.5,1432.82,1.74174
B2,VEGT,2025,84308.9,0,84308.9,82690.5,20468.6,1618.39,1.95716
B2,VEGT,2026,84861.6,0,84861.6,83103.2,20518.3,1758.47,2.11601
B2,VEGT,2027,85356.2,0,85356.2,83506.7,20571.5,1849.51,2.2148
B2,VEGT,2028,85792.8,0,85792.8,83889.6,20620.1,1903.16,2.26865
B2,VEGT,2029,86172.1,0,86172.1,84251.6,20663.9,1920.54,2.27953
B2,VEGT,2030,86493.9,0,86493.9,84587.4,20703,1906.54,2.25393
B2,VEGT,2031,86757.1,0,86757.1,84895.9,20737.6,1861.19,2.19232
B2,VEGT,2032,86961.4,0,86961.4,85178.4,20768.9,1783,2.09326
B2,VEGT,2033,87104.2,0,87104.2,85431.3,20796.4,1672.87,1.95815
B2,VEGT,2034,87184,0,87184,85653,20819.9,1531.03,1.78748
B2,VEGT,2035,87198.2,0,87198.2,85842.5,20840.4,1355.7,1.57929
B2,VEGT,2036,87130.6,0,87130.6,85994.7,20854.4,1135.84,1.32083
B2,VEGT,2037,86997.5,0,86997.5,86107.4,20864.6,890.125,1.03374
B2,VEGT,2038,86812.4,0,86812.4,86186.5,20870.2,625.933,0.726254
B2,VEGT,2039,86586,0,86586,86238,20871.8,348.003,0.403538
B2,VEGT,2040,86326.9,0,86326.9,86264.5,20867.9,62.3899,0.0723239
B2,VEGT,2041,86042,227.959,86270,86270,20859.1,1.45519e-10,1.68679e-13
B2,VEGT,2042,85736.9,520.453,86257.4,86257.4,20845.6,4.36557e-11,5.0611e-14
B2,VEGT,2043,85416.1,812.273,86228.3,86228.3,20826.9,0,0
B2,VEGT,2044,85083,1101.75,86184.7,86184.7,20803.1,1.45519e-11,1.68846e-14
B2,VEGT,2045,84740.5,1386.44,86126.9,86126.9,20773.5,4.36557e-11,5.06877e-14
B2,VEGT,2046,84390.8,1663.51,86054.3,86054.3,20736.5,1.45519e-11,1.69102e-14
B2,VEGT,2047,84035.8,1931.33,85967.1,85967.1,20691.6,0,0
B2,VEGT,2048,83676.8,2189.29,85866.1,85866.1,20638.9,-1.45519e-11,-1.69472e-14
B2,VEGT,2049,83315.1,2435.07,85750.2,85750.2,20577,-2.91038e-11,-3.39403e-14
B2,VEGT,2050,82951.5,2667.7,85619.2,85619.2,20505.4,0,0
B2,OTGR,2023,3739.7,384.9,4124.6,4124.6,217.92,6.36646e-12,1.54353e-13
B2,OTGR,2024,3815.6,192.67,4008.27,4008.27,164.532,1.36424e-12,3.40357e-14
B2,OTGR,2025,3816.35,200.638,4016.99,4016.99,163.419,-4.54747e-13,-1.13206e-14
B2,OTGR,2026,3817.1,211.171,4028.27,4028.27,162.514,-4.09273e-12,-1.016e-13
B2,OTGR,2027,3817.85,223.114,4040.96,4040.96,161.639,-1.81899e-12,-4.50138e-14
B2,OTGR,2028,3818.6,236.03,4054.63,4054.63,160.72,0,0
B2,OTGR,2029,3819.35,250.475,4069.82,4069.82,159.76,9.09495e-13,2.23473e-14
B2,OTGR,2030,3820.1,265.776,4085.87,4085.87,158.758,-4.54747e-13,-1.11297e-14
B2,OTGR,2031,3820.85,275.318,4096.17,4096.17,157.903,-9.09495e-13,-2.22036e-14
B2,OTGR,2032,3821.6,283.636,4105.23,4105.23,157.025,-9.09495e-13,-2.21545e-14
B2,OTGR,2033,3822.35,292.52,4114.87,4114.87,156.116,9.09495e-13,2.21026e-14
B2,OTGR,2034,3825.85,299.262,4125.11,4125.11,155.173,9.09495e-13,2.20478e-14
B2,OTGR,2035,3829.36,306.525,4135.88,4135.88,154.205,9.09495e-13,2.19903e-14
B2,OTGR,2036,3832.86,313.503,4146.37,4146.37,153.366,-4.54747e-12,-1.09674e-13
B2,OTGR,2037,3836.38,319.597,4155.97,4155.97,152.503,0,0
B2,OTGR,2038,3839.89,325.021,4164.91,4164.91,151.607,-9.09495e-13,-2.18371e-14
B2,OTGR,2039,3843.41,329.928,4173.34,4173.34,150.682,0,0
B2,OTGR,2040,3846.93,334.442,4181.37,4181.37,149.719,0,0
B2,OTGR,2041,3850.46,338.722,4189.18,4189.18,148.86,-9.09495e-13,-2.17106e-14
B2,OTGR,2042,3853.98,342.686,4196.67,4196.67,147.972,1.81899e-12,4.33436e-14
B2,OTGR,2043,3857.51,346.365,4203.88,4203.88,147.05,-9.09495e-13,-2.16347e-14
B2,OTGR,2044,3861.05,349.792,4210.84,4210.84,146.094,-1.81899e-12,-4.31978e-14
B2,OTGR,2045,3864.59,352.859,4217.44,4217.44,145.098,-1.81899e-12,-4.31301e-14
B2,OTGR,2046,3868.13,355.735,4223.86,4223.86,144.091,-9.09495e-13,-2.15323e-14
B2,OTGR,2047,3871.67,358.391,4230.06,4230.06,143.033,0,0
B2,OTGR,2048,3875.22,360.841,4236.06,4236.06,141.925,0,0
B2,OTGR,2049,3878.77,363.073,4241.84,4241.84,140.757,-9.09495e-13,-2.1441e-14
B2,OTGR,2050,3882.32,365.091,4247.41,4247.41,139.528,1.81899e-12,4.28258e-14
B2,SORG,2023,318,485.8,803.8,803.8,67,-1.13687e-13,-1.41437e-14
B2,SORG,2024,314,865.5,1179.5,1179.5,65,0,0
B2,SORG,2025,314.35,864.847,1179.2,1179.2,64.5537,0,0
B2,SORG,2026,314.624,864.939,1179.56,1179.56,64.1956,-4.54747e-13,-3.85522e-14
B2,SORG,2027,314.821,865.451,1180.27,1180.27,63.8562,-4.54747e-13,-3.8529e-14
B2,SORG,2028,314.94,866.259,1181.2,1181.2,63.5077,-4.54747e-13,-3.84988e-14
B2,SORG,2029,314.977,867.509,1182.49,1182.49,63.1508,0,0
B2,SORG,2030,314.931,869.029,1183.96,1183.96,62.7863,2.27374e-13,1.92045e-14
B2,SORG,2031,314.795,869.116,1183.91,1183.91,62.4885,2.27374e-13,1.92053e-14
B2,SORG,2032,314.568,868.932,1183.5,1183.5,62.1918,-4.54747e-13,-3.84239e-14
B2,SORG,2033,314.242,868.949,1183.19,1183.19,61.8937,-2.27374e-13,-1.9217e-14
B2,SORG,2034,313.812,869.167,1182.98,1182.98,61.5943,0,0
B2,SORG,2035,313.271,869.581,1182.85,1182.85,61.2975,2.27374e-13,1.92225e-14
B2,SORG,2036,312.633,870.215,1182.85,1182.85,61.0504,-2.27374e-13,-1.92226e-14
B2,SORG,2037,311.996,870.825,1182.82,1182.82,60.7929,0,0
B2,SORG,2038,311.36,871.444,1182.8,1182.8,60.5213,-2.27374e-13,-1.92233e-14
B2,SORG,2039,310.725,872.091,1182.82,1182.82,60.2375,-9.09495e-13,-7.68923e-14
B2,SORG,2040,310.092,872.781,1182.87,1182.87,59.9373,4.54747e-13,3.84443e-14
B2,SORG,2041,309.46,873.56,1183.02,1183.02,59.6771,-4.54747e-13,-3.84395e-14
B2,SORG,2042,308.83,874.376,1183.21,1183.21,59.4048,-2.27374e-13,-1.92168e-14
B2,SORG,2043,308.2,875.223,1183.42,1183.42,59.1174,2.27374e-13,1.92132e-14
B2,SORG,2044,307.572,876.101,1183.67,1183.67,58.8156,2.27374e-13,1.92092e-14
B2,SORG,2045,306.945,876.97,1183.92,1183.92,58.497,0,0
B2,SORG,2046,306.32,877.872,1184.19,1184.19,58.1725,0,0
B2,SORG,2047,305.696,878.786,1184.48,1184.48,57.8264,-2.27374e-13,-1.91961e-14
B2,SORG,2048,305.073,879.709,1184.78,1184.78,57.459,-2.27374e-13,-1.91912e-14
B2,SORG,2049,304.451,880.632,1185.08,1185.08,57.0663,0,0
B2,SORG,2050,303.83,881.549,1185.38,1185.38,56.6476,2.27374e-13,1.91815e-14
B2,BARL,2023,200,1589.8,1789.8,1640,90.2,149.8,9.13415
B2,BARL,2024,200,1424,1624,1624,89.32,0,0
B2,BARL,2025,200.234,1417.56,1617.8,1617.8,88.6562,2.27374e-13,1.40545e-14
B2,BARL,2026,200.421,1411.63,1612.05,1612.05,88.1201,-2.27374e-13,-1.41046e-14
B2,BARL,2027,200.558,1405.99,1606.54,1606.54,87.6001,2.27374e-13,1.4153e-14
B2,BARL,2028,200.645,1400.52,1601.17,1601.17,87.057,-2.27374e-13,-1.42005e-14
B2,BARL,2029,200.681,1395.39,1596.07,1596.07,86.4918,0,0
B2,BARL,2030,200.663,1390.41,1591.08,1591.08,85.9045,-4.54747e-13,-2.85811e-14
B2,BARL,2031,200.589,1384.65,1585.24,1585.24,85.4082,2.27374e-13,1.43432e-14
B2,BARL,2032,200.456,1378.79,1579.24,1579.24,84.9004,2.27374e-13,1.43977e-14
B2,BARL,2033,200.26,1373.11,1573.37,1573.37,84.3763,2.27374e-13,1.44514e-14
B2,BARL,2034,200.055,1367.58,1567.64,1567.64,83.8351,0,0
B2,BARL,2035,199.779,1362.26,1562.04,1562.04,83.281,-4.54747e-13,-2.91123e-14
B2,BARL,2036,199.441,1357.95,1557.39,1557.39,82.8069,2.27374e-13,1.45997e-14
B2,BARL,2037,199.103,1354.3,1553.41,1553.41,82.3197,-2.27374e-13,-1.46371e-14
B2,BARL,2038,198.766,1351.27,1550.04,1550.04,81.8143,0,0
B2,BARL,2039,198.43,1348.79,1547.22,1547.22,81.2935,-2.27374e-13,-1.46957e-14
B2,BARL,2040,198.094,1346.79,1544.88,1544.88,80.7517,4.54747e-13,2.94358e-14
B2,BARL,2041,197.759,1345.29,1543.05,1543.05,80.2743,0,0
B2,BARL,2042,197.424,1344.17,1541.59,1541.59,79.7819,-2.27374e-13,-1.47493e-14
B2,BARL,2043,197.09,1343.37,1540.46,1540.46,79.2703,2.27374e-13,1.47601e-14
B2,BARL,2044,196.756,1342.85,1539.61,1539.61,78.7405,4.54747e-13,2.95366e-14
B2,BARL,2045,196.423,1342.55,1538.97,1538.97,78.1894,2.27374e-13,1.47744e-14
B2,BARL,2046,196.091,1342.46,1538.55,1538.55,77.6342,2.27374e-13,1.47785e-14
B2,BARL,2047,195.759,1342.52,1538.28,1538.28,77.0516,2.27374e-13,1.4781e-14
B2,BARL,2048,195.428,1342.71,1538.14,1538.14,76.4419,6.82121e-13,4.43471e-14
B2,BARL,2049,195.097,1342.99,1538.09,1538.09,75.8002,2.27374e-13,1.47829e-14
B2,BARL,2050,194.767,1343.33,1538.1,1538.1,75.1255,-4.54747e-13,-2.95655e-14
B2,PIGM,2023,5794,152.32,5946.32,5946.32,4546.55,9.09495e-13,1.52951e-14
B2,PIGM,2024,5706,104.23,5810.23,5810.23,4444.17,0,0
B2,PIGM,2025,5731.07,0,5731.07,5636.91,4259.19,94.1691,1.67058
B2,PIGM,2026,5701.77,0,5701.77,5467.67,4081.21,234.098,4.2815
B2,PIGM,2027,5675.42,0,5675.42,5300.55,3911.88,374.873,7.07235
B2,PIGM,2028,5651.73,0,5651.73,5138.84,3747.96,512.894,9.98074
B2,PIGM,2029,5630.44,0,5630.44,4982.85,3589.64,647.588,12.9963
B2,PIGM,2030,5611.32,0,5611.32,4832.06,3436.57,779.258,16.1268
B2,PIGM,2031,5601.57,0,5601.57,4687.67,3289.54,913.897,19.4958
B2,PIGM,2032,5586.72,0,5586.72,4549.27,3148.77,1037.45,22.8048
B2,PIGM,2033,5573.62,0,5573.62,4416.04,3013.13,1157.57,26.2129
B2,PIGM,2034,5562.14,0,5562.14,4287.82,2882.45,1274.32,29.7196
B2,PIGM,2035,5552.18,0,5552.18,4164.61,2756.73,1387.57,33.3181
B2,PIGM,2036,5543.15,0,5543.15,4052.8,2636.02,1490.34,36.7732
B2,PIGM,2037,5535.76,0,5535.76,3945.9,2520.28,1589.86,40.2914
B2,PIGM,2038,5529.69,0,5529.69,3843.04,2408.67,1686.64,43.8883
B2,PIGM,2039,5524.66,0,5524.66,3744.19,2301.16,1780.47,47.553
B2,PIGM,2040,5520.47,0,5520.47,3649.04,2197.48,1871.43,51.2854
B2,PIGM,2041,5516.94,0,5516.94,3558.08,2098.12,1958.86,55.0539
B2,PIGM,2042,5513.95,0,5513.95,3471.08,2002.87,2042.86,58.8538
B2,PIGM,2043,5511.38,0,5511.38,3387.46,1911.15,2123.92,62.6993
B2,PIGM,2044,5509.14,0,5509.14,3307.13,1822.89,2202.01,66.5838
B2,PIGM,2045,5507.18,0,5507.18,3229.92,1737.92,2277.26,70.5054
B2,PIGM,2046,5505.43,0,5505.43,3155.72,1656.16,2349.71,74.4586
B2,PIGM,2047,5503.85,0,5503.85,3084.39,1577.47,2419.46,78.442
B2,PIGM,2048,5502.41,0,5502.41,3015.78,1501.7,2486.64,82.4543
B2,PIGM,2049,5501.08,0,5501.08,2949.69,1428.69,2551.39,86.497
B2,PIGM,2050,5499.83,0,5499.83,2886.04,1358.35,2613.79,90.5665
B2,CATM,2023,753,273.73,1026.73,1026.73,925.67,0,0
B2,CATM,2024,779,287.41,1066.41,1066.41,954.39,0,0
B2,CATM,2025,747.119,279.82,1026.94,1026.94,919.504,-4.54747e-13,-4.42818e-14
B2,CATM,2026,752.254,240.273,992.527,992.527,884.353,0,0
B2,CATM,2027,757.094,202.836,959.93,959.93,851.06,-2.27374e-13,-2.36865e-14
B2,CATM,2028,761.998,166.186,928.183,928.183,818.608,1.13687e-13,1.22483e-14
B2,CATM,2029,770.967,127.039,898.006,898.006,787.141,3.41061e-13,3.79798e-14
B2,CATM,2030,780.079,88.6324,868.712,868.712,756.536,-1.13687e-13,-1.30868e-14
B2,CATM,2031,789.342,50.4886,839.831,839.831,726.324,2.27374e-13,2.70738e-14
B2,CATM,2032,798.761,13.6763,812.437,812.437,697.576,-2.27374e-13,-2.79866e-14
B2,CATM,2033,808.344,0,808.344,786.085,669.845,22.2593,2.83167
B2,CATM,2034,818.099,0,818.099,760.75,643.108,57.349,7.53847
B2,CATM,2035,828.035,0,828.035,736.457,617.386,91.5779,12.4349
B2,CATM,2036,837.401,0,837.401,712.403,591.985,124.998,17.5459
B2,CATM,2037,846.873,0,846.873,689.362,567.582,157.51,22.8487
B2,CATM,2038,856.451,0,856.451,667.016,543.859,189.435,28.4003
B2,CATM,2039,866.137,0,866.137,645.379,520.829,220.757,34.2058
B2,CATM,2040,875.932,0,875.932,624.413,498.454,251.519,40.2809
B2,CATM,2041,885.837,0,885.837,603.959,476.576,281.878,46.6717
B2,CATM,2042,895.854,0,895.854,584.401,455.578,311.453,53.2944
B2,CATM,2043,905.984,0,905.984,565.523,435.242,340.461,60.203
B2,CATM,2044,916.228,0,916.228,547.321,415.568,368.907,67.4023
B2,CATM,2045,926.587,0,926.587,529.772,396.529,396.814,74.9028
B2,CATM,2046,937.063,0,937.063,512.816,378.067,424.246,82.7287
B2,CATM,2047,947.656,0,947.656,496.512,360.239,451.144,90.8626
B2,CATM,2048,958.369,0,958.369,480.817,343.004,477.552,99.321
B2,CATM,2049,969.203,0,969.203,465.703,326.332,503.5,108.116
B2,CATM,2050,980.159,0,980.159,451.161,310.214,528.998,117.253
B2,SHGM,2023,531,43.24,574.24,574.24,501.279,0,0
B2,SHGM,2024,518,36.53,554.53,554.53,495.466,0,0
B2,SHGM,2025,520.85,15.5741,536.425,536.425,477.035,0,0
B2,SHGM,2026,523.723,0,523.723,518.475,458.758,5.24807,1.01221
B2,SHGM,2027,526.619,0,526.619,501.517,441.47,25.102,5.00522
B2,SHGM,2028,529.538,0,529.538,485.046,424.666,44.4922,9.17277
B2,SHGM,2029,532.248,0,532.248,469.098,408.409,63.1503,13.4621
B2,SHGM,2030,534.766,0,534.766,453.604,392.628,81.1626,17.8928
B2,SHGM,2031,537.111,0,537.111,438.412,377.168,98.6994,22.513
B2,SHGM,2032,539.298,0,539.298,423.954,362.461,115.344,27.2067
B2,SHGM,2033,541.342,0,541.342,410.005,348.279,131.337,32.033
B2,SHGM,2034,543.257,0,543.257,396.553,334.609,146.704,36.9948
B2,SHGM,2035,545.057,0,545.057,383.608,321.459,161.449,42.0869
B2,SHGM,2036,547.063,0,547.063,370.918,308.54,176.145,47.4891
B2,SHGM,2037,548.95,0,548.95,358.728,296.135,190.222,53.0268
B2,SHGM,2038,550.731,0,550.731,346.881,284.084,203.85,58.7668
B2,SHGM,2039,552.416,0,552.416,335.381,272.393,217.034,64.7126
B2,SHGM,2040,554.271,0,554.271,324.238,261.038,230.033,70.9455
B2,SHGM,2041,556.023,0,556.023,313.355,249.955,242.668,77.442
B2,SHGM,2042,557.682,0,557.682,302.902,239.313,254.78,84.1129
B2,SHGM,2043,559.258,0,559.258,292.772,229.003,266.486,91.0217
B2,SHGM,2044,560.757,0,560.757,282.962,219.022,277.795,98.1741
B2,SHGM,2045,561.536,0,561.536,273.386,209.358,288.15,105.4
B2,SHGM,2046,562.316,0,562.316,264.096,199.978,298.22,112.921
B2,SHGM,2047,563.097,0,563.097,255.118,190.912,307.979,120.72
B2,SHGM,2048,563.879,0,563.879,246.432,182.136,317.447,128.818
B2,SHGM,2049,564.662,0,564.662,238.021,173.636,326.641,137.232
B2,SHGM,2050,565.446,0,565.446,229.881,165.407,335.565,145.974
B2,CHKM,2023,2609.25,74.7687,2684.02,2684.02,2423.09,9.09495e-13,3.38856e-14
B2,CHKM,2024,2637.39,20.6355,2658.03,2658.03,2394.29,-9.09495e-13,-3.42169e-14
B2,CHKM,2025,2727.89,0,2727.89,2725.86,2453.07,2.02952,0.0744543
B2,CHKM,2026,2733.34,50.9465,2784.28,2784.28,2510.95,1.36424e-12,4.8998e-14
B2,CHKM,2027,2741.5,104.489,2845.99,2845.99,2571.84,1.81899e-12,6.39142e-14
B2,CHKM,2028,2749.8,158.589,2908.39,2908.39,2633.41,-2.27374e-12,-7.81787e-14
B2,CHKM,2029,2758.25,213.592,2971.84,2971.84,2696.01,2.72848e-12,9.18113e-14
B2,CHKM,2030,2766.85,269.155,3036.01,3036.01,2759.32,9.09495e-13,2.99569e-14
B2,CHKM,2031,2775.64,324.293,3099.93,3099.93,2822.37,-9.09495e-13,-2.93392e-14
B2,CHKM,2032,2784.61,381.819,3166.43,3166.43,2887.97,-4.54747e-13,-1.43615e-14
B2,CHKM,2033,2793.79,440.472,3234.26,3234.26,2954.89,-1.81899e-12,-5.62412e-14
B2,CHKM,2034,2803.2,500.295,3303.49,3303.49,3023.17,-1.81899e-12,-5.50626e-14
B2,CHKM,2035,2812.85,561.537,3374.38,3374.38,3093.1,1.81899e-12,5.39058e-14
B2,CHKM,2036,2831.01,612.95,3443.96,3443.96,3160.86,1.36424e-12,3.96126e-14
B2,CHKM,2037,2847.25,667.512,3514.76,3514.76,3230.04,4.54747e-13,1.29382e-14
B2,CHKM,2038,2862.56,722.947,3585.51,3585.51,3299.25,1.81899e-12,5.07317e-14
B2,CHKM,2039,2877.44,778.847,3656.29,3656.29,3368.55,2.27374e-12,6.2187e-14
B2,CHKM,2040,2892.14,834.679,3726.82,3726.82,3437.6,4.54747e-13,1.2202e-14
B2,CHKM,2041,2906.78,889.382,3796.16,3796.16,3505.48,-4.54747e-13,-1.19791e-14
B2,CHKM,2042,2921.42,944.988,3866.41,3866.41,3574.27,3.18323e-12,8.23304e-14
B2,CHKM,2043,2936.1,1000.18,3936.29,3936.29,3642.68,1.81899e-12,4.62108e-14
B2,CHKM,2044,2950.84,1054.9,4005.74,4005.74,3710.66,9.09495e-13,2.27048e-14
B2,CHKM,2045,2965.65,1108.9,4074.54,4074.54,3777.98,-2.72848e-12,-6.69642e-14
B2,CHKM,2046,2980.51,1161.55,4142.06,4142.06,3844.01,-5.45697e-12,-1.31745e-13
B2,CHKM,2047,2995.45,1213.25,4208.71,4208.71,3909.16,1.81899e-12,4.32197e-14
B2,CHKM,2048,3010.46,1263.59,4274.05,4274.05,3973.01,0,0
B2,CHKM,2049,3025.55,1312.15,4337.7,4337.7,4035.15,-1.81899e-12,-4.19344e-14
B2,CHKM,2050,3040.7,1358.74,4399.44,4399.44,4095.37,-4.54747e-12,-1.03365e-13
B2,EGGS,2023,3028.55,0,3028.55,3011.87,2383.06,16.68,0.553809
B2,EGGS,2024,3049.8,0,3049.8,3031.91,2386.64,17.8911,0.590095
B2,EGGS,2025,3064.17,0,3064.17,3008.81,2354.47,55.3524,1.83968
B2,EGGS,2026,3076.52,0,3076.52,2985.05,2321.73,91.4679,3.0642
B2,EGGS,2027,3087.18,0,3087.18,2962.08,2289.8,125.095,4.22322
B2,EGGS,2028,3096.41,0,3096.41,2938.87,2257.64,157.539,5.36053
B2,EGGS,2029,3104.45,0,3104.45,2915.53,2225.29,188.92,6.47978
B2,EGGS,2030,3111.51,0,3111.51,2892.03,2192.77,219.487,7.5894
B2,EGGS,2031,3117.77,0,3117.77,2868.16,2159.86,249.609,8.70274
B2,EGGS,2032,3123.39,0,3123.39,2844.52,2127.08,278.861,9.80344
B2,EGGS,2033,3128.5,0,3128.5,2820.99,2094.32,307.507,10.9007
B2,EGGS,2034,3133.22,0,3133.22,2797.56,2061.57,335.664,11.9984
B2,EGGS,2035,3137.68,0,3137.68,2774.36,2028.93,363.318,13.0955
B2,EGGS,2036,3122.82,0,3122.82,2754.16,2000.04,368.664,13.3857
B2,EGGS,2037,3107.57,0,3107.57,2733.58,1971.17,373.989,13.6813
B2,EGGS,2038,3092.02,0,3092.02,2712.54,1942.22,379.482,13.9899
B2,EGGS,2039,3076.25,0,3076.25,2691.13,1913.25,385.122,14.3108
B2,EGGS,2040,3060.33,0,3060.33,2669.26,1884.15,391.077,14.6512
B2,EGGS,2041,3044.31,0,3044.31,2646.87,1854.85,397.437,15.0154
B2,EGGS,2042,3028.21,0,3028.21,2624.22,1825.59,403.994,15.3948
B2,EGGS,2043,3012.09,0,3012.09,2601.24,1796.28,410.846,15.7942
B2,EGGS,2044,2995.95,0,2995.95,2577.98,1766.95,417.974,16.2132
B2,EGGS,2045,2979.83,0,2979.83,2554.39,1737.55,425.443,16.6554
B2,EGGS,2046,2963.73,0,2963.73,2530.34,1707.94,433.391,17.1278
B2,EGGS,2047,2947.67,0,2947.67,2505.87,1678.15,441.804,17.6308
B2,EGGS,2048,2931.66,0,2931.66,2481.01,1648.21,450.657,18.1643
B2,EGGS,2049,2915.71,0,2915.71,2455.66,1618.01,460.049,18.7342
B2,EGGS,2050,2899.82,0,2899.82,2429.84,1587.55,469.983,19.3422
B2,MILK,2023,4197,1694.13,5891.13,5891.13,5223.43,-9.09495e-13,-1.54384e-14
B2,MILK,2024,4079,1555.36,5634.36,5634.36,4998.61,0,0
B2,MILK,2025,3962.98,1851.51,5814.48,5814.48,5196.82,-2.72848e-12,-4.69256e-14
B2,MILK,2026,4076.9,1959.3,6036.19,6036.19,5400.78,-9.09495e-13,-1.50674e-14
B2,MILK,2027,4194.25,2075.01,6269.26,6269.26,5615.55,9.09495e-13,1.45072e-14
B2,MILK,2028,4315.16,2193.48,6508.64,6508.64,5836.09,-9.09495e-13,-1.39736e-14
B2,MILK,2029,4439.77,2315.51,6755.27,6755.27,6063.3,9.09495e-13,1.34635e-14
B2,MILK,2030,4568.19,2440.48,7008.67,7008.67,6296.68,0,0
B2,MILK,2031,4613.62,2643.49,7257.11,7257.11,6538.04,-1.81899e-12,-2.50649e-14
B2,MILK,2032,4659.77,2856.87,7516.63,7516.63,6790.37,-4.54747e-12,-6.04988e-14
B2,MILK,2033,4706.69,3077.99,7784.67,7784.67,7051.1,-1.81899e-12,-2.33663e-14
B2,MILK,2034,4754.41,3307.05,8061.46,8061.46,7320.45,-9.09495e-13,-1.1282e-14
B2,MILK,2035,4802.98,3544.86,8347.84,8347.84,7599.25,1.81899e-12,2.179e-14
B2,MILK,2036,4843.47,3794.72,8638.2,8638.2,7883.3,0,0
B2,MILK,2037,4876.93,4060.21,8937.13,8937.13,8177.03,-3.63798e-12,-4.07063e-14
B2,MILK,2038,4904.66,4336.78,9241.44,9241.44,8477.01,-5.45697e-12,-5.90489e-14
B2,MILK,2039,4927.77,4623.67,9551.43,9551.43,8783.4,-3.63798e-12,-3.80883e-14
B2,MILK,2040,4947.13,4919.37,9866.51,9866.51,9095.46,-7.27596e-12,-7.3744e-14
B2,MILK,2041,4963.49,5226.23,10189.7,10189.7,9416.12,-7.27596e-12,-7.14049e-14
B2,MILK,2042,4977.41,5544.53,10521.9,10521.9,9746.17,0,0
B2,MILK,2043,4989.39,5870.42,10859.8,10859.8,10082.2,1.81899e-12,1.67497e-14
B2,MILK,2044,4999.79,6203.46,11203.3,11203.3,10424,-1.81899e-12,-1.62363e-14
B2,MILK,2045,5008.94,6542.77,11551.7,11551.7,10771,-1.81899e-12,-1.57465e-14
B2,MILK,2046,5017.08,6888.18,11905.3,11905.3,11123.3,0,0
B2,MILK,2047,5024.41,7238.95,12263.4,12263.4,11480.3,-3.63798e-12,-2.96654e-14
B2,MILK,2048,5031.09,7593.63,12624.7,12624.7,11840.6,-3.63798e-12,-2.88163e-14
B2,MILK,2049,5037.26,7950.81,12988.1,12988.1,12203,1.81899e-12,1.40051e-14
B2,MILK,2050,5043,8309.62,13352.6,13352.6,12566.6,1.81899e-12,1.36227e-14
B2,FISH,2023,7116.2,296,7412.2,7412.2,3132.04,0,0
B2,FISH,2024,7366,269,7635,7635,3204.13,0,0
B2,FISH,2025,7453.32,370.163,7823.48,7823.48,3327.63,4.54747e-12,5.8126e-14
B2,FISH,2026,7540.81,471.263,8012.08,8012.08,3450.93,-3.63798e-12,-4.54062e-14
B2,FISH,2027,7628.49,578.526,8207.02,8207.02,3579.99,1.81899e-12,2.21638e-14
B2,FISH,2028,7716.36,690.63,8406.99,8406.99,3713.47,5.45697e-12,6.49099e-14
B2,FISH,2029,7804.43,808.212,8612.64,8612.64,3851.6,-5.45697e-12,-6.336e-14
B2,FISH,2030,7892.71,930.997,8823.7,8823.7,3994.6,3.63798e-12,4.12296e-14
B2,FISH,2031,7981.22,1055.52,9036.74,9036.74,4138.84,3.63798e-12,4.02576e-14
B2,FISH,2032,8069.98,1186.54,9256.52,9256.52,4288.8,0,0
B2,FISH,2033,8159,1324.08,9483.09,9483.09,4444.57,3.63798e-12,3.83628e-14
B2,FISH,2034,8248.33,1468.47,9716.8,9716.8,4606.48,1.81899e-12,1.872e-14
B2,FISH,2035,8333.86,1623.92,9957.78,9957.78,4775.16,1.81899e-12,1.8267e-14
B2,FISH,2036,8405.51,1803.03,10208.5,10208.5,4942.49,3.63798e-12,3.56366e-14
B2,FISH,2037,8461.78,2000.56,10462.3,10462.3,5114.63,5.45697e-12,5.21582e-14
B2,FISH,2038,8505.54,2213.77,10719.3,10719.3,5291.3,0,0
B2,FISH,2039,8539.17,2440.87,10980,10980,5472.73,0,0
B2,FISH,2040,8564.61,2679.84,11244.4,11244.4,5658.59,-5.45697e-12,-4.85303e-14
B2,FISH,2041,8583.44,2925.6,11509,11509,5845.16,0,0
B2,FISH,2042,8596.97,3181.02,11778,11778,6036.44,1.81899e-12,1.5444e-14
B2,FISH,2043,8606.22,3444.92,12051.1,12051.1,6232.15,1.81899e-12,1.50939e-14
B2,FISH,2044,8612.05,3716.63,12328.7,12328.7,6432.36,-1.81899e-12,-1.47541e-14
B2,FISH,2045,8615.13,3995.29,12610.4,12610.4,6636.81,1.81899e-12,1.44245e-14
B2,FISH,2046,8616.01,4278.68,12894.7,12894.7,6843.84,1.81899e-12,1.41065e-14
B2,FISH,2047,8615.13,4567.33,13182.5,13182.5,7054.37,3.63798e-12,2.75971e-14
B2,FISH,2048,8612.83,4860.84,13473.7,13473.7,7268.32,-1.81899e-12,-1.35003e-14
B2,FISH,2049,8609.42,5158.24,13767.7,13767.7,7485.04,0,0
B2,FISH,2050,8605.1,5459,14064.1,14064.1,7704.24,-1.81899e-12,-1.29336e-14
B3,RICE,2023,20660.3,100.6,20760.9,20760.9,15799.6,3.63798e-12,1.75232e-14
B3,RICE,2024,20753.5,78.57,20832.1,20832.1,15650,0,0
B3,RICE,2025,20794.1,0,20794.1,20766.7,15282.6,27.4631,0.132246
B3,RICE,2026,20834.1,0,20834.1,20698.9,14928,135.116,0.652767
B3,RICE,2027,20873.2,0,20873.2,20601.6,14578,271.595,1.31832
B3,RICE,2028,20911.5,0,20911.5,20492.7,14234,418.819,2.04375
B3,RICE,2029,20948.9,0,20948.9,20392.6,13895.7,556.247,2.72769
B3,RICE,2030,20985.2,0,20985.2,20311.3,13571.9,673.883,3.31777
B3,RICE,2031,21004.7,0,21004.7,20186.2,13253.8,818.449,4.05449
B3,RICE,2032,21022.9,0,21022.9,20030.9,12940.1,991.993,4.95232
B3,RICE,2033,21039.7,0,21039.7,19883.4,12631.1,1156.28,5.81532
B3,RICE,2034,21054.9,0,21054.9,19744.2,12327.6,1310.72,6.6385
B3,RICE,2035,21068.5,0,21068.5,19619.6,12035.7,1448.91,7.38501
B3,RICE,2036,21079.7,0,21079.7,19493,11749.7,1586.69,8.13978
B3,RICE,2037,21089,0,21089,19372.2,11468.6,1716.79,8.86212
B3,RICE,2038,21096.5,0,21096.5,19258.1,11193.5,1838.35,9.54587
B3,RICE,2039,21102.4,0,21102.4,19149.9,10923.4,1952.48,10.1957
B3,RICE,2040,21107,0,21107,19052.5,10663.2,2054.46,10.7832
B3,RICE,2041,21110.3,0,21110.3,18960.9,10408,2149.35,11.3357
B3,RICE,2042,21112.5,0,21112.5,18874.5,10156.9,2238,11.8572
B3,RICE,2043,21113.7,0,21113.7,18793.8,9910.55,2319.89,12.3439
B3,RICE,2044,21114.1,0,21114.1,18718.5,9668.49,2395.58,12.798
B3,RICE,2045,21113.5,0,21113.5,18648.7,9431.06,2464.8,13.217
B3,RICE,2046,21112.2,0,21112.2,18583.2,9196.87,2529,13.609
B3,RICE,2047,21110.2,0,21110.2,18522,8965.91,2588.22,13.9738
B3,RICE,2048,21107.6,0,21107.6,18464.6,8737.68,2643.03,14.3141
B3,RICE,2049,21104.3,0,21104.3,18410.7,8512.08,2693.58,14.6305
B3,RICE,2050,21100.5,0,21100.5,18369.9,8298.35,2730.6,14.8646
B3,WHEA,2023,13659,1189.4,14848.4,14848.4,9162.85,-1.81899e-12,-1.22504e-14
B3,WHEA,2024,14009.9,1106.26,15116.2,15116.2,9100,3.63798e-12,2.40668e-14
B3,WHEA,2025,14115.7,906.395,15022.1,15022.1,8886.27,3.63798e-12,2.42175e-14
B3,WHEA,2026,14217.3,720.683,14938,14938,8679.73,7.27596e-12,4.87078e-14
B3,WHEA,2027,14314.7,542.487,14857.2,14857.2,8475.74,-1.81899e-12,-1.22431e-14
B3,WHEA,2028,14407.9,372.861,14780.8,14780.8,8275,-1.81899e-12,-1.23065e-14
B3,WHEA,2029,14496.8,212.575,14709.4,14709.4,8077.38,0,0
B3,WHEA,2030,14581.4,66.1343,14647.5,14647.5,7888,0,0
B3,WHEA,2031,14595.7,0,14595.7,14514.9,7701.74,80.8775,0.557205
B3,WHEA,2032,14605,0,14605,14382.2,7517.76,222.857,1.54954
B3,WHEA,2033,14608.9,0,14608.9,14251.2,7336.39,357.734,2.51021
B3,WHEA,2034,14607.3,0,14607.3,14122.2,7157.9,485.061,3.43474
B3,WHEA,2035,14599.8,0,14599.8,13998.8,6985.97,600.954,4.29288
B3,WHEA,2036,14588.4,0,14588.4,13864.6,6817.55,723.783,5.22036
B3,WHEA,2037,14573.5,0,14573.5,13732.1,6652.12,841.348,6.12686
B3,WHEA,2038,14555.4,0,14555.4,13602,6490.27,953.353,7.0089
B3,WHEA,2039,14534.5,0,14534.5,13473.9,6331.45,1060.61,7.87161
B3,WHEA,2040,14511,0,14511,13350.5,6178.47,1160.54,8.69287
B3,WHEA,2041,14485.3,0,14485.3,13229,6028.45,1256.27,9.4963
B3,WHEA,2042,14457.6,0,14457.6,13109.1,5880.94,1348.45,10.2863
B3,WHEA,2043,14428,0,14428,12991.1,5736.29,1436.93,11.0609
B3,WHEA,2044,14396.8,0,14396.8,12874.7,5594.22,1522.16,11.8229
B3,WHEA,2045,14364.2,0,14364.2,12760,5454.92,1604.2,12.5721
B3,WHEA,2046,14330.4,0,14330.4,12646.5,5317.6,1683.92,13.3153
B3,WHEA,2047,14295.4,0,14295.4,12533.9,5182.23,1761.45,14.0535
B3,WHEA,2048,14259.4,0,14259.4,12422.1,5048.54,1837.23,14.79
B3,WHEA,2049,14222.5,0,14222.5,12311,4916.46,1911.44,15.5262
B3,WHEA,2050,14184.8,0,14184.8,12206,4791.33,1978.83,16.2119
B3,MAIZ,2023,28884,2712.1,31596.1,31596.1,1890,0,0
B3,MAIZ,2024,29492,1363,30855,30855,1890,0,0
B3,MAIZ,2025,29896.1,1142.28,31038.4,31038.4,1881.42,-1.81899e-11,-5.86046e-14
B3,MAIZ,2026,30301.1,924.9,31226,31226,1873.08,-4.00178e-11,-1.28155e-13
B3,MAIZ,2027,30706.7,1381.14,32087.8,32087.8,1864.42,7.27596e-12,2.26751e-14
B3,MAIZ,2028,31112.1,1287.44,32399.5,32399.5,1855.35,2.54659e-11,7.85995e-14
B3,MAIZ,2029,31516.8,1102.74,32619.5,32619.5,1845.93,-3.63798e-12,-1.11528e-14
B3,MAIZ,2030,31920.1,891.712,32811.8,32811.8,1837.4,7.27596e-12,2.21748e-14
B3,MAIZ,2031,31929.1,858.161,32787.2,32787.2,1828.48,0,0
B3,MAIZ,2032,31930.2,840.057,32770.3,32770.3,1819.27,-1.45519e-11,-4.44058e-14
B3,MAIZ,2033,31922.7,822.658,32745.4,32745.4,1809.72,7.27596e-12,2.22198e-14
B3,MAIZ,2034,31915,799.386,32714.4,32714.4,1799.91,0,0
B3,MAIZ,2035,31897,779.442,32676.4,32676.4,1790.89,-3.63798e-12,-1.11333e-14
B3,MAIZ,2036,31872,952.736,32824.7,32824.7,1781.52,-1.45519e-11,-4.43322e-14
B3,MAIZ,2037,31840.8,1124.62,32965.4,32965.4,1771.89,-7.27596e-12,-2.20715e-14
B3,MAIZ,2038,31804.1,1295.92,33100,33100,1762.04,-7.27596e-12,-2.19817e-14
B3,MAIZ,2039,31762.5,1466.76,33229.2,33229.2,1751.83,7.27596e-12,2.18963e-14
B3,MAIZ,2040,31716.5,1638.46,33354.9,33354.9,1742.18,-2.91038e-11,-8.7255e-14
B3,MAIZ,2041,31666.6,1809.64,33476.2,33476.2,1732.16,-7.27596e-12,-2.17347e-14
B3,MAIZ,2042,31613.3,1980.22,33593.5,33593.5,1721.83,7.27596e-12,2.16588e-14
B3,MAIZ,2043,31556.9,2150.02,33706.9,33706.9,1711.21,0,0
B3,MAIZ,2044,31497.8,2318.68,33816.5,33816.5,1700.21,0,0
B3,MAIZ,2045,31436.3,2485.23,33921.6,33921.6,1688.95,1.45519e-11,4.28987e-14
B3,MAIZ,2046,31372.7,2649.92,34022.6,34022.6,1677.14,0,0
B3,MAIZ,2047,31307.2,2812.52,34119.7,34119.7,1664.82,0,0
B3,MAIZ,2048,31240,2972.55,34212.6,34212.6,1651.9,1.45519e-11,4.25338e-14
B3,MAIZ,2049,31171.4,3129.7,34301.1,34301.1,1638.33,0,0
B3,MAIZ,2050,31101.4,3285.91,34387.3,34387.3,1626.25,1.45519e-11,4.23177e-14
B3,POTA,2023,9150,0,9150,9125,5872,25,0.273973
B3,POTA,2024,9500,0,9500,9445,6081.92,55,0.582319
B3,POTA,2025,9564.68,0,9564.68,9394.61,5998.13,170.074,1.81034
B3,POTA,2026,9625.18,0,9625.18,9354.98,5915.67,270.204,2.88834
B3,POTA,2027,9681.49,0,9681.49,9341.23,5833.6,340.267,3.64263
B3,POTA,2028,9733.56,0,9733.56,9323.45,5751.18,410.111,4.39871
B3,POTA,2029,9781.37,0,9781.37,9317.18,5668.71,464.188,4.98206
B3,POTA,2030,9824.87,0,9824.87,9312.51,5590.19,512.356,5.5018
B3,POTA,2031,9863.92,0,9863.92,9302.77,5511.23,561.151,6.03208
B3,POTA,2032,9898.47,0,9898.47,9291.63,5432.8,606.84,6.53103
B3,POTA,2033,9928.33,0,9928.33,9279.94,5354.42,648.389,6.987
B3,POTA,2034,9953.35,0,9953.35,9267.12,5276.33,686.237,7.40507
B3,POTA,2035,9973.36,0,9973.36,9260.08,5201.85,713.279,7.70273
B3,POTA,2036,9993.11,0,9993.11,9255.55,5126.91,737.565,7.96889
B3,POTA,2037,10012.1,0,10012.1,9249.17,5052.26,762.885,8.24814
B3,POTA,2038,10030.2,0,10030.2,9240.79,4977.69,789.438,8.54297
B3,POTA,2039,10047.6,0,10047.6,9230.06,4902.9,817.579,8.85779
B3,POTA,2040,10064.3,0,10064.3,9219.72,4830.55,844.61,9.16091
B3,POTA,2041,10080.3,0,10080.3,9206.92,4757.8,873.405,9.48639
B3,POTA,2042,10095.7,0,10095.7,9192.24,4685.2,903.418,9.82806
B3,POTA,2043,10110.3,0,10110.3,9175.48,4612.51,934.854,10.1886
B3,POTA,2044,10124.4,0,10124.4,9156.52,4539.6,967.863,10.5702
B3,POTA,2045,10137.8,0,10137.8,9135.71,4466.81,1002.12,10.9693
B3,POTA,2046,10150.7,0,10150.7,9112.29,4393.34,1038.4,11.3956
B3,POTA,2047,10163,0,10163,9086.55,4319.43,1076.43,11.8464
B3,POTA,2048,10174.7,0,10174.7,9058.17,4244.77,1116.55,12.3264
B3,POTA,2049,10185.9,0,10185.9,9027.16,4169.33,1158.75,12.8363
B3,POTA,2050,10196.6,0,10196.6,8999.51,4099.06,1197.07,13.3015
B3,SOYS,2023,2084.17,9849,11933.2,11933.2,1550,0,0
B3,SOYS,2024,2065,10497,12562,12562,1675,-1.81899e-12,-1.44801e-14
B3,SOYS,2025,2190,10037.4,12227.4,12227.4,1677.69,-1.81899e-12,-1.48763e-14
B3,SOYS,2026,2322.21,9726.83,12049,12049,1680.25,-2.36469e-11,-1.96255e-13
B3,SOYS,2027,2462,9445.24,11907.2,11907.2,1682.8,-3.63798e-12,-3.05527e-14
B3,SOYS,2028,2609.75,9180.9,11790.6,11790.6,1684.89,0,0
B3,SOYS,2029,2765.82,8933.11,11698.9,11698.9,1686.66,-1.81899e-12,-1.55483e-14
B3,SOYS,2030,2930.63,8692.93,11623.6,11623.6,1688.47,1.81899e-12,1.56492e-14
B3,SOYS,2031,2961.78,8553.86,11515.6,11515.6,1689.72,0,0
B3,SOYS,2032,2992.54,8423.1,11415.6,11415.6,1691,-1.81899e-12,-1.59342e-14
B3,SOYS,2033,3022.79,8302.76,11325.5,11325.5,1691.98,3.63798e-12,3.21219e-14
B3,SOYS,2034,3052.01,8192.19,11244.2,11244.2,1692.74,0,0
B3,SOYS,2035,3080.52,8090.44,11171,11171,1693.66,-1.81899e-12,-1.62832e-14
B3,SOYS,2036,3096.98,8116.86,11213.8,11213.8,1693.94,-1.81899e-12,-1.62209e-14
B3,SOYS,2037,3105.98,8145.48,11251.5,11251.5,1694.02,0,0
B3,SOYS,2038,3110.42,8174.74,11285.2,11285.2,1693.68,-1.81899e-12,-1.61184e-14
B3,SOYS,2039,3112.05,8203.8,11315.8,11315.8,1692.79,0,0
B3,SOYS,2040,3111.96,8232.69,11344.7,11344.7,1691.71,3.63798e-12,3.20678e-14
B3,SOYS,2041,3110.79,8260.67,11371.5,11371.5,1689.96,-1.81899e-12,-1.59961e-14
B3,SOYS,2042,3108.92,8288.07,11397,11397,1687.9,3.63798e-12,3.19205e-14
B3,SOYS,2043,3106.6,8314.68,11421.3,11421.3,1685.32,-1.81899e-12,-1.59263e-14
B3,SOYS,2044,3103.96,8340.5,11444.5,11444.5,1682.16,-9.09495e-12,-7.94703e-14
B3,SOYS,2045,3101.09,8365.33,11466.4,11466.4,1678.38,1.81899e-12,1.58636e-14
B3,SOYS,2046,3098.05,8389.31,11487.4,11487.4,1673.79,-5.45697e-12,-4.75041e-14
B3,SOYS,2047,3094.87,8412.62,11507.5,11507.5,1668.53,0,0
B3,SOYS,2048,3091.56,8435.14,11526.7,11526.7,1662.42,0,0
B3,SOYS,2049,3088.15,8456.88,11545,11545,1655.42,1.81899e-12,1.57556e-14
B3,SOYS,2050,3084.63,8478.78,11563.4,11563.4,1648.43,0,0
B3,RAPS,2023,1631.74,519.81,2151.55,2151.55,0,0,0
B3,RAPS,2024,1674,638.56,2312.56,2312.56,0,0,0
B3,RAPS,2025,1717.63,628.481,2346.11,2346.11,0,9.09495e-13,3.8766e-14
B3,RAPS,2026,1762.14,614.208,2376.35,2376.35,0,-1.81899e-12,-7.65457e-14
B3,RAPS,2027,1807.5,586.552,2394.05,2394.05,0,0,0
B3,RAPS,2028,1853.7,559.211,2412.91,2412.91,0,-4.54747e-13,-1.88464e-14
B3,RAPS,2029,1900.72,532.654,2433.37,2433.37,0,-4.54747e-13,-1.8688e-14
B3,RAPS,2030,1948.52,506.343,2454.87,2454.87,0,0,0
B3,RAPS,2031,1961.93,501.691,2463.62,2463.62,0,-9.09495e-13,-3.69169e-14
B3,RAPS,2032,1974.95,496.164,2471.12,2471.12,0,-4.54747e-13,-1.84025e-14
B3,RAPS,2033,1987.52,491.508,2479.03,2479.03,0,1.36424e-12,5.50313e-14
B3,RAPS,2034,1999.29,487.977,2487.27,2487.27,0,9.09495e-13,3.6566e-14
B3,RAPS,2035,2010.48,485.339,2495.82,2495.82,0,-9.09495e-13,-3.64407e-14
B3,RAPS,2036,2021.33,482.675,2504.01,2504.01,0,-1.81899e-12,-7.26431e-14
B3,RAPS,2037,2031.72,479.673,2511.39,2511.39,0,0,0
B3,RAPS,2038,2041.69,476.494,2518.19,2518.19,0,-1.81899e-12,-7.22341e-14
B3,RAPS,2039,2051.31,473.233,2524.54,2524.54,0,1.36424e-12,5.40391e-14
B3,RAPS,2040,2060.61,469.995,2530.61,2530.61,0,-4.54747e-13,-1.79699e-14
B3,RAPS,2041,2069.63,466.769,2536.4,2536.4,0,0,0
B3,RAPS,2042,2078.39,463.583,2541.98,2541.98,0,0,0
B3,RAPS,2043,2086.92,460.457,2547.38,2547.38,0,-1.81899e-12,-7.14063e-14
B3,RAPS,2044,2095.23,457.407,2552.64,2552.64,0,-9.09495e-13,-3.56296e-14
B3,RAPS,2045,2103.34,454.329,2557.67,2557.67,0,0,0
B3,RAPS,2046,2111.26,451.359,2562.62,2562.62,0,-4.54747e-13,-1.77454e-14
B3,RAPS,2047,2119.01,448.502,2567.51,2567.51,0,4.54747e-13,1.77116e-14
B3,RAPS,2048,2126.58,445.764,2572.34,2572.34,0,4.54747e-13,1.76783e-14
B3,RAPS,2049,2133.99,443.146,2577.13,2577.13,0,0,0
B3,RAPS,2050,2141.24,440.653,2581.89,2581.89,0,0,0
B3,GRDS,2023,1860,20,1880,1070,810,810,75.7009
B3,GRDS,2024,1900,5,1905,1905,850,-4.54747e-13,-2.38713e-14
B3,GRDS,2025,1927.66,0,1927.66,1911.42,858.979,16.2381,0.849532
B3,GRDS,2026,1955.42,0,1955.42,1918.62,867.616,36.8007,1.91808
B3,GRDS,2027,1967.56,0,1967.56,1926.93,876.651,40.6292,2.10849
B3,GRDS,2028,1979.41,0,1979.41,1935.55,885.448,43.8589,2.26596
B3,GRDS,2029,1990.96,0,1990.96,1944.86,894.178,46.1012,2.37042
B3,GRDS,2030,2002.16,0,2002.16,1954.76,903.002,47.4008,2.4249
B3,GRDS,2031,2012.96,0,2012.96,1961.9,911.418,51.0574,2.60245
B3,GRDS,2032,2023.32,0,2023.32,1969.14,920.288,54.1838,2.75166
B3,GRDS,2033,2033.18,0,2033.18,1976.67,929.141,56.5166,2.85919
B3,GRDS,2034,2042.2,0,2042.2,1984.53,938.025,57.6728,2.90612
B3,GRDS,2035,2050.6,0,2050.6,1992.99,947.243,57.6037,2.89031
B3,GRDS,2036,2057.18,0,2057.18,2007.33,955.82,49.8482,2.48331
B3,GRDS,2037,2062.3,0,2062.3,2021.41,964.452,40.8867,2.02268
B3,GRDS,2038,2066.24,0,2066.24,2034.91,972.712,31.3384,1.54004
B3,GRDS,2039,2069.24,0,2069.24,2047.79,980.517,21.4551,1.04772
B3,GRDS,2040,2071.48,0,2071.48,2060.39,988.133,11.0935,0.538415
B3,GRDS,2041,2073.12,0,2073.12,2072.22,995.063,0.892747,0.0430816
B3,GRDS,2042,2074.26,9.64033,2083.9,2083.9,1001.9,9.09495e-12,4.36438e-13
B3,GRDS,2043,2075.01,20.0459,2095.06,2095.06,1008.26,9.09495e-13,4.34114e-14
B3,GRDS,2044,2075.45,30.2071,2105.66,2105.66,1014.09,-4.54747e-13,-2.15964e-14
B3,GRDS,2045,2075.64,40.0133,2115.66,2115.66,1019.38,-4.54747e-13,-2.14944e-14
B3,GRDS,2046,2075.63,49.2933,2124.93,2124.93,1023.95,-9.09495e-13,-4.28012e-14
B3,GRDS,2047,2075.46,58.1854,2133.65,2133.65,1027.97,-4.54747e-13,-2.13131e-14
B3,GRDS,2048,2075.16,66.4726,2141.64,2141.64,1031.25,2.27374e-12,1.06168e-13
B3,GRDS,2049,2074.76,74.1026,2148.86,2148.86,1033.75,-4.54747e-13,-2.11622e-14
B3,GRDS,2050,2074.28,81.9037,2156.18,2156.18,1036.32,4.54747e-13,2.10904e-14
B3,COTT,2023,561.8,191,752.8,752.8,0,0,0
B3,COTT,2024,616.4,261.8,878.2,878.2,0,0,0
B3,COTT,2025,617.205,188.719,805.924,805.924,0,-2.27374e-13,-2.82128e-14
B3,COTT,2026,617.917,185.406,803.324,803.324,0,2.27374e-13,2.83041e-14
B3,COTT,2027,618.53,182.158,800.688,800.688,0,-1.13687e-13,-1.41986e-14
B3,COTT,2028,619.032,179.003,798.035,798.035,0,-1.13687e-13,-1.42458e-14
B3,COTT,2029,619.417,175.994,795.411,795.411,0,2.27374e-13,2.85857e-14
B3,COTT,2030,619.673,173.097,792.77,792.77,0,1.13687e-13,1.43405e-14
B3,COTT,2031,619.787,170.338,790.125,790.125,0,1.13687e-13,1.43885e-14
B3,COTT,2032,619.75,167.762,787.512,787.512,0,1.13687e-13,1.44362e-14
B3,COTT,2033,619.544,165.377,784.921,784.921,0,2.27374e-13,2.89677e-14
B3,COTT,2034,615.991,167.047,783.038,783.038,0,5.68434e-13,7.25934e-14
B3,COTT,2035,612.262,168.922,781.184,781.184,0,1.13687e-13,1.45532e-14
B3,COTT,2036,608.524,170.77,779.295,779.295,0,3.41061e-13,4.37653e-14
B3,COTT,2037,604.721,173.251,777.972,777.972,0,-1.13687e-13,-1.46132e-14
B3,COTT,2038,600.856,176.294,777.15,777.15,0,1.13687e-13,1.46287e-14
B3,COTT,2039,596.933,179.834,776.766,776.766,0,1.13687e-13,1.46359e-14
B3,COTT,2040,592.955,183.816,776.771,776.771,0,1.13687e-13,1.46358e-14
B3,COTT,2041,588.928,188.188,777.115,777.115,0,3.41061e-13,4.3888e-14
B3,COTT,2042,584.853,192.905,777.758,777.758,0,0,0
B3,COTT,2043,580.736,197.929,778.664,778.664,0,-4.54747e-13,-5.84009e-14
B3,COTT,2044,576.578,203.22,779.797,779.797,0,-2.27374e-13,-2.9158e-14
B3,COTT,2045,572.383,208.74,781.124,781.124,0,0,0
B3,COTT,2046,568.155,214.458,782.613,782.613,0,-1.13687e-13,-1.45266e-14
B3,COTT,2047,563.897,220.348,784.244,784.244,0,1.13687e-13,1.44964e-14
B3,COTT,2048,559.61,226.379,785.989,785.989,0,0,0
B3,COTT,2049,555.298,232.529,787.827,787.827,0,1.13687e-13,1.44304e-14
B3,COTT,2050,550.964,238.783,789.747,789.747,0,2.27374e-13,2.87907e-14
B3,SUGC,2023,789,0,789,789,0,0,0
B3,SUGC,2024,882,0,882,882,0,0,0
B3,SUGC,2025,1050.8,0,1050.8,895.23,0,155.567,17.3774
B3,SUGC,2026,1241.72,0,1241.72,908.658,0,333.059,36.6539
B3,SUGC,2027,1455.87,0,1455.87,922.288,0,533.584,57.8544
B3,SUGC,2028,1694.16,0,1694.16,936.123,0,758.041,80.9766
B3,SUGC,2029,1957.28,0,1957.28,950.164,0,1007.11,105.993
B3,SUGC,2030,2245.63,0,2245.63,964.417,0,1281.22,132.849
B3,SUGC,2031,2559.37,0,2559.37,978.883,0,1580.49,161.458
B3,SUGC,2032,2898.37,0,2898.37,993.566,0,1904.8,191.713
B3,SUGC,2033,3262.15,0,3262.15,1008.47,0,2253.68,223.475
B3,SUGC,2034,3649.96,0,3649.96,1023.6,0,2626.36,256.582
B3,SUGC,2035,4060.74,0,4060.74,1038.95,0,3021.79,290.85
B3,SUGC,2036,4425.45,0,4425.45,1054.54,0,3370.92,319.659
B3,SUGC,2037,4742.47,0,4742.47,1070.35,0,3672.11,343.075
B3,SUGC,2038,5013.21,0,5013.21,1086.41,0,3926.8,361.448
B3,SUGC,2039,5241.07,0,5241.07,1102.7,0,4138.36,375.292
B3,SUGC,2040,5430.5,0,5430.5,1119.25,0,4311.25,385.193
B3,SUGC,2041,5586.33,0,5586.33,1136.03,0,4450.3,391.74
B3,SUGC,2042,5713.35,0,5713.35,1153.07,0,4560.28,395.489
B3,SUGC,2043,5816.03,0,5816.03,1170.37,0,4645.66,396.939
B3,SUGC,2044,5898.38,0,5898.38,1187.93,0,4710.46,396.528
B3,SUGC,2045,5963.91,0,5963.91,1205.75,0,4758.16,394.624
B3,SUGC,2046,6015.6,0,6015.6,1223.83,0,4791.77,391.539
B3,SUGC,2047,6056,0,6056,1242.19,0,4813.81,387.527
B3,SUGC,2048,6087.22,0,6087.22,1260.82,0,4826.4,382.798
B3,SUGC,2049,6110.99,0,6110.99,1279.73,0,4831.25,377.52
B3,SUGC,2050,6128.74,0,6128.74,1298.93,0,4829.81,371.83
B3,SUGB,2023,108,0,108,108,0,0,0
B3,SUGB,2024,114,0,114,114,0,0,0
B3,SUGB,2025,114.232,0,114.232,114,0,0.232277,0.203752
B3,SUGB,2026,114.448,0,114.448,114,0,0.447737,0.392752
B3,SUGB,2027,114.645,0,114.645,114,0,0.645003,0.565792
B3,SUGB,2028,114.822,0,114.822,114,0,0.821923,0.720985
B3,SUGB,2029,114.977,0,114.977,114,0,0.977227,0.857217
B3,SUGB,2030,115.109,0,115.109,114,0,1.10884,0.972668
B3,SUGB,2031,115.214,0,115.214,114,0,1.21417,1.06506
B3,SUGB,2032,115.291,0,115.291,114,0,1.29149,1.13288
B3,SUGB,2033,115.337,0,115.337,114,0,1.33743,1.17319
B3,SUGB,2034,115.432,0,115.432,114,0,1.43248,1.25656
B3,SUGB,2035,115.49,0,115.49,114,0,1.49044,1.30741
B3,SUGB,2036,115.548,0,115.548,114,0,1.54844,1.35828
B3,SUGB,2037,115.606,0,115.606,114,0,1.60647,1.40918
B3,SUGB,2038,115.665,0,115.665,114,0,1.66453,1.46011
B3,SUGB,2039,115.723,0,115.723,114,0,1.72261,1.51106
B3,SUGB,2040,115.781,0,115.781,114,0,1.78073,1.56204
B3,SUGB,2041,115.839,0,115.839,114,0,1.83887,1.61304
B3,SUGB,2042,115.897,0,115.897,114,0,1.89704,1.66407
B3,SUGB,2043,115.955,0,115.955,114,0,1.95524,1.71513
B3,SUGB,2044,116.013,0,116.013,114,0,2.01347,1.76621
B3,SUGB,2045,116.072,0,116.072,114,0,2.07174,1.81731
B3,SUGB,2046,116.13,0,116.13,114,0,2.13002,1.86844
B3,SUGB,2047,116.188,0,116.188,114,0,2.18834,1.9196
B3,SUGB,2048,116.247,0,116.247,114,0,2.24669,1.97078
B3,SUGB,2049,116.305,0,116.305,114,0,2.30507,2.02199
B3,SUGB,2050,116.363,0,116.363,114,0,2.36348,2.07323
B3,FRTO,2023,32744.3,365.6,33109.9,33109.9,15628.1,0,0
B3,FRTO,2024,34500,109.86,34609.9,34609.9,16380,0,0
B3,FRTO,2025,34682.7,0,34682.7,34565.1,16325,117.516,0.339984
B3,FRTO,2026,34862.3,0,34862.3,34520.5,16270.6,341.835,0.990239
B3,FRTO,2027,35038.7,0,35038.7,34472.2,16213.4,566.422,1.64313
B3,FRTO,2028,35211.1,0,35211.1,34418.8,16151.6,792.311,2.30197
B3,FRTO,2029,35379.4,0,35379.4,34361,16085.9,1018.46,2.964
B3,FRTO,2030,35543,0,35543,34294.6,16012.5,1248.34,3.64004
B3,FRTO,2031,35701.1,0,35701.1,34223.1,15934.6,1478.03,4.31883
B3,FRTO,2032,35853.4,0,35853.4,34148.3,15854.2,1705.14,4.99334
B3,FRTO,2033,35999,0,35999,34069.1,15770.1,1929.95,5.66482
B3,FRTO,2034,36163.2,0,36163.2,33992.5,15683.1,2170.75,6.38598
B3,FRTO,2035,36319.4,0,36319.4,33908.5,15589.6,2410.9,7.11
B3,FRTO,2036,36458.1,0,36458.1,33861.2,15492.5,2596.91,7.66928
B3,FRTO,2037,36582.7,0,36582.7,33808.2,15393.5,2774.5,8.20657
B3,FRTO,2038,36696,0,36696,33750.1,15292.2,2945.95,8.72871
B3,FRTO,2039,36800.3,0,36800.3,33686.2,15187.8,3114.05,9.24427
B3,FRTO,2040,36897.3,0,36897.3,33614.9,15077.8,3282.39,9.76468
B3,FRTO,2041,36988.5,0,36988.5,33538.5,14964.5,3449.98,10.2866
B3,FRTO,2042,37075,0,37075,33458.5,14848.9,3616.56,10.8091
B3,FRTO,2043,37157.9,0,37157.9,33374.7,14730.7,3783.21,11.3356
B3,FRTO,2044,37237.8,0,37237.8,33286.7,14609.4,3951.08,11.8698
B3,FRTO,2045,37315.4,0,37315.4,33193.1,14483.2,4122.3,12.4191
B3,FRTO,2046,37391.2,0,37391.2,33094.1,14352.4,4297.09,12.9845
B3,FRTO,2047,37465.5,0,37465.5,32990.4,14217.6,4475.13,13.565
B3,FRTO,2048,37538.6,0,37538.6,32880.9,14077.6,4657.77,14.1656
B3,FRTO,2049,37610.9,0,37610.9,32765.5,13932.4,4845.37,14.788
B3,FRTO,2050,37682.5,0,37682.5,32638.5,13776,5043.94,15.4539
B3,VEGT,2023,82868.1,0,82868.1,81577.7,19187.1,1290.41,1.58182
B3,VEGT,2024,83696.8,0,83696.8,82264,20415.5,1432.82,1.74174
B3,VEGT,2025,84308.9,0,84308.9,82683.4,20462,1625.47,1.96589
B3,VEGT,2026,84861.6,0,84861.6,83094.3,20510.1,1767.3,2.12686
B3,VEGT,2027,85356.2,0,85356.2,83488.8,20555.1,1867.43,2.23674
B3,VEGT,2028,85792.8,0,85792.8,83862.3,20595.1,1930.48,2.30197
B3,VEGT,2029,86172.1,0,86172.1,84215.5,20630.9,1956.64,2.32338
B3,VEGT,2030,86493.9,0,86493.9,84544.4,20663.8,1949.56,2.30596
B3,VEGT,2031,86757.1,0,86757.1,84845.4,20691.7,1911.67,2.25312
B3,VEGT,2032,86961.4,0,86961.4,85121.1,20717,1840.3,2.16198
B3,VEGT,2033,87104.2,0,87104.2,85367.1,20738.4,1737.12,2.03489
B3,VEGT,2034,87184,0,87184,85582.8,20756.7,1601.17,1.8709
B3,VEGT,2035,87198.2,0,87198.2,85767.6,20773,1430.68,1.66809
B3,VEGT,2036,87130.6,0,87130.6,85914.7,20782.7,1215.88,1.41522
B3,VEGT,2037,86997.5,0,86997.5,86022.7,20789,974.813,1.1332
B3,VEGT,2038,86812.4,0,86812.4,86098,20791.3,714.434,0.829792
B3,VEGT,2039,86586,0,86586,86144.1,20788.4,441.842,0.51291
B3,VEGT,2040,86326.9,0,86326.9,86166.9,20781.5,159.986,0.18567
B3,VEGT,2041,86042,125.718,86167.7,86167.7,20768.7,-1.45519e-11,-1.68879e-14
B3,VEGT,2042,85736.9,413.881,86150.8,86150.8,20751.6,1.16415e-10,1.3513e-13
B3,VEGT,2043,85416.1,701.641,86117.7,86117.7,20729.6,-1.45519e-11,-1.68977e-14
B3,VEGT,2044,85083,986.192,86069.2,86069.2,20701.8,4.36557e-11,5.07217e-14
B3,VEGT,2045,84740.5,1264.63,86005.1,86005.1,20666.9,0,0
B3,VEGT,2046,84390.8,1534.54,85925.3,85925.3,20623.8,0,0
B3,VEGT,2047,84035.8,1795.66,85831.4,85831.4,20573.2,0,0
B3,VEGT,2048,83676.8,2045.32,85722.2,85722.2,20513.5,-1.45519e-11,-1.69757e-14
B3,VEGT,2049,83315.1,2282.42,85597.5,85597.5,20444.2,1.45519e-11,1.70004e-14
B3,VEGT,2050,82951.5,2509.47,85461,85461,20368.1,1.45519e-11,1.70276e-14
B3,OTGR,2023,3739.7,384.9,4124.6,4124.6,217.92,6.36646e-12,1.54353e-13
B3,OTGR,2024,3815.6,192.67,4008.27,4008.27,164.532,1.36424e-12,3.40357e-14
B3,OTGR,2025,3816.35,201.218,4017.57,4017.57,164.028,1.36424e-12,3.39569e-14
B3,OTGR,2026,3817.1,212.151,4029.25,4029.25,163.53,-4.09273e-12,-1.01575e-13
B3,OTGR,2027,3817.85,224.407,4042.26,4042.26,163.012,4.54747e-13,1.12498e-14
B3,OTGR,2028,3818.6,237.635,4056.23,4056.23,162.453,-1.36424e-12,-3.36332e-14
B3,OTGR,2029,3819.35,252.402,4071.75,4071.75,161.861,0,0
B3,OTGR,2030,3820.1,268.148,4088.25,4088.25,161.343,9.09495e-13,2.22466e-14
B3,OTGR,2031,3820.85,277.941,4098.79,4098.79,160.781,0,0
B3,OTGR,2032,3821.6,286.517,4108.12,4108.12,160.203,9.09495e-13,2.2139e-14
B3,OTGR,2033,3822.35,295.658,4118.01,4118.01,159.593,2.72848e-12,6.62574e-14
B3,OTGR,2034,3825.85,302.669,4128.52,4128.52,158.959,-9.09495e-13,-2.20296e-14
B3,OTGR,2035,3829.36,310.302,4139.66,4139.66,158.395,1.81899e-12,4.39406e-14
B3,OTGR,2036,3832.86,317.473,4150.34,4150.34,157.787,-9.09495e-13,-2.19138e-14
B3,OTGR,2037,3836.38,323.764,4160.14,4160.14,157.157,0,0
B3,OTGR,2038,3839.89,329.395,4169.29,4169.29,156.499,1.81899e-12,4.36283e-14
B3,OTGR,2039,3843.41,334.488,4177.9,4177.9,155.801,-4.54747e-12,-1.08846e-13
B3,OTGR,2040,3846.93,339.273,4186.2,4186.2,155.144,9.09495e-13,2.1726e-14
B3,OTGR,2041,3850.46,343.674,4194.13,4194.13,154.443,-9.09495e-13,-2.16849e-14
B3,OTGR,2042,3853.98,347.759,4201.74,4201.74,153.714,0,0
B3,OTGR,2043,3857.51,351.56,4209.07,4209.07,152.95,-9.09495e-13,-2.1608e-14
B3,OTGR,2044,3861.05,355.096,4216.14,4216.14,152.144,0,0
B3,OTGR,2045,3864.59,358.271,4222.86,4222.86,151.307,0,0
B3,OTGR,2046,3868.13,361.204,4229.33,4229.33,150.411,0,0
B3,OTGR,2047,3871.67,363.919,4235.59,4235.59,149.464,1.81899e-12,4.29454e-14
B3,OTGR,2048,3875.22,366.404,4241.62,4241.62,148.454,-1.81899e-12,-4.28843e-14
B3,OTGR,2049,3878.77,368.662,4247.43,4247.43,147.377,-9.09495e-13,-2.14128e-14
B3,OTGR,2050,3882.32,370.908,4253.23,4253.23,146.433,-9.09495e-13,-2.13836e-14
B3,SORG,2023,318,485.8,803.8,803.8,67,-1.13687e-13,-1.41437e-14
B3,SORG,2024,314,865.5,1179.5,1179.5,65,0,0
B3,SORG,2025,314.35,865.078,1179.43,1179.43,64.791,4.54747e-13,3.85566e-14
B3,SORG,2026,314.624,865.327,1179.95,1179.95,64.5913,-4.54747e-13,-3.85395e-14
B3,SORG,2027,314.821,865.968,1180.79,1180.79,64.391,6.82121e-13,5.77682e-14
B3,SORG,2028,314.94,866.907,1181.85,1181.85,64.1824,-4.54747e-13,-3.84777e-14
B3,SORG,2029,314.977,868.291,1183.27,1183.27,63.969,-2.27374e-13,-1.92157e-14
B3,SORG,2030,314.931,869.992,1184.92,1184.92,63.7933,2.27374e-13,1.91889e-14
B3,SORG,2031,314.795,870.186,1184.98,1184.98,63.6105,-1.13687e-12,-9.59398e-14
B3,SORG,2032,314.568,870.112,1184.68,1184.68,63.4313,-6.82121e-13,-5.75785e-14
B3,SORG,2033,314.242,870.239,1184.48,1184.48,63.2514,4.54747e-13,3.83921e-14
B3,SORG,2034,313.812,870.572,1184.38,1184.38,63.0742,0,0
B3,SORG,2035,313.271,871.14,1184.41,1184.41,62.9377,-4.54747e-13,-3.83944e-14
B3,SORG,2036,312.633,871.861,1184.49,1184.49,62.7833,-2.27374e-13,-1.91959e-14
B3,SORG,2037,311.996,872.558,1184.55,1184.55,62.6195,-2.27374e-13,-1.91949e-14
B3,SORG,2038,311.36,873.267,1184.63,1184.63,62.4439,-6.82121e-13,-5.75811e-14
B3,SORG,2039,310.725,873.999,1184.72,1184.72,62.252,2.27374e-13,1.91921e-14
B3,SORG,2040,310.092,874.807,1184.9,1184.9,62.0755,6.82121e-13,5.75679e-14
B3,SORG,2041,309.46,875.645,1185.1,1185.1,61.8806,-2.27374e-13,-1.9186e-14
B3,SORG,2042,308.83,876.519,1185.35,1185.35,61.6738,-4.54747e-13,-3.8364e-14
B3,SORG,2043,308.2,877.426,1185.63,1185.63,61.4521,-2.27374e-13,-1.91775e-14
B3,SORG,2044,307.572,878.36,1185.93,1185.93,61.2131,-2.27374e-13,-1.91726e-14
B3,SORG,2045,306.945,879.286,1186.23,1186.23,60.9604,-2.27374e-13,-1.91677e-14
B3,SORG,2046,306.32,880.226,1186.55,1186.55,60.6834,-2.27374e-13,-1.91627e-14
B3,SORG,2047,305.696,881.178,1186.87,1186.87,60.3848,0,0
B3,SORG,2048,305.073,882.132,1187.2,1187.2,60.0595,0,0
B3,SORG,2049,304.451,883.083,1187.53,1187.53,59.7066,2.27374e-13,1.91467e-14
B3,SORG,2050,303.83,884.108,1187.94,1187.94,59.4049,0,0
B3,BARL,2023,200,1589.8,1789.8,1640,90.2,149.8,9.13415
B3,BARL,2024,200,1424,1624,1624,89.32,0,0
B3,BARL,2025,200.234,1417.9,1618.14,1618.14,89.0243,0,0
B3,BARL,2026,200.421,1412.21,1612.63,1612.63,88.7324,-4.54747e-13,-2.81991e-14
B3,BARL,2027,200.558,1406.74,1607.3,1607.3,88.4305,-9.09495e-13,-5.65853e-14
B3,BARL,2028,200.645,1401.46,1602.1,1602.1,88.107,2.27374e-13,1.41922e-14
B3,BARL,2029,200.681,1396.5,1597.18,1597.18,87.7661,2.27374e-13,1.42359e-14
B3,BARL,2030,200.663,1391.79,1592.45,1592.45,87.4719,-2.27374e-13,-1.42782e-14
B3,BARL,2031,200.589,1386.16,1586.75,1586.75,87.1549,-2.27374e-13,-1.43295e-14
B3,BARL,2032,200.456,1380.45,1580.91,1580.91,86.8297,2.27374e-13,1.43825e-14
B3,BARL,2033,200.26,1374.92,1575.18,1575.18,86.4887,-2.27374e-13,-1.44347e-14
B3,BARL,2034,200.055,1369.55,1569.61,1569.61,86.1355,2.27374e-13,1.4486e-14
B3,BARL,2035,199.779,1364.45,1564.23,1564.23,85.8264,-2.27374e-13,-1.45358e-14
B3,BARL,2036,199.441,1360.25,1559.69,1559.69,85.4934,0,0
B3,BARL,2037,199.103,1356.72,1555.82,1555.82,85.1483,2.27374e-13,1.46144e-14
B3,BARL,2038,198.766,1353.81,1552.57,1552.57,84.7879,2.27374e-13,1.46449e-14
B3,BARL,2039,198.43,1351.43,1549.86,1549.86,84.4061,0,0
B3,BARL,2040,198.094,1349.59,1547.68,1547.68,84.0505,9.09495e-13,5.87649e-14
B3,BARL,2041,197.759,1348.17,1545.92,1545.92,83.6708,0,0
B3,BARL,2042,197.424,1347.11,1544.54,1544.54,83.2758,-4.54747e-13,-2.94423e-14
B3,BARL,2043,197.09,1346.38,1543.47,1543.47,82.8616,-2.27374e-13,-1.47313e-14
B3,BARL,2044,196.756,1345.93,1542.68,1542.68,82.4248,-4.54747e-13,-2.94777e-14
B3,BARL,2045,196.423,1345.68,1542.11,1542.11,81.9719,2.27374e-13,1.47444e-14
B3,BARL,2046,196.091,1345.62,1541.71,1541.71,81.4872,2.27374e-13,1.47481e-14
B3,BARL,2047,195.759,1345.71,1541.47,1541.47,80.9747,-2.27374e-13,-1.47504e-14
B3,BARL,2048,195.428,1345.92,1541.35,1541.35,80.4276,2.27374e-13,1.47516e-14
B3,BARL,2049,195.097,1346.21,1541.3,1541.3,79.8446,-4.54747e-13,-2.95041e-14
B3,BARL,2050,194.767,1346.68,1541.45,1541.45,79.3434,0,0
B3,PIGM,2023,5794,152.32,5946.32,5946.32,4546.55,9.09495e-13,1.52951e-14
B3,PIGM,2024,5706,104.23,5810.23,5810.23,4444.17,0,0
B3,PIGM,2025,5731.07,0,5731.07,5640.43,4262.74,90.6471,1.6071
B3,PIGM,2026,5701.77,0,5701.77,5473.94,4087.52,227.827,4.16203
B3,PIGM,2027,5675.42,0,5675.42,5308.2,3919.62,367.215,6.91788
B3,PIGM,2028,5651.73,0,5651.73,5147.88,3757.13,503.847,9.78747
B3,PIGM,2029,5630.44,0,5630.44,4993.42,3600.38,637.015,12.7571
B3,PIGM,2030,5611.32,0,5611.32,4845.17,3449.89,766.15,15.8126
B3,PIGM,2031,5601.57,0,5601.57,4701.93,3304.05,899.64,19.1334
B3,PIGM,2032,5586.72,0,5586.72,4564.7,3164.5,1022.01,22.3895
B3,PIGM,2033,5573.62,0,5573.62,4432.62,3030.05,1141,25.7409
B3,PIGM,2034,5562.14,0,5562.14,4305.65,2900.66,1256.49,29.1823
B3,PIGM,2035,5552.18,0,5552.18,4184.33,2776.85,1367.85,32.6899
B3,PIGM,2036,5543.15,0,5543.15,4073.27,2656.93,1469.88,36.0861
B3,PIGM,2037,5535.76,0,5535.76,3967.06,2541.92,1568.7,39.5431
B3,PIGM,2038,5529.69,0,5529.69,3864.94,2431.08,1664.75,43.073
B3,PIGM,2039,5524.66,0,5524.66,3766.6,2324.13,1758.06,46.675
B3,PIGM,2040,5520.47,0,5520.47,3672.47,2221.51,1848,50.3204
B3,PIGM,2041,5516.94,0,5516.94,3581.62,2122.3,1935.32,54.0348
B3,PIGM,2042,5513.95,0,5513.95,3494.69,2027.15,2019.26,57.7809
B3,PIGM,2043,5511.38,0,5511.38,3411.11,1935.52,2100.26,61.5712
B3,PIGM,2044,5509.14,0,5509.14,3330.72,1847.24,2178.43,65.4041
B3,PIGM,2045,5507.18,0,5507.18,3253.39,1762.2,2253.8,69.2754
B3,PIGM,2046,5505.43,0,5505.43,3178.8,1680.11,2326.63,73.192
B3,PIGM,2047,5503.85,0,5503.85,3107.09,1601.1,2396.76,77.1385
B3,PIGM,2048,5502.41,0,5502.41,3037.96,1524.88,2464.46,81.1222
B3,PIGM,2049,5501.08,0,5501.08,2971.31,1451.38,2529.76,85.1395
B3,PIGM,2050,5499.83,0,5499.83,2908.04,1381.47,2591.79,89.1249
B3,CATM,2023,753,273.73,1026.73,1026.73,925.67,0,0
B3,CATM,2024,779,287.41,1066.41,1066.41,954.39,0,0
B3,CATM,2025,747.119,277.66,1024.78,1024.78,917.343,-2.27374e-13,-2.21876e-14
B3,CATM,2026,752.254,237.144,989.398,989.398,881.224,-2.27374e-13,-2.2981e-14
B3,CATM,2027,757.094,198.632,955.726,955.726,846.856,-2.27374e-13,-2.37907e-14
B3,CATM,2028,761.998,161.078,923.076,923.076,813.501,-2.27374e-13,-2.46322e-14
B3,CATM,2029,770.967,121.212,892.179,892.179,781.314,-2.27374e-13,-2.54852e-14
B3,CATM,2030,780.079,82.1341,862.213,862.213,750.038,-1.40176e-10,-1.62577e-11
B3,CATM,2031,789.342,43.776,833.118,833.118,719.611,1.13687e-13,1.36459e-14
B3,CATM,2032,798.761,6.83577,805.597,805.597,690.735,4.54747e-13,5.64485e-14
B3,CATM,2033,808.344,0,808.344,779.195,662.955,29.1493,3.74096
B3,CATM,2034,818.099,0,818.099,753.911,636.269,64.1879,8.51399
B3,CATM,2035,828.035,0,828.035,729.668,610.597,98.3668,13.481
B3,CATM,2036,837.401,0,837.401,705.901,585.483,131.5,18.6287
B3,CATM,2037,846.873,0,846.873,683.162,561.382,163.71,23.9636
B3,CATM,2038,856.451,0,856.451,661.161,538.003,195.29,29.5375
B3,CATM,2039,866.137,0,866.137,639.852,515.301,226.285,35.3653
B3,CATM,2040,875.932,0,875.932,619.227,493.268,256.705,41.4557
B3,CATM,2041,885.837,0,885.837,599.189,471.806,286.648,47.8394
B3,CATM,2042,895.854,0,895.854,580.03,451.206,315.824,54.4497
B3,CATM,2043,905.984,0,905.984,561.55,431.269,344.434,61.3364
B3,CATM,2044,916.228,0,916.228,543.723,411.97,372.505,68.51
B3,CATM,2045,926.587,0,926.587,526.516,393.273,400.071,75.9846
B3,CATM,2046,937.063,0,937.063,509.887,375.138,427.175,83.7784
B3,CATM,2047,947.656,0,947.656,493.904,357.631,453.753,91.8707
B3,CATM,2048,958.369,0,958.369,478.494,340.681,479.876,100.289
B3,CATM,2049,969.203,0,969.203,463.649,324.278,505.554,109.038
B3,CATM,2050,980.159,0,980.159,449.418,308.471,530.741,118.095
B3,SHGM,2023,531,43.24,574.24,574.24,501.279,0,0
B3,SHGM,2024,518,36.53,554.53,554.53,495.466,0,0
B3,SHGM,2025,520.85,14.977,535.827,535.827,476.438,-2.27374e-13,-4.24341e-14
B3,SHGM,2026,523.723,0,523.723,517.633,457.917,6.08982,1.17647
B3,SHGM,2027,526.619,0,526.619,500.327,440.281,26.2912,5.2548
B3,SHGM,2028,529.538,0,529.538,483.555,423.175,45.9835,9.50948
B3,SHGM,2029,532.248,0,532.248,467.361,406.672,64.8872,13.8837
B3,SHGM,2030,534.766,0,534.766,451.658,390.682,83.108,18.4006
B3,SHGM,2031,537.111,0,537.111,436.369,375.125,100.742,23.0865
B3,SHGM,2032,539.298,0,539.298,421.838,360.346,117.459,27.8446
B3,SHGM,2033,541.342,0,541.342,407.839,346.113,133.503,32.7342
B3,SHGM,2034,543.257,0,543.257,394.373,332.429,148.884,37.7522
B3,SHGM,2035,545.057,0,545.057,381.425,319.275,163.633,42.9004
B3,SHGM,2036,547.063,0,547.063,368.79,306.412,178.272,48.3398
B3,SHGM,2037,548.95,0,548.95,356.661,294.068,192.289,53.9138
B3,SHGM,2038,550.731,0,550.731,344.891,282.095,205.84,59.6827
B3,SHGM,2039,552.416,0,552.416,333.457,270.469,218.959,65.6633
B3,SHGM,2040,554.271,0,554.271,322.394,259.195,231.876,71.9232
B3,SHGM,2041,556.023,0,556.023,311.608,248.209,244.415,78.4365
B3,SHGM,2042,557.682,0,557.682,301.248,237.659,256.434,85.1239
B3,SHGM,2043,559.258,0,559.258,291.213,227.445,268.045,92.0442
B3,SHGM,2044,560.757,0,560.757,281.49,217.551,279.267,99.2103
B3,SHGM,2045,561.536,0,561.536,271.988,207.96,289.548,106.456
B3,SHGM,2046,562.316,0,562.316,262.767,198.65,299.548,113.998
B3,SHGM,2047,563.097,0,563.097,253.861,189.655,309.235,121.813
B3,SHGM,2048,563.879,0,563.879,245.233,180.938,318.646,129.936
B3,SHGM,2049,564.662,0,564.662,236.878,172.493,327.784,138.377
B3,SHGM,2050,565.446,0,565.446,228.818,164.344,336.628,147.116
B3,CHKM,2023,2609.25,74.7687,2684.02,2684.02,2423.09,9.09495e-13,3.38856e-14
B3,CHKM,2024,2637.39,20.6355,2658.03,2658.03,2394.29,-9.09495e-13,-3.42169e-14
B3,CHKM,2025,2727.89,0,2727.89,2723.2,2450.41,4.69289,0.17233
B3,CHKM,2026,2733.34,46.935,2780.27,2780.27,2506.94,-6.36646e-12,-2.28987e-13
B3,CHKM,2027,2741.5,98.2932,2839.79,2839.79,2565.64,-3.63798e-12,-1.28107e-13
B3,CHKM,2028,2749.8,150.153,2899.95,2899.95,2624.97,-2.27374e-12,-7.84061e-14
B3,CHKM,2029,2758.25,202.96,2961.21,2961.21,2685.38,2.27374e-12,7.67842e-14
B3,CHKM,2030,2766.85,256.296,3023.15,3023.15,2746.46,-4.54747e-13,-1.50422e-14
B3,CHKM,2031,2775.64,309.671,3085.31,3085.31,2807.75,-1.81899e-12,-5.89564e-14
B3,CHKM,2032,2784.61,365.433,3150.05,3150.05,2871.58,1.36424e-12,4.33086e-14
B3,CHKM,2033,2793.79,422.304,3216.1,3216.1,2936.72,-4.09273e-12,-1.27258e-13
B3,CHKM,2034,2803.2,480.477,3283.67,3283.67,3003.35,-5.45697e-12,-1.66185e-13
B3,CHKM,2035,2812.85,539.995,3352.84,3352.84,3071.56,-9.09495e-13,-2.71261e-14
B3,CHKM,2036,2831.01,590.155,3421.16,3421.16,3138.06,-9.09495e-13,-2.65844e-14
B3,CHKM,2037,2847.25,643.437,3490.69,3490.69,3205.96,1.81899e-12,5.21098e-14
B3,CHKM,2038,2862.56,697.727,3560.29,3560.29,3274.03,-1.81899e-12,-5.1091e-14
B3,CHKM,2039,2877.44,752.283,3629.72,3629.72,3341.98,4.54747e-13,1.25284e-14
B3,CHKM,2040,2892.14,806.87,3699.01,3699.01,3409.79,0,0
B3,CHKM,2041,2906.78,860.598,3767.37,3767.37,3476.7,4.54747e-13,1.20707e-14
B3,CHKM,2042,2921.42,915.189,3836.61,3836.61,3544.47,-4.54747e-12,-1.18528e-13
B3,CHKM,2043,2936.1,969.43,3905.53,3905.53,3611.92,4.09273e-12,1.04793e-13
B3,CHKM,2044,2950.84,1023.08,3973.93,3973.93,3678.84,9.09495e-13,2.28866e-14
B3,CHKM,2045,2965.65,1075.79,4041.44,4041.44,3744.87,-5.45697e-12,-1.35025e-13
B3,CHKM,2046,2980.51,1127.11,4107.63,4107.63,3809.58,4.54747e-12,1.10708e-13
B3,CHKM,2047,2995.45,1177.54,4173,4173,3873.45,2.72848e-12,6.53843e-14
B3,CHKM,2048,3010.46,1226.34,4236.81,4236.81,3935.76,-1.81899e-12,-4.2933e-14
B3,CHKM,2049,3025.55,1273.32,4298.87,4298.87,3996.31,9.09495e-13,2.11566e-14
B3,CHKM,2050,3040.7,1318.62,4359.32,4359.32,4055.25,5.45697e-12,1.25179e-13
B3,EGGS,2023,3028.55,0,3028.55,3011.87,2383.06,16.68,0.553809
B3,EGGS,2024,3049.8,0,3049.8,3031.91,2386.64,17.8911,0.590095
B3,EGGS,2025,3064.17,0,3064.17,3007.02,2352.69,57.1496,1.90054
B3,EGGS,2026,3076.52,0,3076.52,2982.51,2319.2,94.0136,3.15217
B3,EGGS,2027,3087.18,0,3087.18,2958.08,2285.84,129.094,4.36412
B3,EGGS,2028,3096.41,0,3096.41,2933.47,2252.3,162.943,5.55464
B3,EGGS,2029,3104.45,0,3104.45,2908.86,2218.7,195.589,6.72388
B3,EGGS,2030,3111.51,0,3111.51,2884.23,2185.08,227.28,7.88007
B3,EGGS,2031,3117.77,0,3117.77,2859.49,2151.31,258.278,9.0323
B3,EGGS,2032,3123.39,0,3123.39,2835.09,2117.79,288.295,10.1688
B3,EGGS,2033,3128.5,0,3128.5,2810.83,2084.33,317.664,11.3014
B3,EGGS,2034,3133.22,0,3133.22,2786.83,2051.02,346.396,12.4298
B3,EGGS,2035,3137.68,0,3137.68,2763.11,2017.89,374.569,13.5561
B3,EGGS,2036,3122.82,0,3122.82,2742.55,1988.66,380.271,13.8656
B3,EGGS,2037,3107.57,0,3107.57,2721.68,1959.52,385.891,14.1784
B3,EGGS,2038,3092.02,0,3092.02,2700.44,1930.39,391.578,14.5005
B3,EGGS,2039,3076.25,0,3076.25,2678.74,1901.15,397.518,14.8398
B3,EGGS,2040,3060.33,0,3060.33,2656.67,1871.87,403.665,15.1944
B3,EGGS,2041,3044.31,0,3044.31,2634.14,1842.46,410.164,15.5711
B3,EGGS,2042,3028.21,0,3028.21,2611.39,1813.12,416.822,15.9617
B3,EGGS,2043,3012.09,0,3012.09,2588.35,1783.76,423.738,16.371
B3,EGGS,2044,2995.95,0,2995.95,2564.97,1754.34,430.985,16.8028
B3,EGGS,2045,2979.83,0,2979.83,2541.16,1724.75,438.671,17.2626
B3,EGGS,2046,2963.73,0,2963.73,2516.86,1694.93,446.868,17.755
B3,EGGS,2047,2947.67,0,2947.67,2492.19,1664.98,455.479,18.2762
B3,EGGS,2048,2931.66,0,2931.66,2467.03,1634.77,464.634,18.8337
B3,EGGS,2049,2915.71,0,2915.71,2441.37,1604.3,474.338,19.4291
B3,EGGS,2050,2899.82,0,2899.82,2415.42,1573.74,484.406,20.0548
B3,MILK,2023,4197,1694.13,5891.13,5891.13,5223.43,-9.09495e-13,-1.54384e-14
B3,MILK,2024,4079,1555.36,5634.36,5634.36,4998.61,0,0
B3,MILK,2025,3962.98,1856.18,5819.16,5819.16,5201.5,-1.81899e-12,-3.12586e-14
B3,MILK,2026,4076.9,1968.58,6045.48,6045.48,5410.06,-9.09495e-13,-1.50442e-14
B3,MILK,2027,4194.25,2087.97,6282.22,6282.22,5628.51,0,0
B3,MILK,2028,4315.16,2210.87,6526.03,6526.03,5853.48,-9.09495e-13,-1.39364e-14
B3,MILK,2029,4439.77,2338.4,6778.17,6778.17,6086.19,-1.81899e-12,-2.6836e-14
B3,MILK,2030,4568.19,2471.97,7040.16,7040.16,6328.17,-1.81899e-12,-2.58373e-14
B3,MILK,2031,4613.62,2681.8,7295.42,7295.42,6576.35,9.09495e-13,1.24667e-14
B3,MILK,2032,4659.77,2903,7562.77,7562.77,6836.51,9.09495e-13,1.20259e-14
B3,MILK,2033,4706.69,3133,7839.69,7839.69,7106.11,-1.81899e-12,-2.32023e-14
B3,MILK,2034,4754.41,3372.47,8126.87,8126.87,7385.86,-1.81899e-12,-2.23824e-14
B3,MILK,2035,4802.98,3624.25,8427.23,8427.23,7678.65,5.45697e-12,6.4754e-14
B3,MILK,2036,4843.47,3885.69,8729.17,8729.17,7974.27,1.81899e-12,2.08381e-14
B3,MILK,2037,4876.93,4163.8,9040.73,9040.73,8280.62,-1.81899e-12,-2.01199e-14
B3,MILK,2038,4904.66,4454.53,9359.19,9359.19,8594.76,-1.81899e-12,-1.94353e-14
B3,MILK,2039,4927.77,4756.3,9684.07,9684.07,8916.04,-1.81899e-12,-1.87833e-14
B3,MILK,2040,4947.13,5071.08,10018.2,10018.2,9247.16,7.27596e-12,7.26273e-14
B3,MILK,2041,4963.49,5393.84,10357.3,10357.3,9583.72,-3.63798e-12,-3.51247e-14
B3,MILK,2042,4977.41,5729.07,10706.5,10706.5,9930.71,-3.63798e-12,-3.39792e-14
B3,MILK,2043,4989.39,6073.25,11062.6,11062.6,10285,3.63798e-12,3.28853e-14
B3,MILK,2044,4999.79,6425.5,11425.3,11425.3,10646,3.63798e-12,3.18414e-14
B3,MILK,2045,5008.94,6785.5,11794.4,11794.4,11013.8,-7.27596e-12,-6.16897e-14
B3,MILK,2046,5017.08,7150.89,12168,12168,11386,1.81899e-12,1.4949e-14
B3,MILK,2047,5024.41,7522.98,12547.4,12547.4,11764.3,-3.63798e-12,-2.89939e-14
B3,MILK,2048,5031.09,7899.37,12930.5,12930.5,12146.3,-3.63798e-12,-2.81349e-14
B3,MILK,2049,5037.26,8279.25,13316.5,13316.5,12531.4,1.81899e-12,1.36597e-14
B3,MILK,2050,5043,8673.84,13716.8,13716.8,12930.9,-1.81899e-12,-1.3261e-14
B3,FISH,2023,7116.2,296,7412.2,7412.2,3132.04,0,0
B3,FISH,2024,7366,269,7635,7635,3204.13,0,0
B3,FISH,2025,7453.32,357.479,7810.8,7810.8,3315.03,3.63798e-12,4.65763e-14
B3,FISH,2026,7540.81,450.466,7991.28,7991.28,3430.24,-2.72848e-12,-3.41433e-14
B3,FISH,2027,7628.49,547.854,8176.34,8176.34,3549.57,0,0
B3,FISH,2028,7716.36,649.436,8365.79,8365.79,3672.67,7.27596e-12,8.69727e-14
B3,FISH,2029,7804.43,755.984,8560.41,8560.41,3799.92,0,0
B3,FISH,2030,7892.71,865.49,8758.2,8758.2,3929.76,1.81899e-12,2.0769e-14
B3,FISH,2031,7981.22,979.732,8960.95,8960.95,4063.87,5.45697e-12,6.08972e-14
B3,FISH,2032,8069.98,1100.02,9170,9170,4203.24,-1.81899e-12,-1.98363e-14
B3,FISH,2033,8159,1226.21,9385.21,9385.21,4347.82,5.45697e-12,5.81443e-14
B3,FISH,2034,8248.33,1358.84,9607.17,9607.17,4498.12,7.27596e-12,7.57347e-14
B3,FISH,2035,8333.86,1500.1,9833.96,9833.96,4652.75,3.63798e-12,3.69941e-14
B3,FISH,2036,8405.51,1668.34,10073.8,10073.8,4809.36,7.27596e-12,7.22262e-14
B3,FISH,2037,8461.78,1854.57,10316.3,10316.3,4970.35,5.45697e-12,5.28963e-14
B3,FISH,2038,8505.54,2056.17,10561.7,10561.7,5135.55,9.09495e-12,8.61124e-14
B3,FISH,2039,8539.17,2270.76,10809.9,10809.9,5304.63,0,0
B3,FISH,2040,8564.61,2495.22,11059.8,11059.8,5476.13,3.63798e-12,3.28936e-14
B3,FISH,2041,8583.44,2729.39,11312.8,11312.8,5651.29,0,0
B3,FISH,2042,8596.97,2972.84,11569.8,11569.8,5830.77,-3.63798e-12,-3.14437e-14
B3,FISH,2043,8606.22,3224.36,11830.6,11830.6,6014.27,3.63798e-12,3.07506e-14
B3,FISH,2044,8612.05,3482.96,12095,12095,6201.56,3.63798e-12,3.00784e-14
B3,FISH,2045,8615.13,3747.05,12362.2,12362.2,6391.68,1.81899e-12,1.47142e-14
B3,FISH,2046,8616.01,4016.2,12632.2,12632.2,6584.73,-1.81899e-12,-1.43996e-14
B3,FISH,2047,8615.13,4290.25,12905.4,12905.4,6780.91,3.63798e-12,2.81896e-14
B3,FISH,2048,8612.83,4568.11,13180.9,13180.9,6979.52,-3.63798e-12,-2.76003e-14
B3,FISH,2049,8609.42,4849.2,13458.6,13458.6,7180.25,-1.81899e-12,-1.35154e-14
B3,FISH,2050,8605.1,5128.01,13733.1,13733.1,7377.78,1.81899e-12,1.32453e-14
B4,RICE,2023,20660.3,100.6,20760.9,20760.9,15799.6,3.63798e-12,1.75232e-14
B4,RICE,2024,20753.5,78.57,20832.1,20832.1,15650,0,0
B4,RICE,2025,20794.1,0,20794.1,20758.3,15274,35.8116,0.172517
B4,RICE,2026,20834.1,0,20834.1,20696.2,14924.6,137.852,0.666072
B4,RICE,2027,20873.2,0,20873.2,20609,14584.3,264.245,1.28218
B4,RICE,2028,20911.5,0,20911.5,20509.8,14249.5,401.683,1.95849
B4,RICE,2029,20948.9,0,20948.9,20418.7,13919.5,530.15,2.59639
B4,RICE,2030,20985.2,0,20985.2,20348.8,13606.2,636.41,3.12751
B4,RICE,2031,21004.7,0,21004.7,20246.1,13309.7,758.562,3.74671
B4,RICE,2032,21022.9,0,21022.9,20111.9,13016.1,911.025,4.52979
B4,RICE,2033,21039.7,0,21039.7,19984.8,12726.7,1054.86,5.27831
B4,RICE,2034,21054.9,0,21054.9,19864.9,12441.4,1190.02,5.99058
B4,RICE,2035,21068.5,0,21068.5,19759.3,12167.3,1309.17,6.62559
B4,RICE,2036,21079.7,0,21079.7,19660.4,11907.6,1419.32,7.21921
B4,RICE,2037,21089,0,21089,19566.1,11651.8,1522.87,7.78321
B4,RICE,2038,21096.5,0,21096.5,19477.3,11400.6,1619.11,8.31281
B4,RICE,2039,21102.4,0,21102.4,19394.4,11154.3,1708.03,8.80685
B4,RICE,2040,21107,0,21107,19316.2,10911.9,1790.73,9.27059
B4,RICE,2041,21110.3,0,21110.3,19249.9,10680.3,1860.42,9.66457
B4,RICE,2042,21112.5,0,21112.5,19187.2,10451.4,1925.28,10.0342
B4,RICE,2043,21113.7,0,21113.7,19129,10225.9,1984.69,10.3753
B4,RICE,2044,21114.1,0,21114.1,19075.3,10003.8,2038.71,10.6877
B4,RICE,2045,21113.5,0,21113.5,19025.8,9784.78,2087.71,10.9731
B4,RICE,2046,21112.2,0,21112.2,18981.5,9569.9,2130.77,11.2255
B4,RICE,2047,21110.2,0,21110.2,18940.3,9357.08,2169.98,11.457
B4,RICE,2048,21107.6,0,21107.6,18902.7,9146.78,2204.91,11.6645
B4,RICE,2049,21104.3,0,21104.3,18868.2,8938.52,2236.09,11.8511
B4,RICE,2050,21100.5,0,21100.5,18836.9,8732.28,2263.56,12.0166
B4,WHEA,2023,13659,1189.4,14848.4,14848.4,9162.85,-1.81899e-12,-1.22504e-14
B4,WHEA,2024,14009.9,1106.26,15116.2,15116.2,9100,3.63798e-12,2.40668e-14
B4,WHEA,2025,14115.7,901.563,15017.3,15017.3,8881.22,-2.18279e-11,-1.45352e-13
B4,WHEA,2026,14217.3,719.134,14936.4,14936.4,8677.76,7.27596e-12,4.87128e-14
B4,WHEA,2027,14314.7,546.793,14861.5,14861.5,8479.37,-5.45697e-12,-3.67188e-14
B4,WHEA,2028,14407.9,382.816,14790.7,14790.7,8284,-1.81899e-12,-1.22982e-14
B4,WHEA,2029,14496.8,227.669,14724.5,14724.5,8091.23,-1.81899e-12,-1.23535e-14
B4,WHEA,2030,14581.4,87.7256,14669.1,14669.1,7907.93,0,0
B4,WHEA,2031,14595.7,0,14595.7,14549.4,7734.19,46.3313,0.318441
B4,WHEA,2032,14605,0,14605,14428.9,7561.93,176.147,1.2208
B4,WHEA,2033,14608.9,0,14608.9,14309.7,7391.88,299.243,2.09119
B4,WHEA,2034,14607.3,0,14607.3,14191.8,7223.98,415.493,2.9277
B4,WHEA,2035,14599.8,0,14599.8,14079.3,7062.36,520.481,3.69677
B4,WHEA,2036,14588.4,0,14588.4,13961,6909.21,627.43,4.49417
B4,WHEA,2037,14573.5,0,14573.5,13843.7,6758.37,729.76,5.27142
B4,WHEA,2038,14555.4,0,14555.4,13728.1,6610.36,827.263,6.02604
B4,WHEA,2039,14534.5,0,14534.5,13614.4,6465.27,920.105,6.75834
B4,WHEA,2040,14511,0,14511,13502,6322.54,1009.07,7.4735
B4,WHEA,2041,14485.3,0,14485.3,13394.9,6186.16,1090.42,8.14061
B4,WHEA,2042,14457.6,0,14457.6,13288.5,6051.44,1169.06,8.79757
B4,WHEA,2043,14428,0,14428,13183.2,5918.79,1244.78,9.44213
B4,WHEA,2044,14396.8,0,14396.8,13079.1,5788.21,1317.73,10.0751
B4,WHEA,2045,14364.2,0,14364.2,12975.9,5659.51,1388.35,10.6995
B4,WHEA,2046,14330.4,0,14330.4,12874.2,5533.28,1456.13,11.3104
B4,WHEA,2047,14295.4,0,14295.4,12773,5408.33,1522.4,11.9189
B4,WHEA,2048,14259.4,0,14259.4,12672.4,5284.92,1587,12.5233
B4,WHEA,2049,14222.5,0,14222.5,12572.1,5162.77,1650.35,13.1271
B4,WHEA,2050,14184.8,0,14184.8,12472.3,5041.88,1712.56,13.731
B4,MAIZ,2023,28884,2712.1,31596.1,31596.1,1890,0,0
B4,MAIZ,2024,29492,1363,30855,30855,1890,0,0
B4,MAIZ,2025,29896.1,1142.6,31038.7,31038.7,1880.31,1.09139e-11,3.51624e-14
B4,MAIZ,2026,30301.1,927.091,31228.2,31228.2,1872.55,-2.54659e-11,-8.15476e-14
B4,MAIZ,2027,30706.7,1386.06,32092.7,32092.7,1865,3.63798e-12,1.13358e-14
B4,MAIZ,2028,31112.1,1295.11,32407.2,32407.2,1857.01,7.27596e-12,2.24517e-14
B4,MAIZ,2029,31516.8,1113.11,32629.9,32629.9,1848.56,-7.27596e-12,-2.22984e-14
B4,MAIZ,2030,31920.1,905.747,32825.9,32825.9,1841.24,-7.27596e-12,-2.21653e-14
B4,MAIZ,2031,31929.1,877.478,32806.6,32806.6,1835.15,1.45519e-11,4.43567e-14
B4,MAIZ,2032,31930.2,864.553,32794.8,32794.8,1828.67,-7.27596e-12,-2.21863e-14
B4,MAIZ,2033,31922.7,852.37,32775.1,32775.1,1821.85,0,0
B4,MAIZ,2034,31915,834.233,32749.2,32749.2,1814.66,0,0
B4,MAIZ,2035,31897,819.881,32716.9,32716.9,1808.2,3.63798e-12,1.11196e-14
B4,MAIZ,2036,31872,1000.64,32872.6,32872.6,1802.88,-2.18279e-11,-6.64014e-14
B4,MAIZ,2037,31840.8,1180.08,33020.9,33020.9,1797.27,-1.45519e-11,-4.40688e-14
B4,MAIZ,2038,31804.1,1358.98,33163.1,33163.1,1791.37,-7.27596e-12,-2.19399e-14
B4,MAIZ,2039,31762.5,1537.71,33300.2,33300.2,1785.23,-7.27596e-12,-2.18496e-14
B4,MAIZ,2040,31716.5,1716.44,33432.9,33432.9,1778.71,-7.27596e-12,-2.17629e-14
B4,MAIZ,2041,31666.6,1895.99,33562.6,33562.6,1773.03,0,0
B4,MAIZ,2042,31613.3,2074.94,33688.2,33688.2,1766.96,7.27596e-12,2.15979e-14
B4,MAIZ,2043,31556.9,2253.09,33810,33810,1760.49,7.27596e-12,2.15201e-14
B4,MAIZ,2044,31497.8,2430.23,33928.1,33928.1,1753.65,0,0
B4,MAIZ,2045,31436.3,2605.25,34041.6,34041.6,1746.37,-7.27596e-12,-2.13737e-14
B4,MAIZ,2046,31372.7,2778.88,34151.6,34151.6,1738.88,7.27596e-12,2.13049e-14
B4,MAIZ,2047,31307.2,2950.44,34257.6,34257.6,1730.81,-7.27596e-12,-2.12389e-14
B4,MAIZ,2048,31240,3119.74,34359.8,34359.8,1722.22,-7.27596e-12,-2.11758e-14
B4,MAIZ,2049,31171.4,3286.34,34457.7,34457.7,1713.02,0,0
B4,MAIZ,2050,31101.4,3449.96,34551.4,34551.4,1703.2,7.27596e-12,2.10584e-14
B4,POTA,2023,9150,0,9150,9125,5872,25,0.273973
B4,POTA,2024,9500,0,9500,9445,6081.92,55,0.582319
B4,POTA,2025,9564.68,0,9564.68,9390.31,5993.65,174.376,1.85698
B4,POTA,2026,9625.18,0,9625.18,9352.14,5912.49,273.037,2.91952
B4,POTA,2027,9681.49,0,9681.49,9341.57,5833.38,339.92,3.63878
B4,POTA,2028,9733.56,0,9733.56,9326.8,5753.71,406.761,4.36121
B4,POTA,2029,9781.37,0,9781.37,9323.16,5673.59,458.207,4.91471
B4,POTA,2030,9824.87,0,9824.87,9321.65,5597.82,503.22,5.39841
B4,POTA,2031,9863.92,0,9863.92,9320.26,5526.78,543.66,5.8331
B4,POTA,2032,9898.47,0,9898.47,9317.07,5455.82,581.399,6.24015
B4,POTA,2033,9928.33,0,9928.33,9313.17,5384.71,615.159,6.60526
B4,POTA,2034,9953.35,0,9953.35,9307.74,5313.48,645.612,6.93628
B4,POTA,2035,9973.36,0,9973.36,9307.64,5245.27,665.711,7.15231
B4,POTA,2036,9993.11,0,9993.11,9314.59,5181.08,678.526,7.28456
B4,POTA,2037,10012.1,0,10012.1,9319.45,5116.91,692.604,7.43181
B4,POTA,2038,10030.2,0,10030.2,9321.95,5052.44,708.271,7.59788
B4,POTA,2039,10047.6,0,10047.6,9322.24,4987.82,725.397,7.78136
B4,POTA,2040,10064.3,0,10064.3,9319.97,4922.67,744.359,7.98671
B4,POTA,2041,10080.3,0,10080.3,9318.72,4860.57,761.605,8.17284
B4,POTA,2042,10095.7,0,10095.7,9315.18,4798.17,780.474,8.37851
B4,POTA,2043,10110.3,0,10110.3,9309.14,4735.25,801.189,8.60647
B4,POTA,2044,10124.4,0,10124.4,9300.7,4671.86,823.686,8.85617
B4,POTA,2045,10137.8,0,10137.8,9289.75,4607.91,848.083,9.12924
B4,POTA,2046,10150.7,0,10150.7,9276.98,4544.03,873.711,9.41806
B4,POTA,2047,10163,0,10163,9261.52,4479.33,901.451,9.73329
B4,POTA,2048,10174.7,0,10174.7,9243.53,4413.92,931.182,10.0739
B4,POTA,2049,10185.9,0,10185.9,9222.81,4347.6,963.1,10.4426
B4,POTA,2050,10196.6,0,10196.6,9199.42,4280.41,997.163,10.8394
B4,SOYS,2023,2084.17,9849,11933.2,11933.2,1550,0,0
B4,SOYS,2024,2065,10497,12562,12562,1675,-1.81899e-12,-1.44801e-14
B4,SOYS,2025,2190,10039.2,12229.2,12229.2,1679.45,1.09139e-11,8.92449e-14
B4,SOYS,2026,2322.21,9730.53,12052.7,12052.7,1683.95,-1.81899e-12,-1.50919e-14
B4,SOYS,2027,2462,9451.4,11913.4,11913.4,1688.96,-1.81899e-12,-1.52684e-14
B4,SOYS,2028,2609.75,9189.52,11799.3,11799.3,1693.51,-1.81899e-12,-1.54161e-14
B4,SOYS,2029,2765.82,8944.12,11709.9,11709.9,1697.67,3.63798e-12,3.10674e-14
B4,SOYS,2030,2930.63,8707.27,11637.9,11637.9,1702.81,3.63798e-12,3.12597e-14
B4,SOYS,2031,2961.78,8572.05,11533.8,11533.8,1707.91,0,0
B4,SOYS,2032,2992.54,8445.11,11437.6,11437.6,1713.01,-5.45697e-12,-4.77106e-14
B4,SOYS,2033,3022.79,8328.61,11351.4,11351.4,1717.83,1.81899e-12,1.60244e-14
B4,SOYS,2034,3052.01,8221.83,11273.8,11273.8,1722.38,0,0
B4,SOYS,2035,3080.52,8124.48,11205,11205,1727.7,0,0
B4,SOYS,2036,3096.98,8155.81,11252.8,11252.8,1732.89,-1.81899e-12,-1.61648e-14
B4,SOYS,2037,3105.98,8189.37,11295.4,11295.4,1737.92,-5.45697e-12,-4.83116e-14
B4,SOYS,2038,3110.42,8223.57,11334,11334,1742.51,1.81899e-12,1.6049e-14
B4,SOYS,2039,3112.05,8257.7,11369.7,11369.7,1746.69,-5.45697e-12,-4.79955e-14
B4,SOYS,2040,3111.96,8291.3,11403.3,11403.3,1750.33,-7.27596e-12,-6.38059e-14
B4,SOYS,2041,3110.79,8324.42,11435.2,11435.2,1753.7,0,0
B4,SOYS,2042,3108.92,8356.92,11465.8,11465.8,1756.75,-3.63798e-12,-3.17289e-14
B4,SOYS,2043,3106.6,8388.58,11495.2,11495.2,1759.22,-5.45697e-12,-4.74718e-14
B4,SOYS,2044,3103.96,8419.46,11523.4,11523.4,1761.12,-3.63798e-12,-3.15703e-14
B4,SOYS,2045,3101.09,8449.35,11550.4,11550.4,1762.39,-3.63798e-12,-3.14964e-14
B4,SOYS,2046,3098.05,8478.52,11576.6,11576.6,1763,0,0
B4,SOYS,2047,3094.87,8506.98,11601.9,11601.9,1762.89,1.81899e-12,1.56784e-14
B4,SOYS,2048,3091.56,8534.76,11626.3,11626.3,1762.04,-1.81899e-12,-1.56454e-14
B4,SOYS,2049,3088.15,8561.81,11650,11650,1760.35,-1.81899e-12,-1.56137e-14
B4,SOYS,2050,3084.63,8588.15,11672.8,11672.8,1757.8,-3.63798e-12,-3.11663e-14
B4,RAPS,2023,1631.74,519.81,2151.55,2151.55,0,0,0
B4,RAPS,2024,1674,638.56,2312.56,2312.56,0,0,0
B4,RAPS,2025,1717.63,628.481,2346.11,2346.11,0,-1.36424e-12,-5.8149e-14
B4,RAPS,2026,1762.14,614.208,2376.35,2376.35,0,0,0
B4,RAPS,2027,1807.5,586.552,2394.05,2394.05,0,0,0
B4,RAPS,2028,1853.7,559.211,2412.91,2412.91,0,-9.09495e-13,-3.76928e-14
B4,RAPS,2029,1900.72,532.654,2433.37,2433.37,0,-4.54747e-13,-1.8688e-14
B4,RAPS,2030,1948.52,506.343,2454.87,2454.87,0,-4.54747e-13,-1.85243e-14
B4,RAPS,2031,1961.93,501.691,2463.62,2463.62,0,-4.54747e-13,-1.84585e-14
B4,RAPS,2032,1974.95,496.164,2471.12,2471.12,0,9.09495e-13,3.6805e-14
B4,RAPS,2033,1987.52,491.508,2479.03,2479.03,0,0,0
B4,RAPS,2034,1999.29,487.977,2487.27,2487.27,0,-4.54747e-13,-1.8283e-14
B4,RAPS,2035,2010.48,485.339,2495.82,2495.82,0,-1.36424e-12,-5.46611e-14
B4,RAPS,2036,2021.33,482.675,2504.01,2504.01,0,-9.09495e-13,-3.63215e-14
B4,RAPS,2037,2031.72,479.673,2511.39,2511.39,0,9.09495e-13,3.62148e-14
B4,RAPS,2038,2041.69,476.494,2518.19,2518.19,0,-9.09495e-13,-3.61171e-14
B4,RAPS,2039,2051.31,473.233,2524.54,2524.54,0,0,0
B4,RAPS,2040,2060.61,469.995,2530.61,2530.61,0,-1.36424e-12,-5.39097e-14
B4,RAPS,2041,2069.63,466.769,2536.4,2536.4,0,4.54747e-13,1.79288e-14
B4,RAPS,2042,2078.39,463.583,2541.98,2541.98,0,0,0
B4,RAPS,2043,2086.92,460.457,2547.38,2547.38,0,-2.72848e-12,-1.07109e-13
B4,RAPS,2044,2095.23,457.407,2552.64,2552.64,0,-9.09495e-13,-3.56296e-14
B4,RAPS,2045,2103.34,454.329,2557.67,2557.67,0,0,0
B4,RAPS,2046,2111.26,451.359,2562.62,2562.62,0,0,0
B4,RAPS,2047,2119.01,448.502,2567.51,2567.51,0,0,0
B4,RAPS,2048,2126.58,445.764,2572.34,2572.34,0,-4.54747e-13,-1.76783e-14
B4,RAPS,2049,2133.99,443.146,2577.13,2577.13,0,-1.36424e-12,-5.29365e-14
B4,RAPS,2050,2141.24,440.653,2581.89,2581.89,0,-4.54747e-13,-1.7613e-14
B4,GRDS,2023,1860,20,1880,1070,810,810,75.7009
B4,GRDS,2024,1900,5,1905,1905,850,-4.54747e-13,-2.38713e-14
B4,GRDS,2025,1927.66,0,1927.66,1912.29,859.851,15.3661,0.803545
B4,GRDS,2026,1955.42,0,1955.42,1920.45,869.447,34.9696,1.8209
B4,GRDS,2027,1967.56,0,1967.56,1929.99,879.706,37.5738,1.94684
B4,GRDS,2028,1979.41,0,1979.41,1939.83,889.722,39.5851,2.04065
B4,GRDS,2029,1990.96,0,1990.96,1950.31,899.633,40.6461,2.08408
B4,GRDS,2030,2002.16,0,2002.16,1961.85,910.097,40.3055,2.05446
B4,GRDS,2031,2012.96,0,2012.96,1970.96,920.477,41.9984,2.13087
B4,GRDS,2032,2023.32,0,2023.32,1980.17,931.321,43.1514,2.17918
B4,GRDS,2033,2033.18,0,2033.18,1989.7,942.176,43.4812,2.18532
B4,GRDS,2034,2042.2,0,2042.2,1999.55,953.053,42.6443,2.13269
B4,GRDS,2035,2050.6,0,2050.6,2010.31,964.558,40.2891,2.00413
B4,GRDS,2036,2057.18,0,2057.18,2027.31,975.803,29.8645,1.47311
B4,GRDS,2037,2062.3,0,2062.3,2044.13,987.173,18.1657,0.888673
B4,GRDS,2038,2066.24,0,2066.24,2060.38,998.187,5.86361,0.284589
B4,GRDS,2039,2069.24,6.87931,2076.12,2076.12,1008.85,2.72848e-12,1.31422e-13
B4,GRDS,2040,2071.48,19.8445,2091.33,2091.33,1019.07,0,0
B4,GRDS,2041,2073.12,33.012,2106.13,2106.13,1028.97,-9.09495e-13,-4.31832e-14
B4,GRDS,2042,2074.26,46.5462,2120.81,2120.81,1038.8,1.36424e-12,6.43265e-14
B4,GRDS,2043,2075.01,59.9472,2134.96,2134.96,1048.16,2.27374e-12,1.065e-13
B4,GRDS,2044,2075.45,73.1389,2148.59,2148.59,1057.02,-4.54747e-13,-2.11649e-14
B4,GRDS,2045,2075.64,85.9722,2161.62,2161.62,1065.34,4.54747e-13,2.10374e-14
B4,GRDS,2046,2075.63,98.4215,2174.06,2174.06,1073.08,4.54747e-13,2.0917e-14
B4,GRDS,2047,2075.46,110.49,2185.95,2185.95,1080.27,-9.09495e-13,-4.16063e-14
B4,GRDS,2048,2075.16,122.049,2197.21,2197.21,1086.82,9.09495e-13,4.13931e-14
B4,GRDS,2049,2074.76,133.001,2207.76,2207.76,1092.65,-1.36424e-12,-6.1793e-14
B4,GRDS,2050,2074.28,143.307,2217.58,2217.58,1097.73,4.54747e-13,2.05064e-14
B4,COTT,2023,561.8,191,752.8,752.8,0,0,0
B4,COTT,2024,616.4,261.8,878.2,878.2,0,0,0
B4,COTT,2025,617.205,188.852,806.057,806.057,0,-4.54747e-13,-5.64163e-14
B4,COTT,2026,617.917,185.654,803.572,803.572,0,3.41061e-13,4.24431e-14
B4,COTT,2027,618.53,182.543,801.073,801.073,0,-1.13687e-13,-1.41918e-14
B4,COTT,2028,619.032,179.524,798.556,798.556,0,2.27374e-13,2.84731e-14
B4,COTT,2029,619.417,176.648,796.065,796.065,0,3.41061e-13,4.28433e-14
B4,COTT,2030,619.673,173.937,793.61,793.61,0,1.13687e-13,1.43253e-14
B4,COTT,2031,619.787,171.365,791.152,791.152,0,0,0
B4,COTT,2032,619.75,168.972,788.722,788.722,0,0,0
B4,COTT,2033,619.544,166.77,786.314,786.314,0,1.13687e-13,1.44582e-14
B4,COTT,2034,615.991,168.622,784.613,784.613,0,2.27374e-13,2.89791e-14
B4,COTT,2035,612.262,170.716,782.978,782.978,0,2.27374e-13,2.90396e-14
B4,COTT,2036,608.524,172.787,781.311,781.311,0,2.27374e-13,2.91016e-14
B4,COTT,2037,604.721,175.491,780.212,780.212,0,2.27374e-13,2.91425e-14
B4,COTT,2038,600.856,178.76,779.616,779.616,0,1.13687e-13,1.45824e-14
B4,COTT,2039,596.933,182.532,779.464,779.464,0,2.27374e-13,2.91705e-14
B4,COTT,2040,592.955,186.746,779.701,779.701,0,1.13687e-13,1.45808e-14
B4,COTT,2041,588.928,191.353,780.28,780.28,0,1.13687e-13,1.457e-14
B4,COTT,2042,584.853,196.306,781.16,781.16,0,0,0
B4,COTT,2043,580.736,201.567,782.303,782.303,0,-2.27374e-13,-2.90647e-14
B4,COTT,2044,576.578,207.099,783.677,783.677,0,-3.41061e-13,-4.35205e-14
B4,COTT,2045,572.383,212.868,785.252,785.252,0,0,0
B4,COTT,2046,568.155,218.84,786.995,786.995,0,0,0
B4,COTT,2047,563.897,224.986,788.883,788.883,0,-1.13687e-13,-1.44111e-14
B4,COTT,2048,559.61,231.284,790.894,790.894,0,-2.27374e-13,-2.87489e-14
B4,COTT,2049,555.298,237.708,793.007,793.007,0,0,0
B4,COTT,2050,550.964,244.237,795.202,795.202,0,3.41061e-13,4.28898e-14
B4,SUGC,2023,789,0,789,789,0,0,0
B4,SUGC,2024,882,0,882,882,0,0,0
B4,SUGC,2025,1050.8,0,1050.8,895.23,0,155.567,17.3774
B4,SUGC,2026,1241.72,0,1241.72,908.658,0,333.059,36.6539
B4,SUGC,2027,1455.87,0,1455.87,922.288,0,533.584,57.8544
B4,SUGC,2028,1694.16,0,1694.16,936.123,0,758.041,80.9766
B4,SUGC,2029,1957.28,0,1957.28,950.164,0,1007.11,105.993
B4,SUGC,2030,2245.63,0,2245.63,964.417,0,1281.22,132.849
B4,SUGC,2031,2559.37,0,2559.37,978.883,0,1580.49,161.458
B4,SUGC,2032,2898.37,0,2898.37,993.566,0,1904.8,191.713
B4,SUGC,2033,3262.15,0,3262.15,1008.47,0,2253.68,223.475
B4,SUGC,2034,3649.96,0,3649.96,1023.6,0,2626.36,256.582
B4,SUGC,2035,4060.74,0,4060.74,1038.95,0,3021.79,290.85
B4,SUGC,2036,4425.45,0,4425.45,1054.54,0,3370.92,319.659
B4,SUGC,2037,4742.47,0,4742.47,1070.35,0,3672.11,343.075
B4,SUGC,2038,5013.21,0,5013.21,1086.41,0,3926.8,361.448
B4,SUGC,2039,5241.07,0,5241.07,1102.7,0,4138.36,375.292
B4,SUGC,2040,5430.5,0,5430.5,1119.25,0,4311.25,385.193
B4,SUGC,2041,5586.33,0,5586.33,1136.03,0,4450.3,391.74
B4,SUGC,2042,5713.35,0,5713.35,1153.07,0,4560.28,395.489
B4,SUGC,2043,5816.03,0,5816.03,1170.37,0,4645.66,396.939
B4,SUGC,2044,5898.38,0,5898.38,1187.93,0,4710.46,396.528
B4,SUGC,2045,5963.91,0,5963.91,1205.75,0,4758.16,394.624
B4,SUGC,2046,6015.6,0,6015.6,1223.83,0,4791.77,391.539
B4,SUGC,2047,6056,0,6056,1242.19,0,4813.81,387.527
B4,SUGC,2048,6087.22,0,6087.22,1260.82,0,4826.4,382.798
B4,SUGC,2049,6110.99,0,6110.99,1279.73,0,4831.25,377.52
B4,SUGC,2050,6128.74,0,6128.74,1298.93,0,4829.81,371.83
B4,SUGB,2023,108,0,108,108,0,0,0
B4,SUGB,2024,114,0,114,114,0,0,0
B4,SUGB,2025,114.232,0,114.232,114,0,0.232277,0.203752
B4,SUGB,2026,114.448,0,114.448,114,0,0.447737,0.392752
B4,SUGB,2027,114.645,0,114.645,114,0,0.645003,0.565792
B4,SUGB,2028,114.822,0,114.822,114,0,0.821923,0.720985
B4,SUGB,2029,114.977,0,114.977,114,0,0.977227,0.857217
B4,SUGB,2030,115.109,0,115.109,114,0,1.10884,0.972668
B4,SUGB,2031,115.214,0,115.214,114,0,1.21417,1.06506
B4,SUGB,2032,115.291,0,115.291,114,0,1.29149,1.13288
B4,SUGB,2033,115.337,0,115.337,114,0,1.33743,1.17319
B4,SUGB,2034,115.432,0,115.432,114,0,1.43248,1.25656
B4,SUGB,2035,115.49,0,115.49,114,0,1.49044,1.30741
B4,SUGB,2036,115.548,0,115.548,114,0,1.54844,1.35828
B4,SUGB,2037,115.606,0,115.606,114,0,1.60647,1.40918
B4,SUGB,2038,115.665,0,115.665,114,0,1.66453,1.46011
B4,SUGB,2039,115.723,0,115.723,114,0,1.72261,1.51106
B4,SUGB,2040,115.781,0,115.781,114,0,1.78073,1.56204
B4,SUGB,2041,115.839,0,115.839,114,0,1.83887,1.61304
B4,SUGB,2042,115.897,0,115.897,114,0,1.89704,1.66407
B4,SUGB,2043,115.955,0,115.955,114,0,1.95524,1.71513
B4,SUGB,2044,116.013,0,116.013,114,0,2.01347,1.76621
B4,SUGB,2045,116.072,0,116.072,114,0,2.07174,1.81731
B4,SUGB,2046,116.13,0,116.13,114,0,2.13002,1.86844
B4,SUGB,2047,116.188,0,116.188,114,0,2.18834,1.9196
B4,SUGB,2048,116.247,0,116.247,114,0,2.24669,1.97078
B4,SUGB,2049,116.305,0,116.305,114,0,2.30507,2.02199
B4,SUGB,2050,116.363,0,116.363,114,0,2.36348,2.07323
B4,FRTO,2023,32744.3,365.6,33109.9,33109.9,15628.1,0,0
B4,FRTO,2024,34500,109.86,34609.9,34609.9,16380,0,0
B4,FRTO,2025,34682.7,0,34682.7,34615.3,16374.3,67.3821,0.19466
B4,FRTO,2026,34862.3,0,34862.3,34606.9,16355.5,255.395,0.737987
B4,FRTO,2027,35038.7,0,35038.7,34600,16338.7,438.65,1.26777
B4,FRTO,2028,35211.1,0,35211.1,34587.7,16317.1,623.426,1.80245
B4,FRTO,2029,35379.4,0,35379.4,34570.1,16290.9,809.325,2.34111
B4,FRTO,2030,35543,0,35543,34561.2,16273.7,981.767,2.84066
B4,FRTO,2031,35701.1,0,35701.1,34540,16244.9,1161.1,3.36162
B4,FRTO,2032,35853.4,0,35853.4,34514.7,16212.8,1338.72,3.8787
B4,FRTO,2033,35999,0,35999,34484.8,16176.8,1514.21,4.39096
B4,FRTO,2034,36163.2,0,36163.2,34456.6,16137,1706.6,4.95288
B4,FRTO,2035,36319.4,0,36319.4,34433.5,16102.8,1885.89,5.47691
B4,FRTO,2036,36458.1,0,36458.1,34440.9,16058.9,2017.24,5.85712
B4,FRTO,2037,36582.7,0,36582.7,34442.2,16012.6,2140.53,6.21485
B4,FRTO,2038,36696,0,36696,34437.6,15963.4,2258.44,6.55806
B4,FRTO,2039,36800.3,0,36800.3,34428,15911.6,2372.27,6.89051
B4,FRTO,2040,36897.3,0,36897.3,34412.6,15856.1,2484.64,7.22013
B4,FRTO,2041,36988.5,0,36988.5,34387,15791.9,2601.47,7.56528
B4,FRTO,2042,37075,0,37075,34356.7,15724.5,2718.33,7.91209
B4,FRTO,2043,37157.9,0,37157.9,34321.5,15653.4,2836.39,8.26416
B4,FRTO,2044,37237.8,0,37237.8,34281.7,15578.6,2956.1,8.62297
B4,FRTO,2045,37315.4,0,37315.4,34237.1,15499.7,3078.37,8.99133
B4,FRTO,2046,37391.2,0,37391.2,34185.4,15414.6,3205.81,9.37773
B4,FRTO,2047,37465.5,0,37465.5,34127.9,15324.4,3337.56,9.77955
B4,FRTO,2048,37538.6,0,37538.6,34065.1,15229.5,3473.49,10.1966
B4,FRTO,2049,37610.9,0,37610.9,33996.3,15129,3614.61,10.6324
B4,FRTO,2050,37682.5,0,37682.5,33921.4,15023,3761.09,11.0877
B4,VEGT,2023,82868.1,0,82868.1,81577.7,19187.1,1290.41,1.58182
B4,VEGT,2024,83696.8,0,83696.8,82264,20415.5,1432.82,1.74174
B4,VEGT,2025,84308.9,0,84308.9,82724.3,20499.4,1584.62,1.91555
B4,VEGT,2026,84861.6,0,84861.6,83170.6,20579.8,1691.05,2.03323
B4,VEGT,2027,85356.2,0,85356.2,83607.7,20663.6,1748.58,2.09141
B4,VEGT,2028,85792.8,0,85792.8,84023.9,20742.6,1768.81,2.10513
B4,VEGT,2029,86172.1,0,86172.1,84419.3,20816.8,1752.78,2.07628
B4,VEGT,2030,86493.9,0,86493.9,84808,20904,1685.95,1.98796
B4,VEGT,2031,86757.1,0,86757.1,85169.5,20986.7,1587.63,1.86408
B4,VEGT,2032,86961.4,0,86961.4,85505.2,21066.4,1456.19,1.70305
B4,VEGT,2033,87104.2,0,87104.2,85811.9,21142.8,1292.31,1.50598
B4,VEGT,2034,87184,0,87184,86088,21215.7,1096.03,1.27315
B4,VEGT,2035,87198.2,0,87198.2,86345.6,21297.8,852.632,0.987464
B4,VEGT,2036,87130.6,0,87130.6,86566.8,21374.4,563.798,0.651287
B4,VEGT,2037,86997.5,0,86997.5,86749.4,21447.8,248.151,0.286055
B4,VEGT,2038,86812.4,86.8117,86899.2,86899.2,21517.4,-5.82077e-11,-6.69829e-14
B4,VEGT,2039,86586,436.147,87022.1,87022.1,21583.5,1.30967e-10,1.50499e-13
B4,VEGT,2040,86326.9,793.558,87120.4,87120.4,21644.4,1.45519e-11,1.67032e-14
B4,VEGT,2041,86042,1155.72,87197.7,87197.7,21700.2,-2.91038e-11,-3.33768e-14
B4,VEGT,2042,85736.9,1519.93,87256.9,87256.9,21751.3,0,0
B4,VEGT,2043,85416.1,1883.22,87299.3,87299.3,21796.8,1.45519e-11,1.6669e-14
B4,VEGT,2044,85083,2243.78,87326.7,87326.7,21836.9,-1.45519e-11,-1.66638e-14
B4,VEGT,2045,84740.5,2599.36,87339.8,87339.8,21870.8,0,0
B4,VEGT,2046,84390.8,2947.18,87338,87338,21897.1,1.45519e-11,1.66616e-14
B4,VEGT,2047,84035.8,3285.82,87321.6,87321.6,21915.5,-1.45519e-11,-1.66647e-14
B4,VEGT,2048,83676.8,3614.89,87291.7,87291.7,21926.2,0,0
B4,VEGT,2049,83315.1,3932.32,87247.4,87247.4,21928.1,0,0
B4,VEGT,2050,82951.5,4237.36,87188.9,87188.9,21920.9,-2.91038e-11,-3.33802e-14
B4,OTGR,2023,3739.7,384.9,4124.6,4124.6,217.92,6.36646e-12,1.54353e-13
B4,OTGR,2024,3815.6,192.67,4008.27,4008.27,164.532,1.36424e-12,3.40357e-14
B4,OTGR,2025,3816.35,201.319,4017.67,4017.67,163.931,-1.81899e-12,-4.52748e-14
B4,OTGR,2026,3817.1,212.473,4029.57,4029.57,163.481,-9.09495e-13,-2.25705e-14
B4,OTGR,2027,3817.85,225.034,4042.88,4042.88,163.059,-1.81899e-12,-4.49924e-14
B4,OTGR,2028,3818.6,238.566,4057.16,4057.16,162.592,-1.36424e-12,-3.36255e-14
B4,OTGR,2029,3819.35,253.626,4072.97,4072.97,162.083,-1.81899e-12,-4.466e-14
B4,OTGR,2030,3820.1,269.773,4089.87,4089.87,161.667,-1.36424e-12,-3.33566e-14
B4,OTGR,2031,3820.85,280.114,4100.96,4100.96,161.352,9.09495e-13,2.21776e-14
B4,OTGR,2032,3821.6,289.23,4110.83,4110.83,161.011,9.09495e-13,2.21244e-14
B4,OTGR,2033,3822.35,298.915,4121.26,4121.26,160.639,9.09495e-13,2.20683e-14
B4,OTGR,2034,3825.85,306.464,4132.31,4132.31,160.234,0,0
B4,OTGR,2035,3829.36,314.691,4144.05,4144.05,159.893,0,0
B4,OTGR,2036,3832.86,322.597,4155.46,4155.46,159.64,-3.63798e-12,-8.75469e-14
B4,OTGR,2037,3836.38,329.626,4166,4166,159.365,1.81899e-12,4.36627e-14
B4,OTGR,2038,3839.89,335.992,4175.88,4175.88,159.057,-9.09495e-13,-2.17797e-14
B4,OTGR,2039,3843.41,341.843,4185.25,4185.25,158.718,0,0
B4,OTGR,2040,3846.93,347.301,4194.23,4194.23,158.338,-9.09495e-13,-2.16844e-14
B4,OTGR,2041,3850.46,352.49,4202.95,4202.95,158.023,0,0
B4,OTGR,2042,3853.98,357.357,4211.34,4211.34,157.674,0,0
B4,OTGR,2043,3857.51,361.932,4219.45,4219.45,157.281,-9.09495e-13,-2.15548e-14
B4,OTGR,2044,3861.05,366.248,4227.3,4227.3,156.847,2.72848e-12,6.45444e-14
B4,OTGR,2045,3864.59,370.198,4234.78,4234.78,156.366,-9.09495e-13,-2.14768e-14
B4,OTGR,2046,3868.13,373.944,4242.07,4242.07,155.858,2.72848e-12,6.43196e-14
B4,OTGR,2047,3871.67,377.468,4249.14,4249.14,155.293,-9.09495e-13,-2.14042e-14
B4,OTGR,2048,3875.22,380.786,4256,4256,154.673,-9.09495e-13,-2.13697e-14
B4,OTGR,2049,3878.77,383.891,4262.66,4262.66,153.99,-1.81899e-12,-4.26726e-14
B4,OTGR,2050,3882.32,386.788,4269.11,4269.11,153.243,1.81899e-12,4.26082e-14
B4,SORG,2023,318,485.8,803.8,803.8,67,-1.13687e-13,-1.41437e-14
B4,SORG,2024,314,865.5,1179.5,1179.5,65,0,0
B4,SORG,2025,314.35,865.085,1179.43,1179.43,64.7547,2.27374e-13,1.92782e-14
B4,SORG,2026,314.624,865.391,1180.01,1180.01,64.5752,-4.54747e-13,-3.85374e-14
B4,SORG,2027,314.821,866.114,1180.94,1180.94,64.4137,0,0
B4,SORG,2028,314.94,867.134,1182.07,1182.07,64.2427,-2.27374e-13,-1.92352e-14
B4,SORG,2029,314.977,868.594,1183.57,1183.57,64.063,0,0
B4,SORG,2030,314.931,870.397,1185.33,1185.33,63.9297,2.27374e-13,1.91823e-14
B4,SORG,2031,314.795,870.747,1185.54,1185.54,63.845,-4.54747e-13,-3.83577e-14
B4,SORG,2032,314.568,870.827,1185.4,1185.4,63.7612,-9.09495e-13,-7.6725e-14
B4,SORG,2033,314.242,871.107,1185.35,1185.35,63.6766,4.54747e-13,3.8364e-14
B4,SORG,2034,313.812,871.589,1185.4,1185.4,63.5918,2.27374e-13,1.91812e-14
B4,SORG,2035,313.271,872.315,1185.59,1185.59,63.546,0,0
B4,SORG,2036,312.633,873.248,1185.88,1185.88,63.5347,-2.27374e-13,-1.91734e-14
B4,SORG,2037,311.996,874.157,1186.15,1186.15,63.5141,-2.27374e-13,-1.9169e-14
B4,SORG,2038,311.36,875.076,1186.44,1186.44,63.4801,-6.82121e-13,-5.74933e-14
B4,SORG,2039,310.725,876.025,1186.75,1186.75,63.434,0,0
B4,SORG,2040,310.092,877.016,1187.11,1187.11,63.3709,-2.27374e-13,-1.91536e-14
B4,SORG,2041,309.46,878.081,1187.54,1187.54,63.3329,-6.82121e-13,-5.74398e-14
B4,SORG,2042,308.83,879.182,1188.01,1188.01,63.2809,-4.54747e-13,-3.8278e-14
B4,SORG,2043,308.2,880.311,1188.51,1188.51,63.2115,-2.27374e-13,-1.9131e-14
B4,SORG,2044,307.572,881.468,1189.04,1189.04,63.1249,2.27374e-13,1.91225e-14
B4,SORG,2045,306.945,882.615,1189.56,1189.56,63.0193,0,0
B4,SORG,2046,306.32,883.789,1190.11,1190.11,62.9019,-4.54747e-13,-3.82106e-14
B4,SORG,2047,305.696,884.974,1190.67,1190.67,62.7611,0,0
B4,SORG,2048,305.073,886.167,1191.24,1191.24,62.5976,2.27374e-13,1.90871e-14
B4,SORG,2049,304.451,887.361,1191.81,1191.81,62.408,-6.82121e-13,-5.72339e-14
B4,SORG,2050,303.83,888.551,1192.38,1192.38,62.192,0,0
B4,BARL,2023,200,1589.8,1789.8,1640,90.2,149.8,9.13415
B4,BARL,2024,200,1424,1624,1624,89.32,0,0
B4,BARL,2025,200.234,1418.02,1618.25,1618.25,88.9493,-3.63798e-12,-2.24809e-13
B4,BARL,2026,200.421,1412.5,1612.92,1612.92,88.6719,0,0
B4,BARL,2027,200.558,1407.26,1607.82,1607.82,88.4099,2.27374e-13,1.41417e-14
B4,BARL,2028,200.645,1402.21,1602.85,1602.85,88.1241,-6.82121e-13,-4.25567e-14
B4,BARL,2029,200.681,1397.47,1598.15,1598.15,87.8156,-6.82121e-13,-4.26819e-14
B4,BARL,2030,200.663,1393.05,1593.72,1593.72,87.5588,2.27374e-13,1.42669e-14
B4,BARL,2031,200.589,1387.81,1588.4,1588.4,87.3648,2.27374e-13,1.43146e-14
B4,BARL,2032,200.456,1382.47,1582.93,1582.93,87.1583,4.54747e-13,2.87282e-14
B4,BARL,2033,200.26,1377.32,1577.58,1577.58,86.9354,-2.27374e-13,-1.44129e-14
B4,BARL,2034,200.055,1372.31,1572.36,1572.36,86.6958,0,0
B4,BARL,2035,199.779,1367.61,1567.39,1567.39,86.4915,-4.54747e-13,-2.9013e-14
B4,BARL,2036,199.441,1363.89,1563.33,1563.33,86.3429,-4.54747e-13,-2.90883e-14
B4,BARL,2037,199.103,1360.85,1559.95,1559.95,86.1817,2.27374e-13,1.45757e-14
B4,BARL,2038,198.766,1358.42,1557.19,1557.19,86.0024,-6.82121e-13,-4.38047e-14
B4,BARL,2039,198.43,1356.54,1554.97,1554.97,85.8069,2.27374e-13,1.46224e-14
B4,BARL,2040,198.094,1355.15,1553.24,1553.24,85.5884,0,0
B4,BARL,2041,197.759,1354.23,1551.99,1551.99,85.4113,0,0
B4,BARL,2042,197.424,1353.69,1551.11,1551.11,85.2156,2.27374e-13,1.46587e-14
B4,BARL,2043,197.09,1353.47,1550.56,1550.56,84.9967,-2.27374e-13,-1.4664e-14
B4,BARL,2044,196.756,1353.52,1550.27,1550.27,84.7549,0,0
B4,BARL,2045,196.423,1353.78,1550.21,1550.21,84.4879,2.27374e-13,1.46673e-14
B4,BARL,2046,196.091,1354.25,1550.34,1550.34,84.2076,4.54747e-13,2.9332e-14
B4,BARL,2047,195.759,1354.88,1550.63,1550.63,83.8963,0,0
B4,BARL,2048,195.428,1355.63,1551.06,1551.06,83.5554,2.27374e-13,1.46593e-14
B4,BARL,2049,195.097,1356.47,1551.57,1551.57,83.1803,-2.27374e-13,-1.46544e-14
B4,BARL,2050,194.767,1357.39,1552.15,1552.15,82.7708,-2.27374e-13,-1.46489e-14
B4,PIGM,2023,5794,152.32,5946.32,5946.32,4546.55,9.09495e-13,1.52951e-14
B4,PIGM,2024,5706,104.23,5810.23,5810.23,4444.17,0,0
B4,PIGM,2025,5731.07,0,5731.07,5645.46,4267.58,85.6134,1.5165
B4,PIGM,2026,5701.77,0,5701.77,5483.76,4096.97,218.008,3.97552
B4,PIGM,2027,5675.42,0,5675.42,5323.59,3934.42,351.831,6.60891
B4,PIGM,2028,5651.73,0,5651.73,5168.29,3776.75,483.443,9.35402
B4,PIGM,2029,5630.44,0,5630.44,5018.21,3624.17,612.231,12.2002
B4,PIGM,2030,5611.32,0,5611.32,4875.9,3479.33,735.419,15.0827
B4,PIGM,2031,5601.57,0,5601.57,4739,3339.53,862.568,18.2015
B4,PIGM,2032,5586.72,0,5586.72,4607.45,3205.36,979.269,21.254
B4,PIGM,2033,5573.62,0,5573.62,4480.52,3075.76,1093.09,24.3966
B4,PIGM,2034,5562.14,0,5562.14,4358.09,2950.61,1204.05,27.6278
B4,PIGM,2035,5552.18,0,5552.18,4241.83,2831.5,1310.35,30.8912
B4,PIGM,2036,5543.15,0,5543.15,4136.16,2716.58,1406.98,34.0167
B4,PIGM,2037,5535.76,0,5535.76,4034.87,2606.09,1500.89,37.1981
B4,PIGM,2038,5529.69,0,5529.69,3937.1,2499.21,1592.58,40.4507
B4,PIGM,2039,5524.66,0,5524.66,3842.83,2395.92,1681.82,43.7652
B4,PIGM,2040,5520.47,0,5520.47,3751.78,2295.95,1768.69,47.1428
B4,PIGM,2041,5516.94,0,5516.94,3664.21,2199.61,1852.73,50.5627
B4,PIGM,2042,5513.95,0,5513.95,3580.14,2106.9,1933.81,54.0148
B4,PIGM,2043,5511.38,0,5511.38,3498.99,2017.26,2012.39,57.5135
B4,PIGM,2044,5509.14,0,5509.14,3420.69,1930.64,2088.45,61.0534
B4,PIGM,2045,5507.18,0,5507.18,3345.13,1846.93,2162.05,64.6327
B4,PIGM,2046,5505.43,0,5505.43,3272.2,1766.03,2233.23,68.2486
B4,PIGM,2047,5503.85,0,5503.85,3201.82,1687.89,2302.03,71.8975
B4,PIGM,2048,5502.41,0,5502.41,3133.89,1612.39,2368.52,75.5776
B4,PIGM,2049,5501.08,0,5501.08,3068.26,1539.41,2432.82,79.2899
B4,PIGM,2050,5499.83,0,5499.83,3004.87,1468.9,2494.96,83.0304
B4,CATM,2023,753,273.73,1026.73,1026.73,925.67,0,0
B4,CATM,2024,779,287.41,1066.41,1066.41,954.39,0,0
B4,CATM,2025,747.119,280.453,1027.57,1027.57,920.136,6.82121e-13,6.63819e-14
B4,CATM,2026,752.254,241.69,993.944,993.944,885.77,0,0
B4,CATM,2027,757.094,205.009,962.103,962.103,853.233,3.41061e-13,3.54495e-14
B4,CATM,2028,761.998,169.09,931.088,931.088,821.513,-3.41061e-13,-3.66303e-14
B4,CATM,2029,770.967,130.65,901.616,901.616,790.751,3.41061e-13,3.78277e-14
B4,CATM,2030,780.079,93.5742,873.653,873.653,761.478,0,0
B4,CATM,2031,789.342,56.7605,846.103,846.103,732.595,2.27374e-13,2.68731e-14
B4,CATM,2032,798.761,21.1912,819.952,819.952,705.091,1.13687e-13,1.38651e-14
B4,CATM,2033,808.344,0,808.344,794.774,678.534,13.5704,1.70746
B4,CATM,2034,818.099,0,818.099,770.55,652.908,47.549,6.17078
B4,CATM,2035,828.035,0,828.035,747.655,628.584,80.3802,10.751
B4,CATM,2036,837.401,0,837.401,724.95,604.532,112.451,15.5115
B4,CATM,2037,846.873,0,846.873,703.16,581.38,143.712,20.4381
B4,CATM,2038,856.451,0,856.451,681.97,558.812,174.481,25.5848
B4,CATM,2039,866.137,0,866.137,661.392,536.842,204.744,30.9566
B4,CATM,2040,875.932,0,875.932,641.386,515.427,234.546,36.5687
B4,CATM,2041,885.837,0,885.837,621.804,494.421,264.033,42.4624
B4,CATM,2042,895.854,0,895.854,603.011,474.188,292.843,48.5634
B4,CATM,2043,905.984,0,905.984,584.796,454.516,321.188,54.9231
B4,CATM,2044,916.228,0,916.228,567.158,435.405,349.069,61.5471
B4,CATM,2045,926.587,0,926.587,550.084,416.841,376.502,68.4445
B4,CATM,2046,937.063,0,937.063,533.521,398.771,403.542,75.6376
B4,CATM,2047,947.656,0,947.656,517.533,381.26,430.124,83.1105
B4,CATM,2048,958.369,0,958.369,502.085,364.272,456.284,90.8777
B4,CATM,2049,969.203,0,969.203,487.158,347.787,482.045,98.9504
B4,CATM,2050,980.159,0,980.159,472.749,331.802,507.41,107.332
B4,SHGM,2023,531,43.24,574.24,574.24,501.279,0,0
B4,SHGM,2024,518,36.53,554.53,554.53,495.466,0,0
B4,SHGM,2025,520.85,16.1132,536.964,536.964,477.574,-1.13687e-13,-2.11722e-14
B4,SHGM,2026,523.723,0,523.723,519.557,459.841,4.16583,0.801805
B4,SHGM,2027,526.619,0,526.619,503.104,443.057,23.5146,4.67389
B4,SHGM,2028,529.538,0,529.538,487.104,426.724,42.4342,8.71153
B4,SHGM,2029,532.248,0,532.248,471.594,410.905,60.654,12.8615
B4,SHGM,2030,534.766,0,534.766,456.845,395.869,77.9212,17.0564
B4,SHGM,2031,537.111,0,537.111,442.362,381.119,94.749,21.4189
B4,SHGM,2032,539.298,0,539.298,428.558,367.066,110.739,25.84
B4,SHGM,2033,541.342,0,541.342,415.219,353.493,126.123,30.3751
B4,SHGM,2034,543.257,0,543.257,402.336,340.391,140.922,35.0259
B4,SHGM,2035,545.057,0,545.057,390.102,327.953,154.955,39.7216
B4,SHGM,2036,547.063,0,547.063,378.082,315.704,168.981,44.6943
B4,SHGM,2037,548.95,0,548.95,366.51,303.917,182.44,49.7776
B4,SHGM,2038,550.731,0,550.731,355.229,292.433,195.502,55.0354
B4,SHGM,2039,552.416,0,552.416,344.246,281.257,208.17,60.4713
B4,SHGM,2040,554.271,0,554.271,333.567,270.367,220.704,66.165
B4,SHGM,2041,556.023,0,556.023,323.098,259.698,232.926,72.0914
B4,SHGM,2042,557.682,0,557.682,313.006,249.417,244.676,78.1699
B4,SHGM,2043,559.258,0,559.258,303.185,239.417,256.072,84.4606
B4,SHGM,2044,560.757,0,560.757,293.636,229.697,267.121,90.9699
B4,SHGM,2045,561.536,0,561.536,284.277,220.249,277.259,97.5312
B4,SHGM,2046,562.316,0,562.316,275.162,211.045,287.153,104.358
B4,SHGM,2047,563.097,0,563.097,266.324,202.118,296.773,111.433
B4,SHGM,2048,563.879,0,563.879,257.744,193.448,306.135,118.775
B4,SHGM,2049,564.662,0,564.662,249.41,185.025,315.252,126.399
B4,SHGM,2050,565.446,0,565.446,241.322,176.848,324.124,134.312
B4,CHKM,2023,2609.25,74.7687,2684.02,2684.02,2423.09,9.09495e-13,3.38856e-14
B4,CHKM,2024,2637.39,20.6355,2658.03,2658.03,2394.29,-9.09495e-13,-3.42169e-14
B4,CHKM,2025,2727.89,0.906371,2728.8,2728.8,2456.01,1.81899e-12,6.6659e-14
B4,CHKM,2026,2733.34,57.1347,2790.47,2790.47,2517.14,-1.12768e-07,-4.04119e-09
B4,CHKM,2027,2741.5,114.076,2855.57,2855.57,2581.42,0,0
B4,CHKM,2028,2749.8,171.737,2921.53,2921.53,2646.55,-9.09495e-13,-3.11307e-14
B4,CHKM,2029,2758.25,230.474,2988.72,2988.72,2712.9,2.27374e-12,7.60773e-14
B4,CHKM,2030,2766.85,292.321,3059.18,3059.18,2782.49,2.72848e-12,8.91902e-14
B4,CHKM,2031,2775.64,354.174,3129.81,3129.81,2852.25,0,0
B4,CHKM,2032,2784.61,418.735,3203.35,3203.35,2924.89,9.09495e-13,2.8392e-14
B4,CHKM,2033,2793.79,484.81,3278.6,3278.6,2999.22,-2.27374e-12,-6.93508e-14
B4,CHKM,2034,2803.2,552.48,3355.68,3355.68,3075.36,-4.54747e-13,-1.35516e-14
B4,CHKM,2035,2812.85,623.762,3436.61,3436.61,3155.32,1.36424e-12,3.96973e-14
B4,CHKM,2036,2831.01,685.849,3516.86,3516.86,3233.76,6.82121e-12,1.93958e-13
B4,CHKM,2037,2847.25,751.63,3598.88,3598.88,3314.16,-9.09495e-13,-2.52716e-14
B4,CHKM,2038,2862.56,818.844,3681.41,3681.41,3395.15,-1.81899e-12,-4.94102e-14
B4,CHKM,2039,2877.44,887.068,3764.51,3764.51,3476.77,3.63798e-12,9.66388e-14
B4,CHKM,2040,2892.14,955.745,3847.88,3847.88,3558.67,3.18323e-12,8.27268e-14
B4,CHKM,2041,2906.78,1023.84,3930.62,3930.62,3639.94,-9.09495e-13,-2.31387e-14
B4,CHKM,2042,2921.42,1093.29,4014.71,4014.71,3722.57,-9.09495e-13,-2.2654e-14
B4,CHKM,2043,2936.1,1162.77,4098.87,4098.87,3805.26,0,0
B4,CHKM,2044,2950.84,1232.19,4183.03,4183.03,3887.95,0,0
B4,CHKM,2045,2965.65,1301.35,4266.99,4266.99,3970.43,-9.09495e-13,-2.13147e-14
B4,CHKM,2046,2980.51,1369.64,4350.15,4350.15,4052.1,-2.72848e-12,-6.27216e-14
B4,CHKM,2047,2995.45,1437.47,4432.93,4432.93,4133.38,2.72848e-12,6.15504e-14
B4,CHKM,2048,3010.46,1504.49,4514.96,4514.96,4213.91,9.09495e-13,2.0144e-14
B4,CHKM,2049,3025.55,1570.33,4595.88,4595.88,4293.32,-1.81899e-12,-3.95787e-14
B4,CHKM,2050,3040.7,1634.82,4675.53,4675.53,4371.46,8.18545e-12,1.7507e-13
B4,EGGS,2023,3028.55,0,3028.55,3011.87,2383.06,16.68,0.553809
B4,EGGS,2024,3049.8,0,3049.8,3031.91,2386.64,17.8911,0.590095
B4,EGGS,2025,3064.17,0,3064.17,3012.02,2357.6,52.1493,1.73137
B4,EGGS,2026,3076.52,0,3076.52,2991.45,2327.97,85.0721,2.84384
B4,EGGS,2027,3087.18,0,3087.18,2971.57,2299.06,115.612,3.8906
B4,EGGS,2028,3096.41,0,3096.41,2951.35,2269.81,145.064,4.9152
B4,EGGS,2029,3104.45,0,3104.45,2930.91,2240.29,173.541,5.92106
B4,EGGS,2030,3111.51,0,3111.51,2912.14,2212.38,199.369,6.84611
B4,EGGS,2031,3117.77,0,3117.77,2892.94,2184,224.83,7.77168
B4,EGGS,2032,3123.39,0,3123.39,2873.84,2155.62,249.545,8.68334
B4,EGGS,2033,3128.5,0,3128.5,2854.74,2127.16,273.751,9.58932
B4,EGGS,2034,3133.22,0,3133.22,2835.68,2098.63,297.548,10.493
B4,EGGS,2035,3137.68,0,3137.68,2817.93,2071.27,319.748,11.3469
B4,EGGS,2036,3122.82,0,3122.82,2803.22,2047.67,319.604,11.4013
B4,EGGS,2037,3107.57,0,3107.57,2788.05,2024.02,319.519,11.4603
B4,EGGS,2038,3092.02,0,3092.02,2772.33,2000.19,319.691,11.5315
B4,EGGS,2039,3076.25,0,3076.25,2756.14,1976.23,320.119,11.6148
B4,EGGS,2040,3060.33,0,3060.33,2739.34,1952,320.991,11.7178
B4,EGGS,2041,3044.31,0,3044.31,2721.9,1927.44,322.403,11.8448
B4,EGGS,2042,3028.21,0,3028.21,2704.03,1902.74,324.179,11.9887
B4,EGGS,2043,3012.09,0,3012.09,2685.66,1877.81,326.427,12.1544
B4,EGGS,2044,2995.95,0,2995.95,2666.82,1852.69,329.134,12.3418
B4,EGGS,2045,2979.83,0,2979.83,2647.48,1827.32,332.346,12.5533
B4,EGGS,2046,2963.73,0,2963.73,2627.54,1801.59,336.189,12.7948
B4,EGGS,2047,2947.67,0,2947.67,2607.04,1775.54,340.635,13.066
B4,EGGS,2048,2931.66,0,2931.66,2586.03,1749.21,345.639,13.3657
B4,EGGS,2049,2915.71,0,2915.71,2564.43,1722.52,351.282,13.6983
B4,EGGS,2050,2899.82,0,2899.82,2542.27,1695.48,357.548,14.0641
B4,MILK,2023,4197,1694.13,5891.13,5891.13,5223.43,-9.09495e-13,-1.54384e-14
B4,MILK,2024,4079,1555.36,5634.36,5634.36,4998.61,0,0
B4,MILK,2025,3962.98,1861.88,5824.86,5824.86,5207.2,-1.81899e-12,-3.1228e-14
B4,MILK,2026,4076.9,1980.57,6057.46,6057.46,5422.05,9.09495e-13,1.50144e-14
B4,MILK,2027,4194.25,2108.23,6302.48,6302.48,5648.78,9.09495e-13,1.44307e-14
B4,MILK,2028,4315.16,2239.79,6554.95,6554.95,5882.4,1.81899e-12,2.77498e-14
B4,MILK,2029,4439.77,2376.14,6815.9,6815.9,6123.93,-9.09495e-13,-1.33437e-14
B4,MILK,2030,4568.19,2522.19,7090.38,7090.38,6378.39,-1.81899e-12,-2.56543e-14
B4,MILK,2031,4613.62,2747.41,7361.03,7361.03,6641.96,1.81899e-12,2.47111e-14
B4,MILK,2032,4659.77,2984.84,7644.61,7644.61,6918.35,1.81899e-12,2.37944e-14
B4,MILK,2033,4706.69,3232.13,7938.81,7938.81,7205.24,0,0
B4,MILK,2034,4754.41,3489.66,8244.07,8244.07,7503.06,-3.63798e-12,-4.41284e-14
B4,MILK,2035,4802.98,3762.73,8565.7,8565.7,7817.12,7.27596e-12,8.49429e-14
B4,MILK,2036,4843.47,4049.75,8893.22,8893.22,8138.33,-7.27596e-12,-8.18147e-14
B4,MILK,2037,4876.93,4355.29,9232.22,9232.22,8472.11,7.27596e-12,7.88105e-14
B4,MILK,2038,4904.66,4674.98,9579.64,9579.64,8815.21,-1.81899e-12,-1.89881e-14
B4,MILK,2039,4927.77,5008.14,9935.9,9935.9,9167.87,-1.81899e-12,-1.83072e-14
B4,MILK,2040,4947.13,5353.3,10300.4,10300.4,9529.38,0,0
B4,MILK,2041,4963.49,5711.69,10675.2,10675.2,9901.57,-3.63798e-12,-3.40789e-14
B4,MILK,2042,4977.41,6084.62,11062,11062,10286.3,-7.27596e-12,-6.57742e-14
B4,MILK,2043,4989.39,6468.32,11457.7,11457.7,10680.1,0,0
B4,MILK,2044,4999.79,6862.4,11862.2,11862.2,11082.9,1.81899e-12,1.53343e-14
B4,MILK,2045,5008.94,7266.17,12275.1,12275.1,11494.4,1.81899e-12,1.48185e-14
B4,MILK,2046,5017.08,7679.18,12696.3,12696.3,11914.3,-5.45697e-12,-4.29809e-14
B4,MILK,2047,5024.41,8101.27,13125.7,13125.7,12342.6,-3.63798e-12,-2.77165e-14
B4,MILK,2048,5031.09,8531.24,13562.3,13562.3,12778.2,-5.45697e-12,-4.02362e-14
B4,MILK,2049,5037.26,8967.9,14005.2,14005.2,13220.1,-1.81899e-12,-1.2988e-14
B4,MILK,2050,5043,9410.66,14453.7,14453.7,13667.7,-5.45697e-12,-3.77549e-14
B4,FISH,2023,7116.2,296,7412.2,7412.2,3132.04,0,0
B4,FISH,2024,7366,269,7635,7635,3204.13,0,0
B4,FISH,2025,7453.32,371.022,7824.34,7824.34,3327.99,9.09495e-13,1.16239e-14
B4,FISH,2026,7540.81,474.024,8014.84,8014.84,3452.69,-2.72848e-12,-3.40429e-14
B4,FISH,2027,7628.49,583.272,8211.76,8211.76,3583.22,0,0
B4,FISH,2028,7716.36,697.46,8413.82,8413.82,3718.26,7.27596e-12,8.64763e-14
B4,FISH,2029,7804.43,817.247,8621.67,8621.67,3858.04,-7.27596e-12,-8.43915e-14
B4,FISH,2030,7892.71,946.065,8838.77,8838.77,4006.22,0,0
B4,FISH,2031,7981.22,1077.95,9059.16,9059.16,4156.93,3.63798e-12,4.0158e-14
B4,FISH,2032,8069.98,1216.84,9286.82,9286.82,4313.84,0,0
B4,FISH,2033,8159,1362.86,9521.86,9521.86,4477.15,-3.63798e-12,-3.82066e-14
B4,FISH,2034,8248.33,1516.41,9764.74,9764.74,4647.23,3.63798e-12,3.72563e-14
B4,FISH,2035,8333.86,1684.64,10018.5,10018.5,4827.44,-3.63798e-12,-3.63126e-14
B4,FISH,2036,8405.51,1878.48,10284,10284,5008.2,3.63798e-12,3.53752e-14
B4,FISH,2037,8461.78,2091.86,10553.6,10553.6,5194.83,1.81899e-12,1.72357e-14
B4,FISH,2038,8505.54,2322.09,10827.6,10827.6,5387.11,0,0
B4,FISH,2039,8539.17,2567.37,11106.5,11106.5,5585.26,3.63798e-12,3.27553e-14
B4,FISH,2040,8564.61,2825.69,11390.3,11390.3,5788.96,-3.63798e-12,-3.19393e-14
B4,FISH,2041,8583.44,3092.83,11676.3,11676.3,5995.34,-3.63798e-12,-3.1157e-14
B4,FISH,2042,8596.97,3370.82,11967.8,11967.8,6207.59,3.63798e-12,3.03981e-14
B4,FISH,2043,8606.22,3658.5,12264.7,12264.7,6425.43,3.63798e-12,2.96621e-14
B4,FISH,2044,8612.05,3955.2,12567.2,12567.2,6648.94,0,0
B4,FISH,2045,8615.13,4260.17,12875.3,12875.3,6877.98,1.81899e-12,1.41277e-14
B4,FISH,2046,8616.01,4571.55,13187.6,13187.6,7111.21,3.63798e-12,2.75864e-14
B4,FISH,2047,8615.13,4889.75,13504.9,13504.9,7349.44,-3.63798e-12,-2.69383e-14
B4,FISH,2048,8612.83,5214.49,13827.3,13827.3,7592.73,-5.45697e-12,-3.94651e-14
B4,FISH,2049,8609.42,5544.99,14154.4,14154.4,7840.58,-1.81899e-12,-1.2851e-14
B4,FISH,2050,8605.1,5880.9,14486,14486,8092.86,3.63798e-12,2.51138e-14
B5,RICE,2023,20660.3,100.6,20760.9,20760.9,15799.6,3.63798e-12,1.75232e-14
B5,RICE,2024,20753.5,78.57,20832.1,20832.1,15650,0,0
B5,RICE,2025,20794.1,0,20794.1,20711.2,15227.4,82.9564,0.400539
B5,RICE,2026,20834.1,0,20834.1,20604.9,14834.5,229.155,1.11214
B5,RICE,2027,20873.2,0,20873.2,20476.2,14453.4,397.065,1.93916
B5,RICE,2028,20911.5,0,20911.5,20337.9,14080.4,573.571,2.8202
B5,RICE,2029,20948.9,0,20948.9,20210,13714.6,738.86,3.65591
B5,RICE,2030,20985.2,0,20985.2,20081.9,13344.7,903.295,4.49805
B5,RICE,2031,21004.7,0,21004.7,19924.1,12994.5,1080.55,5.4233
B5,RICE,2032,21022.9,0,21022.9,19737.6,12650.2,1285.32,6.51204
B5,RICE,2033,21039.7,0,21039.7,19560.7,12312.6,1478.98,7.56099
B5,RICE,2034,21054.9,0,21054.9,19393.2,11981.5,1661.75,8.56872
B5,RICE,2035,21068.5,0,21068.5,19228.3,11650.4,1840.12,9.56981
B5,RICE,2036,21079.7,0,21079.7,19072.2,11335.8,2007.54,10.526
B5,RICE,2037,21089,0,21089,18922.8,11027.3,2166.14,11.4472
B5,RICE,2038,21096.5,0,21096.5,18781.1,10725.7,2315.31,12.3278
B5,RICE,2039,21102.4,0,21102.4,18647.4,10431.3,2455,13.1654
B5,RICE,2040,21107,0,21107,18520.7,10143.1,2586.28,13.9643
B5,RICE,2041,21110.3,0,21110.3,18407.5,9867.47,2702.83,14.6833
B5,RICE,2042,21112.5,0,21112.5,18300.2,9596.96,2812.29,15.3675
B5,RICE,2043,21113.7,0,21113.7,18199.7,9332.18,2914.07,16.0117
B5,RICE,2044,21114.1,0,21114.1,18105.8,9073.15,3008.22,16.6146
B5,RICE,2045,21113.5,0,21113.5,18018.4,8819.52,3095.16,17.1778
B5,RICE,2046,21112.2,0,21112.2,17938.1,8572.07,3174.15,17.695
B5,RICE,2047,21110.2,0,21110.2,17863.1,8328.9,3247.18,18.1782
B5,RICE,2048,21107.6,0,21107.6,17793.7,8090.36,3313.9,18.624
B5,RICE,2049,21104.3,0,21104.3,17729.4,7855.87,3374.96,19.036
B5,RICE,2050,21100.5,0,21100.5,17670,7625.32,3430.49,19.4142
B5,WHEA,2023,13659,1189.4,14848.4,14848.4,9162.85,-1.81899e-12,-1.22504e-14
B5,WHEA,2024,14009.9,1106.26,15116.2,15116.2,9100,3.63798e-12,2.40668e-14
B5,WHEA,2025,14115.7,874.112,14989.8,14989.8,8854.14,0,0
B5,WHEA,2026,14217.3,665.971,14883.3,14883.3,8625.36,7.27596e-12,4.88868e-14
B5,WHEA,2027,14314.7,469.514,14784.3,14784.3,8403.26,1.81899e-12,1.23036e-14
B5,WHEA,2028,14407.9,282.9,14690.8,14690.8,8185.69,3.63798e-12,2.47636e-14
B5,WHEA,2029,14496.8,106.474,14603.3,14603.3,7972.1,-1.81899e-12,-1.2456e-14
B5,WHEA,2030,14581.4,0,14581.4,14514.3,7755.92,67.0726,0.462115
B5,WHEA,2031,14595.7,0,14595.7,14362.7,7551.05,233.006,1.6223
B5,WHEA,2032,14605,0,14605,14212,7349.35,393.041,2.76556
B5,WHEA,2033,14608.9,0,14608.9,14064,7151.37,544.871,3.87421
B5,WHEA,2034,14607.3,0,14607.3,13918.8,6956.93,688.518,4.94669
B5,WHEA,2035,14599.8,0,14599.8,13772.2,6762.32,827.566,6.00895
B5,WHEA,2036,14588.4,0,14588.4,13621,6577.38,967.414,7.10238
B5,WHEA,2037,14573.5,0,14573.5,13472.2,6396.14,1101.32,8.1748
B5,WHEA,2038,14555.4,0,14555.4,13326.3,6219.04,1229.12,9.2233
B5,WHEA,2039,14534.5,0,14534.5,13183.5,6046.2,1350.98,10.2475
B5,WHEA,2040,14511,0,14511,13043.4,5877.07,1467.65,11.2521
B5,WHEA,2041,14485.3,0,14485.3,12909.6,5715.38,1575.68,12.2054
B5,WHEA,2042,14457.6,0,14457.6,12777.9,5556.74,1679.64,13.1449
B5,WHEA,2043,14428,0,14428,12648.6,5401.53,1779.36,14.0676
B5,WHEA,2044,14396.8,0,14396.8,12521.9,5249.76,1874.98,14.9737
B5,WHEA,2045,14364.2,0,14364.2,12397.3,5101.21,1966.98,15.8662
B5,WHEA,2046,14330.4,0,14330.4,12275.4,4956.34,2054.95,16.7403
B5,WHEA,2047,14295.4,0,14295.4,12155.2,4814.05,2140.14,17.6068
B5,WHEA,2048,14259.4,0,14259.4,12036.9,4674.53,2222.49,18.464
B5,WHEA,2049,14222.5,0,14222.5,11920.1,4537.44,2302.44,19.3157
B5,WHEA,2050,14184.8,0,14184.8,11804.6,4402.73,2380.18,20.163
B5,MAIZ,2023,28884,2712.1,31596.1,31596.1,1890,0,0
B5,MAIZ,2024,29492,1363,30855,30855,1890,0,0
B5,MAIZ,2025,29896.1,1134.43,31030.5,31030.5,1874.58,1.09139e-11,3.51716e-14
B5,MAIZ,2026,30301.1,910.858,31212,31212,1861.24,-1.45519e-11,-4.66228e-14
B5,MAIZ,2027,30706.7,1361.83,32068.5,32068.5,1848.26,1.09139e-11,3.40332e-14
B5,MAIZ,2028,31112.1,1262.96,32375,32375,1834.97,0,0
B5,MAIZ,2029,31516.8,1073.06,32589.8,32589.8,1821.34,0,0
B5,MAIZ,2030,31920.1,853.233,32773.4,32773.4,1805.84,-7.27596e-12,-2.22008e-14
B5,MAIZ,2031,31929.1,812.663,32741.7,32741.7,1791.69,0,0
B5,MAIZ,2032,31930.2,787.521,32717.8,32717.8,1777.26,3.63798e-12,1.11193e-14
B5,MAIZ,2033,31922.7,763.136,32685.8,32685.8,1762.57,1.09139e-11,3.33904e-14
B5,MAIZ,2034,31915,732.776,32647.8,32647.8,1747.58,-3.63798e-12,-1.11431e-14
B5,MAIZ,2035,31897,703.154,32600.1,32600.1,1731.38,-1.09139e-11,-3.34782e-14
B5,MAIZ,2036,31872,867.949,32739.9,32739.9,1716.29,-1.45519e-11,-4.4447e-14
B5,MAIZ,2037,31840.8,1031.19,32872,32872,1700.94,-2.18279e-11,-6.64027e-14
B5,MAIZ,2038,31804.1,1193.65,32997.7,32997.7,1685.33,-7.27596e-12,-2.20499e-14
B5,MAIZ,2039,31762.5,1355.75,33118.2,33118.2,1669.51,-2.18279e-11,-6.5909e-14
B5,MAIZ,2040,31716.5,1517.64,33234.1,33234.1,1653.38,0,0
B5,MAIZ,2041,31666.6,1680.12,33346.7,33346.7,1638.1,-7.27596e-12,-2.18191e-14
B5,MAIZ,2042,31613.3,1841.86,33455.1,33455.1,1622.51,0,0
B5,MAIZ,2043,31556.9,2002.7,33559.6,33559.6,1606.64,1.45519e-11,4.33614e-14
B5,MAIZ,2044,31497.8,2162.43,33660.3,33660.3,1590.51,1.45519e-11,4.32317e-14
B5,MAIZ,2045,31436.3,2319.98,33756.3,33756.3,1574.09,7.27596e-12,2.15544e-14
B5,MAIZ,2046,31372.7,2476.04,33848.8,33848.8,1557.57,7.27596e-12,2.14955e-14
B5,MAIZ,2047,31307.2,2629.99,33937.2,33937.2,1540.62,-1.45519e-11,-4.2879e-14
B5,MAIZ,2048,31240,2781.63,34021.6,34021.6,1523.31,-2.18279e-11,-6.41588e-14
B5,MAIZ,2049,31171.4,2930.51,34101.9,34101.9,1505.54,0,0
B5,MAIZ,2050,31101.4,3076.33,34177.7,34177.7,1487.29,0,0
B5,POTA,2023,9150,0,9150,9125,5872,25,0.273973
B5,POTA,2024,9500,0,9500,9445,6081.92,55,0.582319
B5,POTA,2025,9564.68,0,9564.68,9371.73,5975.37,192.955,2.0589
B5,POTA,2026,9625.18,0,9625.18,9315.82,5876.79,309.363,3.32084
B5,POTA,2027,9681.49,0,9681.49,9288.23,5781.02,393.261,4.23397
B5,POTA,2028,9733.56,0,9733.56,9257.14,5685.43,476.419,5.14651
B5,POTA,2029,9781.37,0,9781.37,9237.81,5590.06,543.563,5.88411
B5,POTA,2030,9824.87,0,9824.87,9211.52,5490.22,613.348,6.65848
B5,POTA,2031,9863.92,0,9863.92,9186.1,5395.91,677.816,7.37871
B5,POTA,2032,9898.47,0,9898.47,9159.59,5302.45,738.881,8.06675
B5,POTA,2033,9928.33,0,9928.33,9132.98,5209.52,795.352,8.70857
B5,POTA,2034,9953.35,0,9953.35,9105.37,5117.05,847.981,9.31297
B5,POTA,2035,9973.36,0,9973.36,9077.64,5022.42,895.713,9.86724
B5,POTA,2036,9993.11,0,9993.11,9057.31,4932.25,935.807,10.3321
B5,POTA,2037,10012.1,0,10012.1,9035.37,4842.66,976.687,10.8096
B5,POTA,2038,10030.2,0,10030.2,9011.58,4753.35,1018.64,11.3037
B5,POTA,2039,10047.6,0,10047.6,8986.13,4664.52,1061.51,11.8127
B5,POTA,2040,10064.3,0,10064.3,8958.73,4575.84,1105.6,12.3411
B5,POTA,2041,10080.3,0,10080.3,8932.75,4490.67,1147.58,12.8469
B5,POTA,2042,10095.7,0,10095.7,8905.12,4405.92,1190.54,13.3691
B5,POTA,2043,10110.3,0,10110.3,8875.71,4321.42,1234.63,13.9102
B5,POTA,2044,10124.4,0,10124.4,8844.64,4237.26,1279.75,14.4692
B5,POTA,2045,10137.8,0,10137.8,8811.82,4153.34,1326.01,15.0481
B5,POTA,2046,10150.7,0,10150.7,8777.87,4070.23,1372.81,15.6395
B5,POTA,2047,10163,0,10163,8742.01,3987.13,1420.97,16.2544
B5,POTA,2048,10174.7,0,10174.7,8704.37,3904.12,1470.34,16.8919
B5,POTA,2049,10185.9,0,10185.9,8664.76,3821.01,1521.15,17.5556
B5,POTA,2050,10196.6,0,10196.6,8623.2,3737.79,1573.39,18.246
B5,SOYS,2023,2084.17,9849,11933.2,11933.2,1550,0,0
B5,SOYS,2024,2065,10497,12562,12562,1675,-1.81899e-12,-1.44801e-14
B5,SOYS,2025,2190,10034.1,12224.1,12224.1,1674.33,5.45697e-12,4.46412e-14
B5,SOYS,2026,2322.21,9720.36,12042.6,12042.6,1673.78,-2.36469e-11,-1.96361e-13
B5,SOYS,2027,2462,9436.24,11898.2,11898.2,1673.8,-5.45697e-12,-4.58636e-14
B5,SOYS,2028,2609.75,9169.42,11779.2,11779.2,1673.41,0,0
B5,SOYS,2029,2765.82,8919.13,11685,11685,1672.67,-5.45697e-12,-4.67008e-14
B5,SOYS,2030,2930.63,8674.54,11605.2,11605.2,1670.08,9.09495e-12,7.83698e-14
B5,SOYS,2031,2961.78,8531.61,11493.4,11493.4,1667.47,0,0
B5,SOYS,2032,2992.54,8396.95,11389.5,11389.5,1664.85,1.81899e-12,1.59708e-14
B5,SOYS,2033,3022.79,8272.72,11295.5,11295.5,1661.94,1.81899e-12,1.61037e-14
B5,SOYS,2034,3052.01,8158.16,11210.2,11210.2,1658.71,-5.45697e-12,-4.86787e-14
B5,SOYS,2035,3080.52,8051.07,11131.6,11131.6,1654.3,-5.45697e-12,-4.90223e-14
B5,SOYS,2036,3096.98,8072.59,11169.6,11169.6,1649.66,-7.27596e-12,-6.51409e-14
B5,SOYS,2037,3105.98,8096.23,11202.2,11202.2,1644.77,0,0
B5,SOYS,2038,3110.42,8120.42,11230.8,11230.8,1639.36,-1.81899e-12,-1.61964e-14
B5,SOYS,2039,3112.05,8144.48,11256.5,11256.5,1633.48,-1.81899e-12,-1.61594e-14
B5,SOYS,2040,3111.96,8167.98,11279.9,11279.9,1627.01,0,0
B5,SOYS,2041,3110.79,8190.96,11301.7,11301.7,1620.24,-1.81899e-12,-1.60948e-14
B5,SOYS,2042,3108.92,8213.3,11322.2,11322.2,1613.13,3.63798e-12,3.21313e-14
B5,SOYS,2043,3106.6,8234.83,11341.4,11341.4,1605.47,-1.81899e-12,-1.60384e-14
B5,SOYS,2044,3103.96,8255.63,11359.6,11359.6,1597.29,7.27596e-12,6.40512e-14
B5,SOYS,2045,3101.09,8275.49,11376.6,11376.6,1588.53,0,0
B5,SOYS,2046,3098.05,8294.7,11392.8,11392.8,1579.18,-3.63798e-12,-3.19324e-14
B5,SOYS,2047,3094.87,8313.27,11408.1,11408.1,1569.18,0,0
B5,SOYS,2048,3091.56,8331.25,11422.8,11422.8,1558.53,-1.81899e-12,-1.59242e-14
B5,SOYS,2049,3088.15,8348.59,11436.7,11436.7,1547.13,5.45697e-12,4.77144e-14
B5,SOYS,2050,3084.63,8365.32,11450,11450,1534.97,3.63798e-12,3.17729e-14
B5,RAPS,2023,1631.74,519.81,2151.55,2151.55,0,0,0
B5,RAPS,2024,1674,638.56,2312.56,2312.56,0,0,0
B5,RAPS,2025,1717.63,628.481,2346.11,2346.11,0,-9.09495e-13,-3.8766e-14
B5,RAPS,2026,1762.14,614.208,2376.35,2376.35,0,-1.81899e-12,-7.65457e-14
B5,RAPS,2027,1807.5,586.552,2394.05,2394.05,0,-4.54747e-13,-1.89949e-14
B5,RAPS,2028,1853.7,559.211,2412.91,2412.91,0,-4.54747e-13,-1.88464e-14
B5,RAPS,2029,1900.72,532.654,2433.37,2433.37,0,-9.09495e-13,-3.73759e-14
B5,RAPS,2030,1948.52,506.343,2454.87,2454.87,0,2.72848e-12,1.11146e-13
B5,RAPS,2031,1961.93,501.691,2463.62,2463.62,0,-9.09495e-13,-3.69169e-14
B5,RAPS,2032,1974.95,496.164,2471.12,2471.12,0,9.09495e-13,3.6805e-14
B5,RAPS,2033,1987.52,491.508,2479.03,2479.03,0,0,0
B5,RAPS,2034,1999.29,487.977,2487.27,2487.27,0,4.54747e-13,1.8283e-14
B5,RAPS,2035,2010.48,485.339,2495.82,2495.82,0,-9.09495e-13,-3.64407e-14
B5,RAPS,2036,2021.33,482.675,2504.01,2504.01,0,0,0
B5,RAPS,2037,2031.72,479.673,2511.39,2511.39,0,-4.54747e-13,-1.81074e-14
B5,RAPS,2038,2041.69,476.494,2518.19,2518.19,0,-9.09495e-13,-3.61171e-14
B5,RAPS,2039,2051.31,473.233,2524.54,2524.54,0,-1.36424e-12,-5.40391e-14
B5,RAPS,2040,2060.61,469.995,2530.61,2530.61,0,-1.36424e-12,-5.39097e-14
B5,RAPS,2041,2069.63,466.769,2536.4,2536.4,0,-1.36424e-12,-5.37865e-14
B5,RAPS,2042,2078.39,463.583,2541.98,2541.98,0,1.36424e-12,5.36685e-14
B5,RAPS,2043,2086.92,460.457,2547.38,2547.38,0,-4.54747e-13,-1.78516e-14
B5,RAPS,2044,2095.23,457.407,2552.64,2552.64,0,1.36424e-12,5.34443e-14
B5,RAPS,2045,2103.34,454.329,2557.67,2557.67,0,0,0
B5,RAPS,2046,2111.26,451.359,2562.62,2562.62,0,-4.54747e-13,-1.77454e-14
B5,RAPS,2047,2119.01,448.502,2567.51,2567.51,0,-4.54747e-13,-1.77116e-14
B5,RAPS,2048,2126.58,445.764,2572.34,2572.34,0,-9.09495e-13,-3.53567e-14
B5,RAPS,2049,2133.99,443.146,2577.13,2577.13,0,9.09495e-13,3.5291e-14
B5,RAPS,2050,2141.24,440.653,2581.89,2581.89,0,4.54747e-13,1.7613e-14
B5,GRDS,2023,1860,20,1880,1070,810,810,75.7009
B5,GRDS,2024,1900,5,1905,1905,850,-4.54747e-13,-2.38713e-14
B5,GRDS,2025,1927.66,0,1927.66,1909.67,857.229,17.9884,0.941963
B5,GRDS,2026,1955.42,0,1955.42,1915.2,864.197,40.2203,2.10005
B5,GRDS,2027,1967.56,0,1967.56,1922.09,871.81,45.4698,2.36564
B5,GRDS,2028,1979.41,0,1979.41,1929.27,879.163,50.1438,2.59911
B5,GRDS,2029,1990.96,0,1990.96,1937.07,886.388,53.8916,2.78212
B5,GRDS,2030,2002.16,0,2002.16,1944.36,892.604,57.7993,2.97267
B5,GRDS,2031,2012.96,0,2012.96,1949.16,898.681,63.7944,3.27291
B5,GRDS,2032,2023.32,0,2023.32,1953.99,905.14,69.3325,3.54826
B5,GRDS,2033,2033.18,0,2033.18,1959.05,911.522,74.1361,3.78429
B5,GRDS,2034,2042.2,0,2042.2,1964.32,917.821,77.8762,3.96453
B5,GRDS,2035,2050.6,0,2050.6,1969.33,923.578,81.2684,4.12671
B5,GRDS,2036,2057.18,0,2057.18,1980.45,928.939,76.729,3.87432
B5,GRDS,2037,2062.3,0,2062.3,1991.22,934.263,71.0763,3.56948
B5,GRDS,2038,2066.24,0,2066.24,2001.29,939.097,64.9538,3.2456
B5,GRDS,2039,2069.24,0,2069.24,2010.73,943.46,58.5123,2.91
B5,GRDS,2040,2071.48,0,2071.48,2019.53,947.271,51.9555,2.57265
B5,GRDS,2041,2073.12,0,2073.12,2027.82,950.662,45.2942,2.23364
B5,GRDS,2042,2074.26,0,2074.26,2035.89,953.883,38.3756,1.88496
B5,GRDS,2043,2075.01,0,2075.01,2043.36,956.557,31.6551,1.54917
B5,GRDS,2044,2075.45,0,2075.45,2050.26,958.69,25.1915,1.2287
B5,GRDS,2045,2075.64,0,2075.64,2056.52,960.246,19.1232,0.929882
B5,GRDS,2046,2075.63,0,2075.63,2062.17,961.193,13.4658,0.652991
B5,GRDS,2047,2075.46,0,2075.46,2067.25,961.571,8.21404,0.397342
B5,GRDS,2048,2075.16,0,2075.16,2071.69,961.298,3.47582,0.167777
B5,GRDS,2049,2074.76,0.657621,2075.42,2075.42,960.303,8.18545e-12,3.944e-13
B5,GRDS,2050,2074.28,4.15165,2078.43,2078.43,958.57,7.27596e-12,3.5007e-13
B5,COTT,2023,561.8,191,752.8,752.8,0,0,0
B5,COTT,2024,616.4,261.8,878.2,878.2,0,0,0
B5,COTT,2025,617.205,188.625,805.83,805.83,0,3.41061e-13,4.23241e-14
B5,COTT,2026,617.917,185.206,803.123,803.123,0,2.27374e-13,2.83112e-14
B5,COTT,2027,618.53,181.879,800.409,800.409,0,-2.27374e-13,-2.84072e-14
B5,COTT,2028,619.032,178.648,797.681,797.681,0,1.13687e-13,1.42522e-14
B5,COTT,2029,619.417,175.565,794.982,794.982,0,1.13687e-13,1.43006e-14
B5,COTT,2030,619.673,172.526,792.199,792.199,0,2.27374e-13,2.87016e-14
B5,COTT,2031,619.787,169.631,789.418,789.418,0,0,0
B5,COTT,2032,619.75,166.917,786.667,786.667,0,2.27374e-13,2.89034e-14
B5,COTT,2033,619.544,164.397,783.941,783.941,0,0,0
B5,COTT,2034,615.991,165.928,781.92,781.92,0,5.68434e-13,7.26973e-14
B5,COTT,2035,612.262,167.621,779.882,779.882,0,3.41061e-13,4.37323e-14
B5,COTT,2036,608.524,169.285,777.809,777.809,0,3.41061e-13,4.38489e-14
B5,COTT,2037,604.721,171.577,776.298,776.298,0,1.13687e-13,1.46447e-14
B5,COTT,2038,600.856,174.426,775.282,775.282,0,0,0
B5,COTT,2039,596.933,177.772,774.704,774.704,0,2.27374e-13,2.93497e-14
B5,COTT,2040,592.955,181.553,774.508,774.508,0,2.27374e-13,2.93572e-14
B5,COTT,2041,588.928,185.72,774.648,774.648,0,1.13687e-13,1.46759e-14
B5,COTT,2042,584.853,190.228,775.082,775.082,0,-2.27374e-13,-2.93355e-14
B5,COTT,2043,580.736,195.037,775.773,775.773,0,-1.13687e-13,-1.46547e-14
B5,COTT,2044,576.578,200.111,776.689,776.689,0,-2.27374e-13,-2.92747e-14
B5,COTT,2045,572.383,205.416,777.8,777.8,0,-1.13687e-13,-1.46165e-14
B5,COTT,2046,568.155,210.918,779.073,779.073,0,-1.13687e-13,-1.45926e-14
B5,COTT,2047,563.897,216.586,780.483,780.483,0,1.13687e-13,1.45662e-14
B5,COTT,2048,559.61,222.4,782.011,782.011,0,0,0
B5,COTT,2049,555.298,228.332,783.631,783.631,0,1.13687e-13,1.45077e-14
B5,COTT,2050,550.964,234.361,785.325,785.325,0,1.13687e-13,1.44764e-14
B5,SUGC,2023,789,0,789,789,0,0,0
B5,SUGC,2024,882,0,882,882,0,0,0
B5,SUGC,2025,1050.8,0,1050.8,895.23,0,155.567,17.3774
B5,SUGC,2026,1241.72,0,1241.72,908.658,0,333.059,36.6539
B5,SUGC,2027,1455.87,0,1455.87,922.288,0,533.584,57.8544
B5,SUGC,2028,1694.16,0,1694.16,936.123,0,758.041,80.9766
B5,SUGC,2029,1957.28,0,1957.28,950.164,0,1007.11,105.993
B5,SUGC,2030,2245.63,0,2245.63,964.417,0,1281.22,132.849
B5,SUGC,2031,2559.37,0,2559.37,978.883,0,1580.49,161.458
B5,SUGC,2032,2898.37,0,2898.37,993.566,0,1904.8,191.713
B5,SUGC,2033,3262.15,0,3262.15,1008.47,0,2253.68,223.475
B5,SUGC,2034,3649.96,0,3649.96,1023.6,0,2626.36,256.582
B5,SUGC,2035,4060.74,0,4060.74,1038.95,0,3021.79,290.85
B5,SUGC,2036,4425.45,0,4425.45,1054.54,0,3370.92,319.659
B5,SUGC,2037,4742.47,0,4742.47,1070.35,0,3672.11,343.075
B5,SUGC,2038,5013.21,0,5013.21,1086.41,0,3926.8,361.448
B5,SUGC,2039,5241.07,0,5241.07,1102.7,0,4138.36,375.292
B5,SUGC,2040,5430.5,0,5430.5,1119.25,0,4311.25,385.193
B5,SUGC,2041,5586.33,0,5586.33,1136.03,0,4450.3,391.74
B5,SUGC,2042,5713.35,0,5713.35,1153.07,0,4560.28,395.489
B5,SUGC,2043,5816.03,0,5816.03,1170.37,0,4645.66,396.939
B5,SUGC,2044,5898.38,0,5898.38,1187.93,0,4710.46,396.528
B5,SUGC,2045,5963.91,0,5963.91,1205.75,0,4758.16,394.624
B5,SUGC,2046,6015.6,0,6015.6,1223.83,0,4791.77,391.539
B5,SUGC,2047,6056,0,6056,1242.19,0,4813.81,387.527
B5,SUGC,2048,6087.22,0,6087.22,1260.82,0,4826.4,382.798
B5,SUGC,2049,6110.99,0,6110.99,1279.73,0,4831.25,377.52
B5,SUGC,2050,6128.74,0,6128.74,1298.93,0,4829.81,371.83
B5,SUGB,2023,108,0,108,108,0,0,0
B5,SUGB,2024,114,0,114,114,0,0,0
B5,SUGB,2025,114.232,0,114.232,114,0,0.232277,0.203752
B5,SUGB,2026,114.448,0,114.448,114,0,0.447737,0.392752
B5,SUGB,2027,114.645,0,114.645,114,0,0.645003,0.565792
B5,SUGB,2028,114.822,0,114.822,114,0,0.821923,0.720985
B5,SUGB,2029,114.977,0,114.977,114,0,0.977227,0.857217
B5,SUGB,2030,115.109,0,115.109,114,0,1.10884,0.972668
B5,SUGB,2031,115.214,0,115.214,114,0,1.21417,1.06506
B5,SUGB,2032,115.291,0,115.291,114,0,1.29149,1.13288
B5,SUGB,2033,115.337,0,115.337,114,0,1.33743,1.17319
B5,SUGB,2034,115.432,0,115.432,114,0,1.43248,1.25656
B5,SUGB,2035,115.49,0,115.49,114,0,1.49044,1.30741
B5,SUGB,2036,115.548,0,115.548,114,0,1.54844,1.35828
B5,SUGB,2037,115.606,0,115.606,114,0,1.60647,1.40918
B5,SUGB,2038,115.665,0,115.665,114,0,1.66453,1.46011
B5,SUGB,2039,115.723,0,115.723,114,0,1.72261,1.51106
B5,SUGB,2040,115.781,0,115.781,114,0,1.78073,1.56204
B5,SUGB,2041,115.839,0,115.839,114,0,1.83887,1.61304
B5,SUGB,2042,115.897,0,115.897,114,0,1.89704,1.66407
B5,SUGB,2043,115.955,0,115.955,114,0,1.95524,1.71513
B5,SUGB,2044,116.013,0,116.013,114,0,2.01347,1.76621
B5,SUGB,2045,116.072,0,116.072,114,0,2.07174,1.81731
B5,SUGB,2046,116.13,0,116.13,114,0,2.13002,1.86844
B5,SUGB,2047,116.188,0,116.188,114,0,2.18834,1.9196
B5,SUGB,2048,116.247,0,116.247,114,0,2.24669,1.97078
B5,SUGB,2049,116.305,0,116.305,114,0,2.30507,2.02199
B5,SUGB,2050,116.363,0,116.363,114,0,2.36348,2.07323
B5,FRTO,2023,32744.3,365.6,33109.9,33109.9,15628.1,0,0
B5,FRTO,2024,34500,109.86,34609.9,34609.9,16380,0,0
B5,FRTO,2025,34682.7,0,34682.7,34563.9,16324.4,118.734,0.343519
B5,FRTO,2026,34862.3,0,34862.3,34505.3,16256.8,356.977,1.03456
B5,FRTO,2027,35038.7,0,35038.7,34449.2,16192,589.487,1.71118
B5,FRTO,2028,35211.1,0,35211.1,34388.5,16123.5,822.617,2.39213
B5,FRTO,2029,35379.4,0,35379.4,34323.3,16051,1056.08,3.07686
B5,FRTO,2030,35543,0,35543,34239.3,15960.8,1303.62,3.80737
B5,FRTO,2031,35701.1,0,35701.1,34144.2,15860.3,1556.94,4.55991
B5,FRTO,2032,35853.4,0,35853.4,34045.6,15757,1807.81,5.30996
B5,FRTO,2033,35999,0,35999,33943,15650.5,2056.01,6.05726
B5,FRTO,2034,36163.2,0,36163.2,33842.4,15540.4,2320.78,6.85761
B5,FRTO,2035,36319.4,0,36319.4,33729,15418.7,2590.39,7.68
B5,FRTO,2036,36458.1,0,36458.1,33646.5,15287.6,2811.63,8.35638
B5,FRTO,2037,36582.7,0,36582.7,33558,15154.4,3024.71,9.01338
B5,FRTO,2038,36696,0,36696,33463.8,15018.4,3232.21,9.6588
B5,FRTO,2039,36800.3,0,36800.3,33365,14880.3,3435.27,10.296
B5,FRTO,2040,36897.3,0,36897.3,33260.9,14738.9,3636.36,10.9328
B5,FRTO,2041,36988.5,0,36988.5,33147.7,14590.1,3840.76,11.5868
B5,FRTO,2042,37075,0,37075,33030.8,14439,4044.27,12.244
B5,FRTO,2043,37157.9,0,37157.9,32910.1,14285.4,4247.84,12.9074
B5,FRTO,2044,37237.8,0,37237.8,32786,14129.4,4451.78,13.5783
B5,FRTO,2045,37315.4,0,37315.4,32658.5,13970.7,4656.91,14.2594
B5,FRTO,2046,37391.2,0,37391.2,32525.6,13807.4,4865.6,14.9593
B5,FRTO,2047,37465.5,0,37465.5,32388.4,13640.5,5077.08,15.6756
B5,FRTO,2048,37538.6,0,37538.6,32247.5,13470.5,5291.17,16.408
B5,FRTO,2049,37610.9,0,37610.9,32102,13296.6,5508.92,17.1607
B5,FRTO,2050,37682.5,0,37682.5,31951.9,13118.6,5730.54,17.9349
B5,VEGT,2023,82868.1,0,82868.1,81577.7,19187.1,1290.41,1.58182
B5,VEGT,2024,83696.8,0,83696.8,82264,20415.5,1432.82,1.74174
B5,VEGT,2025,84308.9,0,84308.9,82655.8,20436.9,1653.07,1.99994
B5,VEGT,2026,84861.6,0,84861.6,83034.4,20455.5,1827.2,2.20053
B5,VEGT,2027,85356.2,0,85356.2,83404.4,20478.1,1951.87,2.34025
B5,VEGT,2028,85792.8,0,85792.8,83754,20496.5,2038.78,2.43424
B5,VEGT,2029,86172.1,0,86172.1,84083,20510.3,2089.1,2.48457
B5,VEGT,2030,86493.9,0,86493.9,84366.8,20502.1,2127.14,2.5213
B5,VEGT,2031,86757.1,0,86757.1,84623.5,20489.8,2133.6,2.52128
B5,VEGT,2032,86961.4,0,86961.4,84854.1,20474.2,2107.24,2.48337
B5,VEGT,2033,87104.2,0,87104.2,85055.1,20454.9,2049.03,2.40907
B5,VEGT,2034,87184,0,87184,85224.6,20431.4,1959.34,2.29903
B5,VEGT,2035,87198.2,0,87198.2,85348.9,20393,1849.31,2.16676
B5,VEGT,2036,87130.6,0,87130.6,85435.3,20347.8,1695.3,1.98431
B5,VEGT,2037,86997.5,0,86997.5,85481.4,20298.3,1516.13,1.77363
B5,VEGT,2038,86812.4,0,86812.4,85493.3,20243.6,1319.15,1.54298
B5,VEGT,2039,86586,0,86586,85476.9,20184.5,1109.11,1.29755
B5,VEGT,2040,86326.9,0,86326.9,85434.8,20119.4,892.052,1.04413
B5,VEGT,2041,86042,0,86042,85371,20048.8,670.972,0.785948
B5,VEGT,2042,85736.9,0,85736.9,85288.5,19973.1,448.386,0.525728
B5,VEGT,2043,85416.1,0,85416.1,85189.1,19891.9,226.958,0.266417
B5,VEGT,2044,85083,0,85083,85074.7,19805.5,8.23225,0.00967649
B5,VEGT,2045,84740.5,205.655,84946.1,84946.1,19713.2,-8.73115e-11,-1.02785e-13
B5,VEGT,2046,84390.8,412.109,84802.9,84802.9,19613.9,-4.36557e-11,-5.14791e-14
B5,VEGT,2047,84035.8,609.797,84645.6,84645.6,19507.3,2.91038e-11,3.43832e-14
B5,VEGT,2048,83676.8,798.418,84475.3,84475.3,19393.8,-2.91038e-11,-3.44525e-14
B5,VEGT,2049,83315.1,975.876,84291,84291,19272.1,1.45519e-11,1.72639e-14
B5,VEGT,2050,82951.5,1141.36,84092.9,84092.9,19142,1.45519e-11,1.73046e-14
B5,OTGR,2023,3739.7,384.9,4124.6,4124.6,217.92,6.36646e-12,1.54353e-13
B5,OTGR,2024,3815.6,192.67,4008.27,4008.27,164.532,1.36424e-12,3.40357e-14
B5,OTGR,2025,3816.35,200.483,4016.83,4016.83,163.431,1.36424e-12,3.39631e-14
B5,OTGR,2026,3817.1,210.816,4027.91,4027.91,162.494,-5.91172e-12,-1.46769e-13
B5,OTGR,2027,3817.85,222.57,4040.42,4040.42,161.596,0,0
B5,OTGR,2028,3818.6,235.305,4053.9,4053.9,160.663,-4.54747e-13,-1.12175e-14
B5,OTGR,2029,3819.35,249.579,4068.93,4068.93,159.696,-3.18323e-12,-7.82327e-14
B5,OTGR,2030,3820.1,264.483,4084.58,4084.58,158.56,0,0
B5,OTGR,2031,3820.85,273.587,4094.43,4094.43,157.531,0,0
B5,OTGR,2032,3821.6,281.47,4103.07,4103.07,156.485,-2.72848e-12,-6.64986e-14
B5,OTGR,2033,3822.35,289.921,4112.27,4112.27,155.412,-9.09495e-13,-2.21166e-14
B5,OTGR,2034,3825.85,296.231,4122.08,4122.08,154.311,0,0
B5,OTGR,2035,3829.36,302.909,4132.27,4132.27,153.1,-1.81899e-12,-4.40192e-14
B5,OTGR,2036,3832.86,309.25,4142.11,4142.11,151.973,-1.81899e-12,-4.39145e-14
B5,OTGR,2037,3836.38,314.701,4151.08,4151.08,150.823,-9.09495e-13,-2.19098e-14
B5,OTGR,2038,3839.89,319.476,4159.37,4159.37,149.641,-1.81899e-12,-4.37324e-14
B5,OTGR,2039,3843.41,323.727,4167.14,4167.14,148.431,0,0
B5,OTGR,2040,3846.93,327.577,4174.51,4174.51,147.182,2.72848e-12,6.53606e-14
B5,OTGR,2041,3850.46,331.147,4181.6,4181.6,145.997,-9.09495e-13,-2.17499e-14
B5,OTGR,2042,3853.98,334.391,4188.37,4188.37,144.784,9.09495e-13,2.17147e-14
B5,OTGR,2043,3857.51,337.344,4194.86,4194.86,143.536,1.81899e-12,4.33624e-14
B5,OTGR,2044,3861.05,340.041,4201.09,4201.09,142.256,0,0
B5,OTGR,2045,3864.59,342.375,4206.96,4206.96,140.941,1.81899e-12,4.32376e-14
B5,OTGR,2046,3868.13,344.507,4212.63,4212.63,139.607,9.09495e-13,2.15897e-14
B5,OTGR,2047,3871.67,346.422,4218.09,4218.09,138.229,9.09495e-13,2.15618e-14
B5,OTGR,2048,3875.22,348.137,4223.35,4223.35,136.809,-6.36646e-12,-1.50744e-13
B5,OTGR,2049,3878.77,349.642,4228.41,4228.41,135.338,-9.09495e-13,-2.15091e-14
B5,OTGR,2050,3882.32,350.941,4233.26,4233.26,133.817,-9.09495e-13,-2.14845e-14
B5,SORG,2023,318,485.8,803.8,803.8,67,-1.13687e-13,-1.41437e-14
B5,SORG,2024,314,865.5,1179.5,1179.5,65,0,0
B5,SORG,2025,314.35,864.814,1179.16,1179.16,64.5573,-2.27374e-13,-1.92826e-14
B5,SORG,2026,314.624,864.857,1179.48,1179.48,64.1852,-1.13687e-12,-9.63872e-14
B5,SORG,2027,314.821,865.323,1180.14,1180.14,63.8356,2.27374e-13,1.92666e-14
B5,SORG,2028,314.94,866.091,1181.03,1181.03,63.4803,0,0
B5,SORG,2029,314.977,867.304,1182.28,1182.28,63.1198,2.27374e-13,1.92318e-14
B5,SORG,2030,314.931,868.718,1183.65,1183.65,62.7009,2.27374e-13,1.92096e-14
B5,SORG,2031,314.795,868.683,1183.48,1183.48,62.3333,-9.09495e-13,-7.68493e-14
B5,SORG,2032,314.568,868.381,1182.95,1182.95,61.9688,-4.54747e-13,-3.84418e-14
B5,SORG,2033,314.242,868.281,1182.52,1182.52,61.6048,2.27374e-13,1.92278e-14
B5,SORG,2034,313.812,868.385,1182.2,1182.2,61.241,-2.27374e-13,-1.92331e-14
B5,SORG,2035,313.271,868.637,1181.91,1181.91,60.8462,0,0
B5,SORG,2036,312.633,869.092,1181.73,1181.73,60.4833,0,0
B5,SORG,2037,311.996,869.522,1181.52,1181.52,60.1099,0,0
B5,SORG,2038,311.36,869.96,1181.32,1181.32,59.7222,-2.27374e-13,-1.92474e-14
B5,SORG,2039,310.725,870.424,1181.15,1181.15,59.3223,-4.54747e-13,-3.85004e-14
B5,SORG,2040,310.092,870.931,1181.02,1181.02,58.906,-2.27374e-13,-1.92523e-14
B5,SORG,2041,309.46,871.51,1180.97,1180.97,58.5131,-4.54747e-13,-3.85063e-14
B5,SORG,2042,308.83,872.123,1180.95,1180.95,58.1077,2.27374e-13,1.92534e-14
B5,SORG,2043,308.2,872.767,1180.97,1180.97,57.6873,-4.54747e-13,-3.85063e-14
B5,SORG,2044,307.572,873.44,1181.01,1181.01,57.2527,-6.82121e-13,-5.77573e-14
B5,SORG,2045,306.945,874.106,1181.05,1181.05,56.8025,-2.27374e-13,-1.92518e-14
B5,SORG,2046,306.32,874.799,1181.12,1181.12,56.3433,-4.54747e-13,-3.85014e-14
B5,SORG,2047,305.696,875.507,1181.2,1181.2,55.8647,-2.27374e-13,-1.92493e-14
B5,SORG,2048,305.073,876.226,1181.3,1181.3,55.3678,2.27374e-13,1.92478e-14
B5,SORG,2049,304.451,876.949,1181.4,1181.4,54.849,2.27374e-13,1.92461e-14
B5,SORG,2050,303.83,877.669,1181.5,1181.5,54.3081,2.27374e-13,1.92445e-14
B5,BARL,2023,200,1589.8,1789.8,1640,90.2,149.8,9.13415
B5,BARL,2024,200,1424,1624,1624,89.32,0,0
B5,BARL,2025,200.234,1417.42,1617.66,1617.66,88.6781,2.27374e-13,1.40557e-14
B5,BARL,2026,200.421,1411.33,1611.75,1611.75,88.1364,-6.82121e-13,-4.23217e-14
B5,BARL,2027,200.558,1405.53,1606.09,1606.09,87.6163,9.09495e-13,5.66278e-14
B5,BARL,2028,200.645,1399.93,1600.57,1600.57,87.0783,2.27374e-13,1.42058e-14
B5,BARL,2029,200.681,1394.66,1595.34,1595.34,86.5227,-6.82121e-13,-4.27572e-14
B5,BARL,2030,200.663,1389.39,1590.05,1590.05,85.8757,-4.54747e-13,-2.85995e-14
B5,BARL,2031,200.589,1383.31,1583.9,1583.9,85.2961,2.27374e-13,1.43553e-14
B5,BARL,2032,200.456,1377.15,1577.6,1577.6,84.7081,2.27374e-13,1.44126e-14
B5,BARL,2033,200.26,1371.17,1571.43,1571.43,84.1068,-2.27374e-13,-1.44692e-14
B5,BARL,2034,200.055,1365.35,1565.41,1565.41,83.4909,0,0
B5,BARL,2035,199.779,1359.64,1559.41,1559.41,82.8169,-9.09495e-13,-5.83228e-14
B5,BARL,2036,199.441,1354.89,1554.33,1554.33,82.1961,9.09495e-13,5.85135e-14
B5,BARL,2037,199.103,1350.82,1549.92,1549.92,81.5626,2.27374e-13,1.467e-14
B5,BARL,2038,198.766,1347.36,1546.12,1546.12,80.9113,-2.27374e-13,-1.47061e-14
B5,BARL,2039,198.43,1344.44,1542.87,1542.87,80.245,0,0
B5,BARL,2040,198.094,1342,1540.09,1540.09,79.5582,0,0
B5,BARL,2041,197.759,1340.03,1537.79,1537.79,78.9114,-2.27374e-13,-1.47857e-14
B5,BARL,2042,197.424,1338.44,1535.86,1535.86,78.2493,0,0
B5,BARL,2043,197.09,1337.16,1534.25,1534.25,77.5686,-4.54747e-13,-2.96398e-14
B5,BARL,2044,196.756,1336.16,1532.91,1532.91,76.8705,-6.82121e-13,-4.44984e-14
B5,BARL,2045,196.423,1335.37,1531.79,1531.79,76.1532,2.27374e-13,1.48436e-14
B5,BARL,2046,196.091,1334.79,1530.88,1530.88,75.4275,-4.54747e-13,-2.9705e-14
B5,BARL,2047,195.759,1334.36,1530.12,1530.12,74.6776,0,0
B5,BARL,2048,195.428,1334.06,1529.49,1529.49,73.905,0,0
B5,BARL,2049,195.097,1333.85,1528.95,1528.95,73.1054,-4.54747e-13,-2.97425e-14
B5,BARL,2050,194.767,1333.71,1528.48,1528.48,72.2781,0,0
B5,PIGM,2023,5794,152.32,5946.32,5946.32,4546.55,9.09495e-13,1.52951e-14
B5,PIGM,2024,5706,104.23,5810.23,5810.23,4444.17,0,0
B5,PIGM,2025,5731.07,0,5731.07,5632.11,4254.57,98.96,1.75707
B5,PIGM,2026,5701.77,0,5701.77,5458.36,4072.23,243.415,4.4595
B5,PIGM,2027,5675.42,0,5675.42,5287.28,3899.11,388.139,7.341
B5,PIGM,2028,5651.73,0,5651.73,5122.15,3731.93,529.584,10.3391
B5,PIGM,2029,5630.44,0,5630.44,4963.2,3570.81,667.237,13.4437
B5,PIGM,2030,5611.32,0,5611.32,4806.86,3412.45,804.462,16.7357
B5,PIGM,2031,5601.57,0,5601.57,4657.24,3260.46,944.326,20.2765
B5,PIGM,2032,5586.72,0,5586.72,4514.14,3115.25,1072.58,23.7604
B5,PIGM,2033,5573.62,0,5573.62,4376.72,2975.68,1196.89,27.3468
B5,PIGM,2034,5562.14,0,5562.14,4244.76,2841.53,1317.38,31.0355
B5,PIGM,2035,5552.18,0,5552.18,4116.61,2711.2,1435.57,34.8727
B5,PIGM,2036,5543.15,0,5543.15,4000.07,2586.12,1543.08,38.5764
B5,PIGM,2037,5535.76,0,5535.76,3888.83,2466.41,1646.93,42.3501
B5,PIGM,2038,5529.69,0,5529.69,3782.07,2351.27,1747.62,46.2081
B5,PIGM,2039,5524.66,0,5524.66,3679.69,2240.62,1844.97,50.1392
B5,PIGM,2040,5520.47,0,5520.47,3581.39,2134.19,1939.07,54.143
B5,PIGM,2041,5516.94,0,5516.94,3487.42,2032.22,2029.52,58.1956
B5,PIGM,2042,5513.95,0,5513.95,3397.7,1934.66,2116.25,62.2847
B5,PIGM,2043,5511.38,0,5511.38,3311.68,1840.96,2199.7,66.4226
B5,PIGM,2044,5509.14,0,5509.14,3229.25,1751.04,2279.89,70.6012
B5,PIGM,2045,5507.18,0,5507.18,3150.26,1664.73,2356.92,74.8168
B5,PIGM,2046,5505.43,0,5505.43,3074.54,1581.89,2430.89,79.0653
B5,PIGM,2047,5503.85,0,5503.85,3001.97,1502.42,2501.88,83.3413
B5,PIGM,2048,5502.41,0,5502.41,2932.41,1426.17,2570,87.641
B5,PIGM,2049,5501.08,0,5501.08,2865.67,1352.96,2635.41,91.9649
B5,PIGM,2050,5499.83,0,5499.83,2801.63,1282.69,2698.2,96.308
B5,CATM,2023,753,273.73,1026.73,1026.73,925.67,0,0
B5,CATM,2024,779,287.41,1066.41,1066.41,954.39,0,0
B5,CATM,2025,747.119,277.647,1024.77,1024.77,917.33,0,0
B5,CATM,2026,752.254,236.341,988.595,988.595,880.421,3.41061e-13,3.44995e-14
B5,CATM,2027,757.094,197.351,954.445,954.445,845.575,-3.41061e-13,-3.57339e-14
B5,CATM,2028,761.998,159.341,921.338,921.338,811.763,-3.41061e-13,-3.70179e-14
B5,CATM,2029,770.967,119.007,889.974,889.974,779.109,4.54747e-13,5.10967e-14
B5,CATM,2030,780.079,78.9371,859.016,859.016,746.841,-1.13687e-13,-1.32345e-14
B5,CATM,2031,789.342,39.4134,828.755,828.755,715.248,-2.27374e-13,-2.74356e-14
B5,CATM,2032,798.761,1.36979,800.131,800.131,685.269,1.13687e-13,1.42085e-14
B5,CATM,2033,808.344,0,808.344,772.697,656.457,35.6473,4.61337
B5,CATM,2034,818.099,0,818.099,746.414,628.772,71.6853,9.60395
B5,CATM,2035,828.035,0,828.035,720.95,601.878,107.086,14.8534
B5,CATM,2036,837.401,0,837.401,695.917,575.498,141.485,20.3307
B5,CATM,2037,846.873,0,846.873,671.999,550.219,174.873,26.0228
B5,CATM,2038,856.451,0,856.451,648.89,525.732,207.561,31.9871
B5,CATM,2039,866.137,0,866.137,626.595,502.045,239.541,38.2291
B5,CATM,2040,875.932,0,875.932,605.071,479.112,270.861,44.7652
B5,CATM,2041,885.837,0,885.837,584.178,456.795,301.659,51.6382
B5,CATM,2042,895.854,0,895.854,564.247,435.423,331.607,58.7699
B5,CATM,2043,905.984,0,905.984,545.074,414.794,360.91,66.213
B5,CATM,2044,916.228,0,916.228,526.654,394.901,389.573,73.9714
B5,CATM,2045,926.587,0,926.587,508.963,375.72,417.624,82.0538
B5,CATM,2046,937.063,0,937.063,491.942,357.192,445.121,90.4825
B5,CATM,2047,947.656,0,947.656,475.639,339.366,472.018,99.2387
B5,CATM,2048,958.369,0,958.369,460.013,322.2,498.356,108.335
B5,CATM,2049,969.203,0,969.203,445.034,305.662,524.169,117.782
B5,CATM,2050,980.159,0,980.159,430.687,289.741,549.472,127.58
B5,SHGM,2023,531,43.24,574.24,574.24,501.279,0,0
B5,SHGM,2024,518,36.53,554.53,554.53,495.466,0,0
B5,SHGM,2025,520.85,14.6567,535.507,535.507,476.118,-1.13687e-13,-2.12298e-14
B5,SHGM,2026,523.723,0,523.723,516.78,457.063,6.94287,1.34349
B5,SHGM,2027,526.619,0,526.619,499.127,439.08,27.4913,5.50788
B5,SHGM,2028,529.538,0,529.538,482.04,421.66,47.4983,9.85361
B5,SHGM,2029,532.248,0,532.248,465.544,404.855,66.7039,14.3282
B5,SHGM,2030,534.766,0,534.766,449.236,388.26,85.5306,19.0391
B5,SHGM,2031,537.111,0,537.111,433.338,372.094,103.773,23.9475
B5,SHGM,2032,539.298,0,539.298,418.239,356.747,121.058,28.9447
B5,SHGM,2033,541.342,0,541.342,403.717,341.992,137.624,34.0893
B5,SHGM,2034,543.257,0,543.257,389.752,327.808,153.505,39.3853
B5,SHGM,2035,545.057,0,545.057,376.169,314.02,168.888,44.8968
B5,SHGM,2036,547.063,0,547.063,362.92,300.542,184.143,50.7394
B5,SHGM,2037,548.95,0,548.95,350.221,287.628,198.73,56.7441
B5,SHGM,2038,550.731,0,550.731,337.918,275.122,212.813,62.9777
B5,SHGM,2039,552.416,0,552.416,326.015,263.027,226.4,69.4447
B5,SHGM,2040,554.271,0,554.271,314.518,251.318,239.753,76.2289
B5,SHGM,2041,556.023,0,556.023,303.334,239.934,252.689,83.3038
B5,SHGM,2042,557.682,0,557.682,292.616,229.027,265.066,90.5849
B5,SHGM,2043,559.258,0,559.258,282.262,218.493,276.996,98.1343
B5,SHGM,2044,560.757,0,560.757,272.269,208.329,288.489,105.957
B5,SHGM,2045,561.536,0,561.536,262.55,198.521,298.986,113.878
B5,SHGM,2046,562.316,0,562.316,253.157,189.04,309.159,122.121
B5,SHGM,2047,563.097,0,563.097,244.115,179.908,318.982,130.669
B5,SHGM,2048,563.879,0,563.879,235.401,171.106,328.478,139.54
B5,SHGM,2049,564.662,0,564.662,226.999,162.615,337.662,148.75
B5,SHGM,2050,565.446,0,565.446,218.904,154.429,346.542,158.308
B5,CHKM,2023,2609.25,74.7687,2684.02,2684.02,2423.09,9.09495e-13,3.38856e-14
B5,CHKM,2024,2637.39,20.6355,2658.03,2658.03,2394.29,-9.09495e-13,-3.42169e-14
B5,CHKM,2025,2727.89,0,2727.89,2721.31,2448.52,6.58365,0.241929
B5,CHKM,2026,2733.34,41.9334,2775.27,2775.27,2501.94,5.00222e-12,1.80243e-13
B5,CHKM,2027,2741.5,90.9063,2832.4,2832.4,2558.25,-3.18323e-12,-1.12386e-13
B5,CHKM,2028,2749.8,140.329,2890.13,2890.13,2615.15,-2.27374e-12,-7.86726e-14
B5,CHKM,2029,2758.25,190.532,2948.78,2948.78,2672.95,2.27374e-12,7.71078e-14
B5,CHKM,2030,2766.85,238.836,3005.69,3005.69,2729.01,0,0
B5,CHKM,2031,2775.64,286.636,3062.28,3062.28,2784.71,4.54747e-13,1.485e-14
B5,CHKM,2032,2784.61,336.511,3121.12,3121.12,2842.66,1.36424e-12,4.371e-14
B5,CHKM,2033,2793.79,387.226,3181.02,3181.02,2901.64,-4.54747e-13,-1.42957e-14
B5,CHKM,2034,2803.2,438.792,3241.99,3241.99,2961.67,-3.63798e-12,-1.12214e-13
B5,CHKM,2035,2812.85,489.708,3302.55,3302.55,3021.27,2.27374e-12,6.88478e-14
B5,CHKM,2036,2831.01,530.543,3361.55,3361.55,3078.45,9.09495e-13,2.70558e-14
B5,CHKM,2037,2847.25,573.997,3421.25,3421.25,3136.52,2.72848e-12,7.97511e-14
B5,CHKM,2038,2862.56,617.859,3480.42,3480.42,3194.17,-9.09495e-13,-2.61317e-14
B5,CHKM,2039,2877.44,661.711,3539.15,3539.15,3251.41,1.81899e-12,5.13962e-14
B5,CHKM,2040,2892.14,705.014,3597.15,3597.15,3307.94,3.63798e-12,1.01135e-13
B5,CHKM,2041,2906.78,746.836,3653.61,3653.61,3362.93,-1.36424e-12,-3.73395e-14
B5,CHKM,2042,2921.42,788.973,3710.39,3710.39,3418.25,-4.54747e-13,-1.2256e-14
B5,CHKM,2043,2936.1,830.213,3766.32,3766.32,3472.71,2.27374e-12,6.03703e-14
B5,CHKM,2044,2950.84,870.509,3821.35,3821.35,3526.27,-9.09495e-13,-2.38003e-14
B5,CHKM,2045,2965.65,909.667,3875.31,3875.31,3578.75,-2.72848e-12,-7.04068e-14
B5,CHKM,2046,2980.51,947.133,3927.65,3927.65,3629.6,4.54747e-12,1.15781e-13
B5,CHKM,2047,2995.45,983.286,3978.74,3978.74,3679.19,2.27374e-12,5.71472e-14
B5,CHKM,2048,3010.46,1017.8,4028.26,4028.26,3727.22,-3.18323e-12,-7.90224e-14
B5,CHKM,2049,3025.55,1050.31,4075.86,4075.86,3773.31,-1.81899e-12,-4.46283e-14
B5,CHKM,2050,3040.7,1080.67,4121.37,4121.37,3817.3,-5.45697e-12,-1.32407e-13
B5,EGGS,2023,3028.55,0,3028.55,3011.87,2383.06,16.68,0.553809
B5,EGGS,2024,3049.8,0,3049.8,3031.91,2386.64,17.8911,0.590095
B5,EGGS,2025,3064.17,0,3064.17,3004.68,2350.41,59.4879,1.97984
B5,EGGS,2026,3076.52,0,3076.52,2977.09,2313.91,99.4309,3.33987
B5,EGGS,2027,3087.18,0,3087.18,2950.48,2278.42,136.701,4.63319
B5,EGGS,2028,3096.41,0,3096.41,2923.8,2242.87,172.612,5.90371
B5,EGGS,2029,3104.45,0,3104.45,2897.16,2207.3,207.297,7.1552
B5,EGGS,2030,3111.51,0,3111.51,2868.59,2169.85,242.922,8.46833
B5,EGGS,2031,3117.77,0,3117.77,2839.94,2132.28,277.834,9.7831
B5,EGGS,2032,3123.39,0,3123.39,2811.68,2095.02,311.702,11.086
B5,EGGS,2033,3128.5,0,3128.5,2783.7,2057.95,344.798,12.3863
B5,EGGS,2034,3133.22,0,3133.22,2755.97,2021.05,377.256,13.6887
B5,EGGS,2035,3137.68,0,3137.68,2727.44,1983.27,410.237,15.0411
B5,EGGS,2036,3122.82,0,3122.82,2702.01,1949.33,420.818,15.5743
B5,EGGS,2037,3107.57,0,3107.57,2676.3,1915.54,431.267,16.1143
B5,EGGS,2038,3092.02,0,3092.02,2650.25,1881.78,441.767,16.6688
B5,EGGS,2039,3076.25,0,3076.25,2623.95,1848.14,452.3,17.2374
B5,EGGS,2040,3060.33,0,3060.33,2597.3,1814.47,463.035,17.8276
B5,EGGS,2041,3044.31,0,3044.31,2570.27,1780.76,474.036,18.443
B5,EGGS,2042,3028.21,0,3028.21,2543.09,1747.19,485.126,19.0763
B5,EGGS,2043,3012.09,0,3012.09,2515.7,1713.7,496.391,19.7317
B5,EGGS,2044,2995.95,0,2995.95,2488.15,1680.34,507.801,20.4088
B5,EGGS,2045,2979.83,0,2979.83,2460.43,1647.05,519.401,21.1102
B5,EGGS,2046,2963.73,0,2963.73,2432.42,1613.74,531.307,21.8427
B5,EGGS,2047,2947.67,0,2947.67,2404.18,1580.44,543.494,22.6062
B5,EGGS,2048,2931.66,0,2931.66,2375.74,1547.18,555.92,23.3998
B5,EGGS,2049,2915.71,0,2915.71,2347.04,1513.88,568.671,24.2293
B5,EGGS,2050,2899.82,0,2899.82,2318.08,1480.55,581.746,25.0961
B5,MILK,2023,4197,1694.13,5891.13,5891.13,5223.43,-9.09495e-13,-1.54384e-14
B5,MILK,2024,4079,1555.36,5634.36,5634.36,4998.61,0,0
B5,MILK,2025,3962.98,1846,5808.98,5808.98,5191.32,-1.81899e-12,-3.13134e-14
B5,MILK,2026,4076.9,1947.82,6024.72,6024.72,5389.3,9.09495e-13,1.50961e-14
B5,MILK,2027,4194.25,2057.53,6251.78,6251.78,5598.07,9.09495e-13,1.45478e-14
B5,MILK,2028,4315.16,2169.98,6485.14,6485.14,5812.59,9.09495e-13,1.40243e-14
B5,MILK,2029,4439.77,2285.98,6725.74,6725.74,6033.77,0,0
B5,MILK,2030,4568.19,2399.59,6967.78,6967.78,6255.79,3.63798e-12,5.22115e-14
B5,MILK,2031,4613.62,2590.13,7203.75,7203.75,6484.68,0,0
B5,MILK,2032,4659.77,2790.35,7450.12,7450.12,6723.86,3.63798e-12,4.88311e-14
B5,MILK,2033,4706.69,2997.7,7704.38,7704.38,6970.81,9.09495e-13,1.18049e-14
B5,MILK,2034,4754.41,3212.29,7966.7,7966.7,7225.69,-9.09495e-13,-1.14162e-14
B5,MILK,2035,4802.98,3430.62,8233.59,8233.59,7485.01,7.27596e-12,8.83692e-14
B5,MILK,2036,4843.47,3658.89,8502.36,8502.36,7747.47,5.45697e-12,6.41818e-14
B5,MILK,2037,4876.93,3901.2,8778.13,8778.13,8018.02,-1.81899e-12,-2.07218e-14
B5,MILK,2038,4904.66,4153.14,9057.8,9057.8,8293.37,0,0
B5,MILK,2039,4927.77,4413.9,9341.66,9341.66,8573.63,5.45697e-12,5.84154e-14
B5,MILK,2040,4947.13,4681.89,9629.03,9629.03,8857.98,1.81899e-12,1.88907e-14
B5,MILK,2041,4963.49,4958.16,9921.65,9921.65,9148.05,0,0
B5,MILK,2042,4977.41,5243.72,10221.1,10221.1,9445.36,0,0
B5,MILK,2043,4989.39,5534.95,10524.3,10524.3,9746.7,0,0
B5,MILK,2044,4999.79,5831.4,10831.2,10831.2,10051.9,5.45697e-12,5.0382e-14
B5,MILK,2045,5008.94,6132.25,11141.2,11141.2,10360.5,0,0
B5,MILK,2046,5017.08,6436.91,11454,11454,10672,-3.63798e-12,-3.17617e-14
B5,MILK,2047,5024.41,6745.03,11769.4,11769.4,10986.3,-3.63798e-12,-3.09104e-14
B5,MILK,2048,5031.09,7055.4,12086.5,12086.5,11302.4,0,0
B5,MILK,2049,5037.26,7366.67,12403.9,12403.9,11618.8,3.63798e-12,2.93293e-14
B5,MILK,2050,5043,7678.05,12721.1,12721.1,11935.1,-3.63798e-12,-2.85981e-14
B5,FISH,2023,7116.2,296,7412.2,7412.2,3132.04,0,0
B5,FISH,2024,7366,269,7635,7635,3204.13,0,0
B5,FISH,2025,7453.32,359.882,7813.2,7813.2,3317.84,3.63798e-12,4.6562e-14
B5,FISH,2026,7540.81,451.171,7991.98,7991.98,3431.84,-2.72848e-12,-3.41403e-14
B5,FISH,2027,7628.49,548.072,8176.56,8176.56,3551.06,1.81899e-12,2.22464e-14
B5,FISH,2028,7716.36,649.234,8365.59,8365.59,3674.13,1.81899e-12,2.17437e-14
B5,FISH,2029,7804.43,755.252,8559.68,8559.68,3801.24,-1.81899e-12,-2.12507e-14
B5,FISH,2030,7892.71,862.135,8754.84,8754.84,3929.21,3.63798e-12,4.15539e-14
B5,FISH,2031,7981.22,970.803,8952.02,8952.02,4058.5,3.63798e-12,4.06386e-14
B5,FISH,2032,8069.98,1085.01,9154.99,9154.99,4192.57,3.63798e-12,3.97377e-14
B5,FISH,2033,8159,1204.71,9363.71,9363.71,4331.48,1.81899e-12,1.94259e-14
B5,FISH,2034,8248.33,1330.14,9578.47,9578.47,4475.43,-3.63798e-12,-3.79808e-14
B5,FISH,2035,8333.86,1462.54,9796.4,9796.4,4622.34,1.81899e-12,1.85679e-14
B5,FISH,2036,8405.51,1618.33,10023.8,10023.8,4767.67,5.45697e-12,5.44399e-14
B5,FISH,2037,8461.78,1791.06,10252.8,10252.8,4916.4,3.63798e-12,3.54827e-14
B5,FISH,2038,8505.54,1977.95,10483.5,10483.5,5068.2,9.09495e-12,8.67549e-14
B5,FISH,2039,8539.17,2177.14,10716.3,10716.3,5223.23,7.27596e-12,6.78961e-14
B5,FISH,2040,8564.61,2386.53,10951.1,10951.1,5381.09,0,0
B5,FISH,2041,8583.44,2602.07,11185.5,11185.5,5539.08,-1.81899e-12,-1.6262e-14
B5,FISH,2042,8596.97,2825.54,11422.5,11422.5,5700.12,-1.81899e-12,-1.59246e-14
B5,FISH,2043,8606.22,3055.71,11661.9,11661.9,5863.89,-1.81899e-12,-1.55977e-14
B5,FISH,2044,8612.05,3291.89,11903.9,11903.9,6030.42,5.45697e-12,4.58417e-14
B5,FISH,2045,8615.13,3533.23,12148.4,12148.4,6199.47,-3.63798e-12,-2.99463e-14
B5,FISH,2046,8616.01,3777.89,12393.9,12393.9,6369.74,-3.63798e-12,-2.9353e-14
B5,FISH,2047,8615.13,4026.09,12641.2,12641.2,6541.87,0,0
B5,FISH,2048,8612.83,4277.48,12890.3,12890.3,6715.79,0,0
B5,FISH,2049,8609.42,4531.13,13140.5,13140.5,6890.91,-3.63798e-12,-2.76851e-14
B5,FISH,2050,8605.1,4786.53,13391.6,13391.6,7066.95,5.45697e-12,4.07491e-14
B6,RICE,2023,20660.3,100.6,20760.9,20760.9,15799.6,3.63798e-12,1.75232e-14
B6,RICE,2024,20753.5,78.57,20832.1,20832.1,15650,0,0
B6,RICE,2025,20794.1,0,20794.1,20734.8,15250.7,59.3823,0.28639
B6,RICE,2026,20834.1,0,20834.1,20650.6,14879.5,183.497,0.88858
B6,RICE,2027,20873.2,0,20873.2,20542.6,14518.8,330.642,1.60954
B6,RICE,2028,20911.5,0,20911.5,20419.6,14160.8,491.864,2.40878
B6,RICE,2029,20948.9,0,20948.9,20305.8,13808.6,643.098,3.16707
B6,RICE,2030,20985.2,0,20985.2,20198.2,13458.5,786.993,3.89635
B6,RICE,2031,21004.7,0,21004.7,20069.7,13136.9,935.023,4.65889
B6,RICE,2032,21022.9,0,21022.9,19923.7,12832.1,1099.21,5.51713
B6,RICE,2033,21039.7,0,21039.7,19781.2,12527.9,1258.48,6.36201
B6,RICE,2034,21054.9,0,21054.9,19642.4,12224.5,1412.47,7.19094
B6,RICE,2035,21068.5,0,21068.5,19515.1,11929.6,1553.4,7.96003
B6,RICE,2036,21079.7,0,21079.7,19371.3,11626.5,1708.45,8.81953
B6,RICE,2037,21089,0,21089,19229.6,11324.9,1859.35,9.66922
B6,RICE,2038,21096.5,0,21096.5,19095.7,11030.3,2000.72,10.4773
B6,RICE,2039,21102.4,0,21102.4,18968.1,10741.1,2134.3,11.2521
B6,RICE,2040,21107,0,21107,18843.2,10454,2263.73,12.0135
B6,RICE,2041,21110.3,0,21110.3,18732.1,10179.6,2378.21,12.6959
B6,RICE,2042,21112.5,0,21112.5,18617.8,9901.49,2494.69,13.3995
B6,RICE,2043,21113.7,0,21113.7,18510.4,9629.2,2603.36,14.0644
B6,RICE,2044,21114.1,0,21114.1,18405,9358.1,2709.09,14.7193
B6,RICE,2045,21113.5,0,21113.5,18308,9094.42,2805.51,15.3239
B6,RICE,2046,21112.2,0,21112.2,18216.7,8835.43,2895.53,15.8949
B6,RICE,2047,21110.2,0,21110.2,18131.4,8581.44,2978.85,16.4292
B6,RICE,2048,21107.6,0,21107.6,18052.7,8333.01,3054.89,16.9221
B6,RICE,2049,21104.3,0,21104.3,17976.9,8086.56,3127.42,17.3969
B6,RICE,2050,21100.5,0,21100.5,17907.3,7845.24,3193.2,17.8318
B6,WHEA,2023,13659,1189.4,14848.4,14848.4,9162.85,-1.81899e-12,-1.22504e-14
B6,WHEA,2024,14009.9,1106.26,15116.2,15116.2,9100,3.63798e-12,2.40668e-14
B6,WHEA,2025,14115.7,887.839,15003.5,15003.5,8867.68,-1.81899e-12,-1.21237e-14
B6,WHEA,2026,14217.3,692.556,14909.9,14909.9,8651.56,1.09139e-11,7.31995e-14
B6,WHEA,2027,14314.7,508.162,14822.9,14822.9,8441.32,1.81899e-12,1.22715e-14
B6,WHEA,2028,14407.9,330.395,14738.3,14738.3,8232.41,3.63798e-12,2.46838e-14
B6,WHEA,2029,14496.8,162.08,14658.9,14658.9,8026.74,7.27596e-12,4.9635e-14
B6,WHEA,2030,14581.4,0.379653,14581.7,14581.7,7822.11,-9.09495e-12,-6.23722e-14
B6,WHEA,2031,14595.7,0,14595.7,14447.1,7633.77,148.642,1.02887
B6,WHEA,2032,14605,0,14605,14319.8,7455.03,285.2,1.99164
B6,WHEA,2033,14608.9,0,14608.9,14191.8,7276.41,417.168,2.93951
B6,WHEA,2034,14607.3,0,14607.3,14063,7098.06,544.242,3.87002
B6,WHEA,2035,14599.8,0,14599.8,13938.1,6924.38,661.735,4.74768
B6,WHEA,2036,14588.4,0,14588.4,13793.8,6746.07,794.55,5.76017
B6,WHEA,2037,14573.5,0,14573.5,13649.3,6568.78,924.135,6.77055
B6,WHEA,2038,14555.4,0,14555.4,13507.8,6395.65,1047.57,7.75527
B6,WHEA,2039,14534.5,0,14534.5,13368.4,6225.79,1166.04,8.72234
B6,WHEA,2040,14511,0,14511,13229.2,6057.22,1281.79,9.68911
B6,WHEA,2041,14485.3,0,14485.3,13096.5,5896.18,1388.78,10.6042
B6,WHEA,2042,14457.6,0,14457.6,12960.6,5733.07,1496.96,11.5501
B6,WHEA,2043,14428,0,14428,12827.2,5573.44,1600.8,12.4798
B6,WHEA,2044,14396.8,0,14396.8,12693.6,5414.62,1703.26,13.4183
B6,WHEA,2045,14364.2,0,14364.2,12563.4,5260.21,1800.87,14.3343
B6,WHEA,2046,14330.4,0,14330.4,12435,5108.61,1895.35,15.242
B6,WHEA,2047,14295.4,0,14295.4,12308.8,4960.01,1986.62,16.1399
B6,WHEA,2048,14259.4,0,14259.4,12184.9,4814.73,2074.48,17.025
B6,WHEA,2049,14222.5,0,14222.5,12061.3,4670.69,2161.17,17.9182
B6,WHEA,2050,14184.8,0,14184.8,11939.9,4529.71,2244.95,18.8021
B6,MAIZ,2023,28884,2712.1,31596.1,31596.1,1890,0,0
B6,MAIZ,2024,29492,1363,30855,30855,1890,0,0
B6,MAIZ,2025,29896.1,1138.52,31034.6,31034.6,1877.44,-3.63798e-12,-1.17223e-14
B6,MAIZ,2026,30301.1,918.979,31220.1,31220.1,1866.89,-3.63798e-12,-1.16527e-14
B6,MAIZ,2027,30706.7,1373.95,32080.6,32080.6,1856.63,0,0
B6,MAIZ,2028,31112.1,1278.31,32390.4,32390.4,1845.45,7.27596e-12,2.24633e-14
B6,MAIZ,2029,31516.8,1091.57,32608.3,32608.3,1833.83,-1.09139e-11,-3.34698e-14
B6,MAIZ,2030,31920.1,876.393,32796.5,32796.5,1821.27,-7.27596e-12,-2.21851e-14
B6,MAIZ,2031,31929.1,842.24,32771.3,32771.3,1811.34,0,0
B6,MAIZ,2032,31930.2,825.913,32756.2,32756.2,1802.82,-3.63798e-12,-1.11062e-14
B6,MAIZ,2033,31922.7,809.49,32732.2,32732.2,1793.38,-7.27596e-12,-2.22287e-14
B6,MAIZ,2034,31915,786.285,32701.3,32701.3,1783.01,0,0
B6,MAIZ,2035,31897,765.971,32663,32663,1772.83,3.63798e-12,1.11379e-14
B6,MAIZ,2036,31872,935.536,32807.5,32807.5,1760.3,0,0
B6,MAIZ,2037,31840.8,1102.76,32943.6,32943.6,1746.87,-7.27596e-12,-2.20861e-14
B6,MAIZ,2038,31804.1,1269.4,33073.5,33073.5,1733.25,-7.27596e-12,-2.19994e-14
B6,MAIZ,2039,31762.5,1435.44,33197.9,33197.9,1719.22,0,0
B6,MAIZ,2040,31716.5,1600.47,33316.9,33316.9,1704.24,-7.27596e-12,-2.18386e-14
B6,MAIZ,2041,31666.6,1766.22,33432.8,33432.8,1690.16,7.27596e-12,2.17629e-14
B6,MAIZ,2042,31613.3,1929.18,33542.5,33542.5,1674.33,-7.27596e-12,-2.16918e-14
B6,MAIZ,2043,31556.9,2091.27,33648.2,33648.2,1658.2,0,0
B6,MAIZ,2044,31497.8,2251.09,33748.9,33748.9,1641,0,0
B6,MAIZ,2045,31436.3,2409.2,33845.5,33845.5,1623.8,7.27596e-12,2.14975e-14
B6,MAIZ,2046,31372.7,2565.37,33938.1,33938.1,1606.18,-7.27596e-12,-2.14389e-14
B6,MAIZ,2047,31307.2,2719.55,34026.8,34026.8,1588.22,-7.27596e-12,-2.1383e-14
B6,MAIZ,2048,31240,2871.63,34111.6,34111.6,1569.99,0,0
B6,MAIZ,2049,31171.4,3020.29,34191.6,34191.6,1550.86,7.27596e-12,2.12799e-14
B6,MAIZ,2050,31101.4,3166.14,34267.5,34267.5,1531.41,0,0
B6,POTA,2023,9150,0,9150,9125,5872,25,0.273973
B6,POTA,2024,9500,0,9500,9445,6081.92,55,0.582319
B6,POTA,2025,9564.68,0,9564.68,9381.02,5984.51,183.665,1.95784
B6,POTA,2026,9625.18,0,9625.18,9333.98,5894.64,291.198,3.11976
B6,POTA,2027,9681.49,0,9681.49,9314.91,5807.2,366.585,3.93546
B6,POTA,2028,9733.56,0,9733.56,9290.38,5718,443.181,4.77032
B6,POTA,2029,9781.37,0,9781.37,9277.23,5628.63,504.137,5.43413
B6,POTA,2030,9824.87,0,9824.87,9260.04,5537.6,564.824,6.09958
B6,POTA,2031,9863.92,0,9863.92,9247.23,5455.51,616.69,6.66892
B6,POTA,2032,9898.47,0,9898.47,9237.92,5378.72,660.547,7.15038
B6,POTA,2033,9928.33,0,9928.33,9226.37,5300.32,701.956,7.60815
B6,POTA,2034,9953.35,0,9953.35,9211.84,5220.39,741.511,8.04954
B6,POTA,2035,9973.36,0,9973.36,9201.09,5142.04,772.268,8.39322
B6,POTA,2036,9993.11,0,9993.11,9187.92,5058.54,805.195,8.76363
B6,POTA,2037,10012.1,0,10012.1,9171.35,4973.84,840.708,9.16667
B6,POTA,2038,10030.2,0,10030.2,9153.01,4889.48,877.218,9.58394
B6,POTA,2039,10047.6,0,10047.6,9132.34,4804.93,915.295,10.0226
B6,POTA,2040,10064.3,0,10064.3,9107.98,4718.82,956.354,10.5002
B6,POTA,2041,10080.3,0,10080.3,9085.14,4636.3,995.191,10.9541
B6,POTA,2042,10095.7,0,10095.7,9056.81,4550.48,1038.84,11.4703
B6,POTA,2043,10110.3,0,10110.3,9026.68,4464.88,1083.65,12.005
B6,POTA,2044,10124.4,0,10124.4,8992.8,4377.59,1131.59,12.5833
B6,POTA,2045,10137.8,0,10137.8,8957.96,4291.31,1179.88,13.1713
B6,POTA,2046,10150.7,0,10150.7,8921.2,4205.08,1229.48,13.7816
B6,POTA,2047,10163,0,10163,8882.75,4119.06,1280.23,14.4125
B6,POTA,2048,10174.7,0,10174.7,8842.82,4033.43,1331.89,15.0619
B6,POTA,2049,10185.9,0,10185.9,8799.83,3946.65,1386.08,15.7513
B6,POTA,2050,10196.6,0,10196.6,8755.3,3860.15,1441.29,16.4619
B6,SOYS,2023,2084.17,9849,11933.2,11933.2,1550,0,0
B6,SOYS,2024,2065,10497,12562,12562,1675,-1.81899e-12,-1.44801e-14
B6,SOYS,2025,2190,10036.6,12226.6,12226.6,1676.89,0,0
B6,SOYS,2026,2322.21,9725.45,12047.7,12047.7,1678.87,1.45519e-11,1.20786e-13
B6,SOYS,2027,2462,9443.82,11905.8,11905.8,1681.39,-3.63798e-12,-3.05563e-14
B6,SOYS,2028,2609.75,9179,11788.7,11788.7,1682.99,-7.27596e-12,-6.17196e-14
B6,SOYS,2029,2765.82,8930.64,11696.5,11696.5,1684.18,1.81899e-12,1.55516e-14
B6,SOYS,2030,2930.63,8688.9,11619.5,11619.5,1684.44,5.45697e-12,4.69637e-14
B6,SOYS,2031,2961.78,8549.99,11511.8,11511.8,1685.84,0,0
B6,SOYS,2032,2992.54,8420.9,11413.4,11413.4,1688.8,0,0
B6,SOYS,2033,3022.79,8301.7,11324.5,11324.5,1690.92,-5.45697e-12,-4.81873e-14
B6,SOYS,2034,3052.01,8191.68,11243.7,11243.7,1692.23,0,0
B6,SOYS,2035,3080.52,8090.51,11171,11171,1693.73,-1.81899e-12,-1.62831e-14
B6,SOYS,2036,3096.98,8114.84,11211.8,11211.8,1691.91,-1.81899e-12,-1.62239e-14
B6,SOYS,2037,3105.98,8140.77,11246.8,11246.8,1689.32,-3.63798e-12,-3.23469e-14
B6,SOYS,2038,3110.42,8167.35,11277.8,11277.8,1686.29,0,0
B6,SOYS,2039,3112.05,8193.64,11305.7,11305.7,1682.64,3.63798e-12,3.21783e-14
B6,SOYS,2040,3111.96,8218.83,11330.8,11330.8,1677.85,1.81899e-12,1.60535e-14
B6,SOYS,2041,3110.79,8243.54,11354.3,11354.3,1672.83,1.09139e-11,9.61214e-14
B6,SOYS,2042,3108.92,8266.32,11375.2,11375.2,1666.15,-1.81899e-12,-1.59908e-14
B6,SOYS,2043,3106.6,8288.29,11394.9,11394.9,1658.93,1.81899e-12,1.59632e-14
B6,SOYS,2044,3103.96,8308.78,11412.7,11412.7,1650.44,-5.45697e-12,-4.78147e-14
B6,SOYS,2045,3101.09,8328.62,11429.7,11429.7,1641.66,-1.81899e-12,-1.59146e-14
B6,SOYS,2046,3098.05,8347.5,11445.6,11445.6,1631.98,-1.81899e-12,-1.58925e-14
B6,SOYS,2047,3094.87,8365.82,11460.7,11460.7,1621.73,0,0
B6,SOYS,2048,3091.56,8383.66,11475.2,11475.2,1610.94,-5.45697e-12,-4.75544e-14
B6,SOYS,2049,3088.15,8400.43,11488.6,11488.6,1598.97,-3.63798e-12,-3.1666e-14
B6,SOYS,2050,3084.63,8416.73,11501.4,11501.4,1586.38,1.81899e-12,1.58154e-14
B6,RAPS,2023,1631.74,519.81,2151.55,2151.55,0,0,0
B6,RAPS,2024,1674,638.56,2312.56,2312.56,0,0,0
B6,RAPS,2025,1717.63,628.481,2346.11,2346.11,0,9.09495e-13,3.8766e-14
B6,RAPS,2026,1762.14,614.208,2376.35,2376.35,0,9.09495e-13,3.82728e-14
B6,RAPS,2027,1807.5,586.552,2394.05,2394.05,0,0,0
B6,RAPS,2028,1853.7,559.211,2412.91,2412.91,0,-4.54747e-13,-1.88464e-14
B6,RAPS,2029,1900.72,532.654,2433.37,2433.37,0,-4.54747e-13,-1.8688e-14
B6,RAPS,2030,1948.52,506.343,2454.87,2454.87,0,2.72848e-12,1.11146e-13
B6,RAPS,2031,1961.93,501.691,2463.62,2463.62,0,0,0
B6,RAPS,2032,1974.95,496.164,2471.12,2471.12,0,-4.54747e-13,-1.84025e-14
B6,RAPS,2033,1987.52,491.508,2479.03,2479.03,0,-4.54747e-13,-1.83438e-14
B6,RAPS,2034,1999.29,487.977,2487.27,2487.27,0,9.09495e-13,3.6566e-14
B6,RAPS,2035,2010.48,485.339,2495.82,2495.82,0,-1.36424e-12,-5.46611e-14
B6,RAPS,2036,2021.33,482.675,2504.01,2504.01,0,0,0
B6,RAPS,2037,2031.72,479.673,2511.39,2511.39,0,-4.54747e-13,-1.81074e-14
B6,RAPS,2038,2041.69,476.494,2518.19,2518.19,0,-4.54747e-13,-1.80585e-14
B6,RAPS,2039,2051.31,473.233,2524.54,2524.54,0,1.36424e-12,5.40391e-14
B6,RAPS,2040,2060.61,469.995,2530.61,2530.61,0,-2.27374e-12,-8.98494e-14
B6,RAPS,2041,2069.63,466.769,2536.4,2536.4,0,1.81899e-12,7.17154e-14
B6,RAPS,2042,2078.39,463.583,2541.98,2541.98,0,-4.54747e-13,-1.78895e-14
B6,RAPS,2043,2086.92,460.457,2547.38,2547.38,0,-2.27374e-12,-8.92579e-14
B6,RAPS,2044,2095.23,457.407,2552.64,2552.64,0,-1.36424e-12,-5.34443e-14
B6,RAPS,2045,2103.34,454.329,2557.67,2557.67,0,0,0
B6,RAPS,2046,2111.26,451.359,2562.62,2562.62,0,4.54747e-13,1.77454e-14
B6,RAPS,2047,2119.01,448.502,2567.51,2567.51,0,4.54747e-13,1.77116e-14
B6,RAPS,2048,2126.58,445.764,2572.34,2572.34,0,4.54747e-13,1.76783e-14
B6,RAPS,2049,2133.99,443.146,2577.13,2577.13,0,-9.09495e-13,-3.5291e-14
B6,RAPS,2050,2141.24,440.653,2581.89,2581.89,0,0,0
B6,GRDS,2023,1860,20,1880,1070,810,810,75.7009
B6,GRDS,2024,1900,5,1905,1905,850,-4.54747e-13,-2.38713e-14
B6,GRDS,2025,1927.66,0,1927.66,1910.98,858.54,16.6772,0.872702
B6,GRDS,2026,1955.42,0,1955.42,1917.83,866.822,37.5946,1.96027
B6,GRDS,2027,1967.56,0,1967.56,1926.04,875.759,41.5211,2.15578
B6,GRDS,2028,1979.41,0,1979.41,1934.26,884.154,45.1525,2.33435
B6,GRDS,2029,1990.96,0,1990.96,1943.09,892.411,47.868,2.4635
B6,GRDS,2030,2002.16,0,2002.16,1951.88,900.125,50.2784,2.5759
B6,GRDS,2031,2012.96,0,2012.96,1958.92,908.443,54.0323,2.75826
B6,GRDS,2032,2023.32,0,2023.32,1967,918.15,56.3217,2.86333
B6,GRDS,2033,2033.18,0,2033.18,1975.03,927.501,58.1563,2.94459
B6,GRDS,2034,2042.2,0,2042.2,1983,936.503,59.1944,2.98509
B6,GRDS,2035,2050.6,0,2050.6,1991.55,945.804,59.0429,2.96466
B6,GRDS,2036,2057.18,0,2057.18,2004.3,952.787,52.8812,2.63839
B6,GRDS,2037,2062.3,0,2062.3,2016.39,959.431,45.9078,2.27673
B6,GRDS,2038,2066.24,0,2066.24,2027.85,965.661,38.3895,1.89311
B6,GRDS,2039,2069.24,0,2069.24,2038.61,971.333,30.6386,1.50292
B6,GRDS,2040,2071.48,0,2071.48,2048.37,976.115,23.1116,1.12829
B6,GRDS,2041,2073.12,0,2073.12,2057.68,980.517,15.439,0.75031
B6,GRDS,2042,2074.26,0,2074.26,2065.91,983.903,8.35558,0.404451
B6,GRDS,2043,2075.01,0,2075.01,2073.55,986.745,1.46684,0.0707407
B6,GRDS,2044,2075.45,4.66687,2080.12,2080.12,988.548,-4.54747e-12,-2.18616e-13
B6,GRDS,2045,2075.64,10.5909,2086.24,2086.24,989.96,4.54747e-13,2.17975e-14
B6,GRDS,2046,2075.63,15.9018,2091.54,2091.54,990.561,-4.54747e-13,-2.17423e-14
B6,GRDS,2047,2075.46,20.8538,2096.32,2096.32,990.639,-4.54747e-13,-2.16927e-14
B6,GRDS,2048,2075.16,25.3647,2100.53,2100.53,990.138,9.09495e-13,4.32984e-14
B6,GRDS,2049,2074.76,28.9833,2103.74,2103.74,988.629,-2.27374e-12,-1.0808e-13
B6,GRDS,2050,2074.28,32.0589,2106.34,2106.34,986.477,1.36424e-12,6.47685e-14
B6,COTT,2023,561.8,191,752.8,752.8,0,0,0
B6,COTT,2024,616.4,261.8,878.2,878.2,0,0,0
B6,COTT,2025,617.205,188.739,805.943,805.943,0,0,0
B6,COTT,2026,617.917,185.43,803.348,803.348,0,1.13687e-13,1.41516e-14
B6,COTT,2027,618.53,182.211,800.742,800.742,0,0,0
B6,COTT,2028,619.032,179.07,798.103,798.103,0,2.27374e-13,2.84893e-14
B6,COTT,2029,619.417,176.073,795.49,795.49,0,1.13687e-13,1.42914e-14
B6,COTT,2030,619.673,173.163,792.836,792.836,0,2.27374e-13,2.86785e-14
B6,COTT,2031,619.787,170.437,790.224,790.224,0,1.13687e-13,1.43867e-14
B6,COTT,2032,619.75,167.946,787.696,787.696,0,3.41061e-13,4.32985e-14
B6,COTT,2033,619.544,165.628,785.173,785.173,0,3.41061e-13,4.34377e-14
B6,COTT,2034,615.991,167.345,783.336,783.336,0,5.68434e-13,7.25658e-14
B6,COTT,2035,612.262,169.278,781.539,781.539,0,2.27374e-13,2.90931e-14
B6,COTT,2036,608.524,171.076,779.6,779.6,0,1.13687e-13,1.45827e-14
B6,COTT,2037,604.721,173.486,778.207,778.207,0,1.13687e-13,1.46088e-14
B6,COTT,2038,600.856,176.459,777.315,777.315,0,4.54747e-13,5.85023e-14
B6,COTT,2039,596.933,179.926,776.859,776.859,0,2.27374e-13,2.92683e-14
B6,COTT,2040,592.955,183.812,776.768,776.768,0,2.27374e-13,2.92718e-14
B6,COTT,2041,588.928,188.089,777.017,777.017,0,3.41061e-13,4.38936e-14
B6,COTT,2042,584.853,192.663,777.516,777.516,0,0,0
B6,COTT,2043,580.736,197.541,778.276,778.276,0,-2.27374e-13,-2.9215e-14
B6,COTT,2044,576.578,202.66,779.238,779.238,0,-2.27374e-13,-2.9179e-14
B6,COTT,2045,572.383,208.022,780.405,780.405,0,0,0
B6,COTT,2046,568.155,213.571,781.727,781.727,0,-1.13687e-13,-1.4543e-14
B6,COTT,2047,563.897,219.293,783.19,783.19,0,-2.27374e-13,-2.90318e-14
B6,COTT,2048,559.61,225.165,784.775,784.775,0,0,0
B6,COTT,2049,555.298,231.142,786.44,786.44,0,0,0
B6,COTT,2050,550.964,237.221,788.186,788.186,0,2.27374e-13,2.88477e-14
B6,SUGC,2023,789,0,789,789,0,0,0
B6,SUGC,2024,882,0,882,882,0,0,0
B6,SUGC,2025,1050.8,0,1050.8,895.23,0,155.567,17.3774
B6,SUGC,2026,1241.72,0,1241.72,908.658,0,333.059,36.6539
B6,SUGC,2027,1455.87,0,1455.87,922.288,0,533.584,57.8544
B6,SUGC,2028,1694.16,0,1694.16,936.123,0,758.041,80.9766
B6,SUGC,2029,1957.28,0,1957.28,950.164,0,1007.11,105.993
B6,SUGC,2030,2245.63,0,2245.63,964.417,0,1281.22,132.849
B6,SUGC,2031,2559.37,0,2559.37,978.883,0,1580.49,161.458
B6,SUGC,2032,2898.37,0,2898.37,993.566,0,1904.8,191.713
B6,SUGC,2033,3262.15,0,3262.15,1008.47,0,2253.68,223.475
B6,SUGC,2034,3649.96,0,3649.96,1023.6,0,2626.36,256.582
B6,SUGC,2035,4060.74,0,4060.74,1038.95,0,3021.79,290.85
B6,SUGC,2036,4425.45,0,4425.45,1054.54,0,3370.92,319.659
B6,SUGC,2037,4742.47,0,4742.47,1070.35,0,3672.11,343.075
B6,SUGC,2038,5013.21,0,5013.21,1086.41,0,3926.8,361.448
B6,SUGC,2039,5241.07,0,5241.07,1102.7,0,4138.36,375.292
B6,SUGC,2040,5430.5,0,5430.5,1119.25,0,4311.25,385.193
B6,SUGC,2041,5586.33,0,5586.33,1136.03,0,4450.3,391.74
B6,SUGC,2042,5713.35,0,5713.35,1153.07,0,4560.28,395.489
B6,SUGC,2043,5816.03,0,5816.03,1170.37,0,4645.66,396.939
B6,SUGC,2044,5898.38,0,5898.38,1187.93,0,4710.46,396.528
B6,SUGC,2045,5963.91,0,5963.91,1205.75,0,4758.16,394.624
B6,SUGC,2046,6015.6,0,6015.6,1223.83,0,4791.77,391.539
B6,SUGC,2047,6056,0,6056,1242.19,0,4813.81,387.527
B6,SUGC,2048,6087.22,0,6087.22,1260.82,0,4826.4,382.798
B6,SUGC,2049,6110.99,0,6110.99,1279.73,0,4831.25,377.52
B6,SUGC,2050,6128.74,0,6128.74,1298.93,0,4829.81,371.83
B6,SUGB,2023,108,0,108,108,0,0,0
B6,SUGB,2024,114,0,114,114,0,0,0
B6,SUGB,2025,114.232,0,114.232,114,0,0.232277,0.203752
B6,SUGB,2026,114.448,0,114.448,114,0,0.447737,0.392752
B6,SUGB,2027,114.645,0,114.645,114,0,0.645003,0.565792
B6,SUGB,2028,114.822,0,114.822,114,0,0.821923,0.720985
B6,SUGB,2029,114.977,0,114.977,114,0,0.977227,0.857217
B6,SUGB,2030,115.109,0,115.109,114,0,1.10884,0.972668
B6,SUGB,2031,115.214,0,115.214,114,0,1.21417,1.06506
B6,SUGB,2032,115.291,0,115.291,114,0,1.29149,1.13288
B6,SUGB,2033,115.337,0,115.337,114,0,1.33743,1.17319
B6,SUGB,2034,115.432,0,115.432,114,0,1.43248,1.25656
B6,SUGB,2035,115.49,0,115.49,114,0,1.49044,1.30741
B6,SUGB,2036,115.548,0,115.548,114,0,1.54844,1.35828
B6,SUGB,2037,115.606,0,115.606,114,0,1.60647,1.40918
B6,SUGB,2038,115.665,0,115.665,114,0,1.66453,1.46011
B6,SUGB,2039,115.723,0,115.723,114,0,1.72261,1.51106
B6,SUGB,2040,115.781,0,115.781,114,0,1.78073,1.56204
B6,SUGB,2041,115.839,0,115.839,114,0,1.83887,1.61304
B6,SUGB,2042,115.897,0,115.897,114,0,1.89704,1.66407
B6,SUGB,2043,115.955,0,115.955,114,0,1.95524,1.71513
B6,SUGB,2044,116.013,0,116.013,114,0,2.01347,1.76621
B6,SUGB,2045,116.072,0,116.072,114,0,2.07174,1.81731
B6,SUGB,2046,116.13,0,116.13,114,0,2.13002,1.86844
B6,SUGB,2047,116.188,0,116.188,114,0,2.18834,1.9196
B6,SUGB,2048,116.247,0,116.247,114,0,2.24669,1.97078
B6,SUGB,2049,116.305,0,116.305,114,0,2.30507,2.02199
B6,SUGB,2050,116.363,0,116.363,114,0,2.36348,2.07323
B6,FRTO,2023,32744.3,365.6,33109.9,33109.9,15628.1,0,0
B6,FRTO,2024,34500,109.86,34609.9,34609.9,16380,0,0
B6,FRTO,2025,34682.7,0,34682.7,34589.6,16349.3,93.0557,0.269028
B6,FRTO,2026,34862.3,0,34862.3,34556.1,16306.2,306.178,0.88603
B6,FRTO,2027,35038.7,0,35038.7,34524.6,16265.4,514.051,1.48894
B6,FRTO,2028,35211.1,0,35211.1,34481.1,16213.4,730.08,2.11734
B6,FRTO,2029,35379.4,0,35379.4,34432.2,16156.6,947.193,2.75089
B6,FRTO,2030,35543,0,35543,34371,16088.4,1171.95,3.40971
B6,FRTO,2031,35701.1,0,35701.1,34315.4,16026.2,1385.75,4.03829
B6,FRTO,2032,35853.4,0,35853.4,34278.4,15983.1,1575.02,4.59478
B6,FRTO,2033,35999,0,35999,34229,15928.5,1769.98,5.17099
B6,FRTO,2034,36163.2,0,36163.2,34173.9,15862.6,1989.31,5.82114
B6,FRTO,2035,36319.4,0,36319.4,34120.4,15799.1,2199.03,6.44491
B6,FRTO,2036,36458.1,0,36458.1,34053.4,15682.7,2404.71,7.0616
B6,FRTO,2037,36582.7,0,36582.7,33973,15556.7,2609.74,7.6818
B6,FRTO,2038,36696,0,36696,33888,15429,2808.06,8.2863
B6,FRTO,2039,36800.3,0,36800.3,33796,15296.9,3004.27,8.88943
B6,FRTO,2040,36897.3,0,36897.3,33691.3,15154.3,3205.95,9.51567
B6,FRTO,2041,36988.5,0,36988.5,33577.9,15004.5,3410.6,10.1573
B6,FRTO,2042,37075,0,37075,33443.1,14835.2,3631.92,10.86
B6,FRTO,2043,37157.9,0,37157.9,33305,14663.6,3852.94,11.5687
B6,FRTO,2044,37237.8,0,37237.8,33154,14480.3,4083.84,12.3178
B6,FRTO,2045,37315.4,0,37315.4,33003.8,14298.6,4311.67,13.0642
B6,FRTO,2046,37391.2,0,37391.2,32844.7,14108.9,4546.5,13.8424
B6,FRTO,2047,37465.5,0,37465.5,32682.9,13917.1,4782.53,14.6331
B6,FRTO,2048,37538.6,0,37538.6,32519.6,13724.3,5019.05,15.4339
B6,FRTO,2049,37610.9,0,37610.9,32347.1,13523.1,5263.78,16.2728
B6,FRTO,2050,37682.5,0,37682.5,32172.8,13320.5,5509.67,17.1253
B6,VEGT,2023,82868.1,0,82868.1,81577.7,19187.1,1290.41,1.58182
B6,VEGT,2024,83696.8,0,83696.8,82264,20415.5,1432.82,1.74174
B6,VEGT,2025,84308.9,0,84308.9,82690.1,20468.2,1618.84,1.95772
B6,VEGT,2026,84861.6,0,84861.6,83102.5,20517.6,1759.11,2.11679
B6,VEGT,2027,85356.2,0,85356.2,83506.1,20570.9,1850.19,2.21564
B6,VEGT,2028,85792.8,0,85792.8,83880.5,20611.5,1912.23,2.2797
B6,VEGT,2029,86172.1,0,86172.1,84233.7,20647,1938.4,2.30121
B6,VEGT,2030,86493.9,0,86493.9,84551.9,20669.4,1942.07,2.2969
B6,VEGT,2031,86757.1,0,86757.1,84863.8,20707.3,1893.29,2.23097
B6,VEGT,2032,86961.4,0,86961.4,85177.6,20768.2,1783.78,2.09419
B6,VEGT,2033,87104.2,0,87104.2,85452.5,20816.5,1651.72,1.93291
B6,VEGT,2034,87184,0,87184,85687,20852.2,1496.98,1.74703
B6,VEGT,2035,87198.2,0,87198.2,85896.9,20891.7,1301.37,1.51503
B6,VEGT,2036,87130.6,0,87130.6,86013.6,20872.5,1116.98,1.29861
B6,VEGT,2037,86997.5,0,86997.5,86080.8,20839.9,916.749,1.06499
B6,VEGT,2038,86812.4,0,86812.4,86115.3,20803.6,697.112,0.80951
B6,VEGT,2039,86586,0,86586,86118.7,20760.1,467.26,0.542576
B6,VEGT,2040,86326.9,0,86326.9,86086.8,20701.5,240.053,0.27885
B6,VEGT,2041,86042,0,86042,86033.9,20637.9,8.12394,0.00944273
B6,VEGT,2042,85736.9,201.848,85938.8,85938.8,20547.2,1.01863e-10,1.1853e-13
B6,VEGT,2043,85416.1,410.773,85826.8,85826.8,20450.9,1.45519e-11,1.6955e-14
B6,VEGT,2044,85083,603.706,85686.7,85686.7,20336.9,0,0
B6,VEGT,2045,84740.5,797.008,85537.5,85537.5,20222,1.45519e-11,1.70123e-14
B6,VEGT,2046,84390.8,977.675,85368.5,85368.5,20095.1,-2.91038e-11,-3.4092e-14
B6,VEGT,2047,84035.8,1151.11,85186.9,85186.9,19962.3,-1.45519e-11,-1.70823e-14
B6,VEGT,2048,83676.8,1317.81,84994.6,84994.6,19824.8,1.45519e-11,1.7121e-14
B6,VEGT,2049,83315.1,1466.27,84781.4,84781.4,19672.5,-1.45519e-11,-1.7164e-14
B6,VEGT,2050,82951.5,1605.85,84557.4,84557.4,19514.6,0,0
B6,OTGR,2023,3739.7,384.9,4124.6,4124.6,217.92,6.36646e-12,1.54353e-13
B6,OTGR,2024,3815.6,192.67,4008.27,4008.27,164.532,1.36424e-12,3.40357e-14
B6,OTGR,2025,3816.35,200.901,4017.25,4017.25,163.681,-9.09495e-13,-2.26397e-14
B6,OTGR,2026,3817.1,211.645,4028.74,4028.74,162.988,0,0
B6,OTGR,2027,3817.85,223.803,4041.65,4041.65,162.327,-1.36424e-12,-3.37546e-14
B6,OTGR,2028,3818.6,236.864,4055.46,4055.46,161.58,1.36424e-12,3.36396e-14
B6,OTGR,2029,3819.35,251.453,4070.8,4070.8,160.792,4.54747e-13,1.1171e-14
B6,OTGR,2030,3820.1,266.823,4086.92,4086.92,159.915,2.72848e-12,6.67614e-14
B6,OTGR,2031,3820.85,276.573,4097.42,4097.42,159.259,0,0
B6,OTGR,2032,3821.6,285.34,4106.94,4106.94,158.735,0,0
B6,OTGR,2033,3822.35,294.593,4116.94,4116.94,158.128,-1.81899e-12,-4.4183e-14
B6,OTGR,2034,3825.85,301.625,4127.48,4127.48,157.439,-9.09495e-13,-2.20351e-14
B6,OTGR,2035,3829.36,309.244,4138.6,4138.6,156.764,-9.09495e-13,-2.19759e-14
B6,OTGR,2036,3832.86,316.052,4148.92,4148.92,155.87,-1.81899e-12,-4.38425e-14
B6,OTGR,2037,3836.38,321.889,4158.27,4158.27,154.898,-9.09495e-13,-2.1872e-14
B6,OTGR,2038,3839.89,327.066,4166.96,4166.96,153.899,0,0
B6,OTGR,2039,3843.41,331.693,4175.1,4175.1,152.854,-9.09495e-13,-2.17838e-14
B6,OTGR,2040,3846.93,335.839,4182.77,4182.77,151.716,0,0
B6,OTGR,2041,3850.46,339.714,4190.17,4190.17,150.646,3.63798e-12,8.68218e-14
B6,OTGR,2042,3853.98,343.063,4197.05,4197.05,149.419,0,0
B6,OTGR,2043,3857.51,346.123,4203.64,4203.64,148.157,-1.81899e-12,-4.32718e-14
B6,OTGR,2044,3861.05,348.812,4209.86,4209.86,146.791,0,0
B6,OTGR,2045,3864.59,351.184,4215.77,4215.77,145.415,-1.81899e-12,-4.31473e-14
B6,OTGR,2046,3868.13,353.31,4221.44,4221.44,143.993,-3.63798e-12,-8.61787e-14
B6,OTGR,2047,3871.67,355.23,4226.9,4226.9,142.531,0,0
B6,OTGR,2048,3875.22,356.968,4232.19,4232.19,141.038,-9.09495e-13,-2.149e-14
B6,OTGR,2049,3878.77,358.432,4237.2,4237.2,139.455,-9.09495e-13,-2.14645e-14
B6,OTGR,2050,3882.32,359.714,4242.04,4242.04,137.834,1.81899e-12,4.28801e-14
B6,SORG,2023,318,485.8,803.8,803.8,67,-1.13687e-13,-1.41437e-14
B6,SORG,2024,314,865.5,1179.5,1179.5,65,0,0
B6,SORG,2025,314.35,864.949,1179.3,1179.3,64.656,2.27374e-13,1.92804e-14
B6,SORG,2026,314.624,865.124,1179.75,1179.75,64.3802,2.27374e-13,1.92731e-14
B6,SORG,2027,314.821,865.719,1180.54,1180.54,64.1247,-9.09495e-13,-7.70405e-14
B6,SORG,2028,314.94,866.589,1181.53,1181.53,63.8426,-4.54747e-13,-3.84881e-14
B6,SORG,2029,314.977,867.899,1182.88,1182.88,63.5524,0,0
B6,SORG,2030,314.931,869.456,1184.39,1184.39,63.2361,0,0
B6,SORG,2031,314.795,869.623,1184.42,1184.42,63.0163,-9.09495e-13,-7.67883e-14
B6,SORG,2032,314.568,869.599,1184.17,1184.17,62.8599,2.27374e-13,1.92011e-14
B6,SORG,2033,314.242,869.749,1183.99,1183.99,62.6817,0,0
B6,SORG,2034,313.812,870.075,1183.89,1183.89,62.4829,-2.27374e-13,-1.92057e-14
B6,SORG,2035,313.271,870.618,1183.89,1183.89,62.3035,0,0
B6,SORG,2036,312.633,871.208,1183.84,1183.84,62.0343,-4.54747e-13,-3.84129e-14
B6,SORG,2037,311.996,871.746,1183.74,1183.74,61.733,-2.27374e-13,-1.92081e-14
B6,SORG,2038,311.36,872.295,1183.65,1183.65,61.4201,-4.54747e-13,-3.84189e-14
B6,SORG,2039,310.725,872.864,1183.59,1183.59,61.0877,4.54747e-13,3.84211e-14
B6,SORG,2040,310.092,873.447,1183.54,1183.54,60.7169,4.54747e-13,3.84227e-14
B6,SORG,2041,309.46,874.105,1183.57,1183.57,60.3716,-1.36424e-12,-1.15265e-13
B6,SORG,2042,308.83,874.733,1183.56,1183.56,59.962,-2.27374e-13,-1.9211e-14
B6,SORG,2043,308.2,875.391,1183.59,1183.59,59.537,-9.09495e-13,-7.68419e-14
B6,SORG,2044,307.572,876.042,1183.61,1183.61,59.0684,-2.27374e-13,-1.92101e-14
B6,SORG,2045,306.945,876.699,1183.64,1183.64,58.5947,-2.27374e-13,-1.92096e-14
B6,SORG,2046,306.32,877.371,1183.69,1183.69,58.1004,-2.27374e-13,-1.92089e-14
B6,SORG,2047,305.696,878.06,1183.76,1183.76,57.5891,-4.54747e-13,-3.84157e-14
B6,SORG,2048,305.073,878.766,1183.84,1183.84,57.0635,0,0
B6,SORG,2049,304.451,879.454,1183.91,1183.91,56.4997,0,0
B6,SORG,2050,303.83,880.149,1183.98,1183.98,55.9191,2.27374e-13,1.92042e-14
B6,BARL,2023,200,1589.8,1789.8,1640,90.2,149.8,9.13415
B6,BARL,2024,200,1424,1624,1624,89.32,0,0
B6,BARL,2025,200.234,1417.72,1617.95,1617.95,88.8137,-6.82121e-13,-4.21595e-14
B6,BARL,2026,200.421,1411.92,1612.34,1612.34,88.4042,-9.09495e-13,-5.64085e-14
B6,BARL,2027,200.558,1406.4,1606.96,1606.96,88.0132,-6.82121e-13,-4.2448e-14
B6,BARL,2028,200.645,1401.02,1601.67,1601.67,87.5785,2.27374e-13,1.41961e-14
B6,BARL,2029,200.681,1395.97,1596.65,1596.65,87.1224,0,0
B6,BARL,2030,200.663,1391.03,1591.69,1591.69,86.6223,4.54747e-13,2.857e-14
B6,BARL,2031,200.589,1385.39,1585.98,1585.98,86.2431,4.54747e-13,2.8673e-14
B6,BARL,2032,200.456,1379.81,1580.26,1580.26,85.9269,0,0
B6,BARL,2033,200.26,1374.36,1574.62,1574.62,85.5699,-2.27374e-13,-1.44399e-14
B6,BARL,2034,200.055,1369.01,1569.06,1569.06,85.1724,4.54747e-13,2.89821e-14
B6,BARL,2035,199.779,1363.9,1563.68,1563.68,84.7817,-2.27374e-13,-1.45409e-14
B6,BARL,2036,199.441,1359.48,1558.92,1558.92,84.2987,2.27374e-13,1.45854e-14
B6,BARL,2037,199.103,1355.67,1554.78,1554.78,83.7768,-2.27374e-13,-1.46242e-14
B6,BARL,2038,198.766,1352.49,1551.25,1551.25,83.2399,0,0
B6,BARL,2039,198.43,1349.83,1548.26,1548.26,82.6791,-2.27374e-13,-1.46857e-14
B6,BARL,2040,198.094,1347.61,1545.7,1545.7,82.0712,0,0
B6,BARL,2041,197.759,1345.87,1543.62,1543.62,81.506,9.09495e-13,5.89194e-14
B6,BARL,2042,197.424,1344.37,1541.79,1541.79,80.864,0,0
B6,BARL,2043,197.09,1343.2,1540.29,1540.29,80.2027,4.54747e-13,2.95236e-14
B6,BARL,2044,196.756,1342.23,1538.99,1538.99,79.4892,-4.54747e-13,-2.95485e-14
B6,BARL,2045,196.423,1341.51,1537.93,1537.93,78.7684,2.27374e-13,1.47844e-14
B6,BARL,2046,196.091,1340.96,1537.05,1537.05,78.0254,2.27374e-13,1.47928e-14
B6,BARL,2047,195.759,1340.58,1536.34,1536.34,77.2605,4.54747e-13,2.95994e-14
B6,BARL,2048,195.428,1340.34,1535.77,1535.77,76.477,2.27374e-13,1.48052e-14
B6,BARL,2049,195.097,1340.15,1535.25,1535.25,75.6465,2.27374e-13,1.48102e-14
B6,BARL,2050,194.767,1340.05,1534.81,1534.81,74.794,0,0
B6,PIGM,2023,5794,152.32,5946.32,5946.32,4546.55,9.09495e-13,1.52951e-14
B6,PIGM,2024,5706,104.23,5810.23,5810.23,4444.17,0,0
B6,PIGM,2025,5731.07,0,5731.07,5638.79,4261.08,92.2861,1.63663
B6,PIGM,2026,5701.77,0,5701.77,5471.06,4084.6,230.71,4.21691
B6,PIGM,2027,5675.42,0,5675.42,5305.44,3916.77,369.981,6.97362
B6,PIGM,2028,5651.73,0,5651.73,5144.33,3753.48,507.397,9.86322
B6,PIGM,2029,5630.44,0,5630.44,4988.95,3595.8,641.484,12.8581
B6,PIGM,2030,5611.32,0,5611.32,4837.97,3442.59,773.348,15.985
B6,PIGM,2031,5601.57,0,5601.57,4695.12,3297.08,906.45,19.3062
B6,PIGM,2032,5586.72,0,5586.72,4560.59,3160.1,1026.13,22.4998
B6,PIGM,2033,5573.62,0,5573.62,4430.17,3027.2,1143.44,25.8103
B6,PIGM,2034,5562.14,0,5562.14,4303.83,2898.36,1258.31,29.2369
B6,PIGM,2035,5552.18,0,5552.18,4182.94,2774.9,1369.24,32.734
B6,PIGM,2036,5543.15,0,5543.15,4068.92,2652.09,1474.22,36.2313
B6,PIGM,2037,5535.76,0,5535.76,3959.28,2533.76,1576.48,39.8174
B6,PIGM,2038,5529.69,0,5529.69,3853.98,2419.85,1675.71,43.48
B6,PIGM,2039,5524.66,0,5524.66,3752.66,2310.05,1771.99,47.2196
B6,PIGM,2040,5520.47,0,5520.47,3654.65,2203.69,1865.82,51.0534
B6,PIGM,2041,5516.94,0,5516.94,3560.87,2101.72,1956.07,54.9324
B6,PIGM,2042,5513.95,0,5513.95,3469.92,2002.8,2044.02,58.9069
B6,PIGM,2043,5511.38,0,5511.38,3382.67,1907.74,2128.71,62.9297
B6,PIGM,2044,5509.14,0,5509.14,3298.32,1815.79,2210.82,67.0286
B6,PIGM,2045,5507.18,0,5507.18,3217.7,1727.74,2289.48,71.1525
B6,PIGM,2046,5505.43,0,5505.43,3140.13,1642.95,2365.3,75.3251
B6,PIGM,2047,5503.85,0,5503.85,3065.8,1561.62,2438.05,79.5241
B6,PIGM,2048,5502.41,0,5502.41,2994.6,1483.61,2507.81,83.7444
B6,PIGM,2049,5501.08,0,5501.08,2925.92,1408.37,2575.16,88.012
B6,PIGM,2050,5499.83,0,5499.83,2860.09,1336.22,2639.74,92.2955
B6,CATM,2023,753,273.73,1026.73,1026.73,925.67,0,0
B6,CATM,2024,779,287.41,1066.41,1066.41,954.39,0,0
B6,CATM,2025,747.119,279.05,1026.17,1026.17,918.733,-4.54747e-13,-4.43151e-14
B6,CATM,2026,752.254,239.016,991.27,991.27,883.096,0,0
B6,CATM,2027,757.094,201.181,958.275,958.275,849.405,-1.13687e-13,-1.18637e-14
B6,CATM,2028,761.998,163.873,925.87,925.87,816.295,0,0
B6,CATM,2029,770.967,124.153,895.12,895.12,784.255,1.13687e-13,1.27007e-14
B6,CATM,2030,780.079,84.946,865.025,865.025,752.85,-2.27374e-13,-2.62852e-14
B6,CATM,2031,789.342,46.9375,836.28,836.28,722.772,-3.41061e-13,-4.07831e-14
B6,CATM,2032,798.761,11.2061,809.967,809.967,695.105,4.54747e-13,5.61439e-14
B6,CATM,2033,808.344,0,808.344,784.333,668.093,24.0111,3.06134
B6,CATM,2034,818.099,0,818.099,759.409,641.766,58.6907,7.72848
B6,CATM,2035,828.035,0,828.035,735.733,616.662,92.3024,12.5456
B6,CATM,2036,837.401,0,837.401,710.77,590.352,126.631,17.8161
B6,CATM,2037,846.873,0,846.873,686.651,564.871,160.222,23.3338
B6,CATM,2038,856.451,0,856.451,663.372,540.215,193.079,29.1056
B6,CATM,2039,866.137,0,866.137,640.829,516.278,225.308,35.1589
B6,CATM,2040,875.932,0,875.932,618.828,492.869,257.104,41.5468
B6,CATM,2041,885.837,0,885.837,597.487,470.104,288.35,48.2605
B6,CATM,2042,895.854,0,895.854,576.637,447.813,319.217,55.3584
B6,CATM,2043,905.984,0,905.984,556.607,426.326,349.377,62.7692
B6,CATM,2044,916.228,0,916.228,537.132,405.379,379.095,70.5776
B6,CATM,2045,926.587,0,926.587,518.556,385.313,408.03,78.6858
B6,CATM,2046,937.063,0,937.063,500.622,365.872,436.441,87.1798
B6,CATM,2047,947.656,0,947.656,483.498,347.225,464.158,96.0001
B6,CATM,2048,958.369,0,958.369,467.148,329.334,491.222,105.153
B6,CATM,2049,969.203,0,969.203,451.391,312.02,517.812,114.715
B6,CATM,2050,980.159,0,980.159,436.37,295.423,543.789,124.616
B6,SHGM,2023,531,43.24,574.24,574.24,501.279,0,0
B6,SHGM,2024,518,36.53,554.53,554.53,495.466,0,0
B6,SHGM,2025,520.85,15.385,536.235,536.235,476.846,4.54747e-13,8.48037e-14
B6,SHGM,2026,523.723,0,523.723,518.169,458.452,5.55418,1.07189
B6,SHGM,2027,526.619,0,526.619,501.116,441.069,25.5026,5.08916
B6,SHGM,2028,529.538,0,529.538,484.475,424.096,45.0628,9.30136
B6,SHGM,2029,532.248,0,532.248,468.378,407.689,63.8697,13.6364
B6,SHGM,2030,534.766,0,534.766,452.67,391.694,82.0968,18.1361
B6,SHGM,2031,537.111,0,537.111,437.523,376.28,99.5879,22.7617
B6,SHGM,2032,539.298,0,539.298,423.376,361.883,115.922,27.3804
B6,SHGM,2033,541.342,0,541.342,409.634,347.909,131.707,32.1524
B6,SHGM,2034,543.257,0,543.257,396.302,334.358,146.956,37.0817
B6,SHGM,2035,545.057,0,545.057,383.535,321.385,161.523,42.1143
B6,SHGM,2036,547.063,0,547.063,370.584,308.206,176.479,47.6219
B6,SHGM,2037,548.95,0,548.95,358.083,295.49,190.867,53.3026
B6,SHGM,2038,550.731,0,550.731,345.964,283.167,204.768,59.1876
B6,SHGM,2039,552.416,0,552.416,334.199,271.211,218.217,65.2954
B6,SHGM,2040,554.271,0,554.271,322.753,259.553,231.518,71.7323
B6,SHGM,2041,556.023,0,556.023,311.607,248.207,244.416,78.4374
B6,SHGM,2042,557.682,0,557.682,300.773,237.184,256.91,85.4165
B6,SHGM,2043,559.258,0,559.258,290.3,226.531,268.958,92.6483
B6,SHGM,2044,560.757,0,560.757,280.112,216.172,280.645,100.19
B6,SHGM,2045,561.536,0,561.536,270.228,206.199,291.308,107.801
B6,SHGM,2046,562.316,0,562.316,260.642,196.525,301.674,115.743
B6,SHGM,2047,563.097,0,563.097,251.414,187.208,311.683,123.972
B6,SHGM,2048,563.879,0,563.879,242.524,178.229,321.355,132.504
B6,SHGM,2049,564.662,0,564.662,233.913,169.529,330.749,141.398
B6,SHGM,2050,565.446,0,565.446,225.62,161.146,339.826,150.618
B6,CHKM,2023,2609.25,74.7687,2684.02,2684.02,2423.09,9.09495e-13,3.38856e-14
B6,CHKM,2024,2637.39,20.6355,2658.03,2658.03,2394.29,-9.09495e-13,-3.42169e-14
B6,CHKM,2025,2727.89,0,2727.89,2725.05,2452.27,2.8384,0.104159
B6,CHKM,2026,2733.34,49.535,2782.87,2782.87,2509.54,-9.09495e-13,-3.26819e-14
B6,CHKM,2027,2741.5,102.493,2843.99,2843.99,2569.84,2.27374e-12,7.99488e-14
B6,CHKM,2028,2749.8,155.128,2904.92,2904.92,2629.94,-3.18323e-12,-1.09581e-13
B6,CHKM,2029,2758.25,208.594,2966.84,2966.84,2691.02,1.81899e-12,6.13107e-14
B6,CHKM,2030,2766.85,261.619,3028.47,3028.47,2751.79,1.36424e-12,4.50472e-14
B6,CHKM,2031,2775.64,316.687,3092.33,3092.33,2814.76,-1.81899e-12,-5.88227e-14
B6,CHKM,2032,2784.61,377.36,3161.97,3161.97,2883.51,1.36424e-12,4.31453e-14
B6,CHKM,2033,2793.79,438.217,3232.01,3232.01,2952.63,0,0
B6,CHKM,2034,2803.2,499.279,3302.48,3302.48,3022.16,-2.27374e-12,-6.88495e-14
B6,CHKM,2035,2812.85,562.75,3375.6,3375.6,3094.31,3.63798e-12,1.07773e-13
B6,CHKM,2036,2831.01,609.67,3440.68,3440.68,3157.58,-1.36424e-12,-3.96504e-14
B6,CHKM,2037,2847.25,658.265,3505.52,3505.52,3220.79,-2.27374e-12,-6.48617e-14
B6,CHKM,2038,2862.56,707.65,3570.21,3570.21,3283.96,-1.81899e-12,-5.0949e-14
B6,CHKM,2039,2877.44,756.829,3634.27,3634.27,3346.53,1.36424e-12,3.75383e-14
B6,CHKM,2040,2892.14,804.322,3696.46,3696.46,3407.25,4.54747e-13,1.23022e-14
B6,CHKM,2041,2906.78,850.524,3757.3,3757.3,3466.62,-2.72848e-12,-7.26182e-14
B6,CHKM,2042,2921.42,893.899,3815.32,3815.32,3523.18,0,0
B6,CHKM,2043,2936.1,936.391,3872.5,3872.5,3578.89,-4.54747e-13,-1.1743e-14
B6,CHKM,2044,2950.84,975.999,3926.84,3926.84,3631.76,9.09495e-13,2.3161e-14
B6,CHKM,2045,2965.65,1015.16,3980.8,3980.8,3684.24,-1.81899e-12,-4.5694e-14
B6,CHKM,2046,2980.51,1051.78,4032.29,4032.29,3734.24,4.09273e-12,1.01499e-13
B6,CHKM,2047,2995.45,1087.22,4082.68,4082.68,3783.13,4.54747e-13,1.11385e-14
B6,CHKM,2048,3010.46,1121.3,4131.77,4131.77,3830.72,0,0
B6,CHKM,2049,3025.55,1152.16,4177.71,4177.71,3875.16,9.09495e-13,2.17702e-14
B6,CHKM,2050,3040.7,1181.23,4221.93,4221.93,3917.86,-6.36646e-12,-1.50795e-13
B6,EGGS,2023,3028.55,0,3028.55,3011.87,2383.06,16.68,0.553809
B6,EGGS,2024,3049.8,0,3049.8,3031.91,2386.64,17.8911,0.590095
B6,EGGS,2025,3064.17,0,3064.17,3008.35,2354.01,55.8183,1.85545
B6,EGGS,2026,3076.52,0,3076.52,2984.27,2320.94,92.2504,3.09122
B6,EGGS,2027,3087.18,0,3087.18,2961.02,2288.74,126.154,4.26049
B6,EGGS,2028,3096.41,0,3096.41,2936.78,2255.56,159.63,5.43554
B6,EGGS,2029,3104.45,0,3104.45,2912.42,2222.21,192.028,6.59342
B6,EGGS,2030,3111.51,0,3111.51,2887.15,2187.95,224.363,7.7711
B6,EGGS,2031,3117.77,0,3117.77,2863.53,2155.27,254.245,8.87872
B6,EGGS,2032,3123.39,0,3123.39,2842.57,2125.13,280.817,9.879
B6,EGGS,2033,3128.5,0,3128.5,2820.83,2094.13,307.667,10.907
B6,EGGS,2034,3133.22,0,3133.22,2798.38,2062.34,334.839,11.9654
B6,EGGS,2035,3137.68,0,3137.68,2776.76,2031.25,360.918,12.9978
B6,EGGS,2036,3122.82,0,3122.82,2753.59,1999.45,369.233,13.4092
B6,EGGS,2037,3107.57,0,3107.57,2729.34,1966.98,378.235,13.8581
B6,EGGS,2038,3092.02,0,3092.02,2704.81,1934.62,387.209,14.3156
B6,EGGS,2039,3076.25,0,3076.25,2679.77,1902.1,396.488,14.7956
B6,EGGS,2040,3060.33,0,3060.33,2653.58,1868.79,406.753,15.3285
B6,EGGS,2041,3044.31,0,3044.31,2627.05,1835.46,417.253,15.883
B6,EGGS,2042,3028.21,0,3028.21,2598.6,1800.54,429.61,16.5323
B6,EGGS,2043,3012.09,0,3012.09,2569.99,1765.75,442.1,17.2024
B6,EGGS,2044,2995.95,0,2995.95,2540.29,1730.17,455.664,17.9375
B6,EGGS,2045,2979.83,0,2979.83,2510.84,1695.09,468.993,18.6788
B6,EGGS,2046,2963.73,0,2963.73,2480.78,1659.66,482.951,19.4677
B6,EGGS,2047,2947.67,0,2947.67,2450.64,1624.4,497.035,20.2819
B6,EGGS,2048,2931.66,0,2931.66,2420.51,1589.37,511.157,21.1178
B6,EGGS,2049,2915.71,0,2915.71,2389.67,1553.89,526.042,22.0131
B6,EGGS,2050,2899.82,0,2899.82,2358.82,1518.61,540.999,22.9351
B6,MILK,2023,4197,1694.13,5891.13,5891.13,5223.43,-9.09495e-13,-1.54384e-14
B6,MILK,2024,4079,1555.36,5634.36,5634.36,4998.61,0,0
B6,MILK,2025,3962.98,1853.94,5816.92,5816.92,5199.26,-1.81899e-12,-3.12707e-14
B6,MILK,2026,4076.9,1964.2,6041.09,6041.09,5405.68,2.72848e-12,4.51654e-14
B6,MILK,2027,4194.25,2082.89,6277.14,6277.14,5623.43,2.72848e-12,4.3467e-14
B6,MILK,2028,4315.16,2202.86,6518.02,6518.02,5845.47,0,0
B6,MILK,2029,4439.77,2326.72,6766.48,6766.48,6074.51,-3.63798e-12,-5.37647e-14
B6,MILK,2030,4568.19,2451.74,7019.93,7019.93,6307.94,-1.81899e-12,-2.59118e-14
B6,MILK,2031,4613.62,2660.04,7273.66,7273.66,6554.59,-9.09495e-13,-1.2504e-14
B6,MILK,2032,4659.77,2886.97,7546.74,7546.74,6820.48,9.09495e-13,1.20515e-14
B6,MILK,2033,4706.69,3120.24,7826.93,7826.93,7093.35,1.81899e-12,2.32401e-14
B6,MILK,2034,4754.41,3359.96,8114.36,8114.36,7373.35,-1.81899e-12,-2.24169e-14
B6,MILK,2035,4802.98,3611.73,8414.71,8414.71,7666.13,0,0
B6,MILK,2036,4843.47,3858.07,8701.55,8701.55,7946.65,-1.81899e-12,-2.09042e-14
B6,MILK,2037,4876.93,4116.5,8993.43,8993.43,8233.32,0,0
B6,MILK,2038,4904.66,4385.98,9290.64,9290.64,8526.21,0,0
B6,MILK,2039,4927.77,4664.19,9591.96,9591.96,8823.93,-5.45697e-12,-5.68911e-14
B6,MILK,2040,4947.13,4946.99,9894.13,9894.13,9123.08,-3.63798e-12,-3.67691e-14
B6,MILK,2041,4963.49,5239.09,10202.6,10202.6,9428.97,-9.09495e-12,-8.91437e-14
B6,MILK,2042,4977.41,5532.06,10509.5,10509.5,9733.7,1.81899e-12,1.73081e-14
B6,MILK,2043,4989.39,5830.85,10820.2,10820.2,10042.6,-1.09139e-11,-1.00866e-13
B6,MILK,2044,4999.79,6129.35,11129.1,11129.1,10349.9,3.63798e-12,3.26888e-14
B6,MILK,2045,5008.94,6434.2,11443.1,11443.1,10662.5,-1.81899e-12,-1.58959e-14
B6,MILK,2046,5017.08,6740.36,11757.4,11757.4,10975.5,3.63798e-12,3.09419e-14
B6,MILK,2047,5024.41,7050.33,12074.7,12074.7,11291.6,-3.63798e-12,-3.01288e-14
B6,MILK,2048,5031.09,7363.27,12394.4,12394.4,11610.2,-1.81899e-12,-1.46759e-14
B6,MILK,2049,5037.26,7673.22,12710.5,12710.5,11925.4,1.81899e-12,1.43109e-14
B6,MILK,2050,5043,7984.22,13027.2,13027.2,12241.2,0,0
B6,FISH,2023,7116.2,296,7412.2,7412.2,3132.04,0,0
B6,FISH,2024,7366,269,7635,7635,3204.13,0,0
B6,FISH,2025,7453.32,365.452,7818.77,7818.77,3322.92,2.72848e-12,3.48966e-14
B6,FISH,2026,7540.81,462.6,8003.41,8003.41,3442.26,-4.54747e-12,-5.68192e-14
B6,FISH,2027,7628.49,565.678,8194.17,8194.17,3567.14,1.81899e-12,2.21986e-14
B6,FISH,2028,7716.36,672.051,8388.41,8388.41,3694.97,0,0
B6,FISH,2029,7804.43,783.488,8587.92,8587.92,3827.04,0,0
B6,FISH,2030,7892.71,898.317,8791.02,8791.02,3962.27,9.09495e-12,1.03457e-13
B6,FISH,2031,7981.22,1018.9,9000.12,9000.12,4102.54,1.81899e-12,2.02107e-14
B6,FISH,2032,8069.98,1150.57,9220.54,9220.54,4252.84,0,0
B6,FISH,2033,8159,1287.13,9446.14,9446.14,4407.43,1.81899e-12,1.92564e-14
B6,FISH,2034,8248.33,1428.86,9677.19,9677.19,4566.54,1.81899e-12,1.87967e-14
B6,FISH,2035,8333.86,1582.88,9916.74,9916.74,4733.58,3.63798e-12,3.66852e-14
B6,FISH,2036,8405.51,1750.76,10156.3,10156.3,4890.06,3.63798e-12,3.582e-14
B6,FISH,2037,8461.78,1934.43,10396.2,10396.2,5048.86,5.45697e-12,5.249e-14
B6,FISH,2038,8505.54,2133.21,10638.7,10638.7,5211.62,1.81899e-12,1.70978e-14
B6,FISH,2039,8539.17,2344.34,10883.5,10883.5,5377.67,1.81899e-12,1.67133e-14
B6,FISH,2040,8564.61,2564.23,11128.8,11128.8,5545.17,1.81899e-12,1.63448e-14
B6,FISH,2041,8583.44,2790.88,11374.3,11374.3,5713.38,-7.27596e-12,-6.39683e-14
B6,FISH,2042,8596.97,3020.6,11617.6,11617.6,5880.04,-1.81899e-12,-1.56572e-14
B6,FISH,2043,8606.22,3257.32,11863.5,11863.5,6049.69,5.45697e-12,4.59978e-14
B6,FISH,2044,8612.05,3497.07,12109.1,12109.1,6219.26,0,0
B6,FISH,2045,8615.13,3743.36,12358.5,12358.5,6392.67,1.81899e-12,1.47185e-14
B6,FISH,2046,8616.01,3991.72,12607.7,12607.7,6566.09,-7.27596e-12,-5.77103e-14
B6,FISH,2047,8615.13,4244.07,12859.2,12859.2,6741.77,3.63798e-12,2.82909e-14
B6,FISH,2048,8612.83,4500.29,13113.1,13113.1,6919.9,0,0
B6,FISH,2049,8609.42,4756.83,13366.2,13366.2,7097.37,1.81899e-12,1.36088e-14
B6,FISH,2050,8605.1,5015.95,13621,13621,7276.54,-3.63798e-12,-2.67085e-14
C1,RICE,2023,20660.3,100.6,20760.9,20760.9,15799.6,3.63798e-12,1.75232e-14
C1,RICE,2024,20753.5,78.57,20832.1,20832.1,15650,0,0
C1,RICE,2025,20794.1,37.386,20831.5,20831.5,15347.4,-3.63798e-12,-1.74638e-14
C1,RICE,2026,20834.1,5.92872,20840,20840,15069,7.27596e-12,3.49134e-14
C1,RICE,2027,20873.2,0,20873.2,20820.7,14797,52.511,0.252205
C1,RICE,2028,20911.5,0,20911.5,20786.9,14527.9,124.657,0.599693
C1,RICE,2029,20948.9,0,20948.9,20758.3,14261,190.536,0.917876
C1,RICE,2030,20985.2,0,20985.2,20736.6,13996.6,248.629,1.19899
C1,RICE,2031,21004.7,0,21004.7,20680.5,13747.4,324.201,1.56767
C1,RICE,2032,21022.9,0,21022.9,20590.7,13499.1,432.225,2.09913
C1,RICE,2033,21039.7,0,21039.7,20505.8,13252.7,533.818,2.60325
C1,RICE,2034,21054.9,0,21054.9,20425.9,13008.2,629.016,3.07951
C1,RICE,2035,21068.5,0,21068.5,20351.1,12766.1,717.318,3.5247
C1,RICE,2036,21079.7,0,21079.7,20281.6,12537,798.094,3.93506
C1,RICE,2037,21089,0,21089,20214.8,12309.8,874.192,4.32452
C1,RICE,2038,21096.5,0,21096.5,20151.7,12085.5,944.763,4.68825
C1,RICE,2039,21102.4,0,21102.4,20092.8,11864.6,1009.61,5.02475
C1,RICE,2040,21107,0,21107,20037.2,11646.1,1069.78,5.33898
C1,RICE,2041,21110.3,0,21110.3,19992.5,11437.5,1117.84,5.5913
C1,RICE,2042,21112.5,0,21112.5,19950.1,11230.3,1162.39,5.82649
C1,RICE,2043,21113.7,0,21113.7,19911,11025.4,1202.7,6.04038
C1,RICE,2044,21114.1,0,21114.1,19875.3,10822.8,1238.74,6.23258
C1,RICE,2045,21113.5,0,21113.5,19842.5,10622.1,1271.03,6.40562
C1,RICE,2046,21112.2,0,21112.2,19813.6,10424.3,1298.64,6.55428
C1,RICE,2047,21110.2,0,21110.2,19786.3,10227,1323.93,6.69113
C1,RICE,2048,21107.6,0,21107.6,19761.1,10030.8,1346.51,6.81397
C1,RICE,2049,21104.3,0,21104.3,19737.2,9834.82,1367.12,6.92663
C1,RICE,2050,21100.5,0,21100.5,19714.6,9639.1,1385.89,7.02976
C1,WHEA,2023,13659,1189.4,14848.4,14848.4,9162.85,-1.81899e-12,-1.22504e-14
C1,WHEA,2024,14009.9,1106.26,15116.2,15116.2,9100,3.63798e-12,2.40668e-14
C1,WHEA,2025,14115.7,946.356,15062,15062,8926.2,1.81899e-12,1.20766e-14
C1,WHEA,2026,14217.3,807.116,15024.4,15024.4,8766.12,7.27596e-12,4.84276e-14
C1,WHEA,2027,14314.7,676.379,14991.1,14991.1,8609.54,1.81899e-12,1.21338e-14
C1,WHEA,2028,14407.9,552.396,14960.3,14960.3,8454.38,-5.45697e-12,-3.64763e-14
C1,WHEA,2029,14496.8,435.603,14932.4,14932.4,8300.19,3.63798e-12,2.43629e-14
C1,WHEA,2030,14581.4,325.579,14906.9,14906.9,8147.17,0,0
C1,WHEA,2031,14595.7,220.401,14816.1,14816.1,8002.68,5.45697e-12,3.68312e-14
C1,WHEA,2032,14605,118.136,14723.1,14723.1,7858.36,7.27596e-12,4.94185e-14
C1,WHEA,2033,14608.9,21.2293,14630.1,14630.1,7714.89,0,0
C1,WHEA,2034,14607.3,0,14607.3,14537,7572.2,70.2427,0.483198
C1,WHEA,2035,14599.8,0,14599.8,14444,7430.52,155.821,1.07879
C1,WHEA,2036,14588.4,0,14588.4,14344.1,7296.42,244.272,1.70294
C1,WHEA,2037,14573.5,0,14573.5,14244.2,7163.47,329.292,2.31176
C1,WHEA,2038,14555.4,0,14555.4,14144.8,7032.27,410.575,2.90266
C1,WHEA,2039,14534.5,0,14534.5,14046.3,6903.03,488.191,3.47559
C1,WHEA,2040,14511,0,14511,13948.1,6775.21,562.882,4.03554
C1,WHEA,2041,14485.3,0,14485.3,13854.8,6653.21,630.524,4.55095
C1,WHEA,2042,14457.6,0,14457.6,13761.3,6532.06,696.278,5.05969
C1,WHEA,2043,14428,0,14428,13668.1,6412.23,759.858,5.55934
C1,WHEA,2044,14396.8,0,14396.8,13575.5,6293.78,821.385,6.05051
C1,WHEA,2045,14364.2,0,14364.2,13482.9,6176.45,881.366,6.53693
C1,WHEA,2046,14330.4,0,14330.4,13391.1,6060.81,939.285,7.01425
C1,WHEA,2047,14295.4,0,14295.4,13298.7,5945.54,996.627,7.49415
C1,WHEA,2048,14259.4,0,14259.4,13206.1,5830.86,1053.28,7.97568
C1,WHEA,2049,14222.5,0,14222.5,13112.7,5716.38,1109.75,8.46312
C1,WHEA,2050,14184.8,0,14184.8,13018.6,5602.07,1166.21,8.95801
C1,MAIZ,2023,28884,2712.1,31596.1,31596.1,1890,0,0
C1,MAIZ,2024,29492,1363,30855,30855,1890,0,0
C1,MAIZ,2025,29896.1,1138.52,31034.6,31034.6,1877.44,7.27596e-12,2.34447e-14
C1,MAIZ,2026,30301.1,918.979,31220.1,31220.1,1866.89,-7.27596e-12,-2.33054e-14
C1,MAIZ,2027,30706.7,1373.95,32080.6,32080.6,1856.63,3.63798e-12,1.13401e-14
C1,MAIZ,2028,31112.1,1279.05,32391.1,32391.1,1845.99,-2.91038e-11,-8.98513e-14
C1,MAIZ,2029,31516.8,1093.11,32609.9,32609.9,1834.95,-7.27596e-12,-2.23121e-14
C1,MAIZ,2030,31920.1,879.524,32799.7,32799.7,1823.54,0,0
C1,MAIZ,2031,31929.1,845.115,32774.2,32774.2,1813.41,-7.27596e-12,-2.22003e-14
C1,MAIZ,2032,31930.2,826.088,32756.3,32756.3,1802.95,-7.27596e-12,-2.22124e-14
C1,MAIZ,2033,31922.7,807.803,32730.5,32730.5,1792.17,3.63798e-12,1.11149e-14
C1,MAIZ,2034,31915,783.544,32698.5,32698.5,1781.05,-3.63798e-12,-1.11258e-14
C1,MAIZ,2035,31897,761.543,32658.5,32658.5,1769.68,7.27596e-12,2.22789e-14
C1,MAIZ,2036,31872,934.297,32806.3,32806.3,1759.42,1.45519e-11,4.43571e-14
C1,MAIZ,2037,31840.8,1105.61,32946.4,32946.4,1748.88,-1.45519e-11,-4.41684e-14
C1,MAIZ,2038,31804.1,1276.28,33080.4,33080.4,1738.06,7.27596e-12,2.19948e-14
C1,MAIZ,2039,31762.5,1446.69,33209.1,33209.1,1727.03,7.27596e-12,2.19095e-14
C1,MAIZ,2040,31716.5,1617.04,33333.5,33333.5,1715.66,0,0
C1,MAIZ,2041,31666.6,1788.13,33454.7,33454.7,1705.16,0,0
C1,MAIZ,2042,31613.3,1958.61,33571.9,33571.9,1694.34,-7.27596e-12,-2.16728e-14
C1,MAIZ,2043,31556.9,2128.3,33685.2,33685.2,1683.21,1.45519e-11,4.31997e-14
C1,MAIZ,2044,31497.8,2297,33794.8,33794.8,1671.78,7.27596e-12,2.15298e-14
C1,MAIZ,2045,31436.3,2463.56,33899.9,33899.9,1660.01,1.45519e-11,4.29261e-14
C1,MAIZ,2046,31372.7,2628.7,34001.4,34001.4,1648.07,4.36557e-11,1.28394e-13
C1,MAIZ,2047,31307.2,2791.73,34098.9,34098.9,1635.61,5.09317e-11,1.49365e-13
C1,MAIZ,2048,31240,2952.42,34192.4,34192.4,1622.66,7.27596e-12,2.12794e-14
C1,MAIZ,2049,31171.4,3110.31,34281.7,34281.7,1609.12,-8.73115e-11,-2.54689e-13
C1,MAIZ,2050,31101.4,3265.07,34366.5,34366.5,1594.97,-1.67347e-10,-4.86948e-13
C1,POTA,2023,9150,0,9150,9125,5872,25,0.273973
C1,POTA,2024,9500,0,9500,9445,6081.92,55,0.582319
C1,POTA,2025,9564.68,0,9564.68,9411.24,6014.73,153.44,1.63039
C1,POTA,2026,9625.18,0,9625.18,9393.68,5954.33,231.505,2.46448
C1,POTA,2027,9681.49,0,9681.49,9403.34,5895.64,278.152,2.95801
C1,POTA,2028,9733.56,0,9733.56,9408.4,5836,325.157,3.45603
C1,POTA,2029,9781.37,0,9781.37,9424.15,5775.49,357.217,3.79044
C1,POTA,2030,9824.87,0,9824.87,9436.72,5714.14,388.15,4.11319
C1,POTA,2031,9863.92,0,9863.92,9449.19,5657.34,414.73,4.38905
C1,POTA,2032,9898.47,0,9898.47,9459.5,5600.29,438.974,4.64057
C1,POTA,2033,9928.33,0,9928.33,9468.66,5542.69,459.665,4.85459
C1,POTA,2034,9953.35,0,9953.35,9475.83,5484.51,477.527,5.03942
C1,POTA,2035,9973.36,0,9973.36,9484.85,5426.03,488.503,5.15035
C1,POTA,2036,9993.11,0,9993.11,9500.6,5371.29,492.514,5.18403
C1,POTA,2037,10012.1,0,10012.1,9513.82,5316.15,498.24,5.23702
C1,POTA,2038,10030.2,0,10030.2,9524.23,5260.32,505.993,5.31269
C1,POTA,2039,10047.6,0,10047.6,9532.05,5203.97,515.59,5.40901
C1,POTA,2040,10064.3,0,10064.3,9536.94,5146.77,527.389,5.52996
C1,POTA,2041,10080.3,0,10080.3,9542.71,5092.5,537.618,5.63381
C1,POTA,2042,10095.7,0,10095.7,9545.92,5037.7,549.733,5.75883
C1,POTA,2043,10110.3,0,10110.3,9546.38,4982.14,563.949,5.90747
C1,POTA,2044,10124.4,0,10124.4,9544.2,4925.9,580.18,6.07888
C1,POTA,2045,10137.8,0,10137.8,9539.21,4868.81,598.618,6.27534
C1,POTA,2046,10150.7,0,10150.7,9532.08,4811.49,618.609,6.48976
C1,POTA,2047,10163,0,10163,9521.83,4752.95,641.147,6.73344
C1,POTA,2048,10174.7,0,10174.7,9508.55,4693.23,666.161,7.00591
C1,POTA,2049,10185.9,0,10185.9,9491.96,4632.05,693.946,7.31088
C1,POTA,2050,10196.6,0,10196.6,9472.06,4569.38,724.523,7.64906
C1,SOYS,2023,2084.17,9849,11933.2,11933.2,1550,0,0
C1,SOYS,2024,2065,10497,12562,12562,1675,-1.81899e-12,-1.44801e-14
C1,SOYS,2025,2190,10036.6,12226.6,12226.6,1676.89,5.45697e-12,4.46318e-14
C1,SOYS,2026,2322.21,9725.45,12047.7,12047.7,1678.87,2.00089e-11,1.66081e-13
C1,SOYS,2027,2462,9443.82,11905.8,11905.8,1681.39,5.45697e-12,4.58344e-14
C1,SOYS,2028,2609.75,9179.47,11789.2,11789.2,1683.46,-5.45697e-12,-4.62878e-14
C1,SOYS,2029,2765.82,8931.63,11697.4,11697.4,1685.17,1.81899e-12,1.55503e-14
C1,SOYS,2030,2930.63,8690.91,11621.5,11621.5,1686.44,1.81899e-12,1.56519e-14
C1,SOYS,2031,2961.78,8551.82,11513.6,11513.6,1687.68,3.63798e-12,3.15972e-14
C1,SOYS,2032,2992.54,8421.01,11413.5,11413.5,1688.91,-5.45697e-12,-4.78113e-14
C1,SOYS,2033,3022.79,8300.62,11323.4,11323.4,1689.85,-3.63798e-12,-3.21279e-14
C1,SOYS,2034,3052.01,8189.93,11241.9,11241.9,1690.48,-1.81899e-12,-1.61804e-14
C1,SOYS,2035,3080.52,8087.67,11168.2,11168.2,1690.89,0,0
C1,SOYS,2036,3096.98,8114.04,11211,11211,1691.12,5.45697e-12,4.8675e-14
C1,SOYS,2037,3105.98,8142.58,11248.6,11248.6,1691.13,0,0
C1,SOYS,2038,3110.42,8171.72,11282.1,11282.1,1690.66,-5.45697e-12,-4.83682e-14
C1,SOYS,2039,3112.05,8200.75,11312.8,11312.8,1689.75,-7.27596e-12,-6.43161e-14
C1,SOYS,2040,3111.96,8229.27,11341.2,11341.2,1688.29,1.81899e-12,1.60387e-14
C1,SOYS,2041,3110.79,8257.29,11368.1,11368.1,1686.58,0,0
C1,SOYS,2042,3108.92,8284.72,11393.6,11393.6,1684.55,0,0
C1,SOYS,2043,3106.6,8311.35,11417.9,11417.9,1681.99,7.27596e-12,6.37239e-14
C1,SOYS,2044,3103.96,8337.25,11441.2,11441.2,1678.91,9.09495e-12,7.94929e-14
C1,SOYS,2045,3101.09,8362.19,11463.3,11463.3,1675.24,1.81899e-11,1.5868e-13
C1,SOYS,2046,3098.05,8386.45,11484.5,11484.5,1670.93,3.81988e-11,3.32612e-13
C1,SOYS,2047,3094.87,8410.01,11504.9,11504.9,1665.92,3.45608e-11,3.00401e-13
C1,SOYS,2048,3091.56,8432.9,11524.5,11524.5,1660.18,-7.27596e-12,-6.31349e-14
C1,SOYS,2049,3088.15,8455.04,11543.2,11543.2,1653.58,-8.36735e-11,-7.24873e-13
C1,SOYS,2050,3084.63,8476.45,11561.1,11561.1,1646.1,-1.54614e-10,-1.33737e-12
C1,RAPS,2023,1631.74,519.81,2151.55,2151.55,0,0,0
C1,RAPS,2024,1674,638.56,2312.56,2312.56,0,0,0
C1,RAPS,2025,1717.63,628.481,2346.11,2346.11,0,4.54747e-13,1.9383e-14
C1,RAPS,2026,1762.14,614.208,2376.35,2376.35,0,-4.54747e-13,-1.91364e-14
C1,RAPS,2027,1807.5,586.552,2394.05,2394.05,0,1.81899e-12,7.59794e-14
C1,RAPS,2028,1853.7,559.211,2412.91,2412.91,0,-9.09495e-13,-3.76928e-14
C1,RAPS,2029,1900.72,532.654,2433.37,2433.37,0,-4.54747e-13,-1.8688e-14
C1,RAPS,2030,1948.52,506.343,2454.87,2454.87,0,-4.54747e-13,-1.85243e-14
C1,RAPS,2031,1961.93,501.691,2463.62,2463.62,0,9.09495e-13,3.69169e-14
C1,RAPS,2032,1974.95,496.164,2471.12,2471.12,0,-4.54747e-13,-1.84025e-14
C1,RAPS,2033,1987.52,491.508,2479.03,2479.03,0,0,0
C1,RAPS,2034,1999.29,487.977,2487.27,2487.27,0,0,0
C1,RAPS,2035,2010.48,485.339,2495.82,2495.82,0,-9.09495e-13,-3.64407e-14
C1,RAPS,2036,2021.33,482.675,2504.01,2504.01,0,2.00089e-11,7.99074e-13
C1,RAPS,2037,2031.72,479.673,2511.39,2511.39,0,4.54747e-13,1.81074e-14
C1,RAPS,2038,2041.69,476.494,2518.19,2518.19,0,0,0
C1,RAPS,2039,2051.31,473.233,2524.54,2524.54,0,-4.54747e-13,-1.8013e-14
C1,RAPS,2040,2060.61,469.995,2530.61,2530.61,0,0,0
C1,RAPS,2041,2069.63,466.769,2536.4,2536.4,0,0,0
C1,RAPS,2042,2078.39,463.583,2541.98,2541.98,0,0,0
C1,RAPS,2043,2086.92,460.457,2547.38,2547.38,0,-4.54747e-13,-1.78516e-14
C1,RAPS,2044,2095.23,457.407,2552.64,2552.64,0,4.54747e-13,1.78148e-14
C1,RAPS,2045,2103.34,454.329,2557.67,2557.67,0,3.18323e-12,1.24458e-13
C1,RAPS,2046,2111.26,451.359,2562.62,2562.62,0,5.00222e-12,1.95199e-13
C1,RAPS,2047,2119.01,448.502,2567.51,2567.51,0,5.00222e-12,1.94828e-13
C1,RAPS,2048,2126.58,445.764,2572.34,2572.34,0,0,0
C1,RAPS,2049,2133.99,443.146,2577.13,2577.13,0,-1.36424e-11,-5.29365e-13
C1,RAPS,2050,2141.24,440.653,2581.89,2581.89,0,-2.81943e-11,-1.092e-12
C1,GRDS,2023,1860,20,1880,1070,810,810,75.7009
C1,GRDS,2024,1900,5,1905,1905,850,-4.54747e-13,-2.38713e-14
C1,GRDS,2025,1927.66,0,1927.66,1910.98,858.54,16.6772,0.872702
C1,GRDS,2026,1955.42,0,1955.42,1917.83,866.822,37.5946,1.96027
C1,GRDS,2027,1967.56,0,1967.56,1926.04,875.759,41.5211,2.15578
C1,GRDS,2028,1979.41,0,1979.41,1934.55,884.443,44.8636,2.31907
C1,GRDS,2029,1990.96,0,1990.96,1943.69,893.011,47.2684,2.43189
C1,GRDS,2030,2002.16,0,2002.16,1953.1,901.349,49.0536,2.51157
C1,GRDS,2031,2012.96,0,2012.96,1960.05,909.575,52.901,2.69895
C1,GRDS,2032,2023.32,0,2023.32,1967.07,918.22,56.2526,2.85972
C1,GRDS,2033,2033.18,0,2033.18,1974.35,926.828,58.8296,2.97969
C1,GRDS,2034,2042.2,0,2042.2,1981.9,935.401,60.2968,3.04237
C1,GRDS,2035,2050.6,0,2050.6,1989.76,944.009,60.8382,3.05757
C1,GRDS,2036,2057.18,0,2057.18,2003.79,952.282,53.3855,2.66422
C1,GRDS,2037,2062.3,0,2062.3,2017.56,960.595,44.7442,2.21774
C1,GRDS,2038,2066.24,0,2066.24,2030.68,968.483,35.5681,1.75154
C1,GRDS,2039,2069.24,0,2069.24,2043.23,975.962,26.0094,1.27295
C1,GRDS,2040,2071.48,0,2071.48,2055.21,982.952,16.2744,0.791862
C1,GRDS,2041,2073.12,0,2073.12,2066.74,989.582,6.37391,0.308404
C1,GRDS,2042,2074.26,3.85356,2078.11,2078.11,996.112,-4.54747e-13,-2.18827e-14
C1,GRDS,2043,2075.01,13.9321,2088.95,2088.95,1002.14,2.27374e-12,1.08846e-13
C1,GRDS,2044,2075.45,23.7949,2099.25,2099.25,1007.68,1.81899e-12,8.66495e-14
C1,GRDS,2045,2075.64,33.2873,2108.93,2108.93,1012.66,9.09495e-13,4.31258e-14
C1,GRDS,2046,2075.63,42.3803,2118.01,2118.01,1017.04,2.72848e-12,1.28823e-13
C1,GRDS,2047,2075.46,51.0675,2126.53,2126.53,1020.85,2.72848e-12,1.28307e-13
C1,GRDS,2048,2075.16,59.2193,2134.38,2134.38,1023.99,9.09495e-13,4.26116e-14
C1,GRDS,2049,2074.76,66.7299,2141.49,2141.49,1026.38,-9.09495e-12,-4.24702e-13
C1,GRDS,2050,2074.28,73.5532,2147.83,2147.83,1027.97,-1.27329e-11,-5.92827e-13
C1,COTT,2023,561.8,191,752.8,752.8,0,0,0
C1,COTT,2024,616.4,261.8,878.2,878.2,0,0,0
C1,COTT,2025,617.205,188.739,805.943,805.943,0,3.41061e-13,4.23182e-14
C1,COTT,2026,617.917,185.43,803.348,803.348,0,2.27374e-13,2.83033e-14
C1,COTT,2027,618.53,182.211,800.742,800.742,0,1.13687e-13,1.41977e-14
C1,COTT,2028,619.032,179.087,798.12,798.12,0,0,0
C1,COTT,2029,619.417,176.108,795.525,795.525,0,2.27374e-13,2.85816e-14
C1,COTT,2030,619.673,173.234,792.907,792.907,0,2.27374e-13,2.86759e-14
C1,COTT,2031,619.787,170.503,790.29,790.29,0,2.27374e-13,2.87709e-14
C1,COTT,2032,619.75,167.95,787.7,787.7,0,2.27374e-13,2.88655e-14
C1,COTT,2033,619.544,165.591,785.135,785.135,0,2.27374e-13,2.89598e-14
C1,COTT,2034,615.991,167.284,783.275,783.275,0,0,0
C1,COTT,2035,612.262,169.179,781.441,781.441,0,2.27374e-13,2.90967e-14
C1,COTT,2036,608.524,171.048,779.573,779.573,0,0,0
C1,COTT,2037,604.721,173.549,778.27,778.27,0,1.13687e-13,1.46076e-14
C1,COTT,2038,600.856,176.611,777.467,777.467,0,3.41061e-13,4.38682e-14
C1,COTT,2039,596.933,180.174,777.106,777.106,0,1.13687e-13,1.46295e-14
C1,COTT,2040,592.955,184.176,777.131,777.131,0,2.27374e-13,2.92581e-14
C1,COTT,2041,588.928,188.57,777.498,777.498,0,2.27374e-13,2.92443e-14
C1,COTT,2042,584.853,193.309,778.162,778.162,0,-1.13687e-13,-1.46097e-14
C1,COTT,2043,580.736,198.354,779.09,779.09,0,-6.82121e-13,-8.75536e-14
C1,COTT,2044,576.578,203.669,780.247,780.247,0,0,0
C1,COTT,2045,572.383,209.219,781.603,781.603,0,0,0
C1,COTT,2046,568.155,214.97,783.125,783.125,0,1.13687e-13,1.45171e-14
C1,COTT,2047,563.897,220.891,784.788,784.788,0,0,0
C1,COTT,2048,559.61,226.96,786.57,786.57,0,1.13687e-13,1.44535e-14
C1,COTT,2049,555.298,233.149,788.448,788.448,0,1.13687e-13,1.44191e-14
C1,COTT,2050,550.964,239.437,790.401,790.401,0,2.27374e-13,2.87669e-14
C1,SUGC,2023,789,0,789,789,0,0,0
C1,SUGC,2024,882,0,882,882,0,0,0
C1,SUGC,2025,1050.8,0,1050.8,895.23,0,155.567,17.3774
C1,SUGC,2026,1241.72,0,1241.72,908.658,0,333.059,36.6539
C1,SUGC,2027,1455.87,0,1455.87,922.288,0,533.584,57.8544
C1,SUGC,2028,1694.16,0,1694.16,936.123,0,758.041,80.9766
C1,SUGC,2029,1957.28,0,1957.28,950.164,0,1007.11,105.993
C1,SUGC,2030,2245.63,0,2245.63,964.417,0,1281.22,132.849
C1,SUGC,2031,2559.37,0,2559.37,978.883,0,1580.49,161.458
C1,SUGC,2032,2898.37,0,2898.37,993.566,0,1904.8,191.713
C1,SUGC,2033,3262.15,0,3262.15,1008.47,0,2253.68,223.475
C1,SUGC,2034,3649.96,0,3649.96,1023.6,0,2626.36,256.582
C1,SUGC,2035,4060.74,0,4060.74,1038.95,0,3021.79,290.85
C1,SUGC,2036,4425.45,0,4425.45,1054.54,0,3370.92,319.659
C1,SUGC,2037,4742.47,0,4742.47,1070.35,0,3672.11,343.075
C1,SUGC,2038,5013.21,0,5013.21,1086.41,0,3926.8,361.448
C1,SUGC,2039,5241.07,0,5241.07,1102.7,0,4138.36,375.292
C1,SUGC,2040,5430.5,0,5430.5,1119.25,0,4311.25,385.193
C1,SUGC,2041,5586.33,0,5586.33,1136.03,0,4450.3,391.74
C1,SUGC,2042,5713.35,0,5713.35,1153.07,0,4560.28,395.489
C1,SUGC,2043,5816.03,0,5816.03,1170.37,0,4645.66,396.939
C1,SUGC,2044,5898.38,0,5898.38,1187.93,0,4710.46,396.528
C1,SUGC,2045,5963.91,0,5963.91,1205.75,0,4758.16,394.624
C1,SUGC,2046,6015.6,0,6015.6,1223.83,0,4791.77,391.539
C1,SUGC,2047,6056,0,6056,1242.19,0,4813.81,387.527
C1,SUGC,2048,6087.22,0,6087.22,1260.82,0,4826.4,382.798
C1,SUGC,2049,6110.99,0,6110.99,1279.73,0,4831.25,377.52
C1,SUGC,2050,6128.74,0,6128.74,1298.93,0,4829.81,371.83
C1,SUGB,2023,108,0,108,108,0,0,0
C1,SUGB,2024,114,0,114,114,0,0,0
C1,SUGB,2025,114.232,0,114.232,114,0,0.232277,0.203752
C1,SUGB,2026,114.448,0,114.448,114,0,0.447737,0.392752
C1,SUGB,2027,114.645,0,114.645,114,0,0.645003,0.565792
C1,SUGB,2028,114.822,0,114.822,114,0,0.821923,0.720985
C1,SUGB,2029,114.977,0,114.977,114,0,0.977227,0.857217
C1,SUGB,2030,115.109,0,115.109,114,0,1.10884,0.972668
C1,SUGB,2031,115.214,0,115.214,114,0,1.21417,1.06506
C1,SUGB,2032,115.291,0,115.291,114,0,1.29149,1.13288
C1,SUGB,2033,115.337,0,115.337,114,0,1.33743,1.17319
C1,SUGB,2034,115.432,0,115.432,114,0,1.43248,1.25656
C1,SUGB,2035,115.49,0,115.49,114,0,1.49044,1.30741
C1,SUGB,2036,115.548,0,115.548,114,0,1.54844,1.35828
C1,SUGB,2037,115.606,0,115.606,114,0,1.60647,1.40918
C1,SUGB,2038,115.665,0,115.665,114,0,1.66453,1.46011
C1,SUGB,2039,115.723,0,115.723,114,0,1.72261,1.51106
C1,SUGB,2040,115.781,0,115.781,114,0,1.78073,1.56204
C1,SUGB,2041,115.839,0,115.839,114,0,1.83887,1.61304
C1,SUGB,2042,115.897,0,115.897,114,0,1.89704,1.66407
C1,SUGB,2043,115.955,0,115.955,114,0,1.95524,1.71513
C1,SUGB,2044,116.013,0,116.013,114,0,2.01347,1.76621
C1,SUGB,2045,116.072,0,116.072,114,0,2.07174,1.81731
C1,SUGB,2046,116.13,0,116.13,114,0,2.13002,1.86844
C1,SUGB,2047,116.188,0,116.188,114,0,2.18834,1.9196
C1,SUGB,2048,116.247,0,116.247,114,0,2.24669,1.97078
C1,SUGB,2049,116.305,0,116.305,114,0,2.30507,2.02199
C1,SUGB,2050,116.363,0,116.363,114,0,2.36348,2.07323
C1,FRTO,2023,32744.3,365.6,33109.9,33109.9,15628.1,0,0
C1,FRTO,2024,34500,109.86,34609.9,34609.9,16380,0,0
C1,FRTO,2025,34682.7,0,34682.7,34640.5,16400.2,42.1589,0.121704
C1,FRTO,2026,34862.3,0,34862.3,34657.8,16407.8,204.495,0.59004
C1,FRTO,2027,35038.7,0,35038.7,34677,16417.8,361.672,1.04297
C1,FRTO,2028,35211.1,0,35211.1,34691.1,16423.3,520.072,1.49915
C1,FRTO,2029,35379.4,0,35379.4,34700,16424.2,679.404,1.95794
C1,FRTO,2030,35543,0,35543,34703.7,16420.6,839.296,2.41847
C1,FRTO,2031,35701.1,0,35701.1,34695.1,16405.6,1005.98,2.89949
C1,FRTO,2032,35853.4,0,35853.4,34682.5,16387.1,1170.95,3.37622
C1,FRTO,2033,35999,0,35999,34665,16364.7,1333.98,3.84819
C1,FRTO,2034,36163.2,0,36163.2,34649,16338.1,1514.23,4.3702
C1,FRTO,2035,36319.4,0,36319.4,34628.5,16307.9,1690.91,4.88298
C1,FRTO,2036,36458.1,0,36458.1,34637.9,16267.4,1820.23,5.25502
C1,FRTO,2037,36582.7,0,36582.7,34640.7,16224,1942.01,5.60616
C1,FRTO,2038,36696,0,36696,34637.2,16177.2,2058.88,5.94414
C1,FRTO,2039,36800.3,0,36800.3,34628.3,16127.6,2171.99,6.27229
C1,FRTO,2040,36897.3,0,36897.3,34613.4,16073.9,2283.88,6.59824
C1,FRTO,2041,36988.5,0,36988.5,34588.1,16011.5,2400.36,6.93985
C1,FRTO,2042,37075,0,37075,34558.2,15945.9,2516.86,7.28297
C1,FRTO,2043,37157.9,0,37157.9,34523.4,15876.6,2634.47,7.63096
C1,FRTO,2044,37237.8,0,37237.8,34484.2,15803.9,2753.59,7.98508
C1,FRTO,2045,37315.4,0,37315.4,34440.1,15727,2875.32,8.34877
C1,FRTO,2046,37391.2,0,37391.2,34388.7,15643.6,3002.49,8.73105
C1,FRTO,2047,37465.5,0,37465.5,34331.1,15554.7,3134.4,9.12993
C1,FRTO,2048,37538.6,0,37538.6,34267.5,15460.4,3271.1,9.54578
C1,FRTO,2049,37610.9,0,37610.9,34197,15359.8,3413.89,9.983
C1,FRTO,2050,37682.5,0,37682.5,34119.3,15252.5,3563.13,10.4431
C1,VEGT,2023,82868.1,0,82868.1,81577.7,19187.1,1290.41,1.58182
C1,VEGT,2024,83696.8,0,83696.8,82264,20415.5,1432.82,1.74174
C1,VEGT,2025,84308.9,0,84308.9,82664.5,20442.7,1644.35,1.98918
C1,VEGT,2026,84861.6,0,84861.6,83051.4,20466.5,1810.21,2.17963
C1,VEGT,2027,85356.2,0,85356.2,83429.2,20494,1927.01,2.30975
C1,VEGT,2028,85792.8,0,85792.8,83786.4,20517,2006.34,2.39459
C1,VEGT,2029,86172.1,0,86172.1,84122.8,20535.1,2049.32,2.43611
C1,VEGT,2030,86493.9,0,86493.9,84433.1,20548.7,2060.82,2.44077
C1,VEGT,2031,86757.1,0,86757.1,84716.3,20557.9,2040.84,2.40903
C1,VEGT,2032,86961.4,0,86961.4,84973.4,20563.9,1987.97,2.33952
C1,VEGT,2033,87104.2,0,87104.2,85201.1,20566.2,1903.06,2.2336
C1,VEGT,2034,87184,0,87184,85397.7,20564.6,1786.3,2.09175
C1,VEGT,2035,87198.2,0,87198.2,85562.3,20560.1,1635.94,1.91199
C1,VEGT,2036,87130.6,0,87130.6,85689.6,20549.3,1440.93,1.68157
C1,VEGT,2037,86997.5,0,86997.5,85777.5,20534.8,1219.97,1.42225
C1,VEGT,2038,86812.4,0,86812.4,85832,20515.8,980.373,1.1422
C1,VEGT,2039,86586,0,86586,85859.1,20492.9,726.877,0.846592
C1,VEGT,2040,86326.9,0,86326.9,85861.4,20464.8,465.493,0.542145
C1,VEGT,2041,86042,0,86042,85842.7,20431.8,199.269,0.232133
C1,VEGT,2042,85736.9,69.2617,85806.2,85806.2,20394.4,1.30967e-10,1.52631e-13
C1,VEGT,2043,85416.1,337.344,85753.4,85753.4,20351.9,7.27596e-11,8.48474e-14
C1,VEGT,2044,85083,603.321,85686.3,85686.3,20304.7,1.45519e-11,1.69828e-14
C1,VEGT,2045,84740.5,864.785,85605.2,85605.2,20251.8,4.36557e-11,5.09966e-14
C1,VEGT,2046,84390.8,1118.92,85509.7,85509.7,20191.9,-2.91038e-11,-3.40357e-14
C1,VEGT,2047,84035.8,1364.17,85399.9,85399.9,20124.4,-1.45519e-11,-1.70397e-14
C1,VEGT,2048,83676.8,1599.94,85276.8,85276.8,20049.5,-2.91038e-11,-3.41287e-14
C1,VEGT,2049,83315.1,1823.98,85139.1,85139.1,19965.8,2.91038e-11,3.41839e-14
C1,VEGT,2050,82951.5,2035.37,84986.9,84986.9,19873,0,0
C1,OTGR,2023,3739.7,384.9,4124.6,4124.6,217.92,6.36646e-12,1.54353e-13
C1,OTGR,2024,3815.6,192.67,4008.27,4008.27,164.532,1.36424e-12,3.40357e-14
C1,OTGR,2025,3816.35,200.901,4017.25,4017.25,163.681,4.54747e-13,1.13199e-14
C1,OTGR,2026,3817.1,211.645,4028.74,4028.74,162.988,-4.54747e-13,-1.12876e-14
C1,OTGR,2027,3817.85,223.803,4041.65,4041.65,162.327,1.81899e-12,4.50061e-14
C1,OTGR,2028,3818.6,236.938,4055.54,4055.54,161.628,0,0
C1,OTGR,2029,3819.35,251.605,4070.95,4070.95,160.89,-9.09495e-13,-2.23411e-14
C1,OTGR,2030,3820.1,267.132,4087.23,4087.23,160.113,1.81899e-12,4.45042e-14
C1,OTGR,2031,3820.85,276.856,4097.7,4097.7,159.44,0,0
C1,OTGR,2032,3821.6,285.357,4106.96,4106.96,158.746,-1.81899e-12,-4.42905e-14
C1,OTGR,2033,3822.35,294.426,4116.78,4116.78,158.022,9.09495e-13,2.20924e-14
C1,OTGR,2034,3825.85,301.355,4127.21,4127.21,157.266,0,0
C1,OTGR,2035,3829.36,308.807,4138.16,4138.16,156.486,1.81899e-12,4.39564e-14
C1,OTGR,2036,3832.86,315.93,4148.79,4148.79,155.792,9.09495e-12,2.19219e-13
C1,OTGR,2037,3836.38,322.168,4158.54,4158.54,155.074,1.81899e-12,4.3741e-14
C1,OTGR,2038,3839.89,327.739,4167.63,4167.63,154.323,-1.81899e-12,-4.36457e-14
C1,OTGR,2039,3843.41,332.791,4176.2,4176.2,153.544,-1.81899e-12,-4.35561e-14
C1,OTGR,2040,3846.93,337.45,4184.38,4184.38,152.726,-1.81899e-12,-4.34709e-14
C1,OTGR,2041,3850.46,341.838,4192.29,4192.29,151.974,-9.09495e-13,-2.16944e-14
C1,OTGR,2042,3853.98,345.908,4199.89,4199.89,151.193,-9.09495e-13,-2.16552e-14
C1,OTGR,2043,3857.51,349.692,4207.21,4207.21,150.376,1.81899e-12,4.32351e-14
C1,OTGR,2044,3861.05,353.224,4214.27,4214.27,149.525,2.72848e-12,6.47439e-14
C1,OTGR,2045,3864.59,356.395,4220.98,4220.98,148.634,4.54747e-12,1.07735e-13
C1,OTGR,2046,3868.13,359.363,4227.49,4227.49,147.718,8.18545e-12,1.93624e-13
C1,OTGR,2047,3871.67,362.11,4233.78,4233.78,146.751,4.54747e-12,1.07409e-13
C1,OTGR,2048,3875.22,364.648,4239.87,4239.87,145.731,-3.63798e-12,-8.58041e-14
C1,OTGR,2049,3878.77,366.967,4245.74,4245.74,144.65,-1.81899e-11,-4.28427e-13
C1,OTGR,2050,3882.32,369.069,4251.39,4251.39,143.506,-3.18323e-11,-7.48751e-13
C1,SORG,2023,318,485.8,803.8,803.8,67,-1.13687e-13,-1.41437e-14
C1,SORG,2024,314,865.5,1179.5,1179.5,65,0,0
C1,SORG,2025,314.35,864.949,1179.3,1179.3,64.656,4.54747e-13,3.85608e-14
C1,SORG,2026,314.624,865.124,1179.75,1179.75,64.3802,-4.54747e-13,-3.85462e-14
C1,SORG,2027,314.821,865.719,1180.54,1180.54,64.1247,6.82121e-13,5.77804e-14
C1,SORG,2028,314.94,866.613,1181.55,1181.55,63.8615,4.54747e-13,3.84873e-14
C1,SORG,2029,314.977,867.95,1182.93,1182.93,63.5915,-2.27374e-13,-1.92213e-14
C1,SORG,2030,314.931,869.558,1184.49,1184.49,63.3152,0,0
C1,SORG,2031,314.795,869.716,1184.51,1184.51,63.0888,2.27374e-13,1.91956e-14
C1,SORG,2032,314.568,869.605,1184.17,1184.17,62.8643,-2.27374e-13,-1.9201e-14
C1,SORG,2033,314.242,869.695,1183.94,1183.94,62.6393,2.27374e-13,1.92049e-14
C1,SORG,2034,313.812,869.987,1183.8,1183.8,62.414,-4.54747e-13,-3.84142e-14
C1,SORG,2035,313.271,870.476,1183.75,1183.75,62.1922,0,0
C1,SORG,2036,312.633,871.168,1183.8,1183.8,62.0032,1.59162e-12,1.3445e-13
C1,SORG,2037,311.996,871.837,1183.83,1183.83,61.804,-4.54747e-13,-3.84132e-14
C1,SORG,2038,311.36,872.514,1183.87,1183.87,61.591,0,0
C1,SORG,2039,310.725,873.219,1183.94,1183.94,61.366,-4.54747e-13,-3.84095e-14
C1,SORG,2040,310.092,873.968,1184.06,1184.06,61.1248,-4.54747e-13,-3.84058e-14
C1,SORG,2041,309.46,874.792,1184.25,1184.25,60.9087,2.27374e-13,1.91998e-14
C1,SORG,2042,308.83,875.651,1184.48,1184.48,60.6802,0,0
C1,SORG,2043,308.2,876.542,1184.74,1184.74,60.4365,2.27374e-13,1.91918e-14
C1,SORG,2044,307.572,877.463,1185.04,1185.04,60.1781,4.54747e-13,3.83742e-14
C1,SORG,2045,306.945,878.376,1185.32,1185.32,59.9028,6.82121e-13,5.75474e-14
C1,SORG,2046,306.32,879.316,1185.64,1185.64,59.6169,1.81899e-12,1.53419e-13
C1,SORG,2047,305.696,880.268,1185.96,1185.96,59.3088,1.36424e-12,1.15032e-13
C1,SORG,2048,305.073,881.229,1186.3,1186.3,58.9788,4.54747e-13,3.83332e-14
C1,SORG,2049,304.451,882.188,1186.64,1186.64,58.6228,-4.3201e-12,-3.64062e-13
C1,SORG,2050,303.83,883.142,1186.97,1186.97,58.24,-7.95808e-12,-6.70452e-13
C1,BARL,2023,200,1589.8,1789.8,1640,90.2,149.8,9.13415
C1,BARL,2024,200,1424,1624,1624,89.32,0,0
C1,BARL,2025,200.234,1417.72,1617.95,1617.95,88.8137,0,0
C1,BARL,2026,200.421,1411.92,1612.34,1612.34,88.4042,2.27374e-13,1.41021e-14
C1,BARL,2027,200.558,1406.4,1606.96,1606.96,88.0132,4.54747e-13,2.82987e-14
C1,BARL,2028,200.645,1401.07,1601.71,1601.71,87.6013,-2.27374e-13,-1.41956e-14
C1,BARL,2029,200.681,1396.07,1596.75,1596.75,87.1692,-4.54747e-13,-2.84796e-14
C1,BARL,2030,200.663,1391.23,1591.89,1591.89,86.7171,0,0
C1,BARL,2031,200.589,1385.57,1586.16,1586.16,86.33,-2.27374e-13,-1.43349e-14
C1,BARL,2032,200.456,1379.82,1580.27,1580.27,85.9322,-4.54747e-13,-2.87765e-14
C1,BARL,2033,200.26,1374.25,1574.51,1574.51,85.5191,0,0
C1,BARL,2034,200.055,1368.84,1568.89,1568.89,85.09,-4.54747e-13,-2.89852e-14
C1,BARL,2035,199.779,1363.63,1563.41,1563.41,84.6489,4.54747e-13,2.90869e-14
C1,BARL,2036,199.441,1359.4,1558.84,1558.84,84.2617,9.09495e-13,5.83442e-14
C1,BARL,2037,199.103,1355.85,1554.95,1554.95,83.8614,2.27374e-13,1.46226e-14
C1,BARL,2038,198.766,1352.9,1551.67,1551.67,83.4431,-2.27374e-13,-1.46535e-14
C1,BARL,2039,198.43,1350.5,1548.93,1548.93,83.0095,-4.54747e-13,-2.93588e-14
C1,BARL,2040,198.094,1348.59,1546.68,1546.68,82.5549,2.27374e-13,1.47007e-14
C1,BARL,2041,197.759,1347.16,1544.92,1544.92,82.142,9.09495e-13,5.88701e-14
C1,BARL,2042,197.424,1346.1,1543.53,1543.53,81.7135,2.27374e-13,1.47308e-14
C1,BARL,2043,197.09,1345.36,1542.45,1542.45,81.2653,-2.27374e-13,-1.4741e-14
C1,BARL,2044,196.756,1344.91,1541.67,1541.67,80.7984,-2.27374e-13,-1.47486e-14
C1,BARL,2045,196.423,1344.67,1541.09,1541.09,80.3097,2.27374e-13,1.47541e-14
C1,BARL,2046,196.091,1344.63,1540.72,1540.72,79.8099,1.59162e-12,1.03303e-13
C1,BARL,2047,195.759,1344.75,1540.51,1540.51,79.2815,1.13687e-12,7.37981e-14
C1,BARL,2048,195.428,1345,1540.42,1540.42,78.7251,-2.27374e-13,-1.47605e-14
C1,BARL,2049,195.097,1345.33,1540.42,1540.42,78.1353,-2.50111e-12,-1.62365e-13
C1,BARL,2050,194.767,1345.72,1540.49,1540.49,77.5111,-5.45697e-12,-3.54237e-13
C1,PIGM,2023,5794,152.32,5946.32,5946.32,4546.55,9.09495e-13,1.52951e-14
C1,PIGM,2024,5706,104.23,5810.23,5810.23,4444.17,0,0
C1,PIGM,2025,5731.07,21.4946,5752.57,5752.57,4374.86,9.09495e-13,1.58102e-14
C1,PIGM,2026,5701.77,0,5701.77,5692.11,4305.65,9.66073,0.169721
C1,PIGM,2027,5675.42,0,5675.42,5627.65,4238.98,47.7677,0.848804
C1,PIGM,2028,5651.73,0,5651.73,5562.57,4171.69,89.1599,1.60285
C1,PIGM,2029,5630.44,0,5630.44,5497.36,4104.15,133.077,2.42074
C1,PIGM,2030,5611.32,0,5611.32,5431.65,4036.16,179.668,3.30779
C1,PIGM,2031,5601.57,0,5601.57,5366.6,3968.47,234.967,4.37832
C1,PIGM,2032,5586.72,0,5586.72,5302.44,3901.94,284.282,5.36135
C1,PIGM,2033,5573.62,0,5573.62,5238.39,3835.48,335.221,6.39931
C1,PIGM,2034,5562.14,0,5562.14,5174.47,3769.1,387.67,7.49199
C1,PIGM,2035,5552.18,0,5552.18,5110.89,3703,441.29,8.63431
C1,PIGM,2036,5543.15,0,5543.15,5053.93,3637.15,489.213,9.67984
C1,PIGM,2037,5535.76,0,5535.76,4997.66,3572.04,538.1,10.767
C1,PIGM,2038,5529.69,0,5529.69,4941.14,3506.77,588.545,11.9111
C1,PIGM,2039,5524.66,0,5524.66,4884.52,3441.49,640.14,13.1055
C1,PIGM,2040,5520.47,0,5520.47,4827.57,3376.01,692.899,14.353
C1,PIGM,2041,5516.94,0,5516.94,4770.91,3310.95,746.029,15.637
C1,PIGM,2042,5513.95,0,5513.95,4714.74,3246.53,799.204,16.9512
C1,PIGM,2043,5511.38,0,5511.38,4658.39,3182.08,852.988,18.3108
C1,PIGM,2044,5509.14,0,5509.14,4601.91,3117.67,907.232,19.7142
C1,PIGM,2045,5507.18,0,5507.18,4545.22,3053.22,961.958,21.1642
C1,PIGM,2046,5505.43,0,5505.43,4488.28,2988.71,1017.16,22.6625
C1,PIGM,2047,5503.85,0,5503.85,4431.06,2924.13,1072.8,24.2108
C1,PIGM,2048,5502.41,0,5502.41,4373.5,2859.43,1128.91,25.8126
C1,PIGM,2049,5501.08,0,5501.08,4315.44,2794.44,1185.63,27.4742
C1,PIGM,2050,5499.83,0,5499.83,4256.91,2729.21,1242.92,29.1978
C1,CATM,2023,753,273.73,1026.73,1026.73,925.67,0,0
C1,CATM,2024,779,287.41,1066.41,1066.41,954.39,0,0
C1,CATM,2025,747.119,303.926,1051.04,1051.04,943.609,2.27374e-13,2.16331e-14
C1,CATM,2026,752.254,287.486,1039.74,1039.74,931.566,0,0
C1,CATM,2027,757.094,272.063,1029.16,1029.16,920.287,-2.27374e-13,-2.20932e-14
C1,CATM,2028,761.998,256.321,1018.32,1018.32,908.744,-1.13687e-13,-1.11642e-14
C1,CATM,2029,770.967,237.008,1007.97,1007.97,897.11,5.68434e-13,5.63937e-14
C1,CATM,2030,780.079,217.375,997.454,997.454,885.279,-6.82121e-13,-6.83862e-14
C1,CATM,2031,789.342,196.955,986.297,986.297,872.79,1.13687e-13,1.15266e-14
C1,CATM,2032,798.761,176.927,975.688,975.688,860.826,5.68434e-13,5.82599e-14
C1,CATM,2033,808.344,156.812,965.156,965.156,848.916,4.54747e-13,4.71165e-14
C1,CATM,2034,818.099,136.613,954.712,954.712,837.069,-4.54747e-13,-4.76319e-14
C1,CATM,2035,828.035,116.395,944.43,944.43,825.359,5.68434e-13,6.01881e-14
C1,CATM,2036,837.401,95.9553,933.356,933.356,812.938,-5.68434e-13,-6.09022e-14
C1,CATM,2037,846.873,75.5613,922.434,922.434,800.654,7.95808e-13,8.62726e-14
C1,CATM,2038,856.451,54.8163,911.267,911.267,788.11,4.54747e-13,4.99028e-14
C1,CATM,2039,866.137,33.7604,899.897,899.897,775.347,0,0
C1,CATM,2040,875.932,12.3541,888.286,888.286,762.327,0,0
C1,CATM,2041,885.837,0,885.837,876.236,748.853,9.60144,1.09576
C1,CATM,2042,895.854,0,895.854,864.314,735.49,31.5403,3.64918
C1,CATM,2043,905.984,0,905.984,852.23,721.95,53.7541,6.30746
C1,CATM,2044,916.228,0,916.228,840.007,708.254,76.2202,9.07375
C1,CATM,2045,926.587,0,926.587,827.636,694.393,98.951,11.9559
C1,CATM,2046,937.063,0,937.063,815.038,680.288,122.025,14.9717
C1,CATM,2047,947.656,0,947.656,802.338,666.065,145.319,18.1119
C1,CATM,2048,958.369,0,958.369,789.493,651.679,168.877,21.3905
C1,CATM,2049,969.203,0,969.203,776.478,637.107,192.725,24.8204
C1,CATM,2050,980.159,0,980.159,763.307,622.36,216.852,28.4095
C1,SHGM,2023,531,43.24,574.24,574.24,501.279,0,0
C1,SHGM,2024,518,36.53,554.53,554.53,495.466,0,0
C1,SHGM,2025,520.85,28.2964,549.147,549.147,489.758,0,0
C1,SHGM,2026,523.723,19.6087,543.332,543.332,483.615,2.27374e-13,4.1848e-14
C1,SHGM,2027,526.619,11.3044,537.923,537.923,477.876,-3.41061e-13,-6.34032e-14
C1,SHGM,2028,529.538,2.87705,532.415,532.415,472.036,-3.41061e-13,-6.40591e-14
C1,SHGM,2029,532.248,0,532.248,526.862,466.173,5.3859,1.02226
C1,SHGM,2030,534.766,0,534.766,521.205,460.23,13.561,2.60185
C1,SHGM,2031,537.111,0,537.111,515.296,454.052,21.8153,4.23355
C1,SHGM,2032,539.298,0,539.298,509.633,448.141,29.6645,5.82075
C1,SHGM,2033,541.342,0,541.342,503.982,442.256,37.3598,7.41293
C1,SHGM,2034,543.257,0,543.257,498.348,436.403,44.9096,9.0117
C1,SHGM,2035,545.057,0,545.057,492.767,430.617,52.2908,10.6117
C1,SHGM,2036,547.063,0,547.063,486.918,424.54,60.1453,12.3522
C1,SHGM,2037,548.95,0,548.95,481.136,418.542,67.8147,14.0947
C1,SHGM,2038,550.731,0,550.731,475.223,412.427,75.5079,15.8889
C1,SHGM,2039,552.416,0,552.416,469.201,406.213,83.2144,17.7353
C1,SHGM,2040,554.271,0,554.271,463.078,399.878,91.1929,19.6928
C1,SHGM,2041,556.023,0,556.023,456.739,393.34,99.2838,21.7375
C1,SHGM,2042,557.682,0,557.682,450.448,386.859,107.234,23.8062
C1,SHGM,2043,559.258,0,559.258,444.057,380.288,115.201,25.9428
C1,SHGM,2044,560.757,0,560.757,437.577,373.638,123.18,28.1504
C1,SHGM,2045,561.536,0,561.536,430.928,366.9,130.607,30.3084
C1,SHGM,2046,562.316,0,562.316,424.152,360.035,138.164,32.5741
C1,SHGM,2047,563.097,0,563.097,417.308,353.102,145.789,34.9355
C1,SHGM,2048,563.879,0,563.879,410.372,346.077,153.506,37.4066
C1,SHGM,2049,564.662,0,564.662,403.331,338.946,161.331,39.9997
C1,SHGM,2050,565.446,0,565.446,396.187,331.713,169.259,42.7218
C1,CHKM,2023,2609.25,74.7687,2684.02,2684.02,2423.09,9.09495e-13,3.38856e-14
C1,CHKM,2024,2637.39,20.6355,2658.03,2658.03,2394.29,-9.09495e-13,-3.42169e-14
C1,CHKM,2025,2727.89,0,2727.89,2712.95,2440.16,14.9424,0.550779
C1,CHKM,2026,2733.34,24.8228,2758.16,2758.16,2484.83,3.18323e-12,1.15411e-13
C1,CHKM,2027,2741.5,64.6279,2806.12,2806.12,2531.97,-1.36424e-12,-4.86166e-14
C1,CHKM,2028,2749.8,104.477,2854.27,2854.27,2579.29,-2.72848e-12,-9.55929e-14
C1,CHKM,2029,2758.25,144.698,2902.94,2902.94,2627.12,5.00222e-12,1.72315e-13
C1,CHKM,2030,2766.85,184.964,2951.82,2951.82,2675.13,2.27374e-12,7.70283e-14
C1,CHKM,2031,2775.64,224.441,3000.08,3000.08,2722.52,-5.00222e-12,-1.66736e-13
C1,CHKM,2032,2784.61,265.668,3050.28,3050.28,2771.82,1.36424e-12,4.47251e-14
C1,CHKM,2033,2793.79,307.447,3101.24,3101.24,2821.86,-1.81899e-12,-5.86536e-14
C1,CHKM,2034,2803.2,349.801,3153,3153,2872.68,-3.18323e-12,-1.00959e-13
C1,CHKM,2035,2812.85,392.952,3205.8,3205.8,2924.51,1.36424e-12,4.25555e-14
C1,CHKM,2036,2831.01,425.975,3256.98,3256.98,2973.88,0,0
C1,CHKM,2037,2847.25,461.488,3308.74,3308.74,3024.01,9.09495e-13,2.74876e-14
C1,CHKM,2038,2862.56,497.341,3359.9,3359.9,3073.65,0,0
C1,CHKM,2039,2877.44,533.128,3410.57,3410.57,3122.83,2.72848e-12,8.00008e-14
C1,CHKM,2040,2892.14,568.343,3460.48,3460.48,3171.27,9.09495e-13,2.62823e-14
C1,CHKM,2041,2906.78,602.099,3508.87,3508.87,3218.2,-9.09495e-13,-2.59198e-14
C1,CHKM,2042,2921.42,636.124,3557.54,3557.54,3265.4,-7.7307e-12,-2.17304e-13
C1,CHKM,2043,2936.1,669.261,3605.37,3605.37,3311.75,-4.54747e-13,-1.26131e-14
C1,CHKM,2044,2950.84,701.462,3652.31,3652.31,3357.22,-9.09495e-12,-2.49019e-13
C1,CHKM,2045,2965.65,732.522,3698.17,3698.17,3401.6,-1.45519e-11,-3.9349e-13
C1,CHKM,2046,2980.51,761.903,3742.42,3742.42,3444.37,-3.00133e-11,-8.01977e-13
C1,CHKM,2047,2995.45,789.947,3785.4,3785.4,3485.86,-2.59206e-11,-6.84752e-13
C1,CHKM,2048,3010.46,816.317,3826.78,3826.78,3525.74,5.45697e-12,1.42599e-13
C1,CHKM,2049,3025.55,840.674,3866.22,3866.22,3563.67,6.73026e-11,1.74078e-12
C1,CHKM,2050,3040.7,862.863,3903.57,3903.57,3599.5,1.32786e-10,3.40166e-12
C1,EGGS,2023,3028.55,0,3028.55,3011.87,2383.06,16.68,0.553809
C1,EGGS,2024,3049.8,0,3049.8,3031.91,2386.64,17.8911,0.590095
C1,EGGS,2025,3064.17,0,3064.17,3029.86,2375.51,34.3096,1.13238
C1,EGGS,2026,3076.52,0,3076.52,3026.88,2363.55,49.6434,1.64009
C1,EGGS,2027,3087.18,0,3087.18,3024.34,2352.05,62.8422,2.07789
C1,EGGS,2028,3096.41,0,3096.41,3021.18,2339.95,75.233,2.49019
C1,EGGS,2029,3104.45,0,3104.45,3017.5,2327.26,86.9486,2.88147
C1,EGGS,2030,3111.51,0,3111.51,3013.27,2314.01,98.2465,3.26046
C1,EGGS,2031,3117.77,0,3117.77,3008.31,2300,109.465,3.63877
C1,EGGS,2032,3123.39,0,3123.39,3003.15,2285.71,120.233,4.00354
C1,EGGS,2033,3128.5,0,3128.5,2997.68,2271.01,130.817,4.36393
C1,EGGS,2034,3133.22,0,3133.22,2991.88,2255.89,141.345,4.7243
C1,EGGS,2035,3137.68,0,3137.68,2985.88,2240.45,151.801,5.08395
C1,EGGS,2036,3122.82,0,3122.82,2982.9,2228.77,139.928,4.69103
C1,EGGS,2037,3107.57,0,3107.57,2979.15,2216.74,128.423,4.31074
C1,EGGS,2038,3092.02,0,3092.02,2974.53,2204.21,117.489,3.94983
C1,EGGS,2039,3076.25,0,3076.25,2969.15,2191.27,107.104,3.60723
C1,EGGS,2040,3060.33,0,3060.33,2962.87,2177.76,97.4634,3.2895
C1,EGGS,2041,3044.31,0,3044.31,2955.65,2163.63,88.6574,2.99959
C1,EGGS,2042,3028.21,0,3028.21,2947.73,2149.1,80.4827,2.73033
C1,EGGS,2043,3012.09,0,3012.09,2939.03,2134.07,73.0534,2.48563
C1,EGGS,2044,2995.95,0,2995.95,2929.6,2118.57,66.3525,2.2649
C1,EGGS,2045,2979.83,0,2979.83,2919.36,2102.52,60.4664,2.07122
C1,EGGS,2046,2963.73,0,2963.73,2908.16,2085.76,55.5685,1.91078
C1,EGGS,2047,2947.67,0,2947.67,2896.01,2068.3,51.6604,1.78384
C1,EGGS,2048,2931.66,0,2931.66,2882.94,2050.14,48.7242,1.69009
C1,EGGS,2049,2915.71,0,2915.71,2868.82,2031.16,46.8972,1.63472
C1,EGGS,2050,2899.82,0,2899.82,2853.62,2011.33,46.1992,1.61897
C1,MILK,2023,4197,1694.13,5891.13,5891.13,5223.43,-9.09495e-13,-1.54384e-14
C1,MILK,2024,4079,1555.36,5634.36,5634.36,4998.61,0,0
C1,MILK,2025,3962.98,1797.15,5760.13,5760.13,5142.47,-2.72848e-12,-4.73684e-14
C1,MILK,2026,4076.9,1846.76,5923.65,5923.65,5288.24,9.09495e-13,1.53536e-14
C1,MILK,2027,4194.25,1900.63,6094.88,6094.88,5441.17,-9.09495e-13,-1.49223e-14
C1,MILK,2028,4315.16,1953.57,6268.74,6268.74,5596.18,0,0
C1,MILK,2029,4439.77,2006.26,6446.02,6446.02,5754.05,-2.72848e-12,-4.23282e-14
C1,MILK,2030,4568.19,2058.04,6626.23,6626.23,5914.24,-4.54747e-12,-6.86284e-14
C1,MILK,2031,4613.62,2183.08,6796.7,6796.7,6077.63,9.09495e-13,1.33814e-14
C1,MILK,2032,4659.77,2313.8,6973.57,6973.57,6247.31,0,0
C1,MILK,2033,4706.69,2447.68,7154.37,7154.37,6420.8,9.09495e-13,1.27124e-14
C1,MILK,2034,4754.41,2584.76,7339.17,7339.17,6598.16,-6.36646e-12,-8.67464e-14
C1,MILK,2035,4802.98,2725.59,7528.57,7528.57,6779.99,2.72848e-12,3.62417e-14
C1,MILK,2036,4843.47,2872.93,7716.4,7716.4,6961.51,-4.54747e-12,-5.89326e-14
C1,MILK,2037,4876.93,3030.34,7907.27,7907.27,7147.16,0,0
C1,MILK,2038,4904.66,3193.72,8098.39,8098.39,7333.96,-1.81899e-12,-2.24611e-14
C1,MILK,2039,4927.77,3362.22,8289.98,8289.98,7521.95,-3.63798e-12,-4.3884e-14
C1,MILK,2040,4947.13,3534.35,8481.49,8481.49,7710.44,1.81899e-12,2.14466e-14
C1,MILK,2041,4963.49,3710.91,8674.4,8674.4,7900.8,1.81899e-12,2.09696e-14
C1,MILK,2042,4977.41,3892.65,8870.06,8870.06,8094.29,3.63798e-12,4.10141e-14
C1,MILK,2043,4989.39,4076.34,9065.73,9065.73,8288.09,-3.63798e-12,-4.01289e-14
C1,MILK,2044,4999.79,4261.51,9261.3,9261.3,8482.05,1.81899e-12,1.96408e-14
C1,MILK,2045,5008.94,4447.33,9456.27,9456.27,8675.59,-3.63798e-12,-3.84716e-14
C1,MILK,2046,5017.08,4633.23,9650.31,9650.31,8868.36,1.81899e-12,1.8849e-14
C1,MILK,2047,5024.41,4818.81,9843.22,9843.22,9060.13,-1.81899e-12,-1.84796e-14
C1,MILK,2048,5031.09,5002.95,10034,10034,9249.91,3.63798e-12,3.62564e-14
C1,MILK,2049,5037.26,5184.54,10221.8,10221.8,9436.7,-7.27596e-12,-7.11808e-14
C1,MILK,2050,5043,5362.92,10405.9,10405.9,9619.94,0,0
C1,FISH,2023,7116.2,296,7412.2,7412.2,3132.04,0,0
C1,FISH,2024,7366,269,7635,7635,3204.13,0,0
C1,FISH,2025,7453.32,323.472,7776.79,7776.79,3280.94,4.54747e-12,5.84749e-14
C1,FISH,2026,7540.81,376.173,7916.99,7916.99,3355.84,-9.09495e-13,-1.14879e-14
C1,FISH,2027,7628.49,432.181,8060.67,8060.67,3433.65,-9.09495e-13,-1.12831e-14
C1,FISH,2028,7716.36,490.081,8206.44,8206.44,3512.92,-1.81899e-12,-2.21654e-14
C1,FISH,2029,7804.43,550.384,8354.81,8354.81,3593.77,-3.63798e-12,-4.35435e-14
C1,FISH,2030,7892.71,612.691,8505.4,8505.4,3676.29,5.45697e-12,6.41589e-14
C1,FISH,2031,7981.22,674.592,8655.81,8655.81,3757.91,0,0
C1,FISH,2032,8069.98,739.58,8809.56,8809.56,3841.83,3.63798e-12,4.12958e-14
C1,FISH,2033,8159,807.525,8966.53,8966.53,3928.02,5.45697e-12,6.08593e-14
C1,FISH,2034,8248.33,878.584,9126.92,9126.92,4016.59,-1.81899e-12,-1.99299e-14
C1,FISH,2035,8333.86,956.717,9290.58,9290.58,4107.96,-9.09495e-12,-9.78943e-14
C1,FISH,2036,8405.51,1056.44,9461.95,9461.95,4195.9,-1.45519e-11,-1.53794e-13
C1,FISH,2037,8461.78,1170.79,9632.57,9632.57,4284.86,0,0
C1,FISH,2038,8505.54,1297.01,9802.55,9802.55,4374.54,3.63798e-12,3.71126e-14
C1,FISH,2039,8539.17,1433.17,9972.34,9972.34,4465.03,5.45697e-12,5.47211e-14
C1,FISH,2040,8564.61,1577.23,10141.8,10141.8,4555.98,0,0
C1,FISH,2041,8583.44,1725.54,10309,10309,4645.1,-1.81899e-12,-1.76447e-14
C1,FISH,2042,8596.97,1879.44,10476.4,10476.4,4734.86,7.27596e-12,6.94509e-14
C1,FISH,2043,8606.22,2037.73,10644,10644,4824.96,1.81899e-12,1.70894e-14
C1,FISH,2044,8612.05,2199.65,10811.7,10811.7,4915.38,-1.81899e-12,-1.68243e-14
C1,FISH,2045,8615.13,2364.34,10979.5,10979.5,5005.87,0,0
C1,FISH,2046,8616.01,2530.18,11146.2,11146.2,5095.33,1.81899e-12,1.63194e-14
C1,FISH,2047,8615.13,2697.21,11312.3,11312.3,5184.24,-3.63798e-12,-3.21594e-14
C1,FISH,2048,8612.83,2865.01,11477.8,11477.8,5272.49,1.81899e-12,1.58478e-14
C1,FISH,2049,8609.42,3032.81,11642.2,11642.2,5359.61,-3.63798e-12,-3.12481e-14
C1,FISH,2050,8605.1,3200.12,11805.2,11805.2,5445.35,1.09139e-11,9.24501e-14
C2,RICE,2023,20660.3,100.6,20760.9,20760.9,15799.6,3.63798e-12,1.75232e-14
C2,RICE,2024,20753.5,78.57,20832.1,20832.1,15650,0,0
C2,RICE,2025,20794.1,13.0104,20807.1,20807.1,15323.1,-1.09139e-11,-5.24528e-14
C2,RICE,2026,20834.1,0,20834.1,20797,15026,37.0219,0.178015
C2,RICE,2027,20873.2,0,20873.2,20759.7,14735.9,113.526,0.546858
C2,RICE,2028,20911.5,0,20911.5,20708.3,14449.3,203.219,0.981343
C2,RICE,2029,20948.9,0,20948.9,20662.7,14165.4,286.128,1.38475
C2,RICE,2030,20985.2,0,20985.2,20624.5,13884.5,360.713,1.74896
C2,RICE,2031,21004.7,0,21004.7,20556.2,13623.2,448.462,2.18164
C2,RICE,2032,21022.9,0,21022.9,20454.6,13363,568.249,2.77809
C2,RICE,2033,21039.7,0,21039.7,20358.5,13105.4,681.155,3.3458
C2,RICE,2034,21054.9,0,21054.9,20267.7,12850,787.227,3.88415
C2,RICE,2035,21068.5,0,21068.5,20182.5,12597.5,885.971,4.3898
C2,RICE,2036,21079.7,0,21079.7,20106.2,12361.6,973.52,4.84189
C2,RICE,2037,21089,0,21089,20032.9,12127.9,1056.1,5.27186
C2,RICE,2038,21096.5,0,21096.5,19963.6,11897.4,1132.85,5.6746
C2,RICE,2039,21102.4,0,21102.4,19898.8,11670.6,1203.59,6.04856
C2,RICE,2040,21107,0,21107,19837.6,11446.5,1269.35,6.39868
C2,RICE,2041,21110.3,0,21110.3,19790.1,11235.1,1320.21,6.67109
C2,RICE,2042,21112.5,0,21112.5,19745.1,11025.3,1367.4,6.92527
C2,RICE,2043,21113.7,0,21113.7,19703.6,10818,1410.15,7.15682
C2,RICE,2044,21114.1,0,21114.1,19665.6,10613.1,1448.44,7.36535
C2,RICE,2045,21113.5,0,21113.5,19630.7,10410.4,1482.79,7.55339
C2,RICE,2046,21112.2,0,21112.2,19600.6,10211.3,1511.63,7.71214
C2,RICE,2047,21110.2,0,21110.2,19572.3,10013,1537.97,7.85792
C2,RICE,2048,21107.6,0,21107.6,19546.1,9815.84,1561.44,7.98849
C2,RICE,2049,21104.3,0,21104.3,19521.6,9619.2,1582.75,8.10767
C2,RICE,2050,21100.5,0,21100.5,19498.5,9422.97,1602.02,8.21612
C2,WHEA,2023,13659,1189.4,14848.4,14848.4,9162.85,-1.81899e-12,-1.22504e-14
C2,WHEA,2024,14009.9,1106.26,15116.2,15116.2,9100,3.63798e-12,2.40668e-14
C2,WHEA,2025,14115.7,932.179,15047.9,15047.9,8912.02,1.81899e-12,1.2088e-14
C2,WHEA,2026,14217.3,782.13,14999.4,14999.4,8741.14,-1.81899e-12,-1.21271e-14
C2,WHEA,2027,14314.7,640.878,14955.6,14955.6,8574.04,-5.45697e-12,-3.64878e-14
C2,WHEA,2028,14407.9,506.678,14914.6,14914.6,8408.66,-1.81899e-12,-1.2196e-14
C2,WHEA,2029,14496.8,379.967,14876.8,14876.8,8244.56,-3.63798e-12,-2.4454e-14
C2,WHEA,2030,14581.4,260.337,14841.7,14841.7,8081.93,-3.63798e-12,-2.45119e-14
C2,WHEA,2031,14595.7,148.066,14743.8,14743.8,7930.35,-1.81899e-12,-1.23373e-14
C2,WHEA,2032,14605,38.9511,14644,14644,7779.17,8.54925e-11,5.83807e-13
C2,WHEA,2033,14608.9,0,14608.9,14544.4,7629.12,64.5412,0.443754
C2,WHEA,2034,14607.3,0,14607.3,14444.9,7480.1,162.338,1.12384
C2,WHEA,2035,14599.8,0,14599.8,14345.8,7332.35,253.985,1.77045
C2,WHEA,2036,14588.4,0,14588.4,14242,7194.32,346.368,2.43201
C2,WHEA,2037,14573.5,0,14573.5,14138.3,7057.61,435.152,3.07782
C2,WHEA,2038,14555.4,0,14555.4,14035.4,6922.83,520.021,3.70508
C2,WHEA,2039,14534.5,0,14534.5,13933.4,6790.17,601.051,4.31374
C2,WHEA,2040,14511,0,14511,13832,6659.12,678.981,4.90876
C2,WHEA,2041,14485.3,0,14485.3,13737.1,6535.49,748.246,5.44692
C2,WHEA,2042,14457.6,0,14457.6,13642,6412.81,815.522,5.97801
C2,WHEA,2043,14428,0,14428,13547.5,6291.58,880.507,6.49941
C2,WHEA,2044,14396.8,0,14396.8,13453.5,6171.84,943.329,7.01177
C2,WHEA,2045,14364.2,0,14364.2,13359.7,6053.32,1004.49,7.5188
C2,WHEA,2046,14330.4,0,14330.4,13267.3,5936.98,1063.12,8.01309
C2,WHEA,2047,14295.4,0,14295.4,13174.3,5821.1,1121.06,8.50947
C2,WHEA,2048,14259.4,0,14259.4,13081.2,5705.92,1178.21,9.00695
C2,WHEA,2049,14222.5,0,14222.5,12987.4,5591.06,1235.08,9.50979
C2,WHEA,2050,14184.8,0,14184.8,12893,5476.46,1291.82,10.0195
C2,MAIZ,2023,28884,2712.1,31596.1,31596.1,1890,0,0
C2,MAIZ,2024,29492,1363,30855,30855,1890,0,0
C2,MAIZ,2025,29896.1,1135.51,31031.6,31031.6,1874.44,7.27596e-12,2.34469e-14
C2,MAIZ,2026,30301.1,913.57,31214.7,31214.7,1861.48,-7.27596e-12,-2.33094e-14
C2,MAIZ,2027,30706.7,1366.11,32072.8,32072.8,1848.79,3.63798e-12,1.13429e-14
C2,MAIZ,2028,31112.1,1268.74,32380.8,32380.8,1835.68,0,0
C2,MAIZ,2029,31516.8,1080.31,32597.1,32597.1,1822.15,0,0
C2,MAIZ,2030,31920.1,864.209,32784.3,32784.3,1808.22,-1.45519e-11,-4.43868e-14
C2,MAIZ,2031,31929.1,827.789,32756.9,32756.9,1796.09,7.27596e-12,2.2212e-14
C2,MAIZ,2032,31930.2,806.741,32737,32737,1783.6,3.63798e-11,1.11127e-13
C2,MAIZ,2033,31922.7,786.427,32709.1,32709.1,1770.79,3.63798e-12,1.11222e-14
C2,MAIZ,2034,31915,760.13,32675.1,32675.1,1757.64,-3.63798e-12,-1.11338e-14
C2,MAIZ,2035,31897,736.085,32633.1,32633.1,1744.22,7.27596e-12,2.22963e-14
C2,MAIZ,2036,31872,907.288,32779.3,32779.3,1732.41,-1.45519e-11,-4.43936e-14
C2,MAIZ,2037,31840.8,1077.06,32917.9,32917.9,1720.33,-1.45519e-11,-4.42068e-14
C2,MAIZ,2038,31804.1,1246.18,33050.3,33050.3,1707.97,7.27596e-12,2.20148e-14
C2,MAIZ,2039,31762.5,1415.05,33177.5,33177.5,1695.39,-1.45519e-11,-4.38608e-14
C2,MAIZ,2040,31716.5,1583.86,33300.3,33300.3,1682.49,-7.27596e-12,-2.18495e-14
C2,MAIZ,2041,31666.6,1753.85,33420.4,33420.4,1670.88,7.27596e-12,2.1771e-14
C2,MAIZ,2042,31613.3,1923.23,33536.5,33536.5,1658.96,-7.27596e-12,-2.16956e-14
C2,MAIZ,2043,31556.9,2091.83,33648.8,33648.8,1646.74,2.91038e-11,8.6493e-14
C2,MAIZ,2044,31497.8,2259.45,33757.3,33757.3,1634.25,7.27596e-12,2.15537e-14
C2,MAIZ,2045,31436.3,2424.96,33861.3,33861.3,1621.41,2.18279e-11,6.44626e-14
C2,MAIZ,2046,31372.7,2589.16,33961.9,33961.9,1608.54,4.36557e-11,1.28543e-13
C2,MAIZ,2047,31307.2,2751.28,34058.5,34058.5,1595.17,2.91038e-11,8.54525e-14
C2,MAIZ,2048,31240,2911.09,34151.1,34151.1,1581.33,-1.45519e-11,-4.26104e-14
C2,MAIZ,2049,31171.4,3068.11,34239.5,34239.5,1566.93,-9.45874e-11,-2.76253e-13
C2,MAIZ,2050,31101.4,3222.04,34323.4,34323.4,1551.94,-1.52795e-10,-4.45163e-13
C2,POTA,2023,9150,0,9150,9125,5872,25,0.273973
C2,POTA,2024,9500,0,9500,9445,6081.92,55,0.582319
C2,POTA,2025,9564.68,0,9564.68,9400.97,6004.46,163.718,1.7415
C2,POTA,2026,9625.18,0,9625.18,9375.23,5935.89,249.951,2.66608
C2,POTA,2027,9681.49,0,9681.49,9376.66,5868.96,304.83,3.25094
C2,POTA,2028,9733.56,0,9733.56,9373.44,5801.04,360.12,3.84193
C2,POTA,2029,9781.37,0,9781.37,9380.86,5732.2,400.508,4.26941
C2,POTA,2030,9824.87,0,9824.87,9385.06,5662.49,439.809,4.68627
C2,POTA,2031,9863.92,0,9863.92,9390.9,5599.06,473.017,5.03698
C2,POTA,2032,9898.47,0,9898.47,9394.6,5535.39,503.872,5.36342
C2,POTA,2033,9928.33,0,9928.33,9397.16,5471.19,531.167,5.65242
C2,POTA,2034,9953.35,0,9953.35,9397.74,5406.42,555.62,5.91227
C2,POTA,2035,9973.36,0,9973.36,9400.18,5341.36,573.172,6.09745
C2,POTA,2036,9993.11,0,9993.11,9411.03,5281.72,582.087,6.18516
C2,POTA,2037,10012.1,0,10012.1,9419.4,5221.73,592.66,6.29191
C2,POTA,2038,10030.2,0,10030.2,9425.01,5161.09,605.214,6.42136
C2,POTA,2039,10047.6,0,10047.6,9428.07,5099.99,619.567,6.57151
C2,POTA,2040,10064.3,0,10064.3,9428.27,5038.1,636.065,6.74637
C2,POTA,2041,10080.3,0,10080.3,9430.75,4980.54,649.577,6.88786
C2,POTA,2042,10095.7,0,10095.7,9430.76,4922.53,664.898,7.05031
C2,POTA,2043,10110.3,0,10110.3,9428.08,4863.84,682.256,7.23642
C2,POTA,2044,10124.4,0,10124.4,9422.82,4804.52,701.564,7.44537
C2,POTA,2045,10137.8,0,10137.8,9414.83,4744.42,723.005,7.67943
C2,POTA,2046,10150.7,0,10150.7,9405.13,4684.55,745.554,7.9271
C2,POTA,2047,10163,0,10163,9392.42,4623.54,770.556,8.20402
C2,POTA,2048,10174.7,0,10174.7,9376.77,4561.45,797.944,8.5098
C2,POTA,2049,10185.9,0,10185.9,9357.91,4498,827.999,8.84812
C2,POTA,2050,10196.6,0,10196.6,9335.85,4433.17,860.738,9.21971
C2,SOYS,2023,2084.17,9849,11933.2,11933.2,1550,0,0
C2,SOYS,2024,2065,10497,12562,12562,1675,-1.81899e-12,-1.44801e-14
C2,SOYS,2025,2190,10035.8,12225.8,12225.8,1676.04,0,0
C2,SOYS,2026,2322.21,9723.91,12046.1,12046.1,1677.33,7.27596e-12,6.04009e-14
C2,SOYS,2027,2462,9441.55,11903.6,11903.6,1679.12,-5.45697e-12,-4.58432e-14
C2,SOYS,2028,2609.75,9176.45,11786.2,11786.2,1680.44,-3.63798e-12,-3.08664e-14
C2,SOYS,2029,2765.82,8927.82,11693.6,11693.6,1681.37,0,0
C2,SOYS,2030,2930.63,8686.29,11616.9,11616.9,1681.83,0,0
C2,SOYS,2031,2961.78,8546.53,11508.3,11508.3,1682.39,-3.63798e-12,-3.16118e-14
C2,SOYS,2032,2992.54,8415.02,11407.6,11407.6,1682.92,2.54659e-11,2.23237e-13
C2,SOYS,2033,3022.79,8293.92,11316.7,11316.7,1683.15,-1.81899e-12,-1.60735e-14
C2,SOYS,2034,3052.01,8182.5,11234.5,11234.5,1683.05,-1.81899e-12,-1.61911e-14
C2,SOYS,2035,3080.52,8079.49,11160,11160,1682.72,3.63798e-12,3.25983e-14
C2,SOYS,2036,3096.98,8105.26,11202.2,11202.2,1682.33,-3.63798e-12,-3.24755e-14
C2,SOYS,2037,3105.98,8133.19,11239.2,11239.2,1681.73,-5.45697e-12,-4.85531e-14
C2,SOYS,2038,3110.42,8161.7,11272.1,11272.1,1680.64,-1.81899e-12,-1.61371e-14
C2,SOYS,2039,3112.05,8190.11,11302.2,11302.2,1679.11,-3.63798e-12,-3.21883e-14
C2,SOYS,2040,3111.96,8217.99,11329.9,11329.9,1677.01,1.81899e-12,1.60547e-14
C2,SOYS,2041,3110.79,8245.5,11356.3,11356.3,1674.79,0,0
C2,SOYS,2042,3108.92,8272.43,11381.3,11381.3,1672.26,1.81899e-12,1.59822e-14
C2,SOYS,2043,3106.6,8298.56,11405.2,11405.2,1669.2,3.63798e-12,3.18977e-14
C2,SOYS,2044,3103.96,8323.95,11427.9,11427.9,1665.61,9.09495e-12,7.95854e-14
C2,SOYS,2045,3101.09,8348.39,11449.5,11449.5,1661.43,2.18279e-11,1.90645e-13
C2,SOYS,2046,3098.05,8372.17,11470.2,11470.2,1656.65,3.45608e-11,3.01309e-13
C2,SOYS,2047,3094.87,8395.27,11490.1,11490.1,1651.18,3.09228e-11,2.69125e-13
C2,SOYS,2048,3091.56,8417.7,11509.3,11509.3,1644.98,-1.27329e-11,-1.10632e-13
C2,SOYS,2049,3088.15,8439.38,11527.5,11527.5,1637.92,-9.64064e-11,-8.36315e-13
C2,SOYS,2050,3084.63,8460.34,11545,11545,1629.99,-1.49157e-10,-1.29197e-12
C2,RAPS,2023,1631.74,519.81,2151.55,2151.55,0,0,0
C2,RAPS,2024,1674,638.56,2312.56,2312.56,0,0,0
C2,RAPS,2025,1717.63,628.481,2346.11,2346.11,0,9.09495e-13,3.8766e-14
C2,RAPS,2026,1762.14,614.208,2376.35,2376.35,0,4.54747e-13,1.91364e-14
C2,RAPS,2027,1807.5,586.552,2394.05,2394.05,0,-4.54747e-13,-1.89949e-14
C2,RAPS,2028,1853.7,559.211,2412.91,2412.91,0,4.54747e-13,1.88464e-14
C2,RAPS,2029,1900.72,532.654,2433.37,2433.37,0,0,0
C2,RAPS,2030,1948.52,506.343,2454.87,2454.87,0,-4.54747e-13,-1.85243e-14
C2,RAPS,2031,1961.93,501.691,2463.62,2463.62,0,-1.81899e-12,-7.38339e-14
C2,RAPS,2032,1974.95,496.164,2471.12,2471.12,0,5.91172e-12,2.39232e-13
C2,RAPS,2033,1987.52,491.508,2479.03,2479.03,0,-4.54747e-13,-1.83438e-14
C2,RAPS,2034,1999.29,487.977,2487.27,2487.27,0,1.81899e-12,7.31321e-14
C2,RAPS,2035,2010.48,485.339,2495.82,2495.82,0,0,0
C2,RAPS,2036,2021.33,482.675,2504.01,2504.01,0,-1.36424e-12,-5.44823e-14
C2,RAPS,2037,2031.72,479.673,2511.39,2511.39,0,1.36424e-12,5.43222e-14
C2,RAPS,2038,2041.69,476.494,2518.19,2518.19,0,-4.54747e-13,-1.80585e-14
C2,RAPS,2039,2051.31,473.233,2524.54,2524.54,0,0,0
C2,RAPS,2040,2060.61,469.995,2530.61,2530.61,0,4.54747e-13,1.79699e-14
C2,RAPS,2041,2069.63,466.769,2536.4,2536.4,0,-9.09495e-13,-3.58577e-14
C2,RAPS,2042,2078.39,463.583,2541.98,2541.98,0,4.54747e-13,1.78895e-14
C2,RAPS,2043,2086.92,460.457,2547.38,2547.38,0,0,0
C2,RAPS,2044,2095.23,457.407,2552.64,2552.64,0,2.27374e-12,8.90739e-14
C2,RAPS,2045,2103.34,454.329,2557.67,2557.67,0,3.63798e-12,1.42238e-13
C2,RAPS,2046,2111.26,451.359,2562.62,2562.62,0,5.45697e-12,2.12945e-13
C2,RAPS,2047,2119.01,448.502,2567.51,2567.51,0,5.91172e-12,2.30251e-13
C2,RAPS,2048,2126.58,445.764,2572.34,2572.34,0,-4.54747e-12,-1.76783e-13
C2,RAPS,2049,2133.99,443.146,2577.13,2577.13,0,-1.81899e-11,-7.05819e-13
C2,RAPS,2050,2141.24,440.653,2581.89,2581.89,0,-2.77396e-11,-1.07439e-12
C2,GRDS,2023,1860,20,1880,1070,810,810,75.7009
C2,GRDS,2024,1900,5,1905,1905,850,-4.54747e-13,-2.38713e-14
C2,GRDS,2025,1927.66,0,1927.66,1910.53,858.091,17.1258,0.896389
C2,GRDS,2026,1955.42,0,1955.42,1916.97,865.964,38.4524,2.00589
C2,GRDS,2027,1967.56,0,1967.56,1924.73,874.446,42.8341,2.22547
C2,GRDS,2028,1979.41,0,1979.41,1932.73,882.627,46.68,2.41523
C2,GRDS,2029,1990.96,0,1990.96,1941.32,890.644,49.6354,2.55678
C2,GRDS,2030,2002.16,0,2002.16,1950.13,898.377,52.0264,2.66784
C2,GRDS,2031,2012.96,0,2012.96,1956.53,906.046,56.4301,2.8842
C2,GRDS,2032,2023.32,0,2023.32,1962.95,914.107,60.3649,3.07521
C2,GRDS,2033,2033.18,0,2033.18,1969.61,922.089,63.5685,3.22746
C2,GRDS,2034,2042.2,0,2042.2,1976.49,929.992,65.7054,3.32434
C2,GRDS,2035,2050.6,0,2050.6,1983.63,937.886,66.9611,3.37568
C2,GRDS,2036,2057.18,0,2057.18,1997.03,945.518,60.1501,3.01198
C2,GRDS,2037,2062.3,0,2062.3,2010.13,953.175,52.1645,2.59507
C2,GRDS,2038,2066.24,0,2066.24,2022.57,960.376,43.6749,2.15938
C2,GRDS,2039,2069.24,0,2069.24,2034.41,967.138,34.8334,1.71221
C2,GRDS,2040,2071.48,0,2071.48,2045.64,973.381,25.8454,1.26344
C2,GRDS,2041,2073.12,0,2073.12,2056.51,979.349,16.6076,0.807563
C2,GRDS,2042,2074.26,0,2074.26,2067.22,985.214,7.04429,0.340762
C2,GRDS,2043,2075.01,2.35085,2077.37,2077.37,990.563,6.82121e-12,3.28359e-13
C2,GRDS,2044,2075.45,11.5117,2086.97,2086.97,995.393,9.09495e-13,4.35797e-14
C2,GRDS,2045,2075.64,20.2847,2095.93,2095.93,999.653,1.36424e-12,6.50901e-14
C2,GRDS,2046,2075.63,28.6786,2104.31,2104.31,1003.34,1.81899e-12,8.6441e-14
C2,GRDS,2047,2075.46,36.6611,2112.12,2112.12,1006.45,4.09273e-12,1.93773e-13
C2,GRDS,2048,2075.16,44.0975,2119.26,2119.26,1008.87,0,0
C2,GRDS,2049,2074.76,50.8847,2125.65,2125.65,1010.53,-1.18234e-11,-5.56228e-13
C2,GRDS,2050,2074.28,56.9785,2131.26,2131.26,1011.4,-6.36646e-12,-2.98719e-13
C2,COTT,2023,561.8,191,752.8,752.8,0,0,0
C2,COTT,2024,616.4,261.8,878.2,878.2,0,0,0
C2,COTT,2025,617.205,188.739,805.943,805.943,0,-2.27374e-13,-2.82121e-14
C2,COTT,2026,617.917,185.43,803.348,803.348,0,2.27374e-13,2.83033e-14
C2,COTT,2027,618.53,182.211,800.742,800.742,0,0,0
C2,COTT,2028,619.032,179.087,798.12,798.12,0,0,0
C2,COTT,2029,619.417,176.108,795.525,795.525,0,0,0
C2,COTT,2030,619.673,173.234,792.907,792.907,0,4.54747e-13,5.73519e-14
C2,COTT,2031,619.787,170.502,790.289,790.289,0,-1.13687e-13,-1.43855e-14
C2,COTT,2032,619.75,167.95,787.7,787.7,0,-1.13687e-13,-1.44328e-14
C2,COTT,2033,619.544,165.59,785.134,785.134,0,0,0
C2,COTT,2034,615.991,167.283,783.275,783.275,0,2.27374e-13,2.90286e-14
C2,COTT,2035,612.262,169.179,781.44,781.44,0,1.13687e-13,1.45484e-14
C2,COTT,2036,608.524,171.048,779.573,779.573,0,3.41061e-13,4.37497e-14
C2,COTT,2037,604.721,173.549,778.27,778.27,0,1.13687e-13,1.46076e-14
C2,COTT,2038,600.856,176.611,777.466,777.466,0,2.27374e-13,2.92455e-14
C2,COTT,2039,596.933,180.173,777.106,777.106,0,2.27374e-13,2.9259e-14
C2,COTT,2040,592.955,184.176,777.131,777.131,0,2.27374e-13,2.92581e-14
C2,COTT,2041,588.928,188.57,777.497,777.497,0,1.13687e-13,1.46222e-14
C2,COTT,2042,584.853,193.309,778.162,778.162,0,-1.13687e-13,-1.46097e-14
C2,COTT,2043,580.736,198.354,779.089,779.089,0,-4.54747e-13,-5.83691e-14
C2,COTT,2044,576.578,203.669,780.247,780.247,0,-1.13687e-13,-1.45706e-14
C2,COTT,2045,572.383,209.219,781.603,781.603,0,0,0
C2,COTT,2046,568.155,214.969,783.125,783.125,0,-1.13687e-13,-1.45171e-14
C2,COTT,2047,563.897,220.891,784.787,784.787,0,1.13687e-13,1.44863e-14
C2,COTT,2048,559.61,226.96,786.57,786.57,0,-2.27374e-13,-2.8907e-14
C2,COTT,2049,555.298,233.149,788.447,788.447,0,2.27374e-13,2.88382e-14
C2,COTT,2050,550.964,239.436,790.401,790.401,0,-1.13687e-13,-1.43834e-14
C2,SUGC,2023,789,0,789,789,0,0,0
C2,SUGC,2024,882,0,882,882,0,0,0
C2,SUGC,2025,1050.8,0,1050.8,895.23,0,155.567,17.3774
C2,SUGC,2026,1241.72,0,1241.72,908.658,0,333.059,36.6539
C2,SUGC,2027,1455.87,0,1455.87,922.288,0,533.584,57.8544
C2,SUGC,2028,1694.16,0,1694.16,936.123,0,758.041,80.9766
C2,SUGC,2029,1957.28,0,1957.28,950.164,0,1007.11,105.993
C2,SUGC,2030,2245.63,0,2245.63,964.417,0,1281.22,132.849
C2,SUGC,2031,2559.37,0,2559.37,978.883,0,1580.49,161.458
C2,SUGC,2032,2898.37,0,2898.37,993.566,0,1904.8,191.713
C2,SUGC,2033,3262.15,0,3262.15,1008.47,0,2253.68,223.475
C2,SUGC,2034,3649.96,0,3649.96,1023.6,0,2626.36,256.582
C2,SUGC,2035,4060.74,0,4060.74,1038.95,0,3021.79,290.85
C2,SUGC,2036,4425.45,0,4425.45,1054.54,0,3370.92,319.659
C2,SUGC,2037,4742.47,0,4742.47,1070.35,0,3672.11,343.075
C2,SUGC,2038,5013.21,0,5013.21,1086.41,0,3926.8,361.448
C2,SUGC,2039,5241.07,0,5241.07,1102.7,0,4138.36,375.292
C2,SUGC,2040,5430.5,0,5430.5,1119.25,0,4311.25,385.193
C2,SUGC,2041,5586.33,0,5586.33,1136.03,0,4450.3,391.74
C2,SUGC,2042,5713.35,0,5713.35,1153.07,0,4560.28,395.489
C2,SUGC,2043,5816.03,0,5816.03,1170.37,0,4645.66,396.939
C2,SUGC,2044,5898.38,0,5898.38,1187.93,0,4710.46,396.528
C2,SUGC,2045,5963.91,0,5963.91,1205.75,0,4758.16,394.624
C2,SUGC,2046,6015.6,0,6015.6,1223.83,0,4791.77,391.539
C2,SUGC,2047,6056,0,6056,1242.19,0,4813.81,387.527
C2,SUGC,2048,6087.22,0,6087.22,1260.82,0,4826.4,382.798
C2,SUGC,2049,6110.99,0,6110.99,1279.73,0,4831.25,377.52
C2,SUGC,2050,6128.74,0,6128.74,1298.93,0,4829.81,371.83
C2,SUGB,2023,108,0,108,108,0,0,0
C2,SUGB,2024,114,0,114,114,0,0,0
C2,SUGB,2025,114.232,0,114.232,114,0,0.232277,0.203752
C2,SUGB,2026,114.448,0,114.448,114,0,0.447737,0.392752
C2,SUGB,2027,114.645,0,114.645,114,0,0.645003,0.565792
C2,SUGB,2028,114.822,0,114.822,114,0,0.821923,0.720985
C2,SUGB,2029,114.977,0,114.977,114,0,0.977227,0.857217
C2,SUGB,2030,115.109,0,115.109,114,0,1.10884,0.972668
C2,SUGB,2031,115.214,0,115.214,114,0,1.21417,1.06506
C2,SUGB,2032,115.291,0,115.291,114,0,1.29149,1.13288
C2,SUGB,2033,115.337,0,115.337,114,0,1.33743,1.17319
C2,SUGB,2034,115.432,0,115.432,114,0,1.43248,1.25656
C2,SUGB,2035,115.49,0,115.49,114,0,1.49044,1.30741
C2,SUGB,2036,115.548,0,115.548,114,0,1.54844,1.35828
C2,SUGB,2037,115.606,0,115.606,114,0,1.60647,1.40918
C2,SUGB,2038,115.665,0,115.665,114,0,1.66453,1.46011
C2,SUGB,2039,115.723,0,115.723,114,0,1.72261,1.51106
C2,SUGB,2040,115.781,0,115.781,114,0,1.78073,1.56204
C2,SUGB,2041,115.839,0,115.839,114,0,1.83887,1.61304
C2,SUGB,2042,115.897,0,115.897,114,0,1.89704,1.66407
C2,SUGB,2043,115.955,0,115.955,114,0,1.95524,1.71513
C2,SUGB,2044,116.013,0,116.013,114,0,2.01347,1.76621
C2,SUGB,2045,116.072,0,116.072,114,0,2.07174,1.81731
C2,SUGB,2046,116.13,0,116.13,114,0,2.13002,1.86844
C2,SUGB,2047,116.188,0,116.188,114,0,2.18834,1.9196
C2,SUGB,2048,116.247,0,116.247,114,0,2.24669,1.97078
C2,SUGB,2049,116.305,0,116.305,114,0,2.30507,2.02199
C2,SUGB,2050,116.363,0,116.363,114,0,2.36348,2.07323
C2,FRTO,2023,32744.3,365.6,33109.9,33109.9,15628.1,0,0
C2,FRTO,2024,34500,109.86,34609.9,34609.9,16380,0,0
C2,FRTO,2025,34682.7,0,34682.7,34654,16413.7,28.6729,0.0827407
C2,FRTO,2026,34862.3,0,34862.3,34682,16432,180.375,0.520082
C2,FRTO,2027,35038.7,0,35038.7,34711.8,16452.5,326.888,0.941721
C2,FRTO,2028,35211.1,0,35211.1,34736.5,16468.7,474.612,1.36632
C2,FRTO,2029,35379.4,0,35379.4,34756.2,16480.4,623.26,1.79324
C2,FRTO,2030,35543,0,35543,34770.5,16487.4,772.481,2.22166
C2,FRTO,2031,35701.1,0,35701.1,34770.3,16480.8,930.813,2.67703
C2,FRTO,2032,35853.4,0,35853.4,34766,16470.7,1087.45,3.12791
C2,FRTO,2033,35999,0,35999,34756.8,16456.5,1242.18,3.57393
C2,FRTO,2034,36163.2,0,36163.2,34749,16438.1,1414.21,4.06977
C2,FRTO,2035,36319.4,0,36319.4,34736.7,16416.1,1582.7,4.55628
C2,FRTO,2036,36458.1,0,36458.1,34752.1,16381.6,1706.04,4.90916
C2,FRTO,2037,36582.7,0,36582.7,34760.9,16344.1,1821.87,5.24117
C2,FRTO,2038,36696,0,36696,34763.2,16303.2,1932.86,5.56009
C2,FRTO,2039,36800.3,0,36800.3,34760.1,16259.4,2040.16,5.86926
C2,FRTO,2040,36897.3,0,36897.3,34751,16211.5,2146.32,6.1763
C2,FRTO,2041,36988.5,0,36988.5,34729.6,16153,2258.91,6.50429
C2,FRTO,2042,37075,0,37075,34703.5,16091.2,2371.56,6.83379
C2,FRTO,2043,37157.9,0,37157.9,34672.5,16025.7,2485.4,7.16821
C2,FRTO,2044,37237.8,0,37237.8,34637,15956.6,2600.83,7.50882
C2,FRTO,2045,37315.4,0,37315.4,34596.5,15883.4,2718.96,7.85907
C2,FRTO,2046,37391.2,0,37391.2,34548.1,15803,2843.09,8.22937
C2,FRTO,2047,37465.5,0,37465.5,34493.4,15717,2972.06,8.61631
C2,FRTO,2048,37538.6,0,37538.6,34432.7,15625.6,3105.93,9.02028
C2,FRTO,2049,37610.9,0,37610.9,34364.9,15527.7,3246,9.44568
C2,FRTO,2050,37682.5,0,37682.5,34289.8,15423,3392.66,9.89406
C2,VEGT,2023,82868.1,0,82868.1,81577.7,19187.1,1290.41,1.58182
C2,VEGT,2024,83696.8,0,83696.8,82264,20415.5,1432.82,1.74174
C2,VEGT,2025,84308.9,0,84308.9,82665,20443.1,1643.9,1.98862
C2,VEGT,2026,84861.6,0,84861.6,83052.1,20467.2,1809.58,2.17885
C2,VEGT,2027,85356.2,0,85356.2,83429.9,20494.7,1926.33,2.30892
C2,VEGT,2028,85792.8,0,85792.8,83787,20517.5,2005.76,2.39388
C2,VEGT,2029,86172.1,0,86172.1,84123.1,20535.5,2048.98,2.4357
C2,VEGT,2030,86493.9,0,86493.9,84433.1,20548.6,2060.87,2.44083
C2,VEGT,2031,86757.1,0,86757.1,84715.7,20557.3,2041.42,2.40973
C2,VEGT,2032,86961.4,0,86961.4,84972.2,20562.7,1989.17,2.34096
C2,VEGT,2033,87104.2,0,87104.2,85199.2,20564.3,1904.97,2.23591
C2,VEGT,2034,87184,0,87184,85394.9,20561.9,1789.05,2.09504
C2,VEGT,2035,87198.2,0,87198.2,85558.6,20556.4,1639.63,1.91638
C2,VEGT,2036,87130.6,0,87130.6,85685,20544.7,1445.59,1.6871
C2,VEGT,2037,86997.5,0,86997.5,85771.9,20529.1,1225.65,1.42896
C2,VEGT,2038,86812.4,0,86812.4,85825.3,20509,987.134,1.15017
C2,VEGT,2039,86586,0,86586,85851.2,20485,734.794,0.855892
C2,VEGT,2040,86326.9,0,86326.9,85852.2,20455.7,474.633,0.552849
C2,VEGT,2041,86042,0,86042,85832.4,20421.5,209.592,0.244187
C2,VEGT,2042,85736.9,57.7511,85794.7,85794.7,20382.9,1.60071e-10,1.86575e-13
C2,VEGT,2043,85416.1,324.607,85740.7,85740.7,20339.2,1.45519e-11,1.6972e-14
C2,VEGT,2044,85083,589.321,85672.3,85672.3,20290.7,2.91038e-11,3.39711e-14
C2,VEGT,2045,84740.5,849.489,85589.9,85589.9,20236.5,-1.45519e-11,-1.70019e-14
C2,VEGT,2046,84390.8,1102.34,85493.1,85493.1,20175.3,-1.45519e-11,-1.70212e-14
C2,VEGT,2047,84035.8,1346.29,85382.1,85382.1,20106.5,2.91038e-11,3.40866e-14
C2,VEGT,2048,83676.8,1580.75,85257.6,85257.6,20030.3,-2.91038e-11,-3.41364e-14
C2,VEGT,2049,83315.1,1803.46,85118.6,85118.6,19945.3,1.45519e-11,1.7096e-14
C2,VEGT,2050,82951.5,2013.51,84965,84965,19851.2,2.91038e-11,3.42539e-14
C2,OTGR,2023,3739.7,384.9,4124.6,4124.6,217.92,6.36646e-12,1.54353e-13
C2,OTGR,2024,3815.6,192.67,4008.27,4008.27,164.532,1.36424e-12,3.40357e-14
C2,OTGR,2025,3816.35,200.638,4016.99,4016.99,163.419,-1.36424e-12,-3.39618e-14
C2,OTGR,2026,3817.1,211.171,4028.27,4028.27,162.514,-4.54747e-13,-1.12889e-14
C2,OTGR,2027,3817.85,223.114,4040.96,4040.96,161.639,2.27374e-12,5.62672e-14
C2,OTGR,2028,3818.6,236.03,4054.63,4054.63,160.72,1.81899e-12,4.48621e-14
C2,OTGR,2029,3819.35,250.475,4069.82,4069.82,159.76,0,0
C2,OTGR,2030,3820.1,265.776,4085.87,4085.87,158.758,2.72848e-12,6.67785e-14
C2,OTGR,2031,3820.85,275.318,4096.17,4096.17,157.903,2.72848e-12,6.66107e-14
C2,OTGR,2032,3821.6,283.636,4105.23,4105.23,157.025,7.27596e-12,1.77236e-13
C2,OTGR,2033,3822.35,292.52,4114.87,4114.87,156.116,-2.72848e-12,-6.63079e-14
C2,OTGR,2034,3825.85,299.262,4125.11,4125.11,155.173,9.09495e-13,2.20478e-14
C2,OTGR,2035,3829.36,306.525,4135.88,4135.88,154.205,-9.09495e-13,-2.19903e-14
C2,OTGR,2036,3832.86,313.503,4146.37,4146.37,153.366,9.09495e-13,2.19347e-14
C2,OTGR,2037,3836.38,319.597,4155.97,4155.97,152.503,0,0
C2,OTGR,2038,3839.89,325.021,4164.91,4164.91,151.607,-9.09495e-13,-2.18371e-14
C2,OTGR,2039,3843.41,329.928,4173.34,4173.34,150.682,-2.72848e-12,-6.53789e-14
C2,OTGR,2040,3846.93,334.442,4181.37,4181.37,149.719,-2.72848e-12,-6.52533e-14
C2,OTGR,2041,3850.46,338.722,4189.18,4189.18,148.86,0,0
C2,OTGR,2042,3853.98,342.686,4196.67,4196.67,147.972,-9.09495e-13,-2.16718e-14
C2,OTGR,2043,3857.51,346.365,4203.88,4203.88,147.05,1.81899e-12,4.32693e-14
C2,OTGR,2044,3861.05,349.792,4210.84,4210.84,146.094,4.54747e-12,1.07994e-13
C2,OTGR,2045,3864.59,352.859,4217.44,4217.44,145.098,3.63798e-12,8.62603e-14
C2,OTGR,2046,3868.13,355.735,4223.86,4223.86,144.091,9.09495e-12,2.15323e-13
C2,OTGR,2047,3871.67,358.391,4230.06,4230.06,143.033,4.54747e-12,1.07504e-13
C2,OTGR,2048,3875.22,360.841,4236.06,4236.06,141.925,-3.63798e-12,-8.58812e-14
C2,OTGR,2049,3878.77,363.073,4241.84,4241.84,140.757,-1.72804e-11,-4.0738e-13
C2,OTGR,2050,3882.32,365.091,4247.41,4247.41,139.528,-2.91038e-11,-6.85213e-13
C2,SORG,2023,318,485.8,803.8,803.8,67,-1.13687e-13,-1.41437e-14
C2,SORG,2024,314,865.5,1179.5,1179.5,65,0,0
C2,SORG,2025,314.35,864.847,1179.2,1179.2,64.5537,-2.27374e-13,-1.92821e-14
C2,SORG,2026,314.624,864.939,1179.56,1179.56,64.1956,-4.54747e-13,-3.85522e-14
C2,SORG,2027,314.821,865.451,1180.27,1180.27,63.8562,2.27374e-13,1.92645e-14
C2,SORG,2028,314.94,866.259,1181.2,1181.2,63.5077,-2.27374e-13,-1.92494e-14
C2,SORG,2029,314.977,867.509,1182.49,1182.49,63.1508,2.27374e-13,1.92284e-14
C2,SORG,2030,314.931,869.029,1183.96,1183.96,62.7863,2.27374e-13,1.92045e-14
C2,SORG,2031,314.795,869.116,1183.91,1183.91,62.4885,2.27374e-13,1.92053e-14
C2,SORG,2032,314.568,868.932,1183.5,1183.5,62.1918,1.59162e-12,1.34484e-13
C2,SORG,2033,314.242,868.949,1183.19,1183.19,61.8937,2.27374e-13,1.9217e-14
C2,SORG,2034,313.812,869.167,1182.98,1182.98,61.5943,-4.54747e-13,-3.84408e-14
C2,SORG,2035,313.271,869.581,1182.85,1182.85,61.2975,2.27374e-13,1.92225e-14
C2,SORG,2036,312.633,870.215,1182.85,1182.85,61.0504,-4.54747e-13,-3.84451e-14
C2,SORG,2037,311.996,870.825,1182.82,1182.82,60.7929,0,0
C2,SORG,2038,311.36,871.444,1182.8,1182.8,60.5213,0,0
C2,SORG,2039,310.725,872.091,1182.82,1182.82,60.2375,0,0
C2,SORG,2040,310.092,872.781,1182.87,1182.87,59.9373,-2.27374e-13,-1.92222e-14
C2,SORG,2041,309.46,873.56,1183.02,1183.02,59.6771,2.27374e-13,1.92198e-14
C2,SORG,2042,308.83,874.376,1183.21,1183.21,59.4048,-2.27374e-13,-1.92168e-14
C2,SORG,2043,308.2,875.223,1183.42,1183.42,59.1174,2.27374e-13,1.92132e-14
C2,SORG,2044,307.572,876.101,1183.67,1183.67,58.8156,4.54747e-13,3.84183e-14
C2,SORG,2045,306.945,876.97,1183.92,1183.92,58.497,9.09495e-13,7.68209e-14
C2,SORG,2046,306.32,877.872,1184.19,1184.19,58.1725,1.36424e-12,1.15204e-13
C2,SORG,2047,305.696,878.786,1184.48,1184.48,57.8264,1.36424e-12,1.15176e-13
C2,SORG,2048,305.073,879.709,1184.78,1184.78,57.459,-4.54747e-13,-3.83824e-14
C2,SORG,2049,304.451,880.632,1185.08,1185.08,57.0663,-5.22959e-12,-4.41285e-13
C2,SORG,2050,303.83,881.549,1185.38,1185.38,56.6476,-7.7307e-12,-6.52171e-13
C2,BARL,2023,200,1589.8,1789.8,1640,90.2,149.8,9.13415
C2,BARL,2024,200,1424,1624,1624,89.32,0,0
C2,BARL,2025,200.234,1417.56,1617.8,1617.8,88.6562,2.27374e-13,1.40545e-14
C2,BARL,2026,200.421,1411.63,1612.05,1612.05,88.1201,-2.27374e-13,-1.41046e-14
C2,BARL,2027,200.558,1405.99,1606.54,1606.54,87.6001,2.27374e-13,1.4153e-14
C2,BARL,2028,200.645,1400.52,1601.17,1601.17,87.057,0,0
C2,BARL,2029,200.681,1395.39,1596.07,1596.07,86.4918,2.27374e-13,1.42459e-14
C2,BARL,2030,200.663,1390.41,1591.08,1591.08,85.9045,-4.54747e-13,-2.85811e-14
C2,BARL,2031,200.589,1384.65,1585.24,1585.24,85.4082,0,0
C2,BARL,2032,200.456,1378.79,1579.24,1579.24,84.9004,6.82121e-13,4.3193e-14
C2,BARL,2033,200.26,1373.11,1573.37,1573.37,84.3763,-2.27374e-13,-1.44514e-14
C2,BARL,2034,200.055,1367.58,1567.64,1567.64,83.8351,4.54747e-13,2.90084e-14
C2,BARL,2035,199.779,1362.26,1562.04,1562.04,83.281,2.27374e-13,1.45562e-14
C2,BARL,2036,199.441,1357.95,1557.39,1557.39,82.8069,2.27374e-13,1.45997e-14
C2,BARL,2037,199.103,1354.3,1553.41,1553.41,82.3197,2.27374e-13,1.46371e-14
C2,BARL,2038,198.766,1351.27,1550.04,1550.04,81.8143,0,0
C2,BARL,2039,198.43,1348.79,1547.22,1547.22,81.2935,0,0
C2,BARL,2040,198.094,1346.79,1544.88,1544.88,80.7517,2.27374e-13,1.47179e-14
C2,BARL,2041,197.759,1345.29,1543.05,1543.05,80.2743,4.54747e-13,2.94707e-14
C2,BARL,2042,197.424,1344.17,1541.59,1541.59,79.7819,0,0
C2,BARL,2043,197.09,1343.37,1540.46,1540.46,79.2703,0,0
C2,BARL,2044,196.756,1342.85,1539.61,1539.61,78.7405,0,0
C2,BARL,2045,196.423,1342.55,1538.97,1538.97,78.1894,4.54747e-13,2.95488e-14
C2,BARL,2046,196.091,1342.46,1538.55,1538.55,77.6342,1.36424e-12,8.86707e-14
C2,BARL,2047,195.759,1342.52,1538.28,1538.28,77.0516,9.09495e-13,5.91241e-14
C2,BARL,2048,195.428,1342.71,1538.14,1538.14,76.4419,-2.27374e-13,-1.47824e-14
C2,BARL,2049,195.097,1342.99,1538.09,1538.09,75.8002,-3.41061e-12,-2.21743e-13
C2,BARL,2050,194.767,1343.33,1538.1,1538.1,75.1255,-4.54747e-12,-2.95655e-13
C2,PIGM,2023,5794,152.32,5946.32,5946.32,4546.55,9.09495e-13,1.52951e-14
C2,PIGM,2024,5706,104.23,5810.23,5810.23,4444.17,0,0
C2,PIGM,2025,5731.07,19.5613,5750.64,5750.64,4372.92,-9.09495e-13,-1.58156e-14
C2,PIGM,2026,5701.77,0,5701.77,5688.54,4302.08,13.2328,0.232621
C2,PIGM,2027,5675.42,0,5675.42,5622.36,4233.69,53.062,0.943767
C2,PIGM,2028,5651.73,0,5651.73,5555.47,4164.59,96.256,1.73263
C2,PIGM,2029,5630.44,0,5630.44,5488.4,4095.18,142.043,2.58805
C2,PIGM,2030,5611.32,0,5611.32,5420.74,4025.25,190.582,3.51579
C2,PIGM,2031,5601.57,0,5601.57,5354.05,3955.91,247.522,4.62308
C2,PIGM,2032,5586.72,0,5586.72,5288.24,3887.74,298.48,5.64421
C2,PIGM,2033,5573.62,0,5573.62,5222.52,3819.61,351.096,6.72274
C2,PIGM,2034,5562.14,0,5562.14,5156.89,3751.52,405.251,7.85844
C2,PIGM,2035,5552.18,0,5552.18,5091.58,3683.69,460.6,9.0463
C2,PIGM,2036,5543.15,0,5543.15,5033.24,3616.46,509.907,10.1308
C2,PIGM,2037,5535.76,0,5535.76,4975.62,3550,560.143,11.2578
C2,PIGM,2038,5529.69,0,5529.69,4917.75,3483.38,611.933,12.4434
C2,PIGM,2039,5524.66,0,5524.66,4859.79,3416.76,664.869,13.681
C2,PIGM,2040,5520.47,0,5520.47,4801.51,3349.95,718.958,14.9736
C2,PIGM,2041,5516.94,0,5516.94,4743.85,3283.89,773.095,16.2968
C2,PIGM,2042,5513.95,0,5513.95,4686.72,3218.52,827.222,17.6503
C2,PIGM,2043,5511.38,0,5511.38,4629.44,3153.13,881.937,19.0506
C2,PIGM,2044,5509.14,0,5509.14,4572.06,3087.82,937.087,20.4959
C2,PIGM,2045,5507.18,0,5507.18,4514.49,3022.49,992.692,21.989
C2,PIGM,2046,5505.43,0,5505.43,4456.78,2957.22,1048.65,23.5294
C2,PIGM,2047,5503.85,0,5503.85,4398.84,2891.92,1105.01,25.1206
C2,PIGM,2048,5502.41,0,5502.41,4340.6,2826.53,1161.81,26.7662
C2,PIGM,2049,5501.08,0,5501.08,4281.9,2760.9,1219.18,28.4728
C2,PIGM,2050,5499.83,0,5499.83,4222.76,2695.06,1277.07,30.2426
C2,CATM,2023,753,273.73,1026.73,1026.73,925.67,0,0
C2,CATM,2024,779,287.41,1066.41,1066.41,954.39,0,0
C2,CATM,2025,747.119,304.718,1051.84,1051.84,944.401,0,0
C2,CATM,2026,752.254,288.813,1041.07,1041.07,932.892,6.82121e-13,6.55214e-14
C2,CATM,2027,757.094,273.856,1030.95,1030.95,922.08,2.27374e-13,2.20548e-14
C2,CATM,2028,761.998,258.513,1020.51,1020.51,910.936,-4.54747e-13,-4.45608e-14
C2,CATM,2029,770.967,239.534,1010.5,1010.5,899.636,4.54747e-13,4.50022e-14
C2,CATM,2030,780.079,220.166,1000.25,1000.25,888.07,2.27374e-13,2.27318e-14
C2,CATM,2031,789.342,199.855,989.197,989.197,875.69,0,0
C2,CATM,2032,798.761,179.903,978.664,978.664,863.803,-3.86535e-12,-3.94962e-13
C2,CATM,2033,808.344,159.819,968.163,968.163,851.924,2.27374e-13,2.34851e-14
C2,CATM,2034,818.099,139.608,957.708,957.708,840.065,-2.27374e-13,-2.37415e-14
C2,CATM,2035,828.035,119.338,947.373,947.373,828.302,1.13687e-13,1.20002e-14
C2,CATM,2036,837.401,98.7456,936.147,936.147,815.729,3.41061e-13,3.64324e-14
C2,CATM,2037,846.873,78.1868,925.059,925.059,803.279,7.95808e-13,8.60278e-14
C2,CATM,2038,856.451,57.2517,913.702,913.702,790.545,3.41061e-13,3.73273e-14
C2,CATM,2039,866.137,35.9821,902.119,902.119,777.569,4.54747e-13,5.04088e-14
C2,CATM,2040,875.932,14.3402,890.272,890.272,764.313,-1.13687e-13,-1.27699e-14
C2,CATM,2041,885.837,0,885.837,877.937,750.554,7.90046,0.89989
C2,CATM,2042,895.854,0,895.854,865.734,736.91,30.1202,3.47916
C2,CATM,2043,905.984,0,905.984,853.36,723.08,52.6238,6.16665
C2,CATM,2044,916.228,0,916.228,840.841,709.087,75.3871,8.96569
C2,CATM,2045,926.587,0,926.587,828.166,694.923,98.4212,11.8842
C2,CATM,2046,937.063,0,937.063,815.256,680.507,121.806,14.9408
C2,CATM,2047,947.656,0,947.656,802.248,665.975,145.408,18.1251
C2,CATM,2048,958.369,0,958.369,789.095,651.281,169.275,21.4518
C2,CATM,2049,969.203,0,969.203,775.773,636.402,193.43,24.9338
C2,CATM,2050,980.159,0,980.159,762.298,621.351,217.861,28.5795
C2,SHGM,2023,531,43.24,574.24,574.24,501.279,0,0
C2,SHGM,2024,518,36.53,554.53,554.53,495.466,0,0
C2,SHGM,2025,520.85,28.4907,549.341,549.341,489.952,2.27374e-13,4.13903e-14
C2,SHGM,2026,523.723,19.9316,543.655,543.655,483.938,1.13687e-13,2.09116e-14
C2,SHGM,2027,526.619,11.7385,538.357,538.357,478.31,2.27374e-13,4.22347e-14
C2,SHGM,2028,529.538,3.4042,532.942,532.942,472.563,2.27374e-13,4.26638e-14
C2,SHGM,2029,532.248,0,532.248,527.466,466.777,4.78194,0.906587
C2,SHGM,2030,534.766,0,534.766,521.867,460.891,12.8992,2.47173
C2,SHGM,2031,537.111,0,537.111,515.975,454.732,21.1358,4.09627
C2,SHGM,2032,539.298,0,539.298,510.325,448.833,28.9723,5.67721
C2,SHGM,2033,541.342,0,541.342,504.675,442.949,36.6671,7.2655
C2,SHGM,2034,543.257,0,543.257,499.03,437.086,44.2274,8.86268
C2,SHGM,2035,545.057,0,545.057,493.428,431.278,51.6297,10.4635
C2,SHGM,2036,547.063,0,547.063,487.531,425.153,59.5315,12.2108
C2,SHGM,2037,548.95,0,548.95,481.703,419.11,67.2475,13.9604
C2,SHGM,2038,550.731,0,550.731,475.737,412.941,74.9939,15.7637
C2,SHGM,2039,552.416,0,552.416,469.656,406.668,82.7596,17.6213
C2,SHGM,2040,554.271,0,554.271,463.468,400.268,90.803,19.5921
C2,SHGM,2041,556.023,0,556.023,457.051,393.651,98.9724,21.6546
C2,SHGM,2042,557.682,0,557.682,450.686,387.097,106.997,23.7409
C2,SHGM,2043,559.258,0,559.258,444.218,380.449,115.04,25.8972
C2,SHGM,2044,560.757,0,560.757,437.66,373.72,123.097,28.1263
C2,SHGM,2045,561.536,0,561.536,430.931,366.902,130.605,30.3078
C2,SHGM,2046,562.316,0,562.316,424.071,359.954,138.245,32.5994
C2,SHGM,2047,563.097,0,563.097,417.145,352.939,145.951,34.9881
C2,SHGM,2048,563.879,0,563.879,410.128,345.833,153.751,37.4885
C2,SHGM,2049,564.662,0,564.662,403.004,338.62,161.658,40.1131
C2,SHGM,2050,565.446,0,565.446,395.779,331.305,169.667,42.869
C2,CHKM,2023,2609.25,74.7687,2684.02,2684.02,2423.09,9.09495e-13,3.38856e-14
C2,CHKM,2024,2637.39,20.6355,2658.03,2658.03,2394.29,-9.09495e-13,-3.42169e-14
C2,CHKM,2025,2727.89,0,2727.89,2713.76,2440.97,14.1375,0.520957
C2,CHKM,2026,2733.34,26.2204,2759.56,2759.56,2486.22,9.09495e-13,3.2958e-14
C2,CHKM,2027,2741.5,66.594,2808.09,2808.09,2533.94,4.54747e-13,1.61942e-14
C2,CHKM,2028,2749.8,106.98,2856.78,2856.78,2581.8,-9.09495e-13,-3.18364e-14
C2,CHKM,2029,2758.25,147.711,2905.96,2905.96,2630.13,2.72848e-12,9.38928e-14
C2,CHKM,2030,2766.85,188.44,2955.29,2955.29,2678.61,-4.54747e-13,-1.53875e-14
C2,CHKM,2031,2775.64,228.21,3003.85,3003.85,2726.29,4.54747e-13,1.51388e-14
C2,CHKM,2032,2784.61,269.733,3054.35,3054.35,2775.88,-5.91172e-12,-1.93551e-13
C2,CHKM,2033,2793.79,311.771,3105.56,3105.56,2826.18,1.81899e-12,5.8572e-14
C2,CHKM,2034,2803.2,354.347,3157.54,3157.54,2877.22,-1.36424e-12,-4.32058e-14
C2,CHKM,2035,2812.85,397.683,3210.53,3210.53,2929.25,3.63798e-12,1.13314e-13
C2,CHKM,2036,2831.01,430.732,3261.74,3261.74,2978.64,9.09495e-13,2.78837e-14
C2,CHKM,2037,2847.25,466.282,3313.53,3313.53,3028.81,9.09495e-13,2.74479e-14
C2,CHKM,2038,2862.56,502.135,3364.7,3364.7,3078.44,-3.18323e-12,-9.46067e-14
C2,CHKM,2039,2877.44,537.884,3415.33,3415.33,3127.58,0,0
C2,CHKM,2040,2892.14,573.022,3465.16,3465.16,3175.95,2.72848e-12,7.87405e-14
C2,CHKM,2041,2906.78,606.573,3513.35,3513.35,3222.67,9.09495e-13,2.58868e-14
C2,CHKM,2042,2921.42,640.411,3561.83,3561.83,3269.69,2.27374e-12,6.38362e-14
C2,CHKM,2043,2936.1,673.327,3609.43,3609.43,3315.82,-2.27374e-12,-6.29943e-14
C2,CHKM,2044,2950.84,705.272,3656.12,3656.12,3361.03,-4.09273e-12,-1.11942e-13
C2,CHKM,2045,2965.65,736.04,3701.68,3701.68,3405.12,-2.00089e-11,-5.40535e-13
C2,CHKM,2046,2980.51,765.072,3745.59,3745.59,3447.54,-2.72848e-11,-7.28453e-13
C2,CHKM,2047,2995.45,792.75,3788.2,3788.2,3488.66,-1.86446e-11,-4.92176e-13
C2,CHKM,2048,3010.46,818.718,3829.18,3829.18,3528.14,2.27374e-12,5.93792e-14
C2,CHKM,2049,3025.55,842.638,3868.19,3868.19,3565.63,7.68523e-11,1.98678e-12
C2,CHKM,2050,3040.7,864.354,3905.06,3905.06,3600.99,1.23237e-10,3.15582e-12
C2,EGGS,2023,3028.55,0,3028.55,3011.87,2383.06,16.68,0.553809
C2,EGGS,2024,3049.8,0,3049.8,3031.91,2386.64,17.8911,0.590095
C2,EGGS,2025,3064.17,0,3064.17,3030.33,2375.98,33.8395,1.11669
C2,EGGS,2026,3076.52,0,3076.52,3027.67,2364.35,48.8465,1.61334
C2,EGGS,2027,3087.18,0,3087.18,3025.42,2353.14,61.7539,2.04117
C2,EGGS,2028,3096.41,0,3096.41,3022.52,2341.29,73.8886,2.4446
C2,EGGS,2029,3104.45,0,3104.45,3019.07,2328.83,85.3822,2.8281
C2,EGGS,2030,3111.51,0,3111.51,3015.02,2315.76,96.4949,3.20047
C2,EGGS,2031,3117.77,0,3117.77,3010.15,2301.85,107.621,3.57526
C2,EGGS,2032,3123.39,0,3123.39,3005.07,2287.63,118.315,3.93718
C2,EGGS,2033,3128.5,0,3128.5,2999.64,2272.97,128.853,4.29561
C2,EGGS,2034,3133.22,0,3133.22,2993.86,2257.87,139.36,4.65486
C2,EGGS,2035,3137.68,0,3137.68,2987.86,2242.43,149.818,5.01422
C2,EGGS,2036,3122.82,0,3122.82,2984.82,2230.7,138.007,4.62364
C2,EGGS,2037,3107.57,0,3107.57,2981,2218.59,126.574,4.24602
C2,EGGS,2038,3092.02,0,3092.02,2976.29,2205.97,115.727,3.8883
C2,EGGS,2039,3076.25,0,3076.25,2970.81,2192.93,105.445,3.54938
C2,EGGS,2040,3060.33,0,3060.33,2964.41,2179.3,95.9226,3.23581
C2,EGGS,2041,3044.31,0,3044.31,2957.04,2165.02,87.2693,2.95124
C2,EGGS,2042,3028.21,0,3028.21,2948.96,2150.33,79.2498,2.68738
C2,EGGS,2043,3012.09,0,3012.09,2940.1,2135.14,71.9838,2.44834
C2,EGGS,2044,2995.95,0,2995.95,2930.5,2119.47,65.4537,2.23353
C2,EGGS,2045,2979.83,0,2979.83,2920.08,2103.24,59.7453,2.04601
C2,EGGS,2046,2963.73,0,2963.73,2908.7,2086.3,55.0342,1.89206
C2,EGGS,2047,2947.67,0,2947.67,2896.36,2068.64,51.3156,1.77173
C2,EGGS,2048,2931.66,0,2931.66,2883.09,2050.29,48.5729,1.68475
C2,EGGS,2049,2915.71,0,2915.71,2868.77,2031.11,46.9427,1.63633
C2,EGGS,2050,2899.82,0,2899.82,2853.38,2011.09,46.444,1.62768
C2,MILK,2023,4197,1694.13,5891.13,5891.13,5223.43,-9.09495e-13,-1.54384e-14
C2,MILK,2024,4079,1555.36,5634.36,5634.36,4998.61,0,0
C2,MILK,2025,3962.98,1794.74,5757.72,5757.72,5140.06,-4.54747e-12,-7.89804e-14
C2,MILK,2026,4076.9,1841.96,5918.86,5918.86,5283.44,1.81899e-12,3.07321e-14
C2,MILK,2027,4194.25,1893.01,6087.26,6087.26,5433.55,2.72848e-12,4.48229e-14
C2,MILK,2028,4315.16,1942.65,6257.81,6257.81,5585.26,-1.81899e-12,-2.90675e-14
C2,MILK,2029,4439.77,1991.53,6431.3,6431.3,5739.33,-1.81899e-12,-2.82834e-14
C2,MILK,2030,4568.19,2038.94,6607.13,6607.13,5895.14,-1.81899e-12,-2.75307e-14
C2,MILK,2031,4613.62,2159.7,6773.32,6773.32,6054.25,3.63798e-12,5.37104e-14
C2,MILK,2032,4659.77,2285.73,6945.49,6945.49,6219.23,-4.54747e-12,-6.54737e-14
C2,MILK,2033,4706.69,2414.38,7121.06,7121.06,6387.49,-9.09495e-13,-1.27719e-14
C2,MILK,2034,4754.41,2545.67,7300.07,7300.07,6559.06,-2.72848e-12,-3.73761e-14
C2,MILK,2035,4802.98,2680.1,7483.08,7483.08,6734.5,9.09495e-13,1.2154e-14
C2,MILK,2036,4843.47,2821.34,7664.81,7664.81,6909.92,-1.81899e-12,-2.37317e-14
C2,MILK,2037,4876.93,2972.27,7849.2,7849.2,7089.09,3.63798e-12,4.63484e-14
C2,MILK,2038,4904.66,3128.66,8033.32,8033.32,7268.89,-9.09495e-13,-1.13215e-14
C2,MILK,2039,4927.77,3289.62,8217.39,8217.39,7449.36,-7.27596e-12,-8.85434e-14
C2,MILK,2040,4947.13,3453.68,8400.81,8400.81,7629.76,0,0
C2,MILK,2041,4963.49,3622.59,8586.07,8586.07,7812.47,-9.09495e-12,-1.05927e-13
C2,MILK,2042,4977.41,3796.35,8773.77,8773.77,7998,1.81899e-12,2.07321e-14
C2,MILK,2043,4989.39,3971.6,8960.99,8960.99,8183.35,-3.63798e-12,-4.0598e-14
C2,MILK,2044,4999.79,4147.86,9147.65,9147.65,8368.4,-1.81899e-12,-1.98848e-14
C2,MILK,2045,5008.94,4324.29,9333.23,9333.23,8552.55,0,0
C2,MILK,2046,5017.08,4500.67,9517.75,9517.75,8735.8,1.81899e-12,1.91115e-14
C2,MILK,2047,5024.41,4676.34,9700.76,9700.76,8917.66,5.45697e-12,5.6253e-14
C2,MILK,2048,5031.09,4850.14,9881.23,9881.23,9097.1,0,0
C2,MILK,2049,5037.26,5020.95,10058.2,10058.2,9273.11,1.81899e-12,1.80846e-14
C2,MILK,2050,5043,5188.15,10231.1,10231.1,9445.16,-5.45697e-12,-5.33368e-14
C2,FISH,2023,7116.2,296,7412.2,7412.2,3132.04,0,0
C2,FISH,2024,7366,269,7635,7635,3204.13,0,0
C2,FISH,2025,7453.32,328.123,7781.44,7781.44,3285.59,9.09495e-13,1.1688e-14
C2,FISH,2026,7540.81,384.618,7925.43,7925.43,3364.28,-9.09495e-13,-1.14756e-14
C2,FISH,2027,7628.49,444.548,8073.04,8073.04,3446.01,9.09495e-13,1.12658e-14
C2,FISH,2028,7716.36,506.498,8222.86,8222.86,3529.34,1.81899e-12,2.21211e-14
C2,FISH,2029,7804.43,570.984,8375.41,8375.41,3614.37,-3.63798e-12,-4.34364e-14
C2,FISH,2030,7892.71,637.603,8530.31,8530.31,3701.2,5.45697e-12,6.39715e-14
C2,FISH,2031,7981.22,703.084,8684.3,8684.3,3786.4,-1.81899e-12,-2.09457e-14
C2,FISH,2032,8069.98,771.769,8841.74,8841.74,3874.02,-1.27329e-11,-1.44009e-13
C2,FISH,2033,8159,843.521,9002.53,9002.53,3964.01,-3.63798e-12,-4.04106e-14
C2,FISH,2034,8248.33,918.503,9166.83,9166.83,4056.51,-1.81899e-12,-1.98432e-14
C2,FISH,2035,8333.86,1000.68,9334.54,9334.54,4151.93,-1.81899e-12,-1.94866e-14
C2,FISH,2036,8405.51,1103.67,9509.17,9509.17,4243.13,0,0
C2,FISH,2037,8461.78,1221.36,9683.14,9683.14,4335.43,1.81899e-12,1.87851e-14
C2,FISH,2038,8505.54,1350.99,9856.53,9856.53,4428.53,-1.81899e-12,-1.84547e-14
C2,FISH,2039,8539.17,1490.65,10029.8,10029.8,4522.51,-1.81899e-12,-1.81358e-14
C2,FISH,2040,8564.61,1638.27,10202.9,10202.9,4617.02,0,0
C2,FISH,2041,8583.44,1789.43,10372.9,10372.9,4708.99,-3.63798e-12,-3.5072e-14
C2,FISH,2042,8596.97,1946.23,10543.2,10543.2,4801.66,3.63798e-12,3.45054e-14
C2,FISH,2043,8606.22,2107.47,10713.7,10713.7,4894.7,-7.27596e-12,-6.79127e-14
C2,FISH,2044,8612.05,2272.39,10884.4,10884.4,4988.12,0,0
C2,FISH,2045,8615.13,2440.12,11055.2,11055.2,5081.65,-5.45697e-12,-4.93609e-14
C2,FISH,2046,8616.01,2608.8,11224.8,11224.8,5173.96,0,0
C2,FISH,2047,8615.13,2778.71,11393.8,11393.8,5265.75,9.09495e-12,7.98234e-14
C2,FISH,2048,8612.83,2949.42,11562.3,11562.3,5356.9,0,0
C2,FISH,2049,8609.42,3120.14,11729.6,11729.6,5446.94,-1.81899e-12,-1.55078e-14
C2,FISH,2050,8605.1,3290.38,11895.5,11895.5,5535.62,1.81899e-12,1.52914e-14
C3,RICE,2023,20660.3,100.6,20760.9,20760.9,15799.6,3.63798e-12,1.75232e-14
C3,RICE,2024,20753.5,78.57,20832.1,20832.1,15650,0,0
C3,RICE,2025,20794.1,69.508,20863.6,20863.6,15379.6,-3.63798e-12,-1.74369e-14
C3,RICE,2026,20834.1,54.9263,20889,20889,15118,0,0
C3,RICE,2027,20873.2,7.67041,20880.9,20880.9,14857.3,0,0
C3,RICE,2028,20911.5,0,20911.5,20857.4,14598.7,54.0965,0.259363
C3,RICE,2029,20948.9,0,20948.9,20839.1,14342.2,109.763,0.526718
C3,RICE,2030,20985.2,0,20985.2,20836.3,14096.9,148.92,0.714716
C3,RICE,2031,21004.7,0,21004.7,20786.2,13853.8,218.439,1.05088
C3,RICE,2032,21022.9,0,21022.9,20702.5,13611.7,320.363,1.54746
C3,RICE,2033,21039.7,0,21039.7,20623.3,13371,416.378,2.01897
C3,RICE,2034,21054.9,0,21054.9,20549.1,13132.5,505.795,2.4614
C3,RICE,2035,21068.5,0,21068.5,20486.8,12902.9,581.685,2.83932
C3,RICE,2036,21079.7,0,21079.7,20419.6,12676.2,660.153,3.23294
C3,RICE,2037,21089,0,21089,20355.1,12451.5,733.905,3.60552
C3,RICE,2038,21096.5,0,21096.5,20294.5,12229.9,801.938,3.9515
C3,RICE,2039,21102.4,0,21102.4,20237.1,12010.6,865.338,4.27601
C3,RICE,2040,21107,0,21107,20188.1,11798.9,918.822,4.5513
C3,RICE,2041,21110.3,0,21110.3,20142.5,11589.5,967.821,4.80488
C3,RICE,2042,21112.5,0,21112.5,20099.3,11381.7,1013.21,5.04102
C3,RICE,2043,21113.7,0,21113.7,20059.4,11176.1,1054.35,5.25612
C3,RICE,2044,21114.1,0,21114.1,20022.3,10972.3,1091.76,5.45274
C3,RICE,2045,21113.5,0,21113.5,19988.4,10770.8,1125.09,5.6287
C3,RICE,2046,21112.2,0,21112.2,19956.3,10570,1155.91,5.79218
C3,RICE,2047,21110.2,0,21110.2,19926,10369.9,1184.23,5.94313
C3,RICE,2048,21107.6,0,21107.6,19896.9,10170.1,1210.65,6.08463
C3,RICE,2049,21104.3,0,21104.3,19869,9970.34,1235.32,6.21733
C3,RICE,2050,21100.5,0,21100.5,19853.2,9781.67,1247.28,6.28253
C3,WHEA,2023,13659,1189.4,14848.4,14848.4,9162.85,-1.81899e-12,-1.22504e-14
C3,WHEA,2024,14009.9,1106.26,15116.2,15116.2,9100,3.63798e-12,2.40668e-14
C3,WHEA,2025,14115.7,965.036,15080.7,15080.7,8944.91,0,0
C3,WHEA,2026,14217.3,835.615,15052.9,15052.9,8794.66,0,0
C3,WHEA,2027,14314.7,711.391,15026.1,15026.1,8644.64,0,0
C3,WHEA,2028,14407.9,593.46,15001.4,15001.4,8495.6,7.27596e-12,4.85019e-14
C3,WHEA,2029,14496.8,482.628,14979.5,14979.5,8347.43,5.45697e-12,3.64297e-14
C3,WHEA,2030,14581.4,383.649,14965,14965,8205.51,0,0
C3,WHEA,2031,14595.7,282.009,14877.7,14877.7,8064.63,3.63798e-12,2.44525e-14
C3,WHEA,2032,14605,183.308,14788.3,14788.3,7923.93,9.09495e-12,6.15009e-14
C3,WHEA,2033,14608.9,89.6604,14698.6,14698.6,7783.79,-5.45697e-12,-3.71258e-14
C3,WHEA,2034,14607.3,1.56395,14608.8,14608.8,7644.53,-1.09139e-11,-7.47078e-14
C3,WHEA,2035,14599.8,0,14599.8,14523,7510.14,76.7831,0.528699
C3,WHEA,2036,14588.4,0,14588.4,14424.5,7377.45,163.885,1.13615
C3,WHEA,2037,14573.5,0,14573.5,14325.9,7245.94,247.533,1.72787
C3,WHEA,2038,14555.4,0,14555.4,14228.1,7116.29,327.334,2.30062
C3,WHEA,2039,14534.5,0,14534.5,14130.4,6987.97,404.098,2.85978
C3,WHEA,2040,14511,0,14511,14036.1,6864.11,474.891,3.38335
C3,WHEA,2041,14485.3,0,14485.3,13942.2,6741.64,543.072,3.89516
C3,WHEA,2042,14457.6,0,14457.6,13848.3,6620.09,609.302,4.39985
C3,WHEA,2043,14428,0,14428,13754.6,6499.87,673.351,4.89544
C3,WHEA,2044,14396.8,0,14396.8,13661.2,6380.71,735.666,5.38509
C3,WHEA,2045,14364.2,0,14364.2,13568,6262.89,796.233,5.86846
C3,WHEA,2046,14330.4,0,14330.4,13474.4,6145.51,856,6.3528
C3,WHEA,2047,14295.4,0,14295.4,13380.3,6028.6,915.087,6.83907
C3,WHEA,2048,14259.4,0,14259.4,13285.4,5911.83,973.945,7.33092
C3,WHEA,2049,14222.5,0,14222.5,13189.7,5795.16,1032.75,7.82993
C3,WHEA,2050,14184.8,0,14184.8,13099.6,5684.93,1085.23,8.28447
C3,MAIZ,2023,28884,2712.1,31596.1,31596.1,1890,0,0
C3,MAIZ,2024,29492,1363,30855,30855,1890,0,0
C3,MAIZ,2025,29896.1,1142.28,31038.4,31038.4,1881.42,0,0
C3,MAIZ,2026,30301.1,924.9,31226,31226,1873.08,-7.27596e-12,-2.33009e-14
C3,MAIZ,2027,30706.7,1381.14,32087.8,32087.8,1864.42,0,0
C3,MAIZ,2028,31112.1,1287.44,32399.5,32399.5,1855.35,1.45519e-11,4.4914e-14
C3,MAIZ,2029,31516.8,1102.74,32619.5,32619.5,1845.93,7.27596e-12,2.23055e-14
C3,MAIZ,2030,31920.1,891.712,32811.8,32811.8,1837.4,-4.36557e-11,-1.33049e-13
C3,MAIZ,2031,31929.1,858.161,32787.2,32787.2,1828.48,-7.27596e-12,-2.21914e-14
C3,MAIZ,2032,31930.2,840.057,32770.3,32770.3,1819.27,0,0
C3,MAIZ,2033,31922.7,822.658,32745.4,32745.4,1809.72,-7.27596e-12,-2.22198e-14
C3,MAIZ,2034,31915,799.386,32714.4,32714.4,1799.91,0,0
C3,MAIZ,2035,31897,779.442,32676.4,32676.4,1790.89,1.09139e-11,3.34e-14
C3,MAIZ,2036,31872,952.736,32824.7,32824.7,1781.52,0,0
C3,MAIZ,2037,31840.8,1124.62,32965.4,32965.4,1771.89,5.09317e-11,1.545e-13
C3,MAIZ,2038,31804.1,1295.92,33100,33100,1762.04,-7.27596e-12,-2.19817e-14
C3,MAIZ,2039,31762.5,1466.76,33229.2,33229.2,1751.83,0,0
C3,MAIZ,2040,31716.5,1638.46,33354.9,33354.9,1742.18,-7.27596e-12,-2.18137e-14
C3,MAIZ,2041,31666.6,1809.64,33476.2,33476.2,1732.16,2.18279e-11,6.52041e-14
C3,MAIZ,2042,31613.3,1980.22,33593.5,33593.5,1721.83,2.18279e-11,6.49765e-14
C3,MAIZ,2043,31556.9,2150.02,33706.9,33706.9,1711.21,7.27596e-12,2.15859e-14
C3,MAIZ,2044,31497.8,2318.68,33816.5,33816.5,1700.21,1.45519e-11,4.3032e-14
C3,MAIZ,2045,31436.3,2485.23,33921.6,33921.6,1688.95,1.45519e-11,4.28987e-14
C3,MAIZ,2046,31372.7,2649.92,34022.6,34022.6,1677.14,-7.27596e-12,-2.13856e-14
C3,MAIZ,2047,31307.2,2812.52,34119.7,34119.7,1664.82,0,0
C3,MAIZ,2048,31240,2972.55,34212.6,34212.6,1651.9,1.45519e-11,4.25338e-14
C3,MAIZ,2049,31171.4,3129.7,34301.1,34301.1,1638.33,7.27596e-12,2.12121e-14
C3,MAIZ,2050,31101.4,3285.91,34387.3,34387.3,1626.25,0,0
C3,POTA,2023,9150,0,9150,9125,5872,25,0.273973
C3,POTA,2024,9500,0,9500,9445,6081.92,55,0.582319
C3,POTA,2025,9564.68,0,9564.68,9424.9,6028.42,139.78,1.4831
C3,POTA,2026,9625.18,0,9625.18,9414.88,5975.57,210.299,2.23369
C3,POTA,2027,9681.49,0,9681.49,9430.06,5922.44,251.432,2.66628
C3,POTA,2028,9733.56,0,9733.56,9440.51,5868.25,293.042,3.10409
C3,POTA,2029,9781.37,0,9781.37,9461.79,5813.32,319.585,3.37764
C3,POTA,2030,9824.87,0,9824.87,9484.06,5761.74,340.803,3.59342
C3,POTA,2031,9863.92,0,9863.92,9500.59,5709.05,363.332,3.82431
C3,POTA,2032,9898.47,0,9898.47,9515.06,5656.23,383.413,4.02954
C3,POTA,2033,9928.33,0,9928.33,9528.3,5602.77,400.032,4.19835
C3,POTA,2034,9953.35,0,9953.35,9539.74,5548.95,413.617,4.33572
C3,POTA,2035,9973.36,0,9973.36,9556.48,5498.25,416.878,4.36226
C3,POTA,2036,9993.11,0,9993.11,9575.05,5446.41,418.065,4.36619
C3,POTA,2037,10012.1,0,10012.1,9591.13,5394.21,420.931,4.38875
C3,POTA,2038,10030.2,0,10030.2,9604.53,5341.44,425.689,4.43216
C3,POTA,2039,10047.6,0,10047.6,9614.91,5287.75,432.724,4.50055
C3,POTA,2040,10064.3,0,10064.3,9625.21,5236.04,439.123,4.56221
C3,POTA,2041,10080.3,0,10080.3,9632.35,5183.23,447.977,4.65075
C3,POTA,2042,10095.7,0,10095.7,9636.95,5129.91,458.705,4.75985
C3,POTA,2043,10110.3,0,10110.3,9638.8,5075.83,471.532,4.89202
C3,POTA,2044,10124.4,0,10124.4,9637.75,5020.83,486.635,5.04926
C3,POTA,2045,10137.8,0,10137.8,9634.17,4965.27,503.658,5.22783
C3,POTA,2046,10150.7,0,10150.7,9627.22,4908.27,523.469,5.43739
C3,POTA,2047,10163,0,10163,9617.19,4850.07,545.791,5.67516
C3,POTA,2048,10174.7,0,10174.7,9603.7,4790.3,571.008,5.94571
C3,POTA,2049,10185.9,0,10185.9,9586.76,4728.93,599.147,6.24973
C3,POTA,2050,10196.6,0,10196.6,9573.17,4672.71,623.418,6.51214
C3,SOYS,2023,2084.17,9849,11933.2,11933.2,1550,0,0
C3,SOYS,2024,2065,10497,12562,12562,1675,-1.81899e-12,-1.44801e-14
C3,SOYS,2025,2190,10037.4,12227.4,12227.4,1677.69,7.27596e-12,5.95052e-14
C3,SOYS,2026,2322.21,9726.83,12049,12049,1680.25,-1.09139e-11,-9.05793e-14
C3,SOYS,2027,2462,9445.24,11907.2,11907.2,1682.8,3.63798e-12,3.05527e-14
C3,SOYS,2028,2609.75,9180.9,11790.6,11790.6,1684.89,7.27596e-12,6.17096e-14
C3,SOYS,2029,2765.82,8933.11,11698.9,11698.9,1686.66,5.45697e-12,4.6645e-14
C3,SOYS,2030,2930.63,8692.93,11623.6,11623.6,1688.47,3.63798e-12,3.12983e-14
C3,SOYS,2031,2961.78,8553.86,11515.6,11515.6,1689.72,-5.45697e-12,-4.73874e-14
C3,SOYS,2032,2992.54,8423.1,11415.6,11415.6,1691,-1.81899e-12,-1.59342e-14
C3,SOYS,2033,3022.79,8302.76,11325.5,11325.5,1691.98,0,0
C3,SOYS,2034,3052.01,8192.19,11244.2,11244.2,1692.74,-1.27329e-11,-1.1324e-13
C3,SOYS,2035,3080.52,8090.44,11171,11171,1693.66,1.81899e-12,1.62832e-14
C3,SOYS,2036,3096.98,8116.86,11213.8,11213.8,1693.94,-1.81899e-12,-1.62209e-14
C3,SOYS,2037,3105.98,8145.48,11251.5,11251.5,1694.02,-1.81899e-12,-1.61667e-14
C3,SOYS,2038,3110.42,8174.74,11285.2,11285.2,1693.68,-1.81899e-12,-1.61184e-14
C3,SOYS,2039,3112.05,8203.8,11315.8,11315.8,1692.79,0,0
C3,SOYS,2040,3111.96,8232.69,11344.7,11344.7,1691.71,1.81899e-12,1.60339e-14
C3,SOYS,2041,3110.79,8260.67,11371.5,11371.5,1689.96,5.45697e-12,4.79883e-14
C3,SOYS,2042,3108.92,8288.07,11397,11397,1687.9,3.63798e-12,3.19205e-14
C3,SOYS,2043,3106.6,8314.68,11421.3,11421.3,1685.32,3.63798e-12,3.18526e-14
C3,SOYS,2044,3103.96,8340.5,11444.5,11444.5,1682.16,-3.63798e-12,-3.17881e-14
C3,SOYS,2045,3101.09,8365.33,11466.4,11466.4,1678.38,-1.81899e-12,-1.58636e-14
C3,SOYS,2046,3098.05,8389.31,11487.4,11487.4,1673.79,0,0
C3,SOYS,2047,3094.87,8412.62,11507.5,11507.5,1668.53,5.45697e-12,4.7421e-14
C3,SOYS,2048,3091.56,8435.14,11526.7,11526.7,1662.42,7.27596e-12,6.31226e-14
C3,SOYS,2049,3088.15,8456.88,11545,11545,1655.42,7.27596e-12,6.30224e-14
C3,SOYS,2050,3084.63,8478.78,11563.4,11563.4,1648.43,5.45697e-12,4.71917e-14
C3,RAPS,2023,1631.74,519.81,2151.55,2151.55,0,0,0
C3,RAPS,2024,1674,638.56,2312.56,2312.56,0,0,0
C3,RAPS,2025,1717.63,628.481,2346.11,2346.11,0,4.54747e-13,1.9383e-14
C3,RAPS,2026,1762.14,614.208,2376.35,2376.35,0,-4.54747e-13,-1.91364e-14
C3,RAPS,2027,1807.5,586.552,2394.05,2394.05,0,9.09495e-13,3.79897e-14
C3,RAPS,2028,1853.7,559.211,2412.91,2412.91,0,-4.54747e-13,-1.88464e-14
C3,RAPS,2029,1900.72,532.654,2433.37,2433.37,0,4.54747e-13,1.8688e-14
C3,RAPS,2030,1948.52,506.343,2454.87,2454.87,0,-4.54747e-13,-1.85243e-14
C3,RAPS,2031,1961.93,501.691,2463.62,2463.62,0,-9.09495e-13,-3.69169e-14
C3,RAPS,2032,1974.95,496.164,2471.12,2471.12,0,4.54747e-13,1.84025e-14
C3,RAPS,2033,1987.52,491.508,2479.03,2479.03,0,0,0
C3,RAPS,2034,1999.29,487.977,2487.27,2487.27,0,9.09495e-13,3.6566e-14
C3,RAPS,2035,2010.48,485.339,2495.82,2495.82,0,-1.81899e-12,-7.28814e-14
C3,RAPS,2036,2021.33,482.675,2504.01,2504.01,0,9.09495e-13,3.63215e-14
C3,RAPS,2037,2031.72,479.673,2511.39,2511.39,0,4.54747e-12,1.81074e-13
C3,RAPS,2038,2041.69,476.494,2518.19,2518.19,0,-9.09495e-13,-3.61171e-14
C3,RAPS,2039,2051.31,473.233,2524.54,2524.54,0,-9.09495e-13,-3.60261e-14
C3,RAPS,2040,2060.61,469.995,2530.61,2530.61,0,1.36424e-12,5.39097e-14
C3,RAPS,2041,2069.63,466.769,2536.4,2536.4,0,-1.36424e-12,-5.37865e-14
C3,RAPS,2042,2078.39,463.583,2541.98,2541.98,0,-4.54747e-13,-1.78895e-14
C3,RAPS,2043,2086.92,460.457,2547.38,2547.38,0,0,0
C3,RAPS,2044,2095.23,457.407,2552.64,2552.64,0,0,0
C3,RAPS,2045,2103.34,454.329,2557.67,2557.67,0,9.09495e-13,3.55595e-14
C3,RAPS,2046,2111.26,451.359,2562.62,2562.62,0,-9.09495e-13,-3.54908e-14
C3,RAPS,2047,2119.01,448.502,2567.51,2567.51,0,4.54747e-13,1.77116e-14
C3,RAPS,2048,2126.58,445.764,2572.34,2572.34,0,1.36424e-12,5.3035e-14
C3,RAPS,2049,2133.99,443.146,2577.13,2577.13,0,9.09495e-13,3.5291e-14
C3,RAPS,2050,2141.24,440.653,2581.89,2581.89,0,4.54747e-13,1.7613e-14
C3,GRDS,2023,1860,20,1880,1070,810,810,75.7009
C3,GRDS,2024,1900,5,1905,1905,850,-4.54747e-13,-2.38713e-14
C3,GRDS,2025,1927.66,0,1927.66,1911.42,858.979,16.2381,0.849532
C3,GRDS,2026,1955.42,0,1955.42,1918.62,867.616,36.8007,1.91808
C3,GRDS,2027,1967.56,0,1967.56,1926.93,876.651,40.6292,2.10849
C3,GRDS,2028,1979.41,0,1979.41,1935.55,885.448,43.8589,2.26596
C3,GRDS,2029,1990.96,0,1990.96,1944.86,894.178,46.1012,2.37042
C3,GRDS,2030,2002.16,0,2002.16,1954.76,903.002,47.4008,2.4249
C3,GRDS,2031,2012.96,0,2012.96,1961.9,911.418,51.0574,2.60245
C3,GRDS,2032,2023.32,0,2023.32,1969.14,920.288,54.1838,2.75166
C3,GRDS,2033,2033.18,0,2033.18,1976.67,929.141,56.5166,2.85919
C3,GRDS,2034,2042.2,0,2042.2,1984.53,938.025,57.6728,2.90612
C3,GRDS,2035,2050.6,0,2050.6,1992.99,947.243,57.6037,2.89031
C3,GRDS,2036,2057.18,0,2057.18,2007.33,955.82,49.8482,2.48331
C3,GRDS,2037,2062.3,0,2062.3,2021.41,964.452,40.8867,2.02268
C3,GRDS,2038,2066.24,0,2066.24,2034.91,972.712,31.3384,1.54004
C3,GRDS,2039,2069.24,0,2069.24,2047.79,980.517,21.4551,1.04772
C3,GRDS,2040,2071.48,0,2071.48,2060.39,988.133,11.0935,0.538415
C3,GRDS,2041,2073.12,0,2073.12,2072.22,995.063,0.892747,0.0430816
C3,GRDS,2042,2074.26,9.64033,2083.9,2083.9,1001.9,-4.19782e-08,-2.0144e-09
C3,GRDS,2043,2075.01,20.0459,2095.06,2095.06,1008.26,-1.36424e-12,-6.51171e-14
C3,GRDS,2044,2075.45,30.2071,2105.66,2105.66,1014.09,-4.54747e-13,-2.15964e-14
C3,GRDS,2045,2075.64,40.0133,2115.66,2115.66,1019.38,4.54747e-13,2.14944e-14
C3,GRDS,2046,2075.63,49.2933,2124.93,2124.93,1023.95,-4.54747e-13,-2.14006e-14
C3,GRDS,2047,2075.46,58.1854,2133.65,2133.65,1027.97,9.09495e-13,4.26263e-14
C3,GRDS,2048,2075.16,66.4726,2141.64,2141.64,1031.25,4.54747e-13,2.12336e-14
C3,GRDS,2049,2074.76,74.1026,2148.86,2148.86,1033.75,-9.09495e-13,-4.23245e-14
C3,GRDS,2050,2074.28,81.9037,2156.18,2156.18,1036.32,1.36424e-12,6.32712e-14
C3,COTT,2023,561.8,191,752.8,752.8,0,0,0
C3,COTT,2024,616.4,261.8,878.2,878.2,0,0,0
C3,COTT,2025,617.205,188.719,805.924,805.924,0,-2.27374e-13,-2.82128e-14
C3,COTT,2026,617.917,185.406,803.324,803.324,0,1.13687e-13,1.41521e-14
C3,COTT,2027,618.53,182.158,800.688,800.688,0,-1.13687e-13,-1.41986e-14
C3,COTT,2028,619.032,179.003,798.035,798.035,0,0,0
C3,COTT,2029,619.417,175.994,795.411,795.411,0,1.13687e-13,1.42928e-14
C3,COTT,2030,619.673,173.097,792.77,792.77,0,2.27374e-13,2.86809e-14
C3,COTT,2031,619.787,170.338,790.125,790.125,0,0,0
C3,COTT,2032,619.75,167.762,787.512,787.512,0,3.41061e-13,4.33086e-14
C3,COTT,2033,619.544,165.377,784.921,784.921,0,0,0
C3,COTT,2034,615.991,167.047,783.038,783.038,0,0,0
C3,COTT,2035,612.262,168.922,781.184,781.184,0,1.13687e-13,1.45532e-14
C3,COTT,2036,608.524,170.77,779.295,779.295,0,2.27374e-13,2.91769e-14
C3,COTT,2037,604.721,173.251,777.972,777.972,0,-1.13687e-13,-1.46132e-14
C3,COTT,2038,600.856,176.294,777.15,777.15,0,3.41061e-13,4.3886e-14
C3,COTT,2039,596.933,179.834,776.766,776.766,0,1.13687e-13,1.46359e-14
C3,COTT,2040,592.955,183.816,776.771,776.771,0,2.27374e-13,2.92716e-14
C3,COTT,2041,588.928,188.188,777.115,777.115,0,1.13687e-13,1.46293e-14
C3,COTT,2042,584.853,192.905,777.758,777.758,0,0,0
C3,COTT,2043,580.736,197.929,778.664,778.664,0,-2.27374e-13,-2.92005e-14
C3,COTT,2044,576.578,203.22,779.797,779.797,0,-1.13687e-13,-1.4579e-14
C3,COTT,2045,572.383,208.74,781.124,781.124,0,-1.13687e-13,-1.45543e-14
C3,COTT,2046,568.155,214.458,782.613,782.613,0,-1.13687e-13,-1.45266e-14
C3,COTT,2047,563.897,220.348,784.244,784.244,0,0,0
C3,COTT,2048,559.61,226.379,785.989,785.989,0,0,0
C3,COTT,2049,555.298,232.529,787.827,787.827,0,1.13687e-13,1.44304e-14
C3,COTT,2050,550.964,238.783,789.747,789.747,0,1.13687e-13,1.43953e-14
C3,SUGC,2023,789,0,789,789,0,0,0
C3,SUGC,2024,882,0,882,882,0,0,0
C3,SUGC,2025,1050.8,0,1050.8,895.23,0,155.567,17.3774
C3,SUGC,2026,1241.72,0,1241.72,908.658,0,333.059,36.6539
C3,SUGC,2027,1455.87,0,1455.87,922.288,0,533.584,57.8544
C3,SUGC,2028,1694.16,0,1694.16,936.123,0,758.041,80.9766
C3,SUGC,2029,1957.28,0,1957.28,950.164,0,1007.11,105.993
C3,SUGC,2030,2245.63,0,2245.63,964.417,0,1281.22,132.849
C3,SUGC,2031,2559.37,0,2559.37,978.883,0,1580.49,161.458
C3,SUGC,2032,2898.37,0,2898.37,993.566,0,1904.8,191.713
C3,SUGC,2033,3262.15,0,3262.15,1008.47,0,2253.68,223.475
C3,SUGC,2034,3649.96,0,3649.96,1023.6,0,2626.36,256.582
C3,SUGC,2035,4060.74,0,4060.74,1038.95,0,3021.79,290.85
C3,SUGC,2036,4425.45,0,4425.45,1054.54,0,3370.92,319.659
C3,SUGC,2037,4742.47,0,4742.47,1070.35,0,3672.11,343.075
C3,SUGC,2038,5013.21,0,5013.21,1086.41,0,3926.8,361.448
C3,SUGC,2039,5241.07,0,5241.07,1102.7,0,4138.36,375.292
C3,SUGC,2040,5430.5,0,5430.5,1119.25,0,4311.25,385.193
C3,SUGC,2041,5586.33,0,5586.33,1136.03,0,4450.3,391.74
C3,SUGC,2042,5713.35,0,5713.35,1153.07,0,4560.28,395.489
C3,SUGC,2043,5816.03,0,5816.03,1170.37,0,4645.66,396.939
C3,SUGC,2044,5898.38,0,5898.38,1187.93,0,4710.46,396.528
C3,SUGC,2045,5963.91,0,5963.91,1205.75,0,4758.16,394.624
C3,SUGC,2046,6015.6,0,6015.6,1223.83,0,4791.77,391.539
C3,SUGC,2047,6056,0,6056,1242.19,0,4813.81,387.527
C3,SUGC,2048,6087.22,0,6087.22,1260.82,0,4826.4,382.798
C3,SUGC,2049,6110.99,0,6110.99,1279.73,0,4831.25,377.52
C3,SUGC,2050,6128.74,0,6128.74,1298.93,0,4829.81,371.83
C3,SUGB,2023,108,0,108,108,0,0,0
C3,SUGB,2024,114,0,114,114,0,0,0
C3,SUGB,2025,114.232,0,114.232,114,0,0.232277,0.203752
C3,SUGB,2026,114.448,0,114.448,114,0,0.447737,0.392752
C3,SUGB,2027,114.645,0,114.645,114,0,0.645003,0.565792
C3,SUGB,2028,114.822,0,114.822,114,0,0.821923,0.720985
C3,SUGB,2029,114.977,0,114.977,114,0,0.977227,0.857217
C3,SUGB,2030,115.109,0,115.109,114,0,1.10884,0.972668
C3,SUGB,2031,115.214,0,115.214,114,0,1.21417,1.06506
C3,SUGB,2032,115.291,0,115.291,114,0,1.29149,1.13288
C3,SUGB,2033,115.337,0,115.337,114,0,1.33743,1.17319
C3,SUGB,2034,115.432,0,115.432,114,0,1.43248,1.25656
C3,SUGB,2035,115.49,0,115.49,114,0,1.49044,1.30741
C3,SUGB,2036,115.548,0,115.548,114,0,1.54844,1.35828
C3,SUGB,2037,115.606,0,115.606,114,0,1.60647,1.40918
C3,SUGB,2038,115.665,0,115.665,114,0,1.66453,1.46011
C3,SUGB,2039,115.723,0,115.723,114,0,1.72261,1.51106
C3,SUGB,2040,115.781,0,115.781,114,0,1.78073,1.56204
C3,SUGB,2041,115.839,0,115.839,114,0,1.83887,1.61304
C3,SUGB,2042,115.897,0,115.897,114,0,1.89704,1.66407
C3,SUGB,2043,115.955,0,115.955,114,0,1.95524,1.71513
C3,SUGB,2044,116.013,0,116.013,114,0,2.01347,1.76621
C3,SUGB,2045,116.072,0,116.072,114,0,2.07174,1.81731
C3,SUGB,2046,116.13,0,116.13,114,0,2.13002,1.86844
C3,SUGB,2047,116.188,0,116.188,114,0,2.18834,1.9196
C3,SUGB,2048,116.247,0,116.247,114,0,2.24669,1.97078
C3,SUGB,2049,116.305,0,116.305,114,0,2.30507,2.02199
C3,SUGB,2050,116.363,0,116.363,114,0,2.36348,2.07323
C3,FRTO,2023,32744.3,365.6,33109.9,33109.9,15628.1,0,0
C3,FRTO,2024,34500,109.86,34609.9,34609.9,16380,0,0
C3,FRTO,2025,34682.7,0,34682.7,34616,16375.8,66.6951,0.192671
C3,FRTO,2026,34862.3,0,34862.3,34622,16372.1,240.374,0.694283
C3,FRTO,2027,35038.7,0,35038.7,34624.1,16365.2,414.53,1.19723
C3,FRTO,2028,35211.1,0,35211.1,34620.9,16353.6,590.246,1.70488
C3,FRTO,2029,35379.4,0,35379.4,34612.9,16337.8,766.514,2.21453
C3,FRTO,2030,35543,0,35543,34596,16313.9,946.914,2.73706
C3,FRTO,2031,35701.1,0,35701.1,34573.6,16285.1,1127.54,3.26127
C3,FRTO,2032,35853.4,0,35853.4,34547.4,16253.4,1305.97,3.78022
C3,FRTO,2033,35999,0,35999,34516.4,16217.5,1482.57,4.29524
C3,FRTO,2034,36163.2,0,36163.2,34487.6,16178.2,1675.63,4.85864
C3,FRTO,2035,36319.4,0,36319.4,34450.8,16131.8,1868.66,5.42415
C3,FRTO,2036,36458.1,0,36458.1,34450,16081.3,2008.15,5.82917
C3,FRTO,2037,36582.7,0,36582.7,34443,16028.2,2139.75,6.21245
C3,FRTO,2038,36696,0,36696,34430.2,15972.4,2265.81,6.58088
C3,FRTO,2039,36800.3,0,36800.3,34411.1,15912.6,2389.17,6.94303
C3,FRTO,2040,36897.3,0,36897.3,34383.7,15846.6,2513.58,7.31038
C3,FRTO,2041,36988.5,0,36988.5,34350.5,15776.5,2637.99,7.67964
C3,FRTO,2042,37075,0,37075,34312.9,15703.4,2762.11,8.04975
C3,FRTO,2043,37157.9,0,37157.9,34270.8,15626.9,2887.06,8.42426
C3,FRTO,2044,37237.8,0,37237.8,34223.8,15546.4,3014.07,8.80695
C3,FRTO,2045,37315.4,0,37315.4,34170,15460.1,3145.4,9.20515
C3,FRTO,2046,37391.2,0,37391.2,34109.9,15368.2,3281.32,9.61985
C3,FRTO,2047,37465.5,0,37465.5,34044,15271.2,3421.51,10.0503
C3,FRTO,2048,37538.6,0,37538.6,33971.2,15167.9,3567.46,10.5014
C3,FRTO,2049,37610.9,0,37610.9,33891.3,15058.2,3719.57,10.975
C3,FRTO,2050,37682.5,0,37682.5,33798.1,14935.5,3884.42,11.493
C3,VEGT,2023,82868.1,0,82868.1,81577.7,19187.1,1290.41,1.58182
C3,VEGT,2024,83696.8,0,83696.8,82264,20415.5,1432.82,1.74174
C3,VEGT,2025,84308.9,0,84308.9,82657.9,20436.5,1650.97,1.99735
C3,VEGT,2026,84861.6,0,84861.6,83043.2,20459,1818.39,2.18969
C3,VEGT,2027,85356.2,0,85356.2,83412.1,20478.3,1944.18,2.33082
C3,VEGT,2028,85792.8,0,85792.8,83759.8,20492.6,2032.96,2.42713
C3,VEGT,2029,86172.1,0,86172.1,84087.2,20502.7,2084.88,2.47943
C3,VEGT,2030,86493.9,0,86493.9,84390.4,20509.8,2103.59,2.49269
C3,VEGT,2031,86757.1,0,86757.1,84665.6,20511.9,2091.51,2.47031
C3,VEGT,2032,86961.4,0,86961.4,84915.4,20511.3,2045.95,2.4094
C3,VEGT,2033,87104.2,0,87104.2,85135.6,20506.9,1968.58,2.31228
C3,VEGT,2034,87184,0,87184,85325.6,20499.5,1858.4,2.17802
C3,VEGT,2035,87198.2,0,87198.2,85484.5,20490,1713.68,2.00467
C3,VEGT,2036,87130.6,0,87130.6,85606,20474,1524.57,1.78091
C3,VEGT,2037,86997.5,0,86997.5,85688.4,20454.6,1309.12,1.52776
C3,VEGT,2038,86812.4,0,86812.4,85738.1,20431.5,1074.27,1.25297
C3,VEGT,2039,86586,0,86586,85758.9,20403.2,827.087,0.964432
C3,VEGT,2040,86326.9,0,86326.9,85756.4,20370.9,570.521,0.665281
C3,VEGT,2041,86042,0,86042,85732.1,20333.1,309.937,0.361519
C3,VEGT,2042,85736.9,0,85736.9,85690.2,20291,46.7348,0.0545393
C3,VEGT,2043,85416.1,216.252,85632.3,85632.3,20244.2,2.18279e-10,2.54902e-13
C3,VEGT,2044,85083,476.26,85559.2,85559.2,20191.8,2.91038e-11,3.4016e-14
C3,VEGT,2045,84740.5,730.44,85470.9,85470.9,20132.7,1.45519e-11,1.70256e-14
C3,VEGT,2046,84390.8,976.425,85367.2,85367.2,20065.7,1.45519e-11,1.70463e-14
C3,VEGT,2047,84035.8,1213.96,85249.7,85249.7,19991.5,-1.45519e-11,-1.70697e-14
C3,VEGT,2048,83676.8,1440.47,85117.3,85117.3,19908.6,2.91038e-11,3.41926e-14
C3,VEGT,2049,83315.1,1654.88,84970,84970,19816.6,-2.91038e-11,-3.42519e-14
C3,VEGT,2050,82951.5,1859.66,84811.2,84811.2,19718.3,0,0
C3,OTGR,2023,3739.7,384.9,4124.6,4124.6,217.92,6.36646e-12,1.54353e-13
C3,OTGR,2024,3815.6,192.67,4008.27,4008.27,164.532,1.36424e-12,3.40357e-14
C3,OTGR,2025,3816.35,201.218,4017.57,4017.57,164.028,0,0
C3,OTGR,2026,3817.1,212.151,4029.25,4029.25,163.53,0,0
C3,OTGR,2027,3817.85,224.407,4042.26,4042.26,163.012,0,0
C3,OTGR,2028,3818.6,237.635,4056.23,4056.23,162.453,-9.09495e-13,-2.24222e-14
C3,OTGR,2029,3819.35,252.402,4071.75,4071.75,161.861,-4.54747e-13,-1.11684e-14
C3,OTGR,2030,3820.1,268.148,4088.25,4088.25,161.343,0,0
C3,OTGR,2031,3820.85,277.941,4098.79,4098.79,160.781,0,0
C3,OTGR,2032,3821.6,286.517,4108.12,4108.12,160.203,0,0
C3,OTGR,2033,3822.35,295.658,4118.01,4118.01,159.593,9.09495e-13,2.20858e-14
C3,OTGR,2034,3825.85,302.669,4128.52,4128.52,158.959,-1.81899e-12,-4.40591e-14
C3,OTGR,2035,3829.36,310.302,4139.66,4139.66,158.395,1.81899e-12,4.39406e-14
C3,OTGR,2036,3832.86,317.473,4150.34,4150.34,157.787,0,0
C3,OTGR,2037,3836.38,323.764,4160.14,4160.14,157.157,4.54747e-12,1.09311e-13
C3,OTGR,2038,3839.89,329.395,4169.29,4169.29,156.499,-9.09495e-13,-2.18142e-14
C3,OTGR,2039,3843.41,334.488,4177.9,4177.9,155.801,0,0
C3,OTGR,2040,3846.93,339.273,4186.2,4186.2,155.144,-9.09495e-13,-2.1726e-14
C3,OTGR,2041,3850.46,343.674,4194.13,4194.13,154.443,-9.09495e-13,-2.16849e-14
C3,OTGR,2042,3853.98,347.759,4201.74,4201.74,153.714,-9.09495e-13,-2.16457e-14
C3,OTGR,2043,3857.51,351.56,4209.07,4209.07,152.95,0,0
C3,OTGR,2044,3861.05,355.096,4216.14,4216.14,152.144,1.81899e-12,4.31434e-14
C3,OTGR,2045,3864.59,358.271,4222.86,4222.86,151.307,2.72848e-12,6.46123e-14
C3,OTGR,2046,3868.13,361.204,4229.33,4229.33,150.411,-9.09495e-13,-2.15045e-14
C3,OTGR,2047,3871.67,363.919,4235.59,4235.59,149.464,0,0
C3,OTGR,2048,3875.22,366.404,4241.62,4241.62,148.454,1.81899e-12,4.28843e-14
C3,OTGR,2049,3878.77,368.662,4247.43,4247.43,147.377,1.81899e-12,4.28256e-14
C3,OTGR,2050,3882.32,370.908,4253.23,4253.23,146.433,0,0
C3,SORG,2023,318,485.8,803.8,803.8,67,-1.13687e-13,-1.41437e-14
C3,SORG,2024,314,865.5,1179.5,1179.5,65,0,0
C3,SORG,2025,314.35,865.078,1179.43,1179.43,64.791,4.54747e-13,3.85566e-14
C3,SORG,2026,314.624,865.327,1179.95,1179.95,64.5913,0,0
C3,SORG,2027,314.821,865.968,1180.79,1180.79,64.391,9.09495e-13,7.70243e-14
C3,SORG,2028,314.94,866.907,1181.85,1181.85,64.1824,4.54747e-13,3.84777e-14
C3,SORG,2029,314.977,868.291,1183.27,1183.27,63.969,6.82121e-13,5.76472e-14
C3,SORG,2030,314.931,869.992,1184.92,1184.92,63.7933,-2.27374e-13,-1.91889e-14
C3,SORG,2031,314.795,870.186,1184.98,1184.98,63.6105,-2.27374e-13,-1.9188e-14
C3,SORG,2032,314.568,870.112,1184.68,1184.68,63.4313,0,0
C3,SORG,2033,314.242,870.239,1184.48,1184.48,63.2514,0,0
C3,SORG,2034,313.812,870.572,1184.38,1184.38,63.0742,6.82121e-13,5.75929e-14
C3,SORG,2035,313.271,871.14,1184.41,1184.41,62.9377,0,0
C3,SORG,2036,312.633,871.861,1184.49,1184.49,62.7833,4.54747e-13,3.83917e-14
C3,SORG,2037,311.996,872.558,1184.55,1184.55,62.6195,0,0
C3,SORG,2038,311.36,873.267,1184.63,1184.63,62.4439,-6.82121e-13,-5.75811e-14
C3,SORG,2039,310.725,873.999,1184.72,1184.72,62.252,-2.27374e-13,-1.91921e-14
C3,SORG,2040,310.092,874.807,1184.9,1184.9,62.0755,2.27374e-13,1.91893e-14
C3,SORG,2041,309.46,875.645,1185.1,1185.1,61.8806,1.13687e-12,9.59298e-14
C3,SORG,2042,308.83,876.519,1185.35,1185.35,61.6738,-4.54747e-13,-3.8364e-14
C3,SORG,2043,308.2,877.426,1185.63,1185.63,61.4521,-2.27374e-13,-1.91775e-14
C3,SORG,2044,307.572,878.36,1185.93,1185.93,61.2131,-4.54747e-13,-3.83452e-14
C3,SORG,2045,306.945,879.286,1186.23,1186.23,60.9604,2.27374e-13,1.91677e-14
C3,SORG,2046,306.32,880.226,1186.55,1186.55,60.6834,-2.27374e-13,-1.91627e-14
C3,SORG,2047,305.696,881.178,1186.87,1186.87,60.3848,2.27374e-13,1.91574e-14
C3,SORG,2048,305.073,882.132,1187.2,1187.2,60.0595,4.54747e-13,3.8304e-14
C3,SORG,2049,304.451,883.083,1187.53,1187.53,59.7066,6.82121e-13,5.74401e-14
C3,SORG,2050,303.83,884.108,1187.94,1187.94,59.4049,6.82121e-13,5.74206e-14
C3,BARL,2023,200,1589.8,1789.8,1640,90.2,149.8,9.13415
C3,BARL,2024,200,1424,1624,1624,89.32,0,0
C3,BARL,2025,200.234,1417.9,1618.14,1618.14,89.0243,-9.09495e-13,-5.62063e-14
C3,BARL,2026,200.421,1412.21,1612.63,1612.63,88.7324,-4.54747e-13,-2.81991e-14
C3,BARL,2027,200.558,1406.74,1607.3,1607.3,88.4305,4.54747e-13,2.82926e-14
C3,BARL,2028,200.645,1401.46,1602.1,1602.1,88.107,4.54747e-13,2.83844e-14
C3,BARL,2029,200.681,1396.5,1597.18,1597.18,87.7661,4.54747e-13,2.84718e-14
C3,BARL,2030,200.663,1391.79,1592.45,1592.45,87.4719,0,0
C3,BARL,2031,200.589,1386.16,1586.75,1586.75,87.1549,0,0
C3,BARL,2032,200.456,1380.45,1580.91,1580.91,86.8297,0,0
C3,BARL,2033,200.26,1374.92,1575.18,1575.18,86.4887,-2.27374e-13,-1.44347e-14
C3,BARL,2034,200.055,1369.55,1569.61,1569.61,86.1355,2.27374e-13,1.4486e-14
C3,BARL,2035,199.779,1364.45,1564.23,1564.23,85.8264,4.54747e-13,2.90716e-14
C3,BARL,2036,199.441,1360.25,1559.69,1559.69,85.4934,0,0
C3,BARL,2037,199.103,1356.72,1555.82,1555.82,85.1483,4.54747e-13,2.92287e-14
C3,BARL,2038,198.766,1353.81,1552.57,1552.57,84.7879,4.54747e-13,2.92899e-14
C3,BARL,2039,198.43,1351.43,1549.86,1549.86,84.4061,2.27374e-13,1.46706e-14
C3,BARL,2040,198.094,1349.59,1547.68,1547.68,84.0505,0,0
C3,BARL,2041,197.759,1348.17,1545.92,1545.92,83.6708,4.54747e-13,2.94159e-14
C3,BARL,2042,197.424,1347.11,1544.54,1544.54,83.2758,4.54747e-13,2.94423e-14
C3,BARL,2043,197.09,1346.38,1543.47,1543.47,82.8616,0,0
C3,BARL,2044,196.756,1345.93,1542.68,1542.68,82.4248,2.27374e-13,1.47389e-14
C3,BARL,2045,196.423,1345.68,1542.11,1542.11,81.9719,-4.54747e-13,-2.94887e-14
C3,BARL,2046,196.091,1345.62,1541.71,1541.71,81.4872,4.54747e-13,2.94963e-14
C3,BARL,2047,195.759,1345.71,1541.47,1541.47,80.9747,-2.27374e-13,-1.47504e-14
C3,BARL,2048,195.428,1345.92,1541.35,1541.35,80.4276,4.54747e-13,2.95032e-14
C3,BARL,2049,195.097,1346.21,1541.3,1541.3,79.8446,0,0
C3,BARL,2050,194.767,1346.68,1541.45,1541.45,79.3434,0,0
C3,PIGM,2023,5794,152.32,5946.32,5946.32,4546.55,9.09495e-13,1.52951e-14
C3,PIGM,2024,5706,104.23,5810.23,5810.23,4444.17,0,0
C3,PIGM,2025,5731.07,23.1782,5754.25,5754.25,4376.57,-1.81899e-12,-3.16112e-14
C3,PIGM,2026,5701.77,0,5701.77,5695.15,4308.73,6.61988,0.116237
C3,PIGM,2027,5675.42,0,5675.42,5630.65,4242.06,44.7675,0.795068
C3,PIGM,2028,5651.73,0,5651.73,5565.54,4174.79,86.1893,1.54862
C3,PIGM,2029,5630.44,0,5630.44,5500.48,4107.44,129.956,2.36263
C3,PIGM,2030,5611.32,0,5611.32,5436.13,4040.85,175.191,3.22272
C3,PIGM,2031,5601.57,0,5601.57,5371.24,3973.36,230.326,4.28812
C3,PIGM,2032,5586.72,0,5586.72,5307.37,3907.16,279.352,5.26348
C3,PIGM,2033,5573.62,0,5573.62,5243.63,3841.05,329.989,6.29315
C3,PIGM,2034,5562.14,0,5562.14,5180.21,3775.21,381.927,7.37281
C3,PIGM,2035,5552.18,0,5552.18,5118.06,3710.59,434.115,8.48202
C3,PIGM,2036,5543.15,0,5543.15,5061.48,3645.14,481.667,9.51633
C3,PIGM,2037,5535.76,0,5535.76,5005.62,3580.48,530.14,10.5909
C3,PIGM,2038,5529.69,0,5529.69,4949.65,3515.8,580.034,11.7187
C3,PIGM,2039,5524.66,0,5524.66,4893.34,3450.88,631.317,12.9016
C3,PIGM,2040,5520.47,0,5520.47,4837.53,3386.57,682.932,14.1174
C3,PIGM,2041,5516.94,0,5516.94,4781.05,3321.73,735.894,15.3919
C3,PIGM,2042,5513.95,0,5513.95,4725.06,3257.53,788.884,16.6957
C3,PIGM,2043,5511.38,0,5511.38,4668.93,3193.34,842.45,18.0438
C3,PIGM,2044,5509.14,0,5509.14,4612.54,3129.06,896.603,19.4384
C3,PIGM,2045,5507.18,0,5507.18,4555.91,3064.72,951.273,20.88
C3,PIGM,2046,5505.43,0,5505.43,4498.67,2999.98,1006.76,22.379
C3,PIGM,2047,5503.85,0,5503.85,4441.23,2935.23,1062.63,23.9265
C3,PIGM,2048,5502.41,0,5502.41,4383.23,2870.15,1119.18,25.5333
C3,PIGM,2049,5501.08,0,5501.08,4324.69,2804.76,1176.39,27.2016
C3,PIGM,2050,5499.83,0,5499.83,4267.51,2740.95,1232.31,28.8766
C3,CATM,2023,753,273.73,1026.73,1026.73,925.67,0,0
C3,CATM,2024,779,287.41,1066.41,1066.41,954.39,0,0
C3,CATM,2025,747.119,302.499,1049.62,1049.62,942.182,2.27374e-13,2.16625e-14
C3,CATM,2026,752.254,285.512,1037.77,1037.77,929.592,0,0
C3,CATM,2027,757.094,269.302,1026.4,1026.4,917.526,4.54747e-13,4.43053e-14
C3,CATM,2028,761.998,252.829,1014.83,1014.83,905.252,0,0
C3,CATM,2029,770.967,232.875,1003.84,1003.84,892.977,3.41061e-13,3.39755e-14
C3,CATM,2030,780.079,212.538,992.617,992.617,880.442,1.13687e-13,1.14532e-14
C3,CATM,2031,789.342,191.762,981.104,981.104,867.597,-1.13687e-13,-1.15876e-14
C3,CATM,2032,798.761,171.433,970.194,970.194,855.332,-4.54747e-13,-4.68718e-14
C3,CATM,2033,808.344,151.056,959.4,959.4,843.161,3.41061e-13,3.55493e-14
C3,CATM,2034,818.099,130.675,948.774,948.774,831.132,-3.41061e-13,-3.59475e-14
C3,CATM,2035,828.035,110.23,938.265,938.265,819.194,0,0
C3,CATM,2036,837.401,89.7852,927.186,927.186,806.768,0,0
C3,CATM,2037,846.873,69.4118,916.284,916.284,794.504,-5.68434e-13,-6.20369e-14
C3,CATM,2038,856.451,48.7405,905.191,905.191,782.034,4.54747e-13,5.02377e-14
C3,CATM,2039,866.137,27.7296,893.866,893.866,769.316,2.27374e-13,2.54371e-14
C3,CATM,2040,875.932,6.38855,882.32,882.32,756.362,3.41061e-13,3.8655e-14
C3,CATM,2041,885.837,0,885.837,870.424,743.04,15.4136,1.77082
C3,CATM,2042,895.854,0,895.854,858.663,729.839,37.1911,4.33128
C3,CATM,2043,905.984,0,905.984,846.76,716.48,59.224,6.99419
C3,CATM,2044,916.228,0,916.228,834.701,702.948,81.5262,9.7671
C3,CATM,2045,926.587,0,926.587,822.458,689.215,104.129,12.6607
C3,CATM,2046,937.063,0,937.063,809.984,675.235,127.079,15.689
C3,CATM,2047,947.656,0,947.656,797.425,661.153,150.231,18.8395
C3,CATM,2048,958.369,0,958.369,784.683,646.87,173.686,22.1346
C3,CATM,2049,969.203,0,969.203,771.769,632.398,197.434,25.5821
C3,CATM,2050,980.159,0,980.159,758.807,617.86,221.352,29.171
C3,SHGM,2023,531,43.24,574.24,574.24,501.279,0,0
C3,SHGM,2024,518,36.53,554.53,554.53,495.466,0,0
C3,SHGM,2025,520.85,27.8774,548.728,548.728,489.339,0,0
C3,SHGM,2026,523.723,19.0437,542.767,542.767,483.05,3.41061e-13,6.28374e-14
C3,SHGM,2027,526.619,10.45,537.069,537.069,477.022,0,0
C3,SHGM,2028,529.538,1.74464,531.283,531.283,470.903,-2.27374e-13,-4.27971e-14
C3,SHGM,2029,532.248,0,532.248,525.481,464.792,6.76701,1.28777
C3,SHGM,2030,534.766,0,534.766,519.584,458.608,15.1828,2.92211
C3,SHGM,2031,537.111,0,537.111,513.512,452.269,23.5987,4.59555
C3,SHGM,2032,539.298,0,539.298,507.706,446.213,31.5917,6.22243
C3,SHGM,2033,541.342,0,541.342,501.92,440.194,39.4217,7.85417
C3,SHGM,2034,543.257,0,543.257,496.182,434.238,47.0752,9.48749
C3,SHGM,2035,545.057,0,545.057,490.498,428.349,54.5594,11.1233
C3,SHGM,2036,547.063,0,547.063,484.6,422.222,62.4625,12.8895
C3,SHGM,2037,548.95,0,548.95,478.777,416.184,70.1734,14.6568
C3,SHGM,2038,550.731,0,550.731,472.845,410.049,77.8862,16.4718
C3,SHGM,2039,552.416,0,552.416,466.783,403.794,85.6328,18.3453
C3,SHGM,2040,554.271,0,554.271,460.641,397.441,93.6303,20.3261
C3,SHGM,2041,556.023,0,556.023,454.3,390.901,101.723,22.3911
C3,SHGM,2042,557.682,0,557.682,448.01,384.421,109.673,24.4799
C3,SHGM,2043,559.258,0,559.258,441.628,377.86,117.629,26.6354
C3,SHGM,2044,560.757,0,560.757,435.148,371.209,125.609,28.8658
C3,SHGM,2045,561.536,0,561.536,428.481,364.452,133.055,31.0528
C3,SHGM,2046,562.316,0,562.316,421.68,357.563,140.635,33.3512
C3,SHGM,2047,563.097,0,563.097,414.822,350.616,148.275,35.7442
C3,SHGM,2048,563.879,0,563.879,407.852,343.557,156.027,38.2557
C3,SHGM,2049,564.662,0,564.662,400.776,336.391,163.886,40.8923
C3,SHGM,2050,565.446,0,565.446,393.651,329.177,171.795,43.6413
C3,CHKM,2023,2609.25,74.7687,2684.02,2684.02,2423.09,9.09495e-13,3.38856e-14
C3,CHKM,2024,2637.39,20.6355,2658.03,2658.03,2394.29,-9.09495e-13,-3.42169e-14
C3,CHKM,2025,2727.89,0,2727.89,2711.11,2438.32,16.7877,0.61922
C3,CHKM,2026,2733.34,22.2485,2755.58,2755.58,2482.25,9.09495e-13,3.30055e-14
C3,CHKM,2027,2741.5,60.4897,2801.99,2801.99,2527.84,-1.36424e-12,-4.86884e-14
C3,CHKM,2028,2749.8,98.7093,2848.51,2848.51,2573.53,-1.81899e-12,-6.38577e-14
C3,CHKM,2029,2758.25,137.338,2895.58,2895.58,2619.76,3.18323e-12,1.09934e-13
C3,CHKM,2030,2766.85,175.956,2942.81,2942.81,2666.13,4.09273e-12,1.39075e-13
C3,CHKM,2031,2775.64,214.086,2989.73,2989.73,2712.16,-1.81899e-12,-6.08413e-14
C3,CHKM,2032,2784.61,253.984,3038.6,3038.6,2760.13,1.81899e-12,5.98628e-14
C3,CHKM,2033,2793.79,294.394,3088.19,3088.19,2808.81,-9.09495e-13,-2.94508e-14
C3,CHKM,2034,2803.2,335.486,3138.68,3138.68,2858.36,-3.18323e-12,-1.01419e-13
C3,CHKM,2035,2812.85,377.283,3190.13,3190.13,2908.84,2.72848e-12,8.5529e-14
C3,CHKM,2036,2831.01,409.251,3240.26,3240.26,2957.16,2.72848e-12,8.42058e-14
C3,CHKM,2037,2847.25,443.707,3290.96,3290.96,3006.23,1.81899e-12,5.52723e-14
C3,CHKM,2038,2862.56,478.603,3341.17,3341.17,3054.91,0,0
C3,CHKM,2039,2877.44,513.22,3390.66,3390.66,3102.92,1.36424e-12,4.02353e-14
C3,CHKM,2040,2892.14,547.329,3439.47,3439.47,3150.25,-2.27374e-12,-6.61072e-14
C3,CHKM,2041,2906.78,580.111,3486.89,3486.89,3196.21,-2.27374e-12,-6.52082e-14
C3,CHKM,2042,2921.42,613.151,3534.57,3534.57,3242.43,2.27374e-12,6.43285e-14
C3,CHKM,2043,2936.1,645.335,3581.44,3581.44,3287.83,3.63798e-12,1.01579e-13
C3,CHKM,2044,2950.84,676.455,3627.3,3627.3,3332.21,9.09495e-13,2.50736e-14
C3,CHKM,2045,2965.65,706.201,3671.85,3671.85,3375.28,-4.54747e-13,-1.23847e-14
C3,CHKM,2046,2980.51,734.189,3714.7,3714.7,3416.65,1.81899e-12,4.89673e-14
C3,CHKM,2047,2995.45,760.881,3756.34,3756.34,3456.79,-2.72848e-12,-7.26369e-14
C3,CHKM,2048,3010.46,785.644,3796.11,3796.11,3495.06,-7.27596e-12,-1.91669e-13
C3,CHKM,2049,3025.55,808.323,3833.87,3833.87,3531.32,-9.09495e-12,-2.37226e-13
C3,CHKM,2050,3040.7,829.076,3869.78,3869.78,3565.71,-1.18234e-11,-3.05532e-13
C3,EGGS,2023,3028.55,0,3028.55,3011.87,2383.06,16.68,0.553809
C3,EGGS,2024,3049.8,0,3049.8,3031.91,2386.64,17.8911,0.590095
C3,EGGS,2025,3064.17,0,3064.17,3028.51,2374.18,35.6529,1.17724
C3,EGGS,2026,3076.52,0,3076.52,3025.08,2361.77,51.4388,1.70041
C3,EGGS,2027,3087.18,0,3087.18,3021.31,2349.07,65.8627,2.17993
C3,EGGS,2028,3096.41,0,3096.41,3016.92,2335.75,79.4909,2.63484
C3,EGGS,2029,3104.45,0,3104.45,3012.1,2321.93,92.3572,3.06621
C3,EGGS,2030,3111.51,0,3111.51,3006.79,2307.64,104.719,3.48274
C3,EGGS,2031,3117.77,0,3117.77,3000.92,2292.74,116.852,3.89387
C3,EGGS,2032,3123.39,0,3123.39,2994.94,2277.63,128.45,4.28891
C3,EGGS,2033,3128.5,0,3128.5,2988.63,2262.13,139.863,4.67982
C3,EGGS,2034,3133.22,0,3133.22,2982.13,2246.32,151.097,5.06676
C3,EGGS,2035,3137.68,0,3137.68,2975.45,2230.23,162.232,5.45234
C3,EGGS,2036,3122.82,0,3122.82,2971.9,2218,150.926,5.07844
C3,EGGS,2037,3107.57,0,3107.57,2967.63,2205.47,139.938,4.71546
C3,EGGS,2038,3092.02,0,3092.02,2962.59,2192.54,129.429,4.36879
C3,EGGS,2039,3076.25,0,3076.25,2956.64,2179.05,119.611,4.04551
C3,EGGS,2040,3060.33,0,3060.33,2949.9,2165.11,110.434,3.74364
C3,EGGS,2041,3044.31,0,3044.31,2942.24,2150.55,102.068,3.46907
C3,EGGS,2042,3028.21,0,3028.21,2933.92,2135.64,94.296,3.214
C3,EGGS,2043,3012.09,0,3012.09,2924.85,2120.27,87.2364,2.98259
C3,EGGS,2044,2995.95,0,2995.95,2914.97,2104.35,80.9799,2.77807
C3,EGGS,2045,2979.83,0,2979.83,2904.16,2087.76,75.6659,2.60543
C3,EGGS,2046,2963.73,0,2963.73,2892.34,2070.41,71.393,2.46835
C3,EGGS,2047,2947.67,0,2947.67,2879.62,2052.4,68.0563,2.36338
C3,EGGS,2048,2931.66,0,2931.66,2865.84,2033.57,65.8288,2.29702
C3,EGGS,2049,2915.71,0,2915.71,2850.98,2013.9,64.7315,2.2705
C3,EGGS,2050,2899.82,0,2899.82,2835.27,1993.59,64.5515,2.27673
C3,MILK,2023,4197,1694.13,5891.13,5891.13,5223.43,-9.09495e-13,-1.54384e-14
C3,MILK,2024,4079,1555.36,5634.36,5634.36,4998.61,0,0
C3,MILK,2025,3962.98,1799.37,5762.35,5762.35,5144.69,-2.72848e-12,-4.73502e-14
C3,MILK,2026,4076.9,1851.05,5927.94,5927.94,5292.53,-1.81899e-12,-3.0685e-14
C3,MILK,2027,4194.25,1905.54,6099.79,6099.79,5446.09,-9.09495e-13,-1.49103e-14
C3,MILK,2028,4315.16,1959.29,6274.46,6274.46,5601.9,-9.09495e-13,-1.44952e-14
C3,MILK,2029,4439.77,2013.21,6452.97,6452.97,5761,-2.72848e-12,-4.22826e-14
C3,MILK,2030,4568.19,2068.42,6636.61,6636.61,5924.62,-1.81899e-12,-2.74084e-14
C3,MILK,2031,4613.62,2195.18,6808.79,6808.79,6089.73,2.72848e-12,4.00729e-14
C3,MILK,2032,4659.77,2327.98,6987.75,6987.75,6261.49,-1.81899e-12,-2.60311e-14
C3,MILK,2033,4706.69,2464.22,7170.9,7170.9,6437.33,9.09495e-13,1.26831e-14
C3,MILK,2034,4754.41,2604.28,7358.68,7358.68,6617.67,9.09495e-13,1.23595e-14
C3,MILK,2035,4802.98,2750.47,7553.44,7553.44,6804.86,6.36646e-12,8.42856e-14
C3,MILK,2036,4843.47,2901.08,7744.55,7744.55,6989.66,-1.81899e-12,-2.34873e-14
C3,MILK,2037,4876.93,3062.08,7939.01,7939.01,7178.9,9.09495e-13,1.1456e-14
C3,MILK,2038,4904.66,3229.63,8134.29,8134.29,7369.86,9.09495e-13,1.1181e-14
C3,MILK,2039,4927.77,3402.11,8329.88,8329.88,7561.85,-3.63798e-12,-4.36739e-14
C3,MILK,2040,4947.13,3580.93,8528.07,8528.07,7757.02,-3.63798e-12,-4.26589e-14
C3,MILK,2041,4963.49,3761.65,8725.14,8725.14,7951.54,-5.45697e-12,-6.25431e-14
C3,MILK,2042,4977.41,3947.79,8925.2,8925.2,8149.43,1.81899e-12,2.03804e-14
C3,MILK,2043,4989.39,4136.24,9125.62,9125.62,8347.99,-5.45697e-12,-5.97983e-14
C3,MILK,2044,4999.79,4326.11,9325.91,9325.91,8546.65,-1.81899e-12,-1.95047e-14
C3,MILK,2045,5008.94,4517.02,9525.96,9525.96,8745.28,-3.63798e-12,-3.81901e-14
C3,MILK,2046,5017.08,4707,9724.08,9724.08,8942.13,1.81899e-12,1.8706e-14
C3,MILK,2047,5024.41,4896.97,9921.38,9921.38,9138.29,-9.09495e-12,-9.16701e-14
C3,MILK,2048,5031.09,5085.04,10116.1,10116.1,9332,-3.63798e-12,-3.59622e-14
C3,MILK,2049,5037.26,5270.53,10307.8,10307.8,9522.69,-3.63798e-12,-3.52935e-14
C3,MILK,2050,5043,5461.89,10504.9,10504.9,9718.91,0,0
C3,FISH,2023,7116.2,296,7412.2,7412.2,3132.04,0,0
C3,FISH,2024,7366,269,7635,7635,3204.13,0,0
C3,FISH,2025,7453.32,315.598,7768.92,7768.92,3273.15,3.63798e-12,4.68274e-14
C3,FISH,2026,7540.81,364.341,7905.15,7905.15,3344.11,-3.63798e-12,-4.60203e-14
C3,FISH,2027,7628.49,415.015,8043.5,8043.5,3416.73,-1.81899e-12,-2.26144e-14
C3,FISH,2028,7716.36,467.327,8183.69,8183.69,3490.56,3.63798e-12,4.4454e-14
C3,FISH,2029,7804.43,521.94,8326.37,8326.37,3565.87,-3.63798e-12,-4.36923e-14
C3,FISH,2030,7892.71,576.858,8469.57,8469.57,3641.13,5.45697e-12,6.44303e-14
C3,FISH,2031,7981.22,633.68,8614.9,8614.9,3717.82,5.45697e-12,6.33434e-14
C3,FISH,2032,8069.98,693.522,8763.5,8763.5,3796.74,1.81899e-12,2.07564e-14
C3,FISH,2033,8159,756.106,8915.11,8915.11,3877.72,0,0
C3,FISH,2034,8248.33,821.804,9070.13,9070.13,3961.08,1.81899e-12,2.00547e-14
C3,FISH,2035,8333.86,892.84,9226.7,9226.7,4045.49,-1.81899e-12,-1.97144e-14
C3,FISH,2036,8405.51,987.813,9393.32,9393.32,4128.83,-3.63798e-12,-3.87294e-14
C3,FISH,2037,8461.78,1097.36,9559.13,9559.13,4213.13,-3.63798e-12,-3.80576e-14
C3,FISH,2038,8505.54,1218.79,9724.33,9724.33,4298.17,3.63798e-12,3.74111e-14
C3,FISH,2039,8539.17,1349.72,9888.89,9888.89,4383.59,5.45697e-12,5.51828e-14
C3,FISH,2040,8564.61,1487.23,10051.8,10051.8,4468.15,0,0
C3,FISH,2041,8583.44,1630.91,10214.3,10214.3,4552.81,-3.63798e-12,-3.56164e-14
C3,FISH,2042,8596.97,1780.12,10377.1,10377.1,4638.05,0,0
C3,FISH,2043,8606.22,1933.67,10539.9,10539.9,4723.58,1.81899e-12,1.72581e-14
C3,FISH,2044,8612.05,2090.54,10702.6,10702.6,4809.14,0,0
C3,FISH,2045,8615.13,2249.32,10864.4,10864.4,4893.96,5.45697e-12,5.02278e-14
C3,FISH,2046,8616.01,2409.55,11025.6,11025.6,4978.07,-1.81899e-12,-1.64979e-14
C3,FISH,2047,8615.13,2570.96,11186.1,11186.1,5061.62,1.81899e-12,1.62612e-14
C3,FISH,2048,8612.83,2732.64,11345.5,11345.5,5144.05,-3.63798e-12,-3.20655e-14
C3,FISH,2049,8609.42,2894.09,11503.5,11503.5,5225.14,0,0
C3,FISH,2050,8605.1,3051.29,11656.4,11656.4,5301.06,7.27596e-12,6.24204e-14
C4,RICE,2023,20660.3,100.6,20760.9,20760.9,15799.6,3.63798e-12,1.75232e-14
C4,RICE,2024,20753.5,78.57,20832.1,20832.1,15650,0,0
C4,RICE,2025,20794.1,61.1044,20855.2,20855.2,15370.9,0,0
C4,RICE,2026,20834.1,52.1477,20886.2,20886.2,15114.6,7.27596e-12,3.48362e-14
C4,RICE,2027,20873.2,15.1398,20888.4,20888.4,14863.7,0,0
C4,RICE,2028,20911.5,0,20911.5,20874.9,14614.6,36.5644,0.175159
C4,RICE,2029,20948.9,0,20948.9,20866,14366.8,82.9012,0.397303
C4,RICE,2030,20985.2,0,20985.2,20875.1,14132.5,110.121,0.527526
C4,RICE,2031,21004.7,0,21004.7,20848.7,13912.2,156.024,0.748363
C4,RICE,2032,21022.9,0,21022.9,20787.4,13691.7,235.45,1.13265
C4,RICE,2033,21039.7,0,21039.7,20730.3,13472.2,309.361,1.49231
C4,RICE,2034,21054.9,0,21054.9,20677.2,13253.7,377.668,1.82649
C4,RICE,2035,21068.5,0,21068.5,20636,13044,432.465,2.09568
C4,RICE,2036,21079.7,0,21079.7,20599.4,12846.6,480.331,2.33177
C4,RICE,2037,21089,0,21089,20564.7,12650.4,524.29,2.54947
C4,RICE,2038,21096.5,0,21096.5,20532.9,12456.2,563.522,2.74448
C4,RICE,2039,21102.4,0,21102.4,20504.5,12264.4,597.917,2.91603
C4,RICE,2040,21107,0,21107,20478.3,12074,628.609,3.06963
C4,RICE,2041,21110.3,0,21110.3,20462.3,11892.7,647.981,3.1667
C4,RICE,2042,21112.5,0,21112.5,20447.5,11711.6,664.982,3.25214
C4,RICE,2043,21113.7,0,21113.7,20434.9,11531.7,678.88,3.32217
C4,RICE,2044,21114.1,0,21114.1,20424.4,11352.8,689.678,3.37674
C4,RICE,2045,21113.5,0,21113.5,20415.8,11174.7,697.753,3.41771
C4,RICE,2046,21112.2,0,21112.2,20410.3,10998.7,701.986,3.43938
C4,RICE,2047,21110.2,0,21110.2,20405.5,10822.3,704.731,3.45363
C4,RICE,2048,21107.6,0,21107.6,20402.1,10646.2,705.463,3.45779
C4,RICE,2049,21104.3,0,21104.3,20399.5,10469.8,704.774,3.45485
C4,RICE,2050,21100.5,0,21100.5,20397.8,10293.2,702.672,3.44484
C4,WHEA,2023,13659,1189.4,14848.4,14848.4,9162.85,-1.81899e-12,-1.22504e-14
C4,WHEA,2024,14009.9,1106.26,15116.2,15116.2,9100,3.63798e-12,2.40668e-14
C4,WHEA,2025,14115.7,960.171,15075.9,15075.9,8939.83,-1.09139e-11,-7.23934e-14
C4,WHEA,2026,14217.3,834.041,15051.3,15051.3,8792.67,0,0
C4,WHEA,2027,14314.7,715.769,15030.5,15030.5,8648.34,5.45697e-12,3.6306e-14
C4,WHEA,2028,14407.9,603.654,15011.6,15011.6,8504.84,-1.81899e-12,-1.21172e-14
C4,WHEA,2029,14496.8,498.185,14995,14995,8361.75,-3.63798e-12,-2.42612e-14
C4,WHEA,2030,14581.4,406.042,14987.4,14987.4,8226.24,-4.72937e-11,-3.15556e-13
C4,WHEA,2031,14595.7,318.084,14913.8,14913.8,8098.61,-6.00267e-11,-4.0249e-13
C4,WHEA,2032,14605,232.404,14837.4,14837.4,7970.48,0,0
C4,WHEA,2033,14608.9,151.535,14760.5,14760.5,7842.65,3.63798e-12,2.46468e-14
C4,WHEA,2034,14607.3,75.6246,14682.9,14682.9,7715.1,0,0
C4,WHEA,2035,14599.8,9.42223,14609.2,14609.2,7592.26,1.63709e-11,1.12059e-13
C4,WHEA,2036,14588.4,0,14588.4,14528.4,7476.63,60.0036,0.413009
C4,WHEA,2037,14573.5,0,14573.5,14447,7361.67,126.461,0.875341
C4,WHEA,2038,14555.4,0,14555.4,14365.7,7247.96,189.66,1.32023
C4,WHEA,2039,14534.5,0,14534.5,14284.8,7135.65,249.719,1.74815
C4,WHEA,2040,14511,0,14511,14203.6,7024.17,307.433,2.16448
C4,WHEA,2041,14485.3,0,14485.3,14126.7,6918.01,358.57,2.53824
C4,WHEA,2042,14457.6,0,14457.6,14049.1,6812.02,408.49,2.9076
C4,WHEA,2043,14428,0,14428,13971.1,6706.66,456.909,3.27039
C4,WHEA,2044,14396.8,0,14396.8,13892.9,6601.98,503.963,3.6275
C4,WHEA,2045,14364.2,0,14364.2,13814.2,6497.79,550.08,3.982
C4,WHEA,2046,14330.4,0,14330.4,13735.7,6394.78,594.636,4.32912
C4,WHEA,2047,14295.4,0,14295.4,13656.3,6291.62,639.107,4.67996
C4,WHEA,2048,14259.4,0,14259.4,13576.1,6188.62,683.296,5.03309
C4,WHEA,2049,14222.5,0,14222.5,13494.8,6085.48,727.64,5.39198
C4,WHEA,2050,14184.8,0,14184.8,13412.6,5982.2,772.237,5.75756
C4,MAIZ,2023,28884,2712.1,31596.1,31596.1,1890,0,0
C4,MAIZ,2024,29492,1363,30855,30855,1890,0,0
C4,MAIZ,2025,29896.1,1142.6,31038.7,31038.7,1880.31,-7.27596e-12,-2.34416e-14
C4,MAIZ,2026,30301.1,927.091,31228.2,31228.2,1872.55,-2.91038e-11,-9.31972e-14
C4,MAIZ,2027,30706.7,1386.06,32092.7,32092.7,1865,1.81899e-11,5.66792e-14
C4,MAIZ,2028,31112.1,1295.11,32407.2,32407.2,1857.01,1.45519e-11,4.49034e-14
C4,MAIZ,2029,31516.8,1113.11,32629.9,32629.9,1848.56,-7.27596e-12,-2.22984e-14
C4,MAIZ,2030,31920.1,905.747,32825.9,32825.9,1841.24,-7.27596e-12,-2.21653e-14
C4,MAIZ,2031,31929.1,877.478,32806.6,32806.6,1835.15,-7.27596e-12,-2.21784e-14
C4,MAIZ,2032,31930.2,864.553,32794.8,32794.8,1828.67,-6.54836e-11,-1.99677e-13
C4,MAIZ,2033,31922.7,852.37,32775.1,32775.1,1821.85,-1.45519e-11,-4.43993e-14
C4,MAIZ,2034,31915,834.233,32749.2,32749.2,1814.66,7.27596e-12,2.22172e-14
C4,MAIZ,2035,31897,819.881,32716.9,32716.9,1808.2,-3.63798e-12,-1.11196e-14
C4,MAIZ,2036,31872,1000.64,32872.6,32872.6,1802.88,7.27596e-12,2.21338e-14
C4,MAIZ,2037,31840.8,1180.08,33020.9,33020.9,1797.27,-7.27596e-12,-2.20344e-14
C4,MAIZ,2038,31804.1,1358.98,33163.1,33163.1,1791.37,0,0
C4,MAIZ,2039,31762.5,1537.71,33300.2,33300.2,1785.23,-7.27596e-12,-2.18496e-14
C4,MAIZ,2040,31716.5,1716.44,33432.9,33432.9,1778.71,0,0
C4,MAIZ,2041,31666.6,1895.99,33562.6,33562.6,1773.03,7.27596e-12,2.16788e-14
C4,MAIZ,2042,31613.3,2074.94,33688.2,33688.2,1766.96,-4.36557e-11,-1.29588e-13
C4,MAIZ,2043,31556.9,2253.09,33810,33810,1760.49,7.27596e-12,2.15201e-14
C4,MAIZ,2044,31497.8,2430.23,33928.1,33928.1,1753.65,1.45519e-11,4.28905e-14
C4,MAIZ,2045,31436.3,2605.25,34041.6,34041.6,1746.37,1.45519e-11,4.27475e-14
C4,MAIZ,2046,31372.7,2778.88,34151.6,34151.6,1738.88,0,0
C4,MAIZ,2047,31307.2,2950.44,34257.6,34257.6,1730.81,-7.27596e-12,-2.12389e-14
C4,MAIZ,2048,31240,3119.74,34359.8,34359.8,1722.22,7.27596e-12,2.11758e-14
C4,MAIZ,2049,31171.4,3286.34,34457.7,34457.7,1713.02,0,0
C4,MAIZ,2050,31101.4,3449.96,34551.4,34551.4,1703.2,0,0
C4,POTA,2023,9150,0,9150,9125,5872,25,0.273973
C4,POTA,2024,9500,0,9500,9445,6081.92,55,0.582319
C4,POTA,2025,9564.68,0,9564.68,9420.58,6023.92,144.105,1.52969
C4,POTA,2026,9625.18,0,9625.18,9412.02,5972.36,213.164,2.26481
C4,POTA,2027,9681.49,0,9681.49,9430.41,5922.21,251.088,2.66254
C4,POTA,2028,9733.56,0,9733.56,9443.92,5870.83,289.641,3.06695
C4,POTA,2029,9781.37,0,9781.37,9467.89,5818.32,313.48,3.31098
C4,POTA,2030,9824.87,0,9824.87,9493.43,5769.6,331.433,3.49119
C4,POTA,2031,9863.92,0,9863.92,9518.63,5725.15,345.283,3.62744
C4,POTA,2032,9898.47,0,9898.47,9541.45,5680.19,357.026,3.74184
C4,POTA,2033,9928.33,0,9928.33,9562.93,5634.48,365.396,3.82096
C4,POTA,2034,9953.35,0,9953.35,9582.28,5588.02,371.072,3.87248
C4,POTA,2035,9973.36,0,9973.36,9606.52,5544.14,366.836,3.81862
C4,POTA,2036,9993.11,0,9993.11,9637.46,5503.96,355.651,3.69029
C4,POTA,2037,10012.1,0,10012.1,9665.79,5463.24,346.274,3.58247
C4,POTA,2038,10030.2,0,10030.2,9691.16,5421.65,339.059,3.49864
C4,POTA,2039,10047.6,0,10047.6,9713.76,5379.34,333.876,3.43715
C4,POTA,2040,10064.3,0,10064.3,9733.19,5335.89,331.138,3.40215
C4,POTA,2041,10080.3,0,10080.3,9753.34,5295.18,326.988,3.35258
C4,POTA,2042,10095.7,0,10095.7,9770.62,5253.61,325.037,3.32667
C4,POTA,2043,10110.3,0,10110.3,9784.8,5210.9,325.538,3.32698
C4,POTA,2044,10124.4,0,10124.4,9795.95,5167.11,328.437,3.35279
C4,POTA,2045,10137.8,0,10137.8,9803.96,5122.12,333.875,3.40551
C4,POTA,2046,10150.7,0,10150.7,9809.57,5076.61,341.121,3.47744
C4,POTA,2047,10163,0,10163,9811.81,5029.61,351.17,3.57905
C4,POTA,2048,10174.7,0,10174.7,9810.81,4981.19,363.905,3.70923
C4,POTA,2049,10185.9,0,10185.9,9806.34,4931.13,379.567,3.87063
C4,POTA,2050,10196.6,0,10196.6,9798.46,4879.44,398.128,4.06317
C4,SOYS,2023,2084.17,9849,11933.2,11933.2,1550,0,0
C4,SOYS,2024,2065,10497,12562,12562,1675,-1.81899e-12,-1.44801e-14
C4,SOYS,2025,2190,10039.2,12229.2,12229.2,1679.45,1.81899e-12,1.48742e-14
C4,SOYS,2026,2322.21,9730.53,12052.7,12052.7,1683.95,-1.81899e-11,-1.50919e-13
C4,SOYS,2027,2462,9451.4,11913.4,11913.4,1688.96,9.09495e-12,7.63421e-14
C4,SOYS,2028,2609.75,9189.52,11799.3,11799.3,1693.51,0,0
C4,SOYS,2029,2765.82,8944.12,11709.9,11709.9,1697.67,0,0
C4,SOYS,2030,2930.63,8707.27,11637.9,11637.9,1702.81,9.09495e-12,7.81494e-14
C4,SOYS,2031,2961.78,8572.05,11533.8,11533.8,1707.91,-1.81899e-12,-1.57709e-14
C4,SOYS,2032,2992.54,8445.11,11437.6,11437.6,1713.01,-1.81899e-12,-1.59035e-14
C4,SOYS,2033,3022.79,8328.61,11351.4,11351.4,1717.83,0,0
C4,SOYS,2034,3052.01,8221.83,11273.8,11273.8,1722.38,-3.63798e-12,-3.22692e-14
C4,SOYS,2035,3080.52,8124.48,11205,11205,1727.7,-5.45697e-12,-4.87012e-14
C4,SOYS,2036,3096.98,8155.81,11252.8,11252.8,1732.89,1.09139e-11,9.69887e-14
C4,SOYS,2037,3105.98,8189.37,11295.4,11295.4,1737.92,-3.63798e-12,-3.22077e-14
C4,SOYS,2038,3110.42,8223.57,11334,11334,1742.51,9.09495e-12,8.02449e-14
C4,SOYS,2039,3112.05,8257.7,11369.7,11369.7,1746.69,5.45697e-12,4.79955e-14
C4,SOYS,2040,3111.96,8291.3,11403.3,11403.3,1750.33,-3.63798e-12,-3.1903e-14
C4,SOYS,2041,3110.79,8324.42,11435.2,11435.2,1753.7,-9.09495e-12,-7.95346e-14
C4,SOYS,2042,3108.92,8356.92,11465.8,11465.8,1756.75,1.45519e-11,1.26915e-13
C4,SOYS,2043,3106.6,8388.58,11495.2,11495.2,1759.22,3.63798e-12,3.16479e-14
C4,SOYS,2044,3103.96,8419.46,11523.4,11523.4,1761.12,0,0
C4,SOYS,2045,3101.09,8449.35,11550.4,11550.4,1762.39,-3.63798e-12,-3.14964e-14
C4,SOYS,2046,3098.05,8478.52,11576.6,11576.6,1763,-1.81899e-12,-1.57127e-14
C4,SOYS,2047,3094.87,8506.98,11601.9,11601.9,1762.89,-1.81899e-12,-1.56784e-14
C4,SOYS,2048,3091.56,8534.76,11626.3,11626.3,1762.04,3.63798e-12,3.12909e-14
C4,SOYS,2049,3088.15,8561.81,11650,11650,1760.35,-1.81899e-12,-1.56137e-14
C4,SOYS,2050,3084.63,8588.15,11672.8,11672.8,1757.8,-1.81899e-12,-1.55832e-14
C4,RAPS,2023,1631.74,519.81,2151.55,2151.55,0,0,0
C4,RAPS,2024,1674,638.56,2312.56,2312.56,0,0,0
C4,RAPS,2025,1717.63,628.481,2346.11,2346.11,0,9.09495e-13,3.8766e-14
C4,RAPS,2026,1762.14,614.208,2376.35,2376.35,0,-9.09495e-13,-3.82728e-14
C4,RAPS,2027,1807.5,586.552,2394.05,2394.05,0,1.36424e-12,5.69846e-14
C4,RAPS,2028,1853.7,559.211,2412.91,2412.91,0,0,0
C4,RAPS,2029,1900.72,532.654,2433.37,2433.37,0,-9.09495e-13,-3.73759e-14
C4,RAPS,2030,1948.52,506.343,2454.87,2454.87,0,1.36424e-12,5.5573e-14
C4,RAPS,2031,1961.93,501.691,2463.62,2463.62,0,4.54747e-13,1.84585e-14
C4,RAPS,2032,1974.95,496.164,2471.12,2471.12,0,-1.36424e-12,-5.52075e-14
C4,RAPS,2033,1987.52,491.508,2479.03,2479.03,0,-4.54747e-13,-1.83438e-14
C4,RAPS,2034,1999.29,487.977,2487.27,2487.27,0,-1.36424e-12,-5.48491e-14
C4,RAPS,2035,2010.48,485.339,2495.82,2495.82,0,-1.36424e-12,-5.46611e-14
C4,RAPS,2036,2021.33,482.675,2504.01,2504.01,0,-4.54747e-13,-1.81608e-14
C4,RAPS,2037,2031.72,479.673,2511.39,2511.39,0,4.54747e-13,1.81074e-14
C4,RAPS,2038,2041.69,476.494,2518.19,2518.19,0,-4.54747e-13,-1.80585e-14
C4,RAPS,2039,2051.31,473.233,2524.54,2524.54,0,0,0
C4,RAPS,2040,2060.61,469.995,2530.61,2530.61,0,0,0
C4,RAPS,2041,2069.63,466.769,2536.4,2536.4,0,-2.72848e-12,-1.07573e-13
C4,RAPS,2042,2078.39,463.583,2541.98,2541.98,0,-9.09495e-13,-3.5779e-14
C4,RAPS,2043,2086.92,460.457,2547.38,2547.38,0,-1.36424e-12,-5.35547e-14
C4,RAPS,2044,2095.23,457.407,2552.64,2552.64,0,-9.09495e-13,-3.56296e-14
C4,RAPS,2045,2103.34,454.329,2557.67,2557.67,0,0,0
C4,RAPS,2046,2111.26,451.359,2562.62,2562.62,0,9.09495e-13,3.54908e-14
C4,RAPS,2047,2119.01,448.502,2567.51,2567.51,0,9.09495e-13,3.54232e-14
C4,RAPS,2048,2126.58,445.764,2572.34,2572.34,0,9.09495e-13,3.53567e-14
C4,RAPS,2049,2133.99,443.146,2577.13,2577.13,0,4.54747e-13,1.76455e-14
C4,RAPS,2050,2141.24,440.653,2581.89,2581.89,0,4.54747e-13,1.7613e-14
C4,GRDS,2023,1860,20,1880,1070,810,810,75.7009
C4,GRDS,2024,1900,5,1905,1905,850,-4.54747e-13,-2.38713e-14
C4,GRDS,2025,1927.66,0,1927.66,1912.29,859.851,15.3661,0.803545
C4,GRDS,2026,1955.42,0,1955.42,1920.45,869.447,34.9696,1.8209
C4,GRDS,2027,1967.56,0,1967.56,1929.99,879.706,37.5738,1.94684
C4,GRDS,2028,1979.41,0,1979.41,1939.83,889.722,39.5851,2.04065
C4,GRDS,2029,1990.96,0,1990.96,1950.31,899.633,40.6461,2.08408
C4,GRDS,2030,2002.16,0,2002.16,1961.85,910.097,40.3055,2.05446
C4,GRDS,2031,2012.96,0,2012.96,1970.96,920.477,41.9984,2.13087
C4,GRDS,2032,2023.32,0,2023.32,1980.17,931.321,43.1514,2.17918
C4,GRDS,2033,2033.18,0,2033.18,1989.7,942.176,43.4812,2.18532
C4,GRDS,2034,2042.2,0,2042.2,1999.55,953.053,42.6443,2.13269
C4,GRDS,2035,2050.6,0,2050.6,2010.31,964.558,40.2891,2.00413
C4,GRDS,2036,2057.18,0,2057.18,2027.31,975.803,29.8645,1.47311
C4,GRDS,2037,2062.3,0,2062.3,2044.13,987.173,18.1657,0.888673
C4,GRDS,2038,2066.24,0,2066.24,2060.38,998.187,5.86361,0.284589
C4,GRDS,2039,2069.24,6.87931,2076.12,2076.12,1008.85,0,0
C4,GRDS,2040,2071.48,19.8445,2091.33,2091.33,1019.07,-1.36424e-12,-6.52333e-14
C4,GRDS,2041,2073.12,33.012,2106.13,2106.13,1028.97,-4.54747e-13,-2.15916e-14
C4,GRDS,2042,2074.26,46.5462,2120.81,2120.81,1038.8,9.09495e-13,4.28844e-14
C4,GRDS,2043,2075.01,59.9472,2134.96,2134.96,1048.16,-1.81899e-12,-8.52001e-14
C4,GRDS,2044,2075.45,73.1389,2148.59,2148.59,1057.02,-9.09495e-13,-4.23298e-14
C4,GRDS,2045,2075.64,85.9722,2161.62,2161.62,1065.34,-9.09495e-13,-4.20747e-14
C4,GRDS,2046,2075.63,98.4215,2174.06,2174.06,1073.08,-1.81899e-12,-8.3668e-14
C4,GRDS,2047,2075.46,110.49,2185.95,2185.95,1080.27,-9.09495e-13,-4.16063e-14
C4,GRDS,2048,2075.16,122.049,2197.21,2197.21,1086.82,9.09495e-13,4.13931e-14
C4,GRDS,2049,2074.76,133.001,2207.76,2207.76,1092.65,-1.81899e-12,-8.23907e-14
C4,GRDS,2050,2074.28,143.307,2217.58,2217.58,1097.73,4.54747e-13,2.05064e-14
C4,COTT,2023,561.8,191,752.8,752.8,0,0,0
C4,COTT,2024,616.4,261.8,878.2,878.2,0,0,0
C4,COTT,2025,617.205,188.852,806.057,806.057,0,-3.41061e-13,-4.23122e-14
C4,COTT,2026,617.917,185.654,803.572,803.572,0,1.13687e-13,1.41477e-14
C4,COTT,2027,618.53,182.543,801.073,801.073,0,1.13687e-13,1.41918e-14
C4,COTT,2028,619.032,179.524,798.556,798.556,0,1.13687e-13,1.42365e-14
C4,COTT,2029,619.417,176.648,796.065,796.065,0,2.27374e-13,2.85622e-14
C4,COTT,2030,619.673,173.937,793.61,793.61,0,2.27374e-13,2.86506e-14
C4,COTT,2031,619.787,171.365,791.152,791.152,0,0,0
C4,COTT,2032,619.75,168.972,788.722,788.722,0,1.13687e-13,1.44141e-14
C4,COTT,2033,619.544,166.77,786.314,786.314,0,2.27374e-13,2.89164e-14
C4,COTT,2034,615.991,168.622,784.613,784.613,0,5.68434e-13,7.24477e-14
C4,COTT,2035,612.262,170.716,782.978,782.978,0,0,0
C4,COTT,2036,608.524,172.787,781.311,781.311,0,2.27374e-13,2.91016e-14
C4,COTT,2037,604.721,175.491,780.212,780.212,0,2.27374e-13,2.91425e-14
C4,COTT,2038,600.856,178.76,779.616,779.616,0,0,0
C4,COTT,2039,596.933,182.532,779.464,779.464,0,2.27374e-13,2.91705e-14
C4,COTT,2040,592.955,186.746,779.701,779.701,0,0,0
C4,COTT,2041,588.928,191.353,780.28,780.28,0,1.13687e-13,1.457e-14
C4,COTT,2042,584.853,196.306,781.16,781.16,0,-9.09495e-13,-1.16429e-13
C4,COTT,2043,580.736,201.567,782.303,782.303,0,-2.27374e-13,-2.90647e-14
C4,COTT,2044,576.578,207.099,783.677,783.677,0,0,0
C4,COTT,2045,572.383,212.868,785.252,785.252,0,0,0
C4,COTT,2046,568.155,218.84,786.995,786.995,0,-1.13687e-13,-1.44457e-14
C4,COTT,2047,563.897,224.986,788.883,788.883,0,1.13687e-13,1.44111e-14
C4,COTT,2048,559.61,231.284,790.894,790.894,0,-1.13687e-13,-1.43745e-14
C4,COTT,2049,555.298,237.708,793.007,793.007,0,1.13687e-13,1.43362e-14
C4,COTT,2050,550.964,244.237,795.202,795.202,0,2.27374e-13,2.85932e-14
C4,SUGC,2023,789,0,789,789,0,0,0
C4,SUGC,2024,882,0,882,882,0,0,0
C4,SUGC,2025,1050.8,0,1050.8,895.23,0,155.567,17.3774
C4,SUGC,2026,1241.72,0,1241.72,908.658,0,333.059,36.6539
C4,SUGC,2027,1455.87,0,1455.87,922.288,0,533.584,57.8544
C4,SUGC,2028,1694.16,0,1694.16,936.123,0,758.041,80.9766
C4,SUGC,2029,1957.28,0,1957.28,950.164,0,1007.11,105.993
C4,SUGC,2030,2245.63,0,2245.63,964.417,0,1281.22,132.849
C4,SUGC,2031,2559.37,0,2559.37,978.883,0,1580.49,161.458
C4,SUGC,2032,2898.37,0,2898.37,993.566,0,1904.8,191.713
C4,SUGC,2033,3262.15,0,3262.15,1008.47,0,2253.68,223.475
C4,SUGC,2034,3649.96,0,3649.96,1023.6,0,2626.36,256.582
C4,SUGC,2035,4060.74,0,4060.74,1038.95,0,3021.79,290.85
C4,SUGC,2036,4425.45,0,4425.45,1054.54,0,3370.92,319.659
C4,SUGC,2037,4742.47,0,4742.47,1070.35,0,3672.11,343.075
C4,SUGC,2038,5013.21,0,5013.21,1086.41,0,3926.8,361.448
C4,SUGC,2039,5241.07,0,5241.07,1102.7,0,4138.36,375.292
C4,SUGC,2040,5430.5,0,5430.5,1119.25,0,4311.25,385.193
C4,SUGC,2041,5586.33,0,5586.33,1136.03,0,4450.3,391.74
C4,SUGC,2042,5713.35,0,5713.35,1153.07,0,4560.28,395.489
C4,SUGC,2043,5816.03,0,5816.03,1170.37,0,4645.66,396.939
C4,SUGC,2044,5898.38,0,5898.38,1187.93,0,4710.46,396.528
C4,SUGC,2045,5963.91,0,5963.91,1205.75,0,4758.16,394.624
C4,SUGC,2046,6015.6,0,6015.6,1223.83,0,4791.77,391.539
C4,SUGC,2047,6056,0,6056,1242.19,0,4813.81,387.527
C4,SUGC,2048,6087.22,0,6087.22,1260.82,0,4826.4,382.798
C4,SUGC,2049,6110.99,0,6110.99,1279.73,0,4831.25,377.52
C4,SUGC,2050,6128.74,0,6128.74,1298.93,0,4829.81,371.83
C4,SUGB,2023,108,0,108,108,0,0,0
C4,SUGB,2024,114,0,114,114,0,0,0
C4,SUGB,2025,114.232,0,114.232,114,0,0.232277,0.203752
C4,SUGB,2026,114.448,0,114.448,114,0,0.447737,0.392752
C4,SUGB,2027,114.645,0,114.645,114,0,0.645003,0.565792
C4,SUGB,2028,114.822,0,114.822,114,0,0.821923,0.720985
C4,SUGB,2029,114.977,0,114.977,114,0,0.977227,0.857217
C4,SUGB,2030,115.109,0,115.109,114,0,1.10884,0.972668
C4,SUGB,2031,115.214,0,115.214,114,0,1.21417,1.06506
C4,SUGB,2032,115.291,0,115.291,114,0,1.29149,1.13288
C4,SUGB,2033,115.337,0,115.337,114,0,1.33743,1.17319
C4,SUGB,2034,115.432,0,115.432,114,0,1.43248,1.25656
C4,SUGB,2035,115.49,0,115.49,114,0,1.49044,1.30741
C4,SUGB,2036,115.548,0,115.548,114,0,1.54844,1.35828
C4,SUGB,2037,115.606,0,115.606,114,0,1.60647,1.40918
C4,SUGB,2038,115.665,0,115.665,114,0,1.66453,1.46011
C4,SUGB,2039,115.723,0,115.723,114,0,1.72261,1.51106
C4,SUGB,2040,115.781,0,115.781,114,0,1.78073,1.56204
C4,SUGB,2041,115.839,0,115.839,114,0,1.83887,1.61304
C4,SUGB,2042,115.897,0,115.897,114,0,1.89704,1.66407
C4,SUGB,2043,115.955,0,115.955,114,0,1.95524,1.71513
C4,SUGB,2044,116.013,0,116.013,114,0,2.01347,1.76621
C4,SUGB,2045,116.072,0,116.072,114,0,2.07174,1.81731
C4,SUGB,2046,116.13,0,116.13,114,0,2.13002,1.86844
C4,SUGB,2047,116.188,0,116.188,114,0,2.18834,1.9196
C4,SUGB,2048,116.247,0,116.247,114,0,2.24669,1.97078
C4,SUGB,2049,116.305,0,116.305,114,0,2.30507,2.02199
C4,SUGB,2050,116.363,0,116.363,114,0,2.36348,2.07323
C4,FRTO,2023,32744.3,365.6,33109.9,33109.9,15628.1,0,0
C4,FRTO,2024,34500,109.86,34609.9,34609.9,16380,0,0
C4,FRTO,2025,34682.7,0,34682.7,34666.2,16425.3,16.4076,0.0473302
C4,FRTO,2026,34862.3,0,34862.3,34708.9,16457.5,153.404,0.441974
C4,FRTO,2027,35038.7,0,35038.7,34753.1,16491.8,285.583,0.82175
C4,FRTO,2028,35211.1,0,35211.1,34791.9,16521.3,419.29,1.20514
C4,FRTO,2029,35379.4,0,35379.4,34825.2,16546,554.168,1.59128
C4,FRTO,2030,35543,0,35543,34867.5,16580,675.425,1.93712
C4,FRTO,2031,35701.1,0,35701.1,34897.3,16602.2,803.78,2.30327
C4,FRTO,2032,35853.4,0,35853.4,34922.9,16621,930.523,2.66451
C4,FRTO,2033,35999,0,35999,34943.7,16635.7,1055.29,3.01998
C4,FRTO,2034,36163.2,0,36163.2,34966.1,16646.4,1197.14,3.42373
C4,FRTO,2035,36319.4,0,36319.4,34993.6,16662.9,1325.81,3.78871
C4,FRTO,2036,36458.1,0,36458.1,35051.2,16669.2,1406.96,4.014
C4,FRTO,2037,36582.7,0,36582.7,35102.5,16672.9,1480.26,4.21696
C4,FRTO,2038,36696,0,36696,35147.6,16673.4,1548.45,4.40557
C4,FRTO,2039,36800.3,0,36800.3,35187.4,16671,1612.84,4.58357
C4,FRTO,2040,36897.3,0,36897.3,35221.1,16664.6,1676.15,4.75893
C4,FRTO,2041,36988.5,0,36988.5,35243.9,16648.8,1744.59,4.95004
C4,FRTO,2042,37075,0,37075,35261.5,16629.3,1813.5,5.14299
C4,FRTO,2043,37157.9,0,37157.9,35273.8,16605.6,1884.11,5.34139
C4,FRTO,2044,37237.8,0,37237.8,35280.9,16577.7,1956.93,5.54671
C4,FRTO,2045,37315.4,0,37315.4,35282.5,16545.2,2032.9,5.76178
C4,FRTO,2046,37391.2,0,37391.2,35276.3,16505.6,2114.86,5.99514
C4,FRTO,2047,37465.5,0,37465.5,35263.6,16460.1,2201.91,6.24415
C4,FRTO,2048,37538.6,0,37538.6,35244.7,16409,2293.96,6.50866
C4,FRTO,2049,37610.9,0,37610.9,35218.8,16351.5,2392.12,6.79216
C4,FRTO,2050,37682.5,0,37682.5,35185.9,16287.5,2496.61,7.09549
C4,VEGT,2023,82868.1,0,82868.1,81577.7,19187.1,1290.41,1.58182
C4,VEGT,2024,83696.8,0,83696.8,82264,20415.5,1432.82,1.74174
C4,VEGT,2025,84308.9,0,84308.9,82698.7,20473.9,1610.17,1.94703
C4,VEGT,2026,84861.6,0,84861.6,83119.3,20528.5,1742.31,2.09616
C4,VEGT,2027,85356.2,0,85356.2,83530.5,20586.4,1825.74,2.18572
C4,VEGT,2028,85792.8,0,85792.8,83920.7,20639.4,1872.02,2.2307
C4,VEGT,2029,86172.1,0,86172.1,84289.9,20687.4,1882.17,2.23297
C4,VEGT,2030,86493.9,0,86493.9,84652.2,20748.1,1841.78,2.1757
C4,VEGT,2031,86757.1,0,86757.1,84987.1,20804.3,1770.03,2.08271
C4,VEGT,2032,86961.4,0,86961.4,85296,20857.3,1665.31,1.95239
C4,VEGT,2033,87104.2,0,87104.2,85575.9,20906.8,1528.28,1.78588
C4,VEGT,2034,87184,0,87184,85825,20952.7,1358.96,1.5834
C4,VEGT,2035,87198.2,0,87198.2,86055.4,21007.7,1142.79,1.32797
C4,VEGT,2036,87130.6,0,87130.6,86249.3,21056.9,881.273,1.02177
C4,VEGT,2037,86997.5,0,86997.5,86404.5,21102.9,593.05,0.686365
C4,VEGT,2038,86812.4,0,86812.4,86526.8,21145,285.59,0.33006
C4,VEGT,2039,86586,36.1675,86622.2,86622.2,21183.5,-1.45519e-11,-1.67993e-14
C4,VEGT,2040,86326.9,365.977,86692.9,86692.9,21216.8,4.36557e-11,5.03568e-14
C4,VEGT,2041,86042,700.524,86742.5,86742.5,21245,1.45519e-11,1.6776e-14
C4,VEGT,2042,85736.9,1037.12,86774,86774,21268.5,0,0
C4,VEGT,2043,85416.1,1372.85,86788.9,86788.9,21286.4,2.91038e-11,3.3534e-14
C4,VEGT,2044,85083,1705.89,86788.9,86788.9,21299,-4.36557e-11,-5.03011e-14
C4,VEGT,2045,84740.5,2034.05,86774.5,86774.5,21305.4,2.91038e-11,3.35396e-14
C4,VEGT,2046,84390.8,2354.6,86745.4,86745.4,21304.5,-1.45519e-11,-1.67754e-14
C4,VEGT,2047,84035.8,2666.17,86701.9,86701.9,21295.8,1.45519e-11,1.67838e-14
C4,VEGT,2048,83676.8,2968.39,86645.2,86645.2,21279.7,-2.91038e-11,-3.35897e-14
C4,VEGT,2049,83315.1,3259.23,86574.4,86574.4,21255,-1.45519e-11,-1.68086e-14
C4,VEGT,2050,82951.5,3538.02,86489.5,86489.5,21221.5,1.45519e-11,1.68251e-14
C4,OTGR,2023,3739.7,384.9,4124.6,4124.6,217.92,6.36646e-12,1.54353e-13
C4,OTGR,2024,3815.6,192.67,4008.27,4008.27,164.532,1.36424e-12,3.40357e-14
C4,OTGR,2025,3816.35,201.319,4017.67,4017.67,163.931,1.36424e-12,3.39561e-14
C4,OTGR,2026,3817.1,212.473,4029.57,4029.57,163.481,-2.27374e-12,-5.64263e-14
C4,OTGR,2027,3817.85,225.034,4042.88,4042.88,163.059,1.81899e-12,4.49924e-14
C4,OTGR,2028,3818.6,238.566,4057.16,4057.16,162.592,9.09495e-13,2.2417e-14
C4,OTGR,2029,3819.35,253.626,4072.97,4072.97,162.083,-2.27374e-12,-5.5825e-14
C4,OTGR,2030,3820.1,269.773,4089.87,4089.87,161.667,2.27374e-12,5.55943e-14
C4,OTGR,2031,3820.85,280.114,4100.96,4100.96,161.352,9.09495e-13,2.21776e-14
C4,OTGR,2032,3821.6,289.23,4110.83,4110.83,161.011,0,0
C4,OTGR,2033,3822.35,298.915,4121.26,4121.26,160.639,-9.09495e-13,-2.20683e-14
C4,OTGR,2034,3825.85,306.464,4132.31,4132.31,160.234,1.81899e-12,4.40187e-14
C4,OTGR,2035,3829.36,314.691,4144.05,4144.05,159.893,-9.09495e-13,-2.1947e-14
C4,OTGR,2036,3832.86,322.597,4155.46,4155.46,159.64,9.09495e-13,2.18867e-14
C4,OTGR,2037,3836.38,329.626,4166,4166,159.365,9.09495e-13,2.18314e-14
C4,OTGR,2038,3839.89,335.992,4175.88,4175.88,159.057,-9.09495e-13,-2.17797e-14
C4,OTGR,2039,3843.41,341.843,4185.25,4185.25,158.718,-9.09495e-13,-2.17309e-14
C4,OTGR,2040,3846.93,347.301,4194.23,4194.23,158.338,0,0
C4,OTGR,2041,3850.46,352.49,4202.95,4202.95,158.023,-1.81899e-12,-4.32789e-14
C4,OTGR,2042,3853.98,357.357,4211.34,4211.34,157.674,-1.81899e-12,-4.31927e-14
C4,OTGR,2043,3857.51,361.932,4219.45,4219.45,157.281,0,0
C4,OTGR,2044,3861.05,366.248,4227.3,4227.3,156.847,1.81899e-12,4.30296e-14
C4,OTGR,2045,3864.59,370.198,4234.78,4234.78,156.366,0,0
C4,OTGR,2046,3868.13,373.944,4242.07,4242.07,155.858,-9.09495e-13,-2.14399e-14
C4,OTGR,2047,3871.67,377.468,4249.14,4249.14,155.293,-9.09495e-13,-2.14042e-14
C4,OTGR,2048,3875.22,380.786,4256,4256,154.673,0,0
C4,OTGR,2049,3878.77,383.891,4262.66,4262.66,153.99,-9.09495e-13,-2.13363e-14
C4,OTGR,2050,3882.32,386.788,4269.11,4269.11,153.243,0,0
C4,SORG,2023,318,485.8,803.8,803.8,67,-1.13687e-13,-1.41437e-14
C4,SORG,2024,314,865.5,1179.5,1179.5,65,0,0
C4,SORG,2025,314.35,865.085,1179.43,1179.43,64.7547,4.54747e-13,3.85564e-14
C4,SORG,2026,314.624,865.391,1180.01,1180.01,64.5752,-9.09495e-13,-7.70749e-14
C4,SORG,2027,314.821,866.114,1180.94,1180.94,64.4137,-1.36424e-12,-1.15522e-13
C4,SORG,2028,314.94,867.134,1182.07,1182.07,64.2427,-9.09495e-13,-7.69406e-14
C4,SORG,2029,314.977,868.594,1183.57,1183.57,64.063,4.54747e-13,3.84216e-14
C4,SORG,2030,314.931,870.397,1185.33,1185.33,63.9297,4.54747e-13,3.83647e-14
C4,SORG,2031,314.795,870.747,1185.54,1185.54,63.845,2.27374e-13,1.91789e-14
C4,SORG,2032,314.568,870.827,1185.4,1185.4,63.7612,2.27374e-13,1.91813e-14
C4,SORG,2033,314.242,871.107,1185.35,1185.35,63.6766,0,0
C4,SORG,2034,313.812,871.589,1185.4,1185.4,63.5918,0,0
C4,SORG,2035,313.271,872.315,1185.59,1185.59,63.546,2.27374e-13,1.91782e-14
C4,SORG,2036,312.633,873.248,1185.88,1185.88,63.5347,-4.54747e-13,-3.83468e-14
C4,SORG,2037,311.996,874.157,1186.15,1186.15,63.5141,-4.54747e-13,-3.8338e-14
C4,SORG,2038,311.36,875.076,1186.44,1186.44,63.4801,2.27374e-13,1.91644e-14
C4,SORG,2039,310.725,876.025,1186.75,1186.75,63.434,4.54747e-13,3.83187e-14
C4,SORG,2040,310.092,877.016,1187.11,1187.11,63.3709,2.27374e-13,1.91536e-14
C4,SORG,2041,309.46,878.081,1187.54,1187.54,63.3329,2.04636e-12,1.72319e-13
C4,SORG,2042,308.83,879.182,1188.01,1188.01,63.2809,-6.82121e-13,-5.74171e-14
C4,SORG,2043,308.2,880.311,1188.51,1188.51,63.2115,4.54747e-13,3.82619e-14
C4,SORG,2044,307.572,881.468,1189.04,1189.04,63.1249,-2.27374e-13,-1.91225e-14
C4,SORG,2045,306.945,882.615,1189.56,1189.56,63.0193,-2.27374e-13,-1.91141e-14
C4,SORG,2046,306.32,883.789,1190.11,1190.11,62.9019,0,0
C4,SORG,2047,305.696,884.974,1190.67,1190.67,62.7611,-4.54747e-13,-3.81926e-14
C4,SORG,2048,305.073,886.167,1191.24,1191.24,62.5976,0,0
C4,SORG,2049,304.451,887.361,1191.81,1191.81,62.408,0,0
C4,SORG,2050,303.83,888.551,1192.38,1192.38,62.192,0,0
C4,BARL,2023,200,1589.8,1789.8,1640,90.2,149.8,9.13415
C4,BARL,2024,200,1424,1624,1624,89.32,0,0
C4,BARL,2025,200.234,1418.02,1618.25,1618.25,88.9493,-1.36424e-12,-8.43035e-14
C4,BARL,2026,200.421,1412.5,1612.92,1612.92,88.6719,-2.27374e-13,-1.4097e-14
C4,BARL,2027,200.558,1407.26,1607.82,1607.82,88.4099,1.13687e-12,7.07087e-14
C4,BARL,2028,200.645,1402.21,1602.85,1602.85,88.1241,4.54747e-13,2.83712e-14
C4,BARL,2029,200.681,1397.47,1598.15,1598.15,87.8156,-4.54747e-13,-2.84546e-14
C4,BARL,2030,200.663,1393.05,1593.72,1593.72,87.5588,-2.27374e-13,-1.42669e-14
C4,BARL,2031,200.589,1387.81,1588.4,1588.4,87.3648,0,0
C4,BARL,2032,200.456,1382.47,1582.93,1582.93,87.1583,-4.54747e-13,-2.87282e-14
C4,BARL,2033,200.26,1377.32,1577.58,1577.58,86.9354,0,0
C4,BARL,2034,200.055,1372.31,1572.36,1572.36,86.6958,-6.82121e-13,-4.33819e-14
C4,BARL,2035,199.779,1367.61,1567.39,1567.39,86.4915,-4.54747e-13,-2.9013e-14
C4,BARL,2036,199.441,1363.89,1563.33,1563.33,86.3429,2.27374e-13,1.45442e-14
C4,BARL,2037,199.103,1360.85,1559.95,1559.95,86.1817,-6.82121e-13,-4.3727e-14
C4,BARL,2038,198.766,1358.42,1557.19,1557.19,86.0024,-1.59162e-12,-1.02211e-13
C4,BARL,2039,198.43,1356.54,1554.97,1554.97,85.8069,0,0
C4,BARL,2040,198.094,1355.15,1553.24,1553.24,85.5884,4.54747e-13,2.92774e-14
C4,BARL,2041,197.759,1354.23,1551.99,1551.99,85.4113,2.27374e-13,1.46504e-14
C4,BARL,2042,197.424,1353.69,1551.11,1551.11,85.2156,-1.13687e-12,-7.32936e-14
C4,BARL,2043,197.09,1353.47,1550.56,1550.56,84.9967,4.54747e-13,2.9328e-14
C4,BARL,2044,196.756,1353.52,1550.27,1550.27,84.7549,0,0
C4,BARL,2045,196.423,1353.78,1550.21,1550.21,84.4879,0,0
C4,BARL,2046,196.091,1354.25,1550.34,1550.34,84.2076,-2.27374e-13,-1.4666e-14
C4,BARL,2047,195.759,1354.88,1550.63,1550.63,83.8963,-2.27374e-13,-1.46633e-14
C4,BARL,2048,195.428,1355.63,1551.06,1551.06,83.5554,4.54747e-13,2.93186e-14
C4,BARL,2049,195.097,1356.47,1551.57,1551.57,83.1803,0,0
C4,BARL,2050,194.767,1357.39,1552.15,1552.15,82.7708,-2.27374e-13,-1.46489e-14
C4,PIGM,2023,5794,152.32,5946.32,5946.32,4546.55,9.09495e-13,1.52951e-14
C4,PIGM,2024,5706,104.23,5810.23,5810.23,4444.17,0,0
C4,PIGM,2025,5731.07,28.3411,5759.42,5759.42,4381.54,-3.63798e-12,-6.31658e-14
C4,PIGM,2026,5701.77,3.71017,5705.48,5705.48,4318.69,9.09495e-13,1.59407e-14
C4,PIGM,2027,5675.42,0,5675.42,5647.25,4258.09,28.1654,0.498745
C4,PIGM,2028,5651.73,0,5651.73,5588.13,4196.59,63.6039,1.1382
C4,PIGM,2029,5630.44,0,5630.44,5528.62,4134.58,101.821,1.8417
C4,PIGM,2030,5611.32,0,5611.32,5471.9,4075.33,139.417,2.54788
C4,PIGM,2031,5601.57,0,5601.57,5415.5,4016.03,186.065,3.43579
C4,PIGM,2032,5586.72,0,5586.72,5359.7,3957.61,227.018,4.23564
C4,PIGM,2033,5573.62,0,5573.62,5303.76,3899,269.854,5.08796
C4,PIGM,2034,5562.14,0,5562.14,5247.71,3840.23,314.426,5.99168
C4,PIGM,2035,5552.18,0,5552.18,5193.94,3783.61,358.238,6.89724
C4,PIGM,2036,5543.15,0,5543.15,5146.56,3726.99,396.583,7.70578
C4,PIGM,2037,5535.76,0,5535.76,5099.64,3670.87,436.116,8.55188
C4,PIGM,2038,5529.69,0,5529.69,5052.21,3614.33,477.473,9.45077
C4,PIGM,2039,5524.66,0,5524.66,5004.38,3557.47,520.28,10.3965
C4,PIGM,2040,5520.47,0,5520.47,4955.88,3500.06,564.582,11.3922
C4,PIGM,2041,5516.94,0,5516.94,4907.34,3442.73,609.605,12.4223
C4,PIGM,2042,5513.95,0,5513.95,4858.92,3385.68,655.028,13.4809
C4,PIGM,2043,5511.38,0,5511.38,4809.92,3328.19,701.457,14.5836
C4,PIGM,2044,5509.14,0,5509.14,4760.39,3270.34,748.754,15.7288
C4,PIGM,2045,5507.18,0,5507.18,4710.28,3212.07,796.904,16.9184
C4,PIGM,2046,5505.43,0,5505.43,4659.57,3153.4,845.866,18.1533
C4,PIGM,2047,5503.85,0,5503.85,4608.28,3094.34,895.576,19.4341
C4,PIGM,2048,5502.41,0,5502.41,4556.37,3034.87,946.042,20.7631
C4,PIGM,2049,5501.08,0,5501.08,4503.72,2974.87,997.357,22.1452
C4,PIGM,2050,5499.83,0,5499.83,4450.38,2914.41,1049.45,23.5811
C4,CATM,2023,753,273.73,1026.73,1026.73,925.67,0,0
C4,CATM,2024,779,287.41,1066.41,1066.41,954.39,0,0
C4,CATM,2025,747.119,305.367,1052.49,1052.49,945.05,-2.27374e-13,-2.16035e-14
C4,CATM,2026,752.254,290.307,1042.56,1042.56,934.387,2.27374e-13,2.18092e-14
C4,CATM,2027,757.094,276.211,1033.31,1033.31,924.435,0,0
C4,CATM,2028,761.998,261.745,1023.74,1023.74,914.168,-2.27374e-13,-2.221e-14
C4,CATM,2029,770.967,243.661,1014.63,1014.63,903.763,5.68434e-13,5.60239e-14
C4,CATM,2030,780.079,225.967,1006.05,1006.05,893.871,-3.41061e-13,-3.39011e-14
C4,CATM,2031,789.342,207.417,996.759,996.759,883.252,1.13687e-13,1.14057e-14
C4,CATM,2032,798.761,189.209,987.97,987.97,873.108,-2.27374e-13,-2.30142e-14
C4,CATM,2033,808.344,170.87,979.214,979.214,862.974,-3.41061e-13,-3.483e-14
C4,CATM,2034,818.099,152.409,970.509,970.509,852.866,0,0
C4,CATM,2035,828.035,134.361,962.396,962.396,843.325,1.13687e-13,1.18129e-14
C4,CATM,2036,837.401,116.035,953.436,953.436,833.018,-4.54747e-13,-4.76956e-14
C4,CATM,2037,846.873,97.7145,944.587,944.587,822.807,1.13687e-13,1.20356e-14
C4,CATM,2038,856.451,78.9885,935.439,935.439,812.282,6.82121e-13,7.29199e-14
C4,CATM,2039,866.137,59.8886,926.025,926.025,801.475,4.54747e-13,4.91074e-14
C4,CATM,2040,875.932,40.3661,916.298,916.298,790.339,-3.41061e-13,-3.72216e-14
C4,CATM,2041,885.837,20.2033,906.04,906.04,778.657,0,0
C4,CATM,2042,895.854,0,895.854,895.836,767.013,0.0177599,0.0019825
C4,CATM,2043,905.984,0,905.984,885.379,755.099,20.6045,2.3272
C4,CATM,2044,916.228,0,916.228,874.689,742.936,41.5383,4.74892
C4,CATM,2045,926.587,0,926.587,863.763,730.52,62.8242,7.27332
C4,CATM,2046,937.063,0,937.063,852.523,717.774,84.5395,9.91638
C4,CATM,2047,947.656,0,947.656,841.108,704.836,106.548,12.6676
C4,CATM,2048,958.369,0,958.369,829.478,691.665,128.891,15.5388
C4,CATM,2049,969.203,0,969.203,817.615,678.244,151.588,18.5403
C4,CATM,2050,980.159,0,980.159,805.538,664.591,174.621,21.6775
C4,SHGM,2023,531,43.24,574.24,574.24,501.279,0,0
C4,SHGM,2024,518,36.53,554.53,554.53,495.466,0,0
C4,SHGM,2025,520.85,29.0443,549.895,549.895,490.506,1.13687e-13,2.06743e-14
C4,SHGM,2026,523.723,21.0733,544.796,544.796,485.08,3.41061e-13,6.26033e-14
C4,SHGM,2027,526.619,13.4584,540.077,540.077,480.03,-2.27374e-13,-4.21002e-14
C4,SHGM,2028,529.538,5.69424,535.232,535.232,474.853,-3.41061e-13,-6.37219e-14
C4,SHGM,2029,532.248,0,532.248,530.319,469.63,1.92888,0.36372
C4,SHGM,2030,534.766,0,534.766,525.672,464.696,9.0942,1.73001
C4,SHGM,2031,537.111,0,537.111,520.738,459.495,16.3729,3.14417
C4,SHGM,2032,539.298,0,539.298,516.027,454.535,23.2704,4.50953
C4,SHGM,2033,541.342,0,541.342,511.306,449.58,30.0361,5.87438
C4,SHGM,2034,543.257,0,543.257,506.583,444.639,36.674,7.23947
C4,SHGM,2035,545.057,0,545.057,502.14,439.991,42.9172,8.54685
C4,SHGM,2036,547.063,0,547.063,497.404,435.026,49.6593,9.9837
C4,SHGM,2037,548.95,0,548.95,492.716,430.123,56.2341,11.4131
C4,SHGM,2038,550.731,0,550.731,487.873,425.077,62.8583,12.8842
C4,SHGM,2039,552.416,0,552.416,482.89,419.902,69.5255,14.3978
C4,SHGM,2040,554.271,0,554.271,477.772,414.572,76.4992,16.0117
C4,SHGM,2041,556.023,0,556.023,472.394,408.995,83.6286,17.7031
C4,SHGM,2042,557.682,0,557.682,467.029,403.44,90.6539,19.4108
C4,SHGM,2043,559.258,0,559.258,461.518,397.75,97.7393,21.1778
C4,SHGM,2044,560.757,0,560.757,455.874,391.934,104.883,23.0071
C4,SHGM,2045,561.536,0,561.536,450.017,385.989,111.519,24.7811
C4,SHGM,2046,562.316,0,562.316,443.991,379.874,118.325,26.6503
C4,SHGM,2047,563.097,0,563.097,437.862,373.655,125.235,28.6016
C4,SHGM,2048,563.879,0,563.879,431.607,367.311,132.272,30.6464
C4,SHGM,2049,564.662,0,564.662,425.216,360.831,139.446,32.7942
C4,SHGM,2050,565.446,0,565.446,418.696,354.222,146.75,35.0492
C4,CHKM,2023,2609.25,74.7687,2684.02,2684.02,2423.09,9.09495e-13,3.38856e-14
C4,CHKM,2024,2637.39,20.6355,2658.03,2658.03,2394.29,-9.09495e-13,-3.42169e-14
C4,CHKM,2025,2727.89,0,2727.89,2716.68,2443.89,11.2161,0.412861
C4,CHKM,2026,2733.34,32.3477,2765.68,2765.68,2492.35,5.00222e-12,1.80867e-13
C4,CHKM,2027,2741.5,76.0403,2817.54,2817.54,2543.39,0,0
C4,CHKM,2028,2749.8,119.87,2869.67,2869.67,2594.69,-1.36424e-12,-4.75401e-14
C4,CHKM,2029,2758.25,164.18,2922.43,2922.43,2646.6,2.72848e-12,9.33637e-14
C4,CHKM,2030,2766.85,210.927,2977.78,2977.78,2701.1,-1.81899e-12,-6.10854e-14
C4,CHKM,2031,2775.64,257.074,3032.71,3032.71,2755.15,-1.81899e-12,-5.99789e-14
C4,CHKM,2032,2784.61,305.217,3089.83,3089.83,2811.37,-1.36424e-12,-4.41527e-14
C4,CHKM,2033,2793.79,354.177,3147.97,3147.97,2868.59,1.81899e-12,5.77829e-14
C4,CHKM,2034,2803.2,404.013,3207.21,3207.21,2926.89,-1.36424e-12,-4.25367e-14
C4,CHKM,2035,2812.85,456.612,3269.46,3269.46,2988.17,3.63798e-12,1.11272e-13
C4,CHKM,2036,2831.01,499.429,3330.44,3330.44,3047.34,-4.54747e-13,-1.36543e-14
C4,CHKM,2037,2847.25,545.159,3392.41,3392.41,3107.69,-2.72848e-12,-8.04291e-14
C4,CHKM,2038,2862.56,591.614,3454.18,3454.18,3167.92,0,0
C4,CHKM,2039,2877.44,638.363,3515.81,3515.81,3228.06,9.09495e-13,2.58687e-14
C4,CHKM,2040,2892.14,684.873,3577.01,3577.01,3287.8,-4.54747e-13,-1.27131e-14
C4,CHKM,2041,2906.78,730.185,3636.96,3636.96,3346.28,5.45697e-12,1.50042e-13
C4,CHKM,2042,2921.42,776.077,3697.5,3697.5,3405.36,1.81899e-12,4.91951e-14
C4,CHKM,2043,2936.1,821.325,3757.43,3757.43,3463.82,1.36424e-12,3.63078e-14
C4,CHKM,2044,2950.84,865.859,3816.7,3816.7,3521.62,4.54747e-12,1.19147e-13
C4,CHKM,2045,2965.65,909.495,3875.14,3875.14,3578.58,1.36424e-12,3.5205e-14
C4,CHKM,2046,2980.51,951.695,3932.21,3932.21,3634.16,1.81899e-12,4.62587e-14
C4,CHKM,2047,2995.45,992.854,3988.31,3988.31,3688.76,9.09495e-13,2.2804e-14
C4,CHKM,2048,3010.46,1032.65,4043.11,4043.11,3742.07,9.09495e-13,2.24949e-14
C4,CHKM,2049,3025.55,1070.77,4096.32,4096.32,3793.77,0,0
C4,CHKM,2050,3040.7,1107.11,4147.82,4147.82,3843.75,-9.09495e-13,-2.19271e-14
C4,EGGS,2023,3028.55,0,3028.55,3011.87,2383.06,16.68,0.553809
C4,EGGS,2024,3049.8,0,3049.8,3031.91,2386.64,17.8911,0.590095
C4,EGGS,2025,3064.17,0,3064.17,3033.56,2379.14,30.6078,1.00897
C4,EGGS,2026,3076.52,0,3076.52,3034.18,2370.71,42.3361,1.3953
C4,EGGS,2027,3087.18,0,3087.18,3035.16,2362.65,52.0142,1.71372
C4,EGGS,2028,3096.41,0,3096.41,3035.45,2353.91,60.963,2.00837
C4,EGGS,2029,3104.45,0,3104.45,3035.15,2344.52,69.3055,2.28343
C4,EGGS,2030,3111.51,0,3111.51,3036.24,2336.47,75.2764,2.47927
C4,EGGS,2031,3117.77,0,3117.77,3036.52,2327.57,81.2554,2.67594
C4,EGGS,2032,3123.39,0,3123.39,3036.54,2318.32,86.8449,2.85999
C4,EGGS,2033,3128.5,0,3128.5,3036.2,2308.62,92.2953,3.03983
C4,EGGS,2034,3133.22,0,3133.22,3035.51,2298.46,97.7163,3.21911
C4,EGGS,2035,3137.68,0,3137.68,3035.89,2289.22,101.794,3.35301
C4,EGGS,2036,3122.82,0,3122.82,3039.37,2283.82,83.4533,2.74574
C4,EGGS,2037,3107.57,0,3107.57,3042.1,2278.07,65.4694,2.15211
C4,EGGS,2038,3092.02,0,3092.02,3043.96,2271.82,48.0641,1.579
C4,EGGS,2039,3076.25,0,3076.25,3045.02,2265.11,31.2367,1.02583
C4,EGGS,2040,3060.33,0,3060.33,3045.12,2257.78,15.2074,0.499402
C4,EGGS,2041,3044.31,0,3044.31,3044.21,2249.74,0.0972907,0.00319593
C4,EGGS,2042,3028.21,14.2885,3042.5,3042.5,2241.21,-4.54747e-13,-1.49465e-14
C4,EGGS,2043,3012.09,27.817,3039.9,3039.9,2232.06,4.54747e-13,1.49593e-14
C4,EGGS,2044,2995.95,40.4915,3036.44,3036.44,2222.31,0,0
C4,EGGS,2045,2979.83,52.2454,3032.07,3032.07,2211.91,-4.54747e-13,-1.49979e-14
C4,EGGS,2046,2963.73,62.9134,3026.64,3026.64,2200.69,-9.09495e-13,-3.00496e-14
C4,EGGS,2047,2947.67,72.5141,3020.19,3020.19,2188.69,-4.54747e-13,-1.50569e-14
C4,EGGS,2048,2931.66,81.0836,3012.75,3012.75,2175.93,-1.36424e-12,-4.52823e-14
C4,EGGS,2049,2915.71,88.5073,3004.22,3004.22,2162.3,0,0
C4,EGGS,2050,2899.82,94.7862,2994.61,2994.61,2147.81,-1.81899e-12,-6.07421e-14
C4,MILK,2023,4197,1694.13,5891.13,5891.13,5223.43,-9.09495e-13,-1.54384e-14
C4,MILK,2024,4079,1555.36,5634.36,5634.36,4998.61,0,0
C4,MILK,2025,3962.98,1805.01,5767.98,5767.98,5150.32,-2.72848e-12,-4.73039e-14
C4,MILK,2026,4076.9,1862.77,5939.67,5939.67,5304.25,0,0
C4,MILK,2027,4194.25,1925.16,6119.4,6119.4,5465.7,1.81899e-12,2.97249e-14
C4,MILK,2028,4315.16,1986.97,6302.13,6302.13,5629.58,-4.54747e-12,-7.21577e-14
C4,MILK,2029,4439.77,2048.93,6488.69,6488.69,5796.72,2.72848e-12,4.20498e-14
C4,MILK,2030,4568.19,2115.44,6683.63,6683.63,5971.64,-2.72848e-12,-4.08234e-14
C4,MILK,2031,4613.62,2255.93,6869.55,6869.55,6150.48,-9.09495e-13,-1.32395e-14
C4,MILK,2032,4659.77,2402.94,7062.71,7062.71,6336.44,9.09495e-13,1.28774e-14
C4,MILK,2033,4706.69,2554.01,7260.7,7260.7,6527.12,4.54747e-12,6.26314e-14
C4,MILK,2034,4754.41,2709.28,7463.69,7463.69,6722.68,-1.81899e-12,-2.43712e-14
C4,MILK,2035,4802.98,2873.18,7676.16,7676.16,6927.57,1.81899e-12,2.36966e-14
C4,MILK,2036,4843.47,3044.87,7888.35,7888.35,7133.45,4.54747e-12,5.7648e-14
C4,MILK,2037,4876.93,3228.09,8105.02,8105.02,7344.91,-9.09495e-13,-1.12214e-14
C4,MILK,2038,4904.66,3418.67,8323.33,8323.33,7558.9,5.45697e-12,6.55623e-14
C4,MILK,2039,4927.77,3615.7,8543.46,8543.46,7775.43,1.81899e-12,2.1291e-14
C4,MILK,2040,4947.13,3817.67,8764.81,8764.81,7993.76,-1.81899e-12,-2.07533e-14
C4,MILK,2041,4963.49,4025.37,8988.85,8988.85,8215.25,1.81899e-11,2.02361e-13
C4,MILK,2042,4977.41,4239.57,9216.98,9216.98,8441.21,1.45519e-11,1.57882e-13
C4,MILK,2043,4989.39,4456.9,9446.29,9446.29,8668.65,-9.09495e-12,-9.62807e-14
C4,MILK,2044,4999.79,4676.86,9676.65,9676.65,8897.39,1.81899e-12,1.87977e-14
C4,MILK,2045,5008.94,4898.69,9907.63,9907.63,9126.95,3.63798e-12,3.6719e-14
C4,MILK,2046,5017.08,5121.89,10139,10139,9357.02,0,0
C4,MILK,2047,5024.41,5346.19,10370.6,10370.6,9587.5,-1.81899e-12,-1.75399e-14
C4,MILK,2048,5031.09,5570.5,10601.6,10601.6,9817.46,-1.81899e-12,-1.71577e-14
C4,MILK,2049,5037.26,5793.85,10831.1,10831.1,10046,1.81899e-12,1.67941e-14
C4,MILK,2050,5043,6015.7,11058.7,11058.7,10272.7,1.81899e-12,1.64485e-14
C4,FISH,2023,7116.2,296,7412.2,7412.2,3132.04,0,0
C4,FISH,2024,7366,269,7635,7635,3204.13,0,0
C4,FISH,2025,7453.32,328.977,7782.3,7782.3,3285.95,3.63798e-12,4.67469e-14
C4,FISH,2026,7540.81,387.336,7928.15,7928.15,3366,9.09495e-13,1.14717e-14
C4,FISH,2027,7628.49,449.174,8077.66,8077.66,3449.12,9.09495e-13,1.12594e-14
C4,FISH,2028,7716.36,513.091,8229.45,8229.45,3533.89,-1.81899e-12,-2.21034e-14
C4,FISH,2029,7804.43,579.622,8384.05,8384.05,3620.42,-3.63798e-12,-4.33917e-14
C4,FISH,2030,7892.71,651.818,8544.53,8544.53,3711.97,-7.27596e-12,-8.51534e-14
C4,FISH,2031,7981.22,723.969,8705.19,8705.19,3802.95,-7.27596e-12,-8.35819e-14
C4,FISH,2032,8069.98,799.646,8869.62,8869.62,3896.65,5.45697e-12,6.15243e-14
C4,FISH,2033,8159,878.775,9037.78,9037.78,3993.07,-3.63798e-12,-4.0253e-14
C4,FISH,2034,8248.33,961.576,9209.91,9209.91,4092.39,1.81899e-12,1.97504e-14
C4,FISH,2035,8333.86,1054.58,9388.44,9388.44,4197.38,0,0
C4,FISH,2036,8405.51,1169.82,9575.33,9575.33,4299.53,5.45697e-12,5.69899e-14
C4,FISH,2037,8461.78,1300.45,9762.22,9762.22,4403.42,0,0
C4,FISH,2038,8505.54,1443.69,9949.23,9949.23,4508.71,-3.63798e-12,-3.65654e-14
C4,FISH,2039,8539.17,1597.61,10136.8,10136.8,4615.49,-1.81899e-12,-1.79445e-14
C4,FISH,2040,8564.61,1760.13,10324.7,10324.7,4723.39,5.45697e-12,5.28534e-14
C4,FISH,2041,8583.44,1927.47,10510.9,10510.9,4829.98,0,0
C4,FISH,2042,8596.97,2101.03,10698,10698,4937.8,3.63798e-12,3.40062e-14
C4,FISH,2043,8606.22,2279.57,10885.8,10885.8,5046.5,1.81899e-12,1.67098e-14
C4,FISH,2044,8612.05,2462.33,11074.4,11074.4,5156.07,5.45697e-12,4.92756e-14
C4,FISH,2045,8615.13,2648.49,11263.6,11263.6,5266.31,0,0
C4,FISH,2046,8616.01,2836.44,11452.4,11452.4,5376.1,3.63798e-12,3.1766e-14
C4,FISH,2047,8615.13,3026.31,11641.4,11641.4,5486.01,7.27596e-12,6.25005e-14
C4,FISH,2048,8612.83,3217.76,11830.6,11830.6,5596,0,0
C4,FISH,2049,8609.42,3410.08,12019.5,12019.5,5705.67,0,0
C4,FISH,2050,8605.1,3602.89,12208,12208,5814.86,0,0
C5,RICE,2023,20660.3,100.6,20760.9,20760.9,15799.6,3.63798e-12,1.75232e-14
C5,RICE,2024,20753.5,78.57,20832.1,20832.1,15650,0,0
C5,RICE,2025,20794.1,13.6641,20807.8,20807.8,15324,0,0
C5,RICE,2026,20834.1,0,20834.1,20793.8,15023.3,40.3034,0.193824
C5,RICE,2027,20873.2,0,20873.2,20753,14730.2,120.188,0.579135
C5,RICE,2028,20911.5,0,20911.5,20698.7,14441.2,212.785,1.02801
C5,RICE,2029,20948.9,0,20948.9,20650.7,14155.2,298.196,1.444
C5,RICE,2030,20985.2,0,20985.2,20598.1,13860.8,387.123,1.87941
C5,RICE,2031,21004.7,0,21004.7,20512.4,13582.8,492.275,2.39989
C5,RICE,2032,21022.9,0,21022.9,20394.1,13306.8,628.734,3.08292
C5,RICE,2033,21039.7,0,21039.7,20281.9,13033.8,757.737,3.73602
C5,RICE,2034,21054.9,0,21054.9,20175.5,12763.8,879.422,4.35887
C5,RICE,2035,21068.5,0,21068.5,20067.8,12489.8,1000.66,4.98639
C5,RICE,2036,21079.7,0,21079.7,19966.1,12229.7,1113.64,5.57766
C5,RICE,2037,21089,0,21089,19867.9,11972.3,1221.08,6.14601
C5,RICE,2038,21096.5,0,21096.5,19774.2,11718.8,1322.2,6.68649
C5,RICE,2039,21102.4,0,21102.4,19685.6,11469.5,1416.84,7.19735
C5,RICE,2040,21107,0,21107,19600.9,11223.3,1506.04,7.68353
C5,RICE,2041,21110.3,0,21110.3,19527.6,10987.6,1582.66,8.10474
C5,RICE,2042,21112.5,0,21112.5,19457.5,10754.2,1655.02,8.50584
C5,RICE,2043,21113.7,0,21113.7,19391.4,10523.9,1722.38,8.88222
C5,RICE,2044,21114.1,0,21114.1,19329.4,10296.7,1784.68,9.233
C5,RICE,2045,21113.5,0,21113.5,19271.2,10072.4,1842.31,9.55992
C5,RICE,2046,21112.2,0,21112.2,19217.9,9851.88,1894.34,9.85718
C5,RICE,2047,21110.2,0,21110.2,19167.3,9633.14,1942.94,10.1367
C5,RICE,2048,21107.6,0,21107.6,19119.9,9416.62,1987.64,10.3956
C5,RICE,2049,21104.3,0,21104.3,19075.2,9201.71,2029.12,10.6375
C5,RICE,2050,21100.5,0,21100.5,19033,8988.33,2067.47,10.8626
C5,WHEA,2023,13659,1189.4,14848.4,14848.4,9162.85,-1.81899e-12,-1.22504e-14
C5,WHEA,2024,14009.9,1106.26,15116.2,15116.2,9100,3.63798e-12,2.40668e-14
C5,WHEA,2025,14115.7,932.54,15048.2,15048.2,8912.57,5.45697e-12,3.62632e-14
C5,WHEA,2026,14217.3,780.183,14997.5,14997.5,8739.57,-3.63798e-11,-2.42573e-13
C5,WHEA,2027,14314.7,636.974,14951.7,14951.7,8570.72,-9.09495e-12,-6.08288e-14
C5,WHEA,2028,14407.9,501.117,14909,14909,8403.91,-1.81899e-12,-1.22006e-14
C5,WHEA,2029,14496.8,373.007,14869.8,14869.8,8238.63,9.09495e-12,6.11637e-14
C5,WHEA,2030,14581.4,245.126,14826.5,14826.5,8068.12,0,0
C5,WHEA,2031,14595.7,122.781,14718.5,14718.5,7906.84,5.45697e-12,3.70755e-14
C5,WHEA,2032,14605,4.02579,14609,14609,7746.42,1.81899e-12,1.24511e-14
C5,WHEA,2033,14608.9,0,14608.9,14500.2,7587.48,108.76,0.750058
C5,WHEA,2034,14607.3,0,14607.3,14391.7,7429.89,215.556,1.49778
C5,WHEA,2035,14599.8,0,14599.8,14279.6,7269.71,320.177,2.24219
C5,WHEA,2036,14588.4,0,14588.4,14161.2,7117.56,427.24,3.01698
C5,WHEA,2037,14573.5,0,14573.5,14043.1,6967.1,530.358,3.77664
C5,WHEA,2038,14555.4,0,14555.4,13926.1,6818.9,629.264,4.51859
C5,WHEA,2039,14534.5,0,14534.5,13810.4,6673.13,724.044,5.24273
C5,WHEA,2040,14511,0,14511,13695.6,6529.27,815.449,5.95411
C5,WHEA,2041,14485.3,0,14485.3,13585.8,6391.54,899.519,6.62103
C5,WHEA,2042,14457.6,0,14457.6,13476.3,6255.14,981.245,7.28126
C5,WHEA,2043,14428,0,14428,13367.7,6120.54,1060.34,7.93216
C5,WHEA,2044,14396.8,0,14396.8,13259.9,5987.82,1136.92,8.57409
C5,WHEA,2045,14364.2,0,14364.2,13152.8,5856.78,1211.4,9.21018
C5,WHEA,2046,14330.4,0,14330.4,13047.1,5728.01,1283.27,9.83571
C5,WHEA,2047,14295.4,0,14295.4,12941.5,5600.28,1353.91,10.4618
C5,WHEA,2048,14259.4,0,14259.4,12836.2,5473.86,1423.16,11.087
C5,WHEA,2049,14222.5,0,14222.5,12731,5348.4,1491.49,11.7154
C5,WHEA,2050,14184.8,0,14184.8,12625.8,5223.85,1559.05,12.3482
C5,MAIZ,2023,28884,2712.1,31596.1,31596.1,1890,0,0
C5,MAIZ,2024,29492,1363,30855,30855,1890,0,0
C5,MAIZ,2025,29896.1,1134.43,31030.5,31030.5,1874.58,-2.91038e-11,-9.3791e-14
C5,MAIZ,2026,30301.1,910.858,31212,31212,1861.24,-1.71349e-09,-5.48984e-12
C5,MAIZ,2027,30706.7,1361.83,32068.5,32068.5,1848.26,1.09139e-11,3.40332e-14
C5,MAIZ,2028,31112.1,1262.96,32375,32375,1834.97,1.09139e-11,3.3711e-14
C5,MAIZ,2029,31516.8,1073.06,32589.8,32589.8,1821.34,-1.09139e-11,-3.34888e-14
C5,MAIZ,2030,31920.1,853.233,32773.4,32773.4,1805.84,7.27596e-12,2.22008e-14
C5,MAIZ,2031,31929.1,812.663,32741.7,32741.7,1791.69,1.81899e-11,5.55557e-14
C5,MAIZ,2032,31930.2,787.521,32717.8,32717.8,1777.26,0,0
C5,MAIZ,2033,31922.7,763.136,32685.8,32685.8,1762.57,0,0
C5,MAIZ,2034,31915,732.776,32647.8,32647.8,1747.58,-3.63798e-12,-1.11431e-14
C5,MAIZ,2035,31897,703.154,32600.1,32600.1,1731.38,-3.63798e-12,-1.11594e-14
C5,MAIZ,2036,31872,867.949,32739.9,32739.9,1716.29,-1.45519e-11,-4.4447e-14
C5,MAIZ,2037,31840.8,1031.19,32872,32872,1700.94,-2.91038e-11,-8.85369e-14
C5,MAIZ,2038,31804.1,1193.65,32997.7,32997.7,1685.33,-7.27596e-12,-2.20499e-14
C5,MAIZ,2039,31762.5,1355.75,33118.2,33118.2,1669.51,-7.27596e-12,-2.19697e-14
C5,MAIZ,2040,31716.5,1517.64,33234.1,33234.1,1653.38,-7.27596e-12,-2.1893e-14
C5,MAIZ,2041,31666.6,1680.12,33346.7,33346.7,1638.1,0,0
C5,MAIZ,2042,31613.3,1841.86,33455.1,33455.1,1622.51,0,0
C5,MAIZ,2043,31556.9,2002.7,33559.6,33559.6,1606.64,7.27596e-12,2.16807e-14
C5,MAIZ,2044,31497.8,2162.43,33660.3,33660.3,1590.51,-7.27596e-12,-2.16159e-14
C5,MAIZ,2045,31436.3,2319.98,33756.3,33756.3,1574.09,1.45519e-11,4.31087e-14
C5,MAIZ,2046,31372.7,2476.04,33848.8,33848.8,1557.57,0,0
C5,MAIZ,2047,31307.2,2629.99,33937.2,33937.2,1540.62,-2.18279e-11,-6.43185e-14
C5,MAIZ,2048,31240,2781.63,34021.6,34021.6,1523.31,0,0
C5,MAIZ,2049,31171.4,2930.51,34101.9,34101.9,1505.54,0,0
C5,MAIZ,2050,31101.4,3076.33,34177.7,34177.7,1487.29,0,0
C5,POTA,2023,9150,0,9150,9125,5872,25,0.273973
C5,POTA,2024,9500,0,9500,9445,6081.92,55,0.582319
C5,POTA,2025,9564.68,0,9564.68,9401.91,6005.55,162.776,1.73131
C5,POTA,2026,9625.18,0,9625.18,9375.33,5936.3,249.852,2.66499
C5,POTA,2027,9681.49,0,9681.49,9376.27,5869.05,305.227,3.25531
C5,POTA,2028,9733.56,0,9733.56,9372.87,5801.16,360.689,3.84823
C5,POTA,2029,9781.37,0,9781.37,9380.41,5732.66,400.966,4.27451
C5,POTA,2030,9824.87,0,9824.87,9380,5658.7,444.863,4.74267
C5,POTA,2031,9863.92,0,9863.92,9379.78,5589.59,484.137,5.16149
C5,POTA,2032,9898.47,0,9898.47,9377.66,5520.51,520.816,5.55379
C5,POTA,2033,9928.33,0,9928.33,9374.61,5451.15,553.715,5.90653
C5,POTA,2034,9953.35,0,9953.35,9369.76,5381.44,583.59,6.22844
C5,POTA,2035,9973.36,0,9973.36,9363.82,5308.6,609.535,6.50947
C5,POTA,2036,9993.11,0,9993.11,9364.68,5239.62,628.438,6.71073
C5,POTA,2037,10012.1,0,10012.1,9363.14,5170.42,648.919,6.93057
C5,POTA,2038,10030.2,0,10030.2,9358.94,5100.71,671.289,7.1727
C5,POTA,2039,10047.6,0,10047.6,9352.27,5030.66,695.364,7.43524
C5,POTA,2040,10064.3,0,10064.3,9342.83,4959.94,721.497,7.72246
C5,POTA,2041,10080.3,0,10080.3,9334.29,4892.21,746.042,7.99249
C5,POTA,2042,10095.7,0,10095.7,9323.32,4824.13,772.331,8.28385
C5,POTA,2043,10110.3,0,10110.3,9309.79,4755.5,800.544,8.59895
C5,POTA,2044,10124.4,0,10124.4,9293.82,4686.44,830.569,8.93679
C5,POTA,2045,10137.8,0,10137.8,9275.3,4616.82,862.526,9.29917
C5,POTA,2046,10150.7,0,10150.7,9254.93,4547.29,895.757,9.67869
C5,POTA,2047,10163,0,10163,9231.83,4476.94,931.151,10.0863
C5,POTA,2048,10174.7,0,10174.7,9206.13,4405.88,968.58,10.521
C5,POTA,2049,10185.9,0,10185.9,9177.61,4333.87,1008.29,10.9864
C5,POTA,2050,10196.6,0,10196.6,9146.3,4260.89,1050.29,11.4832
C5,SOYS,2023,2084.17,9849,11933.2,11933.2,1550,0,0
C5,SOYS,2024,2065,10497,12562,12562,1675,-1.81899e-12,-1.44801e-14
C5,SOYS,2025,2190,10034.1,12224.1,12224.1,1674.33,7.27596e-12,5.95216e-14
C5,SOYS,2026,2322.21,9720.36,12042.6,12042.6,1673.78,-1.38789e-09,-1.15249e-11
C5,SOYS,2027,2462,9436.24,11898.2,11898.2,1673.8,5.45697e-12,4.58636e-14
C5,SOYS,2028,2609.75,9169.42,11779.2,11779.2,1673.41,-3.63798e-12,-3.08849e-14
C5,SOYS,2029,2765.82,8919.13,11685,11685,1672.67,-3.63798e-12,-3.11339e-14
C5,SOYS,2030,2930.63,8674.54,11605.2,11605.2,1670.08,0,0
C5,SOYS,2031,2961.78,8531.61,11493.4,11493.4,1667.47,-7.27596e-12,-6.33056e-14
C5,SOYS,2032,2992.54,8396.95,11389.5,11389.5,1664.85,-3.63798e-12,-3.19415e-14
C5,SOYS,2033,3022.79,8272.72,11295.5,11295.5,1661.94,1.81899e-12,1.61037e-14
C5,SOYS,2034,3052.01,8158.16,11210.2,11210.2,1658.71,1.81899e-12,1.62262e-14
C5,SOYS,2035,3080.52,8051.07,11131.6,11131.6,1654.3,-1.81899e-12,-1.63408e-14
C5,SOYS,2036,3096.98,8072.59,11169.6,11169.6,1649.66,-3.63798e-12,-3.25704e-14
C5,SOYS,2037,3105.98,8096.23,11202.2,11202.2,1644.77,-3.63798e-12,-3.24756e-14
C5,SOYS,2038,3110.42,8120.42,11230.8,11230.8,1639.36,-3.63798e-12,-3.23928e-14
C5,SOYS,2039,3112.05,8144.48,11256.5,11256.5,1633.48,-1.81899e-12,-1.61594e-14
C5,SOYS,2040,3111.96,8167.98,11279.9,11279.9,1627.01,-5.45697e-12,-4.83776e-14
C5,SOYS,2041,3110.79,8190.96,11301.7,11301.7,1620.24,-3.63798e-12,-3.21895e-14
C5,SOYS,2042,3108.92,8213.3,11322.2,11322.2,1613.13,0,0
C5,SOYS,2043,3106.6,8234.83,11341.4,11341.4,1605.47,-5.45697e-12,-4.81153e-14
C5,SOYS,2044,3103.96,8255.63,11359.6,11359.6,1597.29,-5.45697e-12,-4.80384e-14
C5,SOYS,2045,3101.09,8275.49,11376.6,11376.6,1588.53,1.81899e-12,1.59889e-14
C5,SOYS,2046,3098.05,8294.7,11392.8,11392.8,1579.18,-1.81899e-12,-1.59662e-14
C5,SOYS,2047,3094.87,8313.27,11408.1,11408.1,1569.18,1.81899e-12,1.59447e-14
C5,SOYS,2048,3091.56,8331.25,11422.8,11422.8,1558.53,1.81899e-12,1.59242e-14
C5,SOYS,2049,3088.15,8348.59,11436.7,11436.7,1547.13,-1.81899e-12,-1.59048e-14
C5,SOYS,2050,3084.63,8365.32,11450,11450,1534.97,1.81899e-12,1.58864e-14
C5,RAPS,2023,1631.74,519.81,2151.55,2151.55,0,0,0
C5,RAPS,2024,1674,638.56,2312.56,2312.56,0,0,0
C5,RAPS,2025,1717.63,628.481,2346.11,2346.11,0,-4.54747e-13,-1.9383e-14
C5,RAPS,2026,1762.14,614.208,2376.35,2376.35,0,-2.67391e-10,-1.12522e-11
C5,RAPS,2027,1807.5,586.552,2394.05,2394.05,0,4.54747e-13,1.89949e-14
C5,RAPS,2028,1853.7,559.211,2412.91,2412.91,0,0,0
C5,RAPS,2029,1900.72,532.654,2433.37,2433.37,0,0,0
C5,RAPS,2030,1948.52,506.343,2454.87,2454.87,0,-1.81899e-12,-7.40973e-14
C5,RAPS,2031,1961.93,501.691,2463.62,2463.62,0,-1.36424e-12,-5.53754e-14
C5,RAPS,2032,1974.95,496.164,2471.12,2471.12,0,0,0
C5,RAPS,2033,1987.52,491.508,2479.03,2479.03,0,-9.09495e-13,-3.66876e-14
C5,RAPS,2034,1999.29,487.977,2487.27,2487.27,0,4.54747e-13,1.8283e-14
C5,RAPS,2035,2010.48,485.339,2495.82,2495.82,0,-2.72848e-12,-1.09322e-13
C5,RAPS,2036,2021.33,482.675,2504.01,2504.01,0,-1.36424e-12,-5.44823e-14
C5,RAPS,2037,2031.72,479.673,2511.39,2511.39,0,0,0
C5,RAPS,2038,2041.69,476.494,2518.19,2518.19,0,-9.09495e-13,-3.61171e-14
C5,RAPS,2039,2051.31,473.233,2524.54,2524.54,0,4.54747e-13,1.8013e-14
C5,RAPS,2040,2060.61,469.995,2530.61,2530.61,0,-4.54747e-13,-1.79699e-14
C5,RAPS,2041,2069.63,466.769,2536.4,2536.4,0,-9.09495e-13,-3.58577e-14
C5,RAPS,2042,2078.39,463.583,2541.98,2541.98,0,4.54747e-13,1.78895e-14
C5,RAPS,2043,2086.92,460.457,2547.38,2547.38,0,-1.36424e-12,-5.35547e-14
C5,RAPS,2044,2095.23,457.407,2552.64,2552.64,0,9.09495e-13,3.56296e-14
C5,RAPS,2045,2103.34,454.329,2557.67,2557.67,0,4.54747e-13,1.77797e-14
C5,RAPS,2046,2111.26,451.359,2562.62,2562.62,0,-4.54747e-13,-1.77454e-14
C5,RAPS,2047,2119.01,448.502,2567.51,2567.51,0,4.54747e-13,1.77116e-14
C5,RAPS,2048,2126.58,445.764,2572.34,2572.34,0,4.54747e-13,1.76783e-14
C5,RAPS,2049,2133.99,443.146,2577.13,2577.13,0,-4.54747e-13,-1.76455e-14
C5,RAPS,2050,2141.24,440.653,2581.89,2581.89,0,1.81899e-12,7.04519e-14
C5,GRDS,2023,1860,20,1880,1070,810,810,75.7009
C5,GRDS,2024,1900,5,1905,1905,850,-4.54747e-13,-2.38713e-14
C5,GRDS,2025,1927.66,0,1927.66,1909.67,857.229,17.9884,0.941963
C5,GRDS,2026,1955.42,0,1955.42,1915.2,864.197,40.2203,2.10005
C5,GRDS,2027,1967.56,0,1967.56,1922.09,871.81,45.4698,2.36564
C5,GRDS,2028,1979.41,0,1979.41,1929.27,879.163,50.1438,2.59911
C5,GRDS,2029,1990.96,0,1990.96,1937.07,886.388,53.8916,2.78212
C5,GRDS,2030,2002.16,0,2002.16,1944.36,892.604,57.7993,2.97267
C5,GRDS,2031,2012.96,0,2012.96,1949.16,898.681,63.7944,3.27291
C5,GRDS,2032,2023.32,0,2023.32,1953.99,905.14,69.3325,3.54826
C5,GRDS,2033,2033.18,0,2033.18,1959.05,911.522,74.1361,3.78429
C5,GRDS,2034,2042.2,0,2042.2,1964.32,917.821,77.8762,3.96453
C5,GRDS,2035,2050.6,0,2050.6,1969.33,923.578,81.2684,4.12671
C5,GRDS,2036,2057.18,0,2057.18,1980.45,928.939,76.729,3.87432
C5,GRDS,2037,2062.3,0,2062.3,1991.22,934.263,71.0763,3.56948
C5,GRDS,2038,2066.24,0,2066.24,2001.29,939.097,64.9538,3.2456
C5,GRDS,2039,2069.24,0,2069.24,2010.73,943.46,58.5123,2.91
C5,GRDS,2040,2071.48,0,2071.48,2019.53,947.271,51.9555,2.57265
C5,GRDS,2041,2073.12,0,2073.12,2027.82,950.662,45.2942,2.23364
C5,GRDS,2042,2074.26,0,2074.26,2035.89,953.883,38.3756,1.88496
C5,GRDS,2043,2075.01,0,2075.01,2043.36,956.557,31.6551,1.54917
C5,GRDS,2044,2075.45,0,2075.45,2050.26,958.69,25.1915,1.2287
C5,GRDS,2045,2075.64,0,2075.64,2056.52,960.246,19.1232,0.929882
C5,GRDS,2046,2075.63,0,2075.63,2062.17,961.193,13.4658,0.652991
C5,GRDS,2047,2075.46,0,2075.46,2067.25,961.571,8.21404,0.397342
C5,GRDS,2048,2075.16,0,2075.16,2071.69,961.298,3.47582,0.167777
C5,GRDS,2049,2074.76,0.657621,2075.42,2075.42,960.303,-1.00044e-11,-4.82045e-13
C5,GRDS,2050,2074.28,4.15165,2078.43,2078.43,958.57,6.36646e-12,3.06311e-13
C5,COTT,2023,561.8,191,752.8,752.8,0,0,0
C5,COTT,2024,616.4,261.8,878.2,878.2,0,0,0
C5,COTT,2025,617.205,188.625,805.83,805.83,0,5.68434e-13,7.05402e-14
C5,COTT,2026,617.917,185.206,803.123,803.123,0,2.27374e-13,2.83112e-14
C5,COTT,2027,618.53,181.879,800.409,800.409,0,-1.13687e-13,-1.42036e-14
C5,COTT,2028,619.032,178.648,797.681,797.681,0,0,0
C5,COTT,2029,619.417,175.565,794.982,794.982,0,2.27374e-13,2.86011e-14
C5,COTT,2030,619.673,172.526,792.199,792.199,0,2.27374e-13,2.87016e-14
C5,COTT,2031,619.787,169.631,789.418,789.418,0,1.13687e-13,1.44013e-14
C5,COTT,2032,619.75,166.917,786.667,786.667,0,2.27374e-13,2.89034e-14
C5,COTT,2033,619.544,164.397,783.941,783.941,0,1.13687e-13,1.4502e-14
C5,COTT,2034,615.991,165.928,781.92,781.92,0,1.13687e-13,1.45395e-14
C5,COTT,2035,612.262,167.621,779.882,779.882,0,2.27374e-13,2.91549e-14
C5,COTT,2036,608.524,169.285,777.809,777.809,0,3.41061e-13,4.38489e-14
C5,COTT,2037,604.721,171.577,776.298,776.298,0,0,0
C5,COTT,2038,600.856,174.426,775.282,775.282,0,0,0
C5,COTT,2039,596.933,177.772,774.704,774.704,0,3.41061e-13,4.40246e-14
C5,COTT,2040,592.955,181.553,774.508,774.508,0,0,0
C5,COTT,2041,588.928,185.72,774.648,774.648,0,1.13687e-13,1.46759e-14
C5,COTT,2042,584.853,190.228,775.082,775.082,0,-3.41061e-13,-4.40032e-14
C5,COTT,2043,580.736,195.037,775.773,775.773,0,-3.41061e-13,-4.3964e-14
C5,COTT,2044,576.578,200.111,776.689,776.689,0,-1.13687e-13,-1.46374e-14
C5,COTT,2045,572.383,205.416,777.8,777.8,0,-1.13687e-13,-1.46165e-14
C5,COTT,2046,568.155,210.918,779.073,779.073,0,1.13687e-13,1.45926e-14
C5,COTT,2047,563.897,216.586,780.483,780.483,0,1.13687e-13,1.45662e-14
C5,COTT,2048,559.61,222.4,782.011,782.011,0,1.13687e-13,1.45378e-14
C5,COTT,2049,555.298,228.332,783.631,783.631,0,0,0
C5,COTT,2050,550.964,234.361,785.325,785.325,0,-1.13687e-13,-1.44764e-14
C5,SUGC,2023,789,0,789,789,0,0,0
C5,SUGC,2024,882,0,882,882,0,0,0
C5,SUGC,2025,1050.8,0,1050.8,895.23,0,155.567,17.3774
C5,SUGC,2026,1241.72,0,1241.72,908.658,0,333.059,36.6539
C5,SUGC,2027,1455.87,0,1455.87,922.288,0,533.584,57.8544
C5,SUGC,2028,1694.16,0,1694.16,936.123,0,758.041,80.9766
C5,SUGC,2029,1957.28,0,1957.28,950.164,0,1007.11,105.993
C5,SUGC,2030,2245.63,0,2245.63,964.417,0,1281.22,132.849
C5,SUGC,2031,2559.37,0,2559.37,978.883,0,1580.49,161.458
C5,SUGC,2032,2898.37,0,2898.37,993.566,0,1904.8,191.713
C5,SUGC,2033,3262.15,0,3262.15,1008.47,0,2253.68,223.475
C5,SUGC,2034,3649.96,0,3649.96,1023.6,0,2626.36,256.582
C5,SUGC,2035,4060.74,0,4060.74,1038.95,0,3021.79,290.85
C5,SUGC,2036,4425.45,0,4425.45,1054.54,0,3370.92,319.659
C5,SUGC,2037,4742.47,0,4742.47,1070.35,0,3672.11,343.075
C5,SUGC,2038,5013.21,0,5013.21,1086.41,0,3926.8,361.448
C5,SUGC,2039,5241.07,0,5241.07,1102.7,0,4138.36,375.292
C5,SUGC,2040,5430.5,0,5430.5,1119.25,0,4311.25,385.193
C5,SUGC,2041,5586.33,0,5586.33,1136.03,0,4450.3,391.74
C5,SUGC,2042,5713.35,0,5713.35,1153.07,0,4560.28,395.489
C5,SUGC,2043,5816.03,0,5816.03,1170.37,0,4645.66,396.939
C5,SUGC,2044,5898.38,0,5898.38,1187.93,0,4710.46,396.528
C5,SUGC,2045,5963.91,0,5963.91,1205.75,0,4758.16,394.624
C5,SUGC,2046,6015.6,0,6015.6,1223.83,0,4791.77,391.539
C5,SUGC,2047,6056,0,6056,1242.19,0,4813.81,387.527
C5,SUGC,2048,6087.22,0,6087.22,1260.82,0,4826.4,382.798
C5,SUGC,2049,6110.99,0,6110.99,1279.73,0,4831.25,377.52
C5,SUGC,2050,6128.74,0,6128.74,1298.93,0,4829.81,371.83
C5,SUGB,2023,108,0,108,108,0,0,0
C5,SUGB,2024,114,0,114,114,0,0,0
C5,SUGB,2025,114.232,0,114.232,114,0,0.232277,0.203752
C5,SUGB,2026,114.448,0,114.448,114,0,0.447737,0.392752
C5,SUGB,2027,114.645,0,114.645,114,0,0.645003,0.565792
C5,SUGB,2028,114.822,0,114.822,114,0,0.821923,0.720985
C5,SUGB,2029,114.977,0,114.977,114,0,0.977227,0.857217
C5,SUGB,2030,115.109,0,115.109,114,0,1.10884,0.972668
C5,SUGB,2031,115.214,0,115.214,114,0,1.21417,1.06506
C5,SUGB,2032,115.291,0,115.291,114,0,1.29149,1.13288
C5,SUGB,2033,115.337,0,115.337,114,0,1.33743,1.17319
C5,SUGB,2034,115.432,0,115.432,114,0,1.43248,1.25656
C5,SUGB,2035,115.49,0,115.49,114,0,1.49044,1.30741
C5,SUGB,2036,115.548,0,115.548,114,0,1.54844,1.35828
C5,SUGB,2037,115.606,0,115.606,114,0,1.60647,1.40918
C5,SUGB,2038,115.665,0,115.665,114,0,1.66453,1.46011
C5,SUGB,2039,115.723,0,115.723,114,0,1.72261,1.51106
C5,SUGB,2040,115.781,0,115.781,114,0,1.78073,1.56204
C5,SUGB,2041,115.839,0,115.839,114,0,1.83887,1.61304
C5,SUGB,2042,115.897,0,115.897,114,0,1.89704,1.66407
C5,SUGB,2043,115.955,0,115.955,114,0,1.95524,1.71513
C5,SUGB,2044,116.013,0,116.013,114,0,2.01347,1.76621
C5,SUGB,2045,116.072,0,116.072,114,0,2.07174,1.81731
C5,SUGB,2046,116.13,0,116.13,114,0,2.13002,1.86844
C5,SUGB,2047,116.188,0,116.188,114,0,2.18834,1.9196
C5,SUGB,2048,116.247,0,116.247,114,0,2.24669,1.97078
C5,SUGB,2049,116.305,0,116.305,114,0,2.30507,2.02199
C5,SUGB,2050,116.363,0,116.363,114,0,2.36348,2.07323
C5,FRTO,2023,32744.3,365.6,33109.9,33109.9,15628.1,0,0
C5,FRTO,2024,34500,109.86,34609.9,34609.9,16380,0,0
C5,FRTO,2025,34682.7,0,34682.7,34614.7,16375.2,67.9146,0.196201
C5,FRTO,2026,34862.3,0,34862.3,34606.7,16358.1,255.603,0.738593
C5,FRTO,2027,35038.7,0,35038.7,34600.9,16343.7,437.795,1.26527
C5,FRTO,2028,35211.1,0,35211.1,34590.2,16325.2,620.902,1.79502
C5,FRTO,2029,35379.4,0,35379.4,34574.7,16302.4,804.68,2.32736
C5,FRTO,2030,35543,0,35543,34539.8,16261.3,1003.16,2.90437
C5,FRTO,2031,35701.1,0,35701.1,34493,16209.1,1208.08,3.50239
C5,FRTO,2032,35853.4,0,35853.4,34442.3,16153.7,1411.08,4.09695
C5,FRTO,2033,35999,0,35999,34387,16094.5,1612.02,4.68789
C5,FRTO,2034,36163.2,0,36163.2,34333.1,16031,1830.16,5.33061
C5,FRTO,2035,36319.4,0,36319.4,34265.3,15955,2054.1,5.99469
C5,FRTO,2036,36458.1,0,36458.1,34227.5,15868.6,2230.65,6.51714
C5,FRTO,2037,36582.7,0,36582.7,34182.9,15779.2,2399.83,7.02055
C5,FRTO,2038,36696,0,36696,34131.8,15686.4,2564.25,7.51278
C5,FRTO,2039,36800.3,0,36800.3,34075.2,15590.5,2725.08,7.99724
C5,FRTO,2040,36897.3,0,36897.3,34012.4,15490.4,2884.83,8.48169
C5,FRTO,2041,36988.5,0,36988.5,33939.4,15381.8,3049.09,8.98392
C5,FRTO,2042,37075,0,37075,33861.6,15269.9,3213.4,9.48981
C5,FRTO,2043,37157.9,0,37157.9,33779.1,15154.4,3378.79,10.0026
C5,FRTO,2044,37237.8,0,37237.8,33692.3,15035.6,3545.56,10.5234
C5,FRTO,2045,37315.4,0,37315.4,33600.9,14913,3714.58,11.055
C5,FRTO,2046,37391.2,0,37391.2,33502.8,14784.6,3888.41,11.6062
C5,FRTO,2047,37465.5,0,37465.5,33399.3,14651.4,4066.22,12.1746
C5,FRTO,2048,37538.6,0,37538.6,33290.8,14513.8,4247.87,12.7599
C5,FRTO,2049,37610.9,0,37610.9,33176.4,14371,4434.49,13.3664
C5,FRTO,2050,37682.5,0,37682.5,33056.1,14222.8,4626.35,13.9954
C5,VEGT,2023,82868.1,0,82868.1,81577.7,19187.1,1290.41,1.58182
C5,VEGT,2024,83696.8,0,83696.8,82264,20415.5,1432.82,1.74174
C5,VEGT,2025,84308.9,0,84308.9,82630.4,20411.4,1678.54,2.03138
C5,VEGT,2026,84861.6,0,84861.6,82983.5,20404.5,1878.15,2.26328
C5,VEGT,2027,85356.2,0,85356.2,83327.9,20401.6,2028.34,2.43417
C5,VEGT,2028,85792.8,0,85792.8,83652,20394.5,2140.76,2.55913
C5,VEGT,2029,86172.1,0,86172.1,83955.5,20382.8,2216.59,2.6402
C5,VEGT,2030,86493.9,0,86493.9,84214,20349.3,2279.97,2.70735
C5,VEGT,2031,86757.1,0,86757.1,84445.4,20311.7,2311.68,2.73748
C5,VEGT,2032,86961.4,0,86961.4,84650.9,20271,2310.48,2.72942
C5,VEGT,2033,87104.2,0,87104.2,84826.9,20226.6,2277.32,2.68467
C5,VEGT,2034,87184,0,87184,84971.4,20178.2,2212.55,2.60387
C5,VEGT,2035,87198.2,0,87198.2,85071.1,20115.1,2127.13,2.50042
C5,VEGT,2036,87130.6,0,87130.6,85133,20045.6,1997.53,2.34636
C5,VEGT,2037,86997.5,0,86997.5,85155,19971.9,1842.54,2.16375
C5,VEGT,2038,86812.4,0,86812.4,85142.9,19893.3,1669.5,1.96083
C5,VEGT,2039,86586,0,86586,85102.8,19810.4,1483.16,1.74279
C5,VEGT,2040,86326.9,0,86326.9,85037.4,19721.9,1289.51,1.5164
C5,VEGT,2041,86042,0,86042,84950.5,19628.2,1091.53,1.2849
C5,VEGT,2042,85736.9,0,85736.9,84845.2,19529.8,891.722,1.051
C5,VEGT,2043,85416.1,0,85416.1,84723.3,19426.1,692.731,0.817639
C5,VEGT,2044,85083,0,85083,84586.9,19317.6,496.087,0.586482
C5,VEGT,2045,84740.5,0,84740.5,84436.6,19203.7,303.89,0.359903
C5,VEGT,2046,84390.8,0,84390.8,84272.1,19083.1,118.682,0.140832
C5,VEGT,2047,84035.8,58.2381,84094,84094,18955.8,7.27596e-11,8.65217e-14
C5,VEGT,2048,83676.8,226.582,83903.4,83903.4,18822,5.82077e-11,6.93746e-14
C5,VEGT,2049,83315.1,384.318,83699.4,83699.4,18680.6,2.91038e-11,3.47718e-14
C5,VEGT,2050,82951.5,530.677,83482.2,83482.2,18531.3,-1.45519e-11,-1.74312e-14
C5,OTGR,2023,3739.7,384.9,4124.6,4124.6,217.92,6.36646e-12,1.54353e-13
C5,OTGR,2024,3815.6,192.67,4008.27,4008.27,164.532,1.36424e-12,3.40357e-14
C5,OTGR,2025,3816.35,200.483,4016.83,4016.83,163.431,9.09495e-13,2.26421e-14
C5,OTGR,2026,3817.1,210.816,4027.91,4027.91,162.494,-2.82853e-10,-7.02231e-12
C5,OTGR,2027,3817.85,222.57,4040.42,4040.42,161.596,-9.09495e-13,-2.25099e-14
C5,OTGR,2028,3818.6,235.305,4053.9,4053.9,160.663,9.09495e-13,2.2435e-14
C5,OTGR,2029,3819.35,249.579,4068.93,4068.93,159.696,-2.27374e-12,-5.58805e-14
C5,OTGR,2030,3820.1,264.483,4084.58,4084.58,158.56,4.54747e-13,1.11333e-14
C5,OTGR,2031,3820.85,273.587,4094.43,4094.43,157.531,-2.27374e-12,-5.55324e-14
C5,OTGR,2032,3821.6,281.47,4103.07,4103.07,156.485,-1.81899e-12,-4.43324e-14
C5,OTGR,2033,3822.35,289.921,4112.27,4112.27,155.412,0,0
C5,OTGR,2034,3825.85,296.231,4122.08,4122.08,154.311,-9.09495e-13,-2.2064e-14
C5,OTGR,2035,3829.36,302.909,4132.27,4132.27,153.1,0,0
C5,OTGR,2036,3832.86,309.25,4142.11,4142.11,151.973,-9.09495e-13,-2.19573e-14
C5,OTGR,2037,3836.38,314.701,4151.08,4151.08,150.823,0,0
C5,OTGR,2038,3839.89,319.476,4159.37,4159.37,149.641,0,0
C5,OTGR,2039,3843.41,323.727,4167.14,4167.14,148.431,9.09495e-13,2.18254e-14
C5,OTGR,2040,3846.93,327.577,4174.51,4174.51,147.182,0,0
C5,OTGR,2041,3850.46,331.147,4181.6,4181.6,145.997,-1.81899e-12,-4.34998e-14
C5,OTGR,2042,3853.98,334.391,4188.37,4188.37,144.784,0,0
C5,OTGR,2043,3857.51,337.344,4194.86,4194.86,143.536,-9.09495e-13,-2.16812e-14
C5,OTGR,2044,3861.05,340.041,4201.09,4201.09,142.256,-1.81899e-12,-4.3298e-14
C5,OTGR,2045,3864.59,342.375,4206.96,4206.96,140.941,1.81899e-12,4.32376e-14
C5,OTGR,2046,3868.13,344.507,4212.63,4212.63,139.607,0,0
C5,OTGR,2047,3871.67,346.422,4218.09,4218.09,138.229,-1.81899e-12,-4.31235e-14
C5,OTGR,2048,3875.22,348.137,4223.35,4223.35,136.809,-2.72848e-12,-6.46047e-14
C5,OTGR,2049,3878.77,349.642,4228.41,4228.41,135.338,-1.81899e-12,-4.30183e-14
C5,OTGR,2050,3882.32,350.941,4233.26,4233.26,133.817,1.81899e-12,4.2969e-14
C5,SORG,2023,318,485.8,803.8,803.8,67,-1.13687e-13,-1.41437e-14
C5,SORG,2024,314,865.5,1179.5,1179.5,65,0,0
C5,SORG,2025,314.35,864.814,1179.16,1179.16,64.5573,-4.54747e-13,-3.85652e-14
C5,SORG,2026,314.624,864.857,1179.48,1179.48,64.1852,-7.43512e-11,-6.30372e-12
C5,SORG,2027,314.821,865.323,1180.14,1180.14,63.8356,4.54747e-13,3.85332e-14
C5,SORG,2028,314.94,866.091,1181.03,1181.03,63.4803,2.27374e-13,1.92521e-14
C5,SORG,2029,314.977,867.304,1182.28,1182.28,63.1198,0,0
C5,SORG,2030,314.931,868.718,1183.65,1183.65,62.7009,2.27374e-13,1.92096e-14
C5,SORG,2031,314.795,868.683,1183.48,1183.48,62.3333,-2.27374e-13,-1.92123e-14
C5,SORG,2032,314.568,868.381,1182.95,1182.95,61.9688,2.27374e-13,1.92209e-14
C5,SORG,2033,314.242,868.281,1182.52,1182.52,61.6048,-6.82121e-13,-5.76835e-14
C5,SORG,2034,313.812,868.385,1182.2,1182.2,61.241,2.27374e-13,1.92331e-14
C5,SORG,2035,313.271,868.637,1181.91,1181.91,60.8462,0,0
C5,SORG,2036,312.633,869.092,1181.73,1181.73,60.4833,-4.54747e-13,-3.84816e-14
C5,SORG,2037,311.996,869.522,1181.52,1181.52,60.1099,2.27374e-13,1.92442e-14
C5,SORG,2038,311.36,869.96,1181.32,1181.32,59.7222,-2.27374e-13,-1.92474e-14
C5,SORG,2039,310.725,870.424,1181.15,1181.15,59.3223,-4.54747e-13,-3.85004e-14
C5,SORG,2040,310.092,870.931,1181.02,1181.02,58.906,2.27374e-13,1.92523e-14
C5,SORG,2041,309.46,871.51,1180.97,1180.97,58.5131,-4.54747e-13,-3.85063e-14
C5,SORG,2042,308.83,872.123,1180.95,1180.95,58.1077,0,0
C5,SORG,2043,308.2,872.767,1180.97,1180.97,57.6873,-4.54747e-13,-3.85063e-14
C5,SORG,2044,307.572,873.44,1181.01,1181.01,57.2527,-4.54747e-13,-3.85049e-14
C5,SORG,2045,306.945,874.106,1181.05,1181.05,56.8025,2.27374e-13,1.92518e-14
C5,SORG,2046,306.32,874.799,1181.12,1181.12,56.3433,2.27374e-13,1.92507e-14
C5,SORG,2047,305.696,875.507,1181.2,1181.2,55.8647,0,0
C5,SORG,2048,305.073,876.226,1181.3,1181.3,55.3678,0,0
C5,SORG,2049,304.451,876.949,1181.4,1181.4,54.849,0,0
C5,SORG,2050,303.83,877.669,1181.5,1181.5,54.3081,0,0
C5,BARL,2023,200,1589.8,1789.8,1640,90.2,149.8,9.13415
C5,BARL,2024,200,1424,1624,1624,89.32,0,0
C5,BARL,2025,200.234,1417.42,1617.66,1617.66,88.6781,-2.27374e-12,-1.40557e-13
C5,BARL,2026,200.421,1411.33,1611.75,1611.75,88.1364,-4.59295e-11,-2.84966e-12
C5,BARL,2027,200.558,1405.53,1606.09,1606.09,87.6163,4.54747e-13,2.83139e-14
C5,BARL,2028,200.645,1399.93,1600.57,1600.57,87.0783,4.54747e-13,2.84115e-14
C5,BARL,2029,200.681,1394.66,1595.34,1595.34,86.5227,2.27374e-13,1.42524e-14
C5,BARL,2030,200.663,1389.39,1590.05,1590.05,85.8757,0,0
C5,BARL,2031,200.589,1383.31,1583.9,1583.9,85.2961,0,0
C5,BARL,2032,200.456,1377.15,1577.6,1577.6,84.7081,0,0
C5,BARL,2033,200.26,1371.17,1571.43,1571.43,84.1068,0,0
C5,BARL,2034,200.055,1365.35,1565.41,1565.41,83.4909,0,0
C5,BARL,2035,199.779,1359.64,1559.41,1559.41,82.8169,4.54747e-13,2.91614e-14
C5,BARL,2036,199.441,1354.89,1554.33,1554.33,82.1961,-2.27374e-13,-1.46284e-14
C5,BARL,2037,199.103,1350.82,1549.92,1549.92,81.5626,-2.27374e-13,-1.467e-14
C5,BARL,2038,198.766,1347.36,1546.12,1546.12,80.9113,-2.27374e-13,-1.47061e-14
C5,BARL,2039,198.43,1344.44,1542.87,1542.87,80.245,2.27374e-13,1.47371e-14
C5,BARL,2040,198.094,1342,1540.09,1540.09,79.5582,2.27374e-13,1.47637e-14
C5,BARL,2041,197.759,1340.03,1537.79,1537.79,78.9114,-2.27374e-13,-1.47857e-14
C5,BARL,2042,197.424,1338.44,1535.86,1535.86,78.2493,0,0
C5,BARL,2043,197.09,1337.16,1534.25,1534.25,77.5686,-2.27374e-13,-1.48199e-14
C5,BARL,2044,196.756,1336.16,1532.91,1532.91,76.8705,6.82121e-13,4.44984e-14
C5,BARL,2045,196.423,1335.37,1531.79,1531.79,76.1532,4.54747e-13,2.96873e-14
C5,BARL,2046,196.091,1334.79,1530.88,1530.88,75.4275,2.27374e-13,1.48525e-14
C5,BARL,2047,195.759,1334.36,1530.12,1530.12,74.6776,-2.27374e-13,-1.48599e-14
C5,BARL,2048,195.428,1334.06,1529.49,1529.49,73.905,0,0
C5,BARL,2049,195.097,1333.85,1528.95,1528.95,73.1054,0,0
C5,BARL,2050,194.767,1333.71,1528.48,1528.48,72.2781,2.27374e-13,1.48758e-14
C5,PIGM,2023,5794,152.32,5946.32,5946.32,4546.55,9.09495e-13,1.52951e-14
C5,PIGM,2024,5706,104.23,5810.23,5810.23,4444.17,0,0
C5,PIGM,2025,5731.07,14.6469,5745.72,5745.72,4368.18,-2.72848e-12,-4.74872e-14
C5,PIGM,2026,5701.77,0,5701.77,5678.74,4292.61,23.0359,0.405651
C5,PIGM,2027,5675.42,0,5675.42,5608.04,4219.87,67.3786,1.20146
C5,PIGM,2028,5651.73,0,5651.73,5537,4146.78,114.727,2.07201
C5,PIGM,2029,5630.44,0,5630.44,5466.1,4073.71,164.343,3.00658
C5,PIGM,2030,5611.32,0,5611.32,5391.4,3997,219.917,4.07902
C5,PIGM,2031,5601.57,0,5601.57,5317.73,3920.94,283.842,5.33765
C5,PIGM,2032,5586.72,0,5586.72,5245.24,3846.35,341.474,6.51017
C5,PIGM,2033,5573.62,0,5573.62,5173.18,3772.14,400.438,7.74067
C5,PIGM,2034,5562.14,0,5562.14,5101.49,3698.26,460.647,9.02966
C5,PIGM,2035,5552.18,0,5552.18,5028.27,3622.86,523.909,10.4193
C5,PIGM,2036,5543.15,0,5543.15,4961.94,3547.99,581.206,11.7133
C5,PIGM,2037,5535.76,0,5535.76,4896.54,3474.12,639.218,13.0545
C5,PIGM,2038,5529.69,0,5529.69,4831.16,3400.37,698.522,14.4587
C5,PIGM,2039,5524.66,0,5524.66,4765.95,3326.88,758.713,15.9195
C5,PIGM,2040,5520.47,0,5520.47,4700.67,3253.46,819.801,17.4401
C5,PIGM,2041,5516.94,0,5516.94,4635.93,3180.73,881.006,19.0039
C5,PIGM,2042,5513.95,0,5513.95,4571.94,3108.9,942.009,20.6041
C5,PIGM,2043,5511.38,0,5511.38,4508.04,3037.33,1003.34,22.2566
C5,PIGM,2044,5509.14,0,5509.14,4444.32,2966.11,1064.82,23.9591
C5,PIGM,2045,5507.18,0,5507.18,4380.73,2895.2,1126.45,25.7137
C5,PIGM,2046,5505.43,0,5505.43,4317.25,2824.6,1188.19,27.5218
C5,PIGM,2047,5503.85,0,5503.85,4253.88,2754.33,1249.97,29.3843
C5,PIGM,2048,5502.41,0,5502.41,4190.6,2684.35,1311.81,31.3037
C5,PIGM,2049,5501.08,0,5501.08,4127.27,2614.55,1373.81,33.2863
C5,PIGM,2050,5499.83,0,5499.83,4063.9,2544.95,1435.93,35.3339
C5,CATM,2023,753,273.73,1026.73,1026.73,925.67,0,0
C5,CATM,2024,779,287.41,1066.41,1066.41,954.39,0,0
C5,CATM,2025,747.119,302.485,1049.6,1049.6,942.168,4.54747e-13,4.33256e-14
C5,CATM,2026,752.254,284.664,1036.92,1036.92,928.744,-1.59162e-12,-1.53495e-13
C5,CATM,2027,757.094,267.914,1025.01,1025.01,916.138,0,0
C5,CATM,2028,761.998,250.896,1012.89,1012.89,903.319,0,0
C5,CATM,2029,770.967,230.355,1001.32,1001.32,890.457,0,0
C5,CATM,2030,780.079,208.785,988.864,988.864,876.689,2.27374e-13,2.29934e-14
C5,CATM,2031,789.342,186.502,975.844,975.844,862.337,1.13687e-13,1.16501e-14
C5,CATM,2032,798.761,164.664,963.425,963.425,848.564,1.13687e-13,1.18003e-14
C5,CATM,2033,808.344,142.792,951.136,951.136,834.896,3.41061e-13,3.58582e-14
C5,CATM,2034,818.099,120.881,938.981,938.981,821.338,-5.68434e-13,-6.05374e-14
C5,CATM,2035,828.035,98.5326,926.568,926.568,807.497,4.54747e-13,4.90787e-14
C5,CATM,2036,837.401,76.0275,913.429,913.429,793.011,2.27374e-13,2.48923e-14
C5,CATM,2037,846.873,53.6136,900.486,900.486,778.706,6.82121e-13,7.57503e-14
C5,CATM,2038,856.451,30.9034,887.354,887.354,764.197,0,0
C5,CATM,2039,866.137,7.93865,874.075,874.075,749.525,1.13687e-13,1.30065e-14
C5,CATM,2040,875.932,0,875.932,860.614,734.655,15.3183,1.77992
C5,CATM,2041,885.837,0,885.837,846.783,719.4,39.0538,4.61202
C5,CATM,2042,895.854,0,895.854,833.133,704.31,62.7207,7.52829
C5,CATM,2043,905.984,0,905.984,819.389,689.108,86.5953,10.5683
C5,CATM,2044,916.228,0,916.228,805.577,673.824,110.651,13.7356
C5,CATM,2045,926.587,0,926.587,791.697,658.454,134.89,17.038
C5,CATM,2046,937.063,0,937.063,777.683,642.933,159.38,20.4942
C5,CATM,2047,947.656,0,947.656,763.659,627.386,183.998,24.0942
C5,CATM,2048,958.369,0,958.369,749.593,611.78,208.776,27.852
C5,CATM,2049,969.203,0,969.203,735.465,596.094,233.738,31.781
C5,CATM,2050,980.159,0,980.159,721.289,580.343,258.869,35.8898
C5,SHGM,2023,531,43.24,574.24,574.24,501.279,0,0
C5,SHGM,2024,518,36.53,554.53,554.53,495.466,0,0
C5,SHGM,2025,520.85,27.5484,548.399,548.399,489.01,1.13687e-13,2.07307e-14
C5,SHGM,2026,523.723,18.1438,541.867,541.867,482.15,1.13687e-13,2.09806e-14
C5,SHGM,2027,526.619,9.14977,535.768,535.768,475.722,1.13687e-13,2.12194e-14
C5,SHGM,2028,529.538,0.058978,529.597,529.597,469.217,1.13687e-13,2.14667e-14
C5,SHGM,2029,532.248,0,532.248,523.405,462.716,8.84335,1.68958
C5,SHGM,2030,534.766,0,534.766,516.74,455.764,18.0265,3.48851
C5,SHGM,2031,537.111,0,537.111,509.858,448.615,27.2532,5.34526
C5,SHGM,2032,539.298,0,539.298,503.249,441.757,36.0482,7.16308
C5,SHGM,2033,541.342,0,541.342,496.678,434.952,44.6637,8.99248
C5,SHGM,2034,543.257,0,543.257,490.146,428.202,53.1111,10.8358
C5,SHGM,2035,545.057,0,545.057,483.447,421.298,61.6102,12.7439
C5,SHGM,2036,547.063,0,547.063,476.511,414.133,70.5521,14.806
C5,SHGM,2037,548.95,0,548.95,469.662,407.069,79.2879,16.8819
C5,SHGM,2038,550.731,0,550.731,462.709,399.913,88.0218,19.0231
C5,SHGM,2039,552.416,0,552.416,455.673,392.684,96.7427,21.2307
C5,SHGM,2040,554.271,0,554.271,448.562,385.363,105.708,23.566
C5,SHGM,2041,556.023,0,556.023,441.269,377.87,114.754,26.0054
C5,SHGM,2042,557.682,0,557.682,434.048,370.459,123.635,28.4842
C5,SHGM,2043,559.258,0,559.258,426.758,362.989,132.5,31.0481
C5,SHGM,2044,560.757,0,560.757,419.414,355.474,141.344,33.7003
C5,SHGM,2045,561.536,0,561.536,411.939,347.911,149.597,36.3152
C5,SHGM,2046,562.316,0,562.316,404.383,340.265,157.933,39.0554
C5,SHGM,2047,563.097,0,563.097,396.803,332.597,166.294,41.9084
C5,SHGM,2048,563.879,0,563.879,389.183,324.888,174.695,44.8876
C5,SHGM,2049,564.662,0,564.662,381.511,317.127,183.151,48.0066
C5,SHGM,2050,565.446,0,565.446,373.792,309.318,191.654,51.2727
C5,CHKM,2023,2609.25,74.7687,2684.02,2684.02,2423.09,9.09495e-13,3.38856e-14
C5,CHKM,2024,2637.39,20.6355,2658.03,2658.03,2394.29,-9.09495e-13,-3.42169e-14
C5,CHKM,2025,2727.89,0,2727.89,2709.22,2436.43,18.6691,0.689095
C5,CHKM,2026,2733.34,17.2961,2750.63,2750.63,2477.3,-3.44789e-09,-1.25349e-10
C5,CHKM,2027,2741.5,53.2116,2794.71,2794.71,2520.56,-2.72848e-12,-9.76304e-14
C5,CHKM,2028,2749.8,89.0781,2838.88,2838.88,2563.9,-1.36424e-12,-4.80557e-14
C5,CHKM,2029,2758.25,125.214,2883.46,2883.46,2607.63,3.18323e-12,1.10396e-13
C5,CHKM,2030,2766.85,159.007,2925.86,2925.86,2649.18,0,0
C5,CHKM,2031,2775.64,191.835,2967.47,2967.47,2689.91,4.09273e-12,1.37919e-13
C5,CHKM,2032,2784.61,226.184,3010.8,3010.8,2732.33,4.09273e-12,1.35935e-13
C5,CHKM,2033,2793.79,260.844,3054.64,3054.64,2775.26,-1.81899e-12,-5.95485e-14
C5,CHKM,2034,2803.2,295.813,3099.01,3099.01,2818.69,-2.27374e-12,-7.33698e-14
C5,CHKM,2035,2812.85,329.66,3142.51,3142.51,2861.22,2.27374e-12,7.23542e-14
C5,CHKM,2036,2831.01,353.075,3184.08,3184.08,2900.98,4.09273e-12,1.28537e-13
C5,CHKM,2037,2847.25,378.593,3225.84,3225.84,2941.12,-1.36424e-12,-4.2291e-14
C5,CHKM,2038,2862.56,404.081,3266.64,3266.64,2980.39,-4.54747e-13,-1.39209e-14
C5,CHKM,2039,2877.44,429.127,3306.57,3306.57,3018.82,4.54747e-13,1.37528e-14
C5,CHKM,2040,2892.14,453.227,3345.36,3345.36,3056.15,-4.54747e-13,-1.35934e-14
C5,CHKM,2041,2906.78,475.527,3382.3,3382.3,3091.63,1.36424e-12,4.03347e-14
C5,CHKM,2042,2921.42,497.69,3419.11,3419.11,3126.97,-4.09273e-12,-1.19701e-13
C5,CHKM,2043,2936.1,518.61,3454.71,3454.71,3161.1,1.36424e-12,3.94893e-14
C5,CHKM,2044,2950.84,538.257,3489.1,3489.1,3194.02,-1.81899e-12,-5.21335e-14
C5,CHKM,2045,2965.65,556.47,3522.12,3522.12,3225.55,-1.36424e-12,-3.87336e-14
C5,CHKM,2046,2980.51,572.771,3553.29,3553.29,3255.23,-1.36424e-12,-3.83938e-14
C5,CHKM,2047,2995.45,587.522,3582.98,3582.98,3283.43,3.63798e-12,1.01535e-13
C5,CHKM,2048,3010.46,600.45,3610.92,3610.92,3309.87,0,0
C5,CHKM,2049,3025.55,611.266,3636.81,3636.81,3334.26,1.81899e-12,5.0016e-14
C5,CHKM,2050,3040.7,619.85,3660.55,3660.55,3356.48,-1.81899e-12,-4.96916e-14
C5,EGGS,2023,3028.55,0,3028.55,3011.87,2383.06,16.68,0.553809
C5,EGGS,2024,3049.8,0,3049.8,3031.91,2386.64,17.8911,0.590095
C5,EGGS,2025,3064.17,0,3064.17,3026.15,2371.89,38.0121,1.25612
C5,EGGS,2026,3076.52,0,3076.52,3019.57,2356.39,56.953,1.88613
C5,EGGS,2027,3087.18,0,3087.18,3013.5,2341.45,73.6747,2.44482
C5,EGGS,2028,3096.41,0,3096.41,3006.9,2325.98,89.509,2.97679
C5,EGGS,2029,3104.45,0,3104.45,2999.86,2310,104.596,3.48671
C5,EGGS,2030,3111.51,0,3111.51,2990.3,2291.56,121.215,4.0536
C5,EGGS,2031,3117.77,0,3117.77,2980.11,2272.46,137.659,4.61924
C5,EGGS,2032,3123.39,0,3123.39,2969.81,2253.15,153.576,5.17124
C5,EGGS,2033,3128.5,0,3128.5,2959.25,2233.5,169.247,5.71925
C5,EGGS,2034,3133.22,0,3133.22,2948.41,2213.49,184.811,6.26817
C5,EGGS,2035,3137.68,0,3137.68,2936.14,2191.96,201.543,6.86421
C5,EGGS,2036,3122.82,0,3122.82,2926.81,2174.14,196.009,6.69701
C5,EGGS,2037,3107.57,0,3107.57,2916.74,2155.97,190.834,6.54272
C5,EGGS,2038,3092.02,0,3092.02,2905.8,2137.33,186.219,6.40853
C5,EGGS,2039,3076.25,0,3076.25,2894.11,2118.29,182.142,6.29355
C5,EGGS,2040,3060.33,0,3060.33,2881.54,2098.71,178.796,6.20489
C5,EGGS,2041,3044.31,0,3044.31,2868.05,2078.53,176.258,6.14558
C5,EGGS,2042,3028.21,0,3028.21,2853.88,2057.99,174.328,6.10845
C5,EGGS,2043,3012.09,0,3012.09,2838.98,2036.99,173.105,6.09745
C5,EGGS,2044,2995.95,0,2995.95,2823.39,2015.58,172.561,6.11182
C5,EGGS,2045,2979.83,0,2979.83,2807.08,1993.7,172.749,6.15406
C5,EGGS,2046,2963.73,0,2963.73,2789.91,1971.23,173.818,6.23022
C5,EGGS,2047,2947.67,0,2947.67,2771.93,1948.19,175.744,6.34012
C5,EGGS,2048,2931.66,0,2931.66,2753.18,1924.62,178.482,6.48275
C5,EGGS,2049,2915.71,0,2915.71,2733.56,1900.4,182.15,6.66346
C5,EGGS,2050,2899.82,0,2899.82,2713.07,1875.54,186.753,6.88347
C5,MILK,2023,4197,1694.13,5891.13,5891.13,5223.43,-9.09495e-13,-1.54384e-14
C5,MILK,2024,4079,1555.36,5634.36,5634.36,4998.61,0,0
C5,MILK,2025,3962.98,1789.3,5752.28,5752.28,5134.62,-9.09495e-13,-1.5811e-14
C5,MILK,2026,4076.9,1830.74,5907.63,5907.63,5272.22,1.81899e-12,3.07905e-14
C5,MILK,2027,4194.25,1876.1,6070.35,6070.35,5416.64,0,0
C5,MILK,2028,4315.16,1920.16,6235.33,6235.33,5562.77,-1.81899e-12,-2.91723e-14
C5,MILK,2029,4439.77,1963.58,6403.35,6403.35,5711.37,-1.81899e-12,-2.84069e-14
C5,MILK,2030,4568.19,2000.65,6568.84,6568.84,5856.86,-2.72848e-12,-4.15367e-14
C5,MILK,2031,4613.62,2110.29,6723.91,6723.91,6004.84,2.72848e-12,4.05788e-14
C5,MILK,2032,4659.77,2224.81,6884.58,6884.58,6158.31,-1.81899e-12,-2.64212e-14
C5,MILK,2033,4706.69,2341.65,7048.33,7048.33,6314.76,9.09495e-13,1.29037e-14
C5,MILK,2034,4754.41,2460.76,7215.17,7215.17,6474.16,0,0
C5,MILK,2035,4802.98,2578.86,7381.84,7381.84,6633.26,-1.81899e-12,-2.46414e-14
C5,MILK,2036,4843.47,2702.28,7545.75,7545.75,6790.86,1.81899e-12,2.41061e-14
C5,MILK,2037,4876.93,2834.42,7711.35,7711.35,6951.24,-9.09495e-13,-1.17942e-14
C5,MILK,2038,4904.66,2971.2,7875.86,7875.86,7111.43,-1.81899e-12,-2.30958e-14
C5,MILK,2039,4927.77,3111.71,8039.48,8039.48,7271.44,2.72848e-12,3.39386e-14
C5,MILK,2040,4947.13,3254.46,8201.6,8201.6,7430.55,5.45697e-12,6.65354e-14
C5,MILK,2041,4963.49,3400.17,8363.66,8363.66,7590.06,0,0
C5,MILK,2042,4977.41,3549.5,8526.91,8526.91,7751.14,-3.63798e-12,-4.26647e-14
C5,MILK,2043,4989.39,3699.32,8688.7,8688.7,7911.07,0,0
C5,MILK,2044,4999.79,3849.17,8848.96,8848.96,8069.71,-3.63798e-12,-4.11119e-14
C5,MILK,2045,5008.94,3998.32,9007.26,9007.26,8226.58,-7.27596e-12,-8.07788e-14
C5,MILK,2046,5017.08,4146.26,9163.34,9163.34,8381.39,-5.45697e-12,-5.95522e-14
C5,MILK,2047,5024.41,4292.68,9317.09,9317.09,8534,1.81899e-12,1.95231e-14
C5,MILK,2048,5031.09,4436.62,9467.71,9467.71,8683.57,-7.27596e-12,-7.68502e-14
C5,MILK,2049,5037.26,4577.06,9614.31,9614.31,8829.22,1.81899e-12,1.89196e-14
C5,MILK,2050,5043,4713.45,9756.46,9756.46,8970.46,1.81899e-12,1.8644e-14
C5,FISH,2023,7116.2,296,7412.2,7412.2,3132.04,0,0
C5,FISH,2024,7366,269,7635,7635,3204.13,0,0
C5,FISH,2025,7453.32,317.966,7771.28,7771.28,3275.93,9.09495e-13,1.17033e-14
C5,FISH,2026,7540.81,365.005,7905.82,7905.82,3345.67,8.18545e-12,1.03537e-13
C5,FISH,2027,7628.49,415.177,8043.67,8043.67,3418.16,0,0
C5,FISH,2028,7716.36,467.053,8183.41,8183.41,3491.95,1.81899e-12,2.22278e-14
C5,FISH,2029,7804.43,521.126,8325.55,8325.55,3567.12,0,0
C5,FISH,2030,7892.71,573.544,8466.25,8466.25,3640.62,1.81899e-12,2.14852e-14
C5,FISH,2031,7981.22,625.209,8606.43,8606.43,3712.9,3.63798e-12,4.22705e-14
C5,FISH,2032,8069.98,679.545,8749.52,8749.52,3787.11,-1.81899e-12,-2.07896e-14
C5,FISH,2033,8159,736.377,8895.38,8895.38,3863.15,1.81899e-12,2.04487e-14
C5,FISH,2034,8248.33,795.814,9044.14,9044.14,3941.11,1.81899e-12,2.01123e-14
C5,FISH,2035,8333.86,859.255,9193.11,9193.11,4019.05,-1.81899e-12,-1.97864e-14
C5,FISH,2036,8405.51,943.699,9349.21,9349.21,4093.04,3.63798e-12,3.89122e-14
C5,FISH,2037,8461.78,1042.06,9503.84,9503.84,4167.4,1.81899e-12,1.91395e-14
C5,FISH,2038,8505.54,1151.55,9657.09,9657.09,4241.81,3.63798e-12,3.76716e-14
C5,FISH,2039,8539.17,1270.24,9809.4,9809.4,4316.33,3.63798e-12,3.70866e-14
C5,FISH,2040,8564.61,1396.04,9960.64,9960.64,4390.6,0,0
C5,FISH,2041,8583.44,1525.4,10108.8,10108.8,4462.41,3.63798e-12,3.59881e-14
C5,FISH,2042,8596.97,1659.55,10256.5,10256.5,4534.13,3.63798e-12,3.54699e-14
C5,FISH,2043,8606.22,1797.29,10403.5,10403.5,4605.47,-7.27596e-12,-6.99375e-14
C5,FISH,2044,8612.05,1937.9,10549.9,10549.9,4676.43,1.81899e-12,1.72417e-14
C5,FISH,2045,8615.13,2080.54,10695.7,10695.7,4746.79,-5.45697e-12,-5.10203e-14
C5,FISH,2046,8616.01,2223.69,10839.7,10839.7,4815.54,3.63798e-12,3.35616e-14
C5,FISH,2047,8615.13,2367.41,10982.5,10982.5,4883.19,-1.81899e-12,-1.65626e-14
C5,FISH,2048,8612.83,2511.37,11124.2,11124.2,4949.68,0,0
C5,FISH,2049,8609.42,2654.8,11264.2,11264.2,5014.59,3.63798e-12,3.22968e-14
C5,FISH,2050,8605.1,2797.3,11402.4,11402.4,5077.72,5.45697e-12,4.78581e-14
C6,RICE,2023,20660.3,100.6,20760.9,20760.9,15799.6,3.63798e-12,1.75232e-14
C6,RICE,2024,20753.5,78.57,20832.1,20832.1,15650,0,0
C6,RICE,2025,20794.1,37.386,20831.5,20831.5,15347.4,-3.63798e-12,-1.74638e-14
C6,RICE,2026,20834.1,5.92872,20840,20840,15069,7.27596e-12,3.49134e-14
C6,RICE,2027,20873.2,0,20873.2,20820.7,14797,52.511,0.252205
C6,RICE,2028,20911.5,0,20911.5,20782.5,14523.6,129.019,0.620805
C6,RICE,2029,20948.9,0,20948.9,20749.5,14252.3,199.414,0.961054
C6,RICE,2030,20985.2,0,20985.2,20718.8,13979.1,266.416,1.28586
C6,RICE,2031,21004.7,0,21004.7,20664.4,13731.6,340.307,1.64683
C6,RICE,2032,21022.9,0,21022.9,20589.7,13498.1,433.188,2.10391
C6,RICE,2033,21039.7,0,21039.7,20515,13261.7,524.625,2.55727
C6,RICE,2034,21054.9,0,21054.9,20440.6,13022.7,614.28,3.00519
C6,RICE,2035,21068.5,0,21068.5,20374.6,12789.2,693.83,3.40536
C6,RICE,2036,21079.7,0,21079.7,20288.1,12543.3,791.632,3.90195
C6,RICE,2037,21089,0,21089,20200.2,12295.5,888.788,4.3999
C6,RICE,2038,21096.5,0,21096.5,20117,12051.6,979.416,4.86859
C6,RICE,2039,21102.4,0,21102.4,20037.1,11810.1,1065.31,5.31668
C6,RICE,2040,21107,0,21107,19956.6,11567.3,1150.38,5.76442
C6,RICE,2041,21110.3,0,21110.3,19887.7,11335.2,1222.61,6.14757
C6,RICE,2042,21112.5,0,21112.5,19811.8,11095.5,1300.7,6.5653
C6,RICE,2043,21113.7,0,21113.7,19740,10858.8,1373.74,6.9592
C6,RICE,2044,21114.1,0,21114.1,19666.9,10620.1,1447.13,7.35817
C6,RICE,2045,21113.5,0,21113.5,19599.9,10386.3,1513.62,7.72257
C6,RICE,2046,21112.2,0,21112.2,19535.8,10154.6,1576.41,8.06931
C6,RICE,2047,21110.2,0,21110.2,19475.2,9925.22,1635.06,8.39562
C6,RICE,2048,21107.6,0,21107.6,19418.7,9699.04,1688.85,8.69703
C6,RICE,2049,21104.3,0,21104.3,19362.3,9471.92,1742.06,8.99717
C6,RICE,2050,21100.5,0,21100.5,19309.6,9247.56,1790.87,9.27452
C6,WHEA,2023,13659,1189.4,14848.4,14848.4,9162.85,-1.81899e-12,-1.22504e-14
C6,WHEA,2024,14009.9,1106.26,15116.2,15116.2,9100,3.63798e-12,2.40668e-14
C6,WHEA,2025,14115.7,946.356,15062,15062,8926.2,1.81899e-12,1.20766e-14
C6,WHEA,2026,14217.3,807.116,15024.4,15024.4,8766.12,7.27596e-12,4.84276e-14
C6,WHEA,2027,14314.7,676.379,14991.1,14991.1,8609.54,1.81899e-12,1.21338e-14
C6,WHEA,2028,14407.9,549.858,14957.8,14957.8,8451.87,5.45697e-12,3.64825e-14
C6,WHEA,2029,14496.8,430.44,14927.3,14927.3,8295.1,0,0
C6,WHEA,2030,14581.4,315.242,14896.6,14896.6,8136.98,-3.63798e-12,-2.44215e-14
C6,WHEA,2031,14595.7,211.042,14806.8,14806.8,7993.46,3.63798e-12,2.45697e-14
C6,WHEA,2032,14605,117.576,14722.6,14722.6,7857.81,5.45697e-12,3.70653e-14
C6,WHEA,2033,14608.9,26.5689,14635.5,14635.5,7720.15,3.63798e-12,2.48572e-14
C6,WHEA,2034,14607.3,0,14607.3,14545.6,7580.62,61.6851,0.424081
C6,WHEA,2035,14599.8,0,14599.8,14457.6,7443.93,142.185,0.983463
C6,WHEA,2036,14588.4,0,14588.4,14347.9,7300.1,240.521,1.67635
C6,WHEA,2037,14573.5,0,14573.5,14235.7,7155.15,337.76,2.37262
C6,WHEA,2038,14555.4,0,14555.4,14124.7,7012.54,430.675,3.04909
C6,WHEA,2039,14534.5,0,14534.5,14014,6871.35,520.485,3.71404
C6,WHEA,2040,14511,0,14511,13901.4,6729.41,609.601,4.38517
C6,WHEA,2041,14485.3,0,14485.3,13794.1,6593.73,691.234,5.0111
C6,WHEA,2042,14457.6,0,14457.6,13681.2,6453.62,776.398,5.67495
C6,WHEA,2043,14428,0,14428,13569.1,6315.34,858.905,6.32986
C6,WHEA,2044,14396.8,0,14396.8,13454.8,6175.87,942.013,7.00131
C6,WHEA,2045,14364.2,0,14364.2,13342.5,6039.34,1021.74,7.65782
C6,WHEA,2046,14330.4,0,14330.4,13230.4,5903.99,1099.97,8.31394
C6,WHEA,2047,14295.4,0,14295.4,13118.8,5770.08,1176.55,8.96841
C6,WHEA,2048,14259.4,0,14259.4,13008.2,5638.03,1251.17,9.61834
C6,WHEA,2049,14222.5,0,14222.5,12896.1,5505.46,1326.41,10.2853
C6,WHEA,2050,14184.8,0,14184.8,12784.7,5374.51,1400.15,10.9518
C6,MAIZ,2023,28884,2712.1,31596.1,31596.1,1890,0,0
C6,MAIZ,2024,29492,1363,30855,30855,1890,0,0
C6,MAIZ,2025,29896.1,1138.52,31034.6,31034.6,1877.44,7.27596e-12,2.34447e-14
C6,MAIZ,2026,30301.1,918.979,31220.1,31220.1,1866.89,-7.27596e-12,-2.33054e-14
C6,MAIZ,2027,30706.7,1373.95,32080.6,32080.6,1856.63,3.63798e-12,1.13401e-14
C6,MAIZ,2028,31112.1,1278.31,32390.4,32390.4,1845.45,2.54659e-11,7.86217e-14
C6,MAIZ,2029,31516.8,1091.57,32608.3,32608.3,1833.83,0,0
C6,MAIZ,2030,31920.1,876.393,32796.5,32796.5,1821.27,7.27596e-12,2.21851e-14
C6,MAIZ,2031,31929.1,842.24,32771.3,32771.3,1811.34,0,0
C6,MAIZ,2032,31930.2,825.913,32756.2,32756.2,1802.82,0,0
C6,MAIZ,2033,31922.7,809.49,32732.2,32732.2,1793.38,1.09139e-11,3.33431e-14
C6,MAIZ,2034,31915,786.285,32701.3,32701.3,1783.01,-1.45519e-11,-4.44996e-14
C6,MAIZ,2035,31897,765.971,32663,32663,1772.83,3.63798e-12,1.11379e-14
C6,MAIZ,2036,31872,935.536,32807.5,32807.5,1760.3,7.27596e-12,2.21777e-14
C6,MAIZ,2037,31840.8,1102.76,32943.6,32943.6,1746.87,-7.27596e-12,-2.20861e-14
C6,MAIZ,2038,31804.1,1269.4,33073.5,33073.5,1733.25,7.27596e-12,2.19994e-14
C6,MAIZ,2039,31762.5,1435.44,33197.9,33197.9,1719.22,-7.27596e-12,-2.19169e-14
C6,MAIZ,2040,31716.5,1600.47,33316.9,33316.9,1704.24,-7.27596e-12,-2.18386e-14
C6,MAIZ,2041,31666.6,1766.22,33432.8,33432.8,1690.16,1.45519e-11,4.35258e-14
C6,MAIZ,2042,31613.3,1929.18,33542.5,33542.5,1674.33,7.27596e-12,2.16918e-14
C6,MAIZ,2043,31556.9,2091.27,33648.2,33648.2,1658.2,0,0
C6,MAIZ,2044,31497.8,2251.09,33748.9,33748.9,1641,0,0
C6,MAIZ,2045,31436.3,2409.2,33845.5,33845.5,1623.8,2.91038e-11,8.59902e-14
C6,MAIZ,2046,31372.7,2565.37,33938.1,33938.1,1606.18,0,0
C6,MAIZ,2047,31307.2,2719.55,34026.8,34026.8,1588.22,0,0
C6,MAIZ,2048,31240,2871.63,34111.6,34111.6,1569.99,7.27596e-12,2.13298e-14
C6,MAIZ,2049,31171.4,3020.29,34191.6,34191.6,1550.86,0,0
C6,MAIZ,2050,31101.4,3166.14,34267.5,34267.5,1531.41,-1.45519e-11,-4.24656e-14
C6,POTA,2023,9150,0,9150,9125,5872,25,0.273973
C6,POTA,2024,9500,0,9500,9445,6081.92,55,0.582319
C6,POTA,2025,9564.68,0,9564.68,9411.24,6014.73,153.44,1.63039
C6,POTA,2026,9625.18,0,9625.18,9393.68,5954.33,231.505,2.46448
C6,POTA,2027,9681.49,0,9681.49,9403.34,5895.64,278.152,2.95801
C6,POTA,2028,9733.56,0,9733.56,9406.77,5834.4,326.787,3.47396
C6,POTA,2029,9781.37,0,9781.37,9420.81,5772.21,360.557,3.82724
C6,POTA,2030,9824.87,0,9824.87,9429.98,5707.54,394.885,4.18755
C6,POTA,2031,9863.92,0,9863.92,9443.05,5651.33,420.872,4.45695
C6,POTA,2032,9898.47,0,9898.47,9459.13,5599.92,439.344,4.64466
C6,POTA,2033,9928.33,0,9928.33,9472.22,5546.17,456.108,4.81521
C6,POTA,2034,9953.35,0,9953.35,9481.57,5490.12,471.781,4.97577
C6,POTA,2035,9973.36,0,9973.36,9494.08,5435.03,479.275,5.04814
C6,POTA,2036,9993.11,0,9993.11,9503.16,5373.78,489.956,5.15572
C6,POTA,2037,10012.1,0,10012.1,9508,5310.49,504.061,5.30144
C6,POTA,2038,10030.2,0,10030.2,9510.31,5246.79,519.915,5.46686
C6,POTA,2039,10047.6,0,10047.6,9509.51,5182.1,538.13,5.65887
C6,POTA,2040,10064.3,0,10064.3,9504.09,5114.93,560.245,5.89479
C6,POTA,2041,10080.3,0,10080.3,9499.7,5050.86,580.628,6.11207
C6,POTA,2042,10095.7,0,10095.7,9488.74,4982.41,606.916,6.39617
C6,POTA,2043,10110.3,0,10110.3,9475.17,4913.37,635.159,6.7034
C6,POTA,2044,10124.4,0,10124.4,9456.85,4841.65,667.534,7.05873
C6,POTA,2045,10137.8,0,10137.8,9436.83,4770.18,700.998,7.42831
C6,POTA,2046,10150.7,0,10150.7,9414.07,4697.95,736.62,7.82467
C6,POTA,2047,10163,0,10163,9388.77,4625.08,774.207,8.2461
C6,POTA,2048,10174.7,0,10174.7,9361.19,4551.8,813.518,8.69033
C6,POTA,2049,10185.9,0,10185.9,9329.54,4476.37,856.366,9.17907
C6,POTA,2050,10196.6,0,10196.6,9295.52,4400.38,901.068,9.69357
C6,SOYS,2023,2084.17,9849,11933.2,11933.2,1550,0,0
C6,SOYS,2024,2065,10497,12562,12562,1675,-1.81899e-12,-1.44801e-14
C6,SOYS,2025,2190,10036.6,12226.6,12226.6,1676.89,5.45697e-12,4.46318e-14
C6,SOYS,2026,2322.21,9725.45,12047.7,12047.7,1678.87,2.00089e-11,1.66081e-13
C6,SOYS,2027,2462,9443.82,11905.8,11905.8,1681.39,5.45697e-12,4.58344e-14
C6,SOYS,2028,2609.75,9179,11788.7,11788.7,1682.99,-1.81899e-12,-1.54299e-14
C6,SOYS,2029,2765.82,8930.64,11696.5,11696.5,1684.18,1.81899e-12,1.55516e-14
C6,SOYS,2030,2930.63,8688.9,11619.5,11619.5,1684.44,-1.81899e-12,-1.56546e-14
C6,SOYS,2031,2961.78,8549.99,11511.8,11511.8,1685.84,1.81899e-12,1.58011e-14
C6,SOYS,2032,2992.54,8420.9,11413.4,11413.4,1688.8,-1.81899e-12,-1.59373e-14
C6,SOYS,2033,3022.79,8301.7,11324.5,11324.5,1690.92,-1.81899e-12,-1.60624e-14
C6,SOYS,2034,3052.01,8191.68,11243.7,11243.7,1692.23,3.63798e-12,3.23557e-14
C6,SOYS,2035,3080.52,8090.51,11171,11171,1693.73,-5.45697e-12,-4.88493e-14
C6,SOYS,2036,3096.98,8114.84,11211.8,11211.8,1691.91,5.45697e-12,4.86716e-14
C6,SOYS,2037,3105.98,8140.77,11246.8,11246.8,1689.32,-1.81899e-12,-1.61735e-14
C6,SOYS,2038,3110.42,8167.35,11277.8,11277.8,1686.29,-3.63798e-12,-3.2258e-14
C6,SOYS,2039,3112.05,8193.64,11305.7,11305.7,1682.64,-3.63798e-12,-3.21783e-14
C6,SOYS,2040,3111.96,8218.83,11330.8,11330.8,1677.85,-1.81899e-12,-1.60535e-14
C6,SOYS,2041,3110.79,8243.54,11354.3,11354.3,1672.83,7.27596e-12,6.40809e-14
C6,SOYS,2042,3108.92,8266.32,11375.2,11375.2,1666.15,5.45697e-12,4.79723e-14
C6,SOYS,2043,3106.6,8288.29,11394.9,11394.9,1658.93,5.45697e-12,4.78896e-14
C6,SOYS,2044,3103.96,8308.78,11412.7,11412.7,1650.44,-7.27596e-12,-6.37529e-14
C6,SOYS,2045,3101.09,8328.62,11429.7,11429.7,1641.66,0,0
C6,SOYS,2046,3098.05,8347.5,11445.6,11445.6,1631.98,7.27596e-12,6.35702e-14
C6,SOYS,2047,3094.87,8365.82,11460.7,11460.7,1621.73,-5.45697e-12,-4.76147e-14
C6,SOYS,2048,3091.56,8383.66,11475.2,11475.2,1610.94,-1.81899e-12,-1.58515e-14
C6,SOYS,2049,3088.15,8400.43,11488.6,11488.6,1598.97,-3.63798e-12,-3.1666e-14
C6,SOYS,2050,3084.63,8416.73,11501.4,11501.4,1586.38,-1.81899e-12,-1.58154e-14
C6,RAPS,2023,1631.74,519.81,2151.55,2151.55,0,0,0
C6,RAPS,2024,1674,638.56,2312.56,2312.56,0,0,0
C6,RAPS,2025,1717.63,628.481,2346.11,2346.11,0,4.54747e-13,1.9383e-14
C6,RAPS,2026,1762.14,614.208,2376.35,2376.35,0,-4.54747e-13,-1.91364e-14
C6,RAPS,2027,1807.5,586.552,2394.05,2394.05,0,1.81899e-12,7.59794e-14
C6,RAPS,2028,1853.7,559.211,2412.91,2412.91,0,0,0
C6,RAPS,2029,1900.72,532.654,2433.37,2433.37,0,0,0
C6,RAPS,2030,1948.52,506.343,2454.87,2454.87,0,-1.36424e-12,-5.5573e-14
C6,RAPS,2031,1961.93,501.691,2463.62,2463.62,0,-4.54747e-13,-1.84585e-14
C6,RAPS,2032,1974.95,496.164,2471.12,2471.12,0,9.09495e-13,3.6805e-14
C6,RAPS,2033,1987.52,491.508,2479.03,2479.03,0,1.36424e-12,5.50313e-14
C6,RAPS,2034,1999.29,487.977,2487.27,2487.27,0,9.09495e-13,3.6566e-14
C6,RAPS,2035,2010.48,485.339,2495.82,2495.82,0,-9.09495e-13,-3.64407e-14
C6,RAPS,2036,2021.33,482.675,2504.01,2504.01,0,0,0
C6,RAPS,2037,2031.72,479.673,2511.39,2511.39,0,0,0
C6,RAPS,2038,2041.69,476.494,2518.19,2518.19,0,-4.54747e-13,-1.80585e-14
C6,RAPS,2039,2051.31,473.233,2524.54,2524.54,0,-1.36424e-12,-5.40391e-14
C6,RAPS,2040,2060.61,469.995,2530.61,2530.61,0,4.54747e-13,1.79699e-14
C6,RAPS,2041,2069.63,466.769,2536.4,2536.4,0,-4.54747e-13,-1.79288e-14
C6,RAPS,2042,2078.39,463.583,2541.98,2541.98,0,0,0
C6,RAPS,2043,2086.92,460.457,2547.38,2547.38,0,-9.09495e-13,-3.57031e-14
C6,RAPS,2044,2095.23,457.407,2552.64,2552.64,0,-1.36424e-12,-5.34443e-14
C6,RAPS,2045,2103.34,454.329,2557.67,2557.67,0,4.54747e-13,1.77797e-14
C6,RAPS,2046,2111.26,451.359,2562.62,2562.62,0,-1.36424e-12,-5.32361e-14
C6,RAPS,2047,2119.01,448.502,2567.51,2567.51,0,-9.09495e-13,-3.54232e-14
C6,RAPS,2048,2126.58,445.764,2572.34,2572.34,0,9.09495e-13,3.53567e-14
C6,RAPS,2049,2133.99,443.146,2577.13,2577.13,0,0,0
C6,RAPS,2050,2141.24,440.653,2581.89,2581.89,0,0,0
C6,GRDS,2023,1860,20,1880,1070,810,810,75.7009
C6,GRDS,2024,1900,5,1905,1905,850,-4.54747e-13,-2.38713e-14
C6,GRDS,2025,1927.66,0,1927.66,1910.98,858.54,16.6772,0.872702
C6,GRDS,2026,1955.42,0,1955.42,1917.83,866.822,37.5946,1.96027
C6,GRDS,2027,1967.56,0,1967.56,1926.04,875.759,41.5211,2.15578
C6,GRDS,2028,1979.41,0,1979.41,1934.26,884.154,45.1525,2.33435
C6,GRDS,2029,1990.96,0,1990.96,1943.09,892.411,47.868,2.4635
C6,GRDS,2030,2002.16,0,2002.16,1951.88,900.125,50.2784,2.5759
C6,GRDS,2031,2012.96,0,2012.96,1958.92,908.443,54.0323,2.75826
C6,GRDS,2032,2023.32,0,2023.32,1967,918.15,56.3217,2.86333
C6,GRDS,2033,2033.18,0,2033.18,1975.03,927.501,58.1563,2.94459
C6,GRDS,2034,2042.2,0,2042.2,1983,936.503,59.1944,2.98509
C6,GRDS,2035,2050.6,0,2050.6,1991.55,945.804,59.0429,2.96466
C6,GRDS,2036,2057.18,0,2057.18,2004.3,952.787,52.8812,2.63839
C6,GRDS,2037,2062.3,0,2062.3,2016.39,959.431,45.9078,2.27673
C6,GRDS,2038,2066.24,0,2066.24,2027.85,965.661,38.3895,1.89311
C6,GRDS,2039,2069.24,0,2069.24,2038.61,971.333,30.6386,1.50292
C6,GRDS,2040,2071.48,0,2071.48,2048.37,976.115,23.1116,1.12829
C6,GRDS,2041,2073.12,0,2073.12,2057.68,980.517,15.439,0.75031
C6,GRDS,2042,2074.26,0,2074.26,2065.91,983.903,8.35558,0.404451
C6,GRDS,2043,2075.01,0,2075.01,2073.55,986.745,1.46684,0.0707407
C6,GRDS,2044,2075.45,4.66687,2080.12,2080.12,988.548,-3.63798e-12,-1.74893e-13
C6,GRDS,2045,2075.64,10.5909,2086.24,2086.24,989.96,0,0
C6,GRDS,2046,2075.63,15.9018,2091.54,2091.54,990.561,-1.36424e-12,-6.52268e-14
C6,GRDS,2047,2075.46,20.8538,2096.32,2096.32,990.639,9.09495e-13,4.33854e-14
C6,GRDS,2048,2075.16,25.3647,2100.53,2100.53,990.138,1.36424e-12,6.49476e-14
C6,GRDS,2049,2074.76,28.9833,2103.74,2103.74,988.629,-9.09495e-13,-4.32322e-14
C6,GRDS,2050,2074.28,32.0589,2106.34,2106.34,986.477,4.54747e-13,2.15895e-14
C6,COTT,2023,561.8,191,752.8,752.8,0,0,0
C6,COTT,2024,616.4,261.8,878.2,878.2,0,0,0
C6,COTT,2025,617.205,188.739,805.943,805.943,0,3.41061e-13,4.23182e-14
C6,COTT,2026,617.917,185.43,803.348,803.348,0,2.27374e-13,2.83033e-14
C6,COTT,2027,618.53,182.211,800.742,800.742,0,1.13687e-13,1.41977e-14
C6,COTT,2028,619.032,179.07,798.103,798.103,0,-1.13687e-13,-1.42446e-14
C6,COTT,2029,619.417,176.073,795.49,795.49,0,-2.27374e-13,-2.85829e-14
C6,COTT,2030,619.673,173.163,792.836,792.836,0,0,0
C6,COTT,2031,619.787,170.437,790.224,790.224,0,1.13687e-13,1.43867e-14
C6,COTT,2032,619.75,167.946,787.696,787.696,0,0,0
C6,COTT,2033,619.544,165.628,785.173,785.173,0,1.13687e-13,1.44792e-14
C6,COTT,2034,615.991,167.345,783.336,783.336,0,-1.13687e-13,-1.45132e-14
C6,COTT,2035,612.262,169.278,781.539,781.539,0,3.41061e-13,4.36396e-14
C6,COTT,2036,608.524,171.076,779.6,779.6,0,0,0
C6,COTT,2037,604.721,173.486,778.207,778.207,0,-1.13687e-13,-1.46088e-14
C6,COTT,2038,600.856,176.459,777.315,777.315,0,1.13687e-13,1.46256e-14
C6,COTT,2039,596.933,179.926,776.859,776.859,0,1.13687e-13,1.46342e-14
C6,COTT,2040,592.955,183.812,776.768,776.768,0,2.27374e-13,2.92718e-14
C6,COTT,2041,588.928,188.089,777.017,777.017,0,3.41061e-13,4.38936e-14
C6,COTT,2042,584.853,192.663,777.516,777.516,0,-2.27374e-13,-2.92436e-14
C6,COTT,2043,580.736,197.541,778.276,778.276,0,2.27374e-13,2.9215e-14
C6,COTT,2044,576.578,202.66,779.238,779.238,0,-2.27374e-13,-2.9179e-14
C6,COTT,2045,572.383,208.022,780.405,780.405,0,0,0
C6,COTT,2046,568.155,213.571,781.727,781.727,0,0,0
C6,COTT,2047,563.897,219.293,783.19,783.19,0,0,0
C6,COTT,2048,559.61,225.165,784.775,784.775,0,0,0
C6,COTT,2049,555.298,231.142,786.44,786.44,0,1.13687e-13,1.44559e-14
C6,COTT,2050,550.964,237.221,788.186,788.186,0,1.13687e-13,1.44239e-14
C6,SUGC,2023,789,0,789,789,0,0,0
C6,SUGC,2024,882,0,882,882,0,0,0
C6,SUGC,2025,1050.8,0,1050.8,895.23,0,155.567,17.3774
C6,SUGC,2026,1241.72,0,1241.72,908.658,0,333.059,36.6539
C6,SUGC,2027,1455.87,0,1455.87,922.288,0,533.584,57.8544
C6,SUGC,2028,1694.16,0,1694.16,936.123,0,758.041,80.9766
C6,SUGC,2029,1957.28,0,1957.28,950.164,0,1007.11,105.993
C6,SUGC,2030,2245.63,0,2245.63,964.417,0,1281.22,132.849
C6,SUGC,2031,2559.37,0,2559.37,978.883,0,1580.49,161.458
C6,SUGC,2032,2898.37,0,2898.37,993.566,0,1904.8,191.713
C6,SUGC,2033,3262.15,0,3262.15,1008.47,0,2253.68,223.475
C6,SUGC,2034,3649.96,0,3649.96,1023.6,0,2626.36,256.582
C6,SUGC,2035,4060.74,0,4060.74,1038.95,0,3021.79,290.85
C6,SUGC,2036,4425.45,0,4425.45,1054.54,0,3370.92,319.659
C6,SUGC,2037,4742.47,0,4742.47,1070.35,0,3672.11,343.075
C6,SUGC,2038,5013.21,0,5013.21,1086.41,0,3926.8,361.448
C6,SUGC,2039,5241.07,0,5241.07,1102.7,0,4138.36,375.292
C6,SUGC,2040,5430.5,0,5430.5,1119.25,0,4311.25,385.193
C6,SUGC,2041,5586.33,0,5586.33,1136.03,0,4450.3,391.74
C6,SUGC,2042,5713.35,0,5713.35,1153.07,0,4560.28,395.489
C6,SUGC,2043,5816.03,0,5816.03,1170.37,0,4645.66,396.939
C6,SUGC,2044,5898.38,0,5898.38,1187.93,0,4710.46,396.528
C6,SUGC,2045,5963.91,0,5963.91,1205.75,0,4758.16,394.624
C6,SUGC,2046,6015.6,0,6015.6,1223.83,0,4791.77,391.539
C6,SUGC,2047,6056,0,6056,1242.19,0,4813.81,387.527
C6,SUGC,2048,6087.22,0,6087.22,1260.82,0,4826.4,382.798
C6,SUGC,2049,6110.99,0,6110.99,1279.73,0,4831.25,377.52
C6,SUGC,2050,6128.74,0,6128.74,1298.93,0,4829.81,371.83
C6,SUGB,2023,108,0,108,108,0,0,0
C6,SUGB,2024,114,0,114,114,0,0,0
C6,SUGB,2025,114.232,0,114.232,114,0,0.232277,0.203752
C6,SUGB,2026,114.448,0,114.448,114,0,0.447737,0.392752
C6,SUGB,2027,114.645,0,114.645,114,0,0.645003,0.565792
C6,SUGB,2028,114.822,0,114.822,114,0,0.821923,0.720985
C6,SUGB,2029,114.977,0,114.977,114,0,0.977227,0.857217
C6,SUGB,2030,115.109,0,115.109,114,0,1.10884,0.972668
C6,SUGB,2031,115.214,0,115.214,114,0,1.21417,1.06506
C6,SUGB,2032,115.291,0,115.291,114,0,1.29149,1.13288
C6,SUGB,2033,115.337,0,115.337,114,0,1.33743,1.17319
C6,SUGB,2034,115.432,0,115.432,114,0,1.43248,1.25656
C6,SUGB,2035,115.49,0,115.49,114,0,1.49044,1.30741
C6,SUGB,2036,115.548,0,115.548,114,0,1.54844,1.35828
C6,SUGB,2037,115.606,0,115.606,114,0,1.60647,1.40918
C6,SUGB,2038,115.665,0,115.665,114,0,1.66453,1.46011
C6,SUGB,2039,115.723,0,115.723,114,0,1.72261,1.51106
C6,SUGB,2040,115.781,0,115.781,114,0,1.78073,1.56204
C6,SUGB,2041,115.839,0,115.839,114,0,1.83887,1.61304
C6,SUGB,2042,115.897,0,115.897,114,0,1.89704,1.66407
C6,SUGB,2043,115.955,0,115.955,114,0,1.95524,1.71513
C6,SUGB,2044,116.013,0,116.013,114,0,2.01347,1.76621
C6,SUGB,2045,116.072,0,116.072,114,0,2.07174,1.81731
C6,SUGB,2046,116.13,0,116.13,114,0,2.13002,1.86844
C6,SUGB,2047,116.188,0,116.188,114,0,2.18834,1.9196
C6,SUGB,2048,116.247,0,116.247,114,0,2.24669,1.97078
C6,SUGB,2049,116.305,0,116.305,114,0,2.30507,2.02199
C6,SUGB,2050,116.363,0,116.363,114,0,2.36348,2.07323
C6,FRTO,2023,32744.3,365.6,33109.9,33109.9,15628.1,0,0
C6,FRTO,2024,34500,109.86,34609.9,34609.9,16380,0,0
C6,FRTO,2025,34682.7,0,34682.7,34640.5,16400.2,42.1589,0.121704
C6,FRTO,2026,34862.3,0,34862.3,34657.8,16407.8,204.495,0.59004
C6,FRTO,2027,35038.7,0,35038.7,34677,16417.8,361.672,1.04297
C6,FRTO,2028,35211.1,0,35211.1,34683.9,16416.2,527.242,1.52013
C6,FRTO,2029,35379.4,0,35379.4,34685.3,16409.7,694.138,2.00125
C6,FRTO,2030,35543,0,35543,34673.9,16391.3,869.095,2.50649
C6,FRTO,2031,35701.1,0,35701.1,34667.9,16378.8,1033.24,2.98039
C6,FRTO,2032,35853.4,0,35853.4,34680.8,16385.5,1172.6,3.38112
C6,FRTO,2033,35999,0,35999,34680.9,16380.4,1318.1,3.80065
C6,FRTO,2034,36163.2,0,36163.2,34674.7,16363.4,1488.52,4.29281
C6,FRTO,2035,36319.4,0,36319.4,34669.9,16348.7,1649.5,4.75774
C6,FRTO,2036,36458.1,0,36458.1,34649.4,16278.7,1808.72,5.22007
C6,FRTO,2037,36582.7,0,36582.7,34614.5,16198.1,1968.27,5.68625
C6,FRTO,2038,36696,0,36696,34574.2,16115.2,2121.84,6.13706
C6,FRTO,2039,36800.3,0,36800.3,34526.1,16027,2274.19,6.58687
C6,FRTO,2040,36897.3,0,36897.3,34464,15927,2433.25,7.06026
C6,FRTO,2041,36988.5,0,36988.5,34392,15818.7,2596.44,7.54953
C6,FRTO,2042,37075,0,37075,34296.8,15688.8,2778.26,8.10064
C6,FRTO,2043,37157.9,0,37157.9,34197,15555.6,2960.88,8.6583
C6,FRTO,2044,37237.8,0,37237.8,34082.7,15409.1,3155.11,9.25721
C6,FRTO,2045,37315.4,0,37315.4,33968.2,15263.1,3347.22,9.85399
C6,FRTO,2046,37391.2,0,37391.2,33843.2,15107.4,3547.97,10.4836
C6,FRTO,2047,37465.5,0,37465.5,33714.3,14948.5,3751.18,11.1264
C6,FRTO,2048,37538.6,0,37538.6,33582.5,14787.3,3956.09,11.7802
C6,FRTO,2049,37610.9,0,37610.9,33439.9,14615.9,4171.05,12.4733
C6,FRTO,2050,37682.5,0,37682.5,33294,14441.7,4388.49,13.181
C6,VEGT,2023,82868.1,0,82868.1,81577.7,19187.1,1290.41,1.58182
C6,VEGT,2024,83696.8,0,83696.8,82264,20415.5,1432.82,1.74174
C6,VEGT,2025,84308.9,0,84308.9,82664.5,20442.7,1644.35,1.98918
C6,VEGT,2026,84861.6,0,84861.6,83051.4,20466.5,1810.21,2.17963
C6,VEGT,2027,85356.2,0,85356.2,83429.2,20494,1927.01,2.30975
C6,VEGT,2028,85792.8,0,85792.8,83778,20509,2014.78,2.40491
C6,VEGT,2029,86172.1,0,86172.1,84105.4,20518.7,2066.73,2.45731
C6,VEGT,2030,86493.9,0,86493.9,84397.8,20515.4,2096.15,2.48365
C6,VEGT,2031,86757.1,0,86757.1,84683.8,20527.3,2073.26,2.44824
C6,VEGT,2032,86961.4,0,86961.4,84971.4,20562,1989.94,2.34189
C6,VEGT,2033,87104.2,0,87104.2,85220.1,20584.1,1884.04,2.21079
C6,VEGT,2034,87184,0,87184,85428.6,20593.8,1755.4,2.05481
C6,VEGT,2035,87198.2,0,87198.2,85612.2,20607.1,1585.99,1.85253
C6,VEGT,2036,87130.6,0,87130.6,85703.6,20562.5,1427,1.66504
C6,VEGT,2037,86997.5,0,86997.5,85745.6,20504.8,1251.87,1.45998
C6,VEGT,2038,86812.4,0,86812.4,85755.2,20443.6,1057.16,1.23276
C6,VEGT,2039,86586,0,86586,85734,20375.4,851.981,0.993749
C6,VEGT,2040,86326.9,0,86326.9,85677.9,20292.5,649.008,0.757498
C6,VEGT,2041,86042,0,86042,85601,20205,441.036,0.515223
C6,VEGT,2042,85736.9,0,85736.9,85482.7,20091.1,254.23,0.297406
C6,VEGT,2043,85416.1,0,85416.1,85348,19972.1,68.0904,0.0797797
C6,VEGT,2044,85083,102.76,85185.7,85185.7,19836,2.32831e-10,2.73321e-13
C6,VEGT,2045,84740.5,274.312,85014.8,85014.8,19699.3,8.73115e-11,1.02702e-13
C6,VEGT,2046,84390.8,433.862,84824.7,84824.7,19551.3,2.91038e-11,3.43106e-14
C6,VEGT,2047,84035.8,586.69,84622.5,84622.5,19397.9,0,0
C6,VEGT,2048,83676.8,733.27,84410.1,84410.1,19240.2,1.45519e-11,1.72395e-14
C6,VEGT,2049,83315.1,862.426,84177.5,84177.5,19068.6,0,0
C6,VEGT,2050,82951.5,983.278,83934.8,83934.8,18892.1,-1.45519e-11,-1.73372e-14
C6,OTGR,2023,3739.7,384.9,4124.6,4124.6,217.92,6.36646e-12,1.54353e-13
C6,OTGR,2024,3815.6,192.67,4008.27,4008.27,164.532,1.36424e-12,3.40357e-14
C6,OTGR,2025,3816.35,200.901,4017.25,4017.25,163.681,4.54747e-13,1.13199e-14
C6,OTGR,2026,3817.1,211.645,4028.74,4028.74,162.988,-4.54747e-13,-1.12876e-14
C6,OTGR,2027,3817.85,223.803,4041.65,4041.65,162.327,1.81899e-12,4.50061e-14
C6,OTGR,2028,3818.6,236.864,4055.46,4055.46,161.58,1.81899e-12,4.48528e-14
C6,OTGR,2029,3819.35,251.453,4070.8,4070.8,160.792,-9.09495e-13,-2.23419e-14
C6,OTGR,2030,3820.1,266.823,4086.92,4086.92,159.915,-2.27374e-12,-5.56345e-14
C6,OTGR,2031,3820.85,276.573,4097.42,4097.42,159.259,-9.09495e-13,-2.21968e-14
C6,OTGR,2032,3821.6,285.34,4106.94,4106.94,158.735,-2.72848e-12,-6.6436e-14
C6,OTGR,2033,3822.35,294.593,4116.94,4116.94,158.128,0,0
C6,OTGR,2034,3825.85,301.625,4127.48,4127.48,157.439,-9.09495e-13,-2.20351e-14
C6,OTGR,2035,3829.36,309.244,4138.6,4138.6,156.764,2.72848e-12,6.59277e-14
C6,OTGR,2036,3832.86,316.052,4148.92,4148.92,155.87,-1.81899e-12,-4.38425e-14
C6,OTGR,2037,3836.38,321.889,4158.27,4158.27,154.898,1.81899e-12,4.37439e-14
C6,OTGR,2038,3839.89,327.066,4166.96,4166.96,153.899,-9.09495e-13,-2.18264e-14
C6,OTGR,2039,3843.41,331.693,4175.1,4175.1,152.854,-3.63798e-12,-8.71351e-14
C6,OTGR,2040,3846.93,335.839,4182.77,4182.77,151.716,-9.09495e-13,-2.17438e-14
C6,OTGR,2041,3850.46,339.714,4190.17,4190.17,150.646,9.09495e-13,2.17054e-14
C6,OTGR,2042,3853.98,343.063,4197.05,4197.05,149.419,9.09495e-13,2.16699e-14
C6,OTGR,2043,3857.51,346.123,4203.64,4203.64,148.157,0,0
C6,OTGR,2044,3861.05,348.812,4209.86,4209.86,146.791,9.09495e-13,2.16039e-14
C6,OTGR,2045,3864.59,351.184,4215.77,4215.77,145.415,9.09495e-13,2.15736e-14
C6,OTGR,2046,3868.13,353.31,4221.44,4221.44,143.993,9.09495e-13,2.15447e-14
C6,OTGR,2047,3871.67,355.23,4226.9,4226.9,142.531,-9.09495e-13,-2.15168e-14
C6,OTGR,2048,3875.22,356.968,4232.19,4232.19,141.038,-2.72848e-12,-6.44699e-14
C6,OTGR,2049,3878.77,358.432,4237.2,4237.2,139.455,0,0
C6,OTGR,2050,3882.32,359.714,4242.04,4242.04,137.834,1.81899e-12,4.28801e-14
C6,SORG,2023,318,485.8,803.8,803.8,67,-1.13687e-13,-1.41437e-14
C6,SORG,2024,314,865.5,1179.5,1179.5,65,0,0
C6,SORG,2025,314.35,864.949,1179.3,1179.3,64.656,4.54747e-13,3.85608e-14
C6,SORG,2026,314.624,865.124,1179.75,1179.75,64.3802,-4.54747e-13,-3.85462e-14
C6,SORG,2027,314.821,865.719,1180.54,1180.54,64.1247,6.82121e-13,5.77804e-14
C6,SORG,2028,314.94,866.589,1181.53,1181.53,63.8426,4.54747e-13,3.84881e-14
C6,SORG,2029,314.977,867.899,1182.88,1182.88,63.5524,4.54747e-13,3.84442e-14
C6,SORG,2030,314.931,869.456,1184.39,1184.39,63.2361,0,0
C6,SORG,2031,314.795,869.623,1184.42,1184.42,63.0163,2.27374e-13,1.91971e-14
C6,SORG,2032,314.568,869.599,1184.17,1184.17,62.8599,-2.27374e-13,-1.92011e-14
C6,SORG,2033,314.242,869.749,1183.99,1183.99,62.6817,0,0
C6,SORG,2034,313.812,870.075,1183.89,1183.89,62.4829,2.27374e-13,1.92057e-14
C6,SORG,2035,313.271,870.618,1183.89,1183.89,62.3035,2.27374e-13,1.92057e-14
C6,SORG,2036,312.633,871.208,1183.84,1183.84,62.0343,-4.54747e-13,-3.84129e-14
C6,SORG,2037,311.996,871.746,1183.74,1183.74,61.733,2.27374e-13,1.92081e-14
C6,SORG,2038,311.36,872.295,1183.65,1183.65,61.4201,0,0
C6,SORG,2039,310.725,872.864,1183.59,1183.59,61.0877,-2.27374e-13,-1.92105e-14
C6,SORG,2040,310.092,873.447,1183.54,1183.54,60.7169,4.54747e-13,3.84227e-14
C6,SORG,2041,309.46,874.105,1183.57,1183.57,60.3716,2.27374e-13,1.92109e-14
C6,SORG,2042,308.83,874.733,1183.56,1183.56,59.962,6.82121e-13,5.76329e-14
C6,SORG,2043,308.2,875.391,1183.59,1183.59,59.537,-2.27374e-13,-1.92105e-14
C6,SORG,2044,307.572,876.042,1183.61,1183.61,59.0684,-6.82121e-13,-5.76303e-14
C6,SORG,2045,306.945,876.699,1183.64,1183.64,58.5947,0,0
C6,SORG,2046,306.32,877.371,1183.69,1183.69,58.1004,0,0
C6,SORG,2047,305.696,878.06,1183.76,1183.76,57.5891,0,0
C6,SORG,2048,305.073,878.766,1183.84,1183.84,57.0635,2.27374e-13,1.92065e-14
C6,SORG,2049,304.451,879.454,1183.91,1183.91,56.4997,0,0
C6,SORG,2050,303.83,880.149,1183.98,1183.98,55.9191,-2.27374e-13,-1.92042e-14
C6,BARL,2023,200,1589.8,1789.8,1640,90.2,149.8,9.13415
C6,BARL,2024,200,1424,1624,1624,89.32,0,0
C6,BARL,2025,200.234,1417.72,1617.95,1617.95,88.8137,0,0
C6,BARL,2026,200.421,1411.92,1612.34,1612.34,88.4042,2.27374e-13,1.41021e-14
C6,BARL,2027,200.558,1406.4,1606.96,1606.96,88.0132,4.54747e-13,2.82987e-14
C6,BARL,2028,200.645,1401.02,1601.67,1601.67,87.5785,4.54747e-13,2.83921e-14
C6,BARL,2029,200.681,1395.97,1596.65,1596.65,87.1224,0,0
C6,BARL,2030,200.663,1391.03,1591.69,1591.69,86.6223,-2.27374e-13,-1.4285e-14
C6,BARL,2031,200.589,1385.39,1585.98,1585.98,86.2431,2.27374e-13,1.43365e-14
C6,BARL,2032,200.456,1379.81,1580.26,1580.26,85.9269,0,0
C6,BARL,2033,200.26,1374.36,1574.62,1574.62,85.5699,0,0
C6,BARL,2034,200.055,1369.01,1569.06,1569.06,85.1724,-6.82121e-13,-4.34732e-14
C6,BARL,2035,199.779,1363.9,1563.68,1563.68,84.7817,2.27374e-13,1.45409e-14
C6,BARL,2036,199.441,1359.48,1558.92,1558.92,84.2987,-2.27374e-13,-1.45854e-14
C6,BARL,2037,199.103,1355.67,1554.78,1554.78,83.7768,2.27374e-13,1.46242e-14
C6,BARL,2038,198.766,1352.49,1551.25,1551.25,83.2399,-6.82121e-13,-4.39723e-14
C6,BARL,2039,198.43,1349.83,1548.26,1548.26,82.6791,0,0
C6,BARL,2040,198.094,1347.61,1545.7,1545.7,82.0712,2.27374e-13,1.47101e-14
C6,BARL,2041,197.759,1345.87,1543.62,1543.62,81.506,0,0
C6,BARL,2042,197.424,1344.37,1541.79,1541.79,80.864,6.82121e-13,4.4242e-14
C6,BARL,2043,197.09,1343.2,1540.29,1540.29,80.2027,2.27374e-13,1.47618e-14
C6,BARL,2044,196.756,1342.23,1538.99,1538.99,79.4892,0,0
C6,BARL,2045,196.423,1341.51,1537.93,1537.93,78.7684,4.54747e-13,2.95688e-14
C6,BARL,2046,196.091,1340.96,1537.05,1537.05,78.0254,4.54747e-13,2.95856e-14
C6,BARL,2047,195.759,1340.58,1536.34,1536.34,77.2605,0,0
C6,BARL,2048,195.428,1340.34,1535.77,1535.77,76.477,2.27374e-13,1.48052e-14
C6,BARL,2049,195.097,1340.15,1535.25,1535.25,75.6465,0,0
C6,BARL,2050,194.767,1340.05,1534.81,1534.81,74.794,-4.54747e-13,-2.96288e-14
C6,PIGM,2023,5794,152.32,5946.32,5946.32,4546.55,9.09495e-13,1.52951e-14
C6,PIGM,2024,5706,104.23,5810.23,5810.23,4444.17,0,0
C6,PIGM,2025,5731.07,21.4946,5752.57,5752.57,4374.86,9.09495e-13,1.58102e-14
C6,PIGM,2026,5701.77,0,5701.77,5692.11,4305.65,9.66073,0.169721
C6,PIGM,2027,5675.42,0,5675.42,5627.65,4238.98,47.7677,0.848804
C6,PIGM,2028,5651.73,0,5651.73,5561.59,4170.73,90.1446,1.62084
C6,PIGM,2029,5630.44,0,5630.44,5495.37,4102.21,135.071,2.4579
C6,PIGM,2030,5611.32,0,5611.32,5427.68,4032.3,183.64,3.3834
C6,PIGM,2031,5601.57,0,5601.57,5363.02,3964.99,238.546,4.44797
C6,PIGM,2032,5586.72,0,5586.72,5302.22,3901.73,284.495,5.36559
C6,PIGM,2033,5573.62,0,5573.62,5240.42,3837.45,333.197,6.35821
C6,PIGM,2034,5562.14,0,5562.14,5177.7,3772.23,384.44,7.42492
C6,PIGM,2035,5552.18,0,5552.18,5116.02,3707.97,436.164,8.52545
C6,PIGM,2036,5543.15,0,5543.15,5055.34,3638.51,487.809,9.64938
C6,PIGM,2037,5535.76,0,5535.76,4994.5,3568.98,541.258,10.8371
C6,PIGM,2038,5529.69,0,5529.69,4933.68,3499.55,596.009,12.0804
C6,PIGM,2039,5524.66,0,5524.66,4872.58,3429.96,652.082,13.3827
C6,PIGM,2040,5520.47,0,5520.47,4810.37,3359.41,710.099,14.7618
C6,PIGM,2041,5516.94,0,5516.94,4748.67,3289.51,768.275,16.1788
C6,PIGM,2042,5513.95,0,5513.95,4685.52,3218.39,828.429,17.6806
C6,PIGM,2043,5511.38,0,5511.38,4622.43,3147.49,888.949,19.2312
C6,PIGM,2044,5509.14,0,5509.14,4558.33,3075.8,950.817,20.8589
C6,PIGM,2045,5507.18,0,5507.18,4494.75,3004.79,1012.43,22.5246
C6,PIGM,2046,5505.43,0,5505.43,4430.8,2933.63,1074.63,24.2536
C6,PIGM,2047,5503.85,0,5503.85,4367.04,2862.85,1136.81,26.0317
C6,PIGM,2048,5502.41,0,5502.41,4303.46,2792.47,1198.95,27.8601
C6,PIGM,2049,5501.08,0,5501.08,4239.19,2721.64,1261.89,29.7673
C6,PIGM,2050,5499.83,0,5499.83,4175.03,2651.15,1324.8,31.7315
C6,CATM,2023,753,273.73,1026.73,1026.73,925.67,0,0
C6,CATM,2024,779,287.41,1066.41,1066.41,954.39,0,0
C6,CATM,2025,747.119,303.926,1051.04,1051.04,943.609,2.27374e-13,2.16331e-14
C6,CATM,2026,752.254,287.486,1039.74,1039.74,931.566,0,0
C6,CATM,2027,757.094,272.063,1029.16,1029.16,920.287,-2.27374e-13,-2.20932e-14
C6,CATM,2028,761.998,255.939,1017.94,1017.94,908.362,-1.13687e-13,-1.11684e-14
C6,CATM,2029,770.967,236.236,1007.2,1007.2,896.338,4.54747e-13,4.51495e-14
C6,CATM,2030,780.079,215.839,995.918,995.918,883.743,1.13687e-13,1.14153e-14
C6,CATM,2031,789.342,195.574,984.916,984.916,871.409,-4.54747e-13,-4.61712e-14
C6,CATM,2032,798.761,176.844,975.605,975.605,860.744,4.54747e-13,4.66118e-14
C6,CATM,2033,808.344,157.591,965.935,965.935,849.696,1.13687e-13,1.17696e-14
C6,CATM,2034,818.099,137.855,955.955,955.955,838.312,-2.27374e-13,-2.3785e-14
C6,CATM,2035,828.035,118.366,946.401,946.401,827.33,1.13687e-13,1.20125e-14
C6,CATM,2036,837.401,96.4946,933.896,933.896,813.478,-4.54747e-13,-4.86936e-14
C6,CATM,2037,846.873,74.3496,921.222,921.222,799.442,5.68434e-13,6.17044e-14
C6,CATM,2038,856.451,51.9549,908.406,908.406,785.248,1.13687e-13,1.2515e-14
C6,CATM,2039,866.137,29.1882,895.325,895.325,770.775,0,0
C6,CATM,2040,875.932,5.7774,881.709,881.709,755.75,5.68434e-13,6.44696e-14
C6,CATM,2041,885.837,0,885.837,867.744,740.361,18.0934,2.08511
C6,CATM,2042,895.854,0,895.854,853.175,724.351,42.6791,5.00238
C6,CATM,2043,905.984,0,905.984,838.548,708.268,67.4361,8.04201
C6,CATM,2044,916.228,0,916.228,823.456,691.703,92.7718,11.2662
C6,CATM,2045,926.587,0,926.587,808.509,675.266,118.078,14.6044
C6,CATM,2046,937.063,0,937.063,793.307,658.557,143.756,18.1211
C6,CATM,2047,947.656,0,947.656,778.188,641.916,169.468,21.7772
C6,CATM,2048,958.369,0,958.369,763.14,625.327,195.23,25.5824
C6,CATM,2049,969.203,0,969.203,747.863,608.492,221.34,29.5963
C6,CATM,2050,980.159,0,980.159,732.672,591.725,247.487,33.7786
C6,SHGM,2023,531,43.24,574.24,574.24,501.279,0,0
C6,SHGM,2024,518,36.53,554.53,554.53,495.466,0,0
C6,SHGM,2025,520.85,28.2964,549.147,549.147,489.758,0,0
C6,SHGM,2026,523.723,19.6087,543.332,543.332,483.615,2.27374e-13,4.1848e-14
C6,SHGM,2027,526.619,11.3044,537.923,537.923,477.876,-3.41061e-13,-6.34032e-14
C6,SHGM,2028,529.538,2.7692,532.307,532.307,471.928,-2.27374e-13,-4.27147e-14
C6,SHGM,2029,532.248,0,532.248,526.644,465.955,5.60417,1.06413
C6,SHGM,2030,534.766,0,534.766,520.771,459.795,13.9957,2.6875
C6,SHGM,2031,537.111,0,537.111,514.904,453.661,22.2069,4.31282
C6,SHGM,2032,539.298,0,539.298,509.61,448.117,29.6878,5.82559
C6,SHGM,2033,541.342,0,541.342,504.203,442.478,37.1383,7.36573
C6,SHGM,2034,543.257,0,543.257,498.701,436.757,44.5558,8.93437
C6,SHGM,2035,545.057,0,545.057,493.329,431.179,51.729,10.4857
C6,SHGM,2036,547.063,0,547.063,487.072,424.694,59.9913,12.3167
C6,SHGM,2037,548.95,0,548.95,480.789,418.196,68.161,14.1769
C6,SHGM,2038,550.731,0,550.731,474.404,411.608,76.3269,16.089
C6,SHGM,2039,552.416,0,552.416,467.891,404.902,84.5249,18.0651
C6,SHGM,2040,554.271,0,554.271,461.19,397.99,93.0807,20.1827
C6,SHGM,2041,556.023,0,556.023,454.298,390.898,101.725,22.3917
C6,SHGM,2042,557.682,0,557.682,447.241,383.652,110.442,24.694
C6,SHGM,2043,559.258,0,559.258,440.111,376.343,119.146,27.0719
C6,SHGM,2044,560.757,0,560.757,432.797,368.857,127.961,29.566
C6,SHGM,2045,561.536,0,561.536,425.395,361.367,136.141,32.0034
C6,SHGM,2046,562.316,0,562.316,417.855,353.737,144.461,34.5722
C6,SHGM,2047,563.097,0,563.097,410.298,346.091,152.799,37.2411
C6,SHGM,2048,563.879,0,563.879,402.709,338.413,161.17,40.0215
C6,SHGM,2049,564.662,0,564.662,394.994,330.61,169.668,42.9545
C6,SHGM,2050,565.446,0,565.446,387.246,322.772,178.2,46.0172
C6,CHKM,2023,2609.25,74.7687,2684.02,2684.02,2423.09,9.09495e-13,3.38856e-14
C6,CHKM,2024,2637.39,20.6355,2658.03,2658.03,2394.29,-9.09495e-13,-3.42169e-14
C6,CHKM,2025,2727.89,0,2727.89,2712.95,2440.16,14.9424,0.550779
C6,CHKM,2026,2733.34,24.8228,2758.16,2758.16,2484.83,3.18323e-12,1.15411e-13
C6,CHKM,2027,2741.5,64.6279,2806.12,2806.12,2531.97,-1.36424e-12,-4.86166e-14
C6,CHKM,2028,2749.8,103.587,2853.38,2853.38,2578.4,-2.72848e-12,-9.56228e-14
C6,CHKM,2029,2758.25,142.835,2901.08,2901.08,2625.26,5.00222e-12,1.72426e-13
C6,CHKM,2030,2766.85,181.124,2947.98,2947.98,2671.29,5.00222e-12,1.69683e-13
C6,CHKM,2031,2775.64,220.863,2996.5,2996.5,2718.94,-2.72848e-12,-9.10556e-14
C6,CHKM,2032,2784.61,265.448,3050.06,3050.06,2771.6,1.36424e-12,4.47284e-14
C6,CHKM,2033,2793.79,309.614,3103.41,3103.41,2824.03,2.27374e-12,7.32658e-14
C6,CHKM,2034,2803.2,353.38,3156.58,3156.58,2876.26,-3.63798e-12,-1.15251e-13
C6,CHKM,2035,2812.85,398.833,3211.68,3211.68,2930.39,4.54747e-13,1.41592e-14
C6,CHKM,2036,2831.01,427.641,3258.65,3258.65,2975.55,3.63798e-12,1.11641e-13
C6,CHKM,2037,2847.25,457.612,3304.86,3304.86,3020.14,2.72848e-12,8.25597e-14
C6,CHKM,2038,2862.56,487.861,3350.42,3350.42,3064.17,4.54747e-13,1.35728e-14
C6,CHKM,2039,2877.44,517.44,3394.88,3394.88,3107.14,1.36424e-12,4.01853e-14
C6,CHKM,2040,2892.14,544.975,3437.11,3437.11,3147.9,-1.36424e-12,-3.96915e-14
C6,CHKM,2041,2906.78,570.85,3477.63,3477.63,3186.95,4.54747e-13,1.30764e-14
C6,CHKM,2042,2921.42,593.675,3515.1,3515.1,3222.95,-1.36424e-12,-3.88109e-14
C6,CHKM,2043,2936.1,615.261,3551.37,3551.37,3257.76,-2.27374e-12,-6.40243e-14
C6,CHKM,2044,2950.84,633.807,3584.65,3584.65,3289.57,4.09273e-12,1.14174e-13
C6,CHKM,2045,2965.65,651.551,3617.2,3617.2,3320.63,-2.72848e-12,-7.54309e-14
C6,CHKM,2046,2980.51,666.62,3647.14,3647.14,3349.08,-6.82121e-12,-1.87029e-13
C6,CHKM,2047,2995.45,680.279,3675.73,3675.73,3376.19,3.63798e-12,9.89729e-14
C6,CHKM,2048,3010.46,692.364,3702.83,3702.83,3401.78,9.09495e-13,2.45622e-14
C6,CHKM,2049,3025.55,701.265,3726.81,3726.81,3424.26,-3.18323e-12,-8.54143e-14
C6,CHKM,2050,3040.7,708.272,3748.98,3748.98,3444.91,9.09495e-13,2.42598e-14
C6,EGGS,2023,3028.55,0,3028.55,3011.87,2383.06,16.68,0.553809
C6,EGGS,2024,3049.8,0,3049.8,3031.91,2386.64,17.8911,0.590095
C6,EGGS,2025,3064.17,0,3064.17,3029.86,2375.51,34.3096,1.13238
C6,EGGS,2026,3076.52,0,3076.52,3026.88,2363.55,49.6434,1.64009
C6,EGGS,2027,3087.18,0,3087.18,3024.34,2352.05,62.8422,2.07789
C6,EGGS,2028,3096.41,0,3096.41,3020.35,2339.14,76.0564,2.51813
C6,EGGS,2029,3104.45,0,3104.45,3015.82,2325.6,88.6339,2.93897
C6,EGGS,2030,3111.51,0,3111.51,3009.87,2310.67,101.641,3.37693
C6,EGGS,2031,3117.77,0,3117.77,3005.21,2296.96,112.558,3.74542
C6,EGGS,2032,3123.39,0,3123.39,3002.97,2285.53,120.419,4.00999
C6,EGGS,2033,3128.5,0,3128.5,2999.47,2272.77,129.029,4.30174
C6,EGGS,2034,3133.22,0,3133.22,2994.76,2258.72,138.462,4.62346
C6,EGGS,2035,3137.68,0,3137.68,2990.51,2245,147.175,4.9214
C6,EGGS,2036,3122.82,0,3122.82,2984.18,2230.04,138.645,4.646
C6,EGGS,2037,3107.57,0,3107.57,2976.23,2213.87,131.346,4.41318
C6,EGGS,2038,3092.02,0,3092.02,2967.54,2197.34,124.486,4.19494
C6,EGGS,2039,3076.25,0,3076.25,2957.81,2180.14,118.442,4.00438
C6,EGGS,2040,3060.33,0,3060.33,2946.33,2161.54,114.004,3.86937
C6,EGGS,2041,3044.31,0,3044.31,2933.98,2142.38,110.329,3.76039
C6,EGGS,2042,3028.21,0,3028.21,2918.89,2120.83,109.32,3.74527
C6,EGGS,2043,3012.09,0,3012.09,2903.09,2098.85,108.996,3.75449
C6,EGGS,2044,2995.95,0,2995.95,2885.47,2075.35,110.482,3.8289
C6,EGGS,2045,2979.83,0,2979.83,2867.6,2051.85,112.232,3.9138
C6,EGGS,2046,2963.73,0,2963.73,2848.44,2027.33,115.289,4.04744
C6,EGGS,2047,2947.67,0,2947.67,2828.62,2002.38,119.056,4.20897
C6,EGGS,2048,2931.66,0,2931.66,2808.24,1977.1,123.426,4.39513
C6,EGGS,2049,2915.71,0,2915.71,2786.41,1950.62,129.306,4.64059
C6,EGGS,2050,2899.82,0,2899.82,2763.97,1923.76,135.851,4.91508
C6,MILK,2023,4197,1694.13,5891.13,5891.13,5223.43,-9.09495e-13,-1.54384e-14
C6,MILK,2024,4079,1555.36,5634.36,5634.36,4998.61,0,0
C6,MILK,2025,3962.98,1797.15,5760.13,5760.13,5142.47,-2.72848e-12,-4.73684e-14
C6,MILK,2026,4076.9,1846.76,5923.65,5923.65,5288.24,9.09495e-13,1.53536e-14
C6,MILK,2027,4194.25,1900.63,6094.88,6094.88,5441.17,-9.09495e-13,-1.49223e-14
C6,MILK,2028,4315.16,1951.63,6266.79,6266.79,5594.24,-3.63798e-12,-5.80517e-14
C6,MILK,2029,4439.77,2002.15,6441.91,6441.91,5749.94,0,0
C6,MILK,2030,4568.19,2049.48,6617.67,6617.67,5905.68,-2.72848e-12,-4.12303e-14
C6,MILK,2031,4613.62,2175.02,6788.64,6788.64,6069.57,1.81899e-12,2.67946e-14
C6,MILK,2032,4659.77,2313.3,6973.07,6973.07,6246.81,-9.09495e-13,-1.3043e-14
C6,MILK,2033,4706.69,2452.66,7159.35,7159.35,6425.77,9.09495e-13,1.27036e-14
C6,MILK,2034,4754.41,2593.07,7347.47,7347.47,6606.46,-4.54747e-12,-6.18917e-14
C6,MILK,2035,4802.98,2739.37,7542.35,7542.35,6793.76,-9.09495e-13,-1.20585e-14
C6,MILK,2036,4843.47,2876.87,7720.34,7720.34,6965.45,2.72848e-12,3.53415e-14
C6,MILK,2037,4876.93,3021.08,7898.01,7898.01,7137.9,-1.81899e-12,-2.3031e-14
C6,MILK,2038,4904.66,3170.85,8075.51,8075.51,7311.08,3.63798e-12,4.50495e-14
C6,MILK,2039,4927.77,3323.99,8251.76,8251.76,7483.73,-1.81899e-12,-2.20437e-14
C6,MILK,2040,4947.13,3476.85,8423.98,8423.98,7652.93,5.45697e-12,6.4779e-14
C6,MILK,2041,4963.49,3633.25,8596.74,8596.74,7823.14,5.45697e-12,6.34772e-14
C6,MILK,2042,4977.41,3786.12,8763.53,8763.53,7987.76,-5.45697e-12,-6.2269e-14
C6,MILK,2043,4989.39,3939.49,8928.87,8928.87,8151.24,-1.09139e-11,-1.22232e-13
C6,MILK,2044,4999.79,4088.37,9088.16,9088.16,8308.9,-5.45697e-12,-6.00448e-14
C6,MILK,2045,5008.94,4238.08,9247.02,9247.02,8466.34,-1.81899e-12,-1.96711e-14
C6,MILK,2046,5017.08,4384.58,9401.66,9401.66,8619.71,-1.81899e-12,-1.93475e-14
C6,MILK,2047,5024.41,4529.83,9554.24,9554.24,8771.15,-5.45697e-12,-5.71157e-14
C6,MILK,2048,5031.09,4673.15,9704.24,9704.24,8920.11,-1.81899e-12,-1.87443e-14
C6,MILK,2049,5037.26,4810.01,9847.26,9847.26,9062.17,7.27596e-12,7.38881e-14
C6,MILK,2050,5043,4943.58,9986.58,9986.58,9200.59,-7.27596e-12,-7.28573e-14
C6,FISH,2023,7116.2,296,7412.2,7412.2,3132.04,0,0
C6,FISH,2024,7366,269,7635,7635,3204.13,0,0
C6,FISH,2025,7453.32,323.472,7776.79,7776.79,3280.94,4.54747e-12,5.84749e-14
C6,FISH,2026,7540.81,376.173,7916.99,7916.99,3355.84,-9.09495e-13,-1.14879e-14
C6,FISH,2027,7628.49,432.181,8060.67,8060.67,3433.65,-9.09495e-13,-1.12831e-14
C6,FISH,2028,7716.36,488.836,8205.2,8205.2,3511.76,0,0
C6,FISH,2029,7804.43,547.773,8352.2,8352.2,3591.33,-5.45697e-12,-6.53357e-14
C6,FISH,2030,7892.71,607.298,8500.01,8500.01,3671.25,7.27596e-12,8.55994e-14
C6,FISH,2031,7981.22,669.554,8650.77,8650.77,3753.2,0,0
C6,FISH,2032,8069.98,739.27,8809.24,8809.24,3841.54,3.63798e-12,4.12973e-14
C6,FISH,2033,8159,810.589,8969.59,8969.59,3930.88,1.81899e-12,2.02795e-14
C6,FISH,2034,8248.33,883.657,9131.99,9131.99,4021.33,1.81899e-12,1.99189e-14
C6,FISH,2035,8333.86,965.072,9298.93,9298.93,4115.77,-5.45697e-12,-5.86838e-14
C6,FISH,2036,8405.51,1058.81,9464.32,9464.32,4198.12,-1.81899e-12,-1.92194e-14
C6,FISH,2037,8461.78,1165.25,9627.03,9627.03,4279.68,-1.81899e-12,-1.88946e-14
C6,FISH,2038,8505.54,1283.42,9788.96,9788.96,4361.84,0,0
C6,FISH,2039,8539.17,1410.62,9949.79,9949.79,4443.95,3.63798e-12,3.65634e-14
C6,FISH,2040,8564.61,1543.54,10108.1,10108.1,4524.48,5.45697e-12,5.39859e-14
C6,FISH,2041,8583.44,1680.33,10263.8,10263.8,4602.83,-3.63798e-12,-3.54449e-14
C6,FISH,2042,8596.97,1817.81,10414.8,10414.8,4677.24,-3.63798e-12,-3.49309e-14
C6,FISH,2043,8606.22,1959.03,10565.3,10565.3,4751.4,3.63798e-12,3.44334e-14
C6,FISH,2044,8612.05,2100.67,10712.7,10712.7,4822.87,1.81899e-12,1.69797e-14
C6,FISH,2045,8615.13,2245.4,10860.5,10860.5,4894.71,5.45697e-12,5.02459e-14
C6,FISH,2046,8616.01,2389.61,11005.6,11005.6,4963.98,5.45697e-12,4.95835e-14
C6,FISH,2047,8615.13,2534.7,11149.8,11149.8,5032.41,0,0
C6,FISH,2048,8612.83,2680.5,11293.3,11293.3,5100.11,5.45697e-12,4.83203e-14
C6,FISH,2049,8609.42,2824.28,11433.7,11433.7,5164.83,-1.81899e-12,-1.5909e-14
C6,FISH,2050,8605.1,2967.72,11572.8,11572.8,5228.32,1.81899e-12,1.57178e-14
