crop,province,year,variable,unit,value,source
corn,全国平均,2006,主产品产值,元,536.88,xls:2007/2-06-1.xls
corn,全国平均,2006,主产品产量,公斤,423.5,xls:2007/2-06-1.xls
corn,全国平均,2006,产值合计,元,556.53,xls:2007/2-06-1.xls
corn,全国平均,2006,人工成本,元,149.94,xls:2007/2-06-1.xls
corn,全国平均,2006,保险费,元,0.06,xls:2007/2-06-2.xls
corn,全国平均,2006,修理维护费,元,1.28,xls:2007/2-06-2.xls
corn,全国平均,2006,其他直接费用,元,0.2,xls:2007/2-06-2.xls
corn,全国平均,2006,农家肥费,元,9.8,xls:2007/2-06-2.xls
corn,全国平均,2006,农膜费,元,2.57,xls:2007/2-06-2.xls
corn,全国平均,2006,农药费,元,6.6,xls:2007/2-06-2.xls
corn,全国平均,2006,劳动日工价,元/日,16.9,xls:2007/2-06-2.xls
corn,全国平均,2006,化肥费,元,85.2,xls:2007/2-06-2.xls
corn,全国平均,2006,固定资产折旧,元,3.04,xls:2007/2-06-2.xls
corn,全国平均,2006,土地成本,元,73.45,xls:2007/2-06-1.xls
corn,全国平均,2006,家庭用工天数,日,8.32,xls:2007/2-06-2.xls
corn,全国平均,2006,家庭用工折价,元,140.61,xls:2007/2-06-1.xls
corn,全国平均,2006,工具材料费,元,2.06,xls:2007/2-06-2.xls
corn,全国平均,2006,平均出售价格,元/50公斤,63.39,xls:2007/2-06-1.xls
corn,全国平均,2006,总成本,元,411.77,xls:2007/2-06-1.xls
corn,全国平均,2006,技术服务费,元,0.08,xls:2007/2-06-2.xls
corn,全国平均,2006,排灌费,元,11.36,xls:2007/2-06-2.xls
corn,全国平均,2006,机械作业费,元,28.96,xls:2007/2-06-2.xls
corn,全国平均,2006,每亩农膜用量,公斤,0.21,xls:2007/2-06-2.xls
corn,全国平均,2006,每亩化肥折纯用量,公斤,20.05,xls:2007/2-06-3.xls
corn,全国平均,2006,每亩化肥用量,公斤,20.05,xls:2007/2-06-2.xls
corn,全国平均,2006,每亩用工数量,日,8.67,xls:2007/2-06-1.xls
corn,全国平均,2006,每亩种子用量,公斤,2.73,xls:2007/2-06-2.xls
corn,全国平均,2006,流转地租金,元,5.57,xls:2007/2-06-1.xls
corn,全国平均,2006,燃料动力费,元,0.32,xls:2007/2-06-2.xls
corn,全国平均,2006,物质与服务费用,元,188.38,xls:2007/2-06-1.xls
corn,全国平均,2006,生产成本,元,338.32,xls:2007/2-06-1.xls
corn,全国平均,2006,畜力费,元,9.09,xls:2007/2-06-2.xls
corn,全国平均,2006,种子费,元,25.89,xls:2007/2-06-2.xls
corn,全国平均,2006,管理费,元,0.32,xls:2007/2-06-2.xls
corn,全国平均,2006,自营地折租,元,67.88,xls:2007/2-06-1.xls
corn,全国平均,2006,财务费,元,0.21,xls:2007/2-06-2.xls
corn,全国平均,2006,销售费,元,1.34,xls:2007/2-06-2.xls
corn,全国平均,2006,雇工天数,日,0.35,xls:2007/2-06-2.xls
corn,全国平均,2006,雇工工价,元/日,26.66,xls:2007/2-06-2.xls
corn,全国平均,2006,雇工费用,元,9.33,xls:2007/2-06-1.xls
corn,全国平均,2007,主产品产值,元,631.55,xls:2008/2-06-1.xls
corn,全国平均,2007,主产品产量,公斤,422.4,xls:2008/2-06-1.xls
corn,全国平均,2007,产值合计,元,650.52,xls:2008/2-06-1.xls
corn,全国平均,2007,人工成本,元,159.78,xls:2008/2-06-1.xls
corn,全国平均,2007,保险费,元,0.16,xls:2008/2-06-2.xls
corn,全国平均,2007,修理维护费,元,1.27,xls:2008/2-06-2.xls
corn,全国平均,2007,其他直接费用,元,0.12,xls:2008/2-06-2.xls
corn,全国平均,2007,农家肥费,元,8.66,xls:2008/2-06-2.xls
corn,全国平均,2007,农膜费,元,2.62,xls:2008/2-06-2.xls
corn,全国平均,2007,农药费,元,7.96,xls:2008/2-06-2.xls
corn,全国平均,2007,劳动日工价,元/日,18.7,xls:2008/2-06-2.xls
corn,全国平均,2007,化肥费,元,88.43,xls:2008/2-06-2.xls
corn,全国平均,2007,固定资产折旧,元,2.76,xls:2008/2-06-2.xls
corn,全国平均,2007,土地成本,元,91.18,xls:2008/2-06-1.xls
corn,全国平均,2007,家庭用工天数,日,7.91,xls:2008/2-06-2.xls
corn,全国平均,2007,家庭用工折价,元,147.92,xls:2008/2-06-1.xls
corn,全国平均,2007,工具材料费,元,2.1,xls:2008/2-06-2.xls
corn,全国平均,2007,平均出售价格,元/50公斤,74.76,xls:2008/2-06-1.xls
corn,全国平均,2007,总成本,元,449.7,xls:2008/2-06-1.xls
corn,全国平均,2007,技术服务费,元,0.03,xls:2008/2-06-2.xls
corn,全国平均,2007,排灌费,元,12.5,xls:2008/2-06-2.xls
corn,全国平均,2007,机械作业费,元,34.34,xls:2008/2-06-2.xls
corn,全国平均,2007,每亩农膜用量,公斤,0.19,xls:2008/2-06-2.xls
corn,全国平均,2007,每亩化肥折纯用量,公斤,20.83,xls:2008/2-06-3.xls
corn,全国平均,2007,每亩化肥用量,公斤,20.83,xls:2008/2-06-2.xls
corn,全国平均,2007,每亩用工数量,日,8.29,xls:2008/2-06-1.xls
corn,全国平均,2007,每亩种子用量,公斤,2.78,xls:2008/2-06-2.xls
corn,全国平均,2007,流转地租金,元,6.47,xls:2008/2-06-1.xls
corn,全国平均,2007,燃料动力费,元,0.03,xls:2008/2-06-2.xls
corn,全国平均,2007,物质与服务费用,元,198.74,xls:2008/2-06-1.xls
corn,全国平均,2007,生产成本,元,358.52,xls:2008/2-06-1.xls
corn,全国平均,2007,畜力费,元,8.8,xls:2008/2-06-2.xls
corn,全国平均,2007,种子费,元,26.92,xls:2008/2-06-2.xls
corn,全国平均,2007,管理费,元,0.32,xls:2008/2-06-2.xls
corn,全国平均,2007,自营地折租,元,84.71,xls:2008/2-06-1.xls
corn,全国平均,2007,财务费,元,0.21,xls:2008/2-06-2.xls
corn,全国平均,2007,销售费,元,1.51,xls:2008/2-06-2.xls
corn,全国平均,2007,雇工天数,日,0.38,xls:2008/2-06-2.xls
corn,全国平均,2007,雇工工价,元/日,31.21,xls:2008/2-06-2.xls
corn,全国平均,2007,雇工费用,元,11.86,xls:2008/2-06-1.xls
corn,全国平均,2008,主产品产值,元,662.75,xls:2009/20601.xls
corn,全国平均,2008,主产品产量,公斤,457.2,xls:2009/20601.xls
corn,全国平均,2008,产值合计,元,682.67,xls:2009/20601.xls
corn,全国平均,2008,人工成本,元,176.98,xls:2009/20601.xls
corn,全国平均,2008,保险费,元,0.15,xls:2009/20602.xls
corn,全国平均,2008,修理维护费,元,1.28,xls:2009/20602.xls
corn,全国平均,2008,其他直接费用,元,0.02,xls:2009/20602.xls
corn,全国平均,2008,农家肥费,元,9.65,xls:2009/20602.xls
corn,全国平均,2008,农膜费,元,2.87,xls:2009/20602.xls
corn,全国平均,2008,农药费,元,9.59,xls:2009/20602.xls
corn,全国平均,2008,劳动日工价,元/日,21.6,xls:2009/20602.xls
corn,全国平均,2008,化肥费,元,120.6,xls:2009/20602.xls
corn,全国平均,2008,固定资产折旧,元,3.17,xls:2009/20602.xls
corn,全国平均,2008,土地成本,元,103.16,xls:2009/20601.xls
corn,全国平均,2008,家庭用工天数,日,7.54,xls:2009/20602.xls
corn,全国平均,2008,家庭用工折价,元,162.86,xls:2009/20601.xls
corn,全国平均,2008,工具材料费,元,2.34,xls:2009/20602.xls
corn,全国平均,2008,平均出售价格,元/50公斤,72.48,xls:2009/20601.xls
corn,全国平均,2008,总成本,元,523.45,xls:2009/20601.xls
corn,全国平均,2008,技术服务费,元,0.02,xls:2009/20602.xls
corn,全国平均,2008,排灌费,元,9.72,xls:2009/20602.xls
corn,全国平均,2008,机械作业费,元,43.13,xls:2009/20602.xls
corn,全国平均,2008,每亩农膜用量,公斤,0.2,xls:2009/20602.xls
corn,全国平均,2008,每亩化肥折纯用量,公斤,20.3,xls:2009/20603.xls
corn,全国平均,2008,每亩化肥用量,公斤,20.3,xls:2009/20602.xls
corn,全国平均,2008,每亩用工数量,日,7.9,xls:2009/20601.xls
corn,全国平均,2008,每亩种子用量,公斤,2.64,xls:2009/20602.xls
corn,全国平均,2008,流转地租金,元,8.48,xls:2009/20601.xls
corn,全国平均,2008,燃料动力费,元,0.01,xls:2009/20602.xls
corn,全国平均,2008,物质与服务费用,元,243.31,xls:2009/20601.xls
corn,全国平均,2008,生产成本,元,420.29,xls:2009/20601.xls
corn,全国平均,2008,畜力费,元,10.27,xls:2009/20602.xls
corn,全国平均,2008,种子费,元,28.49,xls:2009/20602.xls
corn,全国平均,2008,管理费,元,0.43,xls:2009/20602.xls
corn,全国平均,2008,自营地折租,元,94.68,xls:2009/20601.xls
corn,全国平均,2008,财务费,元,0.19,xls:2009/20602.xls
corn,全国平均,2008,销售费,元,1.38,xls:2009/20602.xls
corn,全国平均,2008,雇工天数,日,0.36,xls:2009/20602.xls
corn,全国平均,2008,雇工工价,元/日,39.22,xls:2009/20602.xls
corn,全国平均,2008,雇工费用,元,14.12,xls:2009/20601.xls
corn,全国平均,2009,主产品产值,元,705.17,xls:2010/020601.xls
corn,全国平均,2009,主产品产量,公斤,429.94,xls:2010/020601.xls
corn,全国平均,2009,产值合计,元,726.47,xls:2010/020601.xls
corn,全国平均,2009,人工成本,元,192.61,xls:2010/020601.xls
corn,全国平均,2009,保险费,元,0.9,xls:2010/020602.xls
corn,全国平均,2009,修理维护费,元,1.09,xls:2010/020602.xls
corn,全国平均,2009,其他直接费用,元,0.01,xls:2010/020602.xls
corn,全国平均,2009,农家肥费,元,9.14,xls:2010/020602.xls
corn,全国平均,2009,农膜费,元,2.59,xls:2010/020602.xls
corn,全国平均,2009,农药费,元,9.95,xls:2010/020602.xls
corn,全国平均,2009,劳动日工价,元/日,24.8,xls:2010/020602.xls
corn,全国平均,2009,化肥费,元,109.08,xls:2010/020602.xls
corn,全国平均,2009,固定资产折旧,元,2.79,xls:2010/020602.xls
corn,全国平均,2009,土地成本,元,117.44,xls:2010/020601.xls
corn,全国平均,2009,家庭用工天数,日,7.19,xls:2010/020602.xls
corn,全国平均,2009,家庭用工折价,元,178.39,xls:2010/020601.xls
corn,全国平均,2009,工具材料费,元,2.58,xls:2010/020602.xls
corn,全国平均,2009,平均出售价格,元/50公斤,82.01,xls:2010/020601.xls
corn,全国平均,2009,总成本,元,551.1,xls:2010/020601.xls
corn,全国平均,2009,技术服务费,元,0.04,xls:2010/020602.xls
corn,全国平均,2009,排灌费,元,12.16,xls:2010/020602.xls
corn,全国平均,2009,机械作业费,元,47.31,xls:2010/020602.xls
corn,全国平均,2009,每亩农膜用量,公斤,0.22,xls:2010/020602.xls
corn,全国平均,2009,每亩化肥折纯用量,公斤,21.38,xls:2010/020603.xls
corn,全国平均,2009,每亩化肥用量,公斤,21.38,xls:2010/020602.xls
corn,全国平均,2009,每亩用工数量,日,7.5,xls:2010/020601.xls
corn,全国平均,2009,每亩种子用量,公斤,2.63,xls:2010/020602.xls
corn,全国平均,2009,流转地租金,元,9.09,xls:2010/020601.xls
corn,全国平均,2009,燃料动力费,元,0.31,xls:2010/020602.xls
corn,全国平均,2009,物质与服务费用,元,241.05,xls:2010/020601.xls
corn,全国平均,2009,生产成本,元,433.66,xls:2010/020601.xls
corn,全国平均,2009,畜力费,元,9.49,xls:2010/020602.xls
corn,全国平均,2009,种子费,元,31.93,xls:2010/020602.xls
corn,全国平均,2009,管理费,元,0.38,xls:2010/020602.xls
corn,全国平均,2009,自营地折租,元,108.35,xls:2010/020601.xls
corn,全国平均,2009,财务费,元,0.2,xls:2010/020602.xls
corn,全国平均,2009,销售费,元,1.1,xls:2010/020602.xls
corn,全国平均,2009,雇工天数,日,0.31,xls:2010/020602.xls
corn,全国平均,2009,雇工工价,元/日,46.02,xls:2010/020602.xls
corn,全国平均,2009,雇工费用,元,14.22,xls:2010/020601.xls
corn,全国平均,2010,主产品产值,元,847.75,xls:2011/020601.xls
corn,全国平均,2010,主产品产量,公斤,452.74,xls:2011/020601.xls
corn,全国平均,2010,产值合计,元,872.28,xls:2011/020601.xls
corn,全国平均,2010,人工成本,元,235.1,xls:2011/020601.xls
corn,全国平均,2010,保险费,元,1.74,xls:2011/020602.xls
corn,全国平均,2010,修理维护费,元,1.11,xls:2011/020602.xls
corn,全国平均,2010,其他直接费用,元,0.01,xls:2011/020602.xls
corn,全国平均,2010,农家肥费,元,10.16,xls:2011/020602.xls
corn,全国平均,2010,农膜费,元,3.12,xls:2011/020602.xls
corn,全国平均,2010,农药费,元,10.93,xls:2011/020602.xls
corn,全国平均,2010,劳动日工价,元/日,31.3,xls:2011/020602.xls
corn,全国平均,2010,化肥费,元,108.39,xls:2011/020602.xls
corn,全国平均,2010,固定资产折旧,元,2.67,xls:2011/020602.xls
corn,全国平均,2010,土地成本,元,136.95,xls:2011/020601.xls
corn,全国平均,2010,家庭用工天数,日,7.04,xls:2011/020602.xls
corn,全国平均,2010,家庭用工折价,元,220.35,xls:2011/020601.xls
corn,全国平均,2010,工具材料费,元,2.83,xls:2011/020602.xls
corn,全国平均,2010,平均出售价格,元/50公斤,93.62,xls:2011/020601.xls
corn,全国平均,2010,总成本,元,632.59,xls:2011/020601.xls
corn,全国平均,2010,技术服务费,元,0.04,xls:2011/020602.xls
corn,全国平均,2010,排灌费,元,12.16,xls:2011/020602.xls
corn,全国平均,2010,机械作业费,元,58.12,xls:2011/020602.xls
corn,全国平均,2010,每亩农膜用量,公斤,0.24,xls:2011/020602.xls
corn,全国平均,2010,每亩化肥折纯用量,公斤,22.51,xls:2011/020603.xls
corn,全国平均,2010,每亩化肥用量,公斤,22.51,xls:2011/020602.xls
corn,全国平均,2010,每亩用工数量,日,7.33,xls:2011/020601.xls
corn,全国平均,2010,每亩种子用量,公斤,2.45,xls:2011/020602.xls
corn,全国平均,2010,流转地租金,元,12.57,xls:2011/020601.xls
corn,全国平均,2010,燃料动力费,元,0.21,xls:2011/020602.xls
corn,全国平均,2010,物质与服务费用,元,260.54,xls:2011/020601.xls
corn,全国平均,2010,生产成本,元,495.64,xls:2011/020601.xls
corn,全国平均,2010,畜力费,元,8.85,xls:2011/020602.xls
corn,全国平均,2010,种子费,元,38.34,xls:2011/020602.xls
corn,全国平均,2010,管理费,元,0.83,xls:2011/020602.xls
corn,全国平均,2010,自营地折租,元,124.38,xls:2011/020601.xls
corn,全国平均,2010,财务费,元,0.08,xls:2011/020602.xls
corn,全国平均,2010,销售费,元,0.95,xls:2011/020602.xls
corn,全国平均,2010,雇工天数,日,0.28,xls:2011/020602.xls
corn,全国平均,2010,雇工工价,元/日,52.1,xls:2011/020602.xls
corn,全国平均,2010,雇工费用,元,14.75,xls:2011/020601.xls
corn,全国平均,2011,主产品产值,元,1001.85,xls:2012/020601.xls
corn,全国平均,2011,主产品产量,公斤,472.24,xls:2012/020601.xls
corn,全国平均,2011,产值合计,元,1027.32,xls:2012/020601.xls
corn,全国平均,2011,人工成本,元,295.49,xls:2012/020601.xls
corn,全国平均,2011,保险费,元,3.06,xls:2012/020602.xls
corn,全国平均,2011,修理维护费,元,1.24,xls:2012/020602.xls
corn,全国平均,2011,农家肥费,元,12.04,xls:2012/020602.xls
corn,全国平均,2011,农膜费,元,3.75,xls:2012/020602.xls
corn,全国平均,2011,农药费,元,12.23,xls:2012/020602.xls
corn,全国平均,2011,劳动日工价,元/日,40.0,xls:2012/020602.xls
corn,全国平均,2011,化肥费,元,129.53,xls:2012/020602.xls
corn,全国平均,2011,固定资产折旧,元,2.75,xls:2012/020602.xls
corn,全国平均,2011,土地成本,元,160.29,xls:2012/020601.xls
corn,全国平均,2011,家庭用工天数,日,6.91,xls:2012/020602.xls
corn,全国平均,2011,家庭用工折价,元,276.28,xls:2012/020601.xls
corn,全国平均,2011,工具材料费,元,3.27,xls:2012/020602.xls
corn,全国平均,2011,平均出售价格,元/50公斤,106.07,xls:2012/020601.xls
corn,全国平均,2011,总成本,元,764.23,xls:2012/020601.xls
corn,全国平均,2011,技术服务费,元,0.04,xls:2012/020602.xls
corn,全国平均,2011,排灌费,元,14.25,xls:2012/020602.xls
corn,全国平均,2011,机械作业费,元,70.15,xls:2012/020602.xls
corn,全国平均,2011,每亩农膜用量,公斤,0.29,xls:2012/020602.xls
corn,全国平均,2011,每亩化肥折纯用量,公斤,22.51,xls:2012/020603.xls
corn,全国平均,2011,每亩化肥用量,公斤,22.51,xls:2012/020602.xls
corn,全国平均,2011,每亩用工数量,日,7.18,xls:2012/020601.xls
corn,全国平均,2011,每亩种子用量,公斤,2.37,xls:2012/020602.xls
corn,全国平均,2011,流转地租金,元,13.62,xls:2012/020601.xls
corn,全国平均,2011,燃料动力费,元,0.1,xls:2012/020602.xls
corn,全国平均,2011,物质与服务费用,元,308.45,xls:2012/020601.xls
corn,全国平均,2011,生产成本,元,603.94,xls:2012/020601.xls
corn,全国平均,2011,畜力费,元,8.82,xls:2012/020602.xls
corn,全国平均,2011,种子费,元,45.56,xls:2012/020602.xls
corn,全国平均,2011,管理费,元,0.85,xls:2012/020602.xls
corn,全国平均,2011,自营地折租,元,146.67,xls:2012/020601.xls
corn,全国平均,2011,财务费,元,0.07,xls:2012/020602.xls
corn,全国平均,2011,销售费,元,0.74,xls:2012/020602.xls
corn,全国平均,2011,雇工天数,日,0.27,xls:2012/020602.xls
corn,全国平均,2011,雇工工价,元/日,70.36,xls:2012/020602.xls
corn,全国平均,2011,雇工费用,元,19.21,xls:2012/020601.xls
corn,全国平均,2012,主产品产值,元,1094.76,xls:2013/020601.xls
corn,全国平均,2012,主产品产量,公斤,492.55,xls:2013/020601.xls
corn,全国平均,2012,产值合计,元,1121.9,xls:2013/020601.xls
corn,全国平均,2012,人工成本,元,398.4,xls:2013/020601.xls
corn,全国平均,2012,保险费,元,3.75,xls:2013/020602.xls
corn,全国平均,2012,修理维护费,元,1.18,xls:2013/020602.xls
corn,全国平均,2012,农家肥费,元,12.24,xls:2013/020602.xls
corn,全国平均,2012,农膜费,元,3.97,xls:2013/020602.xls
corn,全国平均,2012,农药费,元,13.79,xls:2013/020602.xls
corn,全国平均,2012,劳动日工价,元/日,56.0,xls:2013/020602.xls
corn,全国平均,2012,化肥费,元,142.79,xls:2013/020602.xls
corn,全国平均,2012,固定资产折旧,元,2.8,xls:2013/020602.xls
corn,全国平均,2012,土地成本,元,181.24,xls:2013/020601.xls
corn,全国平均,2012,家庭用工天数,日,6.61,xls:2013/020602.xls
corn,全国平均,2012,家庭用工折价,元,370.22,xls:2013/020601.xls
corn,全国平均,2012,工具材料费,元,3.22,xls:2013/020602.xls
corn,全国平均,2012,平均出售价格,元/50公斤,111.13,xls:2013/020601.xls
corn,全国平均,2012,总成本,元,924.22,xls:2013/020601.xls
corn,全国平均,2012,排灌费,元,14.5,xls:2013/020602.xls
corn,全国平均,2012,机械作业费,元,84.23,xls:2013/020602.xls
corn,全国平均,2012,每亩农膜用量,公斤,0.31,xls:2013/020602.xls
corn,全国平均,2012,每亩化肥折纯用量,公斤,22.94,xls:2013/020603.xls
corn,全国平均,2012,每亩化肥用量,公斤,22.94,xls:2013/020602.xls
corn,全国平均,2012,每亩用工数量,日,6.95,xls:2013/020601.xls
corn,全国平均,2012,每亩种子用量,公斤,2.24,xls:2013/020602.xls
corn,全国平均,2012,流转地租金,元,18.35,xls:2013/020601.xls
corn,全国平均,2012,燃料动力费,元,0.27,xls:2013/020602.xls
corn,全国平均,2012,物质与服务费用,元,344.58,xls:2013/020601.xls
corn,全国平均,2012,生产成本,元,742.98,xls:2013/020601.xls
corn,全国平均,2012,畜力费,元,8.01,xls:2013/020602.xls
corn,全国平均,2012,种子费,元,52.01,xls:2013/020602.xls
corn,全国平均,2012,管理费,元,1.03,xls:2013/020602.xls
corn,全国平均,2012,自营地折租,元,162.89,xls:2013/020601.xls
corn,全国平均,2012,财务费,元,0.04,xls:2013/020602.xls
corn,全国平均,2012,销售费,元,0.75,xls:2013/020602.xls
corn,全国平均,2012,雇工天数,日,0.34,xls:2013/020602.xls
corn,全国平均,2012,雇工工价,元/日,82.89,xls:2013/020602.xls
corn,全国平均,2012,雇工费用,元,28.18,xls:2013/020601.xls
corn,全国平均,2013,主产品产值,元,1062.04,xls:2014/020601a.xls
corn,全国平均,2013,主产品产量,公斤,488.01,xls:2014/020601a.xls
corn,全国平均,2013,产值合计,元,1089.56,xls:2014/020601a.xls
corn,全国平均,2013,人工成本,元,455.37,xls:2014/020601a.xls
corn,全国平均,2013,保险费,元,4.79,xls:2014/020602a.xls
corn,全国平均,2013,修理维护费,元,1.07,xls:2014/020602a.xls
corn,全国平均,2013,农家肥费,元,12.42,xls:2014/020602a.xls
corn,全国平均,2013,农膜费,元,4.54,xls:2014/020602a.xls
corn,全国平均,2013,农药费,元,14.38,xls:2014/020602a.xls
corn,全国平均,2013,劳动日工价,元/日,68.0,xls:2014/020602a.xls
corn,全国平均,2013,化肥费,元,142.15,xls:2014/020602a.xls
corn,全国平均,2013,固定资产折旧,元,2.89,xls:2014/020602a.xls
corn,全国平均,2013,土地成本,元,196.96,xls:2014/020601a.xls
corn,全国平均,2013,家庭用工天数,日,6.28,xls:2014/020602a.xls
corn,全国平均,2013,家庭用工折价,元,426.97,xls:2014/020601a.xls
corn,全国平均,2013,工具材料费,元,3.16,xls:2014/020602a.xls
corn,全国平均,2013,平均出售价格,元/50公斤,108.81,xls:2014/020601a.xls
corn,全国平均,2013,总成本,元,1012.04,xls:2014/020601a.xls
corn,全国平均,2013,技术服务费,元,0.01,xls:2014/020602a.xls
corn,全国平均,2013,排灌费,元,14.2,xls:2014/020602a.xls
corn,全国平均,2013,机械作业费,元,95.31,xls:2014/020602a.xls
corn,全国平均,2013,每亩农膜用量,公斤,0.36,xls:2014/020602a.xls
corn,全国平均,2013,每亩化肥折纯用量,公斤,23.35,xls:2014/020603a.xls
corn,全国平均,2013,每亩化肥用量,公斤,23.35,xls:2014/020602a.xls
corn,全国平均,2013,每亩用工数量,日,6.6,xls:2014/020601a.xls
corn,全国平均,2013,每亩种子用量,公斤,2.18,xls:2014/020602a.xls
corn,全国平均,2013,流转地租金,元,20.76,xls:2014/020601a.xls
corn,全国平均,2013,燃料动力费,元,0.38,xls:2014/020602a.xls
corn,全国平均,2013,物质与服务费用,元,359.71,xls:2014/020601a.xls
corn,全国平均,2013,生产成本,元,815.08,xls:2014/020601a.xls
corn,全国平均,2013,畜力费,元,7.39,xls:2014/020602a.xls
corn,全国平均,2013,种子费,元,55.04,xls:2014/020602a.xls
corn,全国平均,2013,管理费,元,0.81,xls:2014/020602a.xls
corn,全国平均,2013,自营地折租,元,176.2,xls:2014/020601a.xls
corn,全国平均,2013,财务费,元,0.04,xls:2014/020602a.xls
corn,全国平均,2013,销售费,元,1.13,xls:2014/020602a.xls
corn,全国平均,2013,雇工天数,日,0.32,xls:2014/020602a.xls
corn,全国平均,2013,雇工工价,元/日,89.29,xls:2014/020602a.xls
corn,全国平均,2013,雇工费用,元,28.4,xls:2014/020601a.xls
corn,全国平均,2014,主产品产值,元,1118.01,xls:2015/0206-01.xls
corn,全国平均,2014,主产品产量,公斤,499.79,xls:2015/0206-01.xls
corn,全国平均,2014,产值合计,元,1145.71,xls:2015/0206-01.xls
corn,全国平均,2014,人工成本,元,474.68,xls:2015/0206-01.xls
corn,全国平均,2014,保险费,元,5.2,xls:2015/0206-02.xls
corn,全国平均,2014,修理维护费,元,1.12,xls:2015/0206-02.xls
corn,全国平均,2014,农家肥费,元,11.21,xls:2015/0206-02.xls
corn,全国平均,2014,农膜费,元,4.69,xls:2015/0206-02.xls
corn,全国平均,2014,农药费,元,15.02,xls:2015/0206-02.xls
corn,全国平均,2014,劳动日工价,元/日,74.4,xls:2015/0206-02.xls
corn,全国平均,2014,化肥费,元,130.49,xls:2015/0206-02.xls
corn,全国平均,2014,固定资产折旧,元,2.8,xls:2015/0206-02.xls
corn,全国平均,2014,土地成本,元,224.41,xls:2015/0206-01.xls
corn,全国平均,2014,家庭用工天数,日,6.0,xls:2015/0206-02.xls
corn,全国平均,2014,家庭用工折价,元,446.4,xls:2015/0206-01.xls
corn,全国平均,2014,工具材料费,元,3.08,xls:2015/0206-02.xls
corn,全国平均,2014,平均出售价格,元/50公斤,111.85,xls:2015/0206-01.xls
corn,全国平均,2014,总成本,元,1063.89,xls:2015/0206-01.xls
corn,全国平均,2014,技术服务费,元,0.01,xls:2015/0206-02.xls
corn,全国平均,2014,排灌费,元,21.69,xls:2015/0206-02.xls
corn,全国平均,2014,机械作业费,元,105.11,xls:2015/0206-02.xls
corn,全国平均,2014,每亩农膜用量,公斤,0.36,xls:2015/0206-02.xls
corn,全国平均,2014,每亩化肥折纯用量,公斤,24.31,xls:2015/0206-03.xls
corn,全国平均,2014,每亩化肥用量,公斤,24.31,xls:2015/0206-02.xls
corn,全国平均,2014,每亩用工数量,日,6.3,xls:2015/0206-01.xls
corn,全国平均,2014,每亩种子用量,公斤,2.13,xls:2015/0206-02.xls
corn,全国平均,2014,流转地租金,元,24.04,xls:2015/0206-01.xls
corn,全国平均,2014,燃料动力费,元,0.64,xls:2015/0206-02.xls
corn,全国平均,2014,物质与服务费用,元,364.8,xls:2015/0206-01.xls
corn,全国平均,2014,生产成本,元,839.48,xls:2015/0206-01.xls
corn,全国平均,2014,畜力费,元,6.94,xls:2015/0206-02.xls
corn,全国平均,2014,种子费,元,55.24,xls:2015/0206-02.xls
corn,全国平均,2014,管理费,元,0.88,xls:2015/0206-02.xls
corn,全国平均,2014,自营地折租,元,200.37,xls:2015/0206-01.xls
corn,全国平均,2014,财务费,元,0.03,xls:2015/0206-02.xls
corn,全国平均,2014,销售费,元,0.65,xls:2015/0206-02.xls
corn,全国平均,2014,雇工天数,日,0.3,xls:2015/0206-02.xls
corn,全国平均,2014,雇工工价,元/日,95.53,xls:2015/0206-02.xls
corn,全国平均,2014,雇工费用,元,28.28,xls:2015/0206-01.xls
corn,全国平均,2015,主产品产值,元,921.25,xls:2016/2-06-1a.xls
corn,全国平均,2015,主产品产量,公斤,488.81,xls:2016/2-06-1a.xls
corn,全国平均,2015,产值合计,元,949.54,xls:2016/2-06-1a.xls
corn,全国平均,2015,人工成本,元,468.72,xls:2016/2-06-1a.xls
corn,全国平均,2015,保险费,元,6.0,xls:2016/2-06-2a.xls
corn,全国平均,2015,修理维护费,元,1.22,xls:2016/2-06-2a.xls
corn,全国平均,2015,其他直接费用,元,0.01,xls:2016/2-06-2a.xls
corn,全国平均,2015,农家肥费,元,11.21,xls:2016/2-06-2a.xls
corn,全国平均,2015,农膜费,元,4.64,xls:2016/2-06-2a.xls
corn,全国平均,2015,农药费,元,16.61,xls:2016/2-06-2a.xls
corn,全国平均,2015,劳动日工价,元/日,78.0,xls:2016/2-06-2a.xls
corn,全国平均,2015,化肥费,元,131.17,xls:2016/2-06-2a.xls
corn,全国平均,2015,固定资产折旧,元,3.72,xls:2016/2-06-2a.xls
corn,全国平均,2015,土地成本,元,238.78,xls:2016/2-06-1a.xls
corn,全国平均,2015,家庭用工天数,日,5.73,xls:2016/2-06-2a.xls
corn,全国平均,2015,家庭用工折价,元,447.17,xls:2016/2-06-1a.xls
corn,全国平均,2015,工具材料费,元,3.28,xls:2016/2-06-2a.xls
corn,全国平均,2015,平均出售价格,元/50公斤,94.23,xls:2016/2-06-1a.xls
corn,全国平均,2015,总成本,元,1083.72,xls:2016/2-06-1a.xls
corn,全国平均,2015,排灌费,元,21.53,xls:2016/2-06-2a.xls
corn,全国平均,2015,机械作业费,元,111.98,xls:2016/2-06-2a.xls
corn,全国平均,2015,每亩农膜用量,公斤,0.37,xls:2016/2-06-2a.xls
corn,全国平均,2015,每亩化肥折纯用量,公斤,24.3,xls:2016/2-06-3a.xls
corn,全国平均,2015,每亩化肥用量,公斤,24.3,xls:2016/2-06-2a.xls
corn,全国平均,2015,每亩用工数量,日,5.95,xls:2016/2-06-1a.xls
corn,全国平均,2015,每亩种子用量,公斤,2.0,xls:2016/2-06-2a.xls
corn,全国平均,2015,流转地租金,元,28.82,xls:2016/2-06-1a.xls
corn,全国平均,2015,燃料动力费,元,0.38,xls:2016/2-06-2a.xls
corn,全国平均,2015,物质与服务费用,元,376.22,xls:2016/2-06-1a.xls
corn,全国平均,2015,生产成本,元,844.94,xls:2016/2-06-1a.xls
corn,全国平均,2015,畜力费,元,6.11,xls:2016/2-06-2a.xls
corn,全国平均,2015,种子费,元,56.82,xls:2016/2-06-2a.xls
corn,全国平均,2015,管理费,元,1.03,xls:2016/2-06-2a.xls
corn,全国平均,2015,自营地折租,元,209.96,xls:2016/2-06-1a.xls
corn,全国平均,2015,财务费,元,0.02,xls:2016/2-06-2a.xls
corn,全国平均,2015,销售费,元,0.49,xls:2016/2-06-2a.xls
corn,全国平均,2015,雇工天数,日,0.22,xls:2016/2-06-2a.xls
corn,全国平均,2015,雇工工价,元/日,100.22,xls:2016/2-06-2a.xls
corn,全国平均,2015,雇工费用,元,21.55,xls:2016/2-06-1a.xls
corn,全国平均,2016,主产品产值,元,739.53,xls:2017/2-06-1a.xls
corn,全国平均,2016,主产品产量,公斤,480.29,xls:2017/2-06-1a.xls
corn,全国平均,2016,产值合计,元,765.89,xls:2017/2-06-1a.xls
corn,全国平均,2016,人工成本,元,458.0994,xls:2017/2-06-1a.xls
corn,全国平均,2016,保险费,元,6.71,xls:2017/2-06-2a.xls
corn,全国平均,2016,修理维护费,元,0.99,xls:2017/2-06-2a.xls
corn,全国平均,2016,其他直接费用,元,0.0,xls:2017/2-06-2a.xls
corn,全国平均,2016,农家肥费,元,12.47,xls:2017/2-06-2a.xls
corn,全国平均,2016,农膜费,元,4.33,xls:2017/2-06-2a.xls
corn,全国平均,2016,农药费,元,16.22,xls:2017/2-06-2a.xls
corn,全国平均,2016,劳动日工价,元/日,81.4,xls:2017/2-06-2a.xls
corn,全国平均,2016,化肥费,元,126.05,xls:2017/2-06-2a.xls
corn,全国平均,2016,固定资产折旧,元,3.04,xls:2017/2-06-2a.xls
corn,全国平均,2016,土地成本,元,237.94,xls:2017/2-06-1a.xls
corn,全国平均,2016,家庭用工天数,日,5.321,xls:2017/2-06-2a.xls
corn,全国平均,2016,家庭用工折价,元,433.1294,xls:2017/2-06-1a.xls
corn,全国平均,2016,工具材料费,元,3.17,xls:2017/2-06-2a.xls
corn,全国平均,2016,平均出售价格,元/50公斤,76.99,xls:2017/2-06-1a.xls
corn,全国平均,2016,总成本,元,1065.5894,xls:2017/2-06-1a.xls
corn,全国平均,2016,技术服务费,元,0.0,xls:2017/2-06-2a.xls
corn,全国平均,2016,排灌费,元,17.59,xls:2017/2-06-2a.xls
corn,全国平均,2016,机械作业费,元,114.43,xls:2017/2-06-2a.xls
corn,全国平均,2016,每亩农膜用量,公斤,0.36,xls:2017/2-06-2a.xls
corn,全国平均,2016,每亩化肥折纯用量,公斤,24.82,xls:2017/2-06-3a.xls
corn,全国平均,2016,每亩化肥用量,公斤,24.82,xls:2017/2-06-2a.xls
corn,全国平均,2016,每亩用工数量,日,5.57,xls:2017/2-06-1a.xls
corn,全国平均,2016,每亩种子用量,公斤,1.96,xls:2017/2-06-2a.xls
corn,全国平均,2016,流转地租金,元,30.16,xls:2017/2-06-1a.xls
corn,全国平均,2016,燃料动力费,元,0.46,xls:2017/2-06-2a.xls
corn,全国平均,2016,物质与服务费用,元,369.55,xls:2017/2-06-1a.xls
corn,全国平均,2016,生产成本,元,827.6494,xls:2017/2-06-1a.xls
corn,全国平均,2016,畜力费,元,6.05,xls:2017/2-06-2a.xls
corn,全国平均,2016,种子费,元,56.56,xls:2017/2-06-2a.xls
corn,全国平均,2016,管理费,元,0.95,xls:2017/2-06-2a.xls
corn,全国平均,2016,自营地折租,元,207.78,xls:2017/2-06-1a.xls
corn,全国平均,2016,财务费,元,0.02,xls:2017/2-06-2a.xls
corn,全国平均,2016,销售费,元,0.51,xls:2017/2-06-2a.xls
corn,全国平均,2016,雇工天数,日,0.25,xls:2017/2-06-2a.xls
corn,全国平均,2016,雇工工价,元/日,99.88,xls:2017/2-06-2a.xls
corn,全国平均,2016,雇工费用,元,24.97,xls:2017/2-06-1a.xls
corn,全国平均,2017,主产品产值,元,824.14,xls:2018/2-6-1 2017年各地区玉米成本收益情况.xls
corn,全国平均,2017,主产品产量,公斤,501.53,xls:2018/2-6-1 2017年各地区玉米成本收益情况.xls
corn,全国平均,2017,产值合计,元,850.69,xls:2018/2-6-1 2017年各地区玉米成本收益情况.xls
corn,全国平均,2017,人工成本,元,441.2006,xls:2018/2-6-1 2017年各地区玉米成本收益情况.xls
corn,全国平均,2017,保险费,元,7.56,xls:2018/2-6-2 2017年各地区玉米费用和用工情况.xls
corn,全国平均,2017,修理维护费,元,1.02,xls:2018/2-6-2 2017年各地区玉米费用和用工情况.xls
corn,全国平均,2017,其他直接费用,元,0.0,xls:2018/2-6-2 2017年各地区玉米费用和用工情况.xls
corn,全国平均,2017,农家肥费,元,13.97,xls:2018/2-6-2 2017年各地区玉米费用和用工情况.xls
corn,全国平均,2017,农膜费,元,4.15,xls:2018/2-6-2 2017年各地区玉米费用和用工情况.xls
corn,全国平均,2017,农药费,元,16.69,xls:2018/2-6-2 2017年各地区玉米费用和用工情况.xls
corn,全国平均,2017,劳动日工价,元/日,83.1,xls:2018/2-6-2 2017年各地区玉米费用和用工情况.xls
corn,全国平均,2017,化肥费,元,129.01,xls:2018/2-6-2 2017年各地区玉米费用和用工情况.xls
corn,全国平均,2017,固定资产折旧,元,3.15,xls:2018/2-6-2 2017年各地区玉米费用和用工情况.xls
corn,全国平均,2017,土地成本,元,210.3,xls:2018/2-6-1 2017年各地区玉米成本收益情况.xls
corn,全国平均,2017,家庭用工天数,日,5.026,xls:2018/2-6-2 2017年各地区玉米费用和用工情况.xls
corn,全国平均,2017,家庭用工折价,元,417.6606,xls:2018/2-6-1 2017年各地区玉米成本收益情况.xls
corn,全国平均,2017,工具材料费,元,3.12,xls:2018/2-6-2 2017年各地区玉米费用和用工情况.xls
corn,全国平均,2017,平均出售价格,元/50公斤,82.16,xls:2018/2-6-1 2017年各地区玉米成本收益情况.xls
corn,全国平均,2017,总成本,元,1026.4806,xls:2018/2-6-1 2017年各地区玉米成本收益情况.xls
corn,全国平均,2017,技术服务费,元,0.0,xls:2018/2-6-2 2017年各地区玉米费用和用工情况.xls
corn,全国平均,2017,排灌费,元,17.47,xls:2018/2-6-2 2017年各地区玉米费用和用工情况.xls
corn,全国平均,2017,机械作业费,元,116.73,xls:2018/2-6-2 2017年各地区玉米费用和用工情况.xls
corn,全国平均,2017,每亩农膜用量,公斤,0.35,xls:2018/2-6-2 2017年各地区玉米费用和用工情况.xls
corn,全国平均,2017,每亩化肥折纯用量,公斤,24.88,xls:2018/2-6-3 2017年各地区玉米化肥投入情况.xls
corn,全国平均,2017,每亩化肥用量,公斤,24.88,xls:2018/2-6-2 2017年各地区玉米费用和用工情况.xls
corn,全国平均,2017,每亩用工数量,日,5.26,xls:2018/2-6-1 2017年各地区玉米成本收益情况.xls
corn,全国平均,2017,每亩种子用量,公斤,1.99,xls:2018/2-6-2 2017年各地区玉米费用和用工情况.xls
corn,全国平均,2017,流转地租金,元,26.51,xls:2018/2-6-1 2017年各地区玉米成本收益情况.xls
corn,全国平均,2017,燃料动力费,元,0.49,xls:2018/2-6-2 2017年各地区玉米费用和用工情况.xls
corn,全国平均,2017,物质与服务费用,元,374.98,xls:2018/2-6-1 2017年各地区玉米成本收益情况.xls
corn,全国平均,2017,生产成本,元,816.1806,xls:2018/2-6-1 2017年各地区玉米成本收益情况.xls
corn,全国平均,2017,畜力费,元,4.85,xls:2018/2-6-2 2017年各地区玉米费用和用工情况.xls
corn,全国平均,2017,种子费,元,55.44,xls:2018/2-6-2 2017年各地区玉米费用和用工情况.xls
corn,全国平均,2017,管理费,元,0.85,xls:2018/2-6-2 2017年各地区玉米费用和用工情况.xls
corn,全国平均,2017,自营地折租,元,183.79,xls:2018/2-6-1 2017年各地区玉米成本收益情况.xls
corn,全国平均,2017,财务费,元,0.01,xls:2018/2-6-2 2017年各地区玉米费用和用工情况.xls
corn,全国平均,2017,销售费,元,0.47,xls:2018/2-6-2 2017年各地区玉米费用和用工情况.xls
corn,全国平均,2017,雇工天数,日,0.23,xls:2018/2-6-2 2017年各地区玉米费用和用工情况.xls
corn,全国平均,2017,雇工工价,元/日,102.348,xls:2018/2-6-2 2017年各地区玉米费用和用工情况.xls
corn,全国平均,2017,雇工费用,元,23.54,xls:2018/2-6-1 2017年各地区玉米成本收益情况.xls
corn,全国平均,2018,主产品产值,元,855.2,xls:2019/2-6-1 2018年各地区玉米成本收益情况.xls
corn,全国平均,2018,主产品产量,公斤,487.02,xls:2019/2-6-1 2018年各地区玉米成本收益情况.xls
corn,全国平均,2018,产值合计,元,881.48,xls:2019/2-6-1 2018年各地区玉米成本收益情况.xls
corn,全国平均,2018,人工成本,元,433.52139,xls:2019/2-6-1 2018年各地区玉米成本收益情况.xls
corn,全国平均,2018,保险费,元,7.73,xls:2019/2-6-2 2018年各地区玉米费用和用工情况.xls
corn,全国平均,2018,修理维护费,元,1.08,xls:2019/2-6-2 2018年各地区玉米费用和用工情况.xls
corn,全国平均,2018,其他直接费用,元,0.0,xls:2019/2-6-2 2018年各地区玉米费用和用工情况.xls
corn,全国平均,2018,农家肥费,元,13.06,xls:2019/2-6-2 2018年各地区玉米费用和用工情况.xls
corn,全国平均,2018,农膜费,元,4.51,xls:2019/2-6-2 2018年各地区玉米费用和用工情况.xls
corn,全国平均,2018,农药费,元,17.12,xls:2019/2-6-2 2018年各地区玉米费用和用工情况.xls
corn,全国平均,2018,劳动日工价,元/日,84.89,xls:2019/2-6-2 2018年各地区玉米费用和用工情况.xls
corn,全国平均,2018,化肥费,元,137.53,xls:2019/2-6-2 2018年各地区玉米费用和用工情况.xls
corn,全国平均,2018,固定资产折旧,元,3.18,xls:2019/2-6-2 2018年各地区玉米费用和用工情况.xls
corn,全国平均,2018,土地成本,元,227.54,xls:2019/2-6-1 2018年各地区玉米成本收益情况.xls
corn,全国平均,2018,家庭用工天数,日,4.851,xls:2019/2-6-2 2018年各地区玉米费用和用工情况.xls
corn,全国平均,2018,家庭用工折价,元,411.80139,xls:2019/2-6-1 2018年各地区玉米成本收益情况.xls
corn,全国平均,2018,工具材料费,元,2.94,xls:2019/2-6-2 2018年各地区玉米费用和用工情况.xls
corn,全国平均,2018,平均出售价格,元/50公斤,87.8,xls:2019/2-6-1 2018年各地区玉米成本收益情况.xls
corn,全国平均,2018,总成本,元,1044.82139,xls:2019/2-6-1 2018年各地区玉米成本收益情况.xls
corn,全国平均,2018,技术服务费,元,0.0,xls:2019/2-6-2 2018年各地区玉米费用和用工情况.xls
corn,全国平均,2018,排灌费,元,17.41,xls:2019/2-6-2 2018年各地区玉米费用和用工情况.xls
corn,全国平均,2018,机械作业费,元,117.27,xls:2019/2-6-2 2018年各地区玉米费用和用工情况.xls
corn,全国平均,2018,每亩农膜用量,公斤,0.38,xls:2019/2-6-2 2018年各地区玉米费用和用工情况.xls
corn,全国平均,2018,每亩化肥折纯用量,公斤,24.78,xls:2019/2-6-3 2018年各地区玉米化肥投入情况.xls
corn,全国平均,2018,每亩化肥用量,公斤,24.78,xls:2019/2-6-2 2018年各地区玉米费用和用工情况.xls
corn,全国平均,2018,每亩用工数量,日,5.05,xls:2019/2-6-1 2018年各地区玉米成本收益情况.xls
corn,全国平均,2018,每亩种子用量,公斤,1.94,xls:2019/2-6-2 2018年各地区玉米费用和用工情况.xls
corn,全国平均,2018,流转地租金,元,29.65,xls:2019/2-6-1 2018年各地区玉米成本收益情况.xls
corn,全国平均,2018,燃料动力费,元,0.56,xls:2019/2-6-2 2018年各地区玉米费用和用工情况.xls
corn,全国平均,2018,物质与服务费用,元,383.76,xls:2019/2-6-1 2018年各地区玉米成本收益情况.xls
corn,全国平均,2018,生产成本,元,817.28139,xls:2019/2-6-1 2018年各地区玉米成本收益情况.xls
corn,全国平均,2018,畜力费,元,4.42,xls:2019/2-6-2 2018年各地区玉米费用和用工情况.xls
corn,全国平均,2018,种子费,元,55.72,xls:2019/2-6-2 2018年各地区玉米费用和用工情况.xls
corn,全国平均,2018,管理费,元,0.73,xls:2019/2-6-2 2018年各地区玉米费用和用工情况.xls
corn,全国平均,2018,自营地折租,元,197.89,xls:2019/2-6-1 2018年各地区玉米成本收益情况.xls
corn,全国平均,2018,财务费,元,0.01,xls:2019/2-6-2 2018年各地区玉米费用和用工情况.xls
corn,全国平均,2018,销售费,元,0.49,xls:2019/2-6-2 2018年各地区玉米费用和用工情况.xls
corn,全国平均,2018,雇工天数,日,0.2,xls:2019/2-6-2 2018年各地区玉米费用和用工情况.xls
corn,全国平均,2018,雇工工价,元/日,108.6,xls:2019/2-6-2 2018年各地区玉米费用和用工情况.xls
corn,全国平均,2018,雇工费用,元,21.72,xls:2019/2-6-1 2018年各地区玉米成本收益情况.xls
corn,全国平均,2024,主产品产值,元,1064.89,xls:2025/2-6-1 2024年各地区玉米成本收益情况(合表).xlsx
corn,全国平均,2024,主产品产量,公斤,527.56,xls:2025/2-6-1 2024年各地区玉米成本收益情况(合表).xlsx
corn,全国平均,2024,产值合计,元,1093.94,xls:2025/2-6-1 2024年各地区玉米成本收益情况(合表).xlsx
corn,全国平均,2024,人工成本,元,423.34,xls:2025/2-6-1 2024年各地区玉米成本收益情况(合表).xlsx
corn,全国平均,2024,保险费,元,20.86,xls:2025/2-6-2 2024年各地区玉米费用和用工情况(合表).xlsx
corn,全国平均,2024,修理维护费,元,1.11,xls:2025/2-6-2 2024年各地区玉米费用和用工情况(合表).xlsx
corn,全国平均,2024,农家肥费,元,11.27,xls:2025/2-6-2 2024年各地区玉米费用和用工情况(合表).xlsx
corn,全国平均,2024,农膜费,元,4.36,xls:2025/2-6-2 2024年各地区玉米费用和用工情况(合表).xlsx
corn,全国平均,2024,农药费,元,25.74,xls:2025/2-6-2 2024年各地区玉米费用和用工情况(合表).xlsx
corn,全国平均,2024,劳动日工价,元/日,99.92,xls:2025/2-6-2 2024年各地区玉米费用和用工情况(合表).xlsx
corn,全国平均,2024,化肥费,元,185.83,xls:2025/2-6-2 2024年各地区玉米费用和用工情况(合表).xlsx
corn,全国平均,2024,固定资产折旧,元,3.25,xls:2025/2-6-2 2024年各地区玉米费用和用工情况(合表).xlsx
corn,全国平均,2024,土地成本,元,405.64,xls:2025/2-6-1 2024年各地区玉米成本收益情况(合表).xlsx
corn,全国平均,2024,家庭用工天数,日,3.95,xls:2025/2-6-2 2024年各地区玉米费用和用工情况(合表).xlsx
corn,全国平均,2024,家庭用工折价,元,394.28,xls:2025/2-6-1 2024年各地区玉米成本收益情况(合表).xlsx
corn,全国平均,2024,工具材料费,元,4.55,xls:2025/2-6-2 2024年各地区玉米费用和用工情况(合表).xlsx
corn,全国平均,2024,平均出售价格,元/50公斤,100.93,xls:2025/2-6-1 2024年各地区玉米成本收益情况(合表).xlsx
corn,全国平均,2024,总成本,元,1316.7,xls:2025/2-6-1 2024年各地区玉米成本收益情况(合表).xlsx
corn,全国平均,2024,排灌费,元,21.67,xls:2025/2-6-2 2024年各地区玉米费用和用工情况(合表).xlsx
corn,全国平均,2024,机械作业费,元,138.7,xls:2025/2-6-2 2024年各地区玉米费用和用工情况(合表).xlsx
corn,全国平均,2024,每亩农膜用量,公斤,0.42,xls:2025/2-6-2 2024年各地区玉米费用和用工情况(合表).xlsx
corn,全国平均,2024,每亩化肥折纯用量,公斤,26.25,xls:2025/2-6-3 2024年各地区玉米化肥投入情况(合表).xlsx
corn,全国平均,2024,每亩化肥用量,公斤,26.25,xls:2025/2-6-2 2024年各地区玉米费用和用工情况(合表).xlsx
corn,全国平均,2024,每亩用工数量,日,4.17,xls:2025/2-6-1 2024年各地区玉米成本收益情况(合表).xlsx
corn,全国平均,2024,每亩种子用量,公斤,1.87,xls:2025/2-6-2 2024年各地区玉米费用和用工情况(合表).xlsx
corn,全国平均,2024,流转地租金,元,82.13,xls:2025/2-6-1 2024年各地区玉米成本收益情况(合表).xlsx
corn,全国平均,2024,燃料动力费,元,1.46,xls:2025/2-6-2 2024年各地区玉米费用和用工情况(合表).xlsx
corn,全国平均,2024,物质与服务费用,元,487.72,xls:2025/2-6-1 2024年各地区玉米成本收益情况(合表).xlsx
corn,全国平均,2024,生产成本,元,911.06,xls:2025/2-6-1 2024年各地区玉米成本收益情况(合表).xlsx
corn,全国平均,2024,畜力费,元,0.89,xls:2025/2-6-2 2024年各地区玉米费用和用工情况(合表).xlsx
corn,全国平均,2024,种子费,元,67.15,xls:2025/2-6-2 2024年各地区玉米费用和用工情况(合表).xlsx
corn,全国平均,2024,管理费,元,0.16,xls:2025/2-6-2 2024年各地区玉米费用和用工情况(合表).xlsx
corn,全国平均,2024,自营地折租,元,323.51,xls:2025/2-6-1 2024年各地区玉米成本收益情况(合表).xlsx
corn,全国平均,2024,财务费,元,0.21,xls:2025/2-6-2 2024年各地区玉米费用和用工情况(合表).xlsx
corn,全国平均,2024,销售费,元,0.51,xls:2025/2-6-2 2024年各地区玉米费用和用工情况(合表).xlsx
corn,全国平均,2024,雇工天数,日,0.22,xls:2025/2-6-2 2024年各地区玉米费用和用工情况(合表).xlsx
corn,全国平均,2024,雇工工价,元/日,132.68,xls:2025/2-6-2 2024年各地区玉米费用和用工情况(合表).xlsx
corn,全国平均,2024,雇工费用,元,29.06,xls:2025/2-6-1 2024年各地区玉米成本收益情况(合表).xlsx
cotton,全国平均,2006,主产品产值,元,1032.33,xls:2007/3-1-1.xls
cotton,全国平均,2006,主产品产量,公斤,85.1,xls:2007/3-1-1.xls
cotton,全国平均,2006,产值合计,元,1206.07,xls:2007/3-1-1.xls
cotton,全国平均,2006,人工成本,元,442.61,xls:2007/3-1-1.xls
cotton,全国平均,2006,保险费,元,0.51,xls:2007/3-1-2.xls
cotton,全国平均,2006,修理维护费,元,1.51,xls:2007/3-1-2.xls
cotton,全国平均,2006,其他直接费用,元,0.67,xls:2007/3-1-2.xls
cotton,全国平均,2006,农家肥费,元,13.68,xls:2007/3-1-2.xls
cotton,全国平均,2006,农膜费,元,24.63,xls:2007/3-1-2.xls
cotton,全国平均,2006,农药费,元,42.48,xls:2007/3-1-2.xls
cotton,全国平均,2006,劳动日工价,元/日,16.9,xls:2007/3-1-2.xls
cotton,全国平均,2006,化肥费,元,125.9,xls:2007/3-1-2.xls
cotton,全国平均,2006,固定资产折旧,元,4.81,xls:2007/3-1-2.xls
cotton,全国平均,2006,土地成本,元,104.71,xls:2007/3-1-1.xls
cotton,全国平均,2006,家庭用工天数,日,23.59,xls:2007/3-1-2.xls
cotton,全国平均,2006,家庭用工折价,元,398.67,xls:2007/3-1-1.xls
cotton,全国平均,2006,工具材料费,元,3.34,xls:2007/3-1-2.xls
cotton,全国平均,2006,平均出售价格,元/50公斤,606.54,xls:2007/3-1-1.xls
cotton,全国平均,2006,总成本,元,870.35,xls:2007/3-1-1.xls
cotton,全国平均,2006,技术服务费,元,0.1,xls:2007/3-1-2.xls
cotton,全国平均,2006,排灌费,元,28.56,xls:2007/3-1-2.xls
cotton,全国平均,2006,机械作业费,元,32.05,xls:2007/3-1-2.xls
cotton,全国平均,2006,每亩农膜用量,公斤,2.0,xls:2007/3-1-2.xls
cotton,全国平均,2006,每亩化肥折纯用量,公斤,27.86,xls:2007/3-1-3.xls
cotton,全国平均,2006,每亩化肥用量,公斤,27.86,xls:2007/3-1-2.xls
cotton,全国平均,2006,每亩用工数量,日,25.04,xls:2007/3-1-1.xls
cotton,全国平均,2006,流转地租金,元,6.7,xls:2007/3-1-1.xls
cotton,全国平均,2006,燃料动力费,元,0.55,xls:2007/3-1-2.xls
cotton,全国平均,2006,物质与服务费用,元,323.03,xls:2007/3-1-1.xls
cotton,全国平均,2006,生产成本,元,765.64,xls:2007/3-1-1.xls
cotton,全国平均,2006,畜力费,元,4.7,xls:2007/3-1-2.xls
cotton,全国平均,2006,种子费,元,35.8,xls:2007/3-1-2.xls
cotton,全国平均,2006,管理费,元,0.51,xls:2007/3-1-2.xls
cotton,全国平均,2006,自营地折租,元,98.01,xls:2007/3-1-1.xls
cotton,全国平均,2006,财务费,元,0.78,xls:2007/3-1-2.xls
cotton,全国平均,2006,销售费,元,2.45,xls:2007/3-1-2.xls
cotton,全国平均,2006,雇工天数,日,1.45,xls:2007/3-1-2.xls
cotton,全国平均,2006,雇工工价,元/日,30.3,xls:2007/3-1-2.xls
cotton,全国平均,2006,雇工费用,元,43.94,xls:2007/3-1-1.xls
cotton,全国平均,2007,主产品产值,元,1077.17,xls:2008/3-01-1.xls
cotton,全国平均,2007,主产品产量,公斤,82.2,xls:2008/3-01-1.xls
cotton,全国平均,2007,产值合计,元,1353.48,xls:2008/3-01-1.xls
cotton,全国平均,2007,人工成本,元,490.7,xls:2008/3-01-1.xls
cotton,全国平均,2007,保险费,元,0.54,xls:2008/3-01-2.xls
cotton,全国平均,2007,修理维护费,元,1.32,xls:2008/3-01-2.xls
cotton,全国平均,2007,其他直接费用,元,0.44,xls:2008/3-01-2.xls
cotton,全国平均,2007,农家肥费,元,14.49,xls:2008/3-01-2.xls
cotton,全国平均,2007,农膜费,元,26.41,xls:2008/3-01-2.xls
cotton,全国平均,2007,农药费,元,47.71,xls:2008/3-01-2.xls
cotton,全国平均,2007,劳动日工价,元/日,18.7,xls:2008/3-01-2.xls
cotton,全国平均,2007,化肥费,元,133.99,xls:2008/3-01-2.xls
cotton,全国平均,2007,固定资产折旧,元,3.59,xls:2008/3-01-2.xls
cotton,全国平均,2007,土地成本,元,128.67,xls:2008/3-01-1.xls
cotton,全国平均,2007,家庭用工天数,日,23.24,xls:2008/3-01-2.xls
cotton,全国平均,2007,家庭用工折价,元,434.59,xls:2008/3-01-1.xls
cotton,全国平均,2007,工具材料费,元,3.67,xls:2008/3-01-2.xls
cotton,全国平均,2007,平均出售价格,元/50公斤,655.21,xls:2008/3-01-1.xls
cotton,全国平均,2007,总成本,元,965.56,xls:2008/3-01-1.xls
cotton,全国平均,2007,技术服务费,元,0.01,xls:2008/3-01-2.xls
cotton,全国平均,2007,排灌费,元,30.46,xls:2008/3-01-2.xls
cotton,全国平均,2007,机械作业费,元,37.47,xls:2008/3-01-2.xls
cotton,全国平均,2007,每亩农膜用量,公斤,2.01,xls:2008/3-01-2.xls
cotton,全国平均,2007,每亩化肥折纯用量,公斤,30.02,xls:2008/3-01-3.xls
cotton,全国平均,2007,每亩化肥用量,公斤,30.02,xls:2008/3-01-2.xls
cotton,全国平均,2007,每亩用工数量,日,24.85,xls:2008/3-01-1.xls
cotton,全国平均,2007,流转地租金,元,6.58,xls:2008/3-01-1.xls
cotton,全国平均,2007,燃料动力费,元,0.62,xls:2008/3-01-2.xls
cotton,全国平均,2007,物质与服务费用,元,346.19,xls:2008/3-01-1.xls
cotton,全国平均,2007,生产成本,元,836.89,xls:2008/3-01-1.xls
cotton,全国平均,2007,畜力费,元,3.67,xls:2008/3-01-2.xls
cotton,全国平均,2007,种子费,元,37.7,xls:2008/3-01-2.xls
cotton,全国平均,2007,管理费,元,0.53,xls:2008/3-01-2.xls
cotton,全国平均,2007,自营地折租,元,122.09,xls:2008/3-01-1.xls
cotton,全国平均,2007,财务费,元,0.8,xls:2008/3-01-2.xls
cotton,全国平均,2007,销售费,元,2.77,xls:2008/3-01-2.xls
cotton,全国平均,2007,雇工天数,日,1.61,xls:2008/3-01-2.xls
cotton,全国平均,2007,雇工工价,元/日,34.85,xls:2008/3-01-2.xls
cotton,全国平均,2007,雇工费用,元,56.11,xls:2008/3-01-1.xls
cotton,全国平均,2008,主产品产值,元,870.54,xls:2009/30101.xls
cotton,全国平均,2008,主产品产量,公斤,83.3,xls:2009/30101.xls
cotton,全国平均,2008,产值合计,元,1063.26,xls:2009/30101.xls
cotton,全国平均,2008,人工成本,元,527.08,xls:2009/30101.xls
cotton,全国平均,2008,保险费,元,0.76,xls:2009/30102.xls
cotton,全国平均,2008,修理维护费,元,1.23,xls:2009/30102.xls
cotton,全国平均,2008,其他直接费用,元,0.03,xls:2009/30102.xls
cotton,全国平均,2008,农家肥费,元,16.15,xls:2009/30102.xls
cotton,全国平均,2008,农膜费,元,29.81,xls:2009/30102.xls
cotton,全国平均,2008,农药费,元,54.16,xls:2009/30102.xls
cotton,全国平均,2008,劳动日工价,元/日,21.6,xls:2009/30102.xls
cotton,全国平均,2008,化肥费,元,168.75,xls:2009/30102.xls
cotton,全国平均,2008,固定资产折旧,元,3.07,xls:2009/30102.xls
cotton,全国平均,2008,土地成本,元,149.5,xls:2009/30101.xls
cotton,全国平均,2008,家庭用工天数,日,21.49,xls:2009/30102.xls
cotton,全国平均,2008,家庭用工折价,元,464.18,xls:2009/30101.xls
cotton,全国平均,2008,工具材料费,元,2.54,xls:2009/30102.xls
cotton,全国平均,2008,平均出售价格,元/50公斤,522.53,xls:2009/30101.xls
cotton,全国平均,2008,总成本,元,1079.97,xls:2009/30101.xls
cotton,全国平均,2008,技术服务费,元,0.03,xls:2009/30102.xls
cotton,全国平均,2008,排灌费,元,31.06,xls:2009/30102.xls
cotton,全国平均,2008,机械作业费,元,45.5,xls:2009/30102.xls
cotton,全国平均,2008,每亩农膜用量,公斤,2.11,xls:2009/30102.xls
cotton,全国平均,2008,每亩化肥折纯用量,公斤,25.91,xls:2009/30103.xls
cotton,全国平均,2008,每亩化肥用量,公斤,25.91,xls:2009/30102.xls
cotton,全国平均,2008,每亩用工数量,日,23.09,xls:2009/30101.xls
cotton,全国平均,2008,流转地租金,元,9.86,xls:2009/30101.xls
cotton,全国平均,2008,燃料动力费,元,0.39,xls:2009/30102.xls
cotton,全国平均,2008,物质与服务费用,元,403.39,xls:2009/30101.xls
cotton,全国平均,2008,生产成本,元,930.47,xls:2009/30101.xls
cotton,全国平均,2008,畜力费,元,4.62,xls:2009/30102.xls
cotton,全国平均,2008,种子费,元,40.08,xls:2009/30102.xls
cotton,全国平均,2008,管理费,元,0.15,xls:2009/30102.xls
cotton,全国平均,2008,自营地折租,元,139.64,xls:2009/30101.xls
cotton,全国平均,2008,财务费,元,1.2,xls:2009/30102.xls
cotton,全国平均,2008,销售费,元,3.86,xls:2009/30102.xls
cotton,全国平均,2008,雇工天数,日,1.6,xls:2009/30102.xls
cotton,全国平均,2008,雇工工价,元/日,39.31,xls:2009/30102.xls
cotton,全国平均,2008,雇工费用,元,62.9,xls:2009/30101.xls
cotton,全国平均,2009,主产品产值,元,1119.88,xls:2010/030101.xls
cotton,全国平均,2009,主产品产量,公斤,84.24,xls:2010/030101.xls
cotton,全国平均,2009,产值合计,元,1440.03,xls:2010/030101.xls
cotton,全国平均,2009,人工成本,元,568.18,xls:2010/030101.xls
cotton,全国平均,2009,保险费,元,1.71,xls:2010/030102.xls
cotton,全国平均,2009,修理维护费,元,1.26,xls:2010/030102.xls
cotton,全国平均,2009,农家肥费,元,18.14,xls:2010/030102.xls
cotton,全国平均,2009,农膜费,元,25.33,xls:2010/030102.xls
cotton,全国平均,2009,农药费,元,54.2,xls:2010/030102.xls
cotton,全国平均,2009,劳动日工价,元/日,24.8,xls:2010/030102.xls
cotton,全国平均,2009,化肥费,元,146.18,xls:2010/030102.xls
cotton,全国平均,2009,固定资产折旧,元,4.81,xls:2010/030102.xls
cotton,全国平均,2009,土地成本,元,169.62,xls:2010/030101.xls
cotton,全国平均,2009,家庭用工天数,日,20.34,xls:2010/030102.xls
cotton,全国平均,2009,家庭用工折价,元,504.41,xls:2010/030101.xls
cotton,全国平均,2009,工具材料费,元,6.93,xls:2010/030102.xls
cotton,全国平均,2009,平均出售价格,元/50公斤,664.7,xls:2010/030101.xls
cotton,全国平均,2009,总成本,元,1131.44,xls:2010/030101.xls
cotton,全国平均,2009,技术服务费,元,0.05,xls:2010/030102.xls
cotton,全国平均,2009,排灌费,元,36.71,xls:2010/030102.xls
cotton,全国平均,2009,机械作业费,元,45.29,xls:2010/030102.xls
cotton,全国平均,2009,每亩农膜用量,公斤,2.15,xls:2010/030102.xls
cotton,全国平均,2009,每亩化肥折纯用量,公斤,28.33,xls:2010/030103.xls
cotton,全国平均,2009,每亩化肥用量,公斤,28.33,xls:2010/030102.xls
cotton,全国平均,2009,每亩用工数量,日,21.8,xls:2010/030101.xls
cotton,全国平均,2009,每亩种子用量,公斤,0.72,xls:2010/030102.xls
cotton,全国平均,2009,流转地租金,元,12.41,xls:2010/030101.xls
cotton,全国平均,2009,燃料动力费,元,2.23,xls:2010/030102.xls
cotton,全国平均,2009,物质与服务费用,元,393.64,xls:2010/030101.xls
cotton,全国平均,2009,生产成本,元,961.82,xls:2010/030101.xls
cotton,全国平均,2009,畜力费,元,4.37,xls:2010/030102.xls
cotton,全国平均,2009,种子费,元,41.08,xls:2010/030102.xls
cotton,全国平均,2009,管理费,元,0.24,xls:2010/030102.xls
cotton,全国平均,2009,自营地折租,元,157.21,xls:2010/030101.xls
cotton,全国平均,2009,财务费,元,1.96,xls:2010/030102.xls
cotton,全国平均,2009,销售费,元,3.15,xls:2010/030102.xls
cotton,全国平均,2009,雇工天数,日,1.46,xls:2010/030102.xls
cotton,全国平均,2009,雇工工价,元/日,43.71,xls:2010/030102.xls
cotton,全国平均,2009,雇工费用,元,63.77,xls:2010/030101.xls
cotton,全国平均,2010,主产品产值,元,1917.57,xls:2011/030101.xls
cotton,全国平均,2010,主产品产量,公斤,77.43,xls:2011/030101.xls
cotton,全国平均,2010,产值合计,元,2307.82,xls:2011/030101.xls
cotton,全国平均,2010,人工成本,元,728.25,xls:2011/030101.xls
cotton,全国平均,2010,保险费,元,2.1,xls:2011/030102.xls
cotton,全国平均,2010,修理维护费,元,1.68,xls:2011/030102.xls
cotton,全国平均,2010,其他直接费用,元,0.98,xls:2011/030102.xls
cotton,全国平均,2010,农家肥费,元,17.79,xls:2011/030102.xls
cotton,全国平均,2010,农膜费,元,27.01,xls:2011/030102.xls
cotton,全国平均,2010,农药费,元,56.14,xls:2011/030102.xls
cotton,全国平均,2010,劳动日工价,元/日,31.3,xls:2011/030102.xls
cotton,全国平均,2010,化肥费,元,152.48,xls:2011/030102.xls
cotton,全国平均,2010,固定资产折旧,元,6.0,xls:2011/030102.xls
cotton,全国平均,2010,土地成本,元,175.71,xls:2011/030101.xls
cotton,全国平均,2010,家庭用工天数,日,20.06,xls:2011/030102.xls
cotton,全国平均,2010,家庭用工折价,元,627.88,xls:2011/030101.xls
cotton,全国平均,2010,工具材料费,元,7.02,xls:2011/030102.xls
cotton,全国平均,2010,平均出售价格,元/50公斤,1238.26,xls:2011/030101.xls
cotton,全国平均,2010,总成本,元,1323.85,xls:2011/030101.xls
cotton,全国平均,2010,技术服务费,元,0.79,xls:2011/030102.xls
cotton,全国平均,2010,排灌费,元,39.65,xls:2011/030102.xls
cotton,全国平均,2010,机械作业费,元,53.83,xls:2011/030102.xls
cotton,全国平均,2010,每亩农膜用量,公斤,2.18,xls:2011/030102.xls
cotton,全国平均,2010,每亩化肥折纯用量,公斤,30.15,xls:2011/030103.xls
cotton,全国平均,2010,每亩化肥用量,公斤,30.15,xls:2011/030102.xls
cotton,全国平均,2010,每亩用工数量,日,21.82,xls:2011/030101.xls
cotton,全国平均,2010,流转地租金,元,13.65,xls:2011/030101.xls
cotton,全国平均,2010,燃料动力费,元,2.17,xls:2011/030102.xls
cotton,全国平均,2010,物质与服务费用,元,419.89,xls:2011/030101.xls
cotton,全国平均,2010,生产成本,元,1148.14,xls:2011/030101.xls
cotton,全国平均,2010,畜力费,元,4.6,xls:2011/030102.xls
cotton,全国平均,2010,种子费,元,44.61,xls:2011/030102.xls
cotton,全国平均,2010,管理费,元,0.13,xls:2011/030102.xls
cotton,全国平均,2010,自营地折租,元,162.06,xls:2011/030101.xls
cotton,全国平均,2010,财务费,元,0.62,xls:2011/030102.xls
cotton,全国平均,2010,销售费,元,2.29,xls:2011/030102.xls
cotton,全国平均,2010,雇工天数,日,1.76,xls:2011/030102.xls
cotton,全国平均,2010,雇工工价,元/日,56.96,xls:2011/030102.xls
cotton,全国平均,2010,雇工费用,元,100.37,xls:2011/030101.xls
cotton,全国平均,2011,主产品产值,元,1516.64,xls:2012/030101.xls
cotton,全国平均,2011,主产品产量,公斤,84.02,xls:2012/030101.xls
cotton,全国平均,2011,产值合计,元,1779.94,xls:2012/030101.xls
cotton,全国平均,2011,人工成本,元,858.21,xls:2012/030101.xls
cotton,全国平均,2011,保险费,元,3.76,xls:2012/030102.xls
cotton,全国平均,2011,修理维护费,元,2.74,xls:2012/030102.xls
cotton,全国平均,2011,农家肥费,元,16.78,xls:2012/030102.xls
cotton,全国平均,2011,农膜费,元,28.2,xls:2012/030102.xls
cotton,全国平均,2011,农药费,元,65.1,xls:2012/030102.xls
cotton,全国平均,2011,劳动日工价,元/日,40.0,xls:2012/030102.xls
cotton,全国平均,2011,化肥费,元,181.34,xls:2012/030102.xls
cotton,全国平均,2011,固定资产折旧,元,10.4,xls:2012/030102.xls
cotton,全国平均,2011,土地成本,元,197.11,xls:2012/030101.xls
cotton,全国平均,2011,家庭用工天数,日,18.86,xls:2012/030102.xls
cotton,全国平均,2011,家庭用工折价,元,754.52,xls:2012/030101.xls
cotton,全国平均,2011,工具材料费,元,11.55,xls:2012/030102.xls
cotton,全国平均,2011,平均出售价格,元/50公斤,902.55,xls:2012/030101.xls
cotton,全国平均,2011,总成本,元,1577.45,xls:2012/030101.xls
cotton,全国平均,2011,技术服务费,元,1.35,xls:2012/030102.xls
cotton,全国平均,2011,排灌费,元,50.52,xls:2012/030102.xls
cotton,全国平均,2011,机械作业费,元,89.07,xls:2012/030102.xls
cotton,全国平均,2011,每亩农膜用量,公斤,2.21,xls:2012/030102.xls
cotton,全国平均,2011,每亩化肥折纯用量,公斤,30.71,xls:2012/030103.xls
cotton,全国平均,2011,每亩化肥用量,公斤,30.71,xls:2012/030102.xls
cotton,全国平均,2011,每亩用工数量,日,20.29,xls:2012/030101.xls
cotton,全国平均,2011,流转地租金,元,32.78,xls:2012/030101.xls
cotton,全国平均,2011,燃料动力费,元,1.81,xls:2012/030102.xls
cotton,全国平均,2011,物质与服务费用,元,522.13,xls:2012/030101.xls
cotton,全国平均,2011,生产成本,元,1380.34,xls:2012/030101.xls
cotton,全国平均,2011,畜力费,元,3.79,xls:2012/030102.xls
cotton,全国平均,2011,种子费,元,51.78,xls:2012/030102.xls
cotton,全国平均,2011,管理费,元,0.01,xls:2012/030102.xls
cotton,全国平均,2011,自营地折租,元,164.33,xls:2012/030101.xls
cotton,全国平均,2011,财务费,元,1.16,xls:2012/030102.xls
cotton,全国平均,2011,销售费,元,2.77,xls:2012/030102.xls
cotton,全国平均,2011,雇工天数,日,1.42,xls:2012/030102.xls
cotton,全国平均,2011,雇工工价,元/日,72.92,xls:2012/030102.xls
cotton,全国平均,2011,雇工费用,元,103.69,xls:2012/030101.xls
cotton,全国平均,2012,主产品产值,元,1669.7,xls:2013/030101.xls
cotton,全国平均,2012,主产品产量,公斤,91.53,xls:2013/030101.xls
cotton,全国平均,2012,产值合计,元,1964.99,xls:2013/030101.xls
cotton,全国平均,2012,人工成本,元,1170.71,xls:2013/030101.xls
cotton,全国平均,2012,保险费,元,3.26,xls:2013/030102.xls
cotton,全国平均,2012,修理维护费,元,1.93,xls:2013/030102.xls
cotton,全国平均,2012,农家肥费,元,16.05,xls:2013/030102.xls
cotton,全国平均,2012,农膜费,元,27.9,xls:2013/030102.xls
cotton,全国平均,2012,农药费,元,65.67,xls:2013/030102.xls
cotton,全国平均,2012,劳动日工价,元/日,56.0,xls:2013/030102.xls
cotton,全国平均,2012,化肥费,元,200.19,xls:2013/030102.xls
cotton,全国平均,2012,固定资产折旧,元,9.77,xls:2013/030102.xls
cotton,全国平均,2012,土地成本,元,227.47,xls:2013/030101.xls
cotton,全国平均,2012,家庭用工天数,日,18.95,xls:2013/030102.xls
cotton,全国平均,2012,家庭用工折价,元,1061.09,xls:2013/030101.xls
cotton,全国平均,2012,工具材料费,元,12.49,xls:2013/030102.xls
cotton,全国平均,2012,平均出售价格,元/50公斤,912.11,xls:2013/030101.xls
cotton,全国平均,2012,总成本,元,1939.73,xls:2013/030101.xls
cotton,全国平均,2012,技术服务费,元,0.77,xls:2013/030102.xls
cotton,全国平均,2012,排灌费,元,51.29,xls:2013/030102.xls
cotton,全国平均,2012,机械作业费,元,87.22,xls:2013/030102.xls
cotton,全国平均,2012,每亩农膜用量,公斤,2.23,xls:2013/030102.xls
cotton,全国平均,2012,每亩化肥折纯用量,公斤,31.87,xls:2013/030103.xls
cotton,全国平均,2012,每亩化肥用量,公斤,31.87,xls:2013/030102.xls
cotton,全国平均,2012,每亩用工数量,日,20.42,xls:2013/030101.xls
cotton,全国平均,2012,流转地租金,元,32.03,xls:2013/030101.xls
cotton,全国平均,2012,燃料动力费,元,2.29,xls:2013/030102.xls
cotton,全国平均,2012,物质与服务费用,元,541.55,xls:2013/030101.xls
cotton,全国平均,2012,生产成本,元,1712.26,xls:2013/030101.xls
cotton,全国平均,2012,畜力费,元,4.11,xls:2013/030102.xls
cotton,全国平均,2012,种子费,元,54.01,xls:2013/030102.xls
cotton,全国平均,2012,自营地折租,元,195.44,xls:2013/030101.xls
cotton,全国平均,2012,财务费,元,0.47,xls:2013/030102.xls
cotton,全国平均,2012,销售费,元,4.13,xls:2013/030102.xls
cotton,全国平均,2012,雇工天数,日,1.47,xls:2013/030102.xls
cotton,全国平均,2012,雇工工价,元/日,74.68,xls:2013/030102.xls
cotton,全国平均,2012,雇工费用,元,109.62,xls:2013/030101.xls
cotton,全国平均,2013,主产品产值,元,1647.65,xls:2014/030101a.xls
cotton,全国平均,2013,主产品产量,公斤,88.24,xls:2014/030101a.xls
cotton,全国平均,2013,产值合计,元,1962.52,xls:2014/030101a.xls
cotton,全国平均,2013,人工成本,元,1359.84,xls:2014/030101a.xls
cotton,全国平均,2013,保险费,元,8.49,xls:2014/030102a.xls
cotton,全国平均,2013,修理维护费,元,2.26,xls:2014/030102a.xls
cotton,全国平均,2013,农家肥费,元,16.16,xls:2014/030102a.xls
cotton,全国平均,2013,农膜费,元,28.52,xls:2014/030102a.xls
cotton,全国平均,2013,农药费,元,70.94,xls:2014/030102a.xls
cotton,全国平均,2013,劳动日工价,元/日,68.0,xls:2014/030102a.xls
cotton,全国平均,2013,化肥费,元,193.24,xls:2014/030102a.xls
cotton,全国平均,2013,固定资产折旧,元,11.07,xls:2014/030102a.xls
cotton,全国平均,2013,土地成本,元,252.31,xls:2014/030101a.xls
cotton,全国平均,2013,家庭用工天数,日,17.99,xls:2014/030102a.xls
cotton,全国平均,2013,家庭用工折价,元,1223.05,xls:2014/030101a.xls
cotton,全国平均,2013,工具材料费,元,15.88,xls:2014/030102a.xls
cotton,全国平均,2013,平均出售价格,元/50公斤,933.62,xls:2014/030101a.xls
cotton,全国平均,2013,总成本,元,2177.5,xls:2014/030101a.xls
cotton,全国平均,2013,技术服务费,元,1.63,xls:2014/030102a.xls
cotton,全国平均,2013,排灌费,元,54.55,xls:2014/030102a.xls
cotton,全国平均,2013,机械作业费,元,90.97,xls:2014/030102a.xls
cotton,全国平均,2013,每亩农膜用量,公斤,2.26,xls:2014/030102a.xls
cotton,全国平均,2013,每亩化肥折纯用量,公斤,32.36,xls:2014/030103a.xls
cotton,全国平均,2013,每亩化肥用量,公斤,32.36,xls:2014/030102a.xls
cotton,全国平均,2013,每亩用工数量,日,19.44,xls:2014/030101a.xls
cotton,全国平均,2013,流转地租金,元,37.21,xls:2014/030101a.xls
cotton,全国平均,2013,燃料动力费,元,3.18,xls:2014/030102a.xls
cotton,全国平均,2013,物质与服务费用,元,565.35,xls:2014/030101a.xls
cotton,全国平均,2013,生产成本,元,1925.19,xls:2014/030101a.xls
cotton,全国平均,2013,畜力费,元,4.06,xls:2014/030102a.xls
cotton,全国平均,2013,种子费,元,56.57,xls:2014/030102a.xls
cotton,全国平均,2013,管理费,元,0.01,xls:2014/030102a.xls
cotton,全国平均,2013,自营地折租,元,215.1,xls:2014/030101a.xls
cotton,全国平均,2013,财务费,元,3.2,xls:2014/030102a.xls
cotton,全国平均,2013,销售费,元,4.62,xls:2014/030102a.xls
cotton,全国平均,2013,雇工天数,日,1.45,xls:2014/030102a.xls
cotton,全国平均,2013,雇工工价,元/日,94.21,xls:2014/030102a.xls
cotton,全国平均,2013,雇工费用,元,136.79,xls:2014/030101a.xls
cotton,全国平均,2014,主产品产值,元,1307.19,xls:2015/0301-01.xls
cotton,全国平均,2014,主产品产量,公斤,98.08,xls:2015/0301-01.xls
cotton,全国平均,2014,产值合计,元,1592.12,xls:2015/0301-01.xls
cotton,全国平均,2014,人工成本,元,1408.39,xls:2015/0301-01.xls
cotton,全国平均,2014,保险费,元,15.51,xls:2015/0301-02.xls
cotton,全国平均,2014,修理维护费,元,3.21,xls:2015/0301-02.xls
cotton,全国平均,2014,其他直接费用,元,0.35,xls:2015/0301-02.xls
cotton,全国平均,2014,农家肥费,元,11.57,xls:2015/0301-02.xls
cotton,全国平均,2014,农膜费,元,30.62,xls:2015/0301-02.xls
cotton,全国平均,2014,农药费,元,70.55,xls:2015/0301-02.xls
cotton,全国平均,2014,劳动日工价,元/日,74.4,xls:2015/0301-02.xls
cotton,全国平均,2014,化肥费,元,195.8,xls:2015/0301-02.xls
cotton,全国平均,2014,固定资产折旧,元,17.21,xls:2015/0301-02.xls
cotton,全国平均,2014,土地成本,元,274.89,xls:2015/0301-01.xls
cotton,全国平均,2014,家庭用工天数,日,16.18,xls:2015/0301-02.xls
cotton,全国平均,2014,家庭用工折价,元,1203.79,xls:2015/0301-01.xls
cotton,全国平均,2014,工具材料费,元,16.76,xls:2015/0301-02.xls
cotton,全国平均,2014,平均出售价格,元/50公斤,666.39,xls:2015/0301-01.xls
cotton,全国平均,2014,总成本,元,2278.56,xls:2015/0301-01.xls
cotton,全国平均,2014,技术服务费,元,0.79,xls:2015/0301-02.xls
cotton,全国平均,2014,排灌费,元,58.45,xls:2015/0301-02.xls
cotton,全国平均,2014,机械作业费,元,97.88,xls:2015/0301-02.xls
cotton,全国平均,2014,每亩农膜用量,公斤,2.4,xls:2015/0301-02.xls
cotton,全国平均,2014,每亩化肥折纯用量,公斤,36.44,xls:2015/0301-03.xls
cotton,全国平均,2014,每亩化肥用量,公斤,36.44,xls:2015/0301-02.xls
cotton,全国平均,2014,每亩用工数量,日,18.23,xls:2015/0301-01.xls
cotton,全国平均,2014,流转地租金,元,45.0,xls:2015/0301-01.xls
cotton,全国平均,2014,燃料动力费,元,3.69,xls:2015/0301-02.xls
cotton,全国平均,2014,物质与服务费用,元,595.28,xls:2015/0301-01.xls
cotton,全国平均,2014,生产成本,元,2003.67,xls:2015/0301-01.xls
cotton,全国平均,2014,畜力费,元,2.74,xls:2015/0301-02.xls
cotton,全国平均,2014,种子费,元,57.59,xls:2015/0301-02.xls
cotton,全国平均,2014,管理费,元,2.77,xls:2015/0301-02.xls
cotton,全国平均,2014,自营地折租,元,229.89,xls:2015/0301-01.xls
cotton,全国平均,2014,财务费,元,5.24,xls:2015/0301-02.xls
cotton,全国平均,2014,销售费,元,4.55,xls:2015/0301-02.xls
cotton,全国平均,2014,雇工天数,日,2.05,xls:2015/0301-02.xls
cotton,全国平均,2014,雇工工价,元/日,99.95,xls:2015/0301-02.xls
cotton,全国平均,2014,雇工费用,元,204.6,xls:2015/0301-01.xls
cotton,全国平均,2015,主产品产值,元,1104.83,xls:2016/3-01-1a.xls
cotton,全国平均,2015,主产品产量,公斤,92.82,xls:2016/3-01-1a.xls
cotton,全国平均,2015,产值合计,元,1366.89,xls:2016/3-01-1a.xls
cotton,全国平均,2015,人工成本,元,1387.75,xls:2016/3-01-1a.xls
cotton,全国平均,2015,保险费,元,19.09,xls:2016/3-01-2a.xls
cotton,全国平均,2015,修理维护费,元,3.08,xls:2016/3-01-2a.xls
cotton,全国平均,2015,其他直接费用,元,0.48,xls:2016/3-01-2a.xls
cotton,全国平均,2015,农家肥费,元,11.17,xls:2016/3-01-2a.xls
cotton,全国平均,2015,农膜费,元,30.92,xls:2016/3-01-2a.xls
cotton,全国平均,2015,农药费,元,70.82,xls:2016/3-01-2a.xls
cotton,全国平均,2015,劳动日工价,元/日,78.0,xls:2016/3-01-2a.xls
cotton,全国平均,2015,化肥费,元,202.67,xls:2016/3-01-2a.xls
cotton,全国平均,2015,固定资产折旧,元,19.69,xls:2016/3-01-2a.xls
cotton,全国平均,2015,土地成本,元,280.29,xls:2016/3-01-1a.xls
cotton,全国平均,2015,家庭用工天数,日,15.16,xls:2016/3-01-2a.xls
cotton,全国平均,2015,家庭用工折价,元,1182.09,xls:2016/3-01-1a.xls
cotton,全国平均,2015,工具材料费,元,16.55,xls:2016/3-01-2a.xls
cotton,全国平均,2015,平均出售价格,元/50公斤,595.15,xls:2016/3-01-1a.xls
cotton,全国平均,2015,总成本,元,2288.44,xls:2016/3-01-1a.xls
cotton,全国平均,2015,技术服务费,元,0.77,xls:2016/3-01-2a.xls
cotton,全国平均,2015,排灌费,元,72.52,xls:2016/3-01-2a.xls
cotton,全国平均,2015,机械作业费,元,98.93,xls:2016/3-01-2a.xls
cotton,全国平均,2015,每亩农膜用量,公斤,2.56,xls:2016/3-01-2a.xls
cotton,全国平均,2015,每亩化肥折纯用量,公斤,38.01,xls:2016/3-01-3a.xls
cotton,全国平均,2015,每亩化肥用量,公斤,38.01,xls:2016/3-01-2a.xls
cotton,全国平均,2015,每亩用工数量,日,17.05,xls:2016/3-01-1a.xls
cotton,全国平均,2015,流转地租金,元,46.89,xls:2016/3-01-1a.xls
cotton,全国平均,2015,燃料动力费,元,4.32,xls:2016/3-01-2a.xls
cotton,全国平均,2015,物质与服务费用,元,620.4,xls:2016/3-01-1a.xls
cotton,全国平均,2015,生产成本,元,2008.15,xls:2016/3-01-1a.xls
cotton,全国平均,2015,畜力费,元,2.85,xls:2016/3-01-2a.xls
cotton,全国平均,2015,种子费,元,55.1,xls:2016/3-01-2a.xls
cotton,全国平均,2015,自营地折租,元,233.4,xls:2016/3-01-1a.xls
cotton,全国平均,2015,财务费,元,5.55,xls:2016/3-01-2a.xls
cotton,全国平均,2015,销售费,元,5.89,xls:2016/3-01-2a.xls
cotton,全国平均,2015,雇工天数,日,1.9,xls:2016/3-01-2a.xls
cotton,全国平均,2015,雇工工价,元/日,108.35,xls:2016/3-01-2a.xls
cotton,全国平均,2015,雇工费用,元,205.66,xls:2016/3-01-1a.xls
cotton,全国平均,2016,主产品产值,元,1454.84,xls:2017/3-01-1a.xls
cotton,全国平均,2016,主产品产量,公斤,98.55,xls:2017/3-01-1a.xls
cotton,全国平均,2016,产值合计,元,1818.31,xls:2017/3-01-1a.xls
cotton,全国平均,2016,人工成本,元,1393.7242,xls:2017/3-01-1a.xls
cotton,全国平均,2016,保险费,元,30.32,xls:2017/3-01-2a.xls
cotton,全国平均,2016,修理维护费,元,4.0,xls:2017/3-01-2a.xls
cotton,全国平均,2016,其他直接费用,元,0.26,xls:2017/3-01-2a.xls
cotton,全国平均,2016,农家肥费,元,14.37,xls:2017/3-01-2a.xls
cotton,全国平均,2016,农膜费,元,29.99,xls:2017/3-01-2a.xls
cotton,全国平均,2016,农药费,元,67.96,xls:2017/3-01-2a.xls
cotton,全国平均,2016,劳动日工价,元/日,81.4,xls:2017/3-01-2a.xls
cotton,全国平均,2016,化肥费,元,192.25,xls:2017/3-01-2a.xls
cotton,全国平均,2016,固定资产折旧,元,20.32,xls:2017/3-01-2a.xls
cotton,全国平均,2016,土地成本,元,302.18,xls:2017/3-01-1a.xls
cotton,全国平均,2016,家庭用工天数,日,14.303,xls:2017/3-01-2a.xls
cotton,全国平均,2016,家庭用工折价,元,1164.2642,xls:2017/3-01-1a.xls
cotton,全国平均,2016,工具材料费,元,16.58,xls:2017/3-01-2a.xls
cotton,全国平均,2016,平均出售价格,元/50公斤,738.12,xls:2017/3-01-1a.xls
cotton,全国平均,2016,总成本,元,2306.6142,xls:2017/3-01-1a.xls
cotton,全国平均,2016,技术服务费,元,0.37,xls:2017/3-01-2a.xls
cotton,全国平均,2016,排灌费,元,71.36,xls:2017/3-01-2a.xls
cotton,全国平均,2016,机械作业费,元,92.57,xls:2017/3-01-2a.xls
cotton,全国平均,2016,每亩农膜用量,公斤,2.67,xls:2017/3-01-2a.xls
cotton,全国平均,2016,每亩化肥折纯用量,公斤,35.36,xls:2017/3-01-3a.xls
cotton,全国平均,2016,每亩化肥用量,公斤,35.36,xls:2017/3-01-2a.xls
cotton,全国平均,2016,每亩用工数量,日,16.5,xls:2017/3-01-1a.xls
cotton,全国平均,2016,每亩种子用量,公斤,0.0,xls:2017/3-01-2a.xls
cotton,全国平均,2016,流转地租金,元,40.88,xls:2017/3-01-1a.xls
cotton,全国平均,2016,燃料动力费,元,3.95,xls:2017/3-01-2a.xls
cotton,全国平均,2016,物质与服务费用,元,610.71,xls:2017/3-01-1a.xls
cotton,全国平均,2016,生产成本,元,2004.4342,xls:2017/3-01-1a.xls
cotton,全国平均,2016,畜力费,元,1.63,xls:2017/3-01-2a.xls
cotton,全国平均,2016,种子费,元,54.5,xls:2017/3-01-2a.xls
cotton,全国平均,2016,管理费,元,0.0,xls:2017/3-01-2a.xls
cotton,全国平均,2016,自营地折租,元,261.3,xls:2017/3-01-1a.xls
cotton,全国平均,2016,财务费,元,2.27,xls:2017/3-01-2a.xls
cotton,全国平均,2016,销售费,元,8.01,xls:2017/3-01-2a.xls
cotton,全国平均,2016,雇工天数,日,2.2,xls:2017/3-01-2a.xls
cotton,全国平均,2016,雇工工价,元/日,104.3,xls:2017/3-01-2a.xls
cotton,全国平均,2016,雇工费用,元,229.46,xls:2017/3-01-1a.xls
cotton,全国平均,2017,主产品产值,元,1560.99,xls:2018/3-1-1 2017年各地区棉花长绒棉成本收益情况.xls
cotton,全国平均,2017,主产品产量,公斤,105.94,xls:2018/3-1-1 2017年各地区棉花长绒棉成本收益情况.xls
cotton,全国平均,2017,产值合计,元,1860.52,xls:2018/3-1-1 2017年各地区棉花长绒棉成本收益情况.xls
cotton,全国平均,2017,人工成本,元,1353.7222,xls:2018/3-1-1 2017年各地区棉花长绒棉成本收益情况.xls
cotton,全国平均,2017,保险费,元,32.83,xls:2018/3-1-2 2017年各地区棉花长绒棉费用和用工情况.xls
cotton,全国平均,2017,修理维护费,元,4.33,xls:2018/3-1-2 2017年各地区棉花长绒棉费用和用工情况.xls
cotton,全国平均,2017,其他直接费用,元,0.14,xls:2018/3-1-2 2017年各地区棉花长绒棉费用和用工情况.xls
cotton,全国平均,2017,农家肥费,元,17.04,xls:2018/3-1-2 2017年各地区棉花长绒棉费用和用工情况.xls
cotton,全国平均,2017,农膜费,元,36.14,xls:2018/3-1-2 2017年各地区棉花长绒棉费用和用工情况.xls
cotton,全国平均,2017,农药费,元,70.9,xls:2018/3-1-2 2017年各地区棉花长绒棉费用和用工情况.xls
cotton,全国平均,2017,劳动日工价,元/日,83.1,xls:2018/3-1-2 2017年各地区棉花长绒棉费用和用工情况.xls
cotton,全国平均,2017,化肥费,元,194.76,xls:2018/3-1-2 2017年各地区棉花长绒棉费用和用工情况.xls
cotton,全国平均,2017,固定资产折旧,元,20.67,xls:2018/3-1-2 2017年各地区棉花长绒棉费用和用工情况.xls
cotton,全国平均,2017,土地成本,元,306.97,xls:2018/3-1-1 2017年各地区棉花长绒棉成本收益情况.xls
cotton,全国平均,2017,家庭用工天数,日,13.262,xls:2018/3-1-2 2017年各地区棉花长绒棉费用和用工情况.xls
cotton,全国平均,2017,家庭用工折价,元,1102.0722,xls:2018/3-1-1 2017年各地区棉花长绒棉成本收益情况.xls
cotton,全国平均,2017,工具材料费,元,29.23,xls:2018/3-1-2 2017年各地区棉花长绒棉费用和用工情况.xls
cotton,全国平均,2017,平均出售价格,元/50公斤,736.73,xls:2018/3-1-1 2017年各地区棉花长绒棉成本收益情况.xls
cotton,全国平均,2017,总成本,元,2330.8022,xls:2018/3-1-1 2017年各地区棉花长绒棉成本收益情况.xls
cotton,全国平均,2017,技术服务费,元,0.56,xls:2018/3-1-2 2017年各地区棉花长绒棉费用和用工情况.xls
cotton,全国平均,2017,排灌费,元,77.91,xls:2018/3-1-2 2017年各地区棉花长绒棉费用和用工情况.xls
cotton,全国平均,2017,机械作业费,元,112.85,xls:2018/3-1-2 2017年各地区棉花长绒棉费用和用工情况.xls
cotton,全国平均,2017,每亩农膜用量,公斤,3.21,xls:2018/3-1-2 2017年各地区棉花长绒棉费用和用工情况.xls
cotton,全国平均,2017,每亩化肥折纯用量,公斤,35.45,xls:2018/3-1-3 2017年各地区棉花长绒棉化肥投入情况.xls
cotton,全国平均,2017,每亩化肥用量,公斤,35.45,xls:2018/3-1-2 2017年各地区棉花长绒棉费用和用工情况.xls
cotton,全国平均,2017,每亩用工数量,日,15.62,xls:2018/3-1-1 2017年各地区棉花长绒棉成本收益情况.xls
cotton,全国平均,2017,每亩种子用量,公斤,1.07,xls:2018/3-1-2 2017年各地区棉花长绒棉费用和用工情况.xls
cotton,全国平均,2017,流转地租金,元,43.02,xls:2018/3-1-1 2017年各地区棉花长绒棉成本收益情况.xls
cotton,全国平均,2017,燃料动力费,元,4.76,xls:2018/3-1-2 2017年各地区棉花长绒棉费用和用工情况.xls
cotton,全国平均,2017,物质与服务费用,元,670.11,xls:2018/3-1-1 2017年各地区棉花长绒棉成本收益情况.xls
cotton,全国平均,2017,生产成本,元,2023.8322,xls:2018/3-1-1 2017年各地区棉花长绒棉成本收益情况.xls
cotton,全国平均,2017,畜力费,元,1.28,xls:2018/3-1-2 2017年各地区棉花长绒棉费用和用工情况.xls
cotton,全国平均,2017,种子费,元,56.53,xls:2018/3-1-2 2017年各地区棉花长绒棉费用和用工情况.xls
cotton,全国平均,2017,管理费,元,0.0,xls:2018/3-1-2 2017年各地区棉花长绒棉费用和用工情况.xls
cotton,全国平均,2017,自营地折租,元,263.95,xls:2018/3-1-1 2017年各地区棉花长绒棉成本收益情况.xls
cotton,全国平均,2017,财务费,元,3.18,xls:2018/3-1-2 2017年各地区棉花长绒棉费用和用工情况.xls
cotton,全国平均,2017,销售费,元,7.0,xls:2018/3-1-2 2017年各地区棉花长绒棉费用和用工情况.xls
cotton,全国平均,2017,雇工天数,日,2.36,xls:2018/3-1-2 2017年各地区棉花长绒棉费用和用工情况.xls
cotton,全国平均,2017,雇工工价,元/日,106.631,xls:2018/3-1-2 2017年各地区棉花长绒棉费用和用工情况.xls
cotton,全国平均,2017,雇工费用,元,251.65,xls:2018/3-1-1 2017年各地区棉花长绒棉成本收益情况.xls
cotton,全国平均,2018,主产品产值,元,1541.29,xls:2019/3-1-1 2018年各地区棉花、长绒棉成本收益情况.xls
cotton,全国平均,2018,主产品产量,公斤,105.83,xls:2019/3-1-1 2018年各地区棉花、长绒棉成本收益情况.xls
cotton,全国平均,2018,产值合计,元,1814.31,xls:2019/3-1-1 2018年各地区棉花、长绒棉成本收益情况.xls
cotton,全国平均,2018,人工成本,元,1194.90727,xls:2019/3-1-1 2018年各地区棉花、长绒棉成本收益情况.xls
cotton,全国平均,2018,保险费,元,47.17,xls:2019/3-1-2 2018年各地区棉花、长绒棉费用和用工情况.xls
cotton,全国平均,2018,修理维护费,元,4.81,xls:2019/3-1-2 2018年各地区棉花、长绒棉费用和用工情况.xls
cotton,全国平均,2018,其他直接费用,元,0.12,xls:2019/3-1-2 2018年各地区棉花、长绒棉费用和用工情况.xls
cotton,全国平均,2018,农家肥费,元,15.51,xls:2019/3-1-2 2018年各地区棉花、长绒棉费用和用工情况.xls
cotton,全国平均,2018,农膜费,元,41.22,xls:2019/3-1-2 2018年各地区棉花、长绒棉费用和用工情况.xls
cotton,全国平均,2018,农药费,元,72.3,xls:2019/3-1-2 2018年各地区棉花、长绒棉费用和用工情况.xls
cotton,全国平均,2018,劳动日工价,元/日,84.89,xls:2019/3-1-2 2018年各地区棉花、长绒棉费用和用工情况.xls
cotton,全国平均,2018,化肥费,元,219.71,xls:2019/3-1-2 2018年各地区棉花、长绒棉费用和用工情况.xls
cotton,全国平均,2018,固定资产折旧,元,24.46,xls:2019/3-1-2 2018年各地区棉花、长绒棉费用和用工情况.xls
cotton,全国平均,2018,土地成本,元,324.74,xls:2019/3-1-1 2018年各地区棉花、长绒棉成本收益情况.xls
cotton,全国平均,2018,家庭用工天数,日,11.343,xls:2019/3-1-2 2018年各地区棉花、长绒棉费用和用工情况.xls
cotton,全国平均,2018,家庭用工折价,元,962.90727,xls:2019/3-1-1 2018年各地区棉花、长绒棉成本收益情况.xls
cotton,全国平均,2018,工具材料费,元,35.65,xls:2019/3-1-2 2018年各地区棉花、长绒棉费用和用工情况.xls
cotton,全国平均,2018,平均出售价格,元/50公斤,728.19,xls:2019/3-1-1 2018年各地区棉花、长绒棉成本收益情况.xls
cotton,全国平均,2018,总成本,元,2275.20727,xls:2019/3-1-1 2018年各地区棉花、长绒棉成本收益情况.xls
cotton,全国平均,2018,技术服务费,元,0.62,xls:2019/3-1-2 2018年各地区棉花、长绒棉费用和用工情况.xls
cotton,全国平均,2018,排灌费,元,92.65,xls:2019/3-1-2 2018年各地区棉花、长绒棉费用和用工情况.xls
cotton,全国平均,2018,机械作业费,元,124.97,xls:2019/3-1-2 2018年各地区棉花、长绒棉费用和用工情况.xls
cotton,全国平均,2018,每亩农膜用量,公斤,3.65,xls:2019/3-1-2 2018年各地区棉花、长绒棉费用和用工情况.xls
cotton,全国平均,2018,每亩化肥折纯用量,公斤,36.15,xls:2019/3-1-3 2018年各地区棉花、长绒棉化肥投入情况.xls
cotton,全国平均,2018,每亩化肥用量,公斤,36.15,xls:2019/3-1-2 2018年各地区棉花、长绒棉费用和用工情况.xls
cotton,全国平均,2018,每亩用工数量,日,13.45,xls:2019/3-1-1 2018年各地区棉花、长绒棉成本收益情况.xls
cotton,全国平均,2018,每亩种子用量,公斤,1.34,xls:2019/3-1-2 2018年各地区棉花、长绒棉费用和用工情况.xls
cotton,全国平均,2018,流转地租金,元,49.46,xls:2019/3-1-1 2018年各地区棉花、长绒棉成本收益情况.xls
cotton,全国平均,2018,燃料动力费,元,6.19,xls:2019/3-1-2 2018年各地区棉花、长绒棉费用和用工情况.xls
cotton,全国平均,2018,物质与服务费用,元,755.56,xls:2019/3-1-1 2018年各地区棉花、长绒棉成本收益情况.xls
cotton,全国平均,2018,生产成本,元,1950.46727,xls:2019/3-1-1 2018年各地区棉花、长绒棉成本收益情况.xls
cotton,全国平均,2018,畜力费,元,0.29,xls:2019/3-1-2 2018年各地区棉花、长绒棉费用和用工情况.xls
cotton,全国平均,2018,种子费,元,56.91,xls:2019/3-1-2 2018年各地区棉花、长绒棉费用和用工情况.xls
cotton,全国平均,2018,管理费,元,0.0,xls:2019/3-1-2 2018年各地区棉花、长绒棉费用和用工情况.xls
cotton,全国平均,2018,自营地折租,元,275.28,xls:2019/3-1-1 2018年各地区棉花、长绒棉成本收益情况.xls
cotton,全国平均,2018,财务费,元,3.48,xls:2019/3-1-2 2018年各地区棉花、长绒棉费用和用工情况.xls
cotton,全国平均,2018,销售费,元,9.5,xls:2019/3-1-2 2018年各地区棉花、长绒棉费用和用工情况.xls
cotton,全国平均,2018,雇工天数,日,2.11,xls:2019/3-1-2 2018年各地区棉花、长绒棉费用和用工情况.xls
cotton,全国平均,2018,雇工工价,元/日,109.953,xls:2019/3-1-2 2018年各地区棉花、长绒棉费用和用工情况.xls
cotton,全国平均,2018,雇工费用,元,232.0,xls:2019/3-1-1 2018年各地区棉花、长绒棉成本收益情况.xls
cotton,全国平均,2024,主产品产值,元,2075.61,xls:2025/3-1-1 2024年各地区棉花、长绒棉成本收益情况(合表).xlsx
cotton,全国平均,2024,主产品产量,公斤,147.7,xls:2025/3-1-1 2024年各地区棉花、长绒棉成本收益情况(合表).xlsx
cotton,全国平均,2024,产值合计,元,2529.85,xls:2025/3-1-1 2024年各地区棉花、长绒棉成本收益情况(合表).xlsx
cotton,全国平均,2024,人工成本,元,650.32,xls:2025/3-1-1 2024年各地区棉花、长绒棉成本收益情况(合表).xlsx
cotton,全国平均,2024,保险费,元,54.11,xls:2025/3-1-2 2024年各地区棉花、长绒棉费用和用工情况(合表).xlsx
cotton,全国平均,2024,修理维护费,元,6.57,xls:2025/3-1-2 2024年各地区棉花、长绒棉费用和用工情况(合表).xlsx
cotton,全国平均,2024,其他直接费用,元,0.09,xls:2025/3-1-2 2024年各地区棉花、长绒棉费用和用工情况(合表).xlsx
cotton,全国平均,2024,农家肥费,元,7.86,xls:2025/3-1-2 2024年各地区棉花、长绒棉费用和用工情况(合表).xlsx
cotton,全国平均,2024,农膜费,元,54.17,xls:2025/3-1-2 2024年各地区棉花、长绒棉费用和用工情况(合表).xlsx
cotton,全国平均,2024,农药费,元,102.78,xls:2025/3-1-2 2024年各地区棉花、长绒棉费用和用工情况(合表).xlsx
cotton,全国平均,2024,劳动日工价,元/日,99.92,xls:2025/3-1-2 2024年各地区棉花、长绒棉费用和用工情况(合表).xlsx
cotton,全国平均,2024,化肥费,元,375.53,xls:2025/3-1-2 2024年各地区棉花、长绒棉费用和用工情况(合表).xlsx
cotton,全国平均,2024,固定资产折旧,元,22.7,xls:2025/3-1-2 2024年各地区棉花、长绒棉费用和用工情况(合表).xlsx
cotton,全国平均,2024,土地成本,元,666.32,xls:2025/3-1-1 2024年各地区棉花、长绒棉成本收益情况(合表).xlsx
cotton,全国平均,2024,家庭用工天数,日,4.52,xls:2025/3-1-2 2024年各地区棉花、长绒棉费用和用工情况(合表).xlsx
cotton,全国平均,2024,家庭用工折价,元,451.34,xls:2025/3-1-1 2024年各地区棉花、长绒棉成本收益情况(合表).xlsx
cotton,全国平均,2024,工具材料费,元,46.71,xls:2025/3-1-2 2024年各地区棉花、长绒棉费用和用工情况(合表).xlsx
cotton,全国平均,2024,平均出售价格,元/50公斤,702.64,xls:2025/3-1-1 2024年各地区棉花、长绒棉成本收益情况(合表).xlsx
cotton,全国平均,2024,总成本,元,2510.88,xls:2025/3-1-1 2024年各地区棉花、长绒棉成本收益情况(合表).xlsx
cotton,全国平均,2024,技术服务费,元,0.85,xls:2025/3-1-2 2024年各地区棉花、长绒棉费用和用工情况(合表).xlsx
cotton,全国平均,2024,排灌费,元,165.93,xls:2025/3-1-2 2024年各地区棉花、长绒棉费用和用工情况(合表).xlsx
cotton,全国平均,2024,机械作业费,元,252.45,xls:2025/3-1-2 2024年各地区棉花、长绒棉费用和用工情况(合表).xlsx
cotton,全国平均,2024,每亩农膜用量,公斤,5.81,xls:2025/3-1-2 2024年各地区棉花、长绒棉费用和用工情况(合表).xlsx
cotton,全国平均,2024,每亩化肥折纯用量,公斤,46.26,xls:2025/3-1-3 2024年各地区棉花、长绒棉化肥投入情况(合表).xlsx
cotton,全国平均,2024,每亩化肥用量,公斤,46.26,xls:2025/3-1-2 2024年各地区棉花、长绒棉费用和用工情况(合表).xlsx
cotton,全国平均,2024,每亩用工数量,日,5.87,xls:2025/3-1-1 2024年各地区棉花、长绒棉成本收益情况(合表).xlsx
cotton,全国平均,2024,流转地租金,元,197.18,xls:2025/3-1-1 2024年各地区棉花、长绒棉成本收益情况(合表).xlsx
cotton,全国平均,2024,燃料动力费,元,10.09,xls:2025/3-1-2 2024年各地区棉花、长绒棉费用和用工情况(合表).xlsx
cotton,全国平均,2024,物质与服务费用,元,1194.24,xls:2025/3-1-1 2024年各地区棉花、长绒棉成本收益情况(合表).xlsx
cotton,全国平均,2024,生产成本,元,1844.56,xls:2025/3-1-1 2024年各地区棉花、长绒棉成本收益情况(合表).xlsx
cotton,全国平均,2024,种子费,元,60.66,xls:2025/3-1-2 2024年各地区棉花、长绒棉费用和用工情况(合表).xlsx
cotton,全国平均,2024,管理费,元,0.35,xls:2025/3-1-2 2024年各地区棉花、长绒棉费用和用工情况(合表).xlsx
cotton,全国平均,2024,自营地折租,元,469.14,xls:2025/3-1-1 2024年各地区棉花、长绒棉成本收益情况(合表).xlsx
cotton,全国平均,2024,财务费,元,5.04,xls:2025/3-1-2 2024年各地区棉花、长绒棉费用和用工情况(合表).xlsx
cotton,全国平均,2024,销售费,元,28.35,xls:2025/3-1-2 2024年各地区棉花、长绒棉费用和用工情况(合表).xlsx
cotton,全国平均,2024,雇工天数,日,1.36,xls:2025/3-1-2 2024年各地区棉花、长绒棉费用和用工情况(合表).xlsx
cotton,全国平均,2024,雇工工价,元/日,146.75,xls:2025/3-1-2 2024年各地区棉花、长绒棉费用和用工情况(合表).xlsx
cotton,全国平均,2024,雇工费用,元,198.99,xls:2025/3-1-1 2024年各地区棉花、长绒棉成本收益情况(合表).xlsx
peanut,全国平均,2006,主产品产值,元,859.76,xls:2007/2-10-1.xls
peanut,全国平均,2006,主产品产量,公斤,217.6,xls:2007/2-10-1.xls
peanut,全国平均,2006,产值合计,元,876.82,xls:2007/2-10-1.xls
peanut,全国平均,2006,人工成本,元,200.62,xls:2007/2-10-1.xls
peanut,全国平均,2006,修理维护费,元,0.97,xls:2007/2-10-2.xls
peanut,全国平均,2006,其他直接费用,元,0.24,xls:2007/2-10-2.xls
peanut,全国平均,2006,农家肥费,元,8.98,xls:2007/2-10-2.xls
peanut,全国平均,2006,农膜费,元,9.48,xls:2007/2-10-2.xls
peanut,全国平均,2006,农药费,元,14.14,xls:2007/2-10-2.xls
peanut,全国平均,2006,劳动日工价,元/日,16.9,xls:2007/2-10-2.xls
peanut,全国平均,2006,化肥费,元,77.37,xls:2007/2-10-2.xls
peanut,全国平均,2006,固定资产折旧,元,2.84,xls:2007/2-10-2.xls
peanut,全国平均,2006,土地成本,元,62.19,xls:2007/2-10-1.xls
peanut,全国平均,2006,家庭用工天数,日,11.55,xls:2007/2-10-2.xls
peanut,全国平均,2006,家庭用工折价,元,195.2,xls:2007/2-10-1.xls
peanut,全国平均,2006,工具材料费,元,2.69,xls:2007/2-10-2.xls
peanut,全国平均,2006,平均出售价格,元/50公斤,197.56,xls:2007/2-10-1.xls
peanut,全国平均,2006,总成本,元,503.92,xls:2007/2-10-1.xls
peanut,全国平均,2006,技术服务费,元,0.05,xls:2007/2-10-2.xls
peanut,全国平均,2006,排灌费,元,6.51,xls:2007/2-10-2.xls
peanut,全国平均,2006,机械作业费,元,22.44,xls:2007/2-10-2.xls
peanut,全国平均,2006,每亩农膜用量,公斤,0.79,xls:2007/2-10-2.xls
peanut,全国平均,2006,每亩化肥折纯用量,公斤,16.71,xls:2007/2-10-3.xls
peanut,全国平均,2006,每亩化肥用量,公斤,16.71,xls:2007/2-10-2.xls
peanut,全国平均,2006,每亩用工数量,日,11.75,xls:2007/2-10-1.xls
peanut,全国平均,2006,每亩种子用量,公斤,15.45,xls:2007/2-10-2.xls
peanut,全国平均,2006,流转地租金,元,2.92,xls:2007/2-10-1.xls
peanut,全国平均,2006,燃料动力费,元,0.23,xls:2007/2-10-2.xls
peanut,全国平均,2006,物质与服务费用,元,241.11,xls:2007/2-10-1.xls
peanut,全国平均,2006,生产成本,元,441.73,xls:2007/2-10-1.xls
peanut,全国平均,2006,畜力费,元,9.03,xls:2007/2-10-2.xls
peanut,全国平均,2006,种子费,元,84.62,xls:2007/2-10-2.xls
peanut,全国平均,2006,管理费,元,0.09,xls:2007/2-10-2.xls
peanut,全国平均,2006,自营地折租,元,59.27,xls:2007/2-10-1.xls
peanut,全国平均,2006,财务费,元,0.01,xls:2007/2-10-2.xls
peanut,全国平均,2006,销售费,元,1.42,xls:2007/2-10-2.xls
peanut,全国平均,2006,雇工天数,日,0.2,xls:2007/2-10-2.xls
peanut,全国平均,2006,雇工工价,元/日,27.1,xls:2007/2-10-2.xls
peanut,全国平均,2006,雇工费用,元,5.42,xls:2007/2-10-1.xls
peanut,全国平均,2007,主产品产值,元,1180.84,xls:2008/2-10-1.xls
peanut,全国平均,2007,主产品产量,公斤,205.1,xls:2008/2-10-1.xls
peanut,全国平均,2007,产值合计,元,1198.44,xls:2008/2-10-1.xls
peanut,全国平均,2007,人工成本,元,208.46,xls:2008/2-10-1.xls
peanut,全国平均,2007,修理维护费,元,1.1,xls:2008/2-10-2.xls
peanut,全国平均,2007,农家肥费,元,9.48,xls:2008/2-10-2.xls
peanut,全国平均,2007,农膜费,元,9.49,xls:2008/2-10-2.xls
peanut,全国平均,2007,农药费,元,16.45,xls:2008/2-10-2.xls
peanut,全国平均,2007,劳动日工价,元/日,18.7,xls:2008/2-10-2.xls
peanut,全国平均,2007,化肥费,元,84.16,xls:2008/2-10-2.xls
peanut,全国平均,2007,固定资产折旧,元,2.89,xls:2008/2-10-2.xls
peanut,全国平均,2007,土地成本,元,91.68,xls:2008/2-10-1.xls
peanut,全国平均,2007,家庭用工天数,日,10.82,xls:2008/2-10-2.xls
peanut,全国平均,2007,家庭用工折价,元,202.33,xls:2008/2-10-1.xls
peanut,全国平均,2007,工具材料费,元,2.61,xls:2008/2-10-2.xls
peanut,全国平均,2007,平均出售价格,元/50公斤,287.87,xls:2008/2-10-1.xls
peanut,全国平均,2007,总成本,元,578.43,xls:2008/2-10-1.xls
peanut,全国平均,2007,技术服务费,元,0.03,xls:2008/2-10-2.xls
peanut,全国平均,2007,排灌费,元,6.63,xls:2008/2-10-2.xls
peanut,全国平均,2007,机械作业费,元,26.17,xls:2008/2-10-2.xls
peanut,全国平均,2007,每亩农膜用量,公斤,0.73,xls:2008/2-10-2.xls
peanut,全国平均,2007,每亩化肥折纯用量,公斤,17.65,xls:2008/2-10-3.xls
peanut,全国平均,2007,每亩化肥用量,公斤,17.65,xls:2008/2-10-2.xls
peanut,全国平均,2007,每亩用工数量,日,11.0,xls:2008/2-10-1.xls
peanut,全国平均,2007,每亩种子用量,公斤,15.6,xls:2008/2-10-2.xls
peanut,全国平均,2007,流转地租金,元,3.16,xls:2008/2-10-1.xls
peanut,全国平均,2007,燃料动力费,元,0.19,xls:2008/2-10-2.xls
peanut,全国平均,2007,物质与服务费用,元,278.29,xls:2008/2-10-1.xls
peanut,全国平均,2007,生产成本,元,486.75,xls:2008/2-10-1.xls
peanut,全国平均,2007,畜力费,元,11.37,xls:2008/2-10-2.xls
peanut,全国平均,2007,种子费,元,106.51,xls:2008/2-10-2.xls
peanut,全国平均,2007,管理费,元,0.06,xls:2008/2-10-2.xls
peanut,全国平均,2007,自营地折租,元,88.52,xls:2008/2-10-1.xls
peanut,全国平均,2007,财务费,元,0.04,xls:2008/2-10-2.xls
peanut,全国平均,2007,销售费,元,1.11,xls:2008/2-10-2.xls
peanut,全国平均,2007,雇工天数,日,0.18,xls:2008/2-10-2.xls
peanut,全国平均,2007,雇工工价,元/日,34.06,xls:2008/2-10-2.xls
peanut,全国平均,2007,雇工费用,元,6.13,xls:2008/2-10-1.xls
peanut,全国平均,2008,主产品产值,元,918.08,xls:2009/20801.xls
peanut,全国平均,2008,主产品产量,公斤,220.5,xls:2009/20801.xls
peanut,全国平均,2008,产值合计,元,933.46,xls:2009/20801.xls
peanut,全国平均,2008,人工成本,元,233.15,xls:2009/20801.xls
peanut,全国平均,2008,修理维护费,元,0.94,xls:2009/20802.xls
peanut,全国平均,2008,其他直接费用,元,0.02,xls:2009/20802.xls
peanut,全国平均,2008,农家肥费,元,9.98,xls:2009/20802.xls
peanut,全国平均,2008,农膜费,元,11.79,xls:2009/20802.xls
peanut,全国平均,2008,农药费,元,18.05,xls:2009/20802.xls
peanut,全国平均,2008,劳动日工价,元/日,21.6,xls:2009/20802.xls
peanut,全国平均,2008,化肥费,元,117.23,xls:2009/20802.xls
peanut,全国平均,2008,固定资产折旧,元,2.69,xls:2009/20802.xls
peanut,全国平均,2008,土地成本,元,107.1,xls:2009/20801.xls
peanut,全国平均,2008,家庭用工天数,日,10.56,xls:2009/20802.xls
peanut,全国平均,2008,家庭用工折价,元,228.1,xls:2009/20801.xls
peanut,全国平均,2008,工具材料费,元,2.54,xls:2009/20802.xls
peanut,全国平均,2008,平均出售价格,元/50公斤,208.18,xls:2009/20801.xls
peanut,全国平均,2008,总成本,元,677.07,xls:2009/20801.xls
peanut,全国平均,2008,排灌费,元,4.77,xls:2009/20802.xls
peanut,全国平均,2008,机械作业费,元,35.04,xls:2009/20802.xls
peanut,全国平均,2008,每亩农膜用量,公斤,0.84,xls:2009/20802.xls
peanut,全国平均,2008,每亩化肥折纯用量,公斤,16.91,xls:2009/20803.xls
peanut,全国平均,2008,每亩化肥用量,公斤,16.91,xls:2009/20802.xls
peanut,全国平均,2008,每亩用工数量,日,10.69,xls:2009/20801.xls
peanut,全国平均,2008,每亩种子用量,公斤,15.61,xls:2009/20802.xls
peanut,全国平均,2008,流转地租金,元,3.42,xls:2009/20801.xls
peanut,全国平均,2008,燃料动力费,元,0.31,xls:2009/20802.xls
peanut,全国平均,2008,物质与服务费用,元,336.82,xls:2009/20801.xls
peanut,全国平均,2008,生产成本,元,569.97,xls:2009/20801.xls
peanut,全国平均,2008,畜力费,元,6.85,xls:2009/20802.xls
peanut,全国平均,2008,种子费,元,126.18,xls:2009/20802.xls
peanut,全国平均,2008,管理费,元,0.01,xls:2009/20802.xls
peanut,全国平均,2008,自营地折租,元,103.68,xls:2009/20801.xls
peanut,全国平均,2008,销售费,元,0.42,xls:2009/20802.xls
peanut,全国平均,2008,雇工天数,日,0.13,xls:2009/20802.xls
peanut,全国平均,2008,雇工工价,元/日,38.85,xls:2009/20802.xls
peanut,全国平均,2008,雇工费用,元,5.05,xls:2009/20801.xls
peanut,全国平均,2009,主产品产值,元,1210.12,xls:2010/020801.xls
peanut,全国平均,2009,主产品产量,公斤,226.87,xls:2010/020801.xls
peanut,全国平均,2009,产值合计,元,1224.35,xls:2010/020801.xls
peanut,全国平均,2009,人工成本,元,254.83,xls:2010/020801.xls
peanut,全国平均,2009,保险费,元,0.05,xls:2010/020802.xls
peanut,全国平均,2009,修理维护费,元,1.04,xls:2010/020802.xls
peanut,全国平均,2009,农家肥费,元,11.31,xls:2010/020802.xls
peanut,全国平均,2009,农膜费,元,8.97,xls:2010/020802.xls
peanut,全国平均,2009,农药费,元,20.62,xls:2010/020802.xls
peanut,全国平均,2009,劳动日工价,元/日,24.8,xls:2010/020802.xls
peanut,全国平均,2009,化肥费,元,105.02,xls:2010/020802.xls
peanut,全国平均,2009,固定资产折旧,元,2.92,xls:2010/020802.xls
peanut,全国平均,2009,土地成本,元,116.7,xls:2010/020801.xls
peanut,全国平均,2009,家庭用工天数,日,10.05,xls:2010/020802.xls
peanut,全国平均,2009,家庭用工折价,元,249.12,xls:2010/020801.xls
peanut,全国平均,2009,工具材料费,元,2.94,xls:2010/020802.xls
peanut,全国平均,2009,平均出售价格,元/50公斤,266.7,xls:2010/020801.xls
peanut,全国平均,2009,总成本,元,677.97,xls:2010/020801.xls
peanut,全国平均,2009,排灌费,元,6.68,xls:2010/020802.xls
peanut,全国平均,2009,机械作业费,元,38.09,xls:2010/020802.xls
peanut,全国平均,2009,每亩农膜用量,公斤,0.75,xls:2010/020802.xls
peanut,全国平均,2009,每亩化肥折纯用量,公斤,18.15,xls:2010/020803.xls
peanut,全国平均,2009,每亩化肥用量,公斤,18.15,xls:2010/020802.xls
peanut,全国平均,2009,每亩用工数量,日,10.18,xls:2010/020801.xls
peanut,全国平均,2009,每亩种子用量,公斤,13.73,xls:2010/020802.xls
peanut,全国平均,2009,流转地租金,元,2.72,xls:2010/020801.xls
peanut,全国平均,2009,燃料动力费,元,0.13,xls:2010/020802.xls
peanut,全国平均,2009,物质与服务费用,元,306.44,xls:2010/020801.xls
peanut,全国平均,2009,生产成本,元,561.27,xls:2010/020801.xls
peanut,全国平均,2009,畜力费,元,6.33,xls:2010/020802.xls
peanut,全国平均,2009,种子费,元,101.54,xls:2010/020802.xls
peanut,全国平均,2009,管理费,元,0.01,xls:2010/020802.xls
peanut,全国平均,2009,自营地折租,元,113.98,xls:2010/020801.xls
peanut,全国平均,2009,销售费,元,0.79,xls:2010/020802.xls
peanut,全国平均,2009,雇工天数,日,0.13,xls:2010/020802.xls
peanut,全国平均,2009,雇工工价,元/日,42.94,xls:2010/020802.xls
peanut,全国平均,2009,雇工费用,元,5.71,xls:2010/020801.xls
peanut,全国平均,2010,主产品产值,元,1268.22,xls:2011/020801.xls
peanut,全国平均,2010,主产品产量,公斤,211.83,xls:2011/020801.xls
peanut,全国平均,2010,产值合计,元,1285.21,xls:2011/020801.xls
peanut,全国平均,2010,人工成本,元,319.61,xls:2011/020801.xls
peanut,全国平均,2010,修理维护费,元,1.01,xls:2011/020802.xls
peanut,全国平均,2010,农家肥费,元,9.29,xls:2011/020802.xls
peanut,全国平均,2010,农膜费,元,9.19,xls:2011/020802.xls
peanut,全国平均,2010,农药费,元,21.82,xls:2011/020802.xls
peanut,全国平均,2010,劳动日工价,元/日,31.3,xls:2011/020802.xls
peanut,全国平均,2010,化肥费,元,103.19,xls:2011/020802.xls
peanut,全国平均,2010,固定资产折旧,元,2.83,xls:2011/020802.xls
peanut,全国平均,2010,土地成本,元,138.19,xls:2011/020801.xls
peanut,全国平均,2010,家庭用工天数,日,10.01,xls:2011/020802.xls
peanut,全国平均,2010,家庭用工折价,元,313.41,xls:2011/020801.xls
peanut,全国平均,2010,工具材料费,元,2.86,xls:2011/020802.xls
peanut,全国平均,2010,平均出售价格,元/50公斤,299.35,xls:2011/020801.xls
peanut,全国平均,2010,总成本,元,787.95,xls:2011/020801.xls
peanut,全国平均,2010,排灌费,元,7.02,xls:2011/020802.xls
peanut,全国平均,2010,机械作业费,元,42.42,xls:2011/020802.xls
peanut,全国平均,2010,每亩农膜用量,公斤,0.74,xls:2011/020802.xls
peanut,全国平均,2010,每亩化肥折纯用量,公斤,18.62,xls:2011/020803.xls
peanut,全国平均,2010,每亩化肥用量,公斤,18.62,xls:2011/020802.xls
peanut,全国平均,2010,每亩用工数量,日,10.15,xls:2011/020801.xls
peanut,全国平均,2010,每亩种子用量,公斤,14.44,xls:2011/020802.xls
peanut,全国平均,2010,流转地租金,元,5.92,xls:2011/020801.xls
peanut,全国平均,2010,燃料动力费,元,0.29,xls:2011/020802.xls
peanut,全国平均,2010,物质与服务费用,元,330.15,xls:2011/020801.xls
peanut,全国平均,2010,生产成本,元,649.76,xls:2011/020801.xls
peanut,全国平均,2010,畜力费,元,7.96,xls:2011/020802.xls
peanut,全国平均,2010,种子费,元,121.9,xls:2011/020802.xls
peanut,全国平均,2010,自营地折租,元,132.27,xls:2011/020801.xls
peanut,全国平均,2010,销售费,元,0.37,xls:2011/020802.xls
peanut,全国平均,2010,雇工天数,日,0.14,xls:2011/020802.xls
peanut,全国平均,2010,雇工工价,元/日,45.89,xls:2011/020802.xls
peanut,全国平均,2010,雇工费用,元,6.2,xls:2011/020801.xls
peanut,全国平均,2011,主产品产值,元,1663.06,xls:2012/020801.xls
peanut,全国平均,2011,主产品产量,公斤,235.9,xls:2012/020801.xls
peanut,全国平均,2011,产值合计,元,1681.46,xls:2012/020801.xls
peanut,全国平均,2011,人工成本,元,399.15,xls:2012/020801.xls
peanut,全国平均,2011,修理维护费,元,1.33,xls:2012/020802.xls
peanut,全国平均,2011,农家肥费,元,9.76,xls:2012/020802.xls
peanut,全国平均,2011,农膜费,元,9.99,xls:2012/020802.xls
peanut,全国平均,2011,农药费,元,29.34,xls:2012/020802.xls
peanut,全国平均,2011,劳动日工价,元/日,40.0,xls:2012/020802.xls
peanut,全国平均,2011,化肥费,元,119.79,xls:2012/020802.xls
peanut,全国平均,2011,固定资产折旧,元,3.56,xls:2012/020802.xls
peanut,全国平均,2011,土地成本,元,155.88,xls:2012/020801.xls
peanut,全国平均,2011,家庭用工天数,日,9.79,xls:2012/020802.xls
peanut,全国平均,2011,家庭用工折价,元,391.4,xls:2012/020801.xls
peanut,全国平均,2011,工具材料费,元,3.43,xls:2012/020802.xls
peanut,全国平均,2011,平均出售价格,元/50公斤,352.49,xls:2012/020801.xls
peanut,全国平均,2011,总成本,元,958.67,xls:2012/020801.xls
peanut,全国平均,2011,排灌费,元,6.84,xls:2012/020802.xls
peanut,全国平均,2011,机械作业费,元,43.61,xls:2012/020802.xls
peanut,全国平均,2011,每亩农膜用量,公斤,0.79,xls:2012/020802.xls
peanut,全国平均,2011,每亩化肥折纯用量,公斤,18.43,xls:2012/020803.xls
peanut,全国平均,2011,每亩化肥用量,公斤,18.43,xls:2012/020802.xls
peanut,全国平均,2011,每亩用工数量,日,9.91,xls:2012/020801.xls
peanut,全国平均,2011,每亩种子用量,公斤,14.61,xls:2012/020802.xls
peanut,全国平均,2011,流转地租金,元,8.3,xls:2012/020801.xls
peanut,全国平均,2011,燃料动力费,元,0.52,xls:2012/020802.xls
peanut,全国平均,2011,物质与服务费用,元,403.64,xls:2012/020801.xls
peanut,全国平均,2011,生产成本,元,802.79,xls:2012/020801.xls
peanut,全国平均,2011,畜力费,元,9.34,xls:2012/020802.xls
peanut,全国平均,2011,种子费,元,165.4,xls:2012/020802.xls
peanut,全国平均,2011,自营地折租,元,147.58,xls:2012/020801.xls
peanut,全国平均,2011,销售费,元,0.73,xls:2012/020802.xls
peanut,全国平均,2011,雇工天数,日,0.13,xls:2012/020802.xls
peanut,全国平均,2011,雇工工价,元/日,62.01,xls:2012/020802.xls
peanut,全国平均,2011,雇工费用,元,7.75,xls:2012/020801.xls
peanut,全国平均,2012,主产品产值,元,1821.9,xls:2013/020801.xls
peanut,全国平均,2012,主产品产量,公斤,237.11,xls:2013/020801.xls
peanut,全国平均,2012,产值合计,元,1839.33,xls:2013/020801.xls
peanut,全国平均,2012,人工成本,元,533.59,xls:2013/020801.xls
peanut,全国平均,2012,修理维护费,元,1.24,xls:2013/020802.xls
peanut,全国平均,2012,农家肥费,元,11.22,xls:2013/020802.xls
peanut,全国平均,2012,农膜费,元,9.59,xls:2013/020802.xls
peanut,全国平均,2012,农药费,元,33.12,xls:2013/020802.xls
peanut,全国平均,2012,劳动日工价,元/日,56.0,xls:2013/020802.xls
peanut,全国平均,2012,化肥费,元,129.72,xls:2013/020802.xls
peanut,全国平均,2012,固定资产折旧,元,3.31,xls:2013/020802.xls
peanut,全国平均,2012,土地成本,元,179.73,xls:2013/020801.xls
peanut,全国平均,2012,家庭用工天数,日,9.26,xls:2013/020802.xls
peanut,全国平均,2012,家庭用工折价,元,518.34,xls:2013/020801.xls
peanut,全国平均,2012,工具材料费,元,3.44,xls:2013/020802.xls
peanut,全国平均,2012,平均出售价格,元/50公斤,384.19,xls:2013/020801.xls
peanut,全国平均,2012,总成本,元,1164.13,xls:2013/020801.xls
peanut,全国平均,2012,排灌费,元,12.14,xls:2013/020802.xls
peanut,全国平均,2012,机械作业费,元,60.47,xls:2013/020802.xls
peanut,全国平均,2012,每亩农膜用量,公斤,0.77,xls:2013/020802.xls
peanut,全国平均,2012,每亩化肥折纯用量,公斤,18.86,xls:2013/020803.xls
peanut,全国平均,2012,每亩化肥用量,公斤,18.86,xls:2013/020802.xls
peanut,全国平均,2012,每亩用工数量,日,9.5,xls:2013/020801.xls
peanut,全国平均,2012,每亩种子用量,公斤,14.54,xls:2013/020802.xls
peanut,全国平均,2012,流转地租金,元,10.47,xls:2013/020801.xls
peanut,全国平均,2012,燃料动力费,元,0.6,xls:2013/020802.xls
peanut,全国平均,2012,物质与服务费用,元,450.81,xls:2013/020801.xls
peanut,全国平均,2012,生产成本,元,984.4,xls:2013/020801.xls
peanut,全国平均,2012,畜力费,元,10.77,xls:2013/020802.xls
peanut,全国平均,2012,种子费,元,174.43,xls:2013/020802.xls
peanut,全国平均,2012,自营地折租,元,169.26,xls:2013/020801.xls
peanut,全国平均,2012,销售费,元,0.76,xls:2013/020802.xls
peanut,全国平均,2012,雇工天数,日,0.24,xls:2013/020802.xls
peanut,全国平均,2012,雇工工价,元/日,62.77,xls:2013/020802.xls
peanut,全国平均,2012,雇工费用,元,15.25,xls:2013/020801.xls
peanut,全国平均,2013,主产品产值,元,1420.55,xls:2014/020801a.xls
peanut,全国平均,2013,主产品产量,公斤,250.21,xls:2014/020801a.xls
peanut,全国平均,2013,产值合计,元,1441.7,xls:2014/020801a.xls
peanut,全国平均,2013,人工成本,元,645.51,xls:2014/020801a.xls
peanut,全国平均,2013,保险费,元,0.01,xls:2014/020802a.xls
peanut,全国平均,2013,修理维护费,元,1.09,xls:2014/020802a.xls
peanut,全国平均,2013,农家肥费,元,9.87,xls:2014/020802a.xls
peanut,全国平均,2013,农膜费,元,9.11,xls:2014/020802a.xls
peanut,全国平均,2013,农药费,元,34.09,xls:2014/020802a.xls
peanut,全国平均,2013,劳动日工价,元/日,68.0,xls:2014/020802a.xls
peanut,全国平均,2013,化肥费,元,129.78,xls:2014/020802a.xls
peanut,全国平均,2013,固定资产折旧,元,2.55,xls:2014/020802a.xls
peanut,全国平均,2013,土地成本,元,221.75,xls:2014/020801a.xls
peanut,全国平均,2013,家庭用工天数,日,9.36,xls:2014/020802a.xls
peanut,全国平均,2013,家庭用工折价,元,636.14,xls:2014/020801a.xls
peanut,全国平均,2013,工具材料费,元,3.69,xls:2014/020802a.xls
peanut,全国平均,2013,平均出售价格,元/50公斤,283.87,xls:2014/020801a.xls
peanut,全国平均,2013,总成本,元,1317.1,xls:2014/020801a.xls
peanut,全国平均,2013,排灌费,元,8.18,xls:2014/020802a.xls
peanut,全国平均,2013,机械作业费,元,67.23,xls:2014/020802a.xls
peanut,全国平均,2013,每亩农膜用量,公斤,0.73,xls:2014/020802a.xls
peanut,全国平均,2013,每亩化肥折纯用量,公斤,18.94,xls:2014/020803a.xls
peanut,全国平均,2013,每亩化肥用量,公斤,18.94,xls:2014/020802a.xls
peanut,全国平均,2013,每亩用工数量,日,9.48,xls:2014/020801a.xls
peanut,全国平均,2013,每亩种子用量,公斤,15.34,xls:2014/020802a.xls
peanut,全国平均,2013,流转地租金,元,15.93,xls:2014/020801a.xls
peanut,全国平均,2013,物质与服务费用,元,449.84,xls:2014/020801a.xls
peanut,全国平均,2013,生产成本,元,1095.35,xls:2014/020801a.xls
peanut,全国平均,2013,畜力费,元,12.77,xls:2014/020802a.xls
peanut,全国平均,2013,种子费,元,170.44,xls:2014/020802a.xls
peanut,全国平均,2013,自营地折租,元,205.82,xls:2014/020801a.xls
peanut,全国平均,2013,销售费,元,1.03,xls:2014/020802a.xls
peanut,全国平均,2013,雇工天数,日,0.12,xls:2014/020802a.xls
peanut,全国平均,2013,雇工工价,元/日,75.59,xls:2014/020802a.xls
peanut,全国平均,2013,雇工费用,元,9.37,xls:2014/020801a.xls
peanut,全国平均,2014,主产品产值,元,1466.73,xls:2015/0208-01.xls
peanut,全国平均,2014,主产品产量,公斤,233.15,xls:2015/0208-01.xls
peanut,全国平均,2014,产值合计,元,1487.17,xls:2015/0208-01.xls
peanut,全国平均,2014,人工成本,元,678.07,xls:2015/0208-01.xls
peanut,全国平均,2014,修理维护费,元,1.18,xls:2015/0208-02.xls
peanut,全国平均,2014,农家肥费,元,9.25,xls:2015/0208-02.xls
peanut,全国平均,2014,农膜费,元,9.27,xls:2015/0208-02.xls
peanut,全国平均,2014,农药费,元,32.57,xls:2015/0208-02.xls
peanut,全国平均,2014,劳动日工价,元/日,74.4,xls:2015/0208-02.xls
peanut,全国平均,2014,化肥费,元,122.11,xls:2015/0208-02.xls
peanut,全国平均,2014,固定资产折旧,元,3.97,xls:2015/0208-02.xls
peanut,全国平均,2014,土地成本,元,236.46,xls:2015/0208-01.xls
peanut,全国平均,2014,家庭用工天数,日,8.99,xls:2015/0208-02.xls
peanut,全国平均,2014,家庭用工折价,元,668.48,xls:2015/0208-01.xls
peanut,全国平均,2014,工具材料费,元,3.73,xls:2015/0208-02.xls
peanut,全国平均,2014,平均出售价格,元/50公斤,314.55,xls:2015/0208-01.xls
peanut,全国平均,2014,总成本,元,1343.39,xls:2015/0208-01.xls
peanut,全国平均,2014,排灌费,元,10.61,xls:2015/0208-02.xls
peanut,全国平均,2014,机械作业费,元,66.61,xls:2015/0208-02.xls
peanut,全国平均,2014,每亩农膜用量,公斤,0.73,xls:2015/0208-02.xls
peanut,全国平均,2014,每亩化肥折纯用量,公斤,19.14,xls:2015/0208-03.xls
peanut,全国平均,2014,每亩化肥用量,公斤,19.14,xls:2015/0208-02.xls
peanut,全国平均,2014,每亩用工数量,日,9.09,xls:2015/0208-01.xls
peanut,全国平均,2014,每亩种子用量,公斤,14.67,xls:2015/0208-02.xls
peanut,全国平均,2014,流转地租金,元,19.05,xls:2015/0208-01.xls
peanut,全国平均,2014,燃料动力费,元,1.03,xls:2015/0208-02.xls
peanut,全国平均,2014,物质与服务费用,元,428.86,xls:2015/0208-01.xls
peanut,全国平均,2014,生产成本,元,1106.93,xls:2015/0208-01.xls
peanut,全国平均,2014,畜力费,元,12.99,xls:2015/0208-02.xls
peanut,全国平均,2014,种子费,元,154.35,xls:2015/0208-02.xls
peanut,全国平均,2014,自营地折租,元,217.41,xls:2015/0208-01.xls
peanut,全国平均,2014,销售费,元,1.19,xls:2015/0208-02.xls
peanut,全国平均,2014,雇工天数,日,0.11,xls:2015/0208-02.xls
peanut,全国平均,2014,雇工工价,元/日,91.34,xls:2015/0208-02.xls
peanut,全国平均,2014,雇工费用,元,9.59,xls:2015/0208-01.xls
peanut,全国平均,2015,主产品产值,元,1472.11,xls:2016/2-08-1a.xls
peanut,全国平均,2015,主产品产量,公斤,238.26,xls:2016/2-08-1a.xls
peanut,全国平均,2015,产值合计,元,1493.54,xls:2016/2-08-1a.xls
peanut,全国平均,2015,人工成本,元,693.64,xls:2016/2-08-1a.xls
peanut,全国平均,2015,修理维护费,元,1.33,xls:2016/2-08-2a.xls
peanut,全国平均,2015,农家肥费,元,8.45,xls:2016/2-08-2a.xls
peanut,全国平均,2015,农膜费,元,8.52,xls:2016/2-08-2a.xls
peanut,全国平均,2015,农药费,元,33.6,xls:2016/2-08-2a.xls
peanut,全国平均,2015,劳动日工价,元/日,78.0,xls:2016/2-08-2a.xls
peanut,全国平均,2015,化肥费,元,125.53,xls:2016/2-08-2a.xls
peanut,全国平均,2015,固定资产折旧,元,4.08,xls:2016/2-08-2a.xls
peanut,全国平均,2015,土地成本,元,256.86,xls:2016/2-08-1a.xls
peanut,全国平均,2015,家庭用工天数,日,8.74,xls:2016/2-08-2a.xls
peanut,全国平均,2015,家庭用工折价,元,681.64,xls:2016/2-08-1a.xls
peanut,全国平均,2015,工具材料费,元,4.12,xls:2016/2-08-2a.xls
peanut,全国平均,2015,平均出售价格,元/50公斤,308.93,xls:2016/2-08-1a.xls
peanut,全国平均,2015,总成本,元,1396.83,xls:2016/2-08-1a.xls
peanut,全国平均,2015,排灌费,元,10.35,xls:2016/2-08-2a.xls
peanut,全国平均,2015,机械作业费,元,70.73,xls:2016/2-08-2a.xls
peanut,全国平均,2015,每亩农膜用量,公斤,0.71,xls:2016/2-08-2a.xls
peanut,全国平均,2015,每亩化肥折纯用量,公斤,20.04,xls:2016/2-08-3a.xls
peanut,全国平均,2015,每亩化肥用量,公斤,20.04,xls:2016/2-08-2a.xls
peanut,全国平均,2015,每亩用工数量,日,8.89,xls:2016/2-08-1a.xls
peanut,全国平均,2015,每亩种子用量,公斤,15.12,xls:2016/2-08-2a.xls
peanut,全国平均,2015,流转地租金,元,22.75,xls:2016/2-08-1a.xls
peanut,全国平均,2015,燃料动力费,元,1.19,xls:2016/2-08-2a.xls
peanut,全国平均,2015,物质与服务费用,元,446.33,xls:2016/2-08-1a.xls
peanut,全国平均,2015,生产成本,元,1139.97,xls:2016/2-08-1a.xls
peanut,全国平均,2015,畜力费,元,10.22,xls:2016/2-08-2a.xls
peanut,全国平均,2015,种子费,元,166.98,xls:2016/2-08-2a.xls
peanut,全国平均,2015,自营地折租,元,234.11,xls:2016/2-08-1a.xls
peanut,全国平均,2015,销售费,元,1.23,xls:2016/2-08-2a.xls
peanut,全国平均,2015,雇工天数,日,0.15,xls:2016/2-08-2a.xls
peanut,全国平均,2015,雇工工价,元/日,82.17,xls:2016/2-08-2a.xls
peanut,全国平均,2015,雇工费用,元,12.0,xls:2016/2-08-1a.xls
peanut,全国平均,2016,主产品产值,元,1665.4,xls:2017/2-08-1a.xls
peanut,全国平均,2016,主产品产量,公斤,259.01,xls:2017/2-08-1a.xls
peanut,全国平均,2016,产值合计,元,1684.48,xls:2017/2-08-1a.xls
peanut,全国平均,2016,人工成本,元,695.082,xls:2017/2-08-1a.xls
peanut,全国平均,2016,保险费,元,0.28,xls:2017/2-08-2a.xls
peanut,全国平均,2016,修理维护费,元,1.23,xls:2017/2-08-2a.xls
peanut,全国平均,2016,其他直接费用,元,0.0,xls:2017/2-08-2a.xls
peanut,全国平均,2016,农家肥费,元,9.36,xls:2017/2-08-2a.xls
peanut,全国平均,2016,农膜费,元,8.95,xls:2017/2-08-2a.xls
peanut,全国平均,2016,农药费,元,35.78,xls:2017/2-08-2a.xls
peanut,全国平均,2016,劳动日工价,元/日,81.4,xls:2017/2-08-2a.xls
peanut,全国平均,2016,化肥费,元,123.89,xls:2017/2-08-2a.xls
peanut,全国平均,2016,固定资产折旧,元,3.59,xls:2017/2-08-2a.xls
peanut,全国平均,2016,土地成本,元,255.34,xls:2017/2-08-1a.xls
peanut,全国平均,2016,家庭用工天数,日,8.33,xls:2017/2-08-2a.xls
peanut,全国平均,2016,家庭用工折价,元,678.062,xls:2017/2-08-1a.xls
peanut,全国平均,2016,工具材料费,元,4.4,xls:2017/2-08-2a.xls
peanut,全国平均,2016,平均出售价格,元/50公斤,321.49,xls:2017/2-08-1a.xls
peanut,全国平均,2016,总成本,元,1414.042,xls:2017/2-08-1a.xls
peanut,全国平均,2016,技术服务费,元,0.0,xls:2017/2-08-2a.xls
peanut,全国平均,2016,排灌费,元,10.15,xls:2017/2-08-2a.xls
peanut,全国平均,2016,机械作业费,元,78.88,xls:2017/2-08-2a.xls
peanut,全国平均,2016,每亩农膜用量,公斤,0.79,xls:2017/2-08-2a.xls
peanut,全国平均,2016,每亩化肥折纯用量,公斤,20.3,xls:2017/2-08-3a.xls
peanut,全国平均,2016,每亩化肥用量,公斤,20.3,xls:2017/2-08-2a.xls
peanut,全国平均,2016,每亩用工数量,日,8.53,xls:2017/2-08-1a.xls
peanut,全国平均,2016,每亩种子用量,公斤,15.18,xls:2017/2-08-2a.xls
peanut,全国平均,2016,流转地租金,元,25.26,xls:2017/2-08-1a.xls
peanut,全国平均,2016,燃料动力费,元,1.07,xls:2017/2-08-2a.xls
peanut,全国平均,2016,物质与服务费用,元,463.62,xls:2017/2-08-1a.xls
peanut,全国平均,2016,生产成本,元,1158.702,xls:2017/2-08-1a.xls
peanut,全国平均,2016,畜力费,元,8.93,xls:2017/2-08-2a.xls
peanut,全国平均,2016,种子费,元,176.22,xls:2017/2-08-2a.xls
peanut,全国平均,2016,管理费,元,0.0,xls:2017/2-08-2a.xls
peanut,全国平均,2016,自营地折租,元,230.08,xls:2017/2-08-1a.xls
peanut,全国平均,2016,财务费,元,0.0,xls:2017/2-08-2a.xls
peanut,全国平均,2016,销售费,元,0.89,xls:2017/2-08-2a.xls
peanut,全国平均,2016,雇工天数,日,0.2,xls:2017/2-08-2a.xls
peanut,全国平均,2016,雇工工价,元/日,85.1,xls:2017/2-08-2a.xls
peanut,全国平均,2016,雇工费用,元,17.02,xls:2017/2-08-1a.xls
peanut,全国平均,2017,主产品产值,元,1452.94,xls:2018/2-8-1 2017年各地区花生成本收益情况.xls
peanut,全国平均,2017,主产品产量,公斤,253.27,xls:2018/2-8-1 2017年各地区花生成本收益情况.xls
peanut,全国平均,2017,产值合计,元,1470.97,xls:2018/2-8-1 2017年各地区花生成本收益情况.xls
peanut,全国平均,2017,人工成本,元,693.8731,xls:2018/2-8-1 2017年各地区花生成本收益情况.xls
peanut,全国平均,2017,保险费,元,0.0,xls:2018/2-8-2 2017年各地区花生费用和用工情况.xls
peanut,全国平均,2017,修理维护费,元,1.41,xls:2018/2-8-2 2017年各地区花生费用和用工情况.xls
peanut,全国平均,2017,其他直接费用,元,0.0,xls:2018/2-8-2 2017年各地区花生费用和用工情况.xls
peanut,全国平均,2017,农家肥费,元,8.27,xls:2018/2-8-2 2017年各地区花生费用和用工情况.xls
peanut,全国平均,2017,农膜费,元,8.96,xls:2018/2-8-2 2017年各地区花生费用和用工情况.xls
peanut,全国平均,2017,农药费,元,39.06,xls:2018/2-8-2 2017年各地区花生费用和用工情况.xls
peanut,全国平均,2017,劳动日工价,元/日,83.1,xls:2018/2-8-2 2017年各地区花生费用和用工情况.xls
peanut,全国平均,2017,化肥费,元,126.9,xls:2018/2-8-2 2017年各地区花生费用和用工情况.xls
peanut,全国平均,2017,固定资产折旧,元,3.3,xls:2018/2-8-2 2017年各地区花生费用和用工情况.xls
peanut,全国平均,2017,土地成本,元,255.37,xls:2018/2-8-1 2017年各地区花生成本收益情况.xls
peanut,全国平均,2017,家庭用工天数,日,8.201,xls:2018/2-8-2 2017年各地区花生费用和用工情况.xls
peanut,全国平均,2017,家庭用工折价,元,681.5031,xls:2018/2-8-1 2017年各地区花生成本收益情况.xls
peanut,全国平均,2017,工具材料费,元,4.35,xls:2018/2-8-2 2017年各地区花生费用和用工情况.xls
peanut,全国平均,2017,平均出售价格,元/50公斤,286.84,xls:2018/2-8-1 2017年各地区花生成本收益情况.xls
peanut,全国平均,2017,总成本,元,1412.8931,xls:2018/2-8-1 2017年各地区花生成本收益情况.xls
peanut,全国平均,2017,技术服务费,元,0.0,xls:2018/2-8-2 2017年各地区花生费用和用工情况.xls
peanut,全国平均,2017,排灌费,元,9.86,xls:2018/2-8-2 2017年各地区花生费用和用工情况.xls
peanut,全国平均,2017,机械作业费,元,78.78,xls:2018/2-8-2 2017年各地区花生费用和用工情况.xls
peanut,全国平均,2017,每亩农膜用量,公斤,0.78,xls:2018/2-8-2 2017年各地区花生费用和用工情况.xls
peanut,全国平均,2017,每亩化肥折纯用量,公斤,20.57,xls:2018/2-8-3 2017年各地区花生化肥投入情况.xls
peanut,全国平均,2017,每亩化肥用量,公斤,20.57,xls:2018/2-8-2 2017年各地区花生费用和用工情况.xls
peanut,全国平均,2017,每亩用工数量,日,8.35,xls:2018/2-8-1 2017年各地区花生成本收益情况.xls
peanut,全国平均,2017,每亩种子用量,公斤,15.46,xls:2018/2-8-2 2017年各地区花生费用和用工情况.xls
peanut,全国平均,2017,流转地租金,元,28.43,xls:2018/2-8-1 2017年各地区花生成本收益情况.xls
peanut,全国平均,2017,燃料动力费,元,1.47,xls:2018/2-8-2 2017年各地区花生费用和用工情况.xls
peanut,全国平均,2017,物质与服务费用,元,463.65,xls:2018/2-8-1 2017年各地区花生成本收益情况.xls
peanut,全国平均,2017,生产成本,元,1157.5231,xls:2018/2-8-1 2017年各地区花生成本收益情况.xls
peanut,全国平均,2017,畜力费,元,8.14,xls:2018/2-8-2 2017年各地区花生费用和用工情况.xls
peanut,全国平均,2017,种子费,元,172.27,xls:2018/2-8-2 2017年各地区花生费用和用工情况.xls
peanut,全国平均,2017,管理费,元,0.0,xls:2018/2-8-2 2017年各地区花生费用和用工情况.xls
peanut,全国平均,2017,自营地折租,元,226.94,xls:2018/2-8-1 2017年各地区花生成本收益情况.xls
peanut,全国平均,2017,财务费,元,0.0,xls:2018/2-8-2 2017年各地区花生费用和用工情况.xls
peanut,全国平均,2017,销售费,元,0.88,xls:2018/2-8-2 2017年各地区花生费用和用工情况.xls
peanut,全国平均,2017,雇工天数,日,0.15,xls:2018/2-8-2 2017年各地区花生费用和用工情况.xls
peanut,全国平均,2017,雇工工价,元/日,82.467,xls:2018/2-8-2 2017年各地区花生费用和用工情况.xls
peanut,全国平均,2017,雇工费用,元,12.37,xls:2018/2-8-1 2017年各地区花生成本收益情况.xls
peanut,全国平均,2018,主产品产值,元,1426.53,xls:2019/2-8-1 2018年各地区花生成本收益情况.xls
peanut,全国平均,2018,主产品产量,公斤,256.67,xls:2019/2-8-1 2018年各地区花生成本收益情况.xls
peanut,全国平均,2018,产值合计,元,1445.16,xls:2019/2-8-1 2018年各地区花生成本收益情况.xls
peanut,全国平均,2018,人工成本,元,691.5823,xls:2019/2-8-1 2018年各地区花生成本收益情况.xls
peanut,全国平均,2018,保险费,元,0.3,xls:2019/2-8-2 2018年各地区花生费用和用工情况.xls
peanut,全国平均,2018,修理维护费,元,1.16,xls:2019/2-8-2 2018年各地区花生费用和用工情况.xls
peanut,全国平均,2018,其他直接费用,元,0.0,xls:2019/2-8-2 2018年各地区花生费用和用工情况.xls
peanut,全国平均,2018,农家肥费,元,10.35,xls:2019/2-8-2 2018年各地区花生费用和用工情况.xls
peanut,全国平均,2018,农膜费,元,8.69,xls:2019/2-8-2 2018年各地区花生费用和用工情况.xls
peanut,全国平均,2018,农药费,元,41.3,xls:2019/2-8-2 2018年各地区花生费用和用工情况.xls
peanut,全国平均,2018,劳动日工价,元/日,84.89,xls:2019/2-8-2 2018年各地区花生费用和用工情况.xls
peanut,全国平均,2018,化肥费,元,136.5,xls:2019/2-8-2 2018年各地区花生费用和用工情况.xls
peanut,全国平均,2018,固定资产折旧,元,3.15,xls:2019/2-8-2 2018年各地区花生费用和用工情况.xls
peanut,全国平均,2018,土地成本,元,251.1,xls:2019/2-8-1 2018年各地区花生成本收益情况.xls
peanut,全国平均,2018,家庭用工天数,日,8.07,xls:2019/2-8-2 2018年各地区花生费用和用工情况.xls
peanut,全国平均,2018,家庭用工折价,元,685.0623,xls:2019/2-8-1 2018年各地区花生成本收益情况.xls
peanut,全国平均,2018,工具材料费,元,4.22,xls:2019/2-8-2 2018年各地区花生费用和用工情况.xls
peanut,全国平均,2018,平均出售价格,元/50公斤,277.89,xls:2019/2-8-1 2018年各地区花生成本收益情况.xls
peanut,全国平均,2018,总成本,元,1412.9223,xls:2019/2-8-1 2018年各地区花生成本收益情况.xls
peanut,全国平均,2018,技术服务费,元,0.0,xls:2019/2-8-2 2018年各地区花生费用和用工情况.xls
peanut,全国平均,2018,排灌费,元,10.6,xls:2019/2-8-2 2018年各地区花生费用和用工情况.xls
peanut,全国平均,2018,机械作业费,元,86.76,xls:2019/2-8-2 2018年各地区花生费用和用工情况.xls
peanut,全国平均,2018,每亩农膜用量,公斤,0.74,xls:2019/2-8-2 2018年各地区花生费用和用工情况.xls
peanut,全国平均,2018,每亩化肥折纯用量,公斤,21.29,xls:2019/2-8-3 2018年各地区花生化肥投入情况.xls
peanut,全国平均,2018,每亩化肥用量,公斤,21.29,xls:2019/2-8-2 2018年各地区花生费用和用工情况.xls
peanut,全国平均,2018,每亩用工数量,日,8.15,xls:2019/2-8-1 2018年各地区花生成本收益情况.xls
peanut,全国平均,2018,每亩种子用量,公斤,15.22,xls:2019/2-8-2 2018年各地区花生费用和用工情况.xls
peanut,全国平均,2018,流转地租金,元,27.91,xls:2019/2-8-1 2018年各地区花生成本收益情况.xls
peanut,全国平均,2018,燃料动力费,元,1.78,xls:2019/2-8-2 2018年各地区花生费用和用工情况.xls
peanut,全国平均,2018,物质与服务费用,元,470.24,xls:2019/2-8-1 2018年各地区花生成本收益情况.xls
peanut,全国平均,2018,生产成本,元,1161.8223,xls:2019/2-8-1 2018年各地区花生成本收益情况.xls
peanut,全国平均,2018,畜力费,元,6.33,xls:2019/2-8-2 2018年各地区花生费用和用工情况.xls
peanut,全国平均,2018,种子费,元,158.47,xls:2019/2-8-2 2018年各地区花生费用和用工情况.xls
peanut,全国平均,2018,管理费,元,0.0,xls:2019/2-8-2 2018年各地区花生费用和用工情况.xls
peanut,全国平均,2018,自营地折租,元,223.19,xls:2019/2-8-1 2018年各地区花生成本收益情况.xls
peanut,全国平均,2018,财务费,元,0.0,xls:2019/2-8-2 2018年各地区花生费用和用工情况.xls
peanut,全国平均,2018,销售费,元,0.63,xls:2019/2-8-2 2018年各地区花生费用和用工情况.xls
peanut,全国平均,2018,雇工天数,日,0.08,xls:2019/2-8-2 2018年各地区花生费用和用工情况.xls
peanut,全国平均,2018,雇工工价,元/日,81.5,xls:2019/2-8-2 2018年各地区花生费用和用工情况.xls
peanut,全国平均,2018,雇工费用,元,6.52,xls:2019/2-8-1 2018年各地区花生成本收益情况.xls
peanut,全国平均,2024,主产品产值,元,1922.65,xls:2025/2-8-1 2024年各地区花生成本收益情况.xlsx
peanut,全国平均,2024,主产品产量,公斤,260.85,xls:2025/2-8-1 2024年各地区花生成本收益情况.xlsx
peanut,全国平均,2024,产值合计,元,1941.77,xls:2025/2-8-1 2024年各地区花生成本收益情况.xlsx
peanut,全国平均,2024,人工成本,元,694.08,xls:2025/2-8-1 2024年各地区花生成本收益情况.xlsx
peanut,全国平均,2024,保险费,元,1.71,xls:2025/2-8-2 2024年各地区花生费用和用工情况.xlsx
peanut,全国平均,2024,修理维护费,元,1.33,xls:2025/2-8-2 2024年各地区花生费用和用工情况.xlsx
peanut,全国平均,2024,农家肥费,元,11.68,xls:2025/2-8-2 2024年各地区花生费用和用工情况.xlsx
peanut,全国平均,2024,农膜费,元,8.94,xls:2025/2-8-2 2024年各地区花生费用和用工情况.xlsx
peanut,全国平均,2024,农药费,元,63.13,xls:2025/2-8-2 2024年各地区花生费用和用工情况.xlsx
peanut,全国平均,2024,劳动日工价,元/日,99.92,xls:2025/2-8-2 2024年各地区花生费用和用工情况.xlsx
peanut,全国平均,2024,化肥费,元,182.23,xls:2025/2-8-2 2024年各地区花生费用和用工情况.xlsx
peanut,全国平均,2024,固定资产折旧,元,5.01,xls:2025/2-8-2 2024年各地区花生费用和用工情况.xlsx
peanut,全国平均,2024,土地成本,元,275.15,xls:2025/2-8-1 2024年各地区花生成本收益情况.xlsx
peanut,全国平均,2024,家庭用工天数,日,6.81,xls:2025/2-8-2 2024年各地区花生费用和用工情况.xlsx
peanut,全国平均,2024,家庭用工折价,元,680.66,xls:2025/2-8-1 2024年各地区花生成本收益情况.xlsx
peanut,全国平均,2024,工具材料费,元,3.66,xls:2025/2-8-2 2024年各地区花生费用和用工情况.xlsx
peanut,全国平均,2024,平均出售价格,元/50公斤,368.54,xls:2025/2-8-1 2024年各地区花生成本收益情况.xlsx
peanut,全国平均,2024,总成本,元,1580.54,xls:2025/2-8-1 2024年各地区花生成本收益情况.xlsx
peanut,全国平均,2024,排灌费,元,7.73,xls:2025/2-8-2 2024年各地区花生费用和用工情况.xlsx
peanut,全国平均,2024,机械作业费,元,119.78,xls:2025/2-8-2 2024年各地区花生费用和用工情况.xlsx
peanut,全国平均,2024,每亩农膜用量,公斤,0.79,xls:2025/2-8-2 2024年各地区花生费用和用工情况.xlsx
peanut,全国平均,2024,每亩化肥折纯用量,公斤,22.38,xls:2025/2-8-3 2024年各地区花生化肥投入情况.xlsx
peanut,全国平均,2024,每亩化肥用量,公斤,22.38,xls:2025/2-8-2 2024年各地区花生费用和用工情况.xlsx
peanut,全国平均,2024,每亩用工数量,日,6.9,xls:2025/2-8-1 2024年各地区花生成本收益情况.xlsx
peanut,全国平均,2024,每亩种子用量,公斤,15.55,xls:2025/2-8-2 2024年各地区花生费用和用工情况.xlsx
peanut,全国平均,2024,流转地租金,元,41.53,xls:2025/2-8-1 2024年各地区花生成本收益情况.xlsx
peanut,全国平均,2024,燃料动力费,元,2.48,xls:2025/2-8-2 2024年各地区花生费用和用工情况.xlsx
peanut,全国平均,2024,物质与服务费用,元,611.31,xls:2025/2-8-1 2024年各地区花生成本收益情况.xlsx
peanut,全国平均,2024,生产成本,元,1305.39,xls:2025/2-8-1 2024年各地区花生成本收益情况.xlsx
peanut,全国平均,2024,畜力费,元,0.86,xls:2025/2-8-2 2024年各地区花生费用和用工情况.xlsx
peanut,全国平均,2024,种子费,元,202.41,xls:2025/2-8-2 2024年各地区花生费用和用工情况.xlsx
peanut,全国平均,2024,自营地折租,元,233.62,xls:2025/2-8-1 2024年各地区花生成本收益情况.xlsx
peanut,全国平均,2024,销售费,元,0.36,xls:2025/2-8-2 2024年各地区花生费用和用工情况.xlsx
peanut,全国平均,2024,雇工天数,日,0.09,xls:2025/2-8-2 2024年各地区花生费用和用工情况.xlsx
peanut,全国平均,2024,雇工工价,元/日,149.14,xls:2025/2-8-2 2024年各地区花生费用和用工情况.xlsx
peanut,全国平均,2024,雇工费用,元,13.42,xls:2025/2-8-1 2024年各地区花生成本收益情况.xlsx
rapeseed,全国平均,2006,主产品产值,元,306.3,xls:2007/2-11-1.xls
rapeseed,全国平均,2006,主产品产量,公斤,131.1,xls:2007/2-11-1.xls
rapeseed,全国平均,2006,产值合计,元,314.11,xls:2007/2-11-1.xls
rapeseed,全国平均,2006,人工成本,元,153.36,xls:2007/2-11-1.xls
rapeseed,全国平均,2006,修理维护费,元,0.96,xls:2007/2-11-2.xls
rapeseed,全国平均,2006,其他直接费用,元,0.1,xls:2007/2-11-2.xls
rapeseed,全国平均,2006,农家肥费,元,8.86,xls:2007/2-11-2.xls
rapeseed,全国平均,2006,农药费,元,6.96,xls:2007/2-11-2.xls
rapeseed,全国平均,2006,劳动日工价,元/日,16.9,xls:2007/2-11-2.xls
rapeseed,全国平均,2006,化肥费,元,55.29,xls:2007/2-11-2.xls
rapeseed,全国平均,2006,固定资产折旧,元,3.43,xls:2007/2-11-2.xls
rapeseed,全国平均,2006,土地成本,元,43.59,xls:2007/2-11-1.xls
rapeseed,全国平均,2006,家庭用工天数,日,8.96,xls:2007/2-11-2.xls
rapeseed,全国平均,2006,家庭用工折价,元,151.42,xls:2007/2-11-1.xls
rapeseed,全国平均,2006,工具材料费,元,1.89,xls:2007/2-11-2.xls
rapeseed,全国平均,2006,平均出售价格,元/50公斤,116.82,xls:2007/2-11-1.xls
rapeseed,全国平均,2006,总成本,元,311.35,xls:2007/2-11-1.xls
rapeseed,全国平均,2006,技术服务费,元,0.03,xls:2007/2-11-2.xls
rapeseed,全国平均,2006,排灌费,元,2.97,xls:2007/2-11-2.xls
rapeseed,全国平均,2006,机械作业费,元,9.96,xls:2007/2-11-2.xls
rapeseed,全国平均,2006,每亩化肥折纯用量,公斤,14.66,xls:2007/2-11-3.xls
rapeseed,全国平均,2006,每亩化肥用量,公斤,14.66,xls:2007/2-11-2.xls
rapeseed,全国平均,2006,每亩用工数量,日,9.04,xls:2007/2-11-1.xls
rapeseed,全国平均,2006,每亩种子用量,公斤,0.36,xls:2007/2-11-2.xls
rapeseed,全国平均,2006,流转地租金,元,3.8,xls:2007/2-11-1.xls
rapeseed,全国平均,2006,燃料动力费,元,0.21,xls:2007/2-11-2.xls
rapeseed,全国平均,2006,物质与服务费用,元,114.4,xls:2007/2-11-1.xls
rapeseed,全国平均,2006,生产成本,元,267.76,xls:2007/2-11-1.xls
rapeseed,全国平均,2006,畜力费,元,13.85,xls:2007/2-11-2.xls
rapeseed,全国平均,2006,种子费,元,8.75,xls:2007/2-11-2.xls
rapeseed,全国平均,2006,管理费,元,0.05,xls:2007/2-11-2.xls
rapeseed,全国平均,2006,自营地折租,元,39.79,xls:2007/2-11-1.xls
rapeseed,全国平均,2006,财务费,元,0.01,xls:2007/2-11-2.xls
rapeseed,全国平均,2006,销售费,元,1.08,xls:2007/2-11-2.xls
rapeseed,全国平均,2006,雇工天数,日,0.08,xls:2007/2-11-2.xls
rapeseed,全国平均,2006,雇工工价,元/日,24.25,xls:2007/2-11-2.xls
rapeseed,全国平均,2006,雇工费用,元,1.94,xls:2007/2-11-1.xls
rapeseed,全国平均,2007,主产品产值,元,512.26,xls:2008/2-11-1.xls
rapeseed,全国平均,2007,主产品产量,公斤,145.9,xls:2008/2-11-1.xls
rapeseed,全国平均,2007,产值合计,元,521.37,xls:2008/2-11-1.xls
rapeseed,全国平均,2007,人工成本,元,167.63,xls:2008/2-11-1.xls
rapeseed,全国平均,2007,修理维护费,元,1.06,xls:2008/2-11-2.xls
rapeseed,全国平均,2007,其他直接费用,元,0.02,xls:2008/2-11-2.xls
rapeseed,全国平均,2007,农家肥费,元,8.69,xls:2008/2-11-2.xls
rapeseed,全国平均,2007,农膜费,元,0.15,xls:2008/2-11-2.xls
rapeseed,全国平均,2007,农药费,元,7.25,xls:2008/2-11-2.xls
rapeseed,全国平均,2007,劳动日工价,元/日,18.7,xls:2008/2-11-2.xls
rapeseed,全国平均,2007,化肥费,元,57.82,xls:2008/2-11-2.xls
rapeseed,全国平均,2007,固定资产折旧,元,3.36,xls:2008/2-11-2.xls
rapeseed,全国平均,2007,土地成本,元,47.22,xls:2008/2-11-1.xls
rapeseed,全国平均,2007,家庭用工天数,日,8.79,xls:2008/2-11-2.xls
rapeseed,全国平均,2007,家庭用工折价,元,164.37,xls:2008/2-11-1.xls
rapeseed,全国平均,2007,工具材料费,元,1.99,xls:2008/2-11-2.xls
rapeseed,全国平均,2007,平均出售价格,元/50公斤,175.55,xls:2008/2-11-1.xls
rapeseed,全国平均,2007,总成本,元,339.45,xls:2008/2-11-1.xls
rapeseed,全国平均,2007,技术服务费,元,0.04,xls:2008/2-11-2.xls
rapeseed,全国平均,2007,排灌费,元,3.79,xls:2008/2-11-2.xls
rapeseed,全国平均,2007,机械作业费,元,14.38,xls:2008/2-11-2.xls
rapeseed,全国平均,2007,每亩农膜用量,公斤,0.01,xls:2008/2-11-2.xls
rapeseed,全国平均,2007,每亩化肥折纯用量,公斤,14.91,xls:2008/2-11-3.xls
rapeseed,全国平均,2007,每亩化肥用量,公斤,14.91,xls:2008/2-11-2.xls
rapeseed,全国平均,2007,每亩用工数量,日,8.9,xls:2008/2-11-1.xls
rapeseed,全国平均,2007,每亩种子用量,公斤,0.34,xls:2008/2-11-2.xls
rapeseed,全国平均,2007,流转地租金,元,3.61,xls:2008/2-11-1.xls
rapeseed,全国平均,2007,燃料动力费,元,0.21,xls:2008/2-11-2.xls
rapeseed,全国平均,2007,物质与服务费用,元,124.6,xls:2008/2-11-1.xls
rapeseed,全国平均,2007,生产成本,元,292.23,xls:2008/2-11-1.xls
rapeseed,全国平均,2007,畜力费,元,14.36,xls:2008/2-11-2.xls
rapeseed,全国平均,2007,种子费,元,10.47,xls:2008/2-11-2.xls
rapeseed,全国平均,2007,管理费,元,0.02,xls:2008/2-11-2.xls
rapeseed,全国平均,2007,自营地折租,元,43.61,xls:2008/2-11-1.xls
rapeseed,全国平均,2007,销售费,元,0.99,xls:2008/2-11-2.xls
rapeseed,全国平均,2007,雇工天数,日,0.11,xls:2008/2-11-2.xls
rapeseed,全国平均,2007,雇工工价,元/日,29.64,xls:2008/2-11-2.xls
rapeseed,全国平均,2007,雇工费用,元,3.26,xls:2008/2-11-1.xls
rapeseed,全国平均,2008,主产品产值,元,692.52,xls:2009/20901.xls
rapeseed,全国平均,2008,主产品产量,公斤,134.9,xls:2009/20901.xls
rapeseed,全国平均,2008,产值合计,元,702.07,xls:2009/20901.xls
rapeseed,全国平均,2008,人工成本,元,189.01,xls:2009/20901.xls
rapeseed,全国平均,2008,保险费,元,0.1,xls:2009/20902.xls
rapeseed,全国平均,2008,修理维护费,元,1.03,xls:2009/20902.xls
rapeseed,全国平均,2008,其他直接费用,元,0.01,xls:2009/20902.xls
rapeseed,全国平均,2008,农家肥费,元,10.93,xls:2009/20902.xls
rapeseed,全国平均,2008,农药费,元,8.46,xls:2009/20902.xls
rapeseed,全国平均,2008,劳动日工价,元/日,21.6,xls:2009/20902.xls
rapeseed,全国平均,2008,化肥费,元,66.85,xls:2009/20902.xls
rapeseed,全国平均,2008,固定资产折旧,元,3.12,xls:2009/20902.xls
rapeseed,全国平均,2008,土地成本,元,62.12,xls:2009/20901.xls
rapeseed,全国平均,2008,家庭用工天数,日,8.59,xls:2009/20902.xls
rapeseed,全国平均,2008,家庭用工折价,元,185.54,xls:2009/20901.xls
rapeseed,全国平均,2008,工具材料费,元,2.6,xls:2009/20902.xls
rapeseed,全国平均,2008,平均出售价格,元/50公斤,256.68,xls:2009/20901.xls
rapeseed,全国平均,2008,总成本,元,393.61,xls:2009/20901.xls
rapeseed,全国平均,2008,技术服务费,元,0.01,xls:2009/20902.xls
rapeseed,全国平均,2008,排灌费,元,3.62,xls:2009/20902.xls
rapeseed,全国平均,2008,机械作业费,元,18.04,xls:2009/20902.xls
rapeseed,全国平均,2008,每亩化肥折纯用量,公斤,14.46,xls:2009/20903.xls
rapeseed,全国平均,2008,每亩化肥用量,公斤,14.46,xls:2009/20902.xls
rapeseed,全国平均,2008,每亩用工数量,日,8.67,xls:2009/20901.xls
rapeseed,全国平均,2008,每亩种子用量,公斤,0.35,xls:2009/20902.xls
rapeseed,全国平均,2008,流转地租金,元,4.6,xls:2009/20901.xls
rapeseed,全国平均,2008,燃料动力费,元,0.04,xls:2009/20902.xls
rapeseed,全国平均,2008,物质与服务费用,元,142.48,xls:2009/20901.xls
rapeseed,全国平均,2008,生产成本,元,331.49,xls:2009/20901.xls
rapeseed,全国平均,2008,畜力费,元,15.52,xls:2009/20902.xls
rapeseed,全国平均,2008,种子费,元,11.37,xls:2009/20902.xls
rapeseed,全国平均,2008,管理费,元,0.02,xls:2009/20902.xls
rapeseed,全国平均,2008,自营地折租,元,57.52,xls:2009/20901.xls
rapeseed,全国平均,2008,销售费,元,0.76,xls:2009/20902.xls
rapeseed,全国平均,2008,雇工天数,日,0.08,xls:2009/20902.xls
rapeseed,全国平均,2008,雇工工价,元/日,43.38,xls:2009/20902.xls
rapeseed,全国平均,2008,雇工费用,元,3.47,xls:2009/20901.xls
rapeseed,全国平均,2009,主产品产值,元,469.59,xls:2010/020901.xls
rapeseed,全国平均,2009,主产品产量,公斤,133.06,xls:2010/020901.xls
rapeseed,全国平均,2009,产值合计,元,478.95,xls:2010/020901.xls
rapeseed,全国平均,2009,人工成本,元,203.86,xls:2010/020901.xls
rapeseed,全国平均,2009,保险费,元,0.93,xls:2010/020902.xls
rapeseed,全国平均,2009,修理维护费,元,1.07,xls:2010/020902.xls
rapeseed,全国平均,2009,其他直接费用,元,0.01,xls:2010/020902.xls
rapeseed,全国平均,2009,农家肥费,元,9.91,xls:2010/020902.xls
rapeseed,全国平均,2009,农药费,元,9.22,xls:2010/020902.xls
rapeseed,全国平均,2009,劳动日工价,元/日,24.8,xls:2010/020902.xls
rapeseed,全国平均,2009,化肥费,元,78.7,xls:2010/020902.xls
rapeseed,全国平均,2009,固定资产折旧,元,3.68,xls:2010/020902.xls
rapeseed,全国平均,2009,土地成本,元,71.21,xls:2010/020901.xls
rapeseed,全国平均,2009,家庭用工天数,日,8.03,xls:2010/020902.xls
rapeseed,全国平均,2009,家庭用工折价,元,199.04,xls:2010/020901.xls
rapeseed,全国平均,2009,工具材料费,元,2.8,xls:2010/020902.xls
rapeseed,全国平均,2009,平均出售价格,元/50公斤,176.46,xls:2010/020901.xls
rapeseed,全国平均,2009,总成本,元,436.43,xls:2010/020901.xls
rapeseed,全国平均,2009,排灌费,元,3.68,xls:2010/020902.xls
rapeseed,全国平均,2009,机械作业费,元,21.58,xls:2010/020902.xls
rapeseed,全国平均,2009,每亩化肥折纯用量,公斤,14.88,xls:2010/020903.xls
rapeseed,全国平均,2009,每亩化肥用量,公斤,14.88,xls:2010/020902.xls
rapeseed,全国平均,2009,每亩用工数量,日,8.12,xls:2010/020901.xls
rapeseed,全国平均,2009,每亩种子用量,公斤,0.34,xls:2010/020902.xls
rapeseed,全国平均,2009,流转地租金,元,5.77,xls:2010/020901.xls
rapeseed,全国平均,2009,燃料动力费,元,0.23,xls:2010/020902.xls
rapeseed,全国平均,2009,物质与服务费用,元,161.36,xls:2010/020901.xls
rapeseed,全国平均,2009,生产成本,元,365.22,xls:2010/020901.xls
rapeseed,全国平均,2009,畜力费,元,15.42,xls:2010/020902.xls
rapeseed,全国平均,2009,种子费,元,13.42,xls:2010/020902.xls
rapeseed,全国平均,2009,管理费,元,0.01,xls:2010/020902.xls
rapeseed,全国平均,2009,自营地折租,元,65.44,xls:2010/020901.xls
rapeseed,全国平均,2009,销售费,元,0.7,xls:2010/020902.xls
rapeseed,全国平均,2009,雇工天数,日,0.1,xls:2010/020902.xls
rapeseed,全国平均,2009,雇工工价,元/日,49.13,xls:2010/020902.xls
rapeseed,全国平均,2009,雇工费用,元,4.82,xls:2010/020901.xls
rapeseed,全国平均,2010,主产品产值,元,500.29,xls:2011/020901.xls
rapeseed,全国平均,2010,主产品产量,公斤,125.13,xls:2011/020901.xls
rapeseed,全国平均,2010,产值合计,元,509.8,xls:2011/020901.xls
rapeseed,全国平均,2010,人工成本,元,257.02,xls:2011/020901.xls
rapeseed,全国平均,2010,保险费,元,1.15,xls:2011/020902.xls
rapeseed,全国平均,2010,修理维护费,元,1.03,xls:2011/020902.xls
rapeseed,全国平均,2010,农家肥费,元,9.21,xls:2011/020902.xls
rapeseed,全国平均,2010,农药费,元,9.49,xls:2011/020902.xls
rapeseed,全国平均,2010,劳动日工价,元/日,31.3,xls:2011/020902.xls
rapeseed,全国平均,2010,化肥费,元,72.84,xls:2011/020902.xls
rapeseed,全国平均,2010,固定资产折旧,元,3.65,xls:2011/020902.xls
rapeseed,全国平均,2010,土地成本,元,81.54,xls:2011/020901.xls
rapeseed,全国平均,2010,家庭用工天数,日,8.04,xls:2011/020902.xls
rapeseed,全国平均,2010,家庭用工折价,元,251.75,xls:2011/020901.xls
rapeseed,全国平均,2010,工具材料费,元,3.6,xls:2011/020902.xls
rapeseed,全国平均,2010,平均出售价格,元/50公斤,199.91,xls:2011/020901.xls
rapeseed,全国平均,2010,总成本,元,501.21,xls:2011/020901.xls
rapeseed,全国平均,2010,技术服务费,元,0.08,xls:2011/020902.xls
rapeseed,全国平均,2010,排灌费,元,3.12,xls:2011/020902.xls
rapeseed,全国平均,2010,机械作业费,元,28.42,xls:2011/020902.xls
rapeseed,全国平均,2010,每亩化肥折纯用量,公斤,15.06,xls:2011/020903.xls
rapeseed,全国平均,2010,每亩化肥用量,公斤,15.06,xls:2011/020902.xls
rapeseed,全国平均,2010,每亩用工数量,日,8.15,xls:2011/020901.xls
rapeseed,全国平均,2010,每亩种子用量,公斤,0.34,xls:2011/020902.xls
rapeseed,全国平均,2010,流转地租金,元,6.98,xls:2011/020901.xls
rapeseed,全国平均,2010,燃料动力费,元,0.16,xls:2011/020902.xls
rapeseed,全国平均,2010,物质与服务费用,元,162.65,xls:2011/020901.xls
rapeseed,全国平均,2010,生产成本,元,419.67,xls:2011/020901.xls
rapeseed,全国平均,2010,畜力费,元,14.69,xls:2011/020902.xls
rapeseed,全国平均,2010,种子费,元,14.74,xls:2011/020902.xls
rapeseed,全国平均,2010,自营地折租,元,74.56,xls:2011/020901.xls
rapeseed,全国平均,2010,销售费,元,0.47,xls:2011/020902.xls
rapeseed,全国平均,2010,雇工天数,日,0.1,xls:2011/020902.xls
rapeseed,全国平均,2010,雇工工价,元/日,50.66,xls:2011/020902.xls
rapeseed,全国平均,2010,雇工费用,元,5.27,xls:2011/020901.xls
rapeseed,全国平均,2011,主产品产值,元,599.0,xls:2012/020901.xls
rapeseed,全国平均,2011,主产品产量,公斤,130.15,xls:2012/020901.xls
rapeseed,全国平均,2011,产值合计,元,608.79,xls:2012/020901.xls
rapeseed,全国平均,2011,人工成本,元,322.91,xls:2012/020901.xls
rapeseed,全国平均,2011,保险费,元,1.92,xls:2012/020902.xls
rapeseed,全国平均,2011,修理维护费,元,0.93,xls:2012/020902.xls
rapeseed,全国平均,2011,农家肥费,元,9.57,xls:2012/020902.xls
rapeseed,全国平均,2011,农药费,元,11.32,xls:2012/020902.xls
rapeseed,全国平均,2011,劳动日工价,元/日,40.0,xls:2012/020902.xls
rapeseed,全国平均,2011,化肥费,元,77.22,xls:2012/020902.xls
rapeseed,全国平均,2011,固定资产折旧,元,4.12,xls:2012/020902.xls
rapeseed,全国平均,2011,土地成本,元,86.52,xls:2012/020901.xls
rapeseed,全国平均,2011,家庭用工天数,日,7.93,xls:2012/020902.xls
rapeseed,全国平均,2011,家庭用工折价,元,317.08,xls:2012/020901.xls
rapeseed,全国平均,2011,工具材料费,元,3.46,xls:2012/020902.xls
rapeseed,全国平均,2011,平均出售价格,元/50公斤,230.12,xls:2012/020901.xls
rapeseed,全国平均,2011,总成本,元,587.52,xls:2012/020901.xls
rapeseed,全国平均,2011,排灌费,元,3.84,xls:2012/020902.xls
rapeseed,全国平均,2011,机械作业费,元,32.56,xls:2012/020902.xls
rapeseed,全国平均,2011,每亩化肥折纯用量,公斤,14.97,xls:2012/020903.xls
rapeseed,全国平均,2011,每亩化肥用量,公斤,14.97,xls:2012/020902.xls
rapeseed,全国平均,2011,每亩用工数量,日,8.03,xls:2012/020901.xls
rapeseed,全国平均,2011,每亩种子用量,公斤,0.34,xls:2012/020902.xls
rapeseed,全国平均,2011,流转地租金,元,7.17,xls:2012/020901.xls
rapeseed,全国平均,2011,燃料动力费,元,0.37,xls:2012/020902.xls
rapeseed,全国平均,2011,物质与服务费用,元,178.09,xls:2012/020901.xls
rapeseed,全国平均,2011,生产成本,元,501.0,xls:2012/020901.xls
rapeseed,全国平均,2011,畜力费,元,16.6,xls:2012/020902.xls
rapeseed,全国平均,2011,种子费,元,15.75,xls:2012/020902.xls
rapeseed,全国平均,2011,自营地折租,元,79.35,xls:2012/020901.xls
rapeseed,全国平均,2011,销售费,元,0.43,xls:2012/020902.xls
rapeseed,全国平均,2011,雇工天数,日,0.1,xls:2012/020902.xls
rapeseed,全国平均,2011,雇工工价,元/日,58.86,xls:2012/020902.xls
rapeseed,全国平均,2011,雇工费用,元,5.83,xls:2012/020901.xls
rapeseed,全国平均,2012,主产品产值,元,642.66,xls:2013/020901.xls
rapeseed,全国平均,2012,主产品产量,公斤,130.11,xls:2013/020901.xls
rapeseed,全国平均,2012,产值合计,元,652.84,xls:2013/020901.xls
rapeseed,全国平均,2012,人工成本,元,444.33,xls:2013/020901.xls
rapeseed,全国平均,2012,保险费,元,2.22,xls:2013/020902.xls
rapeseed,全国平均,2012,修理维护费,元,1.11,xls:2013/020902.xls
rapeseed,全国平均,2012,农家肥费,元,10.11,xls:2013/020902.xls
rapeseed,全国平均,2012,农药费,元,12.56,xls:2013/020902.xls
rapeseed,全国平均,2012,劳动日工价,元/日,56.0,xls:2013/020902.xls
rapeseed,全国平均,2012,化肥费,元,86.38,xls:2013/020902.xls
rapeseed,全国平均,2012,固定资产折旧,元,4.22,xls:2013/020902.xls
rapeseed,全国平均,2012,土地成本,元,91.93,xls:2013/020901.xls
rapeseed,全国平均,2012,家庭用工天数,日,7.82,xls:2013/020902.xls
rapeseed,全国平均,2012,家庭用工折价,元,437.64,xls:2013/020901.xls
rapeseed,全国平均,2012,工具材料费,元,4.14,xls:2013/020902.xls
rapeseed,全国平均,2012,平均出售价格,元/50公斤,246.97,xls:2013/020901.xls
rapeseed,全国平均,2012,总成本,元,734.44,xls:2013/020901.xls
rapeseed,全国平均,2012,排灌费,元,3.21,xls:2013/020902.xls
rapeseed,全国平均,2012,机械作业费,元,41.23,xls:2013/020902.xls
rapeseed,全国平均,2012,每亩化肥折纯用量,公斤,14.6,xls:2013/020903.xls
rapeseed,全国平均,2012,每亩化肥用量,公斤,14.6,xls:2013/020902.xls
rapeseed,全国平均,2012,每亩用工数量,日,7.91,xls:2013/020901.xls
rapeseed,全国平均,2012,每亩种子用量,公斤,0.34,xls:2013/020902.xls
rapeseed,全国平均,2012,流转地租金,元,9.08,xls:2013/020901.xls
rapeseed,全国平均,2012,燃料动力费,元,0.55,xls:2013/020902.xls
rapeseed,全国平均,2012,物质与服务费用,元,198.18,xls:2013/020901.xls
rapeseed,全国平均,2012,生产成本,元,642.51,xls:2013/020901.xls
rapeseed,全国平均,2012,畜力费,元,14.51,xls:2013/020902.xls
rapeseed,全国平均,2012,种子费,元,17.49,xls:2013/020902.xls
rapeseed,全国平均,2012,自营地折租,元,82.85,xls:2013/020901.xls
rapeseed,全国平均,2012,销售费,元,0.45,xls:2013/020902.xls
rapeseed,全国平均,2012,雇工天数,日,0.09,xls:2013/020902.xls
rapeseed,全国平均,2012,雇工工价,元/日,72.74,xls:2013/020902.xls
rapeseed,全国平均,2012,雇工费用,元,6.69,xls:2013/020901.xls
rapeseed,全国平均,2013,主产品产值,元,735.79,xls:2014/020901a.xls
rapeseed,全国平均,2013,主产品产量,公斤,139.15,xls:2014/020901a.xls
rapeseed,全国平均,2013,产值合计,元,745.86,xls:2014/020901a.xls
rapeseed,全国平均,2013,人工成本,元,535.82,xls:2014/020901a.xls
rapeseed,全国平均,2013,保险费,元,3.3,xls:2014/020902a.xls
rapeseed,全国平均,2013,修理维护费,元,1.53,xls:2014/020902a.xls
rapeseed,全国平均,2013,农家肥费,元,10.73,xls:2014/020902a.xls
rapeseed,全国平均,2013,农药费,元,12.71,xls:2014/020902a.xls
rapeseed,全国平均,2013,劳动日工价,元/日,68.0,xls:2014/020902a.xls
rapeseed,全国平均,2013,化肥费,元,90.29,xls:2014/020902a.xls
rapeseed,全国平均,2013,固定资产折旧,元,4.88,xls:2014/020902a.xls
rapeseed,全国平均,2013,土地成本,元,99.62,xls:2014/020901a.xls
rapeseed,全国平均,2013,家庭用工天数,日,7.74,xls:2014/020902a.xls
rapeseed,全国平均,2013,家庭用工折价,元,526.32,xls:2014/020901a.xls
rapeseed,全国平均,2013,工具材料费,元,4.07,xls:2014/020902a.xls
rapeseed,全国平均,2013,平均出售价格,元/50公斤,264.39,xls:2014/020901a.xls
rapeseed,全国平均,2013,总成本,元,844.16,xls:2014/020901a.xls
rapeseed,全国平均,2013,排灌费,元,3.59,xls:2014/020902a.xls
rapeseed,全国平均,2013,机械作业费,元,44.85,xls:2014/020902a.xls
rapeseed,全国平均,2013,每亩化肥折纯用量,公斤,15.08,xls:2014/020903a.xls
rapeseed,全国平均,2013,每亩化肥用量,公斤,15.08,xls:2014/020902a.xls
rapeseed,全国平均,2013,每亩用工数量,日,7.86,xls:2014/020901a.xls
rapeseed,全国平均,2013,每亩种子用量,公斤,0.33,xls:2014/020902a.xls
rapeseed,全国平均,2013,流转地租金,元,9.47,xls:2014/020901a.xls
rapeseed,全国平均,2013,燃料动力费,元,0.66,xls:2014/020902a.xls
rapeseed,全国平均,2013,物质与服务费用,元,208.72,xls:2014/020901a.xls
rapeseed,全国平均,2013,生产成本,元,744.54,xls:2014/020901a.xls
rapeseed,全国平均,2013,畜力费,元,13.24,xls:2014/020902a.xls
rapeseed,全国平均,2013,种子费,元,18.42,xls:2014/020902a.xls
rapeseed,全国平均,2013,自营地折租,元,90.15,xls:2014/020901a.xls
rapeseed,全国平均,2013,销售费,元,0.45,xls:2014/020902a.xls
rapeseed,全国平均,2013,雇工天数,日,0.12,xls:2014/020902a.xls
rapeseed,全国平均,2013,雇工工价,元/日,82.57,xls:2014/020902a.xls
rapeseed,全国平均,2013,雇工费用,元,9.5,xls:2014/020901a.xls
rapeseed,全国平均,2014,主产品产值,元,700.13,xls:2015/0209-01.xls
rapeseed,全国平均,2014,主产品产量,公斤,134.0,xls:2015/0209-01.xls
rapeseed,全国平均,2014,产值合计,元,710.01,xls:2015/0209-01.xls
rapeseed,全国平均,2014,人工成本,元,547.42,xls:2015/0209-01.xls
rapeseed,全国平均,2014,保险费,元,3.09,xls:2015/0209-02.xls
rapeseed,全国平均,2014,修理维护费,元,1.52,xls:2015/0209-02.xls
rapeseed,全国平均,2014,农家肥费,元,10.15,xls:2015/0209-02.xls
rapeseed,全国平均,2014,农药费,元,13.7,xls:2015/0209-02.xls
rapeseed,全国平均,2014,劳动日工价,元/日,74.4,xls:2015/0209-02.xls
rapeseed,全国平均,2014,化肥费,元,86.63,xls:2015/0209-02.xls
rapeseed,全国平均,2014,固定资产折旧,元,5.03,xls:2015/0209-02.xls
rapeseed,全国平均,2014,土地成本,元,108.89,xls:2015/0209-01.xls
rapeseed,全国平均,2014,家庭用工天数,日,7.21,xls:2015/0209-02.xls
rapeseed,全国平均,2014,家庭用工折价,元,536.2,xls:2015/0209-01.xls
rapeseed,全国平均,2014,工具材料费,元,3.85,xls:2015/0209-02.xls
rapeseed,全国平均,2014,平均出售价格,元/50公斤,261.24,xls:2015/0209-01.xls
rapeseed,全国平均,2014,总成本,元,871.75,xls:2015/0209-01.xls
rapeseed,全国平均,2014,排灌费,元,3.35,xls:2015/0209-02.xls
rapeseed,全国平均,2014,机械作业费,元,56.47,xls:2015/0209-02.xls
rapeseed,全国平均,2014,每亩化肥折纯用量,公斤,15.59,xls:2015/0209-03.xls
rapeseed,全国平均,2014,每亩化肥用量,公斤,15.59,xls:2015/0209-02.xls
rapeseed,全国平均,2014,每亩用工数量,日,7.32,xls:2015/0209-01.xls
rapeseed,全国平均,2014,每亩种子用量,公斤,0.34,xls:2015/0209-02.xls
rapeseed,全国平均,2014,流转地租金,元,9.77,xls:2015/0209-01.xls
rapeseed,全国平均,2014,燃料动力费,元,0.89,xls:2015/0209-02.xls
rapeseed,全国平均,2014,物质与服务费用,元,215.44,xls:2015/0209-01.xls
rapeseed,全国平均,2014,生产成本,元,762.86,xls:2015/0209-01.xls
rapeseed,全国平均,2014,畜力费,元,11.36,xls:2015/0209-02.xls
rapeseed,全国平均,2014,种子费,元,19.02,xls:2015/0209-02.xls
rapeseed,全国平均,2014,自营地折租,元,99.12,xls:2015/0209-01.xls
rapeseed,全国平均,2014,销售费,元,0.38,xls:2015/0209-02.xls
rapeseed,全国平均,2014,雇工天数,日,0.12,xls:2015/0209-02.xls
rapeseed,全国平均,2014,雇工工价,元/日,97.54,xls:2015/0209-02.xls
rapeseed,全国平均,2014,雇工费用,元,11.22,xls:2015/0209-01.xls
rapeseed,全国平均,2015,主产品产值,元,637.91,xls:2016/2-09-1a.xls
rapeseed,全国平均,2015,主产品产量,公斤,138.96,xls:2016/2-09-1a.xls
rapeseed,全国平均,2015,产值合计,元,647.89,xls:2016/2-09-1a.xls
rapeseed,全国平均,2015,人工成本,元,567.94,xls:2016/2-09-1a.xls
rapeseed,全国平均,2015,保险费,元,3.36,xls:2016/2-09-2a.xls
rapeseed,全国平均,2015,修理维护费,元,1.43,xls:2016/2-09-2a.xls
rapeseed,全国平均,2015,农家肥费,元,11.19,xls:2016/2-09-2a.xls
rapeseed,全国平均,2015,农药费,元,14.55,xls:2016/2-09-2a.xls
rapeseed,全国平均,2015,劳动日工价,元/日,78.0,xls:2016/2-09-2a.xls
rapeseed,全国平均,2015,化肥费,元,84.91,xls:2016/2-09-2a.xls
rapeseed,全国平均,2015,固定资产折旧,元,5.37,xls:2016/2-09-2a.xls
rapeseed,全国平均,2015,土地成本,元,116.89,xls:2016/2-09-1a.xls
rapeseed,全国平均,2015,家庭用工天数,日,7.14,xls:2016/2-09-2a.xls
rapeseed,全国平均,2015,家庭用工折价,元,556.69,xls:2016/2-09-1a.xls
rapeseed,全国平均,2015,工具材料费,元,3.92,xls:2016/2-09-2a.xls
rapeseed,全国平均,2015,平均出售价格,元/50公斤,229.53,xls:2016/2-09-1a.xls
rapeseed,全国平均,2015,总成本,元,907.54,xls:2016/2-09-1a.xls
rapeseed,全国平均,2015,排灌费,元,3.68,xls:2016/2-09-2a.xls
rapeseed,全国平均,2015,机械作业费,元,62.35,xls:2016/2-09-2a.xls
rapeseed,全国平均,2015,每亩化肥折纯用量,公斤,15.87,xls:2016/2-09-3a.xls
rapeseed,全国平均,2015,每亩化肥用量,公斤,15.87,xls:2016/2-09-2a.xls
rapeseed,全国平均,2015,每亩用工数量,日,7.25,xls:2016/2-09-1a.xls
rapeseed,全国平均,2015,每亩种子用量,公斤,0.36,xls:2016/2-09-2a.xls
rapeseed,全国平均,2015,流转地租金,元,13.73,xls:2016/2-09-1a.xls
rapeseed,全国平均,2015,燃料动力费,元,1.26,xls:2016/2-09-2a.xls
rapeseed,全国平均,2015,物质与服务费用,元,222.71,xls:2016/2-09-1a.xls
rapeseed,全国平均,2015,生产成本,元,790.65,xls:2016/2-09-1a.xls
rapeseed,全国平均,2015,畜力费,元,11.29,xls:2016/2-09-2a.xls
rapeseed,全国平均,2015,种子费,元,19.01,xls:2016/2-09-2a.xls
rapeseed,全国平均,2015,自营地折租,元,103.16,xls:2016/2-09-1a.xls
rapeseed,全国平均,2015,销售费,元,0.39,xls:2016/2-09-2a.xls
rapeseed,全国平均,2015,雇工天数,日,0.11,xls:2016/2-09-2a.xls
rapeseed,全国平均,2015,雇工工价,元/日,101.31,xls:2016/2-09-2a.xls
rapeseed,全国平均,2015,雇工费用,元,11.25,xls:2016/2-09-1a.xls
rapeseed,全国平均,2016,主产品产值,元,580.74,xls:2017/2-09-1a.xls
rapeseed,全国平均,2016,主产品产量,公斤,128.14,xls:2017/2-09-1a.xls
rapeseed,全国平均,2016,产值合计,元,590.22,xls:2017/2-09-1a.xls
rapeseed,全国平均,2016,人工成本,元,580.0848,xls:2017/2-09-1a.xls
rapeseed,全国平均,2016,保险费,元,3.42,xls:2017/2-09-2a.xls
rapeseed,全国平均,2016,修理维护费,元,1.48,xls:2017/2-09-2a.xls
rapeseed,全国平均,2016,其他直接费用,元,0.0,xls:2017/2-09-2a.xls
rapeseed,全国平均,2016,农家肥费,元,11.66,xls:2017/2-09-2a.xls
rapeseed,全国平均,2016,农膜费,元,0.0,xls:2017/2-09-2a.xls
rapeseed,全国平均,2016,农药费,元,14.56,xls:2017/2-09-2a.xls
rapeseed,全国平均,2016,劳动日工价,元/日,81.4,xls:2017/2-09-2a.xls
rapeseed,全国平均,2016,化肥费,元,83.91,xls:2017/2-09-2a.xls
rapeseed,全国平均,2016,固定资产折旧,元,5.9,xls:2017/2-09-2a.xls
rapeseed,全国平均,2016,土地成本,元,119.85,xls:2017/2-09-1a.xls
rapeseed,全国平均,2016,家庭用工天数,日,7.032,xls:2017/2-09-2a.xls
rapeseed,全国平均,2016,家庭用工折价,元,572.4048,xls:2017/2-09-1a.xls
rapeseed,全国平均,2016,工具材料费,元,3.88,xls:2017/2-09-2a.xls
rapeseed,全国平均,2016,平均出售价格,元/50公斤,226.6,xls:2017/2-09-1a.xls
rapeseed,全国平均,2016,总成本,元,921.2048,xls:2017/2-09-1a.xls
rapeseed,全国平均,2016,技术服务费,元,0.0,xls:2017/2-09-2a.xls
rapeseed,全国平均,2016,排灌费,元,3.55,xls:2017/2-09-2a.xls
rapeseed,全国平均,2016,机械作业费,元,61.69,xls:2017/2-09-2a.xls
rapeseed,全国平均,2016,每亩农膜用量,公斤,0.0,xls:2017/2-09-2a.xls
rapeseed,全国平均,2016,每亩化肥折纯用量,公斤,15.92,xls:2017/2-09-3a.xls
rapeseed,全国平均,2016,每亩化肥用量,公斤,15.92,xls:2017/2-09-2a.xls
rapeseed,全国平均,2016,每亩用工数量,日,7.1,xls:2017/2-09-1a.xls
rapeseed,全国平均,2016,每亩种子用量,公斤,0.37,xls:2017/2-09-2a.xls
rapeseed,全国平均,2016,流转地租金,元,12.64,xls:2017/2-09-1a.xls
rapeseed,全国平均,2016,燃料动力费,元,1.06,xls:2017/2-09-2a.xls
rapeseed,全国平均,2016,物质与服务费用,元,221.27,xls:2017/2-09-1a.xls
rapeseed,全国平均,2016,生产成本,元,801.3548,xls:2017/2-09-1a.xls
rapeseed,全国平均,2016,畜力费,元,10.85,xls:2017/2-09-2a.xls
rapeseed,全国平均,2016,种子费,元,18.9,xls:2017/2-09-2a.xls
rapeseed,全国平均,2016,管理费,元,0.0,xls:2017/2-09-2a.xls
rapeseed,全国平均,2016,自营地折租,元,107.21,xls:2017/2-09-1a.xls
rapeseed,全国平均,2016,财务费,元,0.0,xls:2017/2-09-2a.xls
rapeseed,全国平均,2016,销售费,元,0.41,xls:2017/2-09-2a.xls
rapeseed,全国平均,2016,雇工天数,日,0.07,xls:2017/2-09-2a.xls
rapeseed,全国平均,2016,雇工工价,元/日,109.714,xls:2017/2-09-2a.xls
rapeseed,全国平均,2016,雇工费用,元,7.68,xls:2017/2-09-1a.xls
rapeseed,全国平均,2017,主产品产值,元,704.0,xls:2018/2-9-1 2017年各地区油菜籽成本收益情况.xls
rapeseed,全国平均,2017,主产品产量,公斤,138.15,xls:2018/2-9-1 2017年各地区油菜籽成本收益情况.xls
rapeseed,全国平均,2017,产值合计,元,713.66,xls:2018/2-9-1 2017年各地区油菜籽成本收益情况.xls
rapeseed,全国平均,2017,人工成本,元,560.5077,xls:2018/2-9-1 2017年各地区油菜籽成本收益情况.xls
rapeseed,全国平均,2017,保险费,元,3.31,xls:2018/2-9-2 2017年各地区油菜籽费用和用工情况.xls
rapeseed,全国平均,2017,修理维护费,元,1.51,xls:2018/2-9-2 2017年各地区油菜籽费用和用工情况.xls
rapeseed,全国平均,2017,其他直接费用,元,0.0,xls:2018/2-9-2 2017年各地区油菜籽费用和用工情况.xls
rapeseed,全国平均,2017,农家肥费,元,14.85,xls:2018/2-9-2 2017年各地区油菜籽费用和用工情况.xls
rapeseed,全国平均,2017,农膜费,元,0.18,xls:2018/2-9-2 2017年各地区油菜籽费用和用工情况.xls
rapeseed,全国平均,2017,农药费,元,16.4,xls:2018/2-9-2 2017年各地区油菜籽费用和用工情况.xls
rapeseed,全国平均,2017,劳动日工价,元/日,83.1,xls:2018/2-9-2 2017年各地区油菜籽费用和用工情况.xls
rapeseed,全国平均,2017,化肥费,元,85.93,xls:2018/2-9-2 2017年各地区油菜籽费用和用工情况.xls
rapeseed,全国平均,2017,固定资产折旧,元,5.79,xls:2018/2-9-2 2017年各地区油菜籽费用和用工情况.xls
rapeseed,全国平均,2017,土地成本,元,122.63,xls:2018/2-9-1 2017年各地区油菜籽成本收益情况.xls
rapeseed,全国平均,2017,家庭用工天数,日,6.567,xls:2018/2-9-2 2017年各地区油菜籽费用和用工情况.xls
rapeseed,全国平均,2017,家庭用工折价,元,545.7177,xls:2018/2-9-1 2017年各地区油菜籽成本收益情况.xls
rapeseed,全国平均,2017,工具材料费,元,4.07,xls:2018/2-9-2 2017年各地区油菜籽费用和用工情况.xls
rapeseed,全国平均,2017,平均出售价格,元/50公斤,254.8,xls:2018/2-9-1 2017年各地区油菜籽成本收益情况.xls
rapeseed,全国平均,2017,总成本,元,922.5377,xls:2018/2-9-1 2017年各地区油菜籽成本收益情况.xls
rapeseed,全国平均,2017,技术服务费,元,0.0,xls:2018/2-9-2 2017年各地区油菜籽费用和用工情况.xls
rapeseed,全国平均,2017,排灌费,元,3.47,xls:2018/2-9-2 2017年各地区油菜籽费用和用工情况.xls
rapeseed,全国平均,2017,机械作业费,元,72.62,xls:2018/2-9-2 2017年各地区油菜籽费用和用工情况.xls
rapeseed,全国平均,2017,每亩农膜用量,公斤,0.02,xls:2018/2-9-2 2017年各地区油菜籽费用和用工情况.xls
rapeseed,全国平均,2017,每亩化肥折纯用量,公斤,16.15,xls:2018/2-9-3 2017年各地区油菜籽化肥投入情况.xls
rapeseed,全国平均,2017,每亩化肥用量,公斤,16.15,xls:2018/2-9-2 2017年各地区油菜籽费用和用工情况.xls
rapeseed,全国平均,2017,每亩用工数量,日,6.71,xls:2018/2-9-1 2017年各地区油菜籽成本收益情况.xls
rapeseed,全国平均,2017,每亩种子用量,公斤,0.37,xls:2018/2-9-2 2017年各地区油菜籽费用和用工情况.xls
rapeseed,全国平均,2017,流转地租金,元,12.91,xls:2018/2-9-1 2017年各地区油菜籽成本收益情况.xls
rapeseed,全国平均,2017,燃料动力费,元,1.26,xls:2018/2-9-2 2017年各地区油菜籽费用和用工情况.xls
rapeseed,全国平均,2017,物质与服务费用,元,239.4,xls:2018/2-9-1 2017年各地区油菜籽成本收益情况.xls
rapeseed,全国平均,2017,生产成本,元,799.9077,xls:2018/2-9-1 2017年各地区油菜籽成本收益情况.xls
rapeseed,全国平均,2017,畜力费,元,9.25,xls:2018/2-9-2 2017年各地区油菜籽费用和用工情况.xls
rapeseed,全国平均,2017,种子费,元,20.48,xls:2018/2-9-2 2017年各地区油菜籽费用和用工情况.xls
rapeseed,全国平均,2017,管理费,元,0.0,xls:2018/2-9-2 2017年各地区油菜籽费用和用工情况.xls
rapeseed,全国平均,2017,自营地折租,元,109.72,xls:2018/2-9-1 2017年各地区油菜籽成本收益情况.xls
rapeseed,全国平均,2017,财务费,元,0.0,xls:2018/2-9-2 2017年各地区油菜籽费用和用工情况.xls
rapeseed,全国平均,2017,销售费,元,0.28,xls:2018/2-9-2 2017年各地区油菜籽费用和用工情况.xls
rapeseed,全国平均,2017,雇工天数,日,0.14,xls:2018/2-9-2 2017年各地区油菜籽费用和用工情况.xls
rapeseed,全国平均,2017,雇工工价,元/日,105.643,xls:2018/2-9-2 2017年各地区油菜籽费用和用工情况.xls
rapeseed,全国平均,2017,雇工费用,元,14.79,xls:2018/2-9-1 2017年各地区油菜籽成本收益情况.xls
rapeseed,全国平均,2018,主产品产值,元,715.28,xls:2019/2-9-1 2018年各地区油菜籽成本收益情况.xls
rapeseed,全国平均,2018,主产品产量,公斤,137.97,xls:2019/2-9-1 2018年各地区油菜籽成本收益情况.xls
rapeseed,全国平均,2018,产值合计,元,724.16,xls:2019/2-9-1 2018年各地区油菜籽成本收益情况.xls
rapeseed,全国平均,2018,人工成本,元,548.23942,xls:2019/2-9-1 2018年各地区油菜籽成本收益情况.xls
rapeseed,全国平均,2018,保险费,元,3.9,xls:2019/2-9-2 2018年各地区油菜籽费用和用工情况.xls
rapeseed,全国平均,2018,修理维护费,元,1.61,xls:2019/2-9-2 2018年各地区油菜籽费用和用工情况.xls
rapeseed,全国平均,2018,其他直接费用,元,0.0,xls:2019/2-9-2 2018年各地区油菜籽费用和用工情况.xls
rapeseed,全国平均,2018,农家肥费,元,11.28,xls:2019/2-9-2 2018年各地区油菜籽费用和用工情况.xls
rapeseed,全国平均,2018,农膜费,元,0.0,xls:2019/2-9-2 2018年各地区油菜籽费用和用工情况.xls
rapeseed,全国平均,2018,农药费,元,16.5,xls:2019/2-9-2 2018年各地区油菜籽费用和用工情况.xls
rapeseed,全国平均,2018,劳动日工价,元/日,84.89,xls:2019/2-9-2 2018年各地区油菜籽费用和用工情况.xls
rapeseed,全国平均,2018,化肥费,元,90.39,xls:2019/2-9-2 2018年各地区油菜籽费用和用工情况.xls
rapeseed,全国平均,2018,固定资产折旧,元,5.9,xls:2019/2-9-2 2018年各地区油菜籽费用和用工情况.xls
rapeseed,全国平均,2018,土地成本,元,124.61,xls:2019/2-9-1 2018年各地区油菜籽成本收益情况.xls
rapeseed,全国平均,2018,家庭用工天数,日,6.278,xls:2019/2-9-2 2018年各地区油菜籽费用和用工情况.xls
rapeseed,全国平均,2018,家庭用工折价,元,532.93942,xls:2019/2-9-1 2018年各地区油菜籽成本收益情况.xls
rapeseed,全国平均,2018,工具材料费,元,3.98,xls:2019/2-9-2 2018年各地区油菜籽费用和用工情况.xls
rapeseed,全国平均,2018,平均出售价格,元/50公斤,259.22,xls:2019/2-9-1 2018年各地区油菜籽成本收益情况.xls
rapeseed,全国平均,2018,总成本,元,916.96942,xls:2019/2-9-1 2018年各地区油菜籽成本收益情况.xls
rapeseed,全国平均,2018,技术服务费,元,0.0,xls:2019/2-9-2 2018年各地区油菜籽费用和用工情况.xls
rapeseed,全国平均,2018,排灌费,元,3.37,xls:2019/2-9-2 2018年各地区油菜籽费用和用工情况.xls
rapeseed,全国平均,2018,机械作业费,元,77.53,xls:2019/2-9-2 2018年各地区油菜籽费用和用工情况.xls
rapeseed,全国平均,2018,每亩农膜用量,公斤,0.0,xls:2019/2-9-2 2018年各地区油菜籽费用和用工情况.xls
rapeseed,全国平均,2018,每亩化肥折纯用量,公斤,15.75,xls:2019/2-9-3 2018年各地区油菜籽化肥投入情况.xls
rapeseed,全国平均,2018,每亩化肥用量,公斤,15.75,xls:2019/2-9-2 2018年各地区油菜籽费用和用工情况.xls
rapeseed,全国平均,2018,每亩用工数量,日,6.42,xls:2019/2-9-1 2018年各地区油菜籽成本收益情况.xls
rapeseed,全国平均,2018,每亩种子用量,公斤,0.35,xls:2019/2-9-2 2018年各地区油菜籽费用和用工情况.xls
rapeseed,全国平均,2018,流转地租金,元,12.9,xls:2019/2-9-1 2018年各地区油菜籽成本收益情况.xls
rapeseed,全国平均,2018,燃料动力费,元,1.37,xls:2019/2-9-2 2018年各地区油菜籽费用和用工情况.xls
rapeseed,全国平均,2018,物质与服务费用,元,244.12,xls:2019/2-9-1 2018年各地区油菜籽成本收益情况.xls
rapeseed,全国平均,2018,生产成本,元,792.35942,xls:2019/2-9-1 2018年各地区油菜籽成本收益情况.xls
rapeseed,全国平均,2018,畜力费,元,6.38,xls:2019/2-9-2 2018年各地区油菜籽费用和用工情况.xls
rapeseed,全国平均,2018,种子费,元,21.62,xls:2019/2-9-2 2018年各地区油菜籽费用和用工情况.xls
rapeseed,全国平均,2018,管理费,元,0.0,xls:2019/2-9-2 2018年各地区油菜籽费用和用工情况.xls
rapeseed,全国平均,2018,自营地折租,元,111.71,xls:2019/2-9-1 2018年各地区油菜籽成本收益情况.xls
rapeseed,全国平均,2018,财务费,元,0.0,xls:2019/2-9-2 2018年各地区油菜籽费用和用工情况.xls
rapeseed,全国平均,2018,销售费,元,0.29,xls:2019/2-9-2 2018年各地区油菜籽费用和用工情况.xls
rapeseed,全国平均,2018,雇工天数,日,0.14,xls:2019/2-9-2 2018年各地区油菜籽费用和用工情况.xls
rapeseed,全国平均,2018,雇工工价,元/日,109.286,xls:2019/2-9-2 2018年各地区油菜籽费用和用工情况.xls
rapeseed,全国平均,2018,雇工费用,元,15.3,xls:2019/2-9-1 2018年各地区油菜籽成本收益情况.xls
rapeseed,全国平均,2024,主产品产值,元,691.48,xls:2025/2-9-1 2024年各地区油菜籽成本收益情况(合表).xlsx
rapeseed,全国平均,2024,主产品产量,公斤,112.17,xls:2025/2-9-1 2024年各地区油菜籽成本收益情况(合表).xlsx
rapeseed,全国平均,2024,产值合计,元,698.84,xls:2025/2-9-1 2024年各地区油菜籽成本收益情况(合表).xlsx
rapeseed,全国平均,2024,人工成本,元,522.17,xls:2025/2-9-1 2024年各地区油菜籽成本收益情况(合表).xlsx
rapeseed,全国平均,2024,保险费,元,4.54,xls:2025/2-9-2 2024年各地区油菜籽费用和用工情况(合表).xlsx
rapeseed,全国平均,2024,修理维护费,元,1.69,xls:2025/2-9-2 2024年各地区油菜籽费用和用工情况(合表).xlsx
rapeseed,全国平均,2024,农家肥费,元,7.67,xls:2025/2-9-2 2024年各地区油菜籽费用和用工情况(合表).xlsx
rapeseed,全国平均,2024,农膜费,元,0.11,xls:2025/2-9-2 2024年各地区油菜籽费用和用工情况(合表).xlsx
rapeseed,全国平均,2024,农药费,元,20.68,xls:2025/2-9-2 2024年各地区油菜籽费用和用工情况(合表).xlsx
rapeseed,全国平均,2024,劳动日工价,元/日,99.92,xls:2025/2-9-2 2024年各地区油菜籽费用和用工情况(合表).xlsx
rapeseed,全国平均,2024,化肥费,元,121.76,xls:2025/2-9-2 2024年各地区油菜籽费用和用工情况(合表).xlsx
rapeseed,全国平均,2024,固定资产折旧,元,6.54,xls:2025/2-9-2 2024年各地区油菜籽费用和用工情况(合表).xlsx
rapeseed,全国平均,2024,土地成本,元,136.17,xls:2025/2-9-1 2024年各地区油菜籽成本收益情况(合表).xlsx
rapeseed,全国平均,2024,家庭用工天数,日,5.05,xls:2025/2-9-2 2024年各地区油菜籽费用和用工情况(合表).xlsx
rapeseed,全国平均,2024,家庭用工折价,元,504.4,xls:2025/2-9-1 2024年各地区油菜籽成本收益情况(合表).xlsx
rapeseed,全国平均,2024,工具材料费,元,3.9,xls:2025/2-9-2 2024年各地区油菜籽费用和用工情况(合表).xlsx
rapeseed,全国平均,2024,平均出售价格,元/50公斤,308.23,xls:2025/2-9-1 2024年各地区油菜籽成本收益情况(合表).xlsx
rapeseed,全国平均,2024,总成本,元,963.37,xls:2025/2-9-1 2024年各地区油菜籽成本收益情况(合表).xlsx
rapeseed,全国平均,2024,排灌费,元,2.9,xls:2025/2-9-2 2024年各地区油菜籽费用和用工情况(合表).xlsx
rapeseed,全国平均,2024,机械作业费,元,104.53,xls:2025/2-9-2 2024年各地区油菜籽费用和用工情况(合表).xlsx
rapeseed,全国平均,2024,每亩农膜用量,公斤,0.01,xls:2025/2-9-2 2024年各地区油菜籽费用和用工情况(合表).xlsx
rapeseed,全国平均,2024,每亩化肥折纯用量,公斤,16.56,xls:2025/2-9-3 2024年各地区油菜籽化肥投入情况(合表).xlsx
rapeseed,全国平均,2024,每亩化肥用量,公斤,16.56,xls:2025/2-9-2 2024年各地区油菜籽费用和用工情况(合表).xlsx
rapeseed,全国平均,2024,每亩用工数量,日,5.18,xls:2025/2-9-1 2024年各地区油菜籽成本收益情况(合表).xlsx
rapeseed,全国平均,2024,每亩种子用量,公斤,0.29,xls:2025/2-9-2 2024年各地区油菜籽费用和用工情况(合表).xlsx
rapeseed,全国平均,2024,流转地租金,元,19.85,xls:2025/2-9-1 2024年各地区油菜籽成本收益情况(合表).xlsx
rapeseed,全国平均,2024,燃料动力费,元,1.83,xls:2025/2-9-2 2024年各地区油菜籽费用和用工情况(合表).xlsx
rapeseed,全国平均,2024,物质与服务费用,元,305.03,xls:2025/2-9-1 2024年各地区油菜籽成本收益情况(合表).xlsx
rapeseed,全国平均,2024,生产成本,元,827.2,xls:2025/2-9-1 2024年各地区油菜籽成本收益情况(合表).xlsx
rapeseed,全国平均,2024,畜力费,元,0.6,xls:2025/2-9-2 2024年各地区油菜籽费用和用工情况(合表).xlsx
rapeseed,全国平均,2024,种子费,元,27.98,xls:2025/2-9-2 2024年各地区油菜籽费用和用工情况(合表).xlsx
rapeseed,全国平均,2024,管理费,元,0.07,xls:2025/2-9-2 2024年各地区油菜籽费用和用工情况(合表).xlsx
rapeseed,全国平均,2024,自营地折租,元,116.32,xls:2025/2-9-1 2024年各地区油菜籽成本收益情况(合表).xlsx
rapeseed,全国平均,2024,销售费,元,0.23,xls:2025/2-9-2 2024年各地区油菜籽费用和用工情况(合表).xlsx
rapeseed,全国平均,2024,雇工天数,日,0.13,xls:2025/2-9-2 2024年各地区油菜籽费用和用工情况(合表).xlsx
rapeseed,全国平均,2024,雇工工价,元/日,136.73,xls:2025/2-9-2 2024年各地区油菜籽费用和用工情况(合表).xlsx
rapeseed,全国平均,2024,雇工费用,元,17.78,xls:2025/2-9-1 2024年各地区油菜籽成本收益情况(合表).xlsx
rice_early_indica,全国平均,2006,主产品产值,元,581.93,xls:2007/2-01-1.xls
rice_early_indica,全国平均,2006,主产品产量,公斤,387.0,xls:2007/2-01-1.xls
rice_early_indica,全国平均,2006,产值合计,元,597.0,xls:2007/2-01-1.xls
rice_early_indica,全国平均,2006,人工成本,元,181.14,xls:2007/2-01-1.xls
rice_early_indica,全国平均,2006,修理维护费,元,3.0,xls:2007/2-01-2.xls
rice_early_indica,全国平均,2006,其他直接费用,元,1.15,xls:2007/2-01-2.xls
rice_early_indica,全国平均,2006,农家肥费,元,8.19,xls:2007/2-01-2.xls
rice_early_indica,全国平均,2006,农膜费,元,5.46,xls:2007/2-01-2.xls
rice_early_indica,全国平均,2006,农药费,元,26.15,xls:2007/2-01-2.xls
rice_early_indica,全国平均,2006,劳动日工价,元/日,16.9,xls:2007/2-01-2.xls
rice_early_indica,全国平均,2006,化肥费,元,86.21,xls:2007/2-01-2.xls
rice_early_indica,全国平均,2006,固定资产折旧,元,7.36,xls:2007/2-01-2.xls
rice_early_indica,全国平均,2006,土地成本,元,64.23,xls:2007/2-01-1.xls
rice_early_indica,全国平均,2006,家庭用工天数,日,9.91,xls:2007/2-01-2.xls
rice_early_indica,全国平均,2006,家庭用工折价,元,167.48,xls:2007/2-01-1.xls
rice_early_indica,全国平均,2006,工具材料费,元,4.61,xls:2007/2-01-2.xls
rice_early_indica,全国平均,2006,平均出售价格,元/50公斤,75.18,xls:2007/2-01-1.xls
rice_early_indica,全国平均,2006,总成本,元,488.61,xls:2007/2-01-1.xls
rice_early_indica,全国平均,2006,技术服务费,元,0.05,xls:2007/2-01-2.xls
rice_early_indica,全国平均,2006,排灌费,元,9.15,xls:2007/2-01-2.xls
rice_early_indica,全国平均,2006,机械作业费,元,44.99,xls:2007/2-01-2.xls
rice_early_indica,全国平均,2006,每亩农膜用量,公斤,0.48,xls:2007/2-01-2.xls
rice_early_indica,全国平均,2006,每亩化肥折纯用量,公斤,20.84,xls:2007/2-01-3.xls
rice_early_indica,全国平均,2006,每亩化肥用量,公斤,20.84,xls:2007/2-01-2.xls
rice_early_indica,全国平均,2006,每亩用工数量,日,10.33,xls:2007/2-01-1.xls
rice_early_indica,全国平均,2006,每亩种子用量,公斤,3.07,xls:2007/2-01-2.xls
rice_early_indica,全国平均,2006,流转地租金,元,7.1,xls:2007/2-01-1.xls
rice_early_indica,全国平均,2006,燃料动力费,元,1.27,xls:2007/2-01-2.xls
rice_early_indica,全国平均,2006,物质与服务费用,元,243.24,xls:2007/2-01-1.xls
rice_early_indica,全国平均,2006,生产成本,元,424.38,xls:2007/2-01-1.xls
rice_early_indica,全国平均,2006,畜力费,元,23.19,xls:2007/2-01-2.xls
rice_early_indica,全国平均,2006,种子费,元,20.78,xls:2007/2-01-2.xls
rice_early_indica,全国平均,2006,管理费,元,0.15,xls:2007/2-01-2.xls
rice_early_indica,全国平均,2006,自营地折租,元,57.13,xls:2007/2-01-1.xls
rice_early_indica,全国平均,2006,销售费,元,1.53,xls:2007/2-01-2.xls
rice_early_indica,全国平均,2006,雇工天数,日,0.42,xls:2007/2-01-2.xls
rice_early_indica,全国平均,2006,雇工工价,元/日,32.52,xls:2007/2-01-2.xls
rice_early_indica,全国平均,2006,雇工费用,元,13.66,xls:2007/2-01-1.xls
rice_early_indica,全国平均,2008,主产品产值,元,775.38,xls:2009/20101.xls
rice_early_indica,全国平均,2008,主产品产量,公斤,401.2,xls:2009/20101.xls
rice_early_indica,全国平均,2008,产值合计,元,791.24,xls:2009/20101.xls
rice_early_indica,全国平均,2008,人工成本,元,202.61,xls:2009/20101.xls
rice_early_indica,全国平均,2008,保险费,元,0.11,xls:2009/20102.xls
rice_early_indica,全国平均,2008,修理维护费,元,2.84,xls:2009/20102.xls
rice_early_indica,全国平均,2008,农家肥费,元,8.62,xls:2009/20102.xls
rice_early_indica,全国平均,2008,农膜费,元,4.94,xls:2009/20102.xls
rice_early_indica,全国平均,2008,农药费,元,37.07,xls:2009/20102.xls
rice_early_indica,全国平均,2008,劳动日工价,元/日,21.6,xls:2009/20102.xls
rice_early_indica,全国平均,2008,化肥费,元,122.73,xls:2009/20102.xls
rice_early_indica,全国平均,2008,固定资产折旧,元,7.12,xls:2009/20102.xls
rice_early_indica,全国平均,2008,土地成本,元,87.92,xls:2009/20101.xls
rice_early_indica,全国平均,2008,家庭用工天数,日,8.54,xls:2009/20102.xls
rice_early_indica,全国平均,2008,家庭用工折价,元,184.46,xls:2009/20101.xls
rice_early_indica,全国平均,2008,工具材料费,元,5.63,xls:2009/20102.xls
rice_early_indica,全国平均,2008,平均出售价格,元/50公斤,96.63,xls:2009/20101.xls
rice_early_indica,全国平均,2008,总成本,元,619.92,xls:2009/20101.xls
rice_early_indica,全国平均,2008,技术服务费,元,0.03,xls:2009/20102.xls
rice_early_indica,全国平均,2008,排灌费,元,8.7,xls:2009/20102.xls
rice_early_indica,全国平均,2008,机械作业费,元,80.61,xls:2009/20102.xls
rice_early_indica,全国平均,2008,每亩农膜用量,公斤,0.36,xls:2009/20102.xls
rice_early_indica,全国平均,2008,每亩化肥折纯用量,公斤,20.31,xls:2009/20103.xls
rice_early_indica,全国平均,2008,每亩化肥用量,公斤,20.31,xls:2009/20102.xls
rice_early_indica,全国平均,2008,每亩用工数量,日,8.88,xls:2009/20101.xls
rice_early_indica,全国平均,2008,每亩种子用量,公斤,3.1,xls:2009/20102.xls
rice_early_indica,全国平均,2008,流转地租金,元,9.37,xls:2009/20101.xls
rice_early_indica,全国平均,2008,燃料动力费,元,1.15,xls:2009/20102.xls
rice_early_indica,全国平均,2008,物质与服务费用,元,329.39,xls:2009/20101.xls
rice_early_indica,全国平均,2008,生产成本,元,532.0,xls:2009/20101.xls
rice_early_indica,全国平均,2008,畜力费,元,23.83,xls:2009/20102.xls
rice_early_indica,全国平均,2008,种子费,元,24.74,xls:2009/20102.xls
rice_early_indica,全国平均,2008,管理费,元,0.09,xls:2009/20102.xls
rice_early_indica,全国平均,2008,自营地折租,元,78.55,xls:2009/20101.xls
rice_early_indica,全国平均,2008,财务费,元,0.03,xls:2009/20102.xls
rice_early_indica,全国平均,2008,销售费,元,1.15,xls:2009/20102.xls
rice_early_indica,全国平均,2008,雇工天数,日,0.34,xls:2009/20102.xls
rice_early_indica,全国平均,2008,雇工工价,元/日,53.38,xls:2009/20102.xls
rice_early_indica,全国平均,2008,雇工费用,元,18.15,xls:2009/20101.xls
rice_early_indica,全国平均,2009,主产品产值,元,796.52,xls:2010/020101.xls
rice_early_indica,全国平均,2009,主产品产量,公斤,414.8,xls:2010/020101.xls
rice_early_indica,全国平均,2009,产值合计,元,810.99,xls:2010/020101.xls
rice_early_indica,全国平均,2009,人工成本,元,210.73,xls:2010/020101.xls
rice_early_indica,全国平均,2009,保险费,元,0.17,xls:2010/020102.xls
rice_early_indica,全国平均,2009,修理维护费,元,2.43,xls:2010/020102.xls
rice_early_indica,全国平均,2009,农家肥费,元,7.11,xls:2010/020102.xls
rice_early_indica,全国平均,2009,农膜费,元,4.18,xls:2010/020102.xls
rice_early_indica,全国平均,2009,农药费,元,35.22,xls:2010/020102.xls
rice_early_indica,全国平均,2009,劳动日工价,元/日,24.8,xls:2010/020102.xls
rice_early_indica,全国平均,2009,化肥费,元,114.25,xls:2010/020102.xls
rice_early_indica,全国平均,2009,固定资产折旧,元,6.61,xls:2010/020102.xls
rice_early_indica,全国平均,2009,土地成本,元,100.36,xls:2010/020101.xls
rice_early_indica,全国平均,2009,家庭用工天数,日,7.72,xls:2010/020102.xls
rice_early_indica,全国平均,2009,家庭用工折价,元,191.46,xls:2010/020101.xls
rice_early_indica,全国平均,2009,工具材料费,元,5.8,xls:2010/020102.xls
rice_early_indica,全国平均,2009,平均出售价格,元/50公斤,96.01,xls:2010/020101.xls
rice_early_indica,全国平均,2009,总成本,元,641.93,xls:2010/020101.xls
rice_early_indica,全国平均,2009,技术服务费,元,0.02,xls:2010/020102.xls
rice_early_indica,全国平均,2009,排灌费,元,9.34,xls:2010/020102.xls
rice_early_indica,全国平均,2009,机械作业费,元,90.72,xls:2010/020102.xls
rice_early_indica,全国平均,2009,每亩农膜用量,公斤,0.33,xls:2010/020102.xls
rice_early_indica,全国平均,2009,每亩化肥折纯用量,公斤,20.62,xls:2010/020103.xls
rice_early_indica,全国平均,2009,每亩化肥用量,公斤,20.62,xls:2010/020102.xls
rice_early_indica,全国平均,2009,每亩用工数量,日,8.05,xls:2010/020101.xls
rice_early_indica,全国平均,2009,每亩种子用量,公斤,3.0,xls:2010/020102.xls
rice_early_indica,全国平均,2009,流转地租金,元,10.39,xls:2010/020101.xls
rice_early_indica,全国平均,2009,燃料动力费,元,1.2,xls:2010/020102.xls
rice_early_indica,全国平均,2009,物质与服务费用,元,330.84,xls:2010/020101.xls
rice_early_indica,全国平均,2009,生产成本,元,541.57,xls:2010/020101.xls
rice_early_indica,全国平均,2009,畜力费,元,22.28,xls:2010/020102.xls
rice_early_indica,全国平均,2009,种子费,元,30.21,xls:2010/020102.xls
rice_early_indica,全国平均,2009,管理费,元,0.01,xls:2010/020102.xls
rice_early_indica,全国平均,2009,自营地折租,元,89.97,xls:2010/020101.xls
rice_early_indica,全国平均,2009,财务费,元,0.03,xls:2010/020102.xls
rice_early_indica,全国平均,2009,销售费,元,1.26,xls:2010/020102.xls
rice_early_indica,全国平均,2009,雇工天数,日,0.33,xls:2010/020102.xls
rice_early_indica,全国平均,2009,雇工工价,元/日,58.21,xls:2010/020102.xls
rice_early_indica,全国平均,2009,雇工费用,元,19.27,xls:2010/020101.xls
rice_early_indica,全国平均,2010,主产品产值,元,787.45,xls:2011/020101.xls
rice_early_indica,全国平均,2010,主产品产量,公斤,384.47,xls:2011/020101.xls
rice_early_indica,全国平均,2010,产值合计,元,801.42,xls:2011/020101.xls
rice_early_indica,全国平均,2010,人工成本,元,239.74,xls:2011/020101.xls
rice_early_indica,全国平均,2010,保险费,元,0.77,xls:2011/020102.xls
rice_early_indica,全国平均,2010,修理维护费,元,2.47,xls:2011/020102.xls
rice_early_indica,全国平均,2010,农家肥费,元,8.59,xls:2011/020102.xls
rice_early_indica,全国平均,2010,农膜费,元,3.94,xls:2011/020102.xls
rice_early_indica,全国平均,2010,农药费,元,40.51,xls:2011/020102.xls
rice_early_indica,全国平均,2010,劳动日工价,元/日,31.3,xls:2011/020102.xls
rice_early_indica,全国平均,2010,化肥费,元,109.22,xls:2011/020102.xls
rice_early_indica,全国平均,2010,固定资产折旧,元,7.29,xls:2011/020102.xls
rice_early_indica,全国平均,2010,土地成本,元,111.98,xls:2011/020101.xls
rice_early_indica,全国平均,2010,家庭用工天数,日,7.14,xls:2011/020102.xls
rice_early_indica,全国平均,2010,家庭用工折价,元,223.45,xls:2011/020101.xls
rice_early_indica,全国平均,2010,工具材料费,元,5.84,xls:2011/020102.xls
rice_early_indica,全国平均,2010,平均出售价格,元/50公斤,102.41,xls:2011/020101.xls
rice_early_indica,全国平均,2010,总成本,元,702.17,xls:2011/020101.xls
rice_early_indica,全国平均,2010,技术服务费,元,0.01,xls:2011/020102.xls
rice_early_indica,全国平均,2010,排灌费,元,8.58,xls:2011/020102.xls
rice_early_indica,全国平均,2010,机械作业费,元,107.06,xls:2011/020102.xls
rice_early_indica,全国平均,2010,每亩农膜用量,公斤,0.3,xls:2011/020102.xls
rice_early_indica,全国平均,2010,每亩化肥折纯用量,公斤,21.56,xls:2011/020103.xls
rice_early_indica,全国平均,2010,每亩化肥用量,公斤,21.56,xls:2011/020102.xls
rice_early_indica,全国平均,2010,每亩用工数量,日,7.4,xls:2011/020101.xls
rice_early_indica,全国平均,2010,每亩种子用量,公斤,3.21,xls:2011/020102.xls
rice_early_indica,全国平均,2010,流转地租金,元,11.94,xls:2011/020101.xls
rice_early_indica,全国平均,2010,燃料动力费,元,1.53,xls:2011/020102.xls
rice_early_indica,全国平均,2010,物质与服务费用,元,350.45,xls:2011/020101.xls
rice_early_indica,全国平均,2010,生产成本,元,590.19,xls:2011/020101.xls
rice_early_indica,全国平均,2010,畜力费,元,17.45,xls:2011/020102.xls
rice_early_indica,全国平均,2010,种子费,元,36.45,xls:2011/020102.xls
rice_early_indica,全国平均,2010,自营地折租,元,100.04,xls:2011/020101.xls
rice_early_indica,全国平均,2010,财务费,元,0.03,xls:2011/020102.xls
rice_early_indica,全国平均,2010,销售费,元,0.71,xls:2011/020102.xls
rice_early_indica,全国平均,2010,雇工天数,日,0.26,xls:2011/020102.xls
rice_early_indica,全国平均,2010,雇工工价,元/日,63.62,xls:2011/020102.xls
rice_early_indica,全国平均,2010,雇工费用,元,16.29,xls:2011/020101.xls
rice_early_indica,全国平均,2011,主产品产值,元,1019.98,xls:2012/020101.xls
rice_early_indica,全国平均,2011,主产品产量,公斤,411.4,xls:2012/020101.xls
rice_early_indica,全国平均,2011,产值合计,元,1034.71,xls:2012/020101.xls
rice_early_indica,全国平均,2011,人工成本,元,301.28,xls:2012/020101.xls
rice_early_indica,全国平均,2011,保险费,元,2.35,xls:2012/020102.xls
rice_early_indica,全国平均,2011,修理维护费,元,2.4,xls:2012/020102.xls
rice_early_indica,全国平均,2011,其他直接费用,元,0.01,xls:2012/020102.xls
rice_early_indica,全国平均,2011,农家肥费,元,7.33,xls:2012/020102.xls
rice_early_indica,全国平均,2011,农膜费,元,4.4,xls:2012/020102.xls
rice_early_indica,全国平均,2011,农药费,元,39.43,xls:2012/020102.xls
rice_early_indica,全国平均,2011,劳动日工价,元/日,40.0,xls:2012/020102.xls
rice_early_indica,全国平均,2011,化肥费,元,125.79,xls:2012/020102.xls
rice_early_indica,全国平均,2011,固定资产折旧,元,7.31,xls:2012/020102.xls
rice_early_indica,全国平均,2011,土地成本,元,124.58,xls:2012/020101.xls
rice_early_indica,全国平均,2011,家庭用工天数,日,6.94,xls:2012/020102.xls
rice_early_indica,全国平均,2011,家庭用工折价,元,277.48,xls:2012/020101.xls
rice_early_indica,全国平均,2011,工具材料费,元,6.45,xls:2012/020102.xls
rice_early_indica,全国平均,2011,平均出售价格,元/50公斤,123.96,xls:2012/020101.xls
rice_early_indica,全国平均,2011,总成本,元,822.7,xls:2012/020101.xls
rice_early_indica,全国平均,2011,技术服务费,元,0.01,xls:2012/020102.xls
rice_early_indica,全国平均,2011,排灌费,元,9.86,xls:2012/020102.xls
rice_early_indica,全国平均,2011,机械作业费,元,131.04,xls:2012/020102.xls
rice_early_indica,全国平均,2011,每亩农膜用量,公斤,0.32,xls:2012/020102.xls
rice_early_indica,全国平均,2011,每亩化肥折纯用量,公斤,21.58,xls:2012/020103.xls
rice_early_indica,全国平均,2011,每亩化肥用量,公斤,21.58,xls:2012/020102.xls
rice_early_indica,全国平均,2011,每亩用工数量,日,7.22,xls:2012/020101.xls
rice_early_indica,全国平均,2011,每亩种子用量,公斤,3.11,xls:2012/020102.xls
rice_early_indica,全国平均,2011,流转地租金,元,14.73,xls:2012/020101.xls
rice_early_indica,全国平均,2011,燃料动力费,元,2.49,xls:2012/020102.xls
rice_early_indica,全国平均,2011,物质与服务费用,元,396.84,xls:2012/020101.xls
rice_early_indica,全国平均,2011,生产成本,元,698.12,xls:2012/020101.xls
rice_early_indica,全国平均,2011,畜力费,元,15.6,xls:2012/020102.xls
rice_early_indica,全国平均,2011,种子费,元,41.52,xls:2012/020102.xls
rice_early_indica,全国平均,2011,自营地折租,元,109.85,xls:2012/020101.xls
rice_early_indica,全国平均,2011,财务费,元,0.02,xls:2012/020102.xls
rice_early_indica,全国平均,2011,销售费,元,0.83,xls:2012/020102.xls
rice_early_indica,全国平均,2011,雇工天数,日,0.29,xls:2012/020102.xls
rice_early_indica,全国平均,2011,雇工工价,元/日,83.52,xls:2012/020102.xls
rice_early_indica,全国平均,2011,雇工费用,元,23.8,xls:2012/020101.xls
rice_early_indica,全国平均,2012,主产品产值,元,1076.88,xls:2013/020101.xls
rice_early_indica,全国平均,2012,主产品产量,公斤,410.72,xls:2013/020101.xls
rice_early_indica,全国平均,2012,产值合计,元,1091.03,xls:2013/020101.xls
rice_early_indica,全国平均,2012,人工成本,元,389.07,xls:2013/020101.xls
rice_early_indica,全国平均,2012,保险费,元,3.5,xls:2013/020102.xls
rice_early_indica,全国平均,2012,修理维护费,元,2.66,xls:2013/020102.xls
rice_early_indica,全国平均,2012,农家肥费,元,9.48,xls:2013/020102.xls
rice_early_indica,全国平均,2012,农膜费,元,4.63,xls:2013/020102.xls
rice_early_indica,全国平均,2012,农药费,元,45.24,xls:2013/020102.xls
rice_early_indica,全国平均,2012,劳动日工价,元/日,56.0,xls:2013/020102.xls
rice_early_indica,全国平均,2012,化肥费,元,134.75,xls:2013/020102.xls
rice_early_indica,全国平均,2012,固定资产折旧,元,7.63,xls:2013/020102.xls
rice_early_indica,全国平均,2012,土地成本,元,137.97,xls:2013/020101.xls
rice_early_indica,全国平均,2012,家庭用工天数,日,6.52,xls:2013/020102.xls
rice_early_indica,全国平均,2012,家庭用工折价,元,365.06,xls:2013/020101.xls
rice_early_indica,全国平均,2012,工具材料费,元,6.55,xls:2013/020102.xls
rice_early_indica,全国平均,2012,平均出售价格,元/50公斤,131.1,xls:2013/020101.xls
rice_early_indica,全国平均,2012,总成本,元,965.66,xls:2013/020101.xls
rice_early_indica,全国平均,2012,排灌费,元,8.91,xls:2013/020102.xls
rice_early_indica,全国平均,2012,机械作业费,元,150.38,xls:2013/020102.xls
rice_early_indica,全国平均,2012,每亩农膜用量,公斤,0.33,xls:2013/020102.xls
rice_early_indica,全国平均,2012,每亩化肥折纯用量,公斤,21.23,xls:2013/020103.xls
rice_early_indica,全国平均,2012,每亩化肥用量,公斤,21.23,xls:2013/020102.xls
rice_early_indica,全国平均,2012,每亩用工数量,日,6.78,xls:2013/020101.xls
rice_early_indica,全国平均,2012,每亩种子用量,公斤,3.35,xls:2013/020102.xls
rice_early_indica,全国平均,2012,流转地租金,元,17.21,xls:2013/020101.xls
rice_early_indica,全国平均,2012,燃料动力费,元,2.59,xls:2013/020102.xls
rice_early_indica,全国平均,2012,物质与服务费用,元,438.62,xls:2013/020101.xls
rice_early_indica,全国平均,2012,生产成本,元,827.69,xls:2013/020101.xls
rice_early_indica,全国平均,2012,畜力费,元,14.63,xls:2013/020102.xls
rice_early_indica,全国平均,2012,种子费,元,46.72,xls:2013/020102.xls
rice_early_indica,全国平均,2012,自营地折租,元,120.76,xls:2013/020101.xls
rice_early_indica,全国平均,2012,销售费,元,0.95,xls:2013/020102.xls
rice_early_indica,全国平均,2012,雇工天数,日,0.26,xls:2013/020102.xls
rice_early_indica,全国平均,2012,雇工工价,元/日,92.34,xls:2013/020102.xls
rice_early_indica,全国平均,2012,雇工费用,元,24.01,xls:2013/020101.xls
rice_early_indica,全国平均,2013,主产品产值,元,1097.13,xls:2014/020101a.xls
rice_early_indica,全国平均,2013,主产品产量,公斤,421.45,xls:2014/020101a.xls
rice_early_indica,全国平均,2013,产值合计,元,1110.6,xls:2014/020101a.xls
rice_early_indica,全国平均,2013,人工成本,元,449.84,xls:2014/020101a.xls
rice_early_indica,全国平均,2013,保险费,元,3.84,xls:2014/020102a.xls
rice_early_indica,全国平均,2013,修理维护费,元,2.92,xls:2014/020102a.xls
rice_early_indica,全国平均,2013,农家肥费,元,8.09,xls:2014/020102a.xls
rice_early_indica,全国平均,2013,农膜费,元,4.14,xls:2014/020102a.xls
rice_early_indica,全国平均,2013,农药费,元,45.55,xls:2014/020102a.xls
rice_early_indica,全国平均,2013,劳动日工价,元/日,68.0,xls:2014/020102a.xls
rice_early_indica,全国平均,2013,化肥费,元,132.77,xls:2014/020102a.xls
rice_early_indica,全国平均,2013,固定资产折旧,元,9.17,xls:2014/020102a.xls
rice_early_indica,全国平均,2013,土地成本,元,148.09,xls:2014/020101a.xls
rice_early_indica,全国平均,2013,家庭用工天数,日,6.22,xls:2014/020102a.xls
rice_early_indica,全国平均,2013,家庭用工折价,元,423.03,xls:2014/020101a.xls
rice_early_indica,全国平均,2013,工具材料费,元,7.25,xls:2014/020102a.xls
rice_early_indica,全国平均,2013,平均出售价格,元/50公斤,130.16,xls:2014/020101a.xls
rice_early_indica,全国平均,2013,总成本,元,1050.24,xls:2014/020101a.xls
rice_early_indica,全国平均,2013,排灌费,元,9.08,xls:2014/020102a.xls
rice_early_indica,全国平均,2013,机械作业费,元,162.96,xls:2014/020102a.xls
rice_early_indica,全国平均,2013,每亩农膜用量,公斤,0.29,xls:2014/020102a.xls
rice_early_indica,全国平均,2013,每亩化肥折纯用量,公斤,21.39,xls:2014/020103a.xls
rice_early_indica,全国平均,2013,每亩化肥用量,公斤,21.39,xls:2014/020102a.xls
rice_early_indica,全国平均,2013,每亩用工数量,日,6.48,xls:2014/020101a.xls
rice_early_indica,全国平均,2013,每亩种子用量,公斤,3.42,xls:2014/020102a.xls
rice_early_indica,全国平均,2013,流转地租金,元,17.37,xls:2014/020101a.xls
rice_early_indica,全国平均,2013,燃料动力费,元,3.34,xls:2014/020102a.xls
rice_early_indica,全国平均,2013,物质与服务费用,元,452.31,xls:2014/020101a.xls
rice_early_indica,全国平均,2013,生产成本,元,902.15,xls:2014/020101a.xls
rice_early_indica,全国平均,2013,畜力费,元,10.73,xls:2014/020102a.xls
rice_early_indica,全国平均,2013,种子费,元,50.85,xls:2014/020102a.xls
rice_early_indica,全国平均,2013,管理费,元,0.01,xls:2014/020102a.xls
rice_early_indica,全国平均,2013,自营地折租,元,130.72,xls:2014/020101a.xls
rice_early_indica,全国平均,2013,销售费,元,1.61,xls:2014/020102a.xls
rice_early_indica,全国平均,2013,雇工天数,日,0.26,xls:2014/020102a.xls
rice_early_indica,全国平均,2013,雇工工价,元/日,104.3,xls:2014/020102a.xls
rice_early_indica,全国平均,2013,雇工费用,元,26.81,xls:2014/020101a.xls
rice_early_indica,全国平均,2014,主产品产值,元,1122.14,xls:2015/0201-01.xls
rice_early_indica,全国平均,2014,主产品产量,公斤,418.45,xls:2015/0201-01.xls
rice_early_indica,全国平均,2014,产值合计,元,1135.98,xls:2015/0201-01.xls
rice_early_indica,全国平均,2014,人工成本,元,466.55,xls:2015/0201-01.xls
rice_early_indica,全国平均,2014,保险费,元,4.33,xls:2015/0201-02.xls
rice_early_indica,全国平均,2014,修理维护费,元,2.85,xls:2015/0201-02.xls
rice_early_indica,全国平均,2014,农家肥费,元,8.4,xls:2015/0201-02.xls
rice_early_indica,全国平均,2014,农膜费,元,4.43,xls:2015/0201-02.xls
rice_early_indica,全国平均,2014,农药费,元,49.66,xls:2015/0201-02.xls
rice_early_indica,全国平均,2014,劳动日工价,元/日,74.4,xls:2015/0201-02.xls
rice_early_indica,全国平均,2014,化肥费,元,123.76,xls:2015/0201-02.xls
rice_early_indica,全国平均,2014,固定资产折旧,元,9.61,xls:2015/0201-02.xls
rice_early_indica,全国平均,2014,土地成本,元,152.7,xls:2015/0201-01.xls
rice_early_indica,全国平均,2014,家庭用工天数,日,5.91,xls:2015/0201-02.xls
rice_early_indica,全国平均,2014,家庭用工折价,元,439.63,xls:2015/0201-01.xls
rice_early_indica,全国平均,2014,工具材料费,元,7.58,xls:2015/0201-02.xls
rice_early_indica,全国平均,2014,平均出售价格,元/50公斤,134.08,xls:2015/0201-01.xls
rice_early_indica,全国平均,2014,总成本,元,1078.27,xls:2015/0201-01.xls
rice_early_indica,全国平均,2014,排灌费,元,7.01,xls:2015/0201-02.xls
rice_early_indica,全国平均,2014,机械作业费,元,172.5,xls:2015/0201-02.xls
rice_early_indica,全国平均,2014,每亩农膜用量,公斤,0.32,xls:2015/0201-02.xls
rice_early_indica,全国平均,2014,每亩化肥折纯用量,公斤,21.94,xls:2015/0201-03.xls
rice_early_indica,全国平均,2014,每亩化肥用量,公斤,21.94,xls:2015/0201-02.xls
rice_early_indica,全国平均,2014,每亩用工数量,日,6.15,xls:2015/0201-01.xls
rice_early_indica,全国平均,2014,每亩种子用量,公斤,3.52,xls:2015/0201-02.xls
rice_early_indica,全国平均,2014,流转地租金,元,19.83,xls:2015/0201-01.xls
rice_early_indica,全国平均,2014,燃料动力费,元,3.9,xls:2015/0201-02.xls
rice_early_indica,全国平均,2014,物质与服务费用,元,459.02,xls:2015/0201-01.xls
rice_early_indica,全国平均,2014,生产成本,元,925.57,xls:2015/0201-01.xls
rice_early_indica,全国平均,2014,畜力费,元,10.49,xls:2015/0201-02.xls
rice_early_indica,全国平均,2014,种子费,元,52.89,xls:2015/0201-02.xls
rice_early_indica,全国平均,2014,自营地折租,元,132.87,xls:2015/0201-01.xls
rice_early_indica,全国平均,2014,销售费,元,1.61,xls:2015/0201-02.xls
rice_early_indica,全国平均,2014,雇工天数,日,0.24,xls:2015/0201-02.xls
rice_early_indica,全国平均,2014,雇工工价,元/日,110.32,xls:2015/0201-02.xls
rice_early_indica,全国平均,2014,雇工费用,元,26.92,xls:2015/0201-01.xls
rice_early_indica,全国平均,2015,主产品产值,元,1133.44,xls:2016/2-01-1a.xls
rice_early_indica,全国平均,2015,主产品产量,公斤,421.76,xls:2016/2-01-1a.xls
rice_early_indica,全国平均,2015,产值合计,元,1147.26,xls:2016/2-01-1a.xls
rice_early_indica,全国平均,2015,人工成本,元,470.29,xls:2016/2-01-1a.xls
rice_early_indica,全国平均,2015,保险费,元,4.66,xls:2016/2-01-2a.xls
rice_early_indica,全国平均,2015,修理维护费,元,2.74,xls:2016/2-01-2a.xls
rice_early_indica,全国平均,2015,农家肥费,元,9.1,xls:2016/2-01-2a.xls
rice_early_indica,全国平均,2015,农膜费,元,4.7,xls:2016/2-01-2a.xls
rice_early_indica,全国平均,2015,农药费,元,48.5,xls:2016/2-01-2a.xls
rice_early_indica,全国平均,2015,劳动日工价,元/日,78.0,xls:2016/2-01-2a.xls
rice_early_indica,全国平均,2015,化肥费,元,124.74,xls:2016/2-01-2a.xls
rice_early_indica,全国平均,2015,固定资产折旧,元,9.54,xls:2016/2-01-2a.xls
rice_early_indica,全国平均,2015,土地成本,元,159.81,xls:2016/2-01-1a.xls
rice_early_indica,全国平均,2015,家庭用工天数,日,5.67,xls:2016/2-01-2a.xls
rice_early_indica,全国平均,2015,家庭用工折价,元,441.87,xls:2016/2-01-1a.xls
rice_early_indica,全国平均,2015,工具材料费,元,7.37,xls:2016/2-01-2a.xls
rice_early_indica,全国平均,2015,平均出售价格,元/50公斤,134.37,xls:2016/2-01-1a.xls
rice_early_indica,全国平均,2015,总成本,元,1097.43,xls:2016/2-01-1a.xls
rice_early_indica,全国平均,2015,技术服务费,元,0.01,xls:2016/2-01-2a.xls
rice_early_indica,全国平均,2015,排灌费,元,8.14,xls:2016/2-01-2a.xls
rice_early_indica,全国平均,2015,机械作业费,元,178.77,xls:2016/2-01-2a.xls
rice_early_indica,全国平均,2015,每亩农膜用量,公斤,0.34,xls:2016/2-01-2a.xls
rice_early_indica,全国平均,2015,每亩化肥折纯用量,公斤,22.29,xls:2016/2-01-3a.xls
rice_early_indica,全国平均,2015,每亩化肥用量,公斤,22.29,xls:2016/2-01-2a.xls
rice_early_indica,全国平均,2015,每亩用工数量,日,5.9,xls:2016/2-01-1a.xls
rice_early_indica,全国平均,2015,每亩种子用量,公斤,3.62,xls:2016/2-01-2a.xls
rice_early_indica,全国平均,2015,流转地租金,元,19.42,xls:2016/2-01-1a.xls
rice_early_indica,全国平均,2015,燃料动力费,元,4.55,xls:2016/2-01-2a.xls
rice_early_indica,全国平均,2015,物质与服务费用,元,467.33,xls:2016/2-01-1a.xls
rice_early_indica,全国平均,2015,生产成本,元,937.62,xls:2016/2-01-1a.xls
rice_early_indica,全国平均,2015,畜力费,元,9.56,xls:2016/2-01-2a.xls
rice_early_indica,全国平均,2015,种子费,元,53.4,xls:2016/2-01-2a.xls
rice_early_indica,全国平均,2015,管理费,元,0.03,xls:2016/2-01-2a.xls
rice_early_indica,全国平均,2015,自营地折租,元,140.39,xls:2016/2-01-1a.xls
rice_early_indica,全国平均,2015,财务费,元,0.01,xls:2016/2-01-2a.xls
rice_early_indica,全国平均,2015,销售费,元,1.51,xls:2016/2-01-2a.xls
rice_early_indica,全国平均,2015,雇工天数,日,0.23,xls:2016/2-01-2a.xls
rice_early_indica,全国平均,2015,雇工工价,元/日,123.03,xls:2016/2-01-2a.xls
rice_early_indica,全国平均,2015,雇工费用,元,28.42,xls:2016/2-01-1a.xls
rice_early_indica,全国平均,2016,主产品产值,元,1085.15,xls:2017/2-01-1a.xls
rice_early_indica,全国平均,2016,主产品产量,公斤,416.95,xls:2017/2-01-1a.xls
rice_early_indica,全国平均,2016,产值合计,元,1098.87,xls:2017/2-01-1a.xls
rice_early_indica,全国平均,2016,人工成本,元,460.7912,xls:2017/2-01-1a.xls
rice_early_indica,全国平均,2016,保险费,元,5.35,xls:2017/2-01-2a.xls
rice_early_indica,全国平均,2016,修理维护费,元,2.95,xls:2017/2-01-2a.xls
rice_early_indica,全国平均,2016,其他直接费用,元,0.0,xls:2017/2-01-2a.xls
rice_early_indica,全国平均,2016,农家肥费,元,8.34,xls:2017/2-01-2a.xls
rice_early_indica,全国平均,2016,农膜费,元,4.34,xls:2017/2-01-2a.xls
rice_early_indica,全国平均,2016,农药费,元,50.8,xls:2017/2-01-2a.xls
rice_early_indica,全国平均,2016,劳动日工价,元/日,81.4,xls:2017/2-01-2a.xls
rice_early_indica,全国平均,2016,化肥费,元,124.77,xls:2017/2-01-2a.xls
rice_early_indica,全国平均,2016,固定资产折旧,元,10.16,xls:2017/2-01-2a.xls
rice_early_indica,全国平均,2016,土地成本,元,162.18,xls:2017/2-01-1a.xls
rice_early_indica,全国平均,2016,家庭用工天数,日,5.308,xls:2017/2-01-2a.xls
rice_early_indica,全国平均,2016,家庭用工折价,元,432.0712,xls:2017/2-01-1a.xls
rice_early_indica,全国平均,2016,工具材料费,元,7.6,xls:2017/2-01-2a.xls
rice_early_indica,全国平均,2016,平均出售价格,元/50公斤,130.13,xls:2017/2-01-1a.xls
rice_early_indica,全国平均,2016,总成本,元,1096.9312,xls:2017/2-01-1a.xls
rice_early_indica,全国平均,2016,技术服务费,元,0.03,xls:2017/2-01-2a.xls
rice_early_indica,全国平均,2016,排灌费,元,7.3,xls:2017/2-01-2a.xls
rice_early_indica,全国平均,2016,机械作业费,元,181.17,xls:2017/2-01-2a.xls
rice_early_indica,全国平均,2016,每亩农膜用量,公斤,0.31,xls:2017/2-01-2a.xls
rice_early_indica,全国平均,2016,每亩化肥折纯用量,公斤,22.99,xls:2017/2-01-3a.xls
rice_early_indica,全国平均,2016,每亩化肥用量,公斤,22.99,xls:2017/2-01-2a.xls
rice_early_indica,全国平均,2016,每亩用工数量,日,5.55,xls:2017/2-01-1a.xls
rice_early_indica,全国平均,2016,每亩种子用量,公斤,3.6,xls:2017/2-01-2a.xls
rice_early_indica,全国平均,2016,流转地租金,元,21.67,xls:2017/2-01-1a.xls
rice_early_indica,全国平均,2016,燃料动力费,元,5.09,xls:2017/2-01-2a.xls
rice_early_indica,全国平均,2016,物质与服务费用,元,473.96,xls:2017/2-01-1a.xls
rice_early_indica,全国平均,2016,生产成本,元,934.7512,xls:2017/2-01-1a.xls
rice_early_indica,全国平均,2016,畜力费,元,8.05,xls:2017/2-01-2a.xls
rice_early_indica,全国平均,2016,种子费,元,56.57,xls:2017/2-01-2a.xls
rice_early_indica,全国平均,2016,管理费,元,0.09,xls:2017/2-01-2a.xls
rice_early_indica,全国平均,2016,自营地折租,元,140.51,xls:2017/2-01-1a.xls
rice_early_indica,全国平均,2016,财务费,元,0.02,xls:2017/2-01-2a.xls
rice_early_indica,全国平均,2016,销售费,元,1.33,xls:2017/2-01-2a.xls
rice_early_indica,全国平均,2016,雇工天数,日,0.24,xls:2017/2-01-2a.xls
rice_early_indica,全国平均,2016,雇工工价,元/日,119.667,xls:2017/2-01-2a.xls
rice_early_indica,全国平均,2016,雇工费用,元,28.72,xls:2017/2-01-1a.xls
rice_early_indica,全国平均,2017,主产品产值,元,1113.77,xls:2018/2-1-1 2017年各地区早籼稻成本收益情况.xls
rice_early_indica,全国平均,2017,主产品产量,公斤,423.76,xls:2018/2-1-1 2017年各地区早籼稻成本收益情况.xls
rice_early_indica,全国平均,2017,产值合计,元,1127.27,xls:2018/2-1-1 2017年各地区早籼稻成本收益情况.xls
rice_early_indica,全国平均,2017,人工成本,元,454.7357,xls:2018/2-1-1 2017年各地区早籼稻成本收益情况.xls
rice_early_indica,全国平均,2017,保险费,元,7.7,xls:2018/2-1-2 2017年各地区早籼稻费用和用工情况.xls
rice_early_indica,全国平均,2017,修理维护费,元,2.92,xls:2018/2-1-2 2017年各地区早籼稻费用和用工情况.xls
rice_early_indica,全国平均,2017,其他直接费用,元,0.6,xls:2018/2-1-2 2017年各地区早籼稻费用和用工情况.xls
rice_early_indica,全国平均,2017,农家肥费,元,7.0,xls:2018/2-1-2 2017年各地区早籼稻费用和用工情况.xls
rice_early_indica,全国平均,2017,农膜费,元,4.09,xls:2018/2-1-2 2017年各地区早籼稻费用和用工情况.xls
rice_early_indica,全国平均,2017,农药费,元,52.59,xls:2018/2-1-2 2017年各地区早籼稻费用和用工情况.xls
rice_early_indica,全国平均,2017,劳动日工价,元/日,83.1,xls:2018/2-1-2 2017年各地区早籼稻费用和用工情况.xls
rice_early_indica,全国平均,2017,化肥费,元,128.12,xls:2018/2-1-2 2017年各地区早籼稻费用和用工情况.xls
rice_early_indica,全国平均,2017,固定资产折旧,元,10.29,xls:2018/2-1-2 2017年各地区早籼稻费用和用工情况.xls
rice_early_indica,全国平均,2017,土地成本,元,170.37,xls:2018/2-1-1 2017年各地区早籼稻成本收益情况.xls
rice_early_indica,全国平均,2017,家庭用工天数,日,5.047,xls:2018/2-1-2 2017年各地区早籼稻费用和用工情况.xls
rice_early_indica,全国平均,2017,家庭用工折价,元,419.4057,xls:2018/2-1-1 2017年各地区早籼稻成本收益情况.xls
rice_early_indica,全国平均,2017,工具材料费,元,7.2,xls:2018/2-1-2 2017年各地区早籼稻费用和用工情况.xls
rice_early_indica,全国平均,2017,平均出售价格,元/50公斤,131.42,xls:2018/2-1-1 2017年各地区早籼稻成本收益情况.xls
rice_early_indica,全国平均,2017,总成本,元,1108.3357,xls:2018/2-1-1 2017年各地区早籼稻成本收益情况.xls
rice_early_indica,全国平均,2017,技术服务费,元,0.01,xls:2018/2-1-2 2017年各地区早籼稻费用和用工情况.xls
rice_early_indica,全国平均,2017,排灌费,元,7.11,xls:2018/2-1-2 2017年各地区早籼稻费用和用工情况.xls
rice_early_indica,全国平均,2017,机械作业费,元,184.58,xls:2018/2-1-2 2017年各地区早籼稻费用和用工情况.xls
rice_early_indica,全国平均,2017,每亩农膜用量,公斤,0.3,xls:2018/2-1-2 2017年各地区早籼稻费用和用工情况.xls
rice_early_indica,全国平均,2017,每亩化肥折纯用量,公斤,22.89,xls:2018/2-1-3 2017年各地区早籼稻化肥投入情况.xls
rice_early_indica,全国平均,2017,每亩化肥用量,公斤,22.89,xls:2018/2-1-2 2017年各地区早籼稻费用和用工情况.xls
rice_early_indica,全国平均,2017,每亩用工数量,日,5.34,xls:2018/2-1-1 2017年各地区早籼稻成本收益情况.xls
rice_early_indica,全国平均,2017,每亩种子用量,公斤,3.67,xls:2018/2-1-2 2017年各地区早籼稻费用和用工情况.xls
rice_early_indica,全国平均,2017,流转地租金,元,24.92,xls:2018/2-1-1 2017年各地区早籼稻成本收益情况.xls
rice_early_indica,全国平均,2017,燃料动力费,元,4.74,xls:2018/2-1-2 2017年各地区早籼稻费用和用工情况.xls
rice_early_indica,全国平均,2017,物质与服务费用,元,483.23,xls:2018/2-1-1 2017年各地区早籼稻成本收益情况.xls
rice_early_indica,全国平均,2017,生产成本,元,937.9657,xls:2018/2-1-1 2017年各地区早籼稻成本收益情况.xls
rice_early_indica,全国平均,2017,畜力费,元,5.93,xls:2018/2-1-2 2017年各地区早籼稻费用和用工情况.xls
rice_early_indica,全国平均,2017,种子费,元,58.47,xls:2018/2-1-2 2017年各地区早籼稻费用和用工情况.xls
rice_early_indica,全国平均,2017,管理费,元,0.15,xls:2018/2-1-2 2017年各地区早籼稻费用和用工情况.xls
rice_early_indica,全国平均,2017,自营地折租,元,145.45,xls:2018/2-1-1 2017年各地区早籼稻成本收益情况.xls
rice_early_indica,全国平均,2017,财务费,元,0.01,xls:2018/2-1-2 2017年各地区早籼稻费用和用工情况.xls
rice_early_indica,全国平均,2017,销售费,元,1.72,xls:2018/2-1-2 2017年各地区早籼稻费用和用工情况.xls
rice_early_indica,全国平均,2017,雇工天数,日,0.29,xls:2018/2-1-2 2017年各地区早籼稻费用和用工情况.xls
rice_early_indica,全国平均,2017,雇工工价,元/日,121.828,xls:2018/2-1-2 2017年各地区早籼稻费用和用工情况.xls
rice_early_indica,全国平均,2017,雇工费用,元,35.33,xls:2018/2-1-1 2017年各地区早籼稻成本收益情况.xls
rice_early_indica,全国平均,2018,主产品产值,元,1051.28,xls:2019/2-1-1 2018年各地区早籼稻成本收益情况.xls
rice_early_indica,全国平均,2018,主产品产量,公斤,428.85,xls:2019/2-1-1 2018年各地区早籼稻成本收益情况.xls
rice_early_indica,全国平均,2018,产值合计,元,1064.94,xls:2019/2-1-1 2018年各地区早籼稻成本收益情况.xls
rice_early_indica,全国平均,2018,人工成本,元,437.64547,xls:2019/2-1-1 2018年各地区早籼稻成本收益情况.xls
rice_early_indica,全国平均,2018,保险费,元,8.16,xls:2019/2-1-2 2018年各地区早籼稻费用和用工情况.xls
rice_early_indica,全国平均,2018,修理维护费,元,2.94,xls:2019/2-1-2 2018年各地区早籼稻费用和用工情况.xls
rice_early_indica,全国平均,2018,其他直接费用,元,0.22,xls:2019/2-1-2 2018年各地区早籼稻费用和用工情况.xls
rice_early_indica,全国平均,2018,农家肥费,元,8.55,xls:2019/2-1-2 2018年各地区早籼稻费用和用工情况.xls
rice_early_indica,全国平均,2018,农膜费,元,3.77,xls:2019/2-1-2 2018年各地区早籼稻费用和用工情况.xls
rice_early_indica,全国平均,2018,农药费,元,53.34,xls:2019/2-1-2 2018年各地区早籼稻费用和用工情况.xls
rice_early_indica,全国平均,2018,劳动日工价,元/日,84.89,xls:2019/2-1-2 2018年各地区早籼稻费用和用工情况.xls
rice_early_indica,全国平均,2018,化肥费,元,134.46,xls:2019/2-1-2 2018年各地区早籼稻费用和用工情况.xls
rice_early_indica,全国平均,2018,固定资产折旧,元,10.16,xls:2019/2-1-2 2018年各地区早籼稻费用和用工情况.xls
rice_early_indica,全国平均,2018,土地成本,元,176.95,xls:2019/2-1-1 2018年各地区早籼稻成本收益情况.xls
rice_early_indica,全国平均,2018,家庭用工天数,日,4.723,xls:2019/2-1-2 2018年各地区早籼稻费用和用工情况.xls
rice_early_indica,全国平均,2018,家庭用工折价,元,400.93547,xls:2019/2-1-1 2018年各地区早籼稻成本收益情况.xls
rice_early_indica,全国平均,2018,工具材料费,元,7.22,xls:2019/2-1-2 2018年各地区早籼稻费用和用工情况.xls
rice_early_indica,全国平均,2018,平均出售价格,元/50公斤,122.57,xls:2019/2-1-1 2018年各地区早籼稻成本收益情况.xls
rice_early_indica,全国平均,2018,总成本,元,1115.30547,xls:2019/2-1-1 2018年各地区早籼稻成本收益情况.xls
rice_early_indica,全国平均,2018,技术服务费,元,0.01,xls:2019/2-1-2 2018年各地区早籼稻费用和用工情况.xls
rice_early_indica,全国平均,2018,排灌费,元,7.54,xls:2019/2-1-2 2018年各地区早籼稻费用和用工情况.xls
rice_early_indica,全国平均,2018,机械作业费,元,193.57,xls:2019/2-1-2 2018年各地区早籼稻费用和用工情况.xls
rice_early_indica,全国平均,2018,每亩农膜用量,公斤,0.27,xls:2019/2-1-2 2018年各地区早籼稻费用和用工情况.xls
rice_early_indica,全国平均,2018,每亩化肥折纯用量,公斤,22.68,xls:2019/2-1-3 2018年各地区早籼稻化肥投入情况.xls
rice_early_indica,全国平均,2018,每亩化肥用量,公斤,22.68,xls:2019/2-1-2 2018年各地区早籼稻费用和用工情况.xls
rice_early_indica,全国平均,2018,每亩用工数量,日,5.01,xls:2019/2-1-1 2018年各地区早籼稻成本收益情况.xls
rice_early_indica,全国平均,2018,每亩种子用量,公斤,3.76,xls:2019/2-1-2 2018年各地区早籼稻费用和用工情况.xls
rice_early_indica,全国平均,2018,流转地租金,元,26.73,xls:2019/2-1-1 2018年各地区早籼稻成本收益情况.xls
rice_early_indica,全国平均,2018,燃料动力费,元,5.51,xls:2019/2-1-2 2018年各地区早籼稻费用和用工情况.xls
rice_early_indica,全国平均,2018,物质与服务费用,元,500.71,xls:2019/2-1-1 2018年各地区早籼稻成本收益情况.xls
rice_early_indica,全国平均,2018,生产成本,元,938.35547,xls:2019/2-1-1 2018年各地区早籼稻成本收益情况.xls
rice_early_indica,全国平均,2018,畜力费,元,3.92,xls:2019/2-1-2 2018年各地区早籼稻费用和用工情况.xls
rice_early_indica,全国平均,2018,种子费,元,59.19,xls:2019/2-1-2 2018年各地区早籼稻费用和用工情况.xls
rice_early_indica,全国平均,2018,管理费,元,0.12,xls:2019/2-1-2 2018年各地区早籼稻费用和用工情况.xls
rice_early_indica,全国平均,2018,自营地折租,元,150.22,xls:2019/2-1-1 2018年各地区早籼稻成本收益情况.xls
rice_early_indica,全国平均,2018,财务费,元,0.0,xls:2019/2-1-2 2018年各地区早籼稻费用和用工情况.xls
rice_early_indica,全国平均,2018,销售费,元,2.03,xls:2019/2-1-2 2018年各地区早籼稻费用和用工情况.xls
rice_early_indica,全国平均,2018,雇工天数,日,0.29,xls:2019/2-1-2 2018年各地区早籼稻费用和用工情况.xls
rice_early_indica,全国平均,2018,雇工工价,元/日,126.586,xls:2019/2-1-2 2018年各地区早籼稻费用和用工情况.xls
rice_early_indica,全国平均,2018,雇工费用,元,36.71,xls:2019/2-1-1 2018年各地区早籼稻成本收益情况.xls
rice_early_indica,全国平均,2024,主产品产值,元,1127.48,xls:2025/2-1-1 2024年各地区早籼稻成本收益情况.xlsx
rice_early_indica,全国平均,2024,主产品产量,公斤,405.28,xls:2025/2-1-1 2024年各地区早籼稻成本收益情况.xlsx
rice_early_indica,全国平均,2024,产值合计,元,1135.17,xls:2025/2-1-1 2024年各地区早籼稻成本收益情况.xlsx
rice_early_indica,全国平均,2024,人工成本,元,395.73,xls:2025/2-1-1 2024年各地区早籼稻成本收益情况.xlsx
rice_early_indica,全国平均,2024,保险费,元,27.03,xls:2025/2-1-2 2024年各地区早籼稻费用和用工情况.xlsx
rice_early_indica,全国平均,2024,修理维护费,元,2.95,xls:2025/2-1-2 2024年各地区早籼稻费用和用工情况.xlsx
rice_early_indica,全国平均,2024,农家肥费,元,3.33,xls:2025/2-1-2 2024年各地区早籼稻费用和用工情况.xlsx
rice_early_indica,全国平均,2024,农膜费,元,3.59,xls:2025/2-1-2 2024年各地区早籼稻费用和用工情况.xlsx
rice_early_indica,全国平均,2024,农药费,元,74.0,xls:2025/2-1-2 2024年各地区早籼稻费用和用工情况.xlsx
rice_early_indica,全国平均,2024,劳动日工价,元/日,99.92,xls:2025/2-1-2 2024年各地区早籼稻费用和用工情况.xlsx
rice_early_indica,全国平均,2024,化肥费,元,161.94,xls:2025/2-1-2 2024年各地区早籼稻费用和用工情况.xlsx
rice_early_indica,全国平均,2024,固定资产折旧,元,11.23,xls:2025/2-1-2 2024年各地区早籼稻费用和用工情况.xlsx
rice_early_indica,全国平均,2024,土地成本,元,197.38,xls:2025/2-1-1 2024年各地区早籼稻成本收益情况.xlsx
rice_early_indica,全国平均,2024,家庭用工天数,日,3.52,xls:2025/2-1-2 2024年各地区早籼稻费用和用工情况.xlsx
rice_early_indica,全国平均,2024,家庭用工折价,元,351.22,xls:2025/2-1-1 2024年各地区早籼稻成本收益情况.xlsx
rice_early_indica,全国平均,2024,工具材料费,元,7.2,xls:2025/2-1-2 2024年各地区早籼稻费用和用工情况.xlsx
rice_early_indica,全国平均,2024,平均出售价格,元/50公斤,139.1,xls:2025/2-1-1 2024年各地区早籼稻成本收益情况.xlsx
rice_early_indica,全国平均,2024,总成本,元,1210.8,xls:2025/2-1-1 2024年各地区早籼稻成本收益情况.xlsx
rice_early_indica,全国平均,2024,技术服务费,元,0.11,xls:2025/2-1-2 2024年各地区早籼稻费用和用工情况.xlsx
rice_early_indica,全国平均,2024,排灌费,元,6.31,xls:2025/2-1-2 2024年各地区早籼稻费用和用工情况.xlsx
rice_early_indica,全国平均,2024,机械作业费,元,234.05,xls:2025/2-1-2 2024年各地区早籼稻费用和用工情况.xlsx
rice_early_indica,全国平均,2024,每亩农膜用量,公斤,0.25,xls:2025/2-1-2 2024年各地区早籼稻费用和用工情况.xlsx
rice_early_indica,全国平均,2024,每亩化肥折纯用量,公斤,22.04,xls:2025/2-1-3 2024年各地区早籼稻化肥投入情况.xlsx
rice_early_indica,全国平均,2024,每亩化肥用量,公斤,22.04,xls:2025/2-1-2 2024年各地区早籼稻费用和用工情况.xlsx
rice_early_indica,全国平均,2024,每亩用工数量,日,3.8,xls:2025/2-1-1 2024年各地区早籼稻成本收益情况.xlsx
rice_early_indica,全国平均,2024,每亩种子用量,公斤,3.54,xls:2025/2-1-2 2024年各地区早籼稻费用和用工情况.xlsx
rice_early_indica,全国平均,2024,流转地租金,元,38.8,xls:2025/2-1-1 2024年各地区早籼稻成本收益情况.xlsx
rice_early_indica,全国平均,2024,燃料动力费,元,7.42,xls:2025/2-1-2 2024年各地区早籼稻费用和用工情况.xlsx
rice_early_indica,全国平均,2024,物质与服务费用,元,617.69,xls:2025/2-1-1 2024年各地区早籼稻成本收益情况.xlsx
rice_early_indica,全国平均,2024,生产成本,元,1013.42,xls:2025/2-1-1 2024年各地区早籼稻成本收益情况.xlsx
rice_early_indica,全国平均,2024,畜力费,元,0.63,xls:2025/2-1-2 2024年各地区早籼稻费用和用工情况.xlsx
rice_early_indica,全国平均,2024,种子费,元,74.56,xls:2025/2-1-2 2024年各地区早籼稻费用和用工情况.xlsx
rice_early_indica,全国平均,2024,管理费,元,0.17,xls:2025/2-1-2 2024年各地区早籼稻费用和用工情况.xlsx
rice_early_indica,全国平均,2024,自营地折租,元,158.58,xls:2025/2-1-1 2024年各地区早籼稻成本收益情况.xlsx
rice_early_indica,全国平均,2024,财务费,元,0.01,xls:2025/2-1-2 2024年各地区早籼稻费用和用工情况.xlsx
rice_early_indica,全国平均,2024,销售费,元,3.16,xls:2025/2-1-2 2024年各地区早籼稻费用和用工情况.xlsx
rice_early_indica,全国平均,2024,雇工天数,日,0.28,xls:2025/2-1-2 2024年各地区早籼稻费用和用工情况.xlsx
rice_early_indica,全国平均,2024,雇工工价,元/日,158.98,xls:2025/2-1-2 2024年各地区早籼稻费用和用工情况.xlsx
rice_early_indica,全国平均,2024,雇工费用,元,44.51,xls:2025/2-1-1 2024年各地区早籼稻成本收益情况.xlsx
rice_japonica,全国平均,2006,主产品产值,元,923.67,xls:2007/2-04-1.xls
rice_japonica,全国平均,2006,主产品产量,公斤,514.5,xls:2007/2-04-1.xls
rice_japonica,全国平均,2006,产值合计,元,945.75,xls:2007/2-04-1.xls
rice_japonica,全国平均,2006,人工成本,元,179.21,xls:2007/2-04-1.xls
rice_japonica,全国平均,2006,保险费,元,0.98,xls:2007/2-04-2.xls
rice_japonica,全国平均,2006,修理维护费,元,1.59,xls:2007/2-04-2.xls
rice_japonica,全国平均,2006,其他直接费用,元,0.58,xls:2007/2-04-2.xls
rice_japonica,全国平均,2006,农家肥费,元,7.08,xls:2007/2-04-2.xls
rice_japonica,全国平均,2006,农膜费,元,5.64,xls:2007/2-04-2.xls
rice_japonica,全国平均,2006,农药费,元,44.02,xls:2007/2-04-2.xls
rice_japonica,全国平均,2006,劳动日工价,元/日,16.9,xls:2007/2-04-2.xls
rice_japonica,全国平均,2006,化肥费,元,96.97,xls:2007/2-04-2.xls
rice_japonica,全国平均,2006,固定资产折旧,元,6.02,xls:2007/2-04-2.xls
rice_japonica,全国平均,2006,土地成本,元,135.87,xls:2007/2-04-1.xls
rice_japonica,全国平均,2006,家庭用工天数,日,8.0,xls:2007/2-04-2.xls
rice_japonica,全国平均,2006,家庭用工折价,元,135.2,xls:2007/2-04-1.xls
rice_japonica,全国平均,2006,工具材料费,元,4.03,xls:2007/2-04-2.xls
rice_japonica,全国平均,2006,平均出售价格,元/50公斤,89.76,xls:2007/2-04-1.xls
rice_japonica,全国平均,2006,总成本,元,625.84,xls:2007/2-04-1.xls
rice_japonica,全国平均,2006,技术服务费,元,0.1,xls:2007/2-04-2.xls
rice_japonica,全国平均,2006,排灌费,元,39.64,xls:2007/2-04-2.xls
rice_japonica,全国平均,2006,机械作业费,元,71.42,xls:2007/2-04-2.xls
rice_japonica,全国平均,2006,每亩农膜用量,公斤,0.48,xls:2007/2-04-2.xls
rice_japonica,全国平均,2006,每亩化肥折纯用量,公斤,23.24,xls:2007/2-04-3.xls
rice_japonica,全国平均,2006,每亩化肥用量,公斤,23.24,xls:2007/2-04-2.xls
rice_japonica,全国平均,2006,每亩用工数量,日,9.3,xls:2007/2-04-1.xls
rice_japonica,全国平均,2006,每亩种子用量,公斤,4.74,xls:2007/2-04-2.xls
rice_japonica,全国平均,2006,流转地租金,元,30.82,xls:2007/2-04-1.xls
rice_japonica,全国平均,2006,燃料动力费,元,0.21,xls:2007/2-04-2.xls
rice_japonica,全国平均,2006,物质与服务费用,元,310.76,xls:2007/2-04-1.xls
rice_japonica,全国平均,2006,生产成本,元,489.97,xls:2007/2-04-1.xls
rice_japonica,全国平均,2006,畜力费,元,6.48,xls:2007/2-04-2.xls
rice_japonica,全国平均,2006,种子费,元,20.18,xls:2007/2-04-2.xls
rice_japonica,全国平均,2006,管理费,元,1.67,xls:2007/2-04-2.xls
rice_japonica,全国平均,2006,自营地折租,元,105.05,xls:2007/2-04-1.xls
rice_japonica,全国平均,2006,财务费,元,1.54,xls:2007/2-04-2.xls
rice_japonica,全国平均,2006,销售费,元,2.61,xls:2007/2-04-2.xls
rice_japonica,全国平均,2006,雇工天数,日,1.3,xls:2007/2-04-2.xls
rice_japonica,全国平均,2006,雇工工价,元/日,33.85,xls:2007/2-04-2.xls
rice_japonica,全国平均,2006,雇工费用,元,44.01,xls:2007/2-04-1.xls
rice_japonica,全国平均,2007,主产品产值,元,894.65,xls:2008/2-04-1.xls
rice_japonica,全国平均,2007,主产品产量,公斤,513.9,xls:2008/2-04-1.xls
rice_japonica,全国平均,2007,产值合计,元,916.44,xls:2008/2-04-1.xls
rice_japonica,全国平均,2007,人工成本,元,186.95,xls:2008/2-04-1.xls
rice_japonica,全国平均,2007,保险费,元,2.23,xls:2008/2-04-2.xls
rice_japonica,全国平均,2007,修理维护费,元,1.66,xls:2008/2-04-2.xls
rice_japonica,全国平均,2007,其他直接费用,元,0.68,xls:2008/2-04-2.xls
rice_japonica,全国平均,2007,农家肥费,元,6.57,xls:2008/2-04-2.xls
rice_japonica,全国平均,2007,农膜费,元,6.26,xls:2008/2-04-2.xls
rice_japonica,全国平均,2007,农药费,元,49.84,xls:2008/2-04-2.xls
rice_japonica,全国平均,2007,劳动日工价,元/日,18.7,xls:2008/2-04-2.xls
rice_japonica,全国平均,2007,化肥费,元,101.85,xls:2008/2-04-2.xls
rice_japonica,全国平均,2007,固定资产折旧,元,5.22,xls:2008/2-04-2.xls
rice_japonica,全国平均,2007,土地成本,元,152.33,xls:2008/2-04-1.xls
rice_japonica,全国平均,2007,家庭用工天数,日,7.43,xls:2008/2-04-2.xls
rice_japonica,全国平均,2007,家庭用工折价,元,138.94,xls:2008/2-04-1.xls
rice_japonica,全国平均,2007,工具材料费,元,3.84,xls:2008/2-04-2.xls
rice_japonica,全国平均,2007,平均出售价格,元/50公斤,87.05,xls:2008/2-04-1.xls
rice_japonica,全国平均,2007,总成本,元,671.79,xls:2008/2-04-1.xls
rice_japonica,全国平均,2007,技术服务费,元,0.06,xls:2008/2-04-2.xls
rice_japonica,全国平均,2007,排灌费,元,39.6,xls:2008/2-04-2.xls
rice_japonica,全国平均,2007,机械作业费,元,81.25,xls:2008/2-04-2.xls
rice_japonica,全国平均,2007,每亩农膜用量,公斤,0.48,xls:2008/2-04-2.xls
rice_japonica,全国平均,2007,每亩化肥折纯用量,公斤,24.16,xls:2008/2-04-3.xls
rice_japonica,全国平均,2007,每亩化肥用量,公斤,24.16,xls:2008/2-04-2.xls
rice_japonica,全国平均,2007,每亩用工数量,日,8.65,xls:2008/2-04-1.xls
rice_japonica,全国平均,2007,每亩种子用量,公斤,4.82,xls:2008/2-04-2.xls
rice_japonica,全国平均,2007,流转地租金,元,35.19,xls:2008/2-04-1.xls
rice_japonica,全国平均,2007,燃料动力费,元,0.06,xls:2008/2-04-2.xls
rice_japonica,全国平均,2007,物质与服务费用,元,332.51,xls:2008/2-04-1.xls
rice_japonica,全国平均,2007,生产成本,元,519.46,xls:2008/2-04-1.xls
rice_japonica,全国平均,2007,畜力费,元,6.71,xls:2008/2-04-2.xls
rice_japonica,全国平均,2007,种子费,元,21.51,xls:2008/2-04-2.xls
rice_japonica,全国平均,2007,管理费,元,1.92,xls:2008/2-04-2.xls
rice_japonica,全国平均,2007,自营地折租,元,117.14,xls:2008/2-04-1.xls
rice_japonica,全国平均,2007,财务费,元,0.91,xls:2008/2-04-2.xls
rice_japonica,全国平均,2007,销售费,元,2.34,xls:2008/2-04-2.xls
rice_japonica,全国平均,2007,雇工天数,日,1.22,xls:2008/2-04-2.xls
rice_japonica,全国平均,2007,雇工工价,元/日,39.35,xls:2008/2-04-2.xls
rice_japonica,全国平均,2007,雇工费用,元,48.01,xls:2008/2-04-1.xls
rice_japonica,全国平均,2008,主产品产值,元,988.42,xls:2009/20401.xls
rice_japonica,全国平均,2008,主产品产量,公斤,529.2,xls:2009/20401.xls
rice_japonica,全国平均,2008,产值合计,元,1011.91,xls:2009/20401.xls
rice_japonica,全国平均,2008,人工成本,元,210.76,xls:2009/20401.xls
rice_japonica,全国平均,2008,保险费,元,2.62,xls:2009/20402.xls
rice_japonica,全国平均,2008,修理维护费,元,2.18,xls:2009/20402.xls
rice_japonica,全国平均,2008,其他直接费用,元,0.02,xls:2009/20402.xls
rice_japonica,全国平均,2008,农家肥费,元,7.46,xls:2009/20402.xls
rice_japonica,全国平均,2008,农膜费,元,7.35,xls:2009/20402.xls
rice_japonica,全国平均,2008,农药费,元,52.43,xls:2009/20402.xls
rice_japonica,全国平均,2008,劳动日工价,元/日,21.6,xls:2009/20402.xls
rice_japonica,全国平均,2008,化肥费,元,141.18,xls:2009/20402.xls
rice_japonica,全国平均,2008,固定资产折旧,元,4.29,xls:2009/20402.xls
rice_japonica,全国平均,2008,土地成本,元,176.59,xls:2009/20401.xls
rice_japonica,全国平均,2008,家庭用工天数,日,7.08,xls:2009/20402.xls
rice_japonica,全国平均,2008,家庭用工折价,元,152.93,xls:2009/20401.xls
rice_japonica,全国平均,2008,工具材料费,元,4.35,xls:2009/20402.xls
rice_japonica,全国平均,2008,平均出售价格,元/50公斤,93.39,xls:2009/20401.xls
rice_japonica,全国平均,2008,总成本,元,790.51,xls:2009/20401.xls
rice_japonica,全国平均,2008,技术服务费,元,0.02,xls:2009/20402.xls
rice_japonica,全国平均,2008,排灌费,元,45.34,xls:2009/20402.xls
rice_japonica,全国平均,2008,机械作业费,元,100.65,xls:2009/20402.xls
rice_japonica,全国平均,2008,每亩农膜用量,公斤,0.55,xls:2009/20402.xls
rice_japonica,全国平均,2008,每亩化肥折纯用量,公斤,23.25,xls:2009/20403.xls
rice_japonica,全国平均,2008,每亩化肥用量,公斤,23.25,xls:2009/20402.xls
rice_japonica,全国平均,2008,每亩用工数量,日,8.18,xls:2009/20401.xls
rice_japonica,全国平均,2008,每亩种子用量,公斤,4.98,xls:2009/20402.xls
rice_japonica,全国平均,2008,流转地租金,元,43.86,xls:2009/20401.xls
rice_japonica,全国平均,2008,燃料动力费,元,0.12,xls:2009/20402.xls
rice_japonica,全国平均,2008,物质与服务费用,元,403.16,xls:2009/20401.xls
rice_japonica,全国平均,2008,生产成本,元,613.92,xls:2009/20401.xls
rice_japonica,全国平均,2008,畜力费,元,5.97,xls:2009/20402.xls
rice_japonica,全国平均,2008,种子费,元,24.81,xls:2009/20402.xls
rice_japonica,全国平均,2008,管理费,元,1.87,xls:2009/20402.xls
rice_japonica,全国平均,2008,自营地折租,元,132.73,xls:2009/20401.xls
rice_japonica,全国平均,2008,财务费,元,0.6,xls:2009/20402.xls
rice_japonica,全国平均,2008,销售费,元,1.9,xls:2009/20402.xls
rice_japonica,全国平均,2008,雇工天数,日,1.1,xls:2009/20402.xls
rice_japonica,全国平均,2008,雇工工价,元/日,52.57,xls:2009/20402.xls
rice_japonica,全国平均,2008,雇工费用,元,57.83,xls:2009/20401.xls
rice_japonica,全国平均,2009,主产品产值,元,1102.46,xls:2010/020401.xls
rice_japonica,全国平均,2009,主产品产量,公斤,520.97,xls:2010/020401.xls
rice_japonica,全国平均,2009,产值合计,元,1127.89,xls:2010/020401.xls
rice_japonica,全国平均,2009,人工成本,元,226.59,xls:2010/020401.xls
rice_japonica,全国平均,2009,保险费,元,5.25,xls:2010/020402.xls
rice_japonica,全国平均,2009,修理维护费,元,1.33,xls:2010/020402.xls
rice_japonica,全国平均,2009,农家肥费,元,6.88,xls:2010/020402.xls
rice_japonica,全国平均,2009,农膜费,元,6.65,xls:2010/020402.xls
rice_japonica,全国平均,2009,农药费,元,47.12,xls:2010/020402.xls
rice_japonica,全国平均,2009,劳动日工价,元/日,24.8,xls:2010/020402.xls
rice_japonica,全国平均,2009,化肥费,元,118.39,xls:2010/020402.xls
rice_japonica,全国平均,2009,固定资产折旧,元,6.39,xls:2010/020402.xls
rice_japonica,全国平均,2009,土地成本,元,191.72,xls:2010/020401.xls
rice_japonica,全国平均,2009,家庭用工天数,日,6.61,xls:2010/020402.xls
rice_japonica,全国平均,2009,家庭用工折价,元,163.98,xls:2010/020401.xls
rice_japonica,全国平均,2009,工具材料费,元,4.14,xls:2010/020402.xls
rice_japonica,全国平均,2009,平均出售价格,元/50公斤,105.81,xls:2010/020401.xls
rice_japonica,全国平均,2009,总成本,元,802.86,xls:2010/020401.xls
rice_japonica,全国平均,2009,技术服务费,元,0.05,xls:2010/020402.xls
rice_japonica,全国平均,2009,排灌费,元,45.53,xls:2010/020402.xls
rice_japonica,全国平均,2009,机械作业费,元,100.47,xls:2010/020402.xls
rice_japonica,全国平均,2009,每亩农膜用量,公斤,0.49,xls:2010/020402.xls
rice_japonica,全国平均,2009,每亩化肥折纯用量,公斤,23.56,xls:2010/020403.xls
rice_japonica,全国平均,2009,每亩化肥用量,公斤,23.56,xls:2010/020402.xls
rice_japonica,全国平均,2009,每亩用工数量,日,7.66,xls:2010/020401.xls
rice_japonica,全国平均,2009,每亩种子用量,公斤,4.92,xls:2010/020402.xls
rice_japonica,全国平均,2009,流转地租金,元,51.71,xls:2010/020401.xls
rice_japonica,全国平均,2009,燃料动力费,元,5.27,xls:2010/020402.xls
rice_japonica,全国平均,2009,物质与服务费用,元,384.55,xls:2010/020401.xls
rice_japonica,全国平均,2009,生产成本,元,611.14,xls:2010/020401.xls
rice_japonica,全国平均,2009,畜力费,元,4.37,xls:2010/020402.xls
rice_japonica,全国平均,2009,种子费,元,28.14,xls:2010/020402.xls
rice_japonica,全国平均,2009,管理费,元,2.26,xls:2010/020402.xls
rice_japonica,全国平均,2009,自营地折租,元,140.01,xls:2010/020401.xls
rice_japonica,全国平均,2009,财务费,元,0.58,xls:2010/020402.xls
rice_japonica,全国平均,2009,销售费,元,1.73,xls:2010/020402.xls
rice_japonica,全国平均,2009,雇工天数,日,1.04,xls:2010/020402.xls
rice_japonica,全国平均,2009,雇工工价,元/日,60.03,xls:2010/020402.xls
rice_japonica,全国平均,2009,雇工费用,元,62.61,xls:2010/020401.xls
rice_japonica,全国平均,2010,主产品产值,元,1394.0,xls:2011/020401.xls
rice_japonica,全国平均,2010,主产品产量,公斤,509.27,xls:2011/020401.xls
rice_japonica,全国平均,2010,产值合计,元,1426.54,xls:2011/020401.xls
rice_japonica,全国平均,2010,人工成本,元,263.45,xls:2011/020401.xls
rice_japonica,全国平均,2010,保险费,元,7.16,xls:2011/020402.xls
rice_japonica,全国平均,2010,修理维护费,元,1.38,xls:2011/020402.xls
rice_japonica,全国平均,2010,农家肥费,元,6.95,xls:2011/020402.xls
rice_japonica,全国平均,2010,农膜费,元,6.32,xls:2011/020402.xls
rice_japonica,全国平均,2010,农药费,元,50.12,xls:2011/020402.xls
rice_japonica,全国平均,2010,劳动日工价,元/日,31.3,xls:2011/020402.xls
rice_japonica,全国平均,2010,化肥费,元,117.12,xls:2011/020402.xls
rice_japonica,全国平均,2010,固定资产折旧,元,3.92,xls:2011/020402.xls
rice_japonica,全国平均,2010,土地成本,元,218.66,xls:2011/020401.xls
rice_japonica,全国平均,2010,家庭用工天数,日,5.91,xls:2011/020402.xls
rice_japonica,全国平均,2010,家庭用工折价,元,185.01,xls:2011/020401.xls
rice_japonica,全国平均,2010,工具材料费,元,3.91,xls:2011/020402.xls
rice_japonica,全国平均,2010,平均出售价格,元/50公斤,136.86,xls:2011/020401.xls
rice_japonica,全国平均,2010,总成本,元,896.7,xls:2011/020401.xls
rice_japonica,全国平均,2010,技术服务费,元,0.04,xls:2011/020402.xls
rice_japonica,全国平均,2010,排灌费,元,46.05,xls:2011/020402.xls
rice_japonica,全国平均,2010,机械作业费,元,124.44,xls:2011/020402.xls
rice_japonica,全国平均,2010,每亩农膜用量,公斤,0.46,xls:2011/020402.xls
rice_japonica,全国平均,2010,每亩化肥折纯用量,公斤,24.39,xls:2011/020403.xls
rice_japonica,全国平均,2010,每亩化肥用量,公斤,24.39,xls:2011/020402.xls
rice_japonica,全国平均,2010,每亩用工数量,日,7.02,xls:2011/020401.xls
rice_japonica,全国平均,2010,每亩种子用量,公斤,5.14,xls:2011/020402.xls
rice_japonica,全国平均,2010,流转地租金,元,73.14,xls:2011/020401.xls
rice_japonica,全国平均,2010,燃料动力费,元,1.27,xls:2011/020402.xls
rice_japonica,全国平均,2010,物质与服务费用,元,414.59,xls:2011/020401.xls
rice_japonica,全国平均,2010,生产成本,元,678.04,xls:2011/020401.xls
rice_japonica,全国平均,2010,畜力费,元,3.87,xls:2011/020402.xls
rice_japonica,全国平均,2010,种子费,元,31.91,xls:2011/020402.xls
rice_japonica,全国平均,2010,管理费,元,7.87,xls:2011/020402.xls
rice_japonica,全国平均,2010,自营地折租,元,145.52,xls:2011/020401.xls
rice_japonica,全国平均,2010,财务费,元,0.45,xls:2011/020402.xls
rice_japonica,全国平均,2010,销售费,元,1.81,xls:2011/020402.xls
rice_japonica,全国平均,2010,雇工天数,日,1.11,xls:2011/020402.xls
rice_japonica,全国平均,2010,雇工工价,元/日,70.92,xls:2011/020402.xls
rice_japonica,全国平均,2010,雇工费用,元,78.44,xls:2011/020401.xls
rice_japonica,全国平均,2011,主产品产值,元,1529.97,xls:2012/020401.xls
rice_japonica,全国平均,2011,主产品产量,公斤,534.27,xls:2012/020401.xls
rice_japonica,全国平均,2011,产值合计,元,1556.99,xls:2012/020401.xls
rice_japonica,全国平均,2011,人工成本,元,313.27,xls:2012/020401.xls
rice_japonica,全国平均,2011,保险费,元,8.46,xls:2012/020402.xls
rice_japonica,全国平均,2011,修理维护费,元,1.19,xls:2012/020402.xls
rice_japonica,全国平均,2011,农家肥费,元,6.6,xls:2012/020402.xls
rice_japonica,全国平均,2011,农膜费,元,6.64,xls:2012/020402.xls
rice_japonica,全国平均,2011,农药费,元,50.36,xls:2012/020402.xls
rice_japonica,全国平均,2011,劳动日工价,元/日,40.0,xls:2012/020402.xls
rice_japonica,全国平均,2011,化肥费,元,139.59,xls:2012/020402.xls
rice_japonica,全国平均,2011,固定资产折旧,元,4.67,xls:2012/020402.xls
rice_japonica,全国平均,2011,土地成本,元,256.48,xls:2012/020401.xls
rice_japonica,全国平均,2011,家庭用工天数,日,5.66,xls:2012/020402.xls
rice_japonica,全国平均,2011,家庭用工折价,元,226.52,xls:2012/020401.xls
rice_japonica,全国平均,2011,工具材料费,元,4.41,xls:2012/020402.xls
rice_japonica,全国平均,2011,平均出售价格,元/50公斤,143.18,xls:2012/020401.xls
rice_japonica,全国平均,2011,总成本,元,1037.66,xls:2012/020401.xls
rice_japonica,全国平均,2011,技术服务费,元,0.04,xls:2012/020402.xls
rice_japonica,全国平均,2011,排灌费,元,48.26,xls:2012/020402.xls
rice_japonica,全国平均,2011,机械作业费,元,145.37,xls:2012/020402.xls
rice_japonica,全国平均,2011,每亩农膜用量,公斤,0.44,xls:2012/020402.xls
rice_japonica,全国平均,2011,每亩化肥折纯用量,公斤,24.15,xls:2012/020403.xls
rice_japonica,全国平均,2011,每亩化肥用量,公斤,24.15,xls:2012/020402.xls
rice_japonica,全国平均,2011,每亩用工数量,日,6.64,xls:2012/020401.xls
rice_japonica,全国平均,2011,每亩种子用量,公斤,4.79,xls:2012/020402.xls
rice_japonica,全国平均,2011,流转地租金,元,88.87,xls:2012/020401.xls
rice_japonica,全国平均,2011,燃料动力费,元,1.96,xls:2012/020402.xls
rice_japonica,全国平均,2011,物质与服务费用,元,467.91,xls:2012/020401.xls
rice_japonica,全国平均,2011,生产成本,元,781.18,xls:2012/020401.xls
rice_japonica,全国平均,2011,畜力费,元,3.99,xls:2012/020402.xls
rice_japonica,全国平均,2011,种子费,元,37.0,xls:2012/020402.xls
rice_japonica,全国平均,2011,管理费,元,7.66,xls:2012/020402.xls
rice_japonica,全国平均,2011,自营地折租,元,167.61,xls:2012/020401.xls
rice_japonica,全国平均,2011,财务费,元,0.27,xls:2012/020402.xls
rice_japonica,全国平均,2011,销售费,元,1.44,xls:2012/020402.xls
rice_japonica,全国平均,2011,雇工天数,日,0.97,xls:2012/020402.xls
rice_japonica,全国平均,2011,雇工工价,元/日,89.07,xls:2012/020402.xls
rice_japonica,全国平均,2011,雇工费用,元,86.75,xls:2012/020401.xls
rice_japonica,全国平均,2012,主产品产值,元,1599.51,xls:2013/020401.xls
rice_japonica,全国平均,2012,主产品产量,公斤,547.85,xls:2013/020401.xls
rice_japonica,全国平均,2012,产值合计,元,1627.27,xls:2013/020401.xls
rice_japonica,全国平均,2012,人工成本,元,417.71,xls:2013/020401.xls
rice_japonica,全国平均,2012,保险费,元,12.12,xls:2013/020402.xls
rice_japonica,全国平均,2012,修理维护费,元,1.32,xls:2013/020402.xls
rice_japonica,全国平均,2012,农家肥费,元,7.38,xls:2013/020402.xls
rice_japonica,全国平均,2012,农膜费,元,6.89,xls:2013/020402.xls
rice_japonica,全国平均,2012,农药费,元,54.63,xls:2013/020402.xls
rice_japonica,全国平均,2012,劳动日工价,元/日,56.0,xls:2013/020402.xls
rice_japonica,全国平均,2012,化肥费,元,146.66,xls:2013/020402.xls
rice_japonica,全国平均,2012,固定资产折旧,元,4.09,xls:2013/020402.xls
rice_japonica,全国平均,2012,土地成本,元,286.11,xls:2013/020401.xls
rice_japonica,全国平均,2012,家庭用工天数,日,5.54,xls:2013/020402.xls
rice_japonica,全国平均,2012,家庭用工折价,元,309.96,xls:2013/020401.xls
rice_japonica,全国平均,2012,工具材料费,元,4.85,xls:2013/020402.xls
rice_japonica,全国平均,2012,平均出售价格,元/50公斤,145.98,xls:2013/020401.xls
rice_japonica,全国平均,2012,总成本,元,1223.08,xls:2013/020401.xls
rice_japonica,全国平均,2012,技术服务费,元,0.02,xls:2013/020402.xls
rice_japonica,全国平均,2012,排灌费,元,51.16,xls:2013/020402.xls
rice_japonica,全国平均,2012,机械作业费,元,177.7,xls:2013/020402.xls
rice_japonica,全国平均,2012,每亩农膜用量,公斤,0.45,xls:2013/020402.xls
rice_japonica,全国平均,2012,每亩化肥折纯用量,公斤,23.93,xls:2013/020403.xls
rice_japonica,全国平均,2012,每亩化肥用量,公斤,23.93,xls:2013/020402.xls
rice_japonica,全国平均,2012,每亩用工数量,日,6.52,xls:2013/020401.xls
rice_japonica,全国平均,2012,每亩种子用量,公斤,4.92,xls:2013/020402.xls
rice_japonica,全国平均,2012,流转地租金,元,98.13,xls:2013/020401.xls
rice_japonica,全国平均,2012,燃料动力费,元,1.16,xls:2013/020402.xls
rice_japonica,全国平均,2012,物质与服务费用,元,519.26,xls:2013/020401.xls
rice_japonica,全国平均,2012,生产成本,元,936.97,xls:2013/020401.xls
rice_japonica,全国平均,2012,畜力费,元,3.62,xls:2013/020402.xls
rice_japonica,全国平均,2012,种子费,元,39.38,xls:2013/020402.xls
rice_japonica,全国平均,2012,管理费,元,6.82,xls:2013/020402.xls
rice_japonica,全国平均,2012,自营地折租,元,187.98,xls:2013/020401.xls
rice_japonica,全国平均,2012,财务费,元,0.13,xls:2013/020402.xls
rice_japonica,全国平均,2012,销售费,元,1.33,xls:2013/020402.xls
rice_japonica,全国平均,2012,雇工天数,日,0.98,xls:2013/020402.xls
rice_japonica,全国平均,2012,雇工工价,元/日,109.62,xls:2013/020402.xls
rice_japonica,全国平均,2012,雇工费用,元,107.75,xls:2013/020401.xls
rice_japonica,全国平均,2013,主产品产值,元,1594.75,xls:2014/020401a.xls
rice_japonica,全国平均,2013,主产品产量,公斤,543.06,xls:2014/020401a.xls
rice_japonica,全国平均,2013,产值合计,元,1623.27,xls:2014/020401a.xls
rice_japonica,全国平均,2013,人工成本,元,475.66,xls:2014/020401a.xls
rice_japonica,全国平均,2013,保险费,元,14.19,xls:2014/020402a.xls
rice_japonica,全国平均,2013,修理维护费,元,1.12,xls:2014/020402a.xls
rice_japonica,全国平均,2013,农家肥费,元,7.08,xls:2014/020402a.xls
rice_japonica,全国平均,2013,农膜费,元,7.61,xls:2014/020402a.xls
rice_japonica,全国平均,2013,农药费,元,54.4,xls:2014/020402a.xls
rice_japonica,全国平均,2013,劳动日工价,元/日,68.0,xls:2014/020402a.xls
rice_japonica,全国平均,2013,化肥费,元,141.16,xls:2014/020402a.xls
rice_japonica,全国平均,2013,固定资产折旧,元,3.56,xls:2014/020402a.xls
rice_japonica,全国平均,2013,土地成本,元,323.38,xls:2014/020401a.xls
rice_japonica,全国平均,2013,家庭用工天数,日,5.37,xls:2014/020402a.xls
rice_japonica,全国平均,2013,家庭用工折价,元,364.82,xls:2014/020401a.xls
rice_japonica,全国平均,2013,工具材料费,元,4.64,xls:2014/020402a.xls
rice_japonica,全国平均,2013,平均出售价格,元/50公斤,146.83,xls:2014/020401a.xls
rice_japonica,全国平均,2013,总成本,元,1329.21,xls:2014/020401a.xls
rice_japonica,全国平均,2013,排灌费,元,52.54,xls:2014/020402a.xls
rice_japonica,全国平均,2013,机械作业费,元,186.93,xls:2014/020402a.xls
rice_japonica,全国平均,2013,每亩农膜用量,公斤,0.5,xls:2014/020402a.xls
rice_japonica,全国平均,2013,每亩化肥折纯用量,公斤,23.98,xls:2014/020403a.xls
rice_japonica,全国平均,2013,每亩化肥用量,公斤,23.98,xls:2014/020402a.xls
rice_japonica,全国平均,2013,每亩用工数量,日,6.3,xls:2014/020401a.xls
rice_japonica,全国平均,2013,每亩种子用量,公斤,5.13,xls:2014/020402a.xls
rice_japonica,全国平均,2013,流转地租金,元,122.25,xls:2014/020401a.xls
rice_japonica,全国平均,2013,燃料动力费,元,0.92,xls:2014/020402a.xls
rice_japonica,全国平均,2013,物质与服务费用,元,530.17,xls:2014/020401a.xls
rice_japonica,全国平均,2013,生产成本,元,1005.83,xls:2014/020401a.xls
rice_japonica,全国平均,2013,畜力费,元,2.74,xls:2014/020402a.xls
rice_japonica,全国平均,2013,种子费,元,42.01,xls:2014/020402a.xls
rice_japonica,全国平均,2013,管理费,元,9.6,xls:2014/020402a.xls
rice_japonica,全国平均,2013,自营地折租,元,201.13,xls:2014/020401a.xls
rice_japonica,全国平均,2013,财务费,元,0.03,xls:2014/020402a.xls
rice_japonica,全国平均,2013,销售费,元,1.64,xls:2014/020402a.xls
rice_japonica,全国平均,2013,雇工天数,日,0.93,xls:2014/020402a.xls
rice_japonica,全国平均,2013,雇工工价,元/日,119.18,xls:2014/020402a.xls
rice_japonica,全国平均,2013,雇工费用,元,110.84,xls:2014/020401a.xls
rice_japonica,全国平均,2014,主产品产值,元,1679.78,xls:2015/0204-01.xls
rice_japonica,全国平均,2014,主产品产量,公斤,553.43,xls:2015/0204-01.xls
rice_japonica,全国平均,2014,产值合计,元,1705.77,xls:2015/0204-01.xls
rice_japonica,全国平均,2014,人工成本,元,460.12,xls:2015/0204-01.xls
rice_japonica,全国平均,2014,保险费,元,15.71,xls:2015/0204-02.xls
rice_japonica,全国平均,2014,修理维护费,元,0.97,xls:2015/0204-02.xls
rice_japonica,全国平均,2014,农家肥费,元,6.31,xls:2015/0204-02.xls
rice_japonica,全国平均,2014,农膜费,元,7.56,xls:2015/0204-02.xls
rice_japonica,全国平均,2014,农药费,元,53.09,xls:2015/0204-02.xls
rice_japonica,全国平均,2014,劳动日工价,元/日,74.4,xls:2015/0204-02.xls
rice_japonica,全国平均,2014,化肥费,元,125.22,xls:2015/0204-02.xls
rice_japonica,全国平均,2014,固定资产折旧,元,3.55,xls:2015/0204-02.xls
rice_japonica,全国平均,2014,土地成本,元,351.48,xls:2015/0204-01.xls
rice_japonica,全国平均,2014,家庭用工天数,日,4.7,xls:2015/0204-02.xls
rice_japonica,全国平均,2014,家庭用工折价,元,349.75,xls:2015/0204-01.xls
rice_japonica,全国平均,2014,工具材料费,元,4.78,xls:2015/0204-02.xls
rice_japonica,全国平均,2014,平均出售价格,元/50公斤,151.76,xls:2015/0204-01.xls
rice_japonica,全国平均,2014,总成本,元,1334.29,xls:2015/0204-01.xls
rice_japonica,全国平均,2014,技术服务费,元,0.01,xls:2015/0204-02.xls
rice_japonica,全国平均,2014,排灌费,元,48.89,xls:2015/0204-02.xls
rice_japonica,全国平均,2014,机械作业费,元,196.76,xls:2015/0204-02.xls
rice_japonica,全国平均,2014,每亩农膜用量,公斤,0.52,xls:2015/0204-02.xls
rice_japonica,全国平均,2014,每亩化肥折纯用量,公斤,24.12,xls:2015/0204-03.xls
rice_japonica,全国平均,2014,每亩化肥用量,公斤,24.12,xls:2015/0204-02.xls
rice_japonica,全国平均,2014,每亩用工数量,日,5.54,xls:2015/0204-01.xls
rice_japonica,全国平均,2014,每亩种子用量,公斤,5.14,xls:2015/0204-02.xls
rice_japonica,全国平均,2014,流转地租金,元,145.2,xls:2015/0204-01.xls
rice_japonica,全国平均,2014,燃料动力费,元,1.98,xls:2015/0204-02.xls
rice_japonica,全国平均,2014,物质与服务费用,元,522.69,xls:2015/0204-01.xls
rice_japonica,全国平均,2014,生产成本,元,982.81,xls:2015/0204-01.xls
rice_japonica,全国平均,2014,畜力费,元,2.37,xls:2015/0204-02.xls
rice_japonica,全国平均,2014,种子费,元,44.09,xls:2015/0204-02.xls
rice_japonica,全国平均,2014,管理费,元,9.85,xls:2015/0204-02.xls
rice_japonica,全国平均,2014,自营地折租,元,206.28,xls:2015/0204-01.xls
rice_japonica,全国平均,2014,财务费,元,0.02,xls:2015/0204-02.xls
rice_japonica,全国平均,2014,销售费,元,1.53,xls:2015/0204-02.xls
rice_japonica,全国平均,2014,雇工天数,日,0.84,xls:2015/0204-02.xls
rice_japonica,全国平均,2014,雇工工价,元/日,131.24,xls:2015/0204-02.xls
rice_japonica,全国平均,2014,雇工费用,元,110.37,xls:2015/0204-01.xls
rice_japonica,全国平均,2015,主产品产值,元,1636.6,xls:2016/2-04-1a.xls
rice_japonica,全国平均,2015,主产品产量,公斤,554.56,xls:2016/2-04-1a.xls
rice_japonica,全国平均,2015,产值合计,元,1661.29,xls:2016/2-04-1a.xls
rice_japonica,全国平均,2015,人工成本,元,472.71,xls:2016/2-04-1a.xls
rice_japonica,全国平均,2015,保险费,元,16.03,xls:2016/2-04-2a.xls
rice_japonica,全国平均,2015,修理维护费,元,0.88,xls:2016/2-04-2a.xls
rice_japonica,全国平均,2015,农家肥费,元,6.4,xls:2016/2-04-2a.xls
rice_japonica,全国平均,2015,农膜费,元,7.56,xls:2016/2-04-2a.xls
rice_japonica,全国平均,2015,农药费,元,54.38,xls:2016/2-04-2a.xls
rice_japonica,全国平均,2015,劳动日工价,元/日,78.0,xls:2016/2-04-2a.xls
rice_japonica,全国平均,2015,化肥费,元,125.95,xls:2016/2-04-2a.xls
rice_japonica,全国平均,2015,固定资产折旧,元,2.98,xls:2016/2-04-2a.xls
rice_japonica,全国平均,2015,土地成本,元,366.02,xls:2016/2-04-1a.xls
rice_japonica,全国平均,2015,家庭用工天数,日,4.59,xls:2016/2-04-2a.xls
rice_japonica,全国平均,2015,家庭用工折价,元,358.33,xls:2016/2-04-1a.xls
rice_japonica,全国平均,2015,工具材料费,元,4.83,xls:2016/2-04-2a.xls
rice_japonica,全国平均,2015,平均出售价格,元/50公斤,147.56,xls:2016/2-04-1a.xls
rice_japonica,全国平均,2015,总成本,元,1370.71,xls:2016/2-04-1a.xls
rice_japonica,全国平均,2015,技术服务费,元,0.02,xls:2016/2-04-2a.xls
rice_japonica,全国平均,2015,排灌费,元,50.36,xls:2016/2-04-2a.xls
rice_japonica,全国平均,2015,机械作业费,元,203.84,xls:2016/2-04-2a.xls
rice_japonica,全国平均,2015,每亩农膜用量,公斤,0.52,xls:2016/2-04-2a.xls
rice_japonica,全国平均,2015,每亩化肥折纯用量,公斤,24.06,xls:2016/2-04-3a.xls
rice_japonica,全国平均,2015,每亩化肥用量,公斤,24.06,xls:2016/2-04-2a.xls
rice_japonica,全国平均,2015,每亩用工数量,日,5.44,xls:2016/2-04-1a.xls
rice_japonica,全国平均,2015,每亩种子用量,公斤,5.23,xls:2016/2-04-2a.xls
rice_japonica,全国平均,2015,流转地租金,元,149.83,xls:2016/2-04-1a.xls
rice_japonica,全国平均,2015,燃料动力费,元,1.46,xls:2016/2-04-2a.xls
rice_japonica,全国平均,2015,物质与服务费用,元,531.98,xls:2016/2-04-1a.xls
rice_japonica,全国平均,2015,生产成本,元,1004.69,xls:2016/2-04-1a.xls
rice_japonica,全国平均,2015,畜力费,元,1.6,xls:2016/2-04-2a.xls
rice_japonica,全国平均,2015,种子费,元,44.16,xls:2016/2-04-2a.xls
rice_japonica,全国平均,2015,管理费,元,10.13,xls:2016/2-04-2a.xls
rice_japonica,全国平均,2015,自营地折租,元,216.19,xls:2016/2-04-1a.xls
rice_japonica,全国平均,2015,财务费,元,0.03,xls:2016/2-04-2a.xls
rice_japonica,全国平均,2015,销售费,元,1.37,xls:2016/2-04-2a.xls
rice_japonica,全国平均,2015,雇工天数,日,0.84,xls:2016/2-04-2a.xls
rice_japonica,全国平均,2015,雇工工价,元/日,135.52,xls:2016/2-04-2a.xls
rice_japonica,全国平均,2015,雇工费用,元,114.38,xls:2016/2-04-1a.xls
rice_japonica,全国平均,2016,主产品产值,元,1630.68,xls:2017/2-04-1a.xls
rice_japonica,全国平均,2016,主产品产量,公斤,555.54,xls:2017/2-04-1a.xls
rice_japonica,全国平均,2016,产值合计,元,1655.01,xls:2017/2-04-1a.xls
rice_japonica,全国平均,2016,人工成本,元,455.7734,xls:2017/2-04-1a.xls
rice_japonica,全国平均,2016,保险费,元,16.2,xls:2017/2-04-2a.xls
rice_japonica,全国平均,2016,修理维护费,元,0.86,xls:2017/2-04-2a.xls
rice_japonica,全国平均,2016,其他直接费用,元,0.0,xls:2017/2-04-2a.xls
rice_japonica,全国平均,2016,农家肥费,元,6.87,xls:2017/2-04-2a.xls
rice_japonica,全国平均,2016,农膜费,元,8.29,xls:2017/2-04-2a.xls
rice_japonica,全国平均,2016,农药费,元,52.12,xls:2017/2-04-2a.xls
rice_japonica,全国平均,2016,劳动日工价,元/日,81.4,xls:2017/2-04-2a.xls
rice_japonica,全国平均,2016,化肥费,元,118.95,xls:2017/2-04-2a.xls
rice_japonica,全国平均,2016,固定资产折旧,元,2.83,xls:2017/2-04-2a.xls
rice_japonica,全国平均,2016,土地成本,元,381.99,xls:2017/2-04-1a.xls
rice_japonica,全国平均,2016,家庭用工天数,日,4.081,xls:2017/2-04-2a.xls
rice_japonica,全国平均,2016,家庭用工折价,元,332.1934,xls:2017/2-04-1a.xls
rice_japonica,全国平均,2016,工具材料费,元,4.46,xls:2017/2-04-2a.xls
rice_japonica,全国平均,2016,平均出售价格,元/50公斤,146.77,xls:2017/2-04-1a.xls
rice_japonica,全国平均,2016,总成本,元,1368.4534,xls:2017/2-04-1a.xls
rice_japonica,全国平均,2016,技术服务费,元,0.0,xls:2017/2-04-2a.xls
rice_japonica,全国平均,2016,排灌费,元,49.99,xls:2017/2-04-2a.xls
rice_japonica,全国平均,2016,机械作业费,元,211.77,xls:2017/2-04-2a.xls
rice_japonica,全国平均,2016,每亩农膜用量,公斤,0.59,xls:2017/2-04-2a.xls
rice_japonica,全国平均,2016,每亩化肥折纯用量,公斤,23.87,xls:2017/2-04-3a.xls
rice_japonica,全国平均,2016,每亩化肥用量,公斤,23.87,xls:2017/2-04-2a.xls
rice_japonica,全国平均,2016,每亩用工数量,日,4.99,xls:2017/2-04-1a.xls
rice_japonica,全国平均,2016,每亩种子用量,公斤,5.45,xls:2017/2-04-2a.xls
rice_japonica,全国平均,2016,流转地租金,元,156.2,xls:2017/2-04-1a.xls
rice_japonica,全国平均,2016,燃料动力费,元,1.49,xls:2017/2-04-2a.xls
rice_japonica,全国平均,2016,物质与服务费用,元,530.69,xls:2017/2-04-1a.xls
rice_japonica,全国平均,2016,生产成本,元,986.4634,xls:2017/2-04-1a.xls
rice_japonica,全国平均,2016,畜力费,元,1.34,xls:2017/2-04-2a.xls
rice_japonica,全国平均,2016,种子费,元,43.77,xls:2017/2-04-2a.xls
rice_japonica,全国平均,2016,管理费,元,10.08,xls:2017/2-04-2a.xls
rice_japonica,全国平均,2016,自营地折租,元,225.79,xls:2017/2-04-1a.xls
rice_japonica,全国平均,2016,财务费,元,0.1,xls:2017/2-04-2a.xls
rice_japonica,全国平均,2016,销售费,元,1.57,xls:2017/2-04-2a.xls
rice_japonica,全国平均,2016,雇工天数,日,0.91,xls:2017/2-04-2a.xls
rice_japonica,全国平均,2016,雇工工价,元/日,135.802,xls:2017/2-04-2a.xls
rice_japonica,全国平均,2016,雇工费用,元,123.58,xls:2017/2-04-1a.xls
rice_japonica,全国平均,2017,主产品产值,元,1605.08,xls:2018/2-4-1 2017年各地区粳稻成本收益情况.xls
rice_japonica,全国平均,2017,主产品产量,公斤,546.67,xls:2018/2-4-1 2017年各地区粳稻成本收益情况.xls
rice_japonica,全国平均,2017,产值合计,元,1626.5,xls:2018/2-4-1 2017年各地区粳稻成本收益情况.xls
rice_japonica,全国平均,2017,人工成本,元,432.2802,xls:2018/2-4-1 2017年各地区粳稻成本收益情况.xls
rice_japonica,全国平均,2017,保险费,元,16.89,xls:2018/2-4-2 2017年各地区粳稻费用和用工情况.xls
rice_japonica,全国平均,2017,修理维护费,元,0.86,xls:2018/2-4-2 2017年各地区粳稻费用和用工情况.xls
rice_japonica,全国平均,2017,其他直接费用,元,0.0,xls:2018/2-4-2 2017年各地区粳稻费用和用工情况.xls
rice_japonica,全国平均,2017,农家肥费,元,9.54,xls:2018/2-4-2 2017年各地区粳稻费用和用工情况.xls
rice_japonica,全国平均,2017,农膜费,元,8.3,xls:2018/2-4-2 2017年各地区粳稻费用和用工情况.xls
rice_japonica,全国平均,2017,农药费,元,54.81,xls:2018/2-4-2 2017年各地区粳稻费用和用工情况.xls
rice_japonica,全国平均,2017,劳动日工价,元/日,83.1,xls:2018/2-4-2 2017年各地区粳稻费用和用工情况.xls
rice_japonica,全国平均,2017,化肥费,元,124.56,xls:2018/2-4-2 2017年各地区粳稻费用和用工情况.xls
rice_japonica,全国平均,2017,固定资产折旧,元,2.98,xls:2018/2-4-2 2017年各地区粳稻费用和用工情况.xls
rice_japonica,全国平均,2017,土地成本,元,389.53,xls:2018/2-4-1 2017年各地区粳稻成本收益情况.xls
rice_japonica,全国平均,2017,家庭用工天数,日,3.742,xls:2018/2-4-2 2017年各地区粳稻费用和用工情况.xls
rice_japonica,全国平均,2017,家庭用工折价,元,310.9602,xls:2018/2-4-1 2017年各地区粳稻成本收益情况.xls
rice_japonica,全国平均,2017,工具材料费,元,4.42,xls:2018/2-4-2 2017年各地区粳稻费用和用工情况.xls
rice_japonica,全国平均,2017,平均出售价格,元/50公斤,146.81,xls:2018/2-4-1 2017年各地区粳稻成本收益情况.xls
rice_japonica,全国平均,2017,总成本,元,1370.1102,xls:2018/2-4-1 2017年各地区粳稻成本收益情况.xls
rice_japonica,全国平均,2017,技术服务费,元,0.17,xls:2018/2-4-2 2017年各地区粳稻费用和用工情况.xls
rice_japonica,全国平均,2017,排灌费,元,49.59,xls:2018/2-4-2 2017年各地区粳稻费用和用工情况.xls
rice_japonica,全国平均,2017,机械作业费,元,212.38,xls:2018/2-4-2 2017年各地区粳稻费用和用工情况.xls
rice_japonica,全国平均,2017,每亩农膜用量,公斤,0.56,xls:2018/2-4-2 2017年各地区粳稻费用和用工情况.xls
rice_japonica,全国平均,2017,每亩化肥折纯用量,公斤,24.61,xls:2018/2-4-3 2017年各地区粳稻化肥投入情况.xls
rice_japonica,全国平均,2017,每亩化肥用量,公斤,24.61,xls:2018/2-4-2 2017年各地区粳稻费用和用工情况.xls
rice_japonica,全国平均,2017,每亩用工数量,日,4.62,xls:2018/2-4-1 2017年各地区粳稻成本收益情况.xls
rice_japonica,全国平均,2017,每亩种子用量,公斤,5.51,xls:2018/2-4-2 2017年各地区粳稻费用和用工情况.xls
rice_japonica,全国平均,2017,流转地租金,元,157.15,xls:2018/2-4-1 2017年各地区粳稻成本收益情况.xls
rice_japonica,全国平均,2017,燃料动力费,元,4.02,xls:2018/2-4-2 2017年各地区粳稻费用和用工情况.xls
rice_japonica,全国平均,2017,物质与服务费用,元,548.3,xls:2018/2-4-1 2017年各地区粳稻成本收益情况.xls
rice_japonica,全国平均,2017,生产成本,元,980.5802,xls:2018/2-4-1 2017年各地区粳稻成本收益情况.xls
rice_japonica,全国平均,2017,畜力费,元,1.32,xls:2018/2-4-2 2017年各地区粳稻费用和用工情况.xls
rice_japonica,全国平均,2017,种子费,元,47.31,xls:2018/2-4-2 2017年各地区粳稻费用和用工情况.xls
rice_japonica,全国平均,2017,管理费,元,9.35,xls:2018/2-4-2 2017年各地区粳稻费用和用工情况.xls
rice_japonica,全国平均,2017,自营地折租,元,232.38,xls:2018/2-4-1 2017年各地区粳稻成本收益情况.xls
rice_japonica,全国平均,2017,财务费,元,0.03,xls:2018/2-4-2 2017年各地区粳稻费用和用工情况.xls
rice_japonica,全国平均,2017,销售费,元,1.77,xls:2018/2-4-2 2017年各地区粳稻费用和用工情况.xls
rice_japonica,全国平均,2017,雇工天数,日,0.88,xls:2018/2-4-2 2017年各地区粳稻费用和用工情况.xls
rice_japonica,全国平均,2017,雇工工价,元/日,137.864,xls:2018/2-4-2 2017年各地区粳稻费用和用工情况.xls
rice_japonica,全国平均,2017,雇工费用,元,121.32,xls:2018/2-4-1 2017年各地区粳稻成本收益情况.xls
rice_japonica,全国平均,2018,主产品产值,元,1505.97,xls:2019/2-4-1 2018年各地区粳稻成本收益情况.xls
rice_japonica,全国平均,2018,主产品产量,公斤,553.33,xls:2019/2-4-1 2018年各地区粳稻成本收益情况.xls
rice_japonica,全国平均,2018,产值合计,元,1526.36,xls:2019/2-4-1 2018年各地区粳稻成本收益情况.xls
rice_japonica,全国平均,2018,人工成本,元,431.61686,xls:2019/2-4-1 2018年各地区粳稻成本收益情况.xls
rice_japonica,全国平均,2018,保险费,元,17.26,xls:2019/2-4-2 2018年各地区粳稻费用和用工情况.xls
rice_japonica,全国平均,2018,修理维护费,元,0.88,xls:2019/2-4-2 2018年各地区粳稻费用和用工情况.xls
rice_japonica,全国平均,2018,其他直接费用,元,0.0,xls:2019/2-4-2 2018年各地区粳稻费用和用工情况.xls
rice_japonica,全国平均,2018,农家肥费,元,9.23,xls:2019/2-4-2 2018年各地区粳稻费用和用工情况.xls
rice_japonica,全国平均,2018,农膜费,元,8.4,xls:2019/2-4-2 2018年各地区粳稻费用和用工情况.xls
rice_japonica,全国平均,2018,农药费,元,55.21,xls:2019/2-4-2 2018年各地区粳稻费用和用工情况.xls
rice_japonica,全国平均,2018,劳动日工价,元/日,84.89,xls:2019/2-4-2 2018年各地区粳稻费用和用工情况.xls
rice_japonica,全国平均,2018,化肥费,元,131.99,xls:2019/2-4-2 2018年各地区粳稻费用和用工情况.xls
rice_japonica,全国平均,2018,固定资产折旧,元,2.98,xls:2019/2-4-2 2018年各地区粳稻费用和用工情况.xls
rice_japonica,全国平均,2018,土地成本,元,396.45,xls:2019/2-4-1 2018年各地区粳稻成本收益情况.xls
rice_japonica,全国平均,2018,家庭用工天数,日,3.574,xls:2019/2-4-2 2018年各地区粳稻费用和用工情况.xls
rice_japonica,全国平均,2018,家庭用工折价,元,303.39686,xls:2019/2-4-1 2018年各地区粳稻成本收益情况.xls
rice_japonica,全国平均,2018,工具材料费,元,4.58,xls:2019/2-4-2 2018年各地区粳稻费用和用工情况.xls
rice_japonica,全国平均,2018,平均出售价格,元/50公斤,136.08,xls:2019/2-4-1 2018年各地区粳稻成本收益情况.xls
rice_japonica,全国平均,2018,总成本,元,1389.57686,xls:2019/2-4-1 2018年各地区粳稻成本收益情况.xls
rice_japonica,全国平均,2018,技术服务费,元,0.03,xls:2019/2-4-2 2018年各地区粳稻费用和用工情况.xls
rice_japonica,全国平均,2018,排灌费,元,50.1,xls:2019/2-4-2 2018年各地区粳稻费用和用工情况.xls
rice_japonica,全国平均,2018,机械作业费,元,218.7,xls:2019/2-4-2 2018年各地区粳稻费用和用工情况.xls
rice_japonica,全国平均,2018,每亩农膜用量,公斤,0.58,xls:2019/2-4-2 2018年各地区粳稻费用和用工情况.xls
rice_japonica,全国平均,2018,每亩化肥折纯用量,公斤,24.3,xls:2019/2-4-3 2018年各地区粳稻化肥投入情况.xls
rice_japonica,全国平均,2018,每亩化肥用量,公斤,24.3,xls:2019/2-4-2 2018年各地区粳稻费用和用工情况.xls
rice_japonica,全国平均,2018,每亩用工数量,日,4.46,xls:2019/2-4-1 2018年各地区粳稻成本收益情况.xls
rice_japonica,全国平均,2018,每亩种子用量,公斤,5.62,xls:2019/2-4-2 2018年各地区粳稻费用和用工情况.xls
rice_japonica,全国平均,2018,流转地租金,元,165.44,xls:2019/2-4-1 2018年各地区粳稻成本收益情况.xls
rice_japonica,全国平均,2018,燃料动力费,元,1.66,xls:2019/2-4-2 2018年各地区粳稻费用和用工情况.xls
rice_japonica,全国平均,2018,物质与服务费用,元,561.51,xls:2019/2-4-1 2018年各地区粳稻成本收益情况.xls
rice_japonica,全国平均,2018,生产成本,元,993.12686,xls:2019/2-4-1 2018年各地区粳稻成本收益情况.xls
rice_japonica,全国平均,2018,畜力费,元,1.55,xls:2019/2-4-2 2018年各地区粳稻费用和用工情况.xls
rice_japonica,全国平均,2018,种子费,元,48.31,xls:2019/2-4-2 2018年各地区粳稻费用和用工情况.xls
rice_japonica,全国平均,2018,管理费,元,9.33,xls:2019/2-4-2 2018年各地区粳稻费用和用工情况.xls
rice_japonica,全国平均,2018,自营地折租,元,231.01,xls:2019/2-4-1 2018年各地区粳稻成本收益情况.xls
rice_japonica,全国平均,2018,财务费,元,0.07,xls:2019/2-4-2 2018年各地区粳稻费用和用工情况.xls
rice_japonica,全国平均,2018,销售费,元,1.23,xls:2019/2-4-2 2018年各地区粳稻费用和用工情况.xls
rice_japonica,全国平均,2018,雇工天数,日,0.89,xls:2019/2-4-2 2018年各地区粳稻费用和用工情况.xls
rice_japonica,全国平均,2018,雇工工价,元/日,144.067,xls:2019/2-4-2 2018年各地区粳稻费用和用工情况.xls
rice_japonica,全国平均,2018,雇工费用,元,128.22,xls:2019/2-4-1 2018年各地区粳稻成本收益情况.xls
rice_japonica,全国平均,2024,主产品产值,元,1516.93,xls:2025/2-4-1 2024年各地区粳稻成本收益情况.xlsx
rice_japonica,全国平均,2024,主产品产量,公斤,549.17,xls:2025/2-4-1 2024年各地区粳稻成本收益情况.xlsx
rice_japonica,全国平均,2024,产值合计,元,1536.05,xls:2025/2-4-1 2024年各地区粳稻成本收益情况.xlsx
rice_japonica,全国平均,2024,人工成本,元,422.79,xls:2025/2-4-1 2024年各地区粳稻成本收益情况.xlsx
rice_japonica,全国平均,2024,保险费,元,25.65,xls:2025/2-4-2 2024年各地区粳稻费用和用工情况.xlsx
rice_japonica,全国平均,2024,修理维护费,元,0.95,xls:2025/2-4-2 2024年各地区粳稻费用和用工情况.xlsx
rice_japonica,全国平均,2024,农家肥费,元,8.27,xls:2025/2-4-2 2024年各地区粳稻费用和用工情况.xlsx
rice_japonica,全国平均,2024,农膜费,元,8.97,xls:2025/2-4-2 2024年各地区粳稻费用和用工情况.xlsx
rice_japonica,全国平均,2024,农药费,元,68.44,xls:2025/2-4-2 2024年各地区粳稻费用和用工情况.xlsx
rice_japonica,全国平均,2024,劳动日工价,元/日,99.92,xls:2025/2-4-2 2024年各地区粳稻费用和用工情况.xlsx
rice_japonica,全国平均,2024,化肥费,元,177.92,xls:2025/2-4-2 2024年各地区粳稻费用和用工情况.xlsx
rice_japonica,全国平均,2024,固定资产折旧,元,3.7,xls:2025/2-4-2 2024年各地区粳稻费用和用工情况.xlsx
rice_japonica,全国平均,2024,土地成本,元,473.43,xls:2025/2-4-1 2024年各地区粳稻成本收益情况.xlsx
rice_japonica,全国平均,2024,家庭用工天数,日,2.91,xls:2025/2-4-2 2024年各地区粳稻费用和用工情况.xlsx
rice_japonica,全国平均,2024,家庭用工折价,元,291.07,xls:2025/2-4-1 2024年各地区粳稻成本收益情况.xlsx
rice_japonica,全国平均,2024,工具材料费,元,4.53,xls:2025/2-4-2 2024年各地区粳稻费用和用工情况.xlsx
rice_japonica,全国平均,2024,平均出售价格,元/50公斤,138.11,xls:2025/2-4-1 2024年各地区粳稻成本收益情况.xlsx
rice_japonica,全国平均,2024,总成本,元,1549.72,xls:2025/2-4-1 2024年各地区粳稻成本收益情况.xlsx
rice_japonica,全国平均,2024,技术服务费,元,0.02,xls:2025/2-4-2 2024年各地区粳稻费用和用工情况.xlsx
rice_japonica,全国平均,2024,排灌费,元,56.02,xls:2025/2-4-2 2024年各地区粳稻费用和用工情况.xlsx
rice_japonica,全国平均,2024,机械作业费,元,238.19,xls:2025/2-4-2 2024年各地区粳稻费用和用工情况.xlsx
rice_japonica,全国平均,2024,每亩农膜用量,公斤,0.63,xls:2025/2-4-2 2024年各地区粳稻费用和用工情况.xlsx
rice_japonica,全国平均,2024,每亩化肥折纯用量,公斤,26.27,xls:2025/2-4-3 2024年各地区粳稻化肥投入情况.xlsx
rice_japonica,全国平均,2024,每亩化肥用量,公斤,26.27,xls:2025/2-4-2 2024年各地区粳稻费用和用工情况.xlsx
rice_japonica,全国平均,2024,每亩用工数量,日,3.68,xls:2025/2-4-1 2024年各地区粳稻成本收益情况.xlsx
rice_japonica,全国平均,2024,每亩种子用量,公斤,5.97,xls:2025/2-4-2 2024年各地区粳稻费用和用工情况.xlsx
rice_japonica,全国平均,2024,流转地租金,元,189.55,xls:2025/2-4-1 2024年各地区粳稻成本收益情况.xlsx
rice_japonica,全国平均,2024,燃料动力费,元,3.06,xls:2025/2-4-2 2024年各地区粳稻费用和用工情况.xlsx
rice_japonica,全国平均,2024,物质与服务费用,元,653.5,xls:2025/2-4-1 2024年各地区粳稻成本收益情况.xlsx
rice_japonica,全国平均,2024,生产成本,元,1076.29,xls:2025/2-4-1 2024年各地区粳稻成本收益情况.xlsx
rice_japonica,全国平均,2024,种子费,元,55.41,xls:2025/2-4-2 2024年各地区粳稻费用和用工情况.xlsx
rice_japonica,全国平均,2024,管理费,元,0.58,xls:2025/2-4-2 2024年各地区粳稻费用和用工情况.xlsx
rice_japonica,全国平均,2024,自营地折租,元,283.88,xls:2025/2-4-1 2024年各地区粳稻成本收益情况.xlsx
rice_japonica,全国平均,2024,销售费,元,1.79,xls:2025/2-4-2 2024年各地区粳稻费用和用工情况.xlsx
rice_japonica,全国平均,2024,雇工天数,日,0.77,xls:2025/2-4-2 2024年各地区粳稻费用和用工情况.xlsx
rice_japonica,全国平均,2024,雇工工价,元/日,171.52,xls:2025/2-4-2 2024年各地区粳稻费用和用工情况.xlsx
rice_japonica,全国平均,2024,雇工费用,元,131.73,xls:2025/2-4-1 2024年各地区粳稻成本收益情况.xlsx
rice_late_indica,全国平均,2006,主产品产值,元,652.34,xls:2007/2-03-1.xls
rice_late_indica,全国平均,2006,主产品产量,公斤,399.6,xls:2007/2-03-1.xls
rice_late_indica,全国平均,2006,产值合计,元,669.08,xls:2007/2-03-1.xls
rice_late_indica,全国平均,2006,人工成本,元,172.96,xls:2007/2-03-1.xls
rice_late_indica,全国平均,2006,修理维护费,元,2.5,xls:2007/2-03-2.xls
rice_late_indica,全国平均,2006,其他直接费用,元,0.93,xls:2007/2-03-2.xls
rice_late_indica,全国平均,2006,农家肥费,元,6.26,xls:2007/2-03-2.xls
rice_late_indica,全国平均,2006,农膜费,元,0.65,xls:2007/2-03-2.xls
rice_late_indica,全国平均,2006,农药费,元,40.23,xls:2007/2-03-2.xls
rice_late_indica,全国平均,2006,劳动日工价,元/日,16.9,xls:2007/2-03-2.xls
rice_late_indica,全国平均,2006,化肥费,元,86.32,xls:2007/2-03-2.xls
rice_late_indica,全国平均,2006,固定资产折旧,元,6.75,xls:2007/2-03-2.xls
rice_late_indica,全国平均,2006,土地成本,元,64.13,xls:2007/2-03-1.xls
rice_late_indica,全国平均,2006,家庭用工天数,日,9.44,xls:2007/2-03-2.xls
rice_late_indica,全国平均,2006,家庭用工折价,元,159.54,xls:2007/2-03-1.xls
rice_late_indica,全国平均,2006,工具材料费,元,3.84,xls:2007/2-03-2.xls
rice_late_indica,全国平均,2006,平均出售价格,元/50公斤,81.62,xls:2007/2-03-1.xls
rice_late_indica,全国平均,2006,总成本,元,489.03,xls:2007/2-03-1.xls
rice_late_indica,全国平均,2006,技术服务费,元,0.04,xls:2007/2-03-2.xls
rice_late_indica,全国平均,2006,排灌费,元,11.84,xls:2007/2-03-2.xls
rice_late_indica,全国平均,2006,机械作业费,元,52.47,xls:2007/2-03-2.xls
rice_late_indica,全国平均,2006,每亩农膜用量,公斤,0.07,xls:2007/2-03-2.xls
rice_late_indica,全国平均,2006,每亩化肥折纯用量,公斤,20.73,xls:2007/2-03-3.xls
rice_late_indica,全国平均,2006,每亩化肥用量,公斤,20.73,xls:2007/2-03-2.xls
rice_late_indica,全国平均,2006,每亩用工数量,日,9.84,xls:2007/2-03-1.xls
rice_late_indica,全国平均,2006,每亩种子用量,公斤,1.53,xls:2007/2-03-2.xls
rice_late_indica,全国平均,2006,流转地租金,元,7.1,xls:2007/2-03-1.xls
rice_late_indica,全国平均,2006,燃料动力费,元,0.71,xls:2007/2-03-2.xls
rice_late_indica,全国平均,2006,物质与服务费用,元,251.94,xls:2007/2-03-1.xls
rice_late_indica,全国平均,2006,生产成本,元,424.9,xls:2007/2-03-1.xls
rice_late_indica,全国平均,2006,畜力费,元,16.92,xls:2007/2-03-2.xls
rice_late_indica,全国平均,2006,种子费,元,21.34,xls:2007/2-03-2.xls
rice_late_indica,全国平均,2006,管理费,元,0.08,xls:2007/2-03-2.xls
rice_late_indica,全国平均,2006,自营地折租,元,57.03,xls:2007/2-03-1.xls
rice_late_indica,全国平均,2006,财务费,元,0.02,xls:2007/2-03-2.xls
rice_late_indica,全国平均,2006,销售费,元,1.04,xls:2007/2-03-2.xls
rice_late_indica,全国平均,2006,雇工天数,日,0.4,xls:2007/2-03-2.xls
rice_late_indica,全国平均,2006,雇工工价,元/日,33.55,xls:2007/2-03-2.xls
rice_late_indica,全国平均,2006,雇工费用,元,13.42,xls:2007/2-03-1.xls
rice_late_indica,全国平均,2008,主产品产值,元,822.2,xls:2009/20301.xls
rice_late_indica,全国平均,2008,主产品产量,公斤,415.0,xls:2009/20301.xls
rice_late_indica,全国平均,2008,产值合计,元,836.9,xls:2009/20301.xls
rice_late_indica,全国平均,2008,人工成本,元,194.36,xls:2009/20301.xls
rice_late_indica,全国平均,2008,保险费,元,0.03,xls:2009/20302.xls
rice_late_indica,全国平均,2008,修理维护费,元,2.12,xls:2009/20302.xls
rice_late_indica,全国平均,2008,农家肥费,元,5.44,xls:2009/20302.xls
rice_late_indica,全国平均,2008,农膜费,元,0.33,xls:2009/20302.xls
rice_late_indica,全国平均,2008,农药费,元,52.24,xls:2009/20302.xls
rice_late_indica,全国平均,2008,劳动日工价,元/日,21.6,xls:2009/20302.xls
rice_late_indica,全国平均,2008,化肥费,元,129.0,xls:2009/20302.xls
rice_late_indica,全国平均,2008,固定资产折旧,元,5.73,xls:2009/20302.xls
rice_late_indica,全国平均,2008,土地成本,元,90.28,xls:2009/20301.xls
rice_late_indica,全国平均,2008,家庭用工天数,日,8.08,xls:2009/20302.xls
rice_late_indica,全国平均,2008,家庭用工折价,元,174.53,xls:2009/20301.xls
rice_late_indica,全国平均,2008,工具材料费,元,4.44,xls:2009/20302.xls
rice_late_indica,全国平均,2008,平均出售价格,元/50公斤,99.06,xls:2009/20301.xls
rice_late_indica,全国平均,2008,总成本,元,626.49,xls:2009/20301.xls
rice_late_indica,全国平均,2008,技术服务费,元,0.01,xls:2009/20302.xls
rice_late_indica,全国平均,2008,排灌费,元,10.68,xls:2009/20302.xls
rice_late_indica,全国平均,2008,机械作业费,元,84.97,xls:2009/20302.xls
rice_late_indica,全国平均,2008,每亩农膜用量,公斤,0.02,xls:2009/20302.xls
rice_late_indica,全国平均,2008,每亩化肥折纯用量,公斤,19.58,xls:2009/20303.xls
rice_late_indica,全国平均,2008,每亩化肥用量,公斤,19.58,xls:2009/20302.xls
rice_late_indica,全国平均,2008,每亩用工数量,日,8.45,xls:2009/20301.xls
rice_late_indica,全国平均,2008,每亩种子用量,公斤,1.64,xls:2009/20302.xls
rice_late_indica,全国平均,2008,流转地租金,元,9.98,xls:2009/20301.xls
rice_late_indica,全国平均,2008,燃料动力费,元,0.73,xls:2009/20302.xls
rice_late_indica,全国平均,2008,物质与服务费用,元,341.85,xls:2009/20301.xls
rice_late_indica,全国平均,2008,生产成本,元,536.21,xls:2009/20301.xls
rice_late_indica,全国平均,2008,畜力费,元,17.9,xls:2009/20302.xls
rice_late_indica,全国平均,2008,种子费,元,27.42,xls:2009/20302.xls
rice_late_indica,全国平均,2008,管理费,元,0.03,xls:2009/20302.xls
rice_late_indica,全国平均,2008,自营地折租,元,80.3,xls:2009/20301.xls
rice_late_indica,全国平均,2008,财务费,元,0.04,xls:2009/20302.xls
rice_late_indica,全国平均,2008,销售费,元,0.74,xls:2009/20302.xls
rice_late_indica,全国平均,2008,雇工天数,日,0.37,xls:2009/20302.xls
rice_late_indica,全国平均,2008,雇工工价,元/日,53.59,xls:2009/20302.xls
rice_late_indica,全国平均,2008,雇工费用,元,19.83,xls:2009/20301.xls
rice_late_indica,全国平均,2009,主产品产值,元,830.95,xls:2010/020301.xls
rice_late_indica,全国平均,2009,主产品产量,公斤,418.67,xls:2010/020301.xls
rice_late_indica,全国平均,2009,产值合计,元,845.01,xls:2010/020301.xls
rice_late_indica,全国平均,2009,人工成本,元,202.03,xls:2010/020301.xls
rice_late_indica,全国平均,2009,保险费,元,0.37,xls:2010/020302.xls
rice_late_indica,全国平均,2009,修理维护费,元,2.14,xls:2010/020302.xls
rice_late_indica,全国平均,2009,农家肥费,元,6.39,xls:2010/020302.xls
rice_late_indica,全国平均,2009,农膜费,元,0.04,xls:2010/020302.xls
rice_late_indica,全国平均,2009,农药费,元,51.68,xls:2010/020302.xls
rice_late_indica,全国平均,2009,劳动日工价,元/日,24.8,xls:2010/020302.xls
rice_late_indica,全国平均,2009,化肥费,元,108.41,xls:2010/020302.xls
rice_late_indica,全国平均,2009,固定资产折旧,元,6.47,xls:2010/020302.xls
rice_late_indica,全国平均,2009,土地成本,元,104.61,xls:2010/020301.xls
rice_late_indica,全国平均,2009,家庭用工天数,日,7.33,xls:2010/020302.xls
rice_late_indica,全国平均,2009,家庭用工折价,元,181.71,xls:2010/020301.xls
rice_late_indica,全国平均,2009,工具材料费,元,4.83,xls:2010/020302.xls
rice_late_indica,全国平均,2009,平均出售价格,元/50公斤,99.24,xls:2010/020301.xls
rice_late_indica,全国平均,2009,总成本,元,637.11,xls:2010/020301.xls
rice_late_indica,全国平均,2009,技术服务费,元,0.02,xls:2010/020302.xls
rice_late_indica,全国平均,2009,排灌费,元,10.77,xls:2010/020302.xls
rice_late_indica,全国平均,2009,机械作业费,元,93.45,xls:2010/020302.xls
rice_late_indica,全国平均,2009,每亩化肥折纯用量,公斤,20.34,xls:2010/020303.xls
rice_late_indica,全国平均,2009,每亩化肥用量,公斤,20.34,xls:2010/020302.xls
rice_late_indica,全国平均,2009,每亩用工数量,日,7.66,xls:2010/020301.xls
rice_late_indica,全国平均,2009,每亩种子用量,公斤,1.48,xls:2010/020302.xls
rice_late_indica,全国平均,2009,流转地租金,元,10.8,xls:2010/020301.xls
rice_late_indica,全国平均,2009,燃料动力费,元,1.35,xls:2010/020302.xls
rice_late_indica,全国平均,2009,物质与服务费用,元,330.47,xls:2010/020301.xls
rice_late_indica,全国平均,2009,生产成本,元,532.5,xls:2010/020301.xls
rice_late_indica,全国平均,2009,畜力费,元,13.91,xls:2010/020302.xls
rice_late_indica,全国平均,2009,种子费,元,30.05,xls:2010/020302.xls
rice_late_indica,全国平均,2009,管理费,元,0.01,xls:2010/020302.xls
rice_late_indica,全国平均,2009,自营地折租,元,93.81,xls:2010/020301.xls
rice_late_indica,全国平均,2009,财务费,元,0.01,xls:2010/020302.xls
rice_late_indica,全国平均,2009,销售费,元,0.57,xls:2010/020302.xls
rice_late_indica,全国平均,2009,雇工天数,日,0.33,xls:2010/020302.xls
rice_late_indica,全国平均,2009,雇工工价,元/日,61.57,xls:2010/020302.xls
rice_late_indica,全国平均,2009,雇工费用,元,20.32,xls:2010/020301.xls
rice_late_indica,全国平均,2010,主产品产值,元,959.45,xls:2011/020301.xls
rice_late_indica,全国平均,2010,主产品产量,公斤,399.95,xls:2011/020301.xls
rice_late_indica,全国平均,2010,产值合计,元,974.37,xls:2011/020301.xls
rice_late_indica,全国平均,2010,人工成本,元,237.28,xls:2011/020301.xls
rice_late_indica,全国平均,2010,保险费,元,1.13,xls:2011/020302.xls
rice_late_indica,全国平均,2010,修理维护费,元,2.51,xls:2011/020302.xls
rice_late_indica,全国平均,2010,农家肥费,元,7.8,xls:2011/020302.xls
rice_late_indica,全国平均,2010,农膜费,元,0.17,xls:2011/020302.xls
rice_late_indica,全国平均,2010,农药费,元,53.51,xls:2011/020302.xls
rice_late_indica,全国平均,2010,劳动日工价,元/日,31.3,xls:2011/020302.xls
rice_late_indica,全国平均,2010,化肥费,元,107.99,xls:2011/020302.xls
rice_late_indica,全国平均,2010,固定资产折旧,元,6.91,xls:2011/020302.xls
rice_late_indica,全国平均,2010,土地成本,元,119.95,xls:2011/020301.xls
rice_late_indica,全国平均,2010,家庭用工天数,日,6.61,xls:2011/020302.xls
rice_late_indica,全国平均,2010,家庭用工折价,元,207.02,xls:2011/020301.xls
rice_late_indica,全国平均,2010,工具材料费,元,4.88,xls:2011/020302.xls
rice_late_indica,全国平均,2010,平均出售价格,元/50公斤,119.95,xls:2011/020301.xls
rice_late_indica,全国平均,2010,总成本,元,717.35,xls:2011/020301.xls
rice_late_indica,全国平均,2010,技术服务费,元,0.01,xls:2011/020302.xls
rice_late_indica,全国平均,2010,排灌费,元,9.38,xls:2011/020302.xls
rice_late_indica,全国平均,2010,机械作业费,元,113.0,xls:2011/020302.xls
rice_late_indica,全国平均,2010,每亩农膜用量,公斤,0.01,xls:2011/020302.xls
rice_late_indica,全国平均,2010,每亩化肥折纯用量,公斤,21.09,xls:2011/020303.xls
rice_late_indica,全国平均,2010,每亩化肥用量,公斤,21.09,xls:2011/020302.xls
rice_late_indica,全国平均,2010,每亩用工数量,日,7.04,xls:2011/020301.xls
rice_late_indica,全国平均,2010,每亩种子用量,公斤,1.5,xls:2011/020302.xls
rice_late_indica,全国平均,2010,流转地租金,元,12.88,xls:2011/020301.xls
rice_late_indica,全国平均,2010,燃料动力费,元,1.92,xls:2011/020302.xls
rice_late_indica,全国平均,2010,物质与服务费用,元,360.12,xls:2011/020301.xls
rice_late_indica,全国平均,2010,生产成本,元,597.4,xls:2011/020301.xls
rice_late_indica,全国平均,2010,畜力费,元,13.44,xls:2011/020302.xls
rice_late_indica,全国平均,2010,种子费,元,36.81,xls:2011/020302.xls
rice_late_indica,全国平均,2010,自营地折租,元,107.07,xls:2011/020301.xls
rice_late_indica,全国平均,2010,财务费,元,0.03,xls:2011/020302.xls
rice_late_indica,全国平均,2010,销售费,元,0.63,xls:2011/020302.xls
rice_late_indica,全国平均,2010,雇工天数,日,0.43,xls:2011/020302.xls
rice_late_indica,全国平均,2010,雇工工价,元/日,71.04,xls:2011/020302.xls
rice_late_indica,全国平均,2010,雇工费用,元,30.26,xls:2011/020301.xls
rice_late_indica,全国平均,2011,主产品产值,元,1146.43,xls:2012/020301.xls
rice_late_indica,全国平均,2011,主产品产量,公斤,410.76,xls:2012/020301.xls
rice_late_indica,全国平均,2011,产值合计,元,1161.04,xls:2012/020301.xls
rice_late_indica,全国平均,2011,人工成本,元,292.94,xls:2012/020301.xls
rice_late_indica,全国平均,2011,保险费,元,3.02,xls:2012/020302.xls
rice_late_indica,全国平均,2011,修理维护费,元,2.55,xls:2012/020302.xls
rice_late_indica,全国平均,2011,农家肥费,元,5.78,xls:2012/020302.xls
rice_late_indica,全国平均,2011,农膜费,元,0.24,xls:2012/020302.xls
rice_late_indica,全国平均,2011,农药费,元,56.9,xls:2012/020302.xls
rice_late_indica,全国平均,2011,劳动日工价,元/日,40.0,xls:2012/020302.xls
rice_late_indica,全国平均,2011,化肥费,元,125.88,xls:2012/020302.xls
rice_late_indica,全国平均,2011,固定资产折旧,元,6.97,xls:2012/020302.xls
rice_late_indica,全国平均,2011,土地成本,元,130.49,xls:2012/020301.xls
rice_late_indica,全国平均,2011,家庭用工天数,日,6.54,xls:2012/020302.xls
rice_late_indica,全国平均,2011,家庭用工折价,元,261.48,xls:2012/020301.xls
rice_late_indica,全国平均,2011,工具材料费,元,5.51,xls:2012/020302.xls
rice_late_indica,全国平均,2011,平均出售价格,元/50公斤,139.55,xls:2012/020301.xls
rice_late_indica,全国平均,2011,总成本,元,835.52,xls:2012/020301.xls
rice_late_indica,全国平均,2011,技术服务费,元,0.01,xls:2012/020302.xls
rice_late_indica,全国平均,2011,排灌费,元,11.7,xls:2012/020302.xls
rice_late_indica,全国平均,2011,机械作业费,元,133.96,xls:2012/020302.xls
rice_late_indica,全国平均,2011,每亩农膜用量,公斤,0.02,xls:2012/020302.xls
rice_late_indica,全国平均,2011,每亩化肥折纯用量,公斤,20.79,xls:2012/020303.xls
rice_late_indica,全国平均,2011,每亩化肥用量,公斤,20.79,xls:2012/020302.xls
rice_late_indica,全国平均,2011,每亩用工数量,日,6.91,xls:2012/020301.xls
rice_late_indica,全国平均,2011,每亩种子用量,公斤,1.63,xls:2012/020302.xls
rice_late_indica,全国平均,2011,流转地租金,元,15.62,xls:2012/020301.xls
rice_late_indica,全国平均,2011,燃料动力费,元,2.6,xls:2012/020302.xls
rice_late_indica,全国平均,2011,物质与服务费用,元,412.09,xls:2012/020301.xls
rice_late_indica,全国平均,2011,生产成本,元,705.03,xls:2012/020301.xls
rice_late_indica,全国平均,2011,畜力费,元,13.64,xls:2012/020302.xls
rice_late_indica,全国平均,2011,种子费,元,42.71,xls:2012/020302.xls
rice_late_indica,全国平均,2011,自营地折租,元,114.87,xls:2012/020301.xls
rice_late_indica,全国平均,2011,销售费,元,0.62,xls:2012/020302.xls
rice_late_indica,全国平均,2011,雇工天数,日,0.37,xls:2012/020302.xls
rice_late_indica,全国平均,2011,雇工工价,元/日,84.13,xls:2012/020302.xls
rice_late_indica,全国平均,2011,雇工费用,元,31.46,xls:2012/020301.xls
rice_late_indica,全国平均,2012,主产品产值,元,1220.25,xls:2013/020301.xls
rice_late_indica,全国平均,2012,主产品产量,公斤,440.62,xls:2013/020301.xls
rice_late_indica,全国平均,2012,产值合计,元,1235.57,xls:2013/020301.xls
rice_late_indica,全国平均,2012,人工成本,元,386.92,xls:2013/020301.xls
rice_late_indica,全国平均,2012,保险费,元,4.48,xls:2013/020302.xls
rice_late_indica,全国平均,2012,修理维护费,元,3.06,xls:2013/020302.xls
rice_late_indica,全国平均,2012,其他直接费用,元,0.04,xls:2013/020302.xls
rice_late_indica,全国平均,2012,农家肥费,元,6.66,xls:2013/020302.xls
rice_late_indica,全国平均,2012,农膜费,元,0.38,xls:2013/020302.xls
rice_late_indica,全国平均,2012,农药费,元,60.75,xls:2013/020302.xls
rice_late_indica,全国平均,2012,劳动日工价,元/日,56.0,xls:2013/020302.xls
rice_late_indica,全国平均,2012,化肥费,元,136.03,xls:2013/020302.xls
rice_late_indica,全国平均,2012,固定资产折旧,元,8.43,xls:2013/020302.xls
rice_late_indica,全国平均,2012,土地成本,元,140.4,xls:2013/020301.xls
rice_late_indica,全国平均,2012,家庭用工天数,日,6.35,xls:2013/020302.xls
rice_late_indica,全国平均,2012,家庭用工折价,元,355.77,xls:2013/020301.xls
rice_late_indica,全国平均,2012,工具材料费,元,6.14,xls:2013/020302.xls
rice_late_indica,全国平均,2012,平均出售价格,元/50公斤,138.47,xls:2013/020301.xls
rice_late_indica,全国平均,2012,总成本,元,988.73,xls:2013/020301.xls
rice_late_indica,全国平均,2012,技术服务费,元,0.02,xls:2013/020302.xls
rice_late_indica,全国平均,2012,排灌费,元,10.11,xls:2013/020302.xls
rice_late_indica,全国平均,2012,机械作业费,元,158.62,xls:2013/020302.xls
rice_late_indica,全国平均,2012,每亩农膜用量,公斤,0.03,xls:2013/020302.xls
rice_late_indica,全国平均,2012,每亩化肥折纯用量,公斤,21.27,xls:2013/020303.xls
rice_late_indica,全国平均,2012,每亩化肥用量,公斤,21.27,xls:2013/020302.xls
rice_late_indica,全国平均,2012,每亩用工数量,日,6.68,xls:2013/020301.xls
rice_late_indica,全国平均,2012,每亩种子用量,公斤,1.66,xls:2013/020302.xls
rice_late_indica,全国平均,2012,流转地租金,元,17.13,xls:2013/020301.xls
rice_late_indica,全国平均,2012,燃料动力费,元,3.19,xls:2013/020302.xls
rice_late_indica,全国平均,2012,物质与服务费用,元,461.41,xls:2013/020301.xls
rice_late_indica,全国平均,2012,生产成本,元,848.33,xls:2013/020301.xls
rice_late_indica,全国平均,2012,畜力费,元,10.14,xls:2013/020302.xls
rice_late_indica,全国平均,2012,种子费,元,51.26,xls:2013/020302.xls
rice_late_indica,全国平均,2012,管理费,元,0.04,xls:2013/020302.xls
rice_late_indica,全国平均,2012,自营地折租,元,123.27,xls:2013/020301.xls
rice_late_indica,全国平均,2012,销售费,元,2.06,xls:2013/020302.xls
rice_late_indica,全国平均,2012,雇工天数,日,0.33,xls:2013/020302.xls
rice_late_indica,全国平均,2012,雇工工价,元/日,95.25,xls:2013/020302.xls
rice_late_indica,全国平均,2012,雇工费用,元,31.15,xls:2013/020301.xls
rice_late_indica,全国平均,2013,主产品产值,元,1158.3,xls:2014/020301a.xls
rice_late_indica,全国平均,2013,主产品产量,公斤,426.89,xls:2014/020301a.xls
rice_late_indica,全国平均,2013,产值合计,元,1171.18,xls:2014/020301a.xls
rice_late_indica,全国平均,2013,人工成本,元,449.28,xls:2014/020301a.xls
rice_late_indica,全国平均,2013,保险费,元,4.73,xls:2014/020302a.xls
rice_late_indica,全国平均,2013,修理维护费,元,2.92,xls:2014/020302a.xls
rice_late_indica,全国平均,2013,农家肥费,元,7.67,xls:2014/020302a.xls
rice_late_indica,全国平均,2013,农膜费,元,0.43,xls:2014/020302a.xls
rice_late_indica,全国平均,2013,农药费,元,62.53,xls:2014/020302a.xls
rice_late_indica,全国平均,2013,劳动日工价,元/日,68.0,xls:2014/020302a.xls
rice_late_indica,全国平均,2013,化肥费,元,132.43,xls:2014/020302a.xls
rice_late_indica,全国平均,2013,固定资产折旧,元,8.49,xls:2014/020302a.xls
rice_late_indica,全国平均,2013,土地成本,元,153.3,xls:2014/020301a.xls
rice_late_indica,全国平均,2013,家庭用工天数,日,6.11,xls:2014/020302a.xls
rice_late_indica,全国平均,2013,家庭用工折价,元,415.34,xls:2014/020301a.xls
rice_late_indica,全国平均,2013,工具材料费,元,6.66,xls:2014/020302a.xls
rice_late_indica,全国平均,2013,平均出售价格,元/50公斤,135.67,xls:2014/020301a.xls
rice_late_indica,全国平均,2013,总成本,元,1082.62,xls:2014/020301a.xls
rice_late_indica,全国平均,2013,技术服务费,元,0.01,xls:2014/020302a.xls
rice_late_indica,全国平均,2013,排灌费,元,12.2,xls:2014/020302a.xls
rice_late_indica,全国平均,2013,机械作业费,元,173.99,xls:2014/020302a.xls
rice_late_indica,全国平均,2013,每亩农膜用量,公斤,0.03,xls:2014/020302a.xls
rice_late_indica,全国平均,2013,每亩化肥折纯用量,公斤,21.56,xls:2014/020303a.xls
rice_late_indica,全国平均,2013,每亩化肥用量,公斤,21.56,xls:2014/020302a.xls
rice_late_indica,全国平均,2013,每亩用工数量,日,6.42,xls:2014/020301a.xls
rice_late_indica,全国平均,2013,每亩种子用量,公斤,1.77,xls:2014/020302a.xls
rice_late_indica,全国平均,2013,流转地租金,元,18.91,xls:2014/020301a.xls
rice_late_indica,全国平均,2013,燃料动力费,元,2.98,xls:2014/020302a.xls
rice_late_indica,全国平均,2013,物质与服务费用,元,480.04,xls:2014/020301a.xls
rice_late_indica,全国平均,2013,生产成本,元,929.32,xls:2014/020301a.xls
rice_late_indica,全国平均,2013,畜力费,元,8.37,xls:2014/020302a.xls
rice_late_indica,全国平均,2013,种子费,元,55.24,xls:2014/020302a.xls
rice_late_indica,全国平均,2013,管理费,元,0.02,xls:2014/020302a.xls
rice_late_indica,全国平均,2013,自营地折租,元,134.39,xls:2014/020301a.xls
rice_late_indica,全国平均,2013,财务费,元,0.01,xls:2014/020302a.xls
rice_late_indica,全国平均,2013,销售费,元,1.36,xls:2014/020302a.xls
rice_late_indica,全国平均,2013,雇工天数,日,0.32,xls:2014/020302a.xls
rice_late_indica,全国平均,2013,雇工工价,元/日,107.76,xls:2014/020302a.xls
rice_late_indica,全国平均,2013,雇工费用,元,33.94,xls:2014/020301a.xls
rice_late_indica,全国平均,2014,主产品产值,元,1282.01,xls:2015/0203-01.xls
rice_late_indica,全国平均,2014,主产品产量,公斤,451.69,xls:2015/0203-01.xls
rice_late_indica,全国平均,2014,产值合计,元,1295.34,xls:2015/0203-01.xls
rice_late_indica,全国平均,2014,人工成本,元,464.96,xls:2015/0203-01.xls
rice_late_indica,全国平均,2014,保险费,元,5.14,xls:2015/0203-02.xls
rice_late_indica,全国平均,2014,修理维护费,元,2.7,xls:2015/0203-02.xls
rice_late_indica,全国平均,2014,农家肥费,元,7.14,xls:2015/0203-02.xls
rice_late_indica,全国平均,2014,农膜费,元,0.31,xls:2015/0203-02.xls
rice_late_indica,全国平均,2014,农药费,元,60.86,xls:2015/0203-02.xls
rice_late_indica,全国平均,2014,劳动日工价,元/日,74.4,xls:2015/0203-02.xls
rice_late_indica,全国平均,2014,化肥费,元,124.09,xls:2015/0203-02.xls
rice_late_indica,全国平均,2014,固定资产折旧,元,9.16,xls:2015/0203-02.xls
rice_late_indica,全国平均,2014,土地成本,元,158.37,xls:2015/0203-01.xls
rice_late_indica,全国平均,2014,家庭用工天数,日,5.77,xls:2015/0203-02.xls
rice_late_indica,全国平均,2014,家庭用工折价,元,429.21,xls:2015/0203-01.xls
rice_late_indica,全国平均,2014,工具材料费,元,7.24,xls:2015/0203-02.xls
rice_late_indica,全国平均,2014,平均出售价格,元/50公斤,141.91,xls:2015/0203-01.xls
rice_late_indica,全国平均,2014,总成本,元,1102.53,xls:2015/0203-01.xls
rice_late_indica,全国平均,2014,排灌费,元,9.92,xls:2015/0203-02.xls
rice_late_indica,全国平均,2014,机械作业费,元,182.46,xls:2015/0203-02.xls
rice_late_indica,全国平均,2014,每亩农膜用量,公斤,0.02,xls:2015/0203-02.xls
rice_late_indica,全国平均,2014,每亩化肥折纯用量,公斤,21.81,xls:2015/0203-03.xls
rice_late_indica,全国平均,2014,每亩化肥用量,公斤,21.81,xls:2015/0203-02.xls
rice_late_indica,全国平均,2014,每亩用工数量,日,6.07,xls:2015/0203-01.xls
rice_late_indica,全国平均,2014,每亩种子用量,公斤,1.97,xls:2015/0203-02.xls
rice_late_indica,全国平均,2014,流转地租金,元,23.38,xls:2015/0203-01.xls
rice_late_indica,全国平均,2014,燃料动力费,元,3.58,xls:2015/0203-02.xls
rice_late_indica,全国平均,2014,物质与服务费用,元,479.2,xls:2015/0203-01.xls
rice_late_indica,全国平均,2014,生产成本,元,944.16,xls:2015/0203-01.xls
rice_late_indica,全国平均,2014,畜力费,元,7.84,xls:2015/0203-02.xls
rice_late_indica,全国平均,2014,种子费,元,57.38,xls:2015/0203-02.xls
rice_late_indica,全国平均,2014,管理费,元,0.01,xls:2015/0203-02.xls
rice_late_indica,全国平均,2014,自营地折租,元,134.99,xls:2015/0203-01.xls
rice_late_indica,全国平均,2014,财务费,元,0.01,xls:2015/0203-02.xls
rice_late_indica,全国平均,2014,销售费,元,1.36,xls:2015/0203-02.xls
rice_late_indica,全国平均,2014,雇工天数,日,0.3,xls:2015/0203-02.xls
rice_late_indica,全国平均,2014,雇工工价,元/日,119.55,xls:2015/0203-02.xls
rice_late_indica,全国平均,2014,雇工费用,元,35.75,xls:2015/0203-01.xls
rice_late_indica,全国平均,2015,主产品产值,元,1245.19,xls:2016/2-03-1a.xls
rice_late_indica,全国平均,2015,主产品产量,公斤,446.79,xls:2016/2-03-1a.xls
rice_late_indica,全国平均,2015,产值合计,元,1258.9,xls:2016/2-03-1a.xls
rice_late_indica,全国平均,2015,人工成本,元,472.2,xls:2016/2-03-1a.xls
rice_late_indica,全国平均,2015,保险费,元,5.71,xls:2016/2-03-2a.xls
rice_late_indica,全国平均,2015,修理维护费,元,2.85,xls:2016/2-03-2a.xls
rice_late_indica,全国平均,2015,农家肥费,元,7.67,xls:2016/2-03-2a.xls
rice_late_indica,全国平均,2015,农膜费,元,0.14,xls:2016/2-03-2a.xls
rice_late_indica,全国平均,2015,农药费,元,63.08,xls:2016/2-03-2a.xls
rice_late_indica,全国平均,2015,劳动日工价,元/日,78.0,xls:2016/2-03-2a.xls
rice_late_indica,全国平均,2015,化肥费,元,126.11,xls:2016/2-03-2a.xls
rice_late_indica,全国平均,2015,固定资产折旧,元,9.53,xls:2016/2-03-2a.xls
rice_late_indica,全国平均,2015,土地成本,元,163.62,xls:2016/2-03-1a.xls
rice_late_indica,全国平均,2015,家庭用工天数,日,5.62,xls:2016/2-03-2a.xls
rice_late_indica,全国平均,2015,家庭用工折价,元,438.28,xls:2016/2-03-1a.xls
rice_late_indica,全国平均,2015,工具材料费,元,7.32,xls:2016/2-03-2a.xls
rice_late_indica,全国平均,2015,平均出售价格,元/50公斤,139.35,xls:2016/2-03-1a.xls
rice_late_indica,全国平均,2015,总成本,元,1125.58,xls:2016/2-03-1a.xls
rice_late_indica,全国平均,2015,技术服务费,元,0.01,xls:2016/2-03-2a.xls
rice_late_indica,全国平均,2015,排灌费,元,8.49,xls:2016/2-03-2a.xls
rice_late_indica,全国平均,2015,机械作业费,元,187.78,xls:2016/2-03-2a.xls
rice_late_indica,全国平均,2015,每亩农膜用量,公斤,0.01,xls:2016/2-03-2a.xls
rice_late_indica,全国平均,2015,每亩化肥折纯用量,公斤,22.39,xls:2016/2-03-3a.xls
rice_late_indica,全国平均,2015,每亩化肥用量,公斤,22.39,xls:2016/2-03-2a.xls
rice_late_indica,全国平均,2015,每亩用工数量,日,5.9,xls:2016/2-03-1a.xls
rice_late_indica,全国平均,2015,每亩种子用量,公斤,1.99,xls:2016/2-03-2a.xls
rice_late_indica,全国平均,2015,流转地租金,元,22.72,xls:2016/2-03-1a.xls
rice_late_indica,全国平均,2015,燃料动力费,元,3.6,xls:2016/2-03-2a.xls
rice_late_indica,全国平均,2015,物质与服务费用,元,489.76,xls:2016/2-03-1a.xls
rice_late_indica,全国平均,2015,生产成本,元,961.96,xls:2016/2-03-1a.xls
rice_late_indica,全国平均,2015,畜力费,元,7.18,xls:2016/2-03-2a.xls
rice_late_indica,全国平均,2015,种子费,元,59.16,xls:2016/2-03-2a.xls
rice_late_indica,全国平均,2015,管理费,元,0.02,xls:2016/2-03-2a.xls
rice_late_indica,全国平均,2015,自营地折租,元,140.9,xls:2016/2-03-1a.xls
rice_late_indica,全国平均,2015,财务费,元,0.03,xls:2016/2-03-2a.xls
rice_late_indica,全国平均,2015,销售费,元,1.08,xls:2016/2-03-2a.xls
rice_late_indica,全国平均,2015,雇工天数,日,0.28,xls:2016/2-03-2a.xls
rice_late_indica,全国平均,2015,雇工工价,元/日,121.58,xls:2016/2-03-2a.xls
rice_late_indica,全国平均,2015,雇工费用,元,33.92,xls:2016/2-03-1a.xls
rice_late_indica,全国平均,2016,主产品产值,元,1217.27,xls:2017/2-03-1a.xls
rice_late_indica,全国平均,2016,主产品产量,公斤,439.71,xls:2017/2-03-1a.xls
rice_late_indica,全国平均,2016,产值合计,元,1230.53,xls:2017/2-03-1a.xls
rice_late_indica,全国平均,2016,人工成本,元,462.4238,xls:2017/2-03-1a.xls
rice_late_indica,全国平均,2016,保险费,元,8.26,xls:2017/2-03-2a.xls
rice_late_indica,全国平均,2016,修理维护费,元,2.9,xls:2017/2-03-2a.xls
rice_late_indica,全国平均,2016,其他直接费用,元,0.0,xls:2017/2-03-2a.xls
rice_late_indica,全国平均,2016,农家肥费,元,7.87,xls:2017/2-03-2a.xls
rice_late_indica,全国平均,2016,农膜费,元,0.48,xls:2017/2-03-2a.xls
rice_late_indica,全国平均,2016,农药费,元,63.81,xls:2017/2-03-2a.xls
rice_late_indica,全国平均,2016,劳动日工价,元/日,81.4,xls:2017/2-03-2a.xls
rice_late_indica,全国平均,2016,化肥费,元,126.34,xls:2017/2-03-2a.xls
rice_late_indica,全国平均,2016,固定资产折旧,元,10.29,xls:2017/2-03-2a.xls
rice_late_indica,全国平均,2016,土地成本,元,167.17,xls:2017/2-03-1a.xls
rice_late_indica,全国平均,2016,家庭用工天数,日,5.267,xls:2017/2-03-2a.xls
rice_late_indica,全国平均,2016,家庭用工折价,元,428.7338,xls:2017/2-03-1a.xls
rice_late_indica,全国平均,2016,工具材料费,元,7.22,xls:2017/2-03-2a.xls
rice_late_indica,全国平均,2016,平均出售价格,元/50公斤,138.42,xls:2017/2-03-1a.xls
rice_late_indica,全国平均,2016,总成本,元,1133.0638,xls:2017/2-03-1a.xls
rice_late_indica,全国平均,2016,技术服务费,元,0.02,xls:2017/2-03-2a.xls
rice_late_indica,全国平均,2016,排灌费,元,9.06,xls:2017/2-03-2a.xls
rice_late_indica,全国平均,2016,机械作业费,元,191.38,xls:2017/2-03-2a.xls
rice_late_indica,全国平均,2016,每亩农膜用量,公斤,0.04,xls:2017/2-03-2a.xls
rice_late_indica,全国平均,2016,每亩化肥折纯用量,公斤,23.14,xls:2017/2-03-3a.xls
rice_late_indica,全国平均,2016,每亩化肥用量,公斤,23.14,xls:2017/2-03-2a.xls
rice_late_indica,全国平均,2016,每亩用工数量,日,5.53,xls:2017/2-03-1a.xls
rice_late_indica,全国平均,2016,每亩种子用量,公斤,1.93,xls:2017/2-03-2a.xls
rice_late_indica,全国平均,2016,流转地租金,元,25.3,xls:2017/2-03-1a.xls
rice_late_indica,全国平均,2016,燃料动力费,元,4.39,xls:2017/2-03-2a.xls
rice_late_indica,全国平均,2016,物质与服务费用,元,503.47,xls:2017/2-03-1a.xls
rice_late_indica,全国平均,2016,生产成本,元,965.8938,xls:2017/2-03-1a.xls
rice_late_indica,全国平均,2016,畜力费,元,6.75,xls:2017/2-03-2a.xls
rice_late_indica,全国平均,2016,种子费,元,63.44,xls:2017/2-03-2a.xls
rice_late_indica,全国平均,2016,管理费,元,0.1,xls:2017/2-03-2a.xls
rice_late_indica,全国平均,2016,自营地折租,元,141.87,xls:2017/2-03-1a.xls
rice_late_indica,全国平均,2016,财务费,元,0.04,xls:2017/2-03-2a.xls
rice_late_indica,全国平均,2016,销售费,元,1.12,xls:2017/2-03-2a.xls
rice_late_indica,全国平均,2016,雇工天数,日,0.26,xls:2017/2-03-2a.xls
rice_late_indica,全国平均,2016,雇工工价,元/日,129.577,xls:2017/2-03-2a.xls
rice_late_indica,全国平均,2016,雇工费用,元,33.69,xls:2017/2-03-1a.xls
rice_late_indica,全国平均,2017,主产品产值,元,1222.5,xls:2018/2-3-1 2017年各地区晚籼稻成本收益情况.xls
rice_late_indica,全国平均,2017,主产品产量,公斤,431.71,xls:2018/2-3-1 2017年各地区晚籼稻成本收益情况.xls
rice_late_indica,全国平均,2017,产值合计,元,1235.0,xls:2018/2-3-1 2017年各地区晚籼稻成本收益情况.xls
rice_late_indica,全国平均,2017,人工成本,元,446.6313,xls:2018/2-3-1 2017年各地区晚籼稻成本收益情况.xls
rice_late_indica,全国平均,2017,保险费,元,8.56,xls:2018/2-3-2 2017年各地区晚籼稻费用和用工情况.xls
rice_late_indica,全国平均,2017,修理维护费,元,2.92,xls:2018/2-3-2 2017年各地区晚籼稻费用和用工情况.xls
rice_late_indica,全国平均,2017,其他直接费用,元,0.0,xls:2018/2-3-2 2017年各地区晚籼稻费用和用工情况.xls
rice_late_indica,全国平均,2017,农家肥费,元,7.34,xls:2018/2-3-2 2017年各地区晚籼稻费用和用工情况.xls
rice_late_indica,全国平均,2017,农膜费,元,0.42,xls:2018/2-3-2 2017年各地区晚籼稻费用和用工情况.xls
rice_late_indica,全国平均,2017,农药费,元,65.85,xls:2018/2-3-2 2017年各地区晚籼稻费用和用工情况.xls
rice_late_indica,全国平均,2017,劳动日工价,元/日,83.1,xls:2018/2-3-2 2017年各地区晚籼稻费用和用工情况.xls
rice_late_indica,全国平均,2017,化肥费,元,127.87,xls:2018/2-3-2 2017年各地区晚籼稻费用和用工情况.xls
rice_late_indica,全国平均,2017,固定资产折旧,元,9.87,xls:2018/2-3-2 2017年各地区晚籼稻费用和用工情况.xls
rice_late_indica,全国平均,2017,土地成本,元,176.5,xls:2018/2-3-1 2017年各地区晚籼稻成本收益情况.xls
rice_late_indica,全国平均,2017,家庭用工天数,日,4.823,xls:2018/2-3-2 2017年各地区晚籼稻费用和用工情况.xls
rice_late_indica,全国平均,2017,家庭用工折价,元,400.7913,xls:2018/2-3-1 2017年各地区晚籼稻成本收益情况.xls
rice_late_indica,全国平均,2017,工具材料费,元,6.76,xls:2018/2-3-2 2017年各地区晚籼稻费用和用工情况.xls
rice_late_indica,全国平均,2017,平均出售价格,元/50公斤,141.59,xls:2018/2-3-1 2017年各地区晚籼稻成本收益情况.xls
rice_late_indica,全国平均,2017,总成本,元,1131.9013,xls:2018/2-3-1 2017年各地区晚籼稻成本收益情况.xls
rice_late_indica,全国平均,2017,技术服务费,元,0.01,xls:2018/2-3-2 2017年各地区晚籼稻费用和用工情况.xls
rice_late_indica,全国平均,2017,排灌费,元,8.78,xls:2018/2-3-2 2017年各地区晚籼稻费用和用工情况.xls
rice_late_indica,全国平均,2017,机械作业费,元,192.48,xls:2018/2-3-2 2017年各地区晚籼稻费用和用工情况.xls
rice_late_indica,全国平均,2017,每亩农膜用量,公斤,0.03,xls:2018/2-3-2 2017年各地区晚籼稻费用和用工情况.xls
rice_late_indica,全国平均,2017,每亩化肥折纯用量,公斤,22.76,xls:2018/2-3-3 2017年各地区晚籼稻化肥投入情况.xls
rice_late_indica,全国平均,2017,每亩化肥用量,公斤,22.76,xls:2018/2-3-2 2017年各地区晚籼稻费用和用工情况.xls
rice_late_indica,全国平均,2017,每亩用工数量,日,5.16,xls:2018/2-3-1 2017年各地区晚籼稻成本收益情况.xls
rice_late_indica,全国平均,2017,每亩种子用量,公斤,2.07,xls:2018/2-3-2 2017年各地区晚籼稻费用和用工情况.xls
rice_late_indica,全国平均,2017,流转地租金,元,29.47,xls:2018/2-3-1 2017年各地区晚籼稻成本收益情况.xls
rice_late_indica,全国平均,2017,燃料动力费,元,4.74,xls:2018/2-3-2 2017年各地区晚籼稻费用和用工情况.xls
rice_late_indica,全国平均,2017,物质与服务费用,元,508.77,xls:2018/2-3-1 2017年各地区晚籼稻成本收益情况.xls
rice_late_indica,全国平均,2017,生产成本,元,955.4013,xls:2018/2-3-1 2017年各地区晚籼稻成本收益情况.xls
rice_late_indica,全国平均,2017,畜力费,元,4.39,xls:2018/2-3-2 2017年各地区晚籼稻费用和用工情况.xls
rice_late_indica,全国平均,2017,种子费,元,67.09,xls:2018/2-3-2 2017年各地区晚籼稻费用和用工情况.xls
rice_late_indica,全国平均,2017,管理费,元,0.11,xls:2018/2-3-2 2017年各地区晚籼稻费用和用工情况.xls
rice_late_indica,全国平均,2017,自营地折租,元,147.03,xls:2018/2-3-1 2017年各地区晚籼稻成本收益情况.xls
rice_late_indica,全国平均,2017,财务费,元,0.01,xls:2018/2-3-2 2017年各地区晚籼稻费用和用工情况.xls
rice_late_indica,全国平均,2017,销售费,元,1.57,xls:2018/2-3-2 2017年各地区晚籼稻费用和用工情况.xls
rice_late_indica,全国平均,2017,雇工天数,日,0.34,xls:2018/2-3-2 2017年各地区晚籼稻费用和用工情况.xls
rice_late_indica,全国平均,2017,雇工工价,元/日,134.824,xls:2018/2-3-2 2017年各地区晚籼稻费用和用工情况.xls
rice_late_indica,全国平均,2017,雇工费用,元,45.84,xls:2018/2-3-1 2017年各地区晚籼稻成本收益情况.xls
rice_late_indica,全国平均,2018,主产品产值,元,1199.12,xls:2019/2-3-1 2018年各地区晚籼稻成本收益情况.xls
rice_late_indica,全国平均,2018,主产品产量,公斤,444.72,xls:2019/2-3-1 2018年各地区晚籼稻成本收益情况.xls
rice_late_indica,全国平均,2018,产值合计,元,1212.06,xls:2019/2-3-1 2018年各地区晚籼稻成本收益情况.xls
rice_late_indica,全国平均,2018,人工成本,元,437.7162,xls:2019/2-3-1 2018年各地区晚籼稻成本收益情况.xls
rice_late_indica,全国平均,2018,保险费,元,9.86,xls:2019/2-3-2 2018年各地区晚籼稻费用和用工情况.xls
rice_late_indica,全国平均,2018,修理维护费,元,2.75,xls:2019/2-3-2 2018年各地区晚籼稻费用和用工情况.xls
rice_late_indica,全国平均,2018,其他直接费用,元,0.0,xls:2019/2-3-2 2018年各地区晚籼稻费用和用工情况.xls
rice_late_indica,全国平均,2018,农家肥费,元,9.58,xls:2019/2-3-2 2018年各地区晚籼稻费用和用工情况.xls
rice_late_indica,全国平均,2018,农膜费,元,0.45,xls:2019/2-3-2 2018年各地区晚籼稻费用和用工情况.xls
rice_late_indica,全国平均,2018,农药费,元,67.13,xls:2019/2-3-2 2018年各地区晚籼稻费用和用工情况.xls
rice_late_indica,全国平均,2018,劳动日工价,元/日,84.89,xls:2019/2-3-2 2018年各地区晚籼稻费用和用工情况.xls
rice_late_indica,全国平均,2018,化肥费,元,135.66,xls:2019/2-3-2 2018年各地区晚籼稻费用和用工情况.xls
rice_late_indica,全国平均,2018,固定资产折旧,元,10.05,xls:2019/2-3-2 2018年各地区晚籼稻费用和用工情况.xls
rice_late_indica,全国平均,2018,土地成本,元,183.26,xls:2019/2-3-1 2018年各地区晚籼稻成本收益情况.xls
rice_late_indica,全国平均,2018,家庭用工天数,日,4.58,xls:2019/2-3-2 2018年各地区晚籼稻费用和用工情况.xls
rice_late_indica,全国平均,2018,家庭用工折价,元,388.7962,xls:2019/2-3-1 2018年各地区晚籼稻成本收益情况.xls
rice_late_indica,全国平均,2018,工具材料费,元,6.95,xls:2019/2-3-2 2018年各地区晚籼稻费用和用工情况.xls
rice_late_indica,全国平均,2018,平均出售价格,元/50公斤,134.82,xls:2019/2-3-1 2018年各地区晚籼稻成本收益情况.xls
rice_late_indica,全国平均,2018,总成本,元,1153.4562,xls:2019/2-3-1 2018年各地区晚籼稻成本收益情况.xls
rice_late_indica,全国平均,2018,技术服务费,元,0.01,xls:2019/2-3-2 2018年各地区晚籼稻费用和用工情况.xls
rice_late_indica,全国平均,2018,排灌费,元,8.8,xls:2019/2-3-2 2018年各地区晚籼稻费用和用工情况.xls
rice_late_indica,全国平均,2018,机械作业费,元,200.7,xls:2019/2-3-2 2018年各地区晚籼稻费用和用工情况.xls
rice_late_indica,全国平均,2018,每亩农膜用量,公斤,0.03,xls:2019/2-3-2 2018年各地区晚籼稻费用和用工情况.xls
rice_late_indica,全国平均,2018,每亩化肥折纯用量,公斤,22.7,xls:2019/2-3-3 2018年各地区晚籼稻化肥投入情况.xls
rice_late_indica,全国平均,2018,每亩化肥用量,公斤,22.7,xls:2019/2-3-2 2018年各地区晚籼稻费用和用工情况.xls
rice_late_indica,全国平均,2018,每亩用工数量,日,4.95,xls:2019/2-3-1 2018年各地区晚籼稻成本收益情况.xls
rice_late_indica,全国平均,2018,每亩种子用量,公斤,2.09,xls:2019/2-3-2 2018年各地区晚籼稻费用和用工情况.xls
rice_late_indica,全国平均,2018,流转地租金,元,31.59,xls:2019/2-3-1 2018年各地区晚籼稻成本收益情况.xls
rice_late_indica,全国平均,2018,燃料动力费,元,4.7,xls:2019/2-3-2 2018年各地区晚籼稻费用和用工情况.xls
rice_late_indica,全国平均,2018,物质与服务费用,元,532.48,xls:2019/2-3-1 2018年各地区晚籼稻成本收益情况.xls
rice_late_indica,全国平均,2018,生产成本,元,970.1962,xls:2019/2-3-1 2018年各地区晚籼稻成本收益情况.xls
rice_late_indica,全国平均,2018,畜力费,元,2.68,xls:2019/2-3-2 2018年各地区晚籼稻费用和用工情况.xls
rice_late_indica,全国平均,2018,种子费,元,70.65,xls:2019/2-3-2 2018年各地区晚籼稻费用和用工情况.xls
rice_late_indica,全国平均,2018,管理费,元,0.15,xls:2019/2-3-2 2018年各地区晚籼稻费用和用工情况.xls
rice_late_indica,全国平均,2018,自营地折租,元,151.67,xls:2019/2-3-1 2018年各地区晚籼稻成本收益情况.xls
rice_late_indica,全国平均,2018,财务费,元,0.0,xls:2019/2-3-2 2018年各地区晚籼稻费用和用工情况.xls
rice_late_indica,全国平均,2018,销售费,元,2.36,xls:2019/2-3-2 2018年各地区晚籼稻费用和用工情况.xls
rice_late_indica,全国平均,2018,雇工天数,日,0.37,xls:2019/2-3-2 2018年各地区晚籼稻费用和用工情况.xls
rice_late_indica,全国平均,2018,雇工工价,元/日,132.216,xls:2019/2-3-2 2018年各地区晚籼稻费用和用工情况.xls
rice_late_indica,全国平均,2018,雇工费用,元,48.92,xls:2019/2-3-1 2018年各地区晚籼稻成本收益情况.xls
rice_late_indica,全国平均,2024,主产品产值,元,1248.12,xls:2025/2-3-1 2024年各地区晚籼稻成本收益情况.xlsx
rice_late_indica,全国平均,2024,主产品产量,公斤,419.32,xls:2025/2-3-1 2024年各地区晚籼稻成本收益情况.xlsx
rice_late_indica,全国平均,2024,产值合计,元,1255.42,xls:2025/2-3-1 2024年各地区晚籼稻成本收益情况.xlsx
rice_late_indica,全国平均,2024,人工成本,元,415.77,xls:2025/2-3-1 2024年各地区晚籼稻成本收益情况.xlsx
rice_late_indica,全国平均,2024,保险费,元,29.08,xls:2025/2-3-2 2024年各地区晚籼稻费用和用工情况.xlsx
rice_late_indica,全国平均,2024,修理维护费,元,3.54,xls:2025/2-3-2 2024年各地区晚籼稻费用和用工情况.xlsx
rice_late_indica,全国平均,2024,农家肥费,元,4.35,xls:2025/2-3-2 2024年各地区晚籼稻费用和用工情况.xlsx
rice_late_indica,全国平均,2024,农膜费,元,0.7,xls:2025/2-3-2 2024年各地区晚籼稻费用和用工情况.xlsx
rice_late_indica,全国平均,2024,农药费,元,91.46,xls:2025/2-3-2 2024年各地区晚籼稻费用和用工情况.xlsx
rice_late_indica,全国平均,2024,劳动日工价,元/日,99.92,xls:2025/2-3-2 2024年各地区晚籼稻费用和用工情况.xlsx
rice_late_indica,全国平均,2024,化肥费,元,165.66,xls:2025/2-3-2 2024年各地区晚籼稻费用和用工情况.xlsx
rice_late_indica,全国平均,2024,固定资产折旧,元,11.28,xls:2025/2-3-2 2024年各地区晚籼稻费用和用工情况.xlsx
rice_late_indica,全国平均,2024,土地成本,元,203.92,xls:2025/2-3-1 2024年各地区晚籼稻成本收益情况.xlsx
rice_late_indica,全国平均,2024,家庭用工天数,日,3.36,xls:2025/2-3-2 2024年各地区晚籼稻费用和用工情况.xlsx
rice_late_indica,全国平均,2024,家庭用工折价,元,335.83,xls:2025/2-3-1 2024年各地区晚籼稻成本收益情况.xlsx
rice_late_indica,全国平均,2024,工具材料费,元,7.79,xls:2025/2-3-2 2024年各地区晚籼稻费用和用工情况.xlsx
rice_late_indica,全国平均,2024,平均出售价格,元/50公斤,148.83,xls:2025/2-3-1 2024年各地区晚籼稻成本收益情况.xlsx
rice_late_indica,全国平均,2024,总成本,元,1286.16,xls:2025/2-3-1 2024年各地区晚籼稻成本收益情况.xlsx
rice_late_indica,全国平均,2024,技术服务费,元,0.1,xls:2025/2-3-2 2024年各地区晚籼稻费用和用工情况.xlsx
rice_late_indica,全国平均,2024,排灌费,元,11.39,xls:2025/2-3-2 2024年各地区晚籼稻费用和用工情况.xlsx
rice_late_indica,全国平均,2024,机械作业费,元,239.05,xls:2025/2-3-2 2024年各地区晚籼稻费用和用工情况.xlsx
rice_late_indica,全国平均,2024,每亩农膜用量,公斤,0.05,xls:2025/2-3-2 2024年各地区晚籼稻费用和用工情况.xlsx
rice_late_indica,全国平均,2024,每亩化肥折纯用量,公斤,22.34,xls:2025/2-3-3 2024年各地区晚籼稻化肥投入情况.xlsx
rice_late_indica,全国平均,2024,每亩化肥用量,公斤,22.34,xls:2025/2-3-2 2024年各地区晚籼稻费用和用工情况.xlsx
rice_late_indica,全国平均,2024,每亩用工数量,日,3.82,xls:2025/2-3-1 2024年各地区晚籼稻成本收益情况.xlsx
rice_late_indica,全国平均,2024,每亩种子用量,公斤,2.12,xls:2025/2-3-2 2024年各地区晚籼稻费用和用工情况.xlsx
rice_late_indica,全国平均,2024,流转地租金,元,44.28,xls:2025/2-3-1 2024年各地区晚籼稻成本收益情况.xlsx
rice_late_indica,全国平均,2024,燃料动力费,元,10.01,xls:2025/2-3-2 2024年各地区晚籼稻费用和用工情况.xlsx
rice_late_indica,全国平均,2024,物质与服务费用,元,666.47,xls:2025/2-3-1 2024年各地区晚籼稻成本收益情况.xlsx
rice_late_indica,全国平均,2024,生产成本,元,1082.24,xls:2025/2-3-1 2024年各地区晚籼稻成本收益情况.xlsx
rice_late_indica,全国平均,2024,畜力费,元,0.35,xls:2025/2-3-2 2024年各地区晚籼稻费用和用工情况.xlsx
rice_late_indica,全国平均,2024,种子费,元,88.55,xls:2025/2-3-2 2024年各地区晚籼稻费用和用工情况.xlsx
rice_late_indica,全国平均,2024,管理费,元,0.32,xls:2025/2-3-2 2024年各地区晚籼稻费用和用工情况.xlsx
rice_late_indica,全国平均,2024,自营地折租,元,159.64,xls:2025/2-3-1 2024年各地区晚籼稻成本收益情况.xlsx
rice_late_indica,全国平均,2024,财务费,元,0.05,xls:2025/2-3-2 2024年各地区晚籼稻费用和用工情况.xlsx
rice_late_indica,全国平均,2024,销售费,元,2.79,xls:2025/2-3-2 2024年各地区晚籼稻费用和用工情况.xlsx
rice_late_indica,全国平均,2024,雇工天数,日,0.46,xls:2025/2-3-2 2024年各地区晚籼稻费用和用工情况.xlsx
rice_late_indica,全国平均,2024,雇工工价,元/日,175.68,xls:2025/2-3-2 2024年各地区晚籼稻费用和用工情况.xlsx
rice_late_indica,全国平均,2024,雇工费用,元,79.93,xls:2025/2-3-1 2024年各地区晚籼稻成本收益情况.xlsx
rice_mid_indica,全国平均,2006,主产品产值,元,656.57,xls:2007/2-02-1.xls
rice_mid_indica,全国平均,2006,主产品产量,公斤,444.1,xls:2007/2-02-1.xls
rice_mid_indica,全国平均,2006,产值合计,元,670.56,xls:2007/2-02-1.xls
rice_mid_indica,全国平均,2006,人工成本,元,212.03,xls:2007/2-02-1.xls
rice_mid_indica,全国平均,2006,修理维护费,元,1.64,xls:2007/2-02-2.xls
rice_mid_indica,全国平均,2006,其他直接费用,元,0.4,xls:2007/2-02-2.xls
rice_mid_indica,全国平均,2006,农家肥费,元,8.72,xls:2007/2-02-2.xls
rice_mid_indica,全国平均,2006,农膜费,元,3.02,xls:2007/2-02-2.xls
rice_mid_indica,全国平均,2006,农药费,元,23.99,xls:2007/2-02-2.xls
rice_mid_indica,全国平均,2006,劳动日工价,元/日,16.9,xls:2007/2-02-2.xls
rice_mid_indica,全国平均,2006,化肥费,元,67.08,xls:2007/2-02-2.xls
rice_mid_indica,全国平均,2006,固定资产折旧,元,5.19,xls:2007/2-02-2.xls
rice_mid_indica,全国平均,2006,土地成本,元,42.55,xls:2007/2-02-1.xls
rice_mid_indica,全国平均,2006,家庭用工天数,日,11.45,xls:2007/2-02-2.xls
rice_mid_indica,全国平均,2006,家庭用工折价,元,193.51,xls:2007/2-02-1.xls
rice_mid_indica,全国平均,2006,工具材料费,元,2.84,xls:2007/2-02-2.xls
rice_mid_indica,全国平均,2006,平均出售价格,元/50公斤,73.92,xls:2007/2-02-1.xls
rice_mid_indica,全国平均,2006,总成本,元,469.39,xls:2007/2-02-1.xls
rice_mid_indica,全国平均,2006,技术服务费,元,0.06,xls:2007/2-02-2.xls
rice_mid_indica,全国平均,2006,排灌费,元,18.47,xls:2007/2-02-2.xls
rice_mid_indica,全国平均,2006,机械作业费,元,36.85,xls:2007/2-02-2.xls
rice_mid_indica,全国平均,2006,每亩农膜用量,公斤,0.26,xls:2007/2-02-2.xls
rice_mid_indica,全国平均,2006,每亩化肥折纯用量,公斤,17.65,xls:2007/2-02-3.xls
rice_mid_indica,全国平均,2006,每亩化肥用量,公斤,17.65,xls:2007/2-02-2.xls
rice_mid_indica,全国平均,2006,每亩用工数量,日,11.99,xls:2007/2-02-1.xls
rice_mid_indica,全国平均,2006,每亩种子用量,公斤,1.12,xls:2007/2-02-2.xls
rice_mid_indica,全国平均,2006,流转地租金,元,2.99,xls:2007/2-02-1.xls
rice_mid_indica,全国平均,2006,燃料动力费,元,0.37,xls:2007/2-02-2.xls
rice_mid_indica,全国平均,2006,物质与服务费用,元,214.81,xls:2007/2-02-1.xls
rice_mid_indica,全国平均,2006,生产成本,元,426.84,xls:2007/2-02-1.xls
rice_mid_indica,全国平均,2006,畜力费,元,19.8,xls:2007/2-02-2.xls
rice_mid_indica,全国平均,2006,种子费,元,24.94,xls:2007/2-02-2.xls
rice_mid_indica,全国平均,2006,管理费,元,0.04,xls:2007/2-02-2.xls
rice_mid_indica,全国平均,2006,自营地折租,元,39.56,xls:2007/2-02-1.xls
rice_mid_indica,全国平均,2006,财务费,元,0.02,xls:2007/2-02-2.xls
rice_mid_indica,全国平均,2006,销售费,元,1.38,xls:2007/2-02-2.xls
rice_mid_indica,全国平均,2006,雇工天数,日,0.54,xls:2007/2-02-2.xls
rice_mid_indica,全国平均,2006,雇工工价,元/日,34.3,xls:2007/2-02-2.xls
rice_mid_indica,全国平均,2006,雇工费用,元,18.52,xls:2007/2-02-1.xls
rice_mid_indica,全国平均,2007,主产品产值,元,794.51,xls:2008/2-02-1.xls
rice_mid_indica,全国平均,2007,主产品产量,公斤,481.3,xls:2008/2-02-1.xls
rice_mid_indica,全国平均,2007,产值合计,元,808.65,xls:2008/2-02-1.xls
rice_mid_indica,全国平均,2007,人工成本,元,228.71,xls:2008/2-02-1.xls
rice_mid_indica,全国平均,2007,保险费,元,0.04,xls:2008/2-02-2.xls
rice_mid_indica,全国平均,2007,修理维护费,元,1.51,xls:2008/2-02-2.xls
rice_mid_indica,全国平均,2007,农家肥费,元,7.82,xls:2008/2-02-2.xls
rice_mid_indica,全国平均,2007,农膜费,元,3.33,xls:2008/2-02-2.xls
rice_mid_indica,全国平均,2007,农药费,元,23.74,xls:2008/2-02-2.xls
rice_mid_indica,全国平均,2007,劳动日工价,元/日,18.7,xls:2008/2-02-2.xls
rice_mid_indica,全国平均,2007,化肥费,元,74.0,xls:2008/2-02-2.xls
rice_mid_indica,全国平均,2007,固定资产折旧,元,5.65,xls:2008/2-02-2.xls
rice_mid_indica,全国平均,2007,土地成本,元,48.38,xls:2008/2-02-1.xls
rice_mid_indica,全国平均,2007,家庭用工天数,日,10.68,xls:2008/2-02-2.xls
rice_mid_indica,全国平均,2007,家庭用工折价,元,199.72,xls:2008/2-02-1.xls
rice_mid_indica,全国平均,2007,工具材料费,元,3.07,xls:2008/2-02-2.xls
rice_mid_indica,全国平均,2007,平均出售价格,元/50公斤,82.54,xls:2008/2-02-1.xls
rice_mid_indica,全国平均,2007,总成本,元,507.24,xls:2008/2-02-1.xls
rice_mid_indica,全国平均,2007,技术服务费,元,0.02,xls:2008/2-02-2.xls
rice_mid_indica,全国平均,2007,排灌费,元,17.52,xls:2008/2-02-2.xls
rice_mid_indica,全国平均,2007,机械作业费,元,41.15,xls:2008/2-02-2.xls
rice_mid_indica,全国平均,2007,每亩农膜用量,公斤,0.28,xls:2008/2-02-2.xls
rice_mid_indica,全国平均,2007,每亩化肥折纯用量,公斤,18.74,xls:2008/2-02-3.xls
rice_mid_indica,全国平均,2007,每亩化肥用量,公斤,18.74,xls:2008/2-02-2.xls
rice_mid_indica,全国平均,2007,每亩用工数量,日,11.4,xls:2008/2-02-1.xls
rice_mid_indica,全国平均,2007,每亩种子用量,公斤,1.07,xls:2008/2-02-2.xls
rice_mid_indica,全国平均,2007,流转地租金,元,3.55,xls:2008/2-02-1.xls
rice_mid_indica,全国平均,2007,燃料动力费,元,0.11,xls:2008/2-02-2.xls
rice_mid_indica,全国平均,2007,物质与服务费用,元,230.15,xls:2008/2-02-1.xls
rice_mid_indica,全国平均,2007,生产成本,元,458.86,xls:2008/2-02-1.xls
rice_mid_indica,全国平均,2007,畜力费,元,24.87,xls:2008/2-02-2.xls
rice_mid_indica,全国平均,2007,种子费,元,25.79,xls:2008/2-02-2.xls
rice_mid_indica,全国平均,2007,管理费,元,0.01,xls:2008/2-02-2.xls
rice_mid_indica,全国平均,2007,自营地折租,元,44.83,xls:2008/2-02-1.xls
rice_mid_indica,全国平均,2007,销售费,元,1.52,xls:2008/2-02-2.xls
rice_mid_indica,全国平均,2007,雇工天数,日,0.72,xls:2008/2-02-2.xls
rice_mid_indica,全国平均,2007,雇工工价,元/日,40.26,xls:2008/2-02-2.xls
rice_mid_indica,全国平均,2007,雇工费用,元,28.99,xls:2008/2-02-1.xls
rice_mid_indica,全国平均,2008,主产品产值,元,946.13,xls:2009/20201.xls
rice_mid_indica,全国平均,2008,主产品产量,公斤,511.5,xls:2009/20201.xls
rice_mid_indica,全国平均,2008,产值合计,元,962.82,xls:2009/20201.xls
rice_mid_indica,全国平均,2008,人工成本,元,250.87,xls:2009/20201.xls
rice_mid_indica,全国平均,2008,保险费,元,0.21,xls:2009/20202.xls
rice_mid_indica,全国平均,2008,修理维护费,元,1.65,xls:2009/20202.xls
rice_mid_indica,全国平均,2008,农家肥费,元,10.27,xls:2009/20202.xls
rice_mid_indica,全国平均,2008,农膜费,元,4.25,xls:2009/20202.xls
rice_mid_indica,全国平均,2008,农药费,元,27.74,xls:2009/20202.xls
rice_mid_indica,全国平均,2008,劳动日工价,元/日,21.6,xls:2009/20202.xls
rice_mid_indica,全国平均,2008,化肥费,元,103.15,xls:2009/20202.xls
rice_mid_indica,全国平均,2008,固定资产折旧,元,6.06,xls:2009/20202.xls
rice_mid_indica,全国平均,2008,土地成本,元,81.37,xls:2009/20201.xls
rice_mid_indica,全国平均,2008,家庭用工天数,日,9.98,xls:2009/20202.xls
rice_mid_indica,全国平均,2008,家庭用工折价,元,215.57,xls:2009/20201.xls
rice_mid_indica,全国平均,2008,工具材料费,元,3.8,xls:2009/20202.xls
rice_mid_indica,全国平均,2008,平均出售价格,元/50公斤,92.49,xls:2009/20201.xls
rice_mid_indica,全国平均,2008,总成本,元,623.31,xls:2009/20201.xls
rice_mid_indica,全国平均,2008,排灌费,元,13.97,xls:2009/20202.xls
rice_mid_indica,全国平均,2008,机械作业费,元,60.91,xls:2009/20202.xls
rice_mid_indica,全国平均,2008,每亩农膜用量,公斤,0.3,xls:2009/20202.xls
rice_mid_indica,全国平均,2008,每亩化肥折纯用量,公斤,19.33,xls:2009/20203.xls
rice_mid_indica,全国平均,2008,每亩化肥用量,公斤,19.33,xls:2009/20202.xls
rice_mid_indica,全国平均,2008,每亩用工数量,日,10.72,xls:2009/20201.xls
rice_mid_indica,全国平均,2008,每亩种子用量,公斤,1.14,xls:2009/20202.xls
rice_mid_indica,全国平均,2008,流转地租金,元,5.87,xls:2009/20201.xls
rice_mid_indica,全国平均,2008,燃料动力费,元,0.5,xls:2009/20202.xls
rice_mid_indica,全国平均,2008,物质与服务费用,元,291.07,xls:2009/20201.xls
rice_mid_indica,全国平均,2008,生产成本,元,541.94,xls:2009/20201.xls
rice_mid_indica,全国平均,2008,畜力费,元,29.04,xls:2009/20202.xls
rice_mid_indica,全国平均,2008,种子费,元,28.09,xls:2009/20202.xls
rice_mid_indica,全国平均,2008,自营地折租,元,75.5,xls:2009/20201.xls
rice_mid_indica,全国平均,2008,财务费,元,0.01,xls:2009/20202.xls
rice_mid_indica,全国平均,2008,销售费,元,1.42,xls:2009/20202.xls
rice_mid_indica,全国平均,2008,雇工天数,日,0.74,xls:2009/20202.xls
rice_mid_indica,全国平均,2008,雇工工价,元/日,47.7,xls:2009/20202.xls
rice_mid_indica,全国平均,2008,雇工费用,元,35.3,xls:2009/20201.xls
rice_mid_indica,全国平均,2009,主产品产值,元,935.84,xls:2010/020201.xls
rice_mid_indica,全国平均,2009,主产品产量,公斤,495.48,xls:2010/020201.xls
rice_mid_indica,全国平均,2009,产值合计,元,953.39,xls:2010/020201.xls
rice_mid_indica,全国平均,2009,人工成本,元,267.84,xls:2010/020201.xls
rice_mid_indica,全国平均,2009,保险费,元,1.57,xls:2010/020202.xls
rice_mid_indica,全国平均,2009,修理维护费,元,1.81,xls:2010/020202.xls
rice_mid_indica,全国平均,2009,农家肥费,元,11.24,xls:2010/020202.xls
rice_mid_indica,全国平均,2009,农膜费,元,3.27,xls:2010/020202.xls
rice_mid_indica,全国平均,2009,农药费,元,28.72,xls:2010/020202.xls
rice_mid_indica,全国平均,2009,劳动日工价,元/日,24.8,xls:2010/020202.xls
rice_mid_indica,全国平均,2009,化肥费,元,91.84,xls:2010/020202.xls
rice_mid_indica,全国平均,2009,固定资产折旧,元,6.27,xls:2010/020202.xls
rice_mid_indica,全国平均,2009,土地成本,元,93.44,xls:2010/020201.xls
rice_mid_indica,全国平均,2009,家庭用工天数,日,9.29,xls:2010/020202.xls
rice_mid_indica,全国平均,2009,家庭用工折价,元,230.37,xls:2010/020201.xls
rice_mid_indica,全国平均,2009,工具材料费,元,3.79,xls:2010/020202.xls
rice_mid_indica,全国平均,2009,平均出售价格,元/50公斤,94.44,xls:2010/020201.xls
rice_mid_indica,全国平均,2009,总成本,元,650.42,xls:2010/020201.xls
rice_mid_indica,全国平均,2009,技术服务费,元,0.01,xls:2010/020202.xls
rice_mid_indica,全国平均,2009,排灌费,元,15.09,xls:2010/020202.xls
rice_mid_indica,全国平均,2009,机械作业费,元,66.21,xls:2010/020202.xls
rice_mid_indica,全国平均,2009,每亩农膜用量,公斤,0.25,xls:2010/020202.xls
rice_mid_indica,全国平均,2009,每亩化肥折纯用量,公斤,17.96,xls:2010/020203.xls
rice_mid_indica,全国平均,2009,每亩化肥用量,公斤,17.96,xls:2010/020202.xls
rice_mid_indica,全国平均,2009,每亩用工数量,日,10.02,xls:2010/020201.xls
rice_mid_indica,全国平均,2009,每亩种子用量,公斤,1.09,xls:2010/020202.xls
rice_mid_indica,全国平均,2009,流转地租金,元,7.6,xls:2010/020201.xls
rice_mid_indica,全国平均,2009,燃料动力费,元,1.26,xls:2010/020202.xls
rice_mid_indica,全国平均,2009,物质与服务费用,元,289.14,xls:2010/020201.xls
rice_mid_indica,全国平均,2009,生产成本,元,556.98,xls:2010/020201.xls
rice_mid_indica,全国平均,2009,畜力费,元,27.24,xls:2010/020202.xls
rice_mid_indica,全国平均,2009,种子费,元,29.52,xls:2010/020202.xls
rice_mid_indica,全国平均,2009,管理费,元,0.01,xls:2010/020202.xls
rice_mid_indica,全国平均,2009,自营地折租,元,85.84,xls:2010/020201.xls
rice_mid_indica,全国平均,2009,销售费,元,1.29,xls:2010/020202.xls
rice_mid_indica,全国平均,2009,雇工天数,日,0.74,xls:2010/020202.xls
rice_mid_indica,全国平均,2009,雇工工价,元/日,50.77,xls:2010/020202.xls
rice_mid_indica,全国平均,2009,雇工费用,元,37.47,xls:2010/020201.xls
rice_mid_indica,全国平均,2010,主产品产值,元,1085.84,xls:2011/020201.xls
rice_mid_indica,全国平均,2010,主产品产量,公斤,497.29,xls:2011/020201.xls
rice_mid_indica,全国平均,2010,产值合计,元,1103.44,xls:2011/020201.xls
rice_mid_indica,全国平均,2010,人工成本,元,326.12,xls:2011/020201.xls
rice_mid_indica,全国平均,2010,保险费,元,4.52,xls:2011/020202.xls
rice_mid_indica,全国平均,2010,修理维护费,元,1.66,xls:2011/020202.xls
rice_mid_indica,全国平均,2010,农家肥费,元,12.52,xls:2011/020202.xls
rice_mid_indica,全国平均,2010,农膜费,元,4.98,xls:2011/020202.xls
rice_mid_indica,全国平均,2010,农药费,元,28.55,xls:2011/020202.xls
rice_mid_indica,全国平均,2010,劳动日工价,元/日,31.3,xls:2011/020202.xls
rice_mid_indica,全国平均,2010,化肥费,元,89.52,xls:2011/020202.xls
rice_mid_indica,全国平均,2010,固定资产折旧,元,6.0,xls:2011/020202.xls
rice_mid_indica,全国平均,2010,土地成本,元,115.11,xls:2011/020201.xls
rice_mid_indica,全国平均,2010,家庭用工天数,日,9.21,xls:2011/020202.xls
rice_mid_indica,全国平均,2010,家庭用工折价,元,288.12,xls:2011/020201.xls
rice_mid_indica,全国平均,2010,工具材料费,元,3.74,xls:2011/020202.xls
rice_mid_indica,全国平均,2010,平均出售价格,元/50公斤,109.18,xls:2011/020201.xls
rice_mid_indica,全国平均,2010,总成本,元,750.4,xls:2011/020201.xls
rice_mid_indica,全国平均,2010,排灌费,元,15.16,xls:2011/020202.xls
rice_mid_indica,全国平均,2010,机械作业费,元,74.96,xls:2011/020202.xls
rice_mid_indica,全国平均,2010,每亩农膜用量,公斤,0.36,xls:2011/020202.xls
rice_mid_indica,全国平均,2010,每亩化肥折纯用量,公斤,18.93,xls:2011/020203.xls
rice_mid_indica,全国平均,2010,每亩化肥用量,公斤,18.93,xls:2011/020202.xls
rice_mid_indica,全国平均,2010,每亩用工数量,日,9.83,xls:2011/020201.xls
rice_mid_indica,全国平均,2010,每亩种子用量,公斤,1.04,xls:2011/020202.xls
rice_mid_indica,全国平均,2010,流转地租金,元,9.11,xls:2011/020201.xls
rice_mid_indica,全国平均,2010,燃料动力费,元,1.2,xls:2011/020202.xls
rice_mid_indica,全国平均,2010,物质与服务费用,元,309.17,xls:2011/020201.xls
rice_mid_indica,全国平均,2010,生产成本,元,635.29,xls:2011/020201.xls
rice_mid_indica,全国平均,2010,畜力费,元,25.36,xls:2011/020202.xls
rice_mid_indica,全国平均,2010,种子费,元,39.49,xls:2011/020202.xls
rice_mid_indica,全国平均,2010,自营地折租,元,106.0,xls:2011/020201.xls
rice_mid_indica,全国平均,2010,财务费,元,0.01,xls:2011/020202.xls
rice_mid_indica,全国平均,2010,销售费,元,1.5,xls:2011/020202.xls
rice_mid_indica,全国平均,2010,雇工天数,日,0.63,xls:2011/020202.xls
rice_mid_indica,全国平均,2010,雇工工价,元/日,60.8,xls:2011/020202.xls
rice_mid_indica,全国平均,2010,雇工费用,元,38.0,xls:2011/020201.xls
rice_mid_indica,全国平均,2011,主产品产值,元,1302.31,xls:2012/020201.xls
rice_mid_indica,全国平均,2011,主产品产量,公斤,501.38,xls:2012/020201.xls
rice_mid_indica,全国平均,2011,产值合计,元,1320.28,xls:2012/020201.xls
rice_mid_indica,全国平均,2011,人工成本,元,404.25,xls:2012/020201.xls
rice_mid_indica,全国平均,2011,保险费,元,5.9,xls:2012/020202.xls
rice_mid_indica,全国平均,2011,修理维护费,元,1.83,xls:2012/020202.xls
rice_mid_indica,全国平均,2011,其他直接费用,元,0.09,xls:2012/020202.xls
rice_mid_indica,全国平均,2011,农家肥费,元,11.92,xls:2012/020202.xls
rice_mid_indica,全国平均,2011,农膜费,元,5.21,xls:2012/020202.xls
rice_mid_indica,全国平均,2011,农药费,元,31.34,xls:2012/020202.xls
rice_mid_indica,全国平均,2011,劳动日工价,元/日,40.0,xls:2012/020202.xls
rice_mid_indica,全国平均,2011,化肥费,元,105.36,xls:2012/020202.xls
rice_mid_indica,全国平均,2011,固定资产折旧,元,6.63,xls:2012/020202.xls
rice_mid_indica,全国平均,2011,土地成本,元,127.15,xls:2012/020201.xls
rice_mid_indica,全国平均,2011,家庭用工天数,日,9.09,xls:2012/020202.xls
rice_mid_indica,全国平均,2011,家庭用工折价,元,363.72,xls:2012/020201.xls
rice_mid_indica,全国平均,2011,工具材料费,元,4.04,xls:2012/020202.xls
rice_mid_indica,全国平均,2011,平均出售价格,元/50公斤,129.87,xls:2012/020201.xls
rice_mid_indica,全国平均,2011,总成本,元,891.9,xls:2012/020201.xls
rice_mid_indica,全国平均,2011,排灌费,元,19.85,xls:2012/020202.xls
rice_mid_indica,全国平均,2011,机械作业费,元,89.8,xls:2012/020202.xls
rice_mid_indica,全国平均,2011,每亩农膜用量,公斤,0.36,xls:2012/020202.xls
rice_mid_indica,全国平均,2011,每亩化肥折纯用量,公斤,18.97,xls:2012/020203.xls
rice_mid_indica,全国平均,2011,每亩化肥用量,公斤,18.97,xls:2012/020202.xls
rice_mid_indica,全国平均,2011,每亩用工数量,日,9.66,xls:2012/020201.xls
rice_mid_indica,全国平均,2011,每亩种子用量,公斤,1.05,xls:2012/020202.xls
rice_mid_indica,全国平均,2011,流转地租金,元,11.1,xls:2012/020201.xls
rice_mid_indica,全国平均,2011,燃料动力费,元,2.36,xls:2012/020202.xls
rice_mid_indica,全国平均,2011,物质与服务费用,元,360.5,xls:2012/020201.xls
rice_mid_indica,全国平均,2011,生产成本,元,764.75,xls:2012/020201.xls
rice_mid_indica,全国平均,2011,畜力费,元,26.3,xls:2012/020202.xls
rice_mid_indica,全国平均,2011,种子费,元,48.81,xls:2012/020202.xls
rice_mid_indica,全国平均,2011,自营地折租,元,116.05,xls:2012/020201.xls
rice_mid_indica,全国平均,2011,销售费,元,1.06,xls:2012/020202.xls
rice_mid_indica,全国平均,2011,雇工天数,日,0.57,xls:2012/020202.xls
rice_mid_indica,全国平均,2011,雇工工价,元/日,71.73,xls:2012/020202.xls
rice_mid_indica,全国平均,2011,雇工费用,元,40.53,xls:2012/020201.xls
rice_mid_indica,全国平均,2012,主产品产值,元,1391.32,xls:2013/020201.xls
rice_mid_indica,全国平均,2012,主产品产量,公斤,515.8,xls:2013/020201.xls
rice_mid_indica,全国平均,2012,产值合计,元,1409.45,xls:2013/020201.xls
rice_mid_indica,全国平均,2012,人工成本,元,513.05,xls:2013/020201.xls
rice_mid_indica,全国平均,2012,保险费,元,7.22,xls:2013/020202.xls
rice_mid_indica,全国平均,2012,修理维护费,元,1.73,xls:2013/020202.xls
rice_mid_indica,全国平均,2012,其他直接费用,元,0.08,xls:2013/020202.xls
rice_mid_indica,全国平均,2012,农家肥费,元,10.27,xls:2013/020202.xls
rice_mid_indica,全国平均,2012,农膜费,元,5.75,xls:2013/020202.xls
rice_mid_indica,全国平均,2012,农药费,元,35.27,xls:2013/020202.xls
rice_mid_indica,全国平均,2012,劳动日工价,元/日,56.0,xls:2013/020202.xls
rice_mid_indica,全国平均,2012,化肥费,元,116.84,xls:2013/020202.xls
rice_mid_indica,全国平均,2012,固定资产折旧,元,6.8,xls:2013/020202.xls
rice_mid_indica,全国平均,2012,土地成本,元,135.39,xls:2013/020201.xls
rice_mid_indica,全国平均,2012,家庭用工天数,日,8.25,xls:2013/020202.xls
rice_mid_indica,全国平均,2012,家庭用工折价,元,462.0,xls:2013/020201.xls
rice_mid_indica,全国平均,2012,工具材料费,元,4.19,xls:2013/020202.xls
rice_mid_indica,全国平均,2012,平均出售价格,元/50公斤,134.87,xls:2013/020201.xls
rice_mid_indica,全国平均,2012,总成本,元,1043.13,xls:2013/020201.xls
rice_mid_indica,全国平均,2012,技术服务费,元,0.02,xls:2013/020202.xls
rice_mid_indica,全国平均,2012,排灌费,元,18.93,xls:2013/020202.xls
rice_mid_indica,全国平均,2012,机械作业费,元,101.87,xls:2013/020202.xls
rice_mid_indica,全国平均,2012,每亩农膜用量,公斤,0.38,xls:2013/020202.xls
rice_mid_indica,全国平均,2012,每亩化肥折纯用量,公斤,18.75,xls:2013/020203.xls
rice_mid_indica,全国平均,2012,每亩化肥用量,公斤,18.75,xls:2013/020202.xls
rice_mid_indica,全国平均,2012,每亩用工数量,日,8.84,xls:2013/020201.xls
rice_mid_indica,全国平均,2012,每亩种子用量,公斤,1.01,xls:2013/020202.xls
rice_mid_indica,全国平均,2012,流转地租金,元,12.97,xls:2013/020201.xls
rice_mid_indica,全国平均,2012,燃料动力费,元,2.91,xls:2013/020202.xls
rice_mid_indica,全国平均,2012,物质与服务费用,元,394.69,xls:2013/020201.xls
rice_mid_indica,全国平均,2012,生产成本,元,907.74,xls:2013/020201.xls
rice_mid_indica,全国平均,2012,畜力费,元,25.75,xls:2013/020202.xls
rice_mid_indica,全国平均,2012,种子费,元,55.91,xls:2013/020202.xls
rice_mid_indica,全国平均,2012,自营地折租,元,122.42,xls:2013/020201.xls
rice_mid_indica,全国平均,2012,财务费,元,0.01,xls:2013/020202.xls
rice_mid_indica,全国平均,2012,销售费,元,1.14,xls:2013/020202.xls
rice_mid_indica,全国平均,2012,雇工天数,日,0.59,xls:2013/020202.xls
rice_mid_indica,全国平均,2012,雇工工价,元/日,85.95,xls:2013/020202.xls
rice_mid_indica,全国平均,2012,雇工费用,元,51.05,xls:2013/020201.xls
rice_mid_indica,全国平均,2013,主产品产值,元,1301.15,xls:2014/020201a.xls
rice_mid_indica,全国平均,2013,主产品产量,公斤,495.27,xls:2014/020201a.xls
rice_mid_indica,全国平均,2013,产值合计,元,1318.57,xls:2014/020201a.xls
rice_mid_indica,全国平均,2013,人工成本,元,582.72,xls:2014/020201a.xls
rice_mid_indica,全国平均,2013,保险费,元,8.04,xls:2014/020202a.xls
rice_mid_indica,全国平均,2013,修理维护费,元,1.97,xls:2014/020202a.xls
rice_mid_indica,全国平均,2013,其他直接费用,元,0.09,xls:2014/020202a.xls
rice_mid_indica,全国平均,2013,农家肥费,元,9.9,xls:2014/020202a.xls
rice_mid_indica,全国平均,2013,农膜费,元,5.48,xls:2014/020202a.xls
rice_mid_indica,全国平均,2013,农药费,元,35.17,xls:2014/020202a.xls
rice_mid_indica,全国平均,2013,劳动日工价,元/日,68.0,xls:2014/020202a.xls
rice_mid_indica,全国平均,2013,化肥费,元,116.76,xls:2014/020202a.xls
rice_mid_indica,全国平均,2013,固定资产折旧,元,7.97,xls:2014/020202a.xls
rice_mid_indica,全国平均,2013,土地成本,元,148.36,xls:2014/020201a.xls
rice_mid_indica,全国平均,2013,家庭用工天数,日,7.65,xls:2014/020202a.xls
rice_mid_indica,全国平均,2013,家庭用工折价,元,520.2,xls:2014/020201a.xls
rice_mid_indica,全国平均,2013,工具材料费,元,4.28,xls:2014/020202a.xls
rice_mid_indica,全国平均,2013,平均出售价格,元/50公斤,131.36,xls:2014/020201a.xls
rice_mid_indica,全国平均,2013,总成本,元,1142.51,xls:2014/020201a.xls
rice_mid_indica,全国平均,2013,技术服务费,元,0.04,xls:2014/020202a.xls
rice_mid_indica,全国平均,2013,排灌费,元,21.58,xls:2014/020202a.xls
rice_mid_indica,全国平均,2013,机械作业费,元,115.42,xls:2014/020202a.xls
rice_mid_indica,全国平均,2013,每亩农膜用量,公斤,0.37,xls:2014/020202a.xls
rice_mid_indica,全国平均,2013,每亩化肥折纯用量,公斤,19.32,xls:2014/020203a.xls
rice_mid_indica,全国平均,2013,每亩化肥用量,公斤,19.32,xls:2014/020202a.xls
rice_mid_indica,全国平均,2013,每亩用工数量,日,8.28,xls:2014/020201a.xls
rice_mid_indica,全国平均,2013,每亩种子用量,公斤,1.0,xls:2014/020202a.xls
rice_mid_indica,全国平均,2013,流转地租金,元,17.91,xls:2014/020201a.xls
rice_mid_indica,全国平均,2013,燃料动力费,元,4.48,xls:2014/020202a.xls
rice_mid_indica,全国平均,2013,物质与服务费用,元,411.43,xls:2014/020201a.xls
rice_mid_indica,全国平均,2013,生产成本,元,994.15,xls:2014/020201a.xls
rice_mid_indica,全国平均,2013,畜力费,元,21.03,xls:2014/020202a.xls
rice_mid_indica,全国平均,2013,种子费,元,58.16,xls:2014/020202a.xls
rice_mid_indica,全国平均,2013,自营地折租,元,130.45,xls:2014/020201a.xls
rice_mid_indica,全国平均,2013,销售费,元,1.06,xls:2014/020202a.xls
rice_mid_indica,全国平均,2013,雇工天数,日,0.63,xls:2014/020202a.xls
rice_mid_indica,全国平均,2013,雇工工价,元/日,98.77,xls:2014/020202a.xls
rice_mid_indica,全国平均,2013,雇工费用,元,62.52,xls:2014/020201a.xls
rice_mid_indica,全国平均,2014,主产品产值,元,1372.47,xls:2015/0202-01.xls
rice_mid_indica,全国平均,2014,主产品产量,公斤,516.36,xls:2015/0202-01.xls
rice_mid_indica,全国平均,2014,产值合计,元,1388.42,xls:2015/0202-01.xls
rice_mid_indica,全国平均,2014,人工成本,元,611.2,xls:2015/0202-01.xls
rice_mid_indica,全国平均,2014,保险费,元,8.02,xls:2015/0202-02.xls
rice_mid_indica,全国平均,2014,修理维护费,元,1.88,xls:2015/0202-02.xls
rice_mid_indica,全国平均,2014,其他直接费用,元,0.06,xls:2015/0202-02.xls
rice_mid_indica,全国平均,2014,农家肥费,元,9.27,xls:2015/0202-02.xls
rice_mid_indica,全国平均,2014,农膜费,元,5.54,xls:2015/0202-02.xls
rice_mid_indica,全国平均,2014,农药费,元,37.13,xls:2015/0202-02.xls
rice_mid_indica,全国平均,2014,劳动日工价,元/日,74.4,xls:2015/0202-02.xls
rice_mid_indica,全国平均,2014,化肥费,元,110.24,xls:2015/0202-02.xls
rice_mid_indica,全国平均,2014,固定资产折旧,元,7.4,xls:2015/0202-02.xls
rice_mid_indica,全国平均,2014,土地成本,元,161.75,xls:2015/0202-01.xls
rice_mid_indica,全国平均,2014,家庭用工天数,日,7.4,xls:2015/0202-02.xls
rice_mid_indica,全国平均,2014,家庭用工折价,元,550.78,xls:2015/0202-01.xls
rice_mid_indica,全国平均,2014,工具材料费,元,4.33,xls:2015/0202-02.xls
rice_mid_indica,全国平均,2014,平均出售价格,元/50公斤,132.9,xls:2015/0202-01.xls
rice_mid_indica,全国平均,2014,总成本,元,1191.12,xls:2015/0202-01.xls
rice_mid_indica,全国平均,2014,排灌费,元,16.77,xls:2015/0202-02.xls
rice_mid_indica,全国平均,2014,机械作业费,元,130.42,xls:2015/0202-02.xls
rice_mid_indica,全国平均,2014,每亩农膜用量,公斤,0.37,xls:2015/0202-02.xls
rice_mid_indica,全国平均,2014,每亩化肥折纯用量,公斤,19.77,xls:2015/0202-03.xls
rice_mid_indica,全国平均,2014,每亩化肥用量,公斤,19.77,xls:2015/0202-02.xls
rice_mid_indica,全国平均,2014,每亩用工数量,日,7.98,xls:2015/0202-01.xls
rice_mid_indica,全国平均,2014,每亩种子用量,公斤,1.02,xls:2015/0202-02.xls
rice_mid_indica,全国平均,2014,流转地租金,元,20.51,xls:2015/0202-01.xls
rice_mid_indica,全国平均,2014,燃料动力费,元,3.66,xls:2015/0202-02.xls
rice_mid_indica,全国平均,2014,物质与服务费用,元,418.17,xls:2015/0202-01.xls
rice_mid_indica,全国平均,2014,生产成本,元,1029.37,xls:2015/0202-01.xls
rice_mid_indica,全国平均,2014,畜力费,元,19.75,xls:2015/0202-02.xls
rice_mid_indica,全国平均,2014,种子费,元,62.59,xls:2015/0202-02.xls
rice_mid_indica,全国平均,2014,管理费,元,0.02,xls:2015/0202-02.xls
rice_mid_indica,全国平均,2014,自营地折租,元,141.24,xls:2015/0202-01.xls
rice_mid_indica,全国平均,2014,销售费,元,1.09,xls:2015/0202-02.xls
rice_mid_indica,全国平均,2014,雇工天数,日,0.58,xls:2015/0202-02.xls
rice_mid_indica,全国平均,2014,雇工工价,元/日,105.09,xls:2015/0202-02.xls
rice_mid_indica,全国平均,2014,雇工费用,元,60.42,xls:2015/0202-01.xls
rice_mid_indica,全国平均,2015,主产品产值,元,1424.28,xls:2016/2-02-1a.xls
rice_mid_indica,全国平均,2015,主产品产量,公斤,547.45,xls:2016/2-02-1a.xls
rice_mid_indica,全国平均,2015,产值合计,元,1442.6,xls:2016/2-02-1a.xls
rice_mid_indica,全国平均,2015,人工成本,元,620.0,xls:2016/2-02-1a.xls
rice_mid_indica,全国平均,2015,保险费,元,9.03,xls:2016/2-02-2a.xls
rice_mid_indica,全国平均,2015,修理维护费,元,1.82,xls:2016/2-02-2a.xls
rice_mid_indica,全国平均,2015,其他直接费用,元,0.19,xls:2016/2-02-2a.xls
rice_mid_indica,全国平均,2015,农家肥费,元,11.0,xls:2016/2-02-2a.xls
rice_mid_indica,全国平均,2015,农膜费,元,5.56,xls:2016/2-02-2a.xls
rice_mid_indica,全国平均,2015,农药费,元,38.67,xls:2016/2-02-2a.xls
rice_mid_indica,全国平均,2015,劳动日工价,元/日,78.0,xls:2016/2-02-2a.xls
rice_mid_indica,全国平均,2015,化肥费,元,110.4,xls:2016/2-02-2a.xls
rice_mid_indica,全国平均,2015,固定资产折旧,元,8.49,xls:2016/2-02-2a.xls
rice_mid_indica,全国平均,2015,土地成本,元,169.87,xls:2016/2-02-1a.xls
rice_mid_indica,全国平均,2015,家庭用工天数,日,7.09,xls:2016/2-02-2a.xls
rice_mid_indica,全国平均,2015,家庭用工折价,元,553.25,xls:2016/2-02-1a.xls
rice_mid_indica,全国平均,2015,工具材料费,元,4.66,xls:2016/2-02-2a.xls
rice_mid_indica,全国平均,2015,平均出售价格,元/50公斤,130.08,xls:2016/2-02-1a.xls
rice_mid_indica,全国平均,2015,总成本,元,1215.4,xls:2016/2-02-1a.xls
rice_mid_indica,全国平均,2015,排灌费,元,15.72,xls:2016/2-02-2a.xls
rice_mid_indica,全国平均,2015,机械作业费,元,132.34,xls:2016/2-02-2a.xls
rice_mid_indica,全国平均,2015,每亩农膜用量,公斤,0.38,xls:2016/2-02-2a.xls
rice_mid_indica,全国平均,2015,每亩化肥折纯用量,公斤,20.06,xls:2016/2-02-3a.xls
rice_mid_indica,全国平均,2015,每亩化肥用量,公斤,20.06,xls:2016/2-02-2a.xls
rice_mid_indica,全国平均,2015,每亩用工数量,日,7.68,xls:2016/2-02-1a.xls
rice_mid_indica,全国平均,2015,每亩种子用量,公斤,1.07,xls:2016/2-02-2a.xls
rice_mid_indica,全国平均,2015,流转地租金,元,23.29,xls:2016/2-02-1a.xls
rice_mid_indica,全国平均,2015,燃料动力费,元,4.07,xls:2016/2-02-2a.xls
rice_mid_indica,全国平均,2015,物质与服务费用,元,425.53,xls:2016/2-02-1a.xls
rice_mid_indica,全国平均,2015,生产成本,元,1045.53,xls:2016/2-02-1a.xls
rice_mid_indica,全国平均,2015,畜力费,元,17.41,xls:2016/2-02-2a.xls
rice_mid_indica,全国平均,2015,种子费,元,64.67,xls:2016/2-02-2a.xls
rice_mid_indica,全国平均,2015,管理费,元,0.02,xls:2016/2-02-2a.xls
rice_mid_indica,全国平均,2015,自营地折租,元,146.58,xls:2016/2-02-1a.xls
rice_mid_indica,全国平均,2015,销售费,元,1.48,xls:2016/2-02-2a.xls
rice_mid_indica,全国平均,2015,雇工天数,日,0.59,xls:2016/2-02-2a.xls
rice_mid_indica,全国平均,2015,雇工工价,元/日,113.72,xls:2016/2-02-2a.xls
rice_mid_indica,全国平均,2015,雇工费用,元,66.75,xls:2016/2-02-1a.xls
rice_mid_indica,全国平均,2016,主产品产值,元,1371.53,xls:2017/2-02-1a.xls
rice_mid_indica,全国平均,2016,主产品产量,公斤,526.81,xls:2017/2-02-1a.xls
rice_mid_indica,全国平均,2016,产值合计,元,1390.64,xls:2017/2-02-1a.xls
rice_mid_indica,全国平均,2016,人工成本,元,602.5978,xls:2017/2-02-1a.xls
rice_mid_indica,全国平均,2016,保险费,元,9.26,xls:2017/2-02-2a.xls
rice_mid_indica,全国平均,2016,修理维护费,元,1.78,xls:2017/2-02-2a.xls
rice_mid_indica,全国平均,2016,其他直接费用,元,0.04,xls:2017/2-02-2a.xls
rice_mid_indica,全国平均,2016,农家肥费,元,11.04,xls:2017/2-02-2a.xls
rice_mid_indica,全国平均,2016,农膜费,元,5.48,xls:2017/2-02-2a.xls
rice_mid_indica,全国平均,2016,农药费,元,38.44,xls:2017/2-02-2a.xls
rice_mid_indica,全国平均,2016,劳动日工价,元/日,81.4,xls:2017/2-02-2a.xls
rice_mid_indica,全国平均,2016,化肥费,元,109.8,xls:2017/2-02-2a.xls
rice_mid_indica,全国平均,2016,固定资产折旧,元,8.97,xls:2017/2-02-2a.xls
rice_mid_indica,全国平均,2016,土地成本,元,176.42,xls:2017/2-02-1a.xls
rice_mid_indica,全国平均,2016,家庭用工天数,日,6.627,xls:2017/2-02-2a.xls
rice_mid_indica,全国平均,2016,家庭用工折价,元,539.4378,xls:2017/2-02-1a.xls
rice_mid_indica,全国平均,2016,工具材料费,元,4.34,xls:2017/2-02-2a.xls
rice_mid_indica,全国平均,2016,平均出售价格,元/50公斤,130.17,xls:2017/2-02-1a.xls
rice_mid_indica,全国平均,2016,总成本,元,1208.9578,xls:2017/2-02-1a.xls
rice_mid_indica,全国平均,2016,技术服务费,元,0.0,xls:2017/2-02-2a.xls
rice_mid_indica,全国平均,2016,排灌费,元,16.56,xls:2017/2-02-2a.xls
rice_mid_indica,全国平均,2016,机械作业费,元,138.78,xls:2017/2-02-2a.xls
rice_mid_indica,全国平均,2016,每亩农膜用量,公斤,0.38,xls:2017/2-02-2a.xls
rice_mid_indica,全国平均,2016,每亩化肥折纯用量,公斤,20.5,xls:2017/2-02-3a.xls
rice_mid_indica,全国平均,2016,每亩化肥用量,公斤,20.5,xls:2017/2-02-2a.xls
rice_mid_indica,全国平均,2016,每亩用工数量,日,7.17,xls:2017/2-02-1a.xls
rice_mid_indica,全国平均,2016,每亩种子用量,公斤,1.05,xls:2017/2-02-2a.xls
rice_mid_indica,全国平均,2016,流转地租金,元,26.42,xls:2017/2-02-1a.xls
rice_mid_indica,全国平均,2016,燃料动力费,元,4.34,xls:2017/2-02-2a.xls
rice_mid_indica,全国平均,2016,物质与服务费用,元,429.94,xls:2017/2-02-1a.xls
rice_mid_indica,全国平均,2016,生产成本,元,1032.5378,xls:2017/2-02-1a.xls
rice_mid_indica,全国平均,2016,畜力费,元,13.68,xls:2017/2-02-2a.xls
rice_mid_indica,全国平均,2016,种子费,元,66.1,xls:2017/2-02-2a.xls
rice_mid_indica,全国平均,2016,管理费,元,0.02,xls:2017/2-02-2a.xls
rice_mid_indica,全国平均,2016,自营地折租,元,150.0,xls:2017/2-02-1a.xls
rice_mid_indica,全国平均,2016,财务费,元,0.01,xls:2017/2-02-2a.xls
rice_mid_indica,全国平均,2016,销售费,元,1.3,xls:2017/2-02-2a.xls
rice_mid_indica,全国平均,2016,雇工天数,日,0.54,xls:2017/2-02-2a.xls
rice_mid_indica,全国平均,2016,雇工工价,元/日,116.963,xls:2017/2-02-2a.xls
rice_mid_indica,全国平均,2016,雇工费用,元,63.16,xls:2017/2-02-1a.xls
rice_mid_indica,全国平均,2017,主产品产值,元,1364.08,xls:2018/2-2-1 2017年各地区中籼稻成本收益情况.xls
rice_mid_indica,全国平均,2017,主产品产量,公斤,522.26,xls:2018/2-2-1 2017年各地区中籼稻成本收益情况.xls
rice_mid_indica,全国平均,2017,产值合计,元,1382.17,xls:2018/2-2-1 2017年各地区中籼稻成本收益情况.xls
rice_mid_indica,全国平均,2017,人工成本,元,598.3852,xls:2018/2-2-1 2017年各地区中籼稻成本收益情况.xls
rice_mid_indica,全国平均,2017,保险费,元,11.33,xls:2018/2-2-2 2017年各地区中籼稻费用和用工情况.xls
rice_mid_indica,全国平均,2017,修理维护费,元,1.8,xls:2018/2-2-2 2017年各地区中籼稻费用和用工情况.xls
rice_mid_indica,全国平均,2017,其他直接费用,元,0.03,xls:2018/2-2-2 2017年各地区中籼稻费用和用工情况.xls
rice_mid_indica,全国平均,2017,农家肥费,元,11.82,xls:2018/2-2-2 2017年各地区中籼稻费用和用工情况.xls
rice_mid_indica,全国平均,2017,农膜费,元,5.27,xls:2018/2-2-2 2017年各地区中籼稻费用和用工情况.xls
rice_mid_indica,全国平均,2017,农药费,元,38.9,xls:2018/2-2-2 2017年各地区中籼稻费用和用工情况.xls
rice_mid_indica,全国平均,2017,劳动日工价,元/日,83.1,xls:2018/2-2-2 2017年各地区中籼稻费用和用工情况.xls
rice_mid_indica,全国平均,2017,化肥费,元,112.46,xls:2018/2-2-2 2017年各地区中籼稻费用和用工情况.xls
rice_mid_indica,全国平均,2017,固定资产折旧,元,8.87,xls:2018/2-2-2 2017年各地区中籼稻费用和用工情况.xls
rice_mid_indica,全国平均,2017,土地成本,元,180.83,xls:2018/2-2-1 2017年各地区中籼稻成本收益情况.xls
rice_mid_indica,全国平均,2017,家庭用工天数,日,6.392,xls:2018/2-2-2 2017年各地区中籼稻费用和用工情况.xls
rice_mid_indica,全国平均,2017,家庭用工折价,元,531.1752,xls:2018/2-2-1 2017年各地区中籼稻成本收益情况.xls
rice_mid_indica,全国平均,2017,工具材料费,元,4.66,xls:2018/2-2-2 2017年各地区中籼稻费用和用工情况.xls
rice_mid_indica,全国平均,2017,平均出售价格,元/50公斤,130.59,xls:2018/2-2-1 2017年各地区中籼稻成本收益情况.xls
rice_mid_indica,全国平均,2017,总成本,元,1230.6452,xls:2018/2-2-1 2017年各地区中籼稻成本收益情况.xls
rice_mid_indica,全国平均,2017,技术服务费,元,0.0,xls:2018/2-2-2 2017年各地区中籼稻费用和用工情况.xls
rice_mid_indica,全国平均,2017,排灌费,元,15.68,xls:2018/2-2-2 2017年各地区中籼稻费用和用工情况.xls
rice_mid_indica,全国平均,2017,机械作业费,元,149.31,xls:2018/2-2-2 2017年各地区中籼稻费用和用工情况.xls
rice_mid_indica,全国平均,2017,每亩农膜用量,公斤,0.36,xls:2018/2-2-2 2017年各地区中籼稻费用和用工情况.xls
rice_mid_indica,全国平均,2017,每亩化肥折纯用量,公斤,20.3,xls:2018/2-2-3 2017年各地区中籼稻化肥投入情况.xls
rice_mid_indica,全国平均,2017,每亩化肥用量,公斤,20.3,xls:2018/2-2-2 2017年各地区中籼稻费用和用工情况.xls
rice_mid_indica,全国平均,2017,每亩用工数量,日,6.93,xls:2018/2-2-1 2017年各地区中籼稻成本收益情况.xls
rice_mid_indica,全国平均,2017,每亩种子用量,公斤,1.05,xls:2018/2-2-2 2017年各地区中籼稻费用和用工情况.xls
rice_mid_indica,全国平均,2017,流转地租金,元,26.34,xls:2018/2-2-1 2017年各地区中籼稻成本收益情况.xls
rice_mid_indica,全国平均,2017,燃料动力费,元,6.35,xls:2018/2-2-2 2017年各地区中籼稻费用和用工情况.xls
rice_mid_indica,全国平均,2017,物质与服务费用,元,451.43,xls:2018/2-2-1 2017年各地区中籼稻成本收益情况.xls
rice_mid_indica,全国平均,2017,生产成本,元,1049.8152,xls:2018/2-2-1 2017年各地区中籼稻成本收益情况.xls
rice_mid_indica,全国平均,2017,畜力费,元,11.4,xls:2018/2-2-2 2017年各地区中籼稻费用和用工情况.xls
rice_mid_indica,全国平均,2017,种子费,元,71.91,xls:2018/2-2-2 2017年各地区中籼稻费用和用工情况.xls
rice_mid_indica,全国平均,2017,管理费,元,0.0,xls:2018/2-2-2 2017年各地区中籼稻费用和用工情况.xls
rice_mid_indica,全国平均,2017,自营地折租,元,154.49,xls:2018/2-2-1 2017年各地区中籼稻成本收益情况.xls
rice_mid_indica,全国平均,2017,财务费,元,0.0,xls:2018/2-2-2 2017年各地区中籼稻费用和用工情况.xls
rice_mid_indica,全国平均,2017,销售费,元,1.64,xls:2018/2-2-2 2017年各地区中籼稻费用和用工情况.xls
rice_mid_indica,全国平均,2017,雇工天数,日,0.54,xls:2018/2-2-2 2017年各地区中籼稻费用和用工情况.xls
rice_mid_indica,全国平均,2017,雇工工价,元/日,124.463,xls:2018/2-2-2 2017年各地区中籼稻费用和用工情况.xls
rice_mid_indica,全国平均,2017,雇工费用,元,67.21,xls:2018/2-2-1 2017年各地区中籼稻成本收益情况.xls
rice_mid_indica,全国平均,2018,主产品产值,元,1336.22,xls:2019/2-2-1 2018年各地区中籼稻成本收益情况.xls
rice_mid_indica,全国平均,2018,主产品产量,公斤,540.6,xls:2019/2-2-1 2018年各地区中籼稻成本收益情况.xls
rice_mid_indica,全国平均,2018,产值合计,元,1354.73,xls:2019/2-2-1 2018年各地区中籼稻成本收益情况.xls
rice_mid_indica,全国平均,2018,人工成本,元,586.72807,xls:2019/2-2-1 2018年各地区中籼稻成本收益情况.xls
rice_mid_indica,全国平均,2018,保险费,元,12.19,xls:2019/2-2-2 2018年各地区中籼稻费用和用工情况.xls
rice_mid_indica,全国平均,2018,修理维护费,元,2.02,xls:2019/2-2-2 2018年各地区中籼稻费用和用工情况.xls
rice_mid_indica,全国平均,2018,其他直接费用,元,0.0,xls:2019/2-2-2 2018年各地区中籼稻费用和用工情况.xls
rice_mid_indica,全国平均,2018,农家肥费,元,11.02,xls:2019/2-2-2 2018年各地区中籼稻费用和用工情况.xls
rice_mid_indica,全国平均,2018,农膜费,元,4.98,xls:2019/2-2-2 2018年各地区中籼稻费用和用工情况.xls
rice_mid_indica,全国平均,2018,农药费,元,38.73,xls:2019/2-2-2 2018年各地区中籼稻费用和用工情况.xls
rice_mid_indica,全国平均,2018,劳动日工价,元/日,84.89,xls:2019/2-2-2 2018年各地区中籼稻费用和用工情况.xls
rice_mid_indica,全国平均,2018,化肥费,元,121.77,xls:2019/2-2-2 2018年各地区中籼稻费用和用工情况.xls
rice_mid_indica,全国平均,2018,固定资产折旧,元,9.02,xls:2019/2-2-2 2018年各地区中籼稻费用和用工情况.xls
rice_mid_indica,全国平均,2018,土地成本,元,183.82,xls:2019/2-2-1 2018年各地区中籼稻成本收益情况.xls
rice_mid_indica,全国平均,2018,家庭用工天数,日,6.063,xls:2019/2-2-2 2018年各地区中籼稻费用和用工情况.xls
rice_mid_indica,全国平均,2018,家庭用工折价,元,514.68807,xls:2019/2-2-1 2018年各地区中籼稻成本收益情况.xls
rice_mid_indica,全国平均,2018,工具材料费,元,4.32,xls:2019/2-2-2 2018年各地区中籼稻费用和用工情况.xls
rice_mid_indica,全国平均,2018,平均出售价格,元/50公斤,123.59,xls:2019/2-2-1 2018年各地区中籼稻成本收益情况.xls
rice_mid_indica,全国平均,2018,总成本,元,1234.44807,xls:2019/2-2-1 2018年各地区中籼稻成本收益情况.xls
rice_mid_indica,全国平均,2018,技术服务费,元,0.0,xls:2019/2-2-2 2018年各地区中籼稻费用和用工情况.xls
rice_mid_indica,全国平均,2018,排灌费,元,16.33,xls:2019/2-2-2 2018年各地区中籼稻费用和用工情况.xls
rice_mid_indica,全国平均,2018,机械作业费,元,150.47,xls:2019/2-2-2 2018年各地区中籼稻费用和用工情况.xls
rice_mid_indica,全国平均,2018,每亩农膜用量,公斤,0.34,xls:2019/2-2-2 2018年各地区中籼稻费用和用工情况.xls
rice_mid_indica,全国平均,2018,每亩化肥折纯用量,公斤,20.53,xls:2019/2-2-3 2018年各地区中籼稻化肥投入情况.xls
rice_mid_indica,全国平均,2018,每亩化肥用量,公斤,20.53,xls:2019/2-2-2 2018年各地区中籼稻费用和用工情况.xls
rice_mid_indica,全国平均,2018,每亩用工数量,日,6.61,xls:2019/2-2-1 2018年各地区中籼稻成本收益情况.xls
rice_mid_indica,全国平均,2018,每亩种子用量,公斤,1.07,xls:2019/2-2-2 2018年各地区中籼稻费用和用工情况.xls
rice_mid_indica,全国平均,2018,流转地租金,元,30.12,xls:2019/2-2-1 2018年各地区中籼稻成本收益情况.xls
rice_mid_indica,全国平均,2018,燃料动力费,元,6.68,xls:2019/2-2-2 2018年各地区中籼稻费用和用工情况.xls
rice_mid_indica,全国平均,2018,物质与服务费用,元,463.9,xls:2019/2-2-1 2018年各地区中籼稻成本收益情况.xls
rice_mid_indica,全国平均,2018,生产成本,元,1050.62807,xls:2019/2-2-1 2018年各地区中籼稻成本收益情况.xls
rice_mid_indica,全国平均,2018,畜力费,元,9.17,xls:2019/2-2-2 2018年各地区中籼稻费用和用工情况.xls
rice_mid_indica,全国平均,2018,种子费,元,75.44,xls:2019/2-2-2 2018年各地区中籼稻费用和用工情况.xls
rice_mid_indica,全国平均,2018,管理费,元,0.02,xls:2019/2-2-2 2018年各地区中籼稻费用和用工情况.xls
rice_mid_indica,全国平均,2018,自营地折租,元,153.7,xls:2019/2-2-1 2018年各地区中籼稻成本收益情况.xls
rice_mid_indica,全国平均,2018,财务费,元,0.0,xls:2019/2-2-2 2018年各地区中籼稻费用和用工情况.xls
rice_mid_indica,全国平均,2018,销售费,元,1.74,xls:2019/2-2-2 2018年各地区中籼稻费用和用工情况.xls
rice_mid_indica,全国平均,2018,雇工天数,日,0.55,xls:2019/2-2-2 2018年各地区中籼稻费用和用工情况.xls
rice_mid_indica,全国平均,2018,雇工工价,元/日,130.982,xls:2019/2-2-2 2018年各地区中籼稻费用和用工情况.xls
rice_mid_indica,全国平均,2018,雇工费用,元,72.04,xls:2019/2-2-1 2018年各地区中籼稻成本收益情况.xls
rice_mid_indica,全国平均,2024,主产品产值,元,1377.19,xls:2025/2-2-1 2024年各地区中籼稻成本收益情况.xlsx
rice_mid_indica,全国平均,2024,主产品产量,公斤,518.05,xls:2025/2-2-1 2024年各地区中籼稻成本收益情况.xlsx
rice_mid_indica,全国平均,2024,产值合计,元,1390.5,xls:2025/2-2-1 2024年各地区中籼稻成本收益情况.xlsx
rice_mid_indica,全国平均,2024,人工成本,元,525.85,xls:2025/2-2-1 2024年各地区中籼稻成本收益情况.xlsx
rice_mid_indica,全国平均,2024,保险费,元,34.42,xls:2025/2-2-2 2024年各地区中籼稻费用和用工情况.xlsx
rice_mid_indica,全国平均,2024,修理维护费,元,2.26,xls:2025/2-2-2 2024年各地区中籼稻费用和用工情况.xlsx
rice_mid_indica,全国平均,2024,其他直接费用,元,0.06,xls:2025/2-2-2 2024年各地区中籼稻费用和用工情况.xlsx
rice_mid_indica,全国平均,2024,农家肥费,元,9.69,xls:2025/2-2-2 2024年各地区中籼稻费用和用工情况.xlsx
rice_mid_indica,全国平均,2024,农膜费,元,3.4,xls:2025/2-2-2 2024年各地区中籼稻费用和用工情况.xlsx
rice_mid_indica,全国平均,2024,农药费,元,56.55,xls:2025/2-2-2 2024年各地区中籼稻费用和用工情况.xlsx
rice_mid_indica,全国平均,2024,劳动日工价,元/日,99.92,xls:2025/2-2-2 2024年各地区中籼稻费用和用工情况.xlsx
rice_mid_indica,全国平均,2024,化肥费,元,153.38,xls:2025/2-2-2 2024年各地区中籼稻费用和用工情况.xlsx
rice_mid_indica,全国平均,2024,固定资产折旧,元,9.37,xls:2025/2-2-2 2024年各地区中籼稻费用和用工情况.xlsx
rice_mid_indica,全国平均,2024,土地成本,元,209.23,xls:2025/2-2-1 2024年各地区中籼稻成本收益情况.xlsx
rice_mid_indica,全国平均,2024,家庭用工天数,日,4.45,xls:2025/2-2-2 2024年各地区中籼稻费用和用工情况.xlsx
rice_mid_indica,全国平均,2024,家庭用工折价,元,444.74,xls:2025/2-2-1 2024年各地区中籼稻成本收益情况.xlsx
rice_mid_indica,全国平均,2024,工具材料费,元,4.66,xls:2025/2-2-2 2024年各地区中籼稻费用和用工情况.xlsx
rice_mid_indica,全国平均,2024,平均出售价格,元/50公斤,132.92,xls:2025/2-2-1 2024年各地区中籼稻成本收益情况.xlsx
rice_mid_indica,全国平均,2024,总成本,元,1325.36,xls:2025/2-2-1 2024年各地区中籼稻成本收益情况.xlsx
rice_mid_indica,全国平均,2024,技术服务费,元,0.05,xls:2025/2-2-2 2024年各地区中籼稻费用和用工情况.xlsx
rice_mid_indica,全国平均,2024,排灌费,元,18.95,xls:2025/2-2-2 2024年各地区中籼稻费用和用工情况.xlsx
rice_mid_indica,全国平均,2024,机械作业费,元,195.53,xls:2025/2-2-2 2024年各地区中籼稻费用和用工情况.xlsx
rice_mid_indica,全国平均,2024,每亩农膜用量,公斤,0.24,xls:2025/2-2-2 2024年各地区中籼稻费用和用工情况.xlsx
rice_mid_indica,全国平均,2024,每亩化肥折纯用量,公斤,21.62,xls:2025/2-2-3 2024年各地区中籼稻化肥投入情况.xlsx
rice_mid_indica,全国平均,2024,每亩化肥用量,公斤,21.62,xls:2025/2-2-2 2024年各地区中籼稻费用和用工情况.xlsx
rice_mid_indica,全国平均,2024,每亩用工数量,日,4.94,xls:2025/2-2-1 2024年各地区中籼稻成本收益情况.xlsx
rice_mid_indica,全国平均,2024,每亩种子用量,公斤,1.35,xls:2025/2-2-2 2024年各地区中籼稻费用和用工情况.xlsx
rice_mid_indica,全国平均,2024,流转地租金,元,43.32,xls:2025/2-2-1 2024年各地区中籼稻成本收益情况.xlsx
rice_mid_indica,全国平均,2024,燃料动力费,元,6.83,xls:2025/2-2-2 2024年各地区中籼稻费用和用工情况.xlsx
rice_mid_indica,全国平均,2024,物质与服务费用,元,590.28,xls:2025/2-2-1 2024年各地区中籼稻成本收益情况.xlsx
rice_mid_indica,全国平均,2024,生产成本,元,1116.13,xls:2025/2-2-1 2024年各地区中籼稻成本收益情况.xlsx
rice_mid_indica,全国平均,2024,畜力费,元,1.91,xls:2025/2-2-2 2024年各地区中籼稻费用和用工情况.xlsx
rice_mid_indica,全国平均,2024,种子费,元,90.51,xls:2025/2-2-2 2024年各地区中籼稻费用和用工情况.xlsx
rice_mid_indica,全国平均,2024,管理费,元,0.39,xls:2025/2-2-2 2024年各地区中籼稻费用和用工情况.xlsx
rice_mid_indica,全国平均,2024,自营地折租,元,165.91,xls:2025/2-2-1 2024年各地区中籼稻成本收益情况.xlsx
rice_mid_indica,全国平均,2024,财务费,元,0.01,xls:2025/2-2-2 2024年各地区中籼稻费用和用工情况.xlsx
rice_mid_indica,全国平均,2024,销售费,元,2.31,xls:2025/2-2-2 2024年各地区中籼稻费用和用工情况.xlsx
rice_mid_indica,全国平均,2024,雇工天数,日,0.49,xls:2025/2-2-2 2024年各地区中籼稻费用和用工情况.xlsx
rice_mid_indica,全国平均,2024,雇工工价,元/日,166.89,xls:2025/2-2-2 2024年各地区中籼稻费用和用工情况.xlsx
rice_mid_indica,全国平均,2024,雇工费用,元,81.11,xls:2025/2-2-1 2024年各地区中籼稻成本收益情况.xlsx
soybean,全国平均,2006,主产品产值,元,322.95,xls:2007/2-09-1.xls
soybean,全国平均,2006,主产品产量,公斤,128.4,xls:2007/2-09-1.xls
soybean,全国平均,2006,产值合计,元,335.37,xls:2007/2-09-1.xls
soybean,全国平均,2006,人工成本,元,81.87,xls:2007/2-09-1.xls
soybean,全国平均,2006,保险费,元,0.01,xls:2007/2-09-2.xls
soybean,全国平均,2006,修理维护费,元,1.21,xls:2007/2-09-2.xls
soybean,全国平均,2006,其他直接费用,元,0.09,xls:2007/2-09-2.xls
soybean,全国平均,2006,农家肥费,元,1.47,xls:2007/2-09-2.xls
soybean,全国平均,2006,农膜费,元,0.04,xls:2007/2-09-2.xls
soybean,全国平均,2006,农药费,元,7.43,xls:2007/2-09-2.xls
soybean,全国平均,2006,劳动日工价,元/日,16.9,xls:2007/2-09-2.xls
soybean,全国平均,2006,化肥费,元,35.49,xls:2007/2-09-2.xls
soybean,全国平均,2006,固定资产折旧,元,3.33,xls:2007/2-09-2.xls
soybean,全国平均,2006,土地成本,元,75.95,xls:2007/2-09-1.xls
soybean,全国平均,2006,家庭用工天数,日,4.39,xls:2007/2-09-2.xls
soybean,全国平均,2006,家庭用工折价,元,74.19,xls:2007/2-09-1.xls
soybean,全国平均,2006,工具材料费,元,1.5,xls:2007/2-09-2.xls
soybean,全国平均,2006,平均出售价格,元/50公斤,125.76,xls:2007/2-09-1.xls
soybean,全国平均,2006,总成本,元,267.53,xls:2007/2-09-1.xls
soybean,全国平均,2006,技术服务费,元,0.07,xls:2007/2-09-2.xls
soybean,全国平均,2006,排灌费,元,1.8,xls:2007/2-09-2.xls
soybean,全国平均,2006,机械作业费,元,31.07,xls:2007/2-09-2.xls
soybean,全国平均,2006,每亩化肥折纯用量,公斤,7.49,xls:2007/2-09-3.xls
soybean,全国平均,2006,每亩化肥用量,公斤,7.49,xls:2007/2-09-2.xls
soybean,全国平均,2006,每亩用工数量,日,4.65,xls:2007/2-09-1.xls
soybean,全国平均,2006,每亩种子用量,公斤,5.46,xls:2007/2-09-2.xls
soybean,全国平均,2006,流转地租金,元,10.58,xls:2007/2-09-1.xls
soybean,全国平均,2006,物质与服务费用,元,109.71,xls:2007/2-09-1.xls
soybean,全国平均,2006,生产成本,元,191.58,xls:2007/2-09-1.xls
soybean,全国平均,2006,畜力费,元,3.72,xls:2007/2-09-2.xls
soybean,全国平均,2006,种子费,元,20.84,xls:2007/2-09-2.xls
soybean,全国平均,2006,管理费,元,0.26,xls:2007/2-09-2.xls
soybean,全国平均,2006,自营地折租,元,65.37,xls:2007/2-09-1.xls
soybean,全国平均,2006,财务费,元,0.23,xls:2007/2-09-2.xls
soybean,全国平均,2006,销售费,元,1.15,xls:2007/2-09-2.xls
soybean,全国平均,2006,雇工天数,日,0.26,xls:2007/2-09-2.xls
soybean,全国平均,2006,雇工工价,元/日,29.54,xls:2007/2-09-2.xls
soybean,全国平均,2006,雇工费用,元,7.68,xls:2007/2-09-1.xls
soybean,全国平均,2007,主产品产值,元,455.92,xls:2008/2-09-1.xls
soybean,全国平均,2007,主产品产量,公斤,110.1,xls:2008/2-09-1.xls
soybean,全国平均,2007,产值合计,元,466.96,xls:2008/2-09-1.xls
soybean,全国平均,2007,人工成本,元,87.7,xls:2008/2-09-1.xls
soybean,全国平均,2007,修理维护费,元,1.42,xls:2008/2-09-2.xls
soybean,全国平均,2007,其他直接费用,元,0.01,xls:2008/2-09-2.xls
soybean,全国平均,2007,农家肥费,元,2.18,xls:2008/2-09-2.xls
soybean,全国平均,2007,农药费,元,8.23,xls:2008/2-09-2.xls
soybean,全国平均,2007,劳动日工价,元/日,18.7,xls:2008/2-09-2.xls
soybean,全国平均,2007,化肥费,元,36.97,xls:2008/2-09-2.xls
soybean,全国平均,2007,固定资产折旧,元,1.99,xls:2008/2-09-2.xls
soybean,全国平均,2007,土地成本,元,87.31,xls:2008/2-09-1.xls
soybean,全国平均,2007,家庭用工天数,日,4.32,xls:2008/2-09-2.xls
soybean,全国平均,2007,家庭用工折价,元,80.78,xls:2008/2-09-1.xls
soybean,全国平均,2007,工具材料费,元,1.48,xls:2008/2-09-2.xls
soybean,全国平均,2007,平均出售价格,元/50公斤,207.05,xls:2008/2-09-1.xls
soybean,全国平均,2007,总成本,元,291.75,xls:2008/2-09-1.xls
soybean,全国平均,2007,技术服务费,元,0.04,xls:2008/2-09-2.xls
soybean,全国平均,2007,排灌费,元,1.83,xls:2008/2-09-2.xls
soybean,全国平均,2007,机械作业费,元,34.3,xls:2008/2-09-2.xls
soybean,全国平均,2007,每亩化肥折纯用量,公斤,8.08,xls:2008/2-09-3.xls
soybean,全国平均,2007,每亩化肥用量,公斤,8.08,xls:2008/2-09-2.xls
soybean,全国平均,2007,每亩用工数量,日,4.53,xls:2008/2-09-1.xls
soybean,全国平均,2007,每亩种子用量,公斤,5.26,xls:2008/2-09-2.xls
soybean,全国平均,2007,流转地租金,元,9.73,xls:2008/2-09-1.xls
soybean,全国平均,2007,燃料动力费,元,0.03,xls:2008/2-09-2.xls
soybean,全国平均,2007,物质与服务费用,元,116.74,xls:2008/2-09-1.xls
soybean,全国平均,2007,生产成本,元,204.44,xls:2008/2-09-1.xls
soybean,全国平均,2007,畜力费,元,3.15,xls:2008/2-09-2.xls
soybean,全国平均,2007,种子费,元,23.56,xls:2008/2-09-2.xls
soybean,全国平均,2007,管理费,元,0.22,xls:2008/2-09-2.xls
soybean,全国平均,2007,自营地折租,元,77.58,xls:2008/2-09-1.xls
soybean,全国平均,2007,财务费,元,0.17,xls:2008/2-09-2.xls
soybean,全国平均,2007,销售费,元,1.16,xls:2008/2-09-2.xls
soybean,全国平均,2007,雇工天数,日,0.21,xls:2008/2-09-2.xls
soybean,全国平均,2007,雇工工价,元/日,32.95,xls:2008/2-09-2.xls
soybean,全国平均,2007,雇工费用,元,6.92,xls:2008/2-09-1.xls
soybean,全国平均,2008,主产品产值,元,514.83,xls:2009/20701.xls
soybean,全国平均,2008,主产品产量,公斤,139.7,xls:2009/20701.xls
soybean,全国平均,2008,产值合计,元,526.44,xls:2009/20701.xls
soybean,全国平均,2008,人工成本,元,88.32,xls:2009/20701.xls
soybean,全国平均,2008,保险费,元,0.14,xls:2009/20702.xls
soybean,全国平均,2008,修理维护费,元,1.35,xls:2009/20702.xls
soybean,全国平均,2008,农家肥费,元,1.5,xls:2009/20702.xls
soybean,全国平均,2008,农药费,元,9.81,xls:2009/20702.xls
soybean,全国平均,2008,劳动日工价,元/日,21.6,xls:2009/20702.xls
soybean,全国平均,2008,化肥费,元,53.75,xls:2009/20702.xls
soybean,全国平均,2008,固定资产折旧,元,2.12,xls:2009/20702.xls
soybean,全国平均,2008,土地成本,元,105.96,xls:2009/20701.xls
soybean,全国平均,2008,家庭用工天数,日,3.68,xls:2009/20702.xls
soybean,全国平均,2008,家庭用工折价,元,79.49,xls:2009/20701.xls
soybean,全国平均,2008,工具材料费,元,1.67,xls:2009/20702.xls
soybean,全国平均,2008,平均出售价格,元/50公斤,184.26,xls:2009/20701.xls
soybean,全国平均,2008,总成本,元,347.99,xls:2009/20701.xls
soybean,全国平均,2008,技术服务费,元,0.01,xls:2009/20702.xls
soybean,全国平均,2008,排灌费,元,1.77,xls:2009/20702.xls
soybean,全国平均,2008,机械作业费,元,43.54,xls:2009/20702.xls
soybean,全国平均,2008,每亩化肥折纯用量,公斤,7.91,xls:2009/20703.xls
soybean,全国平均,2008,每亩化肥用量,公斤,7.91,xls:2009/20702.xls
soybean,全国平均,2008,每亩用工数量,日,3.89,xls:2009/20701.xls
soybean,全国平均,2008,每亩种子用量,公斤,5.05,xls:2009/20702.xls
soybean,全国平均,2008,流转地租金,元,13.55,xls:2009/20701.xls
soybean,全国平均,2008,燃料动力费,元,0.04,xls:2009/20702.xls
soybean,全国平均,2008,物质与服务费用,元,153.71,xls:2009/20701.xls
soybean,全国平均,2008,生产成本,元,242.03,xls:2009/20701.xls
soybean,全国平均,2008,畜力费,元,2.35,xls:2009/20702.xls
soybean,全国平均,2008,种子费,元,34.37,xls:2009/20702.xls
soybean,全国平均,2008,管理费,元,0.29,xls:2009/20702.xls
soybean,全国平均,2008,自营地折租,元,92.41,xls:2009/20701.xls
soybean,全国平均,2008,财务费,元,0.13,xls:2009/20702.xls
soybean,全国平均,2008,销售费,元,0.87,xls:2009/20702.xls
soybean,全国平均,2008,雇工天数,日,0.21,xls:2009/20702.xls
soybean,全国平均,2008,雇工工价,元/日,42.05,xls:2009/20702.xls
soybean,全国平均,2008,雇工费用,元,8.83,xls:2009/20701.xls
soybean,全国平均,2009,主产品产值,元,474.39,xls:2010/020701.xls
soybean,全国平均,2009,主产品产量,公斤,128.79,xls:2010/020701.xls
soybean,全国平均,2009,产值合计,元,485.71,xls:2010/020701.xls
soybean,全国平均,2009,人工成本,元,103.53,xls:2010/020701.xls
soybean,全国平均,2009,保险费,元,0.29,xls:2010/020702.xls
soybean,全国平均,2009,修理维护费,元,0.89,xls:2010/020702.xls
soybean,全国平均,2009,农家肥费,元,1.11,xls:2010/020702.xls
soybean,全国平均,2009,农膜费,元,0.03,xls:2010/020702.xls
soybean,全国平均,2009,农药费,元,10.61,xls:2010/020702.xls
soybean,全国平均,2009,劳动日工价,元/日,24.8,xls:2010/020702.xls
soybean,全国平均,2009,化肥费,元,45.95,xls:2010/020702.xls
soybean,全国平均,2009,固定资产折旧,元,1.51,xls:2010/020702.xls
soybean,全国平均,2009,土地成本,元,129.84,xls:2010/020701.xls
soybean,全国平均,2009,家庭用工天数,日,3.71,xls:2010/020702.xls
soybean,全国平均,2009,家庭用工折价,元,91.98,xls:2010/020701.xls
soybean,全国平均,2009,工具材料费,元,1.77,xls:2010/020702.xls
soybean,全国平均,2009,平均出售价格,元/50公斤,184.17,xls:2010/020701.xls
soybean,全国平均,2009,总成本,元,378.19,xls:2010/020701.xls
soybean,全国平均,2009,技术服务费,元,0.04,xls:2010/020702.xls
soybean,全国平均,2009,排灌费,元,2.35,xls:2010/020702.xls
soybean,全国平均,2009,机械作业费,元,47.74,xls:2010/020702.xls
soybean,全国平均,2009,每亩化肥折纯用量,公斤,8.47,xls:2010/020703.xls
soybean,全国平均,2009,每亩化肥用量,公斤,8.47,xls:2010/020702.xls
soybean,全国平均,2009,每亩用工数量,日,3.94,xls:2010/020701.xls
soybean,全国平均,2009,每亩种子用量,公斤,5.12,xls:2010/020702.xls
soybean,全国平均,2009,流转地租金,元,16.91,xls:2010/020701.xls
soybean,全国平均,2009,燃料动力费,元,0.05,xls:2010/020702.xls
soybean,全国平均,2009,物质与服务费用,元,144.82,xls:2010/020701.xls
soybean,全国平均,2009,生产成本,元,248.35,xls:2010/020701.xls
soybean,全国平均,2009,畜力费,元,2.07,xls:2010/020702.xls
soybean,全国平均,2009,种子费,元,29.15,xls:2010/020702.xls
soybean,全国平均,2009,管理费,元,0.14,xls:2010/020702.xls
soybean,全国平均,2009,自营地折租,元,112.93,xls:2010/020701.xls
soybean,全国平均,2009,财务费,元,0.19,xls:2010/020702.xls
soybean,全国平均,2009,销售费,元,0.93,xls:2010/020702.xls
soybean,全国平均,2009,雇工天数,日,0.23,xls:2010/020702.xls
soybean,全国平均,2009,雇工工价,元/日,49.8,xls:2010/020702.xls
soybean,全国平均,2009,雇工费用,元,11.55,xls:2010/020701.xls
soybean,全国平均,2010,主产品产值,元,573.19,xls:2011/020701.xls
soybean,全国平均,2010,主产品产量,公斤,148.03,xls:2011/020701.xls
soybean,全国平均,2010,产值合计,元,586.35,xls:2011/020701.xls
soybean,全国平均,2010,人工成本,元,115.31,xls:2011/020701.xls
soybean,全国平均,2010,保险费,元,3.19,xls:2011/020702.xls
soybean,全国平均,2010,修理维护费,元,0.91,xls:2011/020702.xls
soybean,全国平均,2010,农家肥费,元,1.05,xls:2011/020702.xls
soybean,全国平均,2010,农膜费,元,0.02,xls:2011/020702.xls
soybean,全国平均,2010,农药费,元,11.56,xls:2011/020702.xls
soybean,全国平均,2010,劳动日工价,元/日,31.3,xls:2011/020702.xls
soybean,全国平均,2010,化肥费,元,46.42,xls:2011/020702.xls
soybean,全国平均,2010,固定资产折旧,元,1.79,xls:2011/020702.xls
soybean,全国平均,2010,土地成本,元,150.81,xls:2011/020701.xls
soybean,全国平均,2010,家庭用工天数,日,3.21,xls:2011/020702.xls
soybean,全国平均,2010,家庭用工折价,元,100.6,xls:2011/020701.xls
soybean,全国平均,2010,工具材料费,元,2.29,xls:2011/020702.xls
soybean,全国平均,2010,平均出售价格,元/50公斤,193.61,xls:2011/020701.xls
soybean,全国平均,2010,总成本,元,431.2,xls:2011/020701.xls
soybean,全国平均,2010,技术服务费,元,0.02,xls:2011/020702.xls
soybean,全国平均,2010,排灌费,元,1.47,xls:2011/020702.xls
soybean,全国平均,2010,机械作业费,元,60.39,xls:2011/020702.xls
soybean,全国平均,2010,每亩化肥折纯用量,公斤,8.82,xls:2011/020703.xls
soybean,全国平均,2010,每亩化肥用量,公斤,8.82,xls:2011/020702.xls
soybean,全国平均,2010,每亩用工数量,日,3.43,xls:2011/020701.xls
soybean,全国平均,2010,每亩种子用量,公斤,5.01,xls:2011/020702.xls
soybean,全国平均,2010,流转地租金,元,28.14,xls:2011/020701.xls
soybean,全国平均,2010,燃料动力费,元,0.13,xls:2011/020702.xls
soybean,全国平均,2010,物质与服务费用,元,165.08,xls:2011/020701.xls
soybean,全国平均,2010,生产成本,元,280.39,xls:2011/020701.xls
soybean,全国平均,2010,畜力费,元,1.78,xls:2011/020702.xls
soybean,全国平均,2010,种子费,元,29.92,xls:2011/020702.xls
soybean,全国平均,2010,管理费,元,3.27,xls:2011/020702.xls
soybean,全国平均,2010,自营地折租,元,122.67,xls:2011/020701.xls
soybean,全国平均,2010,财务费,元,0.17,xls:2011/020702.xls
soybean,全国平均,2010,销售费,元,0.7,xls:2011/020702.xls
soybean,全国平均,2010,雇工天数,日,0.22,xls:2011/020702.xls
soybean,全国平均,2010,雇工工价,元/日,67.47,xls:2011/020702.xls
soybean,全国平均,2010,雇工费用,元,14.71,xls:2011/020701.xls
soybean,全国平均,2011,主产品产值,元,597.48,xls:2012/020701.xls
soybean,全国平均,2011,主产品产量,公斤,146.32,xls:2012/020701.xls
soybean,全国平均,2011,产值合计,元,610.72,xls:2012/020701.xls
soybean,全国平均,2011,人工成本,元,136.38,xls:2012/020701.xls
soybean,全国平均,2011,保险费,元,3.3,xls:2012/020702.xls
soybean,全国平均,2011,修理维护费,元,0.49,xls:2012/020702.xls
soybean,全国平均,2011,农家肥费,元,0.81,xls:2012/020702.xls
soybean,全国平均,2011,农药费,元,12.01,xls:2012/020702.xls
soybean,全国平均,2011,劳动日工价,元/日,40.0,xls:2012/020702.xls
soybean,全国平均,2011,化肥费,元,52.04,xls:2012/020702.xls
soybean,全国平均,2011,固定资产折旧,元,1.55,xls:2012/020702.xls
soybean,全国平均,2011,土地成本,元,172.98,xls:2012/020701.xls
soybean,全国平均,2011,家庭用工天数,日,2.87,xls:2012/020702.xls
soybean,全国平均,2011,家庭用工折价,元,114.64,xls:2012/020701.xls
soybean,全国平均,2011,工具材料费,元,2.35,xls:2012/020702.xls
soybean,全国平均,2011,平均出售价格,元/50公斤,204.17,xls:2012/020701.xls
soybean,全国平均,2011,总成本,元,488.77,xls:2012/020701.xls
soybean,全国平均,2011,技术服务费,元,0.02,xls:2012/020702.xls
soybean,全国平均,2011,排灌费,元,1.52,xls:2012/020702.xls
soybean,全国平均,2011,机械作业费,元,68.29,xls:2012/020702.xls
soybean,全国平均,2011,每亩化肥折纯用量,公斤,8.55,xls:2012/020703.xls
soybean,全国平均,2011,每亩化肥用量,公斤,8.55,xls:2012/020702.xls
soybean,全国平均,2011,每亩用工数量,日,3.13,xls:2012/020701.xls
soybean,全国平均,2011,每亩种子用量,公斤,4.98,xls:2012/020702.xls
soybean,全国平均,2011,流转地租金,元,37.03,xls:2012/020701.xls
soybean,全国平均,2011,燃料动力费,元,0.11,xls:2012/020702.xls
soybean,全国平均,2011,物质与服务费用,元,179.41,xls:2012/020701.xls
soybean,全国平均,2011,生产成本,元,315.79,xls:2012/020701.xls
soybean,全国平均,2011,畜力费,元,1.87,xls:2012/020702.xls
soybean,全国平均,2011,种子费,元,31.29,xls:2012/020702.xls
soybean,全国平均,2011,管理费,元,3.0,xls:2012/020702.xls
soybean,全国平均,2011,自营地折租,元,135.95,xls:2012/020701.xls
soybean,全国平均,2011,财务费,元,0.2,xls:2012/020702.xls
soybean,全国平均,2011,销售费,元,0.56,xls:2012/020702.xls
soybean,全国平均,2011,雇工天数,日,0.26,xls:2012/020702.xls
soybean,全国平均,2011,雇工工价,元/日,83.6,xls:2012/020702.xls
soybean,全国平均,2011,雇工费用,元,21.74,xls:2012/020701.xls
soybean,全国平均,2012,主产品产值,元,693.46,xls:2013/020701.xls
soybean,全国平均,2012,主产品产量,公斤,146.68,xls:2013/020701.xls
soybean,全国平均,2012,产值合计,元,706.83,xls:2013/020701.xls
soybean,全国平均,2012,人工成本,元,177.5,xls:2013/020701.xls
soybean,全国平均,2012,保险费,元,5.12,xls:2013/020702.xls
soybean,全国平均,2012,修理维护费,元,0.47,xls:2013/020702.xls
soybean,全国平均,2012,农家肥费,元,0.98,xls:2013/020702.xls
soybean,全国平均,2012,农药费,元,14.89,xls:2013/020702.xls
soybean,全国平均,2012,劳动日工价,元/日,56.0,xls:2013/020702.xls
soybean,全国平均,2012,化肥费,元,58.19,xls:2013/020702.xls
soybean,全国平均,2012,固定资产折旧,元,0.75,xls:2013/020702.xls
soybean,全国平均,2012,土地成本,元,195.97,xls:2013/020701.xls
soybean,全国平均,2012,家庭用工天数,日,2.8,xls:2013/020702.xls
soybean,全国平均,2012,家庭用工折价,元,156.52,xls:2013/020701.xls
soybean,全国平均,2012,工具材料费,元,2.3,xls:2013/020702.xls
soybean,全国平均,2012,平均出售价格,元/50公斤,236.39,xls:2013/020701.xls
soybean,全国平均,2012,总成本,元,578.2,xls:2013/020701.xls
soybean,全国平均,2012,技术服务费,元,0.01,xls:2013/020702.xls
soybean,全国平均,2012,排灌费,元,1.95,xls:2013/020702.xls
soybean,全国平均,2012,机械作业费,元,78.38,xls:2013/020702.xls
soybean,全国平均,2012,每亩化肥折纯用量,公斤,9.18,xls:2013/020703.xls
soybean,全国平均,2012,每亩化肥用量,公斤,9.18,xls:2013/020702.xls
soybean,全国平均,2012,每亩用工数量,日,3.04,xls:2013/020701.xls
soybean,全国平均,2012,每亩种子用量,公斤,4.98,xls:2013/020702.xls
soybean,全国平均,2012,流转地租金,元,45.68,xls:2013/020701.xls
soybean,全国平均,2012,燃料动力费,元,0.25,xls:2013/020702.xls
soybean,全国平均,2012,物质与服务费用,元,204.73,xls:2013/020701.xls
soybean,全国平均,2012,生产成本,元,382.23,xls:2013/020701.xls
soybean,全国平均,2012,畜力费,元,1.84,xls:2013/020702.xls
soybean,全国平均,2012,种子费,元,34.44,xls:2013/020702.xls
soybean,全国平均,2012,管理费,元,4.65,xls:2013/020702.xls
soybean,全国平均,2012,自营地折租,元,150.29,xls:2013/020701.xls
soybean,全国平均,2012,财务费,元,0.06,xls:2013/020702.xls
soybean,全国平均,2012,销售费,元,0.45,xls:2013/020702.xls
soybean,全国平均,2012,雇工天数,日,0.24,xls:2013/020702.xls
soybean,全国平均,2012,雇工工价,元/日,86.32,xls:2013/020702.xls
soybean,全国平均,2012,雇工费用,元,20.98,xls:2013/020701.xls
soybean,全国平均,2013,主产品产值,元,647.03,xls:2014/020701a.xls
soybean,全国平均,2013,主产品产量,公斤,138.04,xls:2014/020701a.xls
soybean,全国平均,2013,产值合计,元,659.58,xls:2014/020701a.xls
soybean,全国平均,2013,人工成本,元,200.95,xls:2014/020701a.xls
soybean,全国平均,2013,保险费,元,6.21,xls:2014/020702a.xls
soybean,全国平均,2013,修理维护费,元,0.47,xls:2014/020702a.xls
soybean,全国平均,2013,农家肥费,元,1.01,xls:2014/020702a.xls
soybean,全国平均,2013,农药费,元,14.33,xls:2014/020702a.xls
soybean,全国平均,2013,劳动日工价,元/日,68.0,xls:2014/020702a.xls
soybean,全国平均,2013,化肥费,元,54.28,xls:2014/020702a.xls
soybean,全国平均,2013,固定资产折旧,元,0.95,xls:2014/020702a.xls
soybean,全国平均,2013,土地成本,元,220.68,xls:2014/020701a.xls
soybean,全国平均,2013,家庭用工天数,日,2.7,xls:2014/020702a.xls
soybean,全国平均,2013,家庭用工折价,元,183.26,xls:2014/020701a.xls
soybean,全国平均,2013,工具材料费,元,2.19,xls:2014/020702a.xls
soybean,全国平均,2013,平均出售价格,元/50公斤,234.36,xls:2014/020701a.xls
soybean,全国平均,2013,总成本,元,625.9,xls:2014/020701a.xls
soybean,全国平均,2013,排灌费,元,2.07,xls:2014/020702a.xls
soybean,全国平均,2013,机械作业费,元,81.3,xls:2014/020702a.xls
soybean,全国平均,2013,每亩化肥折纯用量,公斤,8.6,xls:2014/020703a.xls
soybean,全国平均,2013,每亩化肥用量,公斤,8.6,xls:2014/020702a.xls
soybean,全国平均,2013,每亩用工数量,日,2.88,xls:2014/020701a.xls
soybean,全国平均,2013,每亩种子用量,公斤,5.15,xls:2014/020702a.xls
soybean,全国平均,2013,流转地租金,元,53.7,xls:2014/020701a.xls
soybean,全国平均,2013,燃料动力费,元,0.34,xls:2014/020702a.xls
soybean,全国平均,2013,物质与服务费用,元,204.27,xls:2014/020701a.xls
soybean,全国平均,2013,生产成本,元,405.22,xls:2014/020701a.xls
soybean,全国平均,2013,畜力费,元,1.98,xls:2014/020702a.xls
soybean,全国平均,2013,种子费,元,35.06,xls:2014/020702a.xls
soybean,全国平均,2013,管理费,元,3.61,xls:2014/020702a.xls
soybean,全国平均,2013,自营地折租,元,166.98,xls:2014/020701a.xls
soybean,全国平均,2013,销售费,元,0.47,xls:2014/020702a.xls
soybean,全国平均,2013,雇工天数,日,0.19,xls:2014/020702a.xls
soybean,全国平均,2013,雇工工价,元/日,94.59,xls:2014/020702a.xls
soybean,全国平均,2013,雇工费用,元,17.69,xls:2014/020701a.xls
soybean,全国平均,2014,主产品产值,元,630.14,xls:2015/0207-01.xls
soybean,全国平均,2014,主产品产量,公斤,143.6,xls:2015/0207-01.xls
soybean,全国平均,2014,产值合计,元,641.61,xls:2015/0207-01.xls
soybean,全国平均,2014,人工成本,元,216.73,xls:2015/0207-01.xls
soybean,全国平均,2014,保险费,元,7.46,xls:2015/0207-02.xls
soybean,全国平均,2014,修理维护费,元,0.49,xls:2015/0207-02.xls
soybean,全国平均,2014,农家肥费,元,1.42,xls:2015/0207-02.xls
soybean,全国平均,2014,农药费,元,15.9,xls:2015/0207-02.xls
soybean,全国平均,2014,劳动日工价,元/日,74.4,xls:2015/0207-02.xls
soybean,全国平均,2014,化肥费,元,46.66,xls:2015/0207-02.xls
soybean,全国平均,2014,固定资产折旧,元,1.07,xls:2015/0207-02.xls
soybean,全国平均,2014,土地成本,元,247.7,xls:2015/0207-01.xls
soybean,全国平均,2014,家庭用工天数,日,2.65,xls:2015/0207-02.xls
soybean,全国平均,2014,家庭用工折价,元,197.01,xls:2015/0207-01.xls
soybean,全国平均,2014,工具材料费,元,2.16,xls:2015/0207-02.xls
soybean,全国平均,2014,平均出售价格,元/50公斤,219.41,xls:2015/0207-01.xls
soybean,全国平均,2014,总成本,元,667.34,xls:2015/0207-01.xls
soybean,全国平均,2014,排灌费,元,6.29,xls:2015/0207-02.xls
soybean,全国平均,2014,机械作业费,元,76.61,xls:2015/0207-02.xls
soybean,全国平均,2014,每亩化肥折纯用量,公斤,8.57,xls:2015/0207-03.xls
soybean,全国平均,2014,每亩化肥用量,公斤,8.57,xls:2015/0207-02.xls
soybean,全国平均,2014,每亩用工数量,日,2.85,xls:2015/0207-01.xls
soybean,全国平均,2014,每亩种子用量,公斤,5.39,xls:2015/0207-02.xls
soybean,全国平均,2014,流转地租金,元,64.99,xls:2015/0207-01.xls
soybean,全国平均,2014,燃料动力费,元,0.18,xls:2015/0207-02.xls
soybean,全国平均,2014,物质与服务费用,元,202.91,xls:2015/0207-01.xls
soybean,全国平均,2014,生产成本,元,419.64,xls:2015/0207-01.xls
soybean,全国平均,2014,畜力费,元,1.64,xls:2015/0207-02.xls
soybean,全国平均,2014,种子费,元,38.58,xls:2015/0207-02.xls
soybean,全国平均,2014,管理费,元,3.89,xls:2015/0207-02.xls
soybean,全国平均,2014,自营地折租,元,182.71,xls:2015/0207-01.xls
soybean,全国平均,2014,财务费,元,0.01,xls:2015/0207-02.xls
soybean,全国平均,2014,销售费,元,0.55,xls:2015/0207-02.xls
soybean,全国平均,2014,雇工天数,日,0.2,xls:2015/0207-02.xls
soybean,全国平均,2014,雇工工价,元/日,97.62,xls:2015/0207-02.xls
soybean,全国平均,2014,雇工费用,元,19.72,xls:2015/0207-01.xls
soybean,全国平均,2015,主产品产值,元,548.21,xls:2016/2-07-1a.xls
soybean,全国平均,2015,主产品产量,公斤,138.35,xls:2016/2-07-1a.xls
soybean,全国平均,2015,产值合计,元,559.62,xls:2016/2-07-1a.xls
soybean,全国平均,2015,人工成本,元,215.16,xls:2016/2-07-1a.xls
soybean,全国平均,2015,保险费,元,6.97,xls:2016/2-07-2a.xls
soybean,全国平均,2015,修理维护费,元,0.51,xls:2016/2-07-2a.xls
soybean,全国平均,2015,农家肥费,元,3.1,xls:2016/2-07-2a.xls
soybean,全国平均,2015,农药费,元,16.15,xls:2016/2-07-2a.xls
soybean,全国平均,2015,劳动日工价,元/日,78.0,xls:2016/2-07-2a.xls
soybean,全国平均,2015,化肥费,元,45.69,xls:2016/2-07-2a.xls
soybean,全国平均,2015,固定资产折旧,元,1.13,xls:2016/2-07-2a.xls
soybean,全国平均,2015,土地成本,元,257.74,xls:2016/2-07-1a.xls
soybean,全国平均,2015,家庭用工天数,日,2.51,xls:2016/2-07-2a.xls
soybean,全国平均,2015,家庭用工折价,元,195.86,xls:2016/2-07-1a.xls
soybean,全国平均,2015,工具材料费,元,2.29,xls:2016/2-07-2a.xls
soybean,全国平均,2015,平均出售价格,元/50公斤,198.12,xls:2016/2-07-1a.xls
soybean,全国平均,2015,总成本,元,674.71,xls:2016/2-07-1a.xls
soybean,全国平均,2015,排灌费,元,2.8,xls:2016/2-07-2a.xls
soybean,全国平均,2015,机械作业费,元,79.87,xls:2016/2-07-2a.xls
soybean,全国平均,2015,每亩化肥折纯用量,公斤,8.34,xls:2016/2-07-3a.xls
soybean,全国平均,2015,每亩化肥用量,公斤,8.34,xls:2016/2-07-2a.xls
soybean,全国平均,2015,每亩用工数量,日,2.68,xls:2016/2-07-1a.xls
soybean,全国平均,2015,每亩种子用量,公斤,5.38,xls:2016/2-07-2a.xls
soybean,全国平均,2015,流转地租金,元,73.44,xls:2016/2-07-1a.xls
soybean,全国平均,2015,燃料动力费,元,0.14,xls:2016/2-07-2a.xls
soybean,全国平均,2015,物质与服务费用,元,201.81,xls:2016/2-07-1a.xls
soybean,全国平均,2015,生产成本,元,416.97,xls:2016/2-07-1a.xls
soybean,全国平均,2015,畜力费,元,1.4,xls:2016/2-07-2a.xls
soybean,全国平均,2015,种子费,元,37.29,xls:2016/2-07-2a.xls
soybean,全国平均,2015,管理费,元,3.71,xls:2016/2-07-2a.xls
soybean,全国平均,2015,自营地折租,元,184.3,xls:2016/2-07-1a.xls
soybean,全国平均,2015,销售费,元,0.76,xls:2016/2-07-2a.xls
soybean,全国平均,2015,雇工天数,日,0.17,xls:2016/2-07-2a.xls
soybean,全国平均,2015,雇工工价,元/日,115.58,xls:2016/2-07-2a.xls
soybean,全国平均,2015,雇工费用,元,19.3,xls:2016/2-07-1a.xls
soybean,全国平均,2016,主产品产值,元,457.24,xls:2017/2-07-1a.xls
soybean,全国平均,2016,主产品产量,公斤,120.2,xls:2017/2-07-1a.xls
soybean,全国平均,2016,产值合计,元,468.63,xls:2017/2-07-1a.xls
soybean,全国平均,2016,人工成本,元,218.1146,xls:2017/2-07-1a.xls
soybean,全国平均,2016,保险费,元,6.99,xls:2017/2-07-2a.xls
soybean,全国平均,2016,修理维护费,元,0.42,xls:2017/2-07-2a.xls
soybean,全国平均,2016,其他直接费用,元,0.0,xls:2017/2-07-2a.xls
soybean,全国平均,2016,农家肥费,元,3.72,xls:2017/2-07-2a.xls
soybean,全国平均,2016,农膜费,元,0.0,xls:2017/2-07-2a.xls
soybean,全国平均,2016,农药费,元,16.22,xls:2017/2-07-2a.xls
soybean,全国平均,2016,劳动日工价,元/日,81.4,xls:2017/2-07-2a.xls
soybean,全国平均,2016,化肥费,元,44.32,xls:2017/2-07-2a.xls
soybean,全国平均,2016,固定资产折旧,元,1.23,xls:2017/2-07-2a.xls
soybean,全国平均,2016,土地成本,元,259.0,xls:2017/2-07-1a.xls
soybean,全国平均,2016,家庭用工天数,日,2.389,xls:2017/2-07-2a.xls
soybean,全国平均,2016,家庭用工折价,元,194.4646,xls:2017/2-07-1a.xls
soybean,全国平均,2016,工具材料费,元,2.22,xls:2017/2-07-2a.xls
soybean,全国平均,2016,平均出售价格,元/50公斤,190.2,xls:2017/2-07-1a.xls
soybean,全国平均,2016,总成本,元,678.4446,xls:2017/2-07-1a.xls
soybean,全国平均,2016,技术服务费,元,0.0,xls:2017/2-07-2a.xls
soybean,全国平均,2016,排灌费,元,2.97,xls:2017/2-07-2a.xls
soybean,全国平均,2016,机械作业费,元,82.07,xls:2017/2-07-2a.xls
soybean,全国平均,2016,每亩化肥折纯用量,公斤,8.54,xls:2017/2-07-3a.xls
soybean,全国平均,2016,每亩化肥用量,公斤,8.54,xls:2017/2-07-2a.xls
soybean,全国平均,2016,每亩用工数量,日,2.6,xls:2017/2-07-1a.xls
soybean,全国平均,2016,每亩种子用量,公斤,5.39,xls:2017/2-07-2a.xls
soybean,全国平均,2016,流转地租金,元,79.88,xls:2017/2-07-1a.xls
soybean,全国平均,2016,燃料动力费,元,0.16,xls:2017/2-07-2a.xls
soybean,全国平均,2016,物质与服务费用,元,201.33,xls:2017/2-07-1a.xls
soybean,全国平均,2016,生产成本,元,419.4446,xls:2017/2-07-1a.xls
soybean,全国平均,2016,畜力费,元,1.31,xls:2017/2-07-2a.xls
soybean,全国平均,2016,种子费,元,36.76,xls:2017/2-07-2a.xls
soybean,全国平均,2016,管理费,元,2.53,xls:2017/2-07-2a.xls
soybean,全国平均,2016,自营地折租,元,179.12,xls:2017/2-07-1a.xls
soybean,全国平均,2016,财务费,元,0.0,xls:2017/2-07-2a.xls
soybean,全国平均,2016,销售费,元,0.41,xls:2017/2-07-2a.xls
soybean,全国平均,2016,雇工天数,日,0.21,xls:2017/2-07-2a.xls
soybean,全国平均,2016,雇工工价,元/日,112.619,xls:2017/2-07-2a.xls
soybean,全国平均,2016,雇工费用,元,23.65,xls:2017/2-07-1a.xls
soybean,全国平均,2017,主产品产值,元,527.23,xls:2018/2-7-1 2017年各地区大豆成本收益情况.xls
soybean,全国平均,2017,主产品产量,公斤,140.03,xls:2018/2-7-1 2017年各地区大豆成本收益情况.xls
soybean,全国平均,2017,产值合计,元,537.91,xls:2018/2-7-1 2017年各地区大豆成本收益情况.xls
soybean,全国平均,2017,人工成本,元,215.8506,xls:2018/2-7-1 2017年各地区大豆成本收益情况.xls
soybean,全国平均,2017,保险费,元,6.57,xls:2018/2-7-2 2017年各地区大豆费用和用工情况.xls
soybean,全国平均,2017,修理维护费,元,0.46,xls:2018/2-7-2 2017年各地区大豆费用和用工情况.xls
soybean,全国平均,2017,其他直接费用,元,0.0,xls:2018/2-7-2 2017年各地区大豆费用和用工情况.xls
soybean,全国平均,2017,农家肥费,元,3.75,xls:2018/2-7-2 2017年各地区大豆费用和用工情况.xls
soybean,全国平均,2017,农膜费,元,0.0,xls:2018/2-7-2 2017年各地区大豆费用和用工情况.xls
soybean,全国平均,2017,农药费,元,16.96,xls:2018/2-7-2 2017年各地区大豆费用和用工情况.xls
soybean,全国平均,2017,劳动日工价,元/日,83.1,xls:2018/2-7-2 2017年各地区大豆费用和用工情况.xls
soybean,全国平均,2017,化肥费,元,45.29,xls:2018/2-7-2 2017年各地区大豆费用和用工情况.xls
soybean,全国平均,2017,固定资产折旧,元,1.28,xls:2018/2-7-2 2017年各地区大豆费用和用工情况.xls
soybean,全国平均,2017,土地成本,元,251.29,xls:2018/2-7-1 2017年各地区大豆成本收益情况.xls
soybean,全国平均,2017,家庭用工天数,日,2.326,xls:2018/2-7-2 2017年各地区大豆费用和用工情况.xls
soybean,全国平均,2017,家庭用工折价,元,193.2906,xls:2018/2-7-1 2017年各地区大豆成本收益情况.xls
soybean,全国平均,2017,工具材料费,元,2.19,xls:2018/2-7-2 2017年各地区大豆费用和用工情况.xls
soybean,全国平均,2017,平均出售价格,元/50公斤,188.26,xls:2018/2-7-1 2017年各地区大豆成本收益情况.xls
soybean,全国平均,2017,总成本,元,668.8006,xls:2018/2-7-1 2017年各地区大豆成本收益情况.xls
soybean,全国平均,2017,技术服务费,元,0.0,xls:2018/2-7-2 2017年各地区大豆费用和用工情况.xls
soybean,全国平均,2017,排灌费,元,2.05,xls:2018/2-7-2 2017年各地区大豆费用和用工情况.xls
soybean,全国平均,2017,机械作业费,元,82.07,xls:2018/2-7-2 2017年各地区大豆费用和用工情况.xls
soybean,全国平均,2017,每亩农膜用量,公斤,0.0,xls:2018/2-7-2 2017年各地区大豆费用和用工情况.xls
soybean,全国平均,2017,每亩化肥折纯用量,公斤,8.51,xls:2018/2-7-3 2017年各地区大豆化肥投入情况.xls
soybean,全国平均,2017,每亩化肥用量,公斤,8.51,xls:2018/2-7-2 2017年各地区大豆费用和用工情况.xls
soybean,全国平均,2017,每亩用工数量,日,2.52,xls:2018/2-7-1 2017年各地区大豆成本收益情况.xls
soybean,全国平均,2017,每亩种子用量,公斤,5.25,xls:2018/2-7-2 2017年各地区大豆费用和用工情况.xls
soybean,全国平均,2017,流转地租金,元,76.42,xls:2018/2-7-1 2017年各地区大豆成本收益情况.xls
soybean,全国平均,2017,燃料动力费,元,0.22,xls:2018/2-7-2 2017年各地区大豆费用和用工情况.xls
soybean,全国平均,2017,物质与服务费用,元,201.66,xls:2018/2-7-1 2017年各地区大豆成本收益情况.xls
soybean,全国平均,2017,生产成本,元,417.5106,xls:2018/2-7-1 2017年各地区大豆成本收益情况.xls
soybean,全国平均,2017,畜力费,元,1.16,xls:2018/2-7-2 2017年各地区大豆费用和用工情况.xls
soybean,全国平均,2017,种子费,元,36.87,xls:2018/2-7-2 2017年各地区大豆费用和用工情况.xls
soybean,全国平均,2017,管理费,元,2.25,xls:2018/2-7-2 2017年各地区大豆费用和用工情况.xls
soybean,全国平均,2017,自营地折租,元,174.87,xls:2018/2-7-1 2017年各地区大豆成本收益情况.xls
soybean,全国平均,2017,财务费,元,0.0,xls:2018/2-7-2 2017年各地区大豆费用和用工情况.xls
soybean,全国平均,2017,销售费,元,0.54,xls:2018/2-7-2 2017年各地区大豆费用和用工情况.xls
soybean,全国平均,2017,雇工天数,日,0.19,xls:2018/2-7-2 2017年各地区大豆费用和用工情况.xls
soybean,全国平均,2017,雇工工价,元/日,118.737,xls:2018/2-7-2 2017年各地区大豆费用和用工情况.xls
soybean,全国平均,2017,雇工费用,元,22.56,xls:2018/2-7-1 2017年各地区大豆成本收益情况.xls
soybean,全国平均,2018,主产品产值,元,463.08,xls:2019/2-7-1 2018年各地区大豆成本收益情况.xls
soybean,全国平均,2018,主产品产量,公斤,126.46,xls:2019/2-7-1 2018年各地区大豆成本收益情况.xls
soybean,全国平均,2018,产值合计,元,474.29,xls:2019/2-7-1 2018年各地区大豆成本收益情况.xls
soybean,全国平均,2018,人工成本,元,204.27027,xls:2019/2-7-1 2018年各地区大豆成本收益情况.xls
soybean,全国平均,2018,保险费,元,7.44,xls:2019/2-7-2 2018年各地区大豆费用和用工情况.xls
soybean,全国平均,2018,修理维护费,元,0.33,xls:2019/2-7-2 2018年各地区大豆费用和用工情况.xls
soybean,全国平均,2018,其他直接费用,元,0.0,xls:2019/2-7-2 2018年各地区大豆费用和用工情况.xls
soybean,全国平均,2018,农家肥费,元,3.36,xls:2019/2-7-2 2018年各地区大豆费用和用工情况.xls
soybean,全国平均,2018,农膜费,元,0.0,xls:2019/2-7-2 2018年各地区大豆费用和用工情况.xls
soybean,全国平均,2018,农药费,元,16.92,xls:2019/2-7-2 2018年各地区大豆费用和用工情况.xls
soybean,全国平均,2018,劳动日工价,元/日,84.89,xls:2019/2-7-2 2018年各地区大豆费用和用工情况.xls
soybean,全国平均,2018,化肥费,元,47.36,xls:2019/2-7-2 2018年各地区大豆费用和用工情况.xls
soybean,全国平均,2018,固定资产折旧,元,1.06,xls:2019/2-7-2 2018年各地区大豆费用和用工情况.xls
soybean,全国平均,2018,土地成本,元,258.05,xls:2019/2-7-1 2018年各地区大豆成本收益情况.xls
soybean,全国平均,2018,家庭用工天数,日,2.043,xls:2019/2-7-2 2018年各地区大豆费用和用工情况.xls
soybean,全国平均,2018,家庭用工折价,元,173.43027,xls:2019/2-7-1 2018年各地区大豆成本收益情况.xls
soybean,全国平均,2018,工具材料费,元,2.06,xls:2019/2-7-2 2018年各地区大豆费用和用工情况.xls
soybean,全国平均,2018,平均出售价格,元/50公斤,183.09,xls:2019/2-7-1 2018年各地区大豆成本收益情况.xls
soybean,全国平均,2018,总成本,元,666.33027,xls:2019/2-7-1 2018年各地区大豆成本收益情况.xls
soybean,全国平均,2018,技术服务费,元,0.0,xls:2019/2-7-2 2018年各地区大豆费用和用工情况.xls
soybean,全国平均,2018,排灌费,元,1.76,xls:2019/2-7-2 2018年各地区大豆费用和用工情况.xls
soybean,全国平均,2018,机械作业费,元,85.33,xls:2019/2-7-2 2018年各地区大豆费用和用工情况.xls
soybean,全国平均,2018,每亩农膜用量,公斤,0.0,xls:2019/2-7-2 2018年各地区大豆费用和用工情况.xls
soybean,全国平均,2018,每亩化肥折纯用量,公斤,8.47,xls:2019/2-7-3 2018年各地区大豆化肥投入情况.xls
soybean,全国平均,2018,每亩化肥用量,公斤,8.47,xls:2019/2-7-2 2018年各地区大豆费用和用工情况.xls
soybean,全国平均,2018,每亩用工数量,日,2.3,xls:2019/2-7-1 2018年各地区大豆成本收益情况.xls
soybean,全国平均,2018,每亩种子用量,公斤,5.22,xls:2019/2-7-2 2018年各地区大豆费用和用工情况.xls
soybean,全国平均,2018,流转地租金,元,81.98,xls:2019/2-7-1 2018年各地区大豆成本收益情况.xls
soybean,全国平均,2018,燃料动力费,元,0.12,xls:2019/2-7-2 2018年各地区大豆费用和用工情况.xls
soybean,全国平均,2018,物质与服务费用,元,204.01,xls:2019/2-7-1 2018年各地区大豆成本收益情况.xls
soybean,全国平均,2018,生产成本,元,408.28027,xls:2019/2-7-1 2018年各地区大豆成本收益情况.xls
soybean,全国平均,2018,畜力费,元,0.48,xls:2019/2-7-2 2018年各地区大豆费用和用工情况.xls
soybean,全国平均,2018,种子费,元,35.54,xls:2019/2-7-2 2018年各地区大豆费用和用工情况.xls
soybean,全国平均,2018,管理费,元,1.73,xls:2019/2-7-2 2018年各地区大豆费用和用工情况.xls
soybean,全国平均,2018,自营地折租,元,176.07,xls:2019/2-7-1 2018年各地区大豆成本收益情况.xls
soybean,全国平均,2018,财务费,元,0.0,xls:2019/2-7-2 2018年各地区大豆费用和用工情况.xls
soybean,全国平均,2018,销售费,元,0.52,xls:2019/2-7-2 2018年各地区大豆费用和用工情况.xls
soybean,全国平均,2018,雇工天数,日,0.26,xls:2019/2-7-2 2018年各地区大豆费用和用工情况.xls
soybean,全国平均,2018,雇工工价,元/日,118.615,xls:2019/2-7-2 2018年各地区大豆费用和用工情况.xls
soybean,全国平均,2018,雇工费用,元,30.84,xls:2019/2-7-1 2018年各地区大豆成本收益情况.xls
soybean,全国平均,2024,主产品产值,元,599.81,xls:2025/2-7-1 2024年各地区大豆成本收益情况.xlsx
soybean,全国平均,2024,主产品产量,公斤,152.16,xls:2025/2-7-1 2024年各地区大豆成本收益情况.xlsx
soybean,全国平均,2024,产值合计,元,612.88,xls:2025/2-7-1 2024年各地区大豆成本收益情况.xlsx
soybean,全国平均,2024,人工成本,元,221.61,xls:2025/2-7-1 2024年各地区大豆成本收益情况.xlsx
soybean,全国平均,2024,保险费,元,13.5,xls:2025/2-7-2 2024年各地区大豆费用和用工情况.xlsx
soybean,全国平均,2024,修理维护费,元,0.43,xls:2025/2-7-2 2024年各地区大豆费用和用工情况.xlsx
soybean,全国平均,2024,农家肥费,元,2.17,xls:2025/2-7-2 2024年各地区大豆费用和用工情况.xlsx
soybean,全国平均,2024,农药费,元,26.21,xls:2025/2-7-2 2024年各地区大豆费用和用工情况.xlsx
soybean,全国平均,2024,劳动日工价,元/日,99.92,xls:2025/2-7-2 2024年各地区大豆费用和用工情况.xlsx
soybean,全国平均,2024,化肥费,元,61.24,xls:2025/2-7-2 2024年各地区大豆费用和用工情况.xlsx
soybean,全国平均,2024,固定资产折旧,元,0.9,xls:2025/2-7-2 2024年各地区大豆费用和用工情况.xlsx
soybean,全国平均,2024,土地成本,元,489.96,xls:2025/2-7-1 2024年各地区大豆成本收益情况.xlsx
soybean,全国平均,2024,家庭用工天数,日,1.9,xls:2025/2-7-2 2024年各地区大豆费用和用工情况.xlsx
soybean,全国平均,2024,家庭用工折价,元,190.05,xls:2025/2-7-1 2024年各地区大豆成本收益情况.xlsx
soybean,全国平均,2024,工具材料费,元,1.84,xls:2025/2-7-2 2024年各地区大豆费用和用工情况.xlsx
soybean,全国平均,2024,平均出售价格,元/50公斤,197.1,xls:2025/2-7-1 2024年各地区大豆成本收益情况.xlsx
soybean,全国平均,2024,总成本,元,963.68,xls:2025/2-7-1 2024年各地区大豆成本收益情况.xlsx
soybean,全国平均,2024,排灌费,元,1.77,xls:2025/2-7-2 2024年各地区大豆费用和用工情况.xlsx
soybean,全国平均,2024,机械作业费,元,94.8,xls:2025/2-7-2 2024年各地区大豆费用和用工情况.xlsx
soybean,全国平均,2024,每亩化肥折纯用量,公斤,8.63,xls:2025/2-7-3 2024年各地区大豆化肥投入情况.xlsx
soybean,全国平均,2024,每亩化肥用量,公斤,8.63,xls:2025/2-7-2 2024年各地区大豆费用和用工情况.xlsx
soybean,全国平均,2024,每亩用工数量,日,2.13,xls:2025/2-7-1 2024年各地区大豆成本收益情况.xlsx
soybean,全国平均,2024,每亩种子用量,公斤,5.35,xls:2025/2-7-2 2024年各地区大豆费用和用工情况.xlsx
soybean,全国平均,2024,流转地租金,元,161.93,xls:2025/2-7-1 2024年各地区大豆成本收益情况.xlsx
soybean,全国平均,2024,燃料动力费,元,0.47,xls:2025/2-7-2 2024年各地区大豆费用和用工情况.xlsx
soybean,全国平均,2024,物质与服务费用,元,252.11,xls:2025/2-7-1 2024年各地区大豆成本收益情况.xlsx
soybean,全国平均,2024,生产成本,元,473.72,xls:2025/2-7-1 2024年各地区大豆成本收益情况.xlsx
soybean,全国平均,2024,畜力费,元,0.15,xls:2025/2-7-2 2024年各地区大豆费用和用工情况.xlsx
soybean,全国平均,2024,种子费,元,47.39,xls:2025/2-7-2 2024年各地区大豆费用和用工情况.xlsx
soybean,全国平均,2024,管理费,元,0.74,xls:2025/2-7-2 2024年各地区大豆费用和用工情况.xlsx
soybean,全国平均,2024,自营地折租,元,328.03,xls:2025/2-7-1 2024年各地区大豆成本收益情况.xlsx
soybean,全国平均,2024,财务费,元,0.08,xls:2025/2-7-2 2024年各地区大豆费用和用工情况.xlsx
soybean,全国平均,2024,销售费,元,0.42,xls:2025/2-7-2 2024年各地区大豆费用和用工情况.xlsx
soybean,全国平均,2024,雇工天数,日,0.22,xls:2025/2-7-2 2024年各地区大豆费用和用工情况.xlsx
soybean,全国平均,2024,雇工工价,元/日,141.55,xls:2025/2-7-2 2024年各地区大豆费用和用工情况.xlsx
soybean,全国平均,2024,雇工费用,元,31.57,xls:2025/2-7-1 2024年各地区大豆成本收益情况.xlsx
wheat,全国平均,2006,主产品产值,元,503.88,xls:2007/2-05-1.xls
wheat,全国平均,2006,主产品产量,公斤,351.8,xls:2007/2-05-1.xls
wheat,全国平均,2006,产值合计,元,522.46,xls:2007/2-05-1.xls
wheat,全国平均,2006,人工成本,元,119.61,xls:2007/2-05-1.xls
wheat,全国平均,2006,保险费,元,0.12,xls:2007/2-05-2.xls
wheat,全国平均,2006,修理维护费,元,1.0,xls:2007/2-05-2.xls
wheat,全国平均,2006,其他直接费用,元,0.28,xls:2007/2-05-2.xls
wheat,全国平均,2006,农家肥费,元,9.3,xls:2007/2-05-2.xls
wheat,全国平均,2006,农膜费,元,0.03,xls:2007/2-05-2.xls
wheat,全国平均,2006,农药费,元,8.25,xls:2007/2-05-2.xls
wheat,全国平均,2006,劳动日工价,元/日,16.9,xls:2007/2-05-2.xls
wheat,全国平均,2006,化肥费,元,91.0,xls:2007/2-05-2.xls
wheat,全国平均,2006,固定资产折旧,元,2.95,xls:2007/2-05-2.xls
wheat,全国平均,2006,土地成本,元,54.6,xls:2007/2-05-1.xls
wheat,全国平均,2006,家庭用工天数,日,6.86,xls:2007/2-05-2.xls
wheat,全国平均,2006,家庭用工折价,元,115.93,xls:2007/2-05-1.xls
wheat,全国平均,2006,工具材料费,元,2.23,xls:2007/2-05-2.xls
wheat,全国平均,2006,平均出售价格,元/50公斤,71.61,xls:2007/2-05-1.xls
wheat,全国平均,2006,总成本,元,404.77,xls:2007/2-05-1.xls
wheat,全国平均,2006,技术服务费,元,0.06,xls:2007/2-05-2.xls
wheat,全国平均,2006,排灌费,元,19.24,xls:2007/2-05-2.xls
wheat,全国平均,2006,机械作业费,元,59.8,xls:2007/2-05-2.xls
wheat,全国平均,2006,每亩化肥折纯用量,公斤,22.21,xls:2007/2-05-3.xls
wheat,全国平均,2006,每亩化肥用量,公斤,22.21,xls:2007/2-05-2.xls
wheat,全国平均,2006,每亩用工数量,日,7.01,xls:2007/2-05-1.xls
wheat,全国平均,2006,每亩种子用量,公斤,14.02,xls:2007/2-05-2.xls
wheat,全国平均,2006,流转地租金,元,2.35,xls:2007/2-05-1.xls
wheat,全国平均,2006,燃料动力费,元,0.04,xls:2007/2-05-2.xls
wheat,全国平均,2006,物质与服务费用,元,230.56,xls:2007/2-05-1.xls
wheat,全国平均,2006,生产成本,元,350.17,xls:2007/2-05-1.xls
wheat,全国平均,2006,畜力费,元,3.59,xls:2007/2-05-2.xls
wheat,全国平均,2006,种子费,元,31.16,xls:2007/2-05-2.xls
wheat,全国平均,2006,管理费,元,0.22,xls:2007/2-05-2.xls
wheat,全国平均,2006,自营地折租,元,52.25,xls:2007/2-05-1.xls
wheat,全国平均,2006,财务费,元,0.12,xls:2007/2-05-2.xls
wheat,全国平均,2006,销售费,元,1.17,xls:2007/2-05-2.xls
wheat,全国平均,2006,雇工天数,日,0.15,xls:2007/2-05-2.xls
wheat,全国平均,2006,雇工工价,元/日,24.53,xls:2007/2-05-2.xls
wheat,全国平均,2006,雇工费用,元,3.68,xls:2007/2-05-1.xls
wheat,全国平均,2007,主产品产值,元,543.99,xls:2008/2-05-1.xls
wheat,全国平均,2007,主产品产量,公斤,359.9,xls:2008/2-05-1.xls
wheat,全国平均,2007,产值合计,元,563.91,xls:2008/2-05-1.xls
wheat,全国平均,2007,人工成本,元,124.72,xls:2008/2-05-1.xls
wheat,全国平均,2007,保险费,元,0.1,xls:2008/2-05-2.xls
wheat,全国平均,2007,修理维护费,元,0.92,xls:2008/2-05-2.xls
wheat,全国平均,2007,其他直接费用,元,0.13,xls:2008/2-05-2.xls
wheat,全国平均,2007,农家肥费,元,7.68,xls:2008/2-05-2.xls
wheat,全国平均,2007,农膜费,元,0.02,xls:2008/2-05-2.xls
wheat,全国平均,2007,农药费,元,9.22,xls:2008/2-05-2.xls
wheat,全国平均,2007,劳动日工价,元/日,18.7,xls:2008/2-05-2.xls
wheat,全国平均,2007,化肥费,元,94.54,xls:2008/2-05-2.xls
wheat,全国平均,2007,固定资产折旧,元,2.72,xls:2008/2-05-2.xls
wheat,全国平均,2007,土地成本,元,68.88,xls:2008/2-05-1.xls
wheat,全国平均,2007,家庭用工天数,日,6.47,xls:2008/2-05-2.xls
wheat,全国平均,2007,家庭用工折价,元,120.99,xls:2008/2-05-1.xls
wheat,全国平均,2007,工具材料费,元,2.22,xls:2008/2-05-2.xls
wheat,全国平均,2007,平均出售价格,元/50公斤,75.58,xls:2008/2-05-1.xls
wheat,全国平均,2007,总成本,元,438.61,xls:2008/2-05-1.xls
wheat,全国平均,2007,技术服务费,元,0.09,xls:2008/2-05-2.xls
wheat,全国平均,2007,排灌费,元,22.98,xls:2008/2-05-2.xls
wheat,全国平均,2007,机械作业费,元,67.11,xls:2008/2-05-2.xls
wheat,全国平均,2007,每亩化肥折纯用量,公斤,22.71,xls:2008/2-05-3.xls
wheat,全国平均,2007,每亩化肥用量,公斤,22.71,xls:2008/2-05-2.xls
wheat,全国平均,2007,每亩用工数量,日,6.6,xls:2008/2-05-1.xls
wheat,全国平均,2007,每亩种子用量,公斤,14.07,xls:2008/2-05-2.xls
wheat,全国平均,2007,流转地租金,元,3.67,xls:2008/2-05-1.xls
wheat,全国平均,2007,燃料动力费,元,0.03,xls:2008/2-05-2.xls
wheat,全国平均,2007,物质与服务费用,元,245.01,xls:2008/2-05-1.xls
wheat,全国平均,2007,生产成本,元,369.73,xls:2008/2-05-1.xls
wheat,全国平均,2007,畜力费,元,3.24,xls:2008/2-05-2.xls
wheat,全国平均,2007,种子费,元,32.62,xls:2008/2-05-2.xls
wheat,全国平均,2007,管理费,元,0.26,xls:2008/2-05-2.xls
wheat,全国平均,2007,自营地折租,元,65.21,xls:2008/2-05-1.xls
wheat,全国平均,2007,财务费,元,0.17,xls:2008/2-05-2.xls
wheat,全国平均,2007,销售费,元,0.96,xls:2008/2-05-2.xls
wheat,全国平均,2007,雇工天数,日,0.13,xls:2008/2-05-2.xls
wheat,全国平均,2007,雇工工价,元/日,28.69,xls:2008/2-05-2.xls
wheat,全国平均,2007,雇工费用,元,3.73,xls:2008/2-05-1.xls
wheat,全国平均,2008,主产品产值,元,642.7,xls:2009/20501.xls
wheat,全国平均,2008,主产品产量,公斤,388.3,xls:2009/20501.xls
wheat,全国平均,2008,产值合计,元,663.06,xls:2009/20501.xls
wheat,全国平均,2008,人工成本,元,133.19,xls:2009/20501.xls
wheat,全国平均,2008,保险费,元,0.29,xls:2009/20502.xls
wheat,全国平均,2008,修理维护费,元,1.06,xls:2009/20502.xls
wheat,全国平均,2008,其他直接费用,元,0.01,xls:2009/20502.xls
wheat,全国平均,2008,农家肥费,元,8.19,xls:2009/20502.xls
wheat,全国平均,2008,农膜费,元,0.01,xls:2009/20502.xls
wheat,全国平均,2008,农药费,元,9.88,xls:2009/20502.xls
wheat,全国平均,2008,劳动日工价,元/日,21.6,xls:2009/20502.xls
wheat,全国平均,2008,化肥费,元,110.86,xls:2009/20502.xls
wheat,全国平均,2008,固定资产折旧,元,2.93,xls:2009/20502.xls
wheat,全国平均,2008,土地成本,元,86.67,xls:2009/20501.xls
wheat,全国平均,2008,家庭用工天数,日,6.02,xls:2009/20502.xls
wheat,全国平均,2008,家庭用工折价,元,130.03,xls:2009/20501.xls
wheat,全国平均,2008,工具材料费,元,2.37,xls:2009/20502.xls
wheat,全国平均,2008,平均出售价格,元/50公斤,82.76,xls:2009/20501.xls
wheat,全国平均,2008,总成本,元,498.55,xls:2009/20501.xls
wheat,全国平均,2008,技术服务费,元,0.02,xls:2009/20502.xls
wheat,全国平均,2008,排灌费,元,19.44,xls:2009/20502.xls
wheat,全国平均,2008,机械作业费,元,82.0,xls:2009/20502.xls
wheat,全国平均,2008,每亩化肥折纯用量,公斤,22.92,xls:2009/20503.xls
wheat,全国平均,2008,每亩化肥用量,公斤,22.92,xls:2009/20502.xls
wheat,全国平均,2008,每亩用工数量,日,6.1,xls:2009/20501.xls
wheat,全国平均,2008,每亩种子用量,公斤,14.09,xls:2009/20502.xls
wheat,全国平均,2008,流转地租金,元,4.52,xls:2009/20501.xls
wheat,全国平均,2008,燃料动力费,元,0.06,xls:2009/20502.xls
wheat,全国平均,2008,物质与服务费用,元,278.69,xls:2009/20501.xls
wheat,全国平均,2008,生产成本,元,411.88,xls:2009/20501.xls
wheat,全国平均,2008,畜力费,元,3.4,xls:2009/20502.xls
wheat,全国平均,2008,种子费,元,36.98,xls:2009/20502.xls
wheat,全国平均,2008,管理费,元,0.22,xls:2009/20502.xls
wheat,全国平均,2008,自营地折租,元,82.15,xls:2009/20501.xls
wheat,全国平均,2008,财务费,元,0.13,xls:2009/20502.xls
wheat,全国平均,2008,销售费,元,0.84,xls:2009/20502.xls
wheat,全国平均,2008,雇工天数,日,0.08,xls:2009/20502.xls
wheat,全国平均,2008,雇工工价,元/日,39.5,xls:2009/20502.xls
wheat,全国平均,2008,雇工费用,元,3.16,xls:2009/20501.xls
wheat,全国平均,2009,主产品产值,元,698.75,xls:2010/020501.xls
wheat,全国平均,2009,主产品产量,公斤,378.08,xls:2010/020501.xls
wheat,全国平均,2009,产值合计,元,717.51,xls:2010/020501.xls
wheat,全国平均,2009,人工成本,元,145.64,xls:2010/020501.xls
wheat,全国平均,2009,保险费,元,1.31,xls:2010/020502.xls
wheat,全国平均,2009,修理维护费,元,1.05,xls:2010/020502.xls
wheat,全国平均,2009,其他直接费用,元,0.01,xls:2010/020502.xls
wheat,全国平均,2009,农家肥费,元,8.58,xls:2010/020502.xls
wheat,全国平均,2009,农膜费,元,0.03,xls:2010/020502.xls
wheat,全国平均,2009,农药费,元,11.35,xls:2010/020502.xls
wheat,全国平均,2009,劳动日工价,元/日,24.8,xls:2010/020502.xls
wheat,全国平均,2009,化肥费,元,135.38,xls:2010/020502.xls
wheat,全国平均,2009,固定资产折旧,元,3.34,xls:2010/020502.xls
wheat,全国平均,2009,土地成本,元,103.88,xls:2010/020501.xls
wheat,全国平均,2009,家庭用工天数,日,5.76,xls:2010/020502.xls
wheat,全国平均,2009,家庭用工折价,元,142.75,xls:2010/020501.xls
wheat,全国平均,2009,工具材料费,元,2.57,xls:2010/020502.xls
wheat,全国平均,2009,平均出售价格,元/50公斤,92.41,xls:2010/020501.xls
wheat,全国平均,2009,总成本,元,567.0,xls:2010/020501.xls
wheat,全国平均,2009,排灌费,元,26.01,xls:2010/020502.xls
wheat,全国平均,2009,机械作业费,元,82.77,xls:2010/020502.xls
wheat,全国平均,2009,每亩化肥折纯用量,公斤,23.22,xls:2010/020503.xls
wheat,全国平均,2009,每亩化肥用量,公斤,23.22,xls:2010/020502.xls
wheat,全国平均,2009,每亩用工数量,日,5.81,xls:2010/020501.xls
wheat,全国平均,2009,每亩种子用量,公斤,14.56,xls:2010/020502.xls
wheat,全国平均,2009,流转地租金,元,4.7,xls:2010/020501.xls
wheat,全国平均,2009,燃料动力费,元,0.79,xls:2010/020502.xls
wheat,全国平均,2009,物质与服务费用,元,317.48,xls:2010/020501.xls
wheat,全国平均,2009,生产成本,元,463.12,xls:2010/020501.xls
wheat,全国平均,2009,畜力费,元,4.02,xls:2010/020502.xls
wheat,全国平均,2009,种子费,元,39.34,xls:2010/020502.xls
wheat,全国平均,2009,管理费,元,0.14,xls:2010/020502.xls
wheat,全国平均,2009,自营地折租,元,99.18,xls:2010/020501.xls
wheat,全国平均,2009,财务费,元,0.09,xls:2010/020502.xls
wheat,全国平均,2009,销售费,元,0.7,xls:2010/020502.xls
wheat,全国平均,2009,雇工天数,日,0.06,xls:2010/020502.xls
wheat,全国平均,2009,雇工工价,元/日,52.62,xls:2010/020502.xls
wheat,全国平均,2009,雇工费用,元,2.89,xls:2010/020501.xls
wheat,全国平均,2010,主产品产值,元,732.72,xls:2011/020501.xls
wheat,全国平均,2010,主产品产量,公斤,370.02,xls:2011/020501.xls
wheat,全国平均,2010,产值合计,元,750.8,xls:2011/020501.xls
wheat,全国平均,2010,人工成本,元,178.83,xls:2011/020501.xls
wheat,全国平均,2010,保险费,元,1.68,xls:2011/020502.xls
wheat,全国平均,2010,修理维护费,元,1.59,xls:2011/020502.xls
wheat,全国平均,2010,其他直接费用,元,0.01,xls:2011/020502.xls
wheat,全国平均,2010,农家肥费,元,9.81,xls:2011/020502.xls
wheat,全国平均,2010,农膜费,元,0.04,xls:2011/020502.xls
wheat,全国平均,2010,农药费,元,13.07,xls:2011/020502.xls
wheat,全国平均,2010,劳动日工价,元/日,31.3,xls:2011/020502.xls
wheat,全国平均,2010,化肥费,元,118.49,xls:2011/020502.xls
wheat,全国平均,2010,固定资产折旧,元,3.67,xls:2011/020502.xls
wheat,全国平均,2010,土地成本,元,121.45,xls:2011/020501.xls
wheat,全国平均,2010,家庭用工天数,日,5.51,xls:2011/020502.xls
wheat,全国平均,2010,家庭用工折价,元,172.43,xls:2011/020501.xls
wheat,全国平均,2010,工具材料费,元,2.78,xls:2011/020502.xls
wheat,全国平均,2010,平均出售价格,元/50公斤,99.01,xls:2011/020501.xls
wheat,全国平均,2010,总成本,元,618.63,xls:2011/020501.xls
wheat,全国平均,2010,排灌费,元,25.3,xls:2011/020502.xls
wheat,全国平均,2010,机械作业费,元,91.83,xls:2011/020502.xls
wheat,全国平均,2010,每亩化肥折纯用量,公斤,25.15,xls:2011/020503.xls
wheat,全国平均,2010,每亩化肥用量,公斤,25.15,xls:2011/020502.xls
wheat,全国平均,2010,每亩用工数量,日,5.64,xls:2011/020501.xls
wheat,全国平均,2010,每亩种子用量,公斤,14.66,xls:2011/020502.xls
wheat,全国平均,2010,流转地租金,元,6.76,xls:2011/020501.xls
wheat,全国平均,2010,燃料动力费,元,0.36,xls:2011/020502.xls
wheat,全国平均,2010,物质与服务费用,元,318.35,xls:2011/020501.xls
wheat,全国平均,2010,生产成本,元,497.18,xls:2011/020501.xls
wheat,全国平均,2010,畜力费,元,3.63,xls:2011/020502.xls
wheat,全国平均,2010,种子费,元,44.72,xls:2011/020502.xls
wheat,全国平均,2010,管理费,元,0.46,xls:2011/020502.xls
wheat,全国平均,2010,自营地折租,元,114.69,xls:2011/020501.xls
wheat,全国平均,2010,财务费,元,0.05,xls:2011/020502.xls
wheat,全国平均,2010,销售费,元,0.86,xls:2011/020502.xls
wheat,全国平均,2010,雇工天数,日,0.13,xls:2011/020502.xls
wheat,全国平均,2010,雇工工价,元/日,49.19,xls:2011/020502.xls
wheat,全国平均,2010,雇工费用,元,6.4,xls:2011/020501.xls
wheat,全国平均,2011,主产品产值,元,809.06,xls:2012/020501.xls
wheat,全国平均,2011,主产品产量,公斤,389.17,xls:2012/020501.xls
wheat,全国平均,2011,产值合计,元,830.2,xls:2012/020501.xls
wheat,全国平均,2011,人工成本,元,225.68,xls:2012/020501.xls
wheat,全国平均,2011,保险费,元,2.41,xls:2012/020502.xls
wheat,全国平均,2011,修理维护费,元,1.59,xls:2012/020502.xls
wheat,全国平均,2011,农家肥费,元,9.82,xls:2012/020502.xls
wheat,全国平均,2011,农药费,元,13.43,xls:2012/020502.xls
wheat,全国平均,2011,劳动日工价,元/日,40.0,xls:2012/020502.xls
wheat,全国平均,2011,化肥费,元,131.16,xls:2012/020502.xls
wheat,全国平均,2011,固定资产折旧,元,3.61,xls:2012/020502.xls
wheat,全国平均,2011,土地成本,元,129.27,xls:2012/020501.xls
wheat,全国平均,2011,家庭用工天数,日,5.5,xls:2012/020502.xls
wheat,全国平均,2011,家庭用工折价,元,219.8,xls:2012/020501.xls
wheat,全国平均,2011,工具材料费,元,2.96,xls:2012/020502.xls
wheat,全国平均,2011,平均出售价格,元/50公斤,103.95,xls:2012/020501.xls
wheat,全国平均,2011,总成本,元,712.28,xls:2012/020501.xls
wheat,全国平均,2011,排灌费,元,35.23,xls:2012/020502.xls
wheat,全国平均,2011,机械作业费,元,100.41,xls:2012/020502.xls
wheat,全国平均,2011,每亩化肥折纯用量,公斤,25.16,xls:2012/020503.xls
wheat,全国平均,2011,每亩化肥用量,公斤,25.16,xls:2012/020502.xls
wheat,全国平均,2011,每亩用工数量,日,5.58,xls:2012/020501.xls
wheat,全国平均,2011,每亩种子用量,公斤,15.3,xls:2012/020502.xls
wheat,全国平均,2011,流转地租金,元,7.04,xls:2012/020501.xls
wheat,全国平均,2011,燃料动力费,元,0.64,xls:2012/020502.xls
wheat,全国平均,2011,物质与服务费用,元,357.33,xls:2012/020501.xls
wheat,全国平均,2011,生产成本,元,583.01,xls:2012/020501.xls
wheat,全国平均,2011,畜力费,元,3.38,xls:2012/020502.xls
wheat,全国平均,2011,种子费,元,51.28,xls:2012/020502.xls
wheat,全国平均,2011,管理费,元,0.42,xls:2012/020502.xls
wheat,全国平均,2011,自营地折租,元,122.23,xls:2012/020501.xls
wheat,全国平均,2011,财务费,元,0.04,xls:2012/020502.xls
wheat,全国平均,2011,销售费,元,0.95,xls:2012/020502.xls
wheat,全国平均,2011,雇工天数,日,0.08,xls:2012/020502.xls
wheat,全国平均,2011,雇工工价,元/日,70.84,xls:2012/020502.xls
wheat,全国平均,2011,雇工费用,元,5.88,xls:2012/020501.xls
wheat,全国平均,2012,主产品产值,元,829.17,xls:2013/020501.xls
wheat,全国平均,2012,主产品产量,公斤,382.76,xls:2013/020501.xls
wheat,全国平均,2012,产值合计,元,851.73,xls:2013/020501.xls
wheat,全国平均,2012,人工成本,元,291.4,xls:2013/020501.xls
wheat,全国平均,2012,保险费,元,3.42,xls:2013/020502.xls
wheat,全国平均,2012,修理维护费,元,1.53,xls:2013/020502.xls
wheat,全国平均,2012,农家肥费,元,13.3,xls:2013/020502.xls
wheat,全国平均,2012,农药费,元,15.87,xls:2013/020502.xls
wheat,全国平均,2012,劳动日工价,元/日,56.0,xls:2013/020502.xls
wheat,全国平均,2012,化肥费,元,153.78,xls:2013/020502.xls
wheat,全国平均,2012,固定资产折旧,元,3.63,xls:2013/020502.xls
wheat,全国平均,2012,土地成本,元,142.35,xls:2013/020501.xls
wheat,全国平均,2012,家庭用工天数,日,5.08,xls:2013/020502.xls
wheat,全国平均,2012,家庭用工折价,元,284.2,xls:2013/020501.xls
wheat,全国平均,2012,工具材料费,元,3.16,xls:2013/020502.xls
wheat,全国平均,2012,平均出售价格,元/50公斤,108.31,xls:2013/020501.xls
wheat,全国平均,2012,总成本,元,830.44,xls:2013/020501.xls
wheat,全国平均,2012,技术服务费,元,0.01,xls:2013/020502.xls
wheat,全国平均,2012,排灌费,元,29.18,xls:2013/020502.xls
wheat,全国平均,2012,机械作业费,元,112.07,xls:2013/020502.xls
wheat,全国平均,2012,每亩化肥折纯用量,公斤,25.41,xls:2013/020503.xls
wheat,全国平均,2012,每亩用工数量,日,5.16,xls:2013/020501.xls
wheat,全国平均,2012,流转地租金,元,10.71,xls:2013/020501.xls
wheat,全国平均,2012,燃料动力费,元,0.44,xls:2013/020502.xls
wheat,全国平均,2012,物质与服务费用,元,396.69,xls:2013/020501.xls
wheat,全国平均,2012,生产成本,元,688.09,xls:2013/020501.xls
wheat,全国平均,2012,畜力费,元,3.03,xls:2013/020502.xls
wheat,全国平均,2012,种子费,元,55.83,xls:2013/020502.xls
wheat,全国平均,2012,管理费,元,0.45,xls:2013/020502.xls
wheat,全国平均,2012,自营地折租,元,131.64,xls:2013/020501.xls
wheat,全国平均,2012,财务费,元,0.02,xls:2013/020502.xls
wheat,全国平均,2012,销售费,元,0.97,xls:2013/020502.xls
wheat,全国平均,2012,雇工天数,日,0.08,xls:2013/020502.xls
wheat,全国平均,2012,雇工工价,元/日,85.76,xls:2013/020502.xls
wheat,全国平均,2012,雇工费用,元,7.2,xls:2013/020501.xls
wheat,全国平均,2013,主产品产值,元,882.01,xls:2014/020501a.xls
wheat,全国平均,2013,主产品产量,公斤,374.32,xls:2014/020501a.xls
wheat,全国平均,2013,产值合计,元,901.93,xls:2014/020501a.xls
wheat,全国平均,2013,人工成本,元,343.78,xls:2014/020501a.xls
wheat,全国平均,2013,保险费,元,4.4,xls:2014/020502a.xls
wheat,全国平均,2013,修理维护费,元,1.47,xls:2014/020502a.xls
wheat,全国平均,2013,农家肥费,元,13.23,xls:2014/020502a.xls
wheat,全国平均,2013,农膜费,元,0.02,xls:2014/020502a.xls
wheat,全国平均,2013,农药费,元,17.13,xls:2014/020502a.xls
wheat,全国平均,2013,劳动日工价,元/日,68.0,xls:2014/020502a.xls
wheat,全国平均,2013,化肥费,元,156.98,xls:2014/020502a.xls
wheat,全国平均,2013,固定资产折旧,元,3.66,xls:2014/020502a.xls
wheat,全国平均,2013,土地成本,元,153.85,xls:2014/020501a.xls
wheat,全国平均,2013,家庭用工天数,日,4.91,xls:2014/020502a.xls
wheat,全国平均,2013,家庭用工折价,元,333.54,xls:2014/020501a.xls
wheat,全国平均,2013,工具材料费,元,3.31,xls:2014/020502a.xls
wheat,全国平均,2013,平均出售价格,元/50公斤,117.81,xls:2014/020501a.xls
wheat,全国平均,2013,总成本,元,914.71,xls:2014/020501a.xls
wheat,全国平均,2013,技术服务费,元,0.01,xls:2014/020502a.xls
wheat,全国平均,2013,排灌费,元,32.27,xls:2014/020502a.xls
wheat,全国平均,2013,机械作业费,元,119.62,xls:2014/020502a.xls
wheat,全国平均,2013,每亩化肥折纯用量,公斤,25.39,xls:2014/020503a.xls
wheat,全国平均,2013,每亩化肥用量,公斤,25.39,xls:2014/020502a.xls
wheat,全国平均,2013,每亩用工数量,日,5.03,xls:2014/020501a.xls
wheat,全国平均,2013,每亩种子用量,公斤,15.65,xls:2014/020502a.xls
wheat,全国平均,2013,流转地租金,元,13.97,xls:2014/020501a.xls
wheat,全国平均,2013,燃料动力费,元,0.7,xls:2014/020502a.xls
wheat,全国平均,2013,物质与服务费用,元,417.08,xls:2014/020501a.xls
wheat,全国平均,2013,生产成本,元,760.86,xls:2014/020501a.xls
wheat,全国平均,2013,畜力费,元,3.06,xls:2014/020502a.xls
wheat,全国平均,2013,种子费,元,59.51,xls:2014/020502a.xls
wheat,全国平均,2013,管理费,元,0.43,xls:2014/020502a.xls
wheat,全国平均,2013,自营地折租,元,139.88,xls:2014/020501a.xls
wheat,全国平均,2013,财务费,元,0.03,xls:2014/020502a.xls
wheat,全国平均,2013,销售费,元,1.25,xls:2014/020502a.xls
wheat,全国平均,2013,雇工天数,日,0.13,xls:2014/020502a.xls
wheat,全国平均,2013,雇工工价,元/日,81.93,xls:2014/020502a.xls
wheat,全国平均,2013,雇工费用,元,10.24,xls:2014/020501a.xls
wheat,全国平均,2014,主产品产值,元,1032.26,xls:2015/0205-01.xls
wheat,全国平均,2014,主产品产量,公斤,428.01,xls:2015/0205-01.xls
wheat,全国平均,2014,产值合计,元,1052.96,xls:2015/0205-01.xls
wheat,全国平均,2014,人工成本,元,364.77,xls:2015/0205-01.xls
wheat,全国平均,2014,保险费,元,4.41,xls:2015/0205-02.xls
wheat,全国平均,2014,修理维护费,元,1.46,xls:2015/0205-02.xls
wheat,全国平均,2014,农家肥费,元,13.19,xls:2015/0205-02.xls
wheat,全国平均,2014,农药费,元,17.48,xls:2015/0205-02.xls
wheat,全国平均,2014,劳动日工价,元/日,74.4,xls:2015/0205-02.xls
wheat,全国平均,2014,化肥费,元,145.93,xls:2015/0205-02.xls
wheat,全国平均,2014,固定资产折旧,元,3.59,xls:2015/0205-02.xls
wheat,全国平均,2014,土地成本,元,181.33,xls:2015/0205-01.xls
wheat,全国平均,2014,家庭用工天数,日,4.75,xls:2015/0205-02.xls
wheat,全国平均,2014,家庭用工折价,元,353.7,xls:2015/0205-01.xls
wheat,全国平均,2014,工具材料费,元,3.35,xls:2015/0205-02.xls
wheat,全国平均,2014,平均出售价格,元/50公斤,120.59,xls:2015/0205-01.xls
wheat,全国平均,2014,总成本,元,965.13,xls:2015/0205-01.xls
wheat,全国平均,2014,排灌费,元,34.53,xls:2015/0205-02.xls
wheat,全国平均,2014,机械作业费,元,126.6,xls:2015/0205-02.xls
wheat,全国平均,2014,每亩化肥折纯用量,公斤,27.01,xls:2015/0205-03.xls
wheat,全国平均,2014,每亩化肥用量,公斤,27.01,xls:2015/0205-02.xls
wheat,全国平均,2014,每亩用工数量,日,4.87,xls:2015/0205-01.xls
wheat,全国平均,2014,每亩种子用量,公斤,15.75,xls:2015/0205-02.xls
wheat,全国平均,2014,流转地租金,元,21.1,xls:2015/0205-01.xls
wheat,全国平均,2014,燃料动力费,元,0.68,xls:2015/0205-02.xls
wheat,全国平均,2014,物质与服务费用,元,419.03,xls:2015/0205-01.xls
wheat,全国平均,2014,生产成本,元,783.8,xls:2015/0205-01.xls
wheat,全国平均,2014,畜力费,元,2.48,xls:2015/0205-02.xls
wheat,全国平均,2014,种子费,元,63.97,xls:2015/0205-02.xls
wheat,全国平均,2014,管理费,元,0.33,xls:2015/0205-02.xls
wheat,全国平均,2014,自营地折租,元,160.23,xls:2015/0205-01.xls
wheat,全国平均,2014,财务费,元,0.04,xls:2015/0205-02.xls
wheat,全国平均,2014,销售费,元,0.99,xls:2015/0205-02.xls
wheat,全国平均,2014,雇工天数,日,0.12,xls:2015/0205-02.xls
wheat,全国平均,2014,雇工工价,元/日,94.6,xls:2015/0205-02.xls
wheat,全国平均,2014,雇工费用,元,11.07,xls:2015/0205-01.xls
wheat,全国平均,2015,主产品产值,元,979.83,xls:2016/2-05-1a.xls
wheat,全国平均,2015,主产品产量,公斤,420.79,xls:2016/2-05-1a.xls
wheat,全国平均,2015,产值合计,元,1001.71,xls:2016/2-05-1a.xls
wheat,全国平均,2015,人工成本,元,364.39,xls:2016/2-05-1a.xls
wheat,全国平均,2015,保险费,元,4.97,xls:2016/2-05-2a.xls
wheat,全国平均,2015,修理维护费,元,1.42,xls:2016/2-05-2a.xls
wheat,全国平均,2015,农家肥费,元,12.85,xls:2016/2-05-2a.xls
wheat,全国平均,2015,农药费,元,19.67,xls:2016/2-05-2a.xls
wheat,全国平均,2015,劳动日工价,元/日,78.0,xls:2016/2-05-2a.xls
wheat,全国平均,2015,化肥费,元,143.1,xls:2016/2-05-2a.xls
wheat,全国平均,2015,固定资产折旧,元,3.48,xls:2016/2-05-2a.xls
wheat,全国平均,2015,土地成本,元,199.68,xls:2016/2-05-1a.xls
wheat,全国平均,2015,家庭用工天数,日,4.52,xls:2016/2-05-2a.xls
wheat,全国平均,2015,家庭用工折价,元,352.4,xls:2016/2-05-1a.xls
wheat,全国平均,2015,工具材料费,元,3.24,xls:2016/2-05-2a.xls
wheat,全国平均,2015,平均出售价格,元/50公斤,116.43,xls:2016/2-05-1a.xls
wheat,全国平均,2015,总成本,元,984.3,xls:2016/2-05-1a.xls
wheat,全国平均,2015,技术服务费,元,0.01,xls:2016/2-05-2a.xls
wheat,全国平均,2015,排灌费,元,29.51,xls:2016/2-05-2a.xls
wheat,全国平均,2015,机械作业费,元,131.13,xls:2016/2-05-2a.xls
wheat,全国平均,2015,每亩化肥折纯用量,公斤,27.05,xls:2016/2-05-3a.xls
wheat,全国平均,2015,每亩化肥用量,公斤,27.05,xls:2016/2-05-2a.xls
wheat,全国平均,2015,每亩用工数量,日,4.65,xls:2016/2-05-1a.xls
wheat,全国平均,2015,每亩种子用量,公斤,15.85,xls:2016/2-05-2a.xls
wheat,全国平均,2015,流转地租金,元,26.6,xls:2016/2-05-1a.xls
wheat,全国平均,2015,燃料动力费,元,0.9,xls:2016/2-05-2a.xls
wheat,全国平均,2015,物质与服务费用,元,420.23,xls:2016/2-05-1a.xls
wheat,全国平均,2015,生产成本,元,784.62,xls:2016/2-05-1a.xls
wheat,全国平均,2015,畜力费,元,2.42,xls:2016/2-05-2a.xls
wheat,全国平均,2015,种子费,元,66.11,xls:2016/2-05-2a.xls
wheat,全国平均,2015,管理费,元,0.28,xls:2016/2-05-2a.xls
wheat,全国平均,2015,自营地折租,元,173.08,xls:2016/2-05-1a.xls
wheat,全国平均,2015,财务费,元,0.04,xls:2016/2-05-2a.xls
wheat,全国平均,2015,销售费,元,1.1,xls:2016/2-05-2a.xls
wheat,全国平均,2015,雇工天数,日,0.13,xls:2016/2-05-2a.xls
wheat,全国平均,2015,雇工工价,元/日,92.93,xls:2016/2-05-2a.xls
wheat,全国平均,2015,雇工费用,元,11.99,xls:2016/2-05-1a.xls
wheat,全国平均,2016,主产品产值,元,907.21,xls:2017/2-05-1a.xls
wheat,全国平均,2016,主产品产量,公斤,406.34,xls:2017/2-05-1a.xls
wheat,全国平均,2016,产值合计,元,930.36,xls:2017/2-05-1a.xls
wheat,全国平均,2016,人工成本,元,370.9912,xls:2017/2-05-1a.xls
wheat,全国平均,2016,保险费,元,5.75,xls:2017/2-05-2a.xls
wheat,全国平均,2016,修理维护费,元,1.35,xls:2017/2-05-2a.xls
wheat,全国平均,2016,其他直接费用,元,0.01,xls:2017/2-05-2a.xls
wheat,全国平均,2016,农家肥费,元,20.0,xls:2017/2-05-2a.xls
wheat,全国平均,2016,农膜费,元,0.0,xls:2017/2-05-2a.xls
wheat,全国平均,2016,农药费,元,20.94,xls:2017/2-05-2a.xls
wheat,全国平均,2016,劳动日工价,元/日,81.4,xls:2017/2-05-2a.xls
wheat,全国平均,2016,化肥费,元,140.78,xls:2017/2-05-2a.xls
wheat,全国平均,2016,固定资产折旧,元,3.54,xls:2017/2-05-2a.xls
wheat,全国平均,2016,土地成本,元,206.92,xls:2017/2-05-1a.xls
wheat,全国平均,2016,家庭用工天数,日,4.408,xls:2017/2-05-2a.xls
wheat,全国平均,2016,家庭用工折价,元,358.8112,xls:2017/2-05-1a.xls
wheat,全国平均,2016,工具材料费,元,3.43,xls:2017/2-05-2a.xls
wheat,全国平均,2016,平均出售价格,元/50公斤,111.63,xls:2017/2-05-1a.xls
wheat,全国平均,2016,总成本,元,1012.5112,xls:2017/2-05-1a.xls
wheat,全国平均,2016,技术服务费,元,0.01,xls:2017/2-05-2a.xls
wheat,全国平均,2016,排灌费,元,32.84,xls:2017/2-05-2a.xls
wheat,全国平均,2016,机械作业费,元,133.16,xls:2017/2-05-2a.xls
wheat,全国平均,2016,每亩农膜用量,公斤,0.0,xls:2017/2-05-2a.xls
wheat,全国平均,2016,每亩化肥折纯用量,公斤,27.35,xls:2017/2-05-3a.xls
wheat,全国平均,2016,每亩化肥用量,公斤,27.35,xls:2017/2-05-2a.xls
wheat,全国平均,2016,每亩用工数量,日,4.54,xls:2017/2-05-1a.xls
wheat,全国平均,2016,每亩种子用量,公斤,16.15,xls:2017/2-05-2a.xls
wheat,全国平均,2016,流转地租金,元,27.97,xls:2017/2-05-1a.xls
wheat,全国平均,2016,燃料动力费,元,0.85,xls:2017/2-05-2a.xls
wheat,全国平均,2016,物质与服务费用,元,434.6,xls:2017/2-05-1a.xls
wheat,全国平均,2016,生产成本,元,805.5912,xls:2017/2-05-1a.xls
wheat,全国平均,2016,畜力费,元,2.47,xls:2017/2-05-2a.xls
wheat,全国平均,2016,种子费,元,68.16,xls:2017/2-05-2a.xls
wheat,全国平均,2016,管理费,元,0.2,xls:2017/2-05-2a.xls
wheat,全国平均,2016,自营地折租,元,178.95,xls:2017/2-05-1a.xls
wheat,全国平均,2016,财务费,元,0.02,xls:2017/2-05-2a.xls
wheat,全国平均,2016,销售费,元,1.09,xls:2017/2-05-2a.xls
wheat,全国平均,2016,雇工天数,日,0.13,xls:2017/2-05-2a.xls
wheat,全国平均,2016,雇工工价,元/日,93.692,xls:2017/2-05-2a.xls
wheat,全国平均,2016,雇工费用,元,12.18,xls:2017/2-05-1a.xls
wheat,全国平均,2017,主产品产值,元,987.62,xls:2018/2-5-1 2017年各地区小麦成本收益情况.xls
wheat,全国平均,2017,主产品产量,公斤,423.54,xls:2018/2-5-1 2017年各地区小麦成本收益情况.xls
wheat,全国平均,2017,产值合计,元,1013.74,xls:2018/2-5-1 2017年各地区小麦成本收益情况.xls
wheat,全国平均,2017,人工成本,元,361.8728,xls:2018/2-5-1 2017年各地区小麦成本收益情况.xls
wheat,全国平均,2017,保险费,元,6.1,xls:2018/2-5-2 2017年各地区小麦费用和用工情况.xls
wheat,全国平均,2017,修理维护费,元,1.3,xls:2018/2-5-2 2017年各地区小麦费用和用工情况.xls
wheat,全国平均,2017,其他直接费用,元,0.01,xls:2018/2-5-2 2017年各地区小麦费用和用工情况.xls
wheat,全国平均,2017,农家肥费,元,22.53,xls:2018/2-5-2 2017年各地区小麦费用和用工情况.xls
wheat,全国平均,2017,农膜费,元,0.0,xls:2018/2-5-2 2017年各地区小麦费用和用工情况.xls
wheat,全国平均,2017,农药费,元,22.31,xls:2018/2-5-2 2017年各地区小麦费用和用工情况.xls
wheat,全国平均,2017,劳动日工价,元/日,83.1,xls:2018/2-5-2 2017年各地区小麦费用和用工情况.xls
wheat,全国平均,2017,化肥费,元,140.43,xls:2018/2-5-2 2017年各地区小麦费用和用工情况.xls
wheat,全国平均,2017,固定资产折旧,元,3.47,xls:2018/2-5-2 2017年各地区小麦费用和用工情况.xls
wheat,全国平均,2017,土地成本,元,207.12,xls:2018/2-5-1 2017年各地区小麦成本收益情况.xls
wheat,全国平均,2017,家庭用工天数,日,4.188,xls:2018/2-5-2 2017年各地区小麦费用和用工情况.xls
wheat,全国平均,2017,家庭用工折价,元,348.0228,xls:2018/2-5-1 2017年各地区小麦成本收益情况.xls
wheat,全国平均,2017,工具材料费,元,3.42,xls:2018/2-5-2 2017年各地区小麦费用和用工情况.xls
wheat,全国平均,2017,平均出售价格,元/50公斤,116.59,xls:2018/2-5-1 2017年各地区小麦成本收益情况.xls
wheat,全国平均,2017,总成本,元,1007.6428,xls:2018/2-5-1 2017年各地区小麦成本收益情况.xls
wheat,全国平均,2017,技术服务费,元,0.01,xls:2018/2-5-2 2017年各地区小麦费用和用工情况.xls
wheat,全国平均,2017,排灌费,元,28.82,xls:2018/2-5-2 2017年各地区小麦费用和用工情况.xls
wheat,全国平均,2017,机械作业费,元,135.75,xls:2018/2-5-2 2017年各地区小麦费用和用工情况.xls
wheat,全国平均,2017,每亩农膜用量,公斤,0.0,xls:2018/2-5-2 2017年各地区小麦费用和用工情况.xls
wheat,全国平均,2017,每亩化肥折纯用量,公斤,27.67,xls:2018/2-5-3 2017年各地区小麦化肥投入情况.xls
wheat,全国平均,2017,每亩化肥用量,公斤,27.67,xls:2018/2-5-2 2017年各地区小麦费用和用工情况.xls
wheat,全国平均,2017,每亩用工数量,日,4.34,xls:2018/2-5-1 2017年各地区小麦成本收益情况.xls
wheat,全国平均,2017,每亩种子用量,公斤,16.3,xls:2018/2-5-2 2017年各地区小麦费用和用工情况.xls
wheat,全国平均,2017,流转地租金,元,29.22,xls:2018/2-5-1 2017年各地区小麦成本收益情况.xls
wheat,全国平均,2017,燃料动力费,元,0.82,xls:2018/2-5-2 2017年各地区小麦费用和用工情况.xls
wheat,全国平均,2017,物质与服务费用,元,438.65,xls:2018/2-5-1 2017年各地区小麦成本收益情况.xls
wheat,全国平均,2017,生产成本,元,800.5228,xls:2018/2-5-1 2017年各地区小麦成本收益情况.xls
wheat,全国平均,2017,畜力费,元,1.74,xls:2018/2-5-2 2017年各地区小麦费用和用工情况.xls
wheat,全国平均,2017,种子费,元,70.66,xls:2018/2-5-2 2017年各地区小麦费用和用工情况.xls
wheat,全国平均,2017,管理费,元,0.17,xls:2018/2-5-2 2017年各地区小麦费用和用工情况.xls
wheat,全国平均,2017,自营地折租,元,177.9,xls:2018/2-5-1 2017年各地区小麦成本收益情况.xls
wheat,全国平均,2017,财务费,元,0.02,xls:2018/2-5-2 2017年各地区小麦费用和用工情况.xls
wheat,全国平均,2017,销售费,元,1.09,xls:2018/2-5-2 2017年各地区小麦费用和用工情况.xls
wheat,全国平均,2017,雇工天数,日,0.15,xls:2018/2-5-2 2017年各地区小麦费用和用工情况.xls
wheat,全国平均,2017,雇工工价,元/日,92.333,xls:2018/2-5-2 2017年各地区小麦费用和用工情况.xls
wheat,全国平均,2017,雇工费用,元,13.85,xls:2018/2-5-1 2017年各地区小麦成本收益情况.xls
wheat,全国平均,2018,主产品产值,元,827.85,xls:2019/2-5-1 2018年各地区小麦成本收益情况.xls
wheat,全国平均,2018,主产品产量,公斤,368.99,xls:2019/2-5-1 2018年各地区小麦成本收益情况.xls
wheat,全国平均,2018,产值合计,元,853.53,xls:2019/2-5-1 2018年各地区小麦成本收益情况.xls
wheat,全国平均,2018,人工成本,元,350.7633,xls:2019/2-5-1 2018年各地区小麦成本收益情况.xls
wheat,全国平均,2018,保险费,元,7.02,xls:2019/2-5-2 2018年各地区小麦费用和用工情况.xls
wheat,全国平均,2018,修理维护费,元,1.25,xls:2019/2-5-2 2018年各地区小麦费用和用工情况.xls
wheat,全国平均,2018,其他直接费用,元,0.0,xls:2019/2-5-2 2018年各地区小麦费用和用工情况.xls
wheat,全国平均,2018,农家肥费,元,22.86,xls:2019/2-5-2 2018年各地区小麦费用和用工情况.xls
wheat,全国平均,2018,农膜费,元,0.0,xls:2019/2-5-2 2018年各地区小麦费用和用工情况.xls
wheat,全国平均,2018,农药费,元,23.39,xls:2019/2-5-2 2018年各地区小麦费用和用工情况.xls
wheat,全国平均,2018,劳动日工价,元/日,84.89,xls:2019/2-5-2 2018年各地区小麦费用和用工情况.xls
wheat,全国平均,2018,化肥费,元,148.56,xls:2019/2-5-2 2018年各地区小麦费用和用工情况.xls
wheat,全国平均,2018,固定资产折旧,元,3.33,xls:2019/2-5-2 2018年各地区小麦费用和用工情况.xls
wheat,全国平均,2018,土地成本,元,211.93,xls:2019/2-5-1 2018年各地区小麦成本收益情况.xls
wheat,全国平均,2018,家庭用工天数,日,3.97,xls:2019/2-5-2 2018年各地区小麦费用和用工情况.xls
wheat,全国平均,2018,家庭用工折价,元,337.0133,xls:2019/2-5-1 2018年各地区小麦成本收益情况.xls
wheat,全国平均,2018,工具材料费,元,3.32,xls:2019/2-5-2 2018年各地区小麦费用和用工情况.xls
wheat,全国平均,2018,平均出售价格,元/50公斤,112.18,xls:2019/2-5-1 2018年各地区小麦成本收益情况.xls
wheat,全国平均,2018,总成本,元,1012.9433,xls:2019/2-5-1 2018年各地区小麦成本收益情况.xls
wheat,全国平均,2018,技术服务费,元,0.01,xls:2019/2-5-2 2018年各地区小麦费用和用工情况.xls
wheat,全国平均,2018,排灌费,元,28.51,xls:2019/2-5-2 2018年各地区小麦费用和用工情况.xls
wheat,全国平均,2018,机械作业费,元,138.29,xls:2019/2-5-2 2018年各地区小麦费用和用工情况.xls
wheat,全国平均,2018,每亩农膜用量,公斤,0.0,xls:2019/2-5-2 2018年各地区小麦费用和用工情况.xls
wheat,全国平均,2018,每亩化肥折纯用量,公斤,27.41,xls:2019/2-5-3 2018年各地区小麦化肥投入情况.xls
wheat,全国平均,2018,每亩化肥用量,公斤,27.41,xls:2019/2-5-2 2018年各地区小麦费用和用工情况.xls
wheat,全国平均,2018,每亩用工数量,日,4.11,xls:2019/2-5-1 2018年各地区小麦成本收益情况.xls
wheat,全国平均,2018,每亩种子用量,公斤,16.48,xls:2019/2-5-2 2018年各地区小麦费用和用工情况.xls
wheat,全国平均,2018,流转地租金,元,30.74,xls:2019/2-5-1 2018年各地区小麦成本收益情况.xls
wheat,全国平均,2018,燃料动力费,元,1.0,xls:2019/2-5-2 2018年各地区小麦费用和用工情况.xls
wheat,全国平均,2018,物质与服务费用,元,450.25,xls:2019/2-5-1 2018年各地区小麦成本收益情况.xls
wheat,全国平均,2018,生产成本,元,801.0133,xls:2019/2-5-1 2018年各地区小麦成本收益情况.xls
wheat,全国平均,2018,畜力费,元,1.03,xls:2019/2-5-2 2018年各地区小麦费用和用工情况.xls
wheat,全国平均,2018,种子费,元,70.72,xls:2019/2-5-2 2018年各地区小麦费用和用工情况.xls
wheat,全国平均,2018,管理费,元,0.02,xls:2019/2-5-2 2018年各地区小麦费用和用工情况.xls
wheat,全国平均,2018,自营地折租,元,181.19,xls:2019/2-5-1 2018年各地区小麦成本收益情况.xls
wheat,全国平均,2018,财务费,元,0.08,xls:2019/2-5-2 2018年各地区小麦费用和用工情况.xls
wheat,全国平均,2018,销售费,元,0.86,xls:2019/2-5-2 2018年各地区小麦费用和用工情况.xls
wheat,全国平均,2018,雇工天数,日,0.14,xls:2019/2-5-2 2018年各地区小麦费用和用工情况.xls
wheat,全国平均,2018,雇工工价,元/日,98.214,xls:2019/2-5-2 2018年各地区小麦费用和用工情况.xls
wheat,全国平均,2018,雇工费用,元,13.75,xls:2019/2-5-1 2018年各地区小麦成本收益情况.xls
wheat,全国平均,2024,主产品产值,元,1179.86,xls:2025/2-5-1 2024年各地区小麦成本收益情况(合表).xlsx
wheat,全国平均,2024,主产品产量,公斤,491.75,xls:2025/2-5-1 2024年各地区小麦成本收益情况(合表).xlsx
wheat,全国平均,2024,产值合计,元,1206.14,xls:2025/2-5-1 2024年各地区小麦成本收益情况(合表).xlsx
wheat,全国平均,2024,人工成本,元,336.94,xls:2025/2-5-1 2024年各地区小麦成本收益情况(合表).xlsx
wheat,全国平均,2024,保险费,元,23.63,xls:2025/2-5-2 2024年各地区小麦费用和用工情况(合表).xlsx
wheat,全国平均,2024,修理维护费,元,1.42,xls:2025/2-5-2 2024年各地区小麦费用和用工情况(合表).xlsx
wheat,全国平均,2024,农家肥费,元,22.16,xls:2025/2-5-2 2024年各地区小麦费用和用工情况(合表).xlsx
wheat,全国平均,2024,农药费,元,37.79,xls:2025/2-5-2 2024年各地区小麦费用和用工情况(合表).xlsx
wheat,全国平均,2024,劳动日工价,元/日,99.92,xls:2025/2-5-2 2024年各地区小麦费用和用工情况(合表).xlsx
wheat,全国平均,2024,化肥费,元,203.52,xls:2025/2-5-2 2024年各地区小麦费用和用工情况(合表).xlsx
wheat,全国平均,2024,固定资产折旧,元,3.59,xls:2025/2-5-2 2024年各地区小麦费用和用工情况(合表).xlsx
wheat,全国平均,2024,土地成本,元,277.11,xls:2025/2-5-1 2024年各地区小麦成本收益情况(合表).xlsx
wheat,全国平均,2024,家庭用工天数,日,3.21,xls:2025/2-5-2 2024年各地区小麦费用和用工情况(合表).xlsx
wheat,全国平均,2024,家庭用工折价,元,321.04,xls:2025/2-5-1 2024年各地区小麦成本收益情况(合表).xlsx
wheat,全国平均,2024,工具材料费,元,3.63,xls:2025/2-5-2 2024年各地区小麦费用和用工情况(合表).xlsx
wheat,全国平均,2024,平均出售价格,元/50公斤,119.97,xls:2025/2-5-1 2024年各地区小麦成本收益情况(合表).xlsx
wheat,全国平均,2024,总成本,元,1198.68,xls:2025/2-5-1 2024年各地区小麦成本收益情况(合表).xlsx
wheat,全国平均,2024,技术服务费,元,0.03,xls:2025/2-5-2 2024年各地区小麦费用和用工情况(合表).xlsx
wheat,全国平均,2024,排灌费,元,34.17,xls:2025/2-5-2 2024年各地区小麦费用和用工情况(合表).xlsx
wheat,全国平均,2024,机械作业费,元,160.46,xls:2025/2-5-2 2024年各地区小麦费用和用工情况(合表).xlsx
wheat,全国平均,2024,每亩化肥折纯用量,公斤,29.67,xls:2025/2-5-3 2024年各地区小麦化肥投入情况(合表).xlsx
wheat,全国平均,2024,每亩化肥用量,公斤,29.67,xls:2025/2-5-2 2024年各地区小麦费用和用工情况(合表).xlsx
wheat,全国平均,2024,每亩用工数量,日,3.35,xls:2025/2-5-1 2024年各地区小麦成本收益情况(合表).xlsx
wheat,全国平均,2024,每亩种子用量,公斤,17.64,xls:2025/2-5-2 2024年各地区小麦费用和用工情况(合表).xlsx
wheat,全国平均,2024,流转地租金,元,58.11,xls:2025/2-5-1 2024年各地区小麦成本收益情况(合表).xlsx
wheat,全国平均,2024,燃料动力费,元,1.43,xls:2025/2-5-2 2024年各地区小麦费用和用工情况(合表).xlsx
wheat,全国平均,2024,物质与服务费用,元,584.63,xls:2025/2-5-1 2024年各地区小麦成本收益情况(合表).xlsx
wheat,全国平均,2024,生产成本,元,921.57,xls:2025/2-5-1 2024年各地区小麦成本收益情况(合表).xlsx
wheat,全国平均,2024,种子费,元,91.21,xls:2025/2-5-2 2024年各地区小麦费用和用工情况(合表).xlsx
wheat,全国平均,2024,管理费,元,0.09,xls:2025/2-5-2 2024年各地区小麦费用和用工情况(合表).xlsx
wheat,全国平均,2024,自营地折租,元,219.0,xls:2025/2-5-1 2024年各地区小麦成本收益情况(合表).xlsx
wheat,全国平均,2024,财务费,元,0.09,xls:2025/2-5-2 2024年各地区小麦费用和用工情况(合表).xlsx
wheat,全国平均,2024,销售费,元,1.41,xls:2025/2-5-2 2024年各地区小麦费用和用工情况(合表).xlsx
wheat,全国平均,2024,雇工天数,日,0.14,xls:2025/2-5-2 2024年各地区小麦费用和用工情况(合表).xlsx
wheat,全国平均,2024,雇工工价,元/日,115.22,xls:2025/2-5-2 2024年各地区小麦费用和用工情况(合表).xlsx
wheat,全国平均,2024,雇工费用,元,15.9,xls:2025/2-5-1 2024年各地区小麦成本收益情况(合表).xlsx
