obs_id,province,provincechn,year,population_10k,expenditure_nominal,exp_food_nominal,deflator_total_2015,monetary_deflator,m,covered_food_exp,nonfood_exp,covered_daily_kcal,covered_food_budget_share,total_cpi_yoy,food_cpi_yoy,nonfood_cpi_yoy_approx,total_price_index_2023,food_price_index_2023,nonfood_price_index_2023,nonfood_relative_price_index_2023,national_nonfood_price_index_2023,food_budget_share_all,x_grain,p_grain_model,x_oil,p_oil_model,x_vegfruit,p_vegfruit_model,x_pork,p_pork_model,x_meatother,p_meatother_model,x_dairyegg,p_dairyegg_model,x_nonfood,p_nonfood_model
11_2015,11.0,北京,2015,2188,33802.7684,7584.2,100.0,0.8782835782156846,38487.30551090741,2602.514393396893,35884.79111751052,1243.678248221881,0.06762007261483485,101.8,101.8,101.8,87.82835782156846,82.4844498132478,89.38942760315621,101.77740973451787,89.40141690138984,0.22436623859482466,0.27928291419322815,952.492628970482,0.1325254555849315,6189.55093593473,0.05847404245978083,11473.723595937738,0.07153634571731508,3304.870252080553,0.03473977016467123,12414.868094046691,0.045280595991013695,3922.285227397536,401.4433482762729,89.38942760315621
11_2016,11.0,北京,2016,2195,34926.77449414173,7503.451563615795,101.4,0.8905795483107042,39218.02893452088,2162.823824116737,37055.205110404146,1140.2831664411156,0.05514871305051628,101.4,103.3,100.88013017944662,89.05795483107042,85.20643665708498,90.17617093272617,101.25560496395502,90.65303673800929,0.21483379648682843,0.257820426562503,911.1511033171773,0.11956476897123287,5695.686536840867,0.05455606020453424,8727.856728181494,0.06598099315824658,3669.684200013934,0.03269425902826027,11579.839888954426,0.039525075295780816,3795.71302307327,410.9201436158597,90.17617093272617
11_2017,11.0,北京,2017,2194,36220.42951993351,7305.8597933268475,103.3266,0.9075005597286077,39912.29441309149,1978.9444033147965,37933.350009776696,1046.6663579564986,0.04958232625848966,101.9,99.4,102.53167633674003,90.75005597286076,84.69519803714248,92.45913971360824,101.88328670701712,92.7380565829835,0.20170549853104722,0.23266685748709856,927.8872298287143,0.10227710818356164,5543.935868897587,0.053832028791054795,9346.568366768566,0.06376801697580824,3147.1397567026142,0.03166907502028767,11427.318233333835,0.039120092520438354,3331.1238078959123,410.2715007653659,92.45913971360824
11_2018,11.0,北京,2018,2192,37623.70452010451,7615.783204557327,105.897835,0.9301880737218228,40447.41658487019,2082.560905688558,38364.85567918163,1190.6335817790089,0.051488106819350316,102.5,102.9,102.39848302887128,93.01880737218228,87.15135878021962,94.67675648827952,101.78238053457677,94.77829382780914,0.20241981223533626,0.28270336221454545,879.4997542140694,0.08888179909315069,5440.327658401072,0.06259543929219177,9275.71025497311,0.08198711577764385,2686.130838980439,0.032751109211369867,11579.307718573196,0.046397965300602736,3670.3507823580994,405.21937064807446,94.67675648827952
11_2019,11.0,北京,2019,2190,39727.32772669886,7835.527241230617,108.33349,0.9515823994174246,41748.69958820237,2327.756317162467,39420.943271039905,1221.4405886009642,0.055756379003964476,102.3,106.2,101.34180523596578,95.15823994174247,92.55474302459325,95.94713416408183,100.82903406244415,96.10518994139846,0.19723267809842465,0.2990679260443452,832.251557304981,0.08458353453698629,4942.802433042951,0.06964763426446574,11611.676427500845,0.0734307940511507,3763.6311465252966,0.03563571098676713,11537.902259916926,0.048354694416767124,3402.426686774663,410.861081099359,95.94713416408183
11_2020,11.0,北京,2020,2189,35310.138455570355,7600.533851196582,110.175156,0.967759300207521,36486.48837370888,2305.6927914412568,34180.79558226762,1325.5442029271433,0.06319305842276322,101.7,106.1,100.49311345568654,96.7759300207521,98.20058234909344,96.42026239299054,99.63248337919843,96.48961070116405,0.21525075187003576,0.3296421438348593,784.1354173872052,0.09269882345342464,4571.168590822027,0.07043756775884932,8273.924973478881,0.07711796269430138,5364.40194662875,0.0392419875829589,12283.614999793828,0.05363361613917808,2702.5288281914004,354.4980560512607,96.42026239299054
11_2021,11.0,北京,2021,2189,39178.689356404444,8355.187680208837,111.387085,0.9784046525098036,40043.44138787901,2208.488471119797,37834.95291675921,1351.975188136109,0.055152314450882776,101.1,99.0,101.66923753546108,97.84046525098036,97.2185765256025,98.0297456046444,100.19345814963012,97.84046525098036,0.21325847846012835,0.33796887899956124,802.3101852856556,0.08498342465753424,5223.899098782642,0.06739924657534246,7347.770117225862,0.09318982191780824,3523.435038217715,0.04028374520547945,12864.571756362982,0.052162476712328765,2905.7703312972867,385.95380089374305,98.0297456046444
11_2022,11.0,北京,2022,2184,37641.96816381714,8133.903445599379,113.39205,0.9960159362549801,37792.536036472404,1896.1077684955226,35896.42826797688,1190.337225247285,0.050171488006670095,101.8,103.9,101.22113461526966,99.60159362549801,101.01010101010101,99.22682076148351,99.62372804452943,99.60159362549801,0.21608602956680648,0.29045760454528635,800.2778869169978,0.07438381159315068,5058.407794032156,0.05874473892142465,7540.367240505511,0.08833436521964386,2851.2572557112735,0.03672699116046575,12466.697650638795,0.046521101183671226,2895.720773140035,361.76134630235634,99.22682076148351
11_2023,11.0,北京,2023,2186,41799.109015962975,8908.694801891948,113.84562,1.0,41799.109015962975,1964.07948790253,39835.02952806045,1200.5742352605328,0.04698854913755346,100.4,99.0,100.77920388115128,100.0,100.0,100.0,100.0,100.0,0.21313121288039275,0.28137973277819794,832.5932501877371,0.07752926983561644,5516.518798605855,0.0625574987029863,7132.452277843986,0.0917772657090411,2532.376701962099,0.03950706376858904,12340.483134409262,0.04753628683583561,2860.41924000051,398.3502952806045,100.0
12_2015,12.0,天津,2015,1439,24162.4592,7709.899999999999,100.0,0.8662841861891512,27892.070044926553,2727.5462217170775,25164.523823209474,1507.152601244341,0.09778930776108553,101.7,101.7,101.70000000000002,86.62841861891512,80.63145603231898,89.35863229395531,103.15163744019225,89.40141690138984,0.3190858983426653,0.3916584675059102,1018.9491232795402,0.135591645230137,5781.40814318676,0.06437066645275343,10694.97964012559,0.07950842770783562,3665.7348264391735,0.03869395884849315,10791.602935828834,0.04375313487704109,3361.7227353625044,281.61267890076846,89.35863229395531
12_2016,12.0,天津,2016,1443,25591.917591088808,7855.631850996504,102.1,0.8844761540991233,28934.54783657256,2516.5925726177193,26417.955263954842,1530.1697832081718,0.08697535509564133,102.1,102.8,101.78996088717338,88.44761540991233,82.88913680122391,90.9581168613302,102.83840490191048,90.65303673800929,0.30695753153456,0.3901662995398668,941.1585515676637,0.13549281812876712,5286.942776598337,0.07142678030967123,8160.621505017444,0.081014642206274,3709.2015496242257,0.041439502475068495,9981.354575917258,0.04554484894443835,2986.78175121611,290.44087735710514,90.9581168613302
12_2017,12.0,天津,2017,1410,26707.876576056384,8294.966814720641,104.244095,0.9030501533352049,29575.186358605974,2634.9158501687693,26940.270508437203,1483.3169468935168,0.08909211317284041,102.1,99.9,103.09109414149768,90.30501533352049,82.8062476644227,93.76971788284739,103.83666680807353,92.7380565829835,0.31058129204315255,0.369275096173772,937.6225987779806,0.13431470153424657,5129.759410798467,0.06997625361460273,10427.023853868492,0.07981485599145208,3922.594251687216,0.041612037389342466,10311.612755623619,0.04666552874334246,2739.9345423279588,287.30245879693734,93.76971788284739
12_2018,12.0,天津,2018,1383,28136.596410959868,8136.6645103293595,106.27763,0.921111156401909,30546.363721039343,2387.0366080477165,28159.327112991625,1455.4207747526605,0.07814470585916593,102.0,103.4,101.43043154491431,92.1111156401909,85.62166008501308,95.11102950702079,103.25684239733704,94.77829382780914,0.28918439144117436,0.36371157488223427,901.4602329125362,0.12208846877260275,4915.263206428519,0.07050427453306848,9702.68386414955,0.08465258647430139,2358.263067244285,0.04011384251423288,10799.360206686397,0.046639640199890406,3047.8481022767774,296.0679456309848,95.11102950702079
12_2019,12.0,天津,2019,1385,29184.121929164787,8230.81629675888,109.14713,0.9459811576247606,30850.637662215635,2333.962949079122,28516.674713136512,1331.5357668556996,0.07565363719977973,102.7,106.0,101.40370364200213,94.59811576247607,90.75895969011387,96.44610649215656,101.9535174826532,96.10518994139846,0.2820306301055272,0.3234035243258499,847.4222749900138,0.10742854474109591,4595.007143694107,0.07131544184339726,10519.643423978485,0.0757874387152603,3165.4561274171333,0.041012840055835616,10800.380172840061,0.046820093746410954,2844.923235420528,295.6747115079821,96.44610649215656
12_2020,12.0,天津,2020,1387,25564.88562510833,7649.325450430695,111.33008,0.9649007807772559,26494.83359782864,2219.967532956179,24274.86606487246,1393.1963139049092,0.08378869505857604,102.0,107.6,99.60899340546673,96.4900780777256,97.6566406265625,96.06899585560166,99.56360049601707,96.48961070116405,0.2992121913863748,0.34173618641879705,787.320985363034,0.11870472439726028,4366.468460382302,0.07043950022834246,8096.7300260006205,0.07093226914249315,4727.664875684682,0.04256222942956164,9688.955138720541,0.052223247336000006,2193.1589312128544,252.68158419558443,96.06899585560166
12_2021,12.0,天津,2021,1373,29427.89053274753,8103.044318562734,112.77737,0.9774444909273602,30106.96853468121,2199.9778299709383,27906.99070471027,1369.5879385640662,0.07307204733803442,101.3,100.2,101.7179795090147,97.74444909273602,97.85195390781563,97.71944151891707,99.9744153514076,97.84046525098036,0.2753525370615885,0.3296657309258686,810.4093782207206,0.10468972602739726,4606.800440079221,0.07004762876712328,7948.973055591135,0.08865626301369865,3702.2142750254834,0.04193516849315069,10265.49976482978,0.049799452054794524,2711.1201019863956,285.5827895752749,97.71944151891707
12_2022,12.0,天津,2022,1363,27257.190277618814,8103.975826027704,114.920135,0.9960159362549801,27366.21903872929,2244.17159520743,25122.04744352186,1322.1713663667429,0.0820051755060291,101.9,102.4,101.68844345301646,99.60159362549801,100.20040080160321,99.36937903156748,99.76685654769373,99.60159362549801,0.2973151577065509,0.3113000469055084,797.8021947879951,0.10181897362602739,5134.34470352187,0.06493043331661644,8602.24462572005,0.09226918707386304,3764.1659058860178,0.04246734483921918,10200.164843236855,0.04829969742213698,2774.429587357083,252.81477743300715,99.36937903156748
12_2023,12.0,天津,2023,1364,30260.014654929626,8506.470784755073,115.379814,1.0,30260.014654929626,2100.3428400238963,28159.67181490573,1282.9030190102505,0.06940984212913234,100.4,99.8,100.63462303435767,100.0,100.0,100.0,100.0,100.0,0.2811125798106411,0.3017694690540021,788.9353543842642,0.09093333591369862,5585.000022553961,0.065562965456863,7826.720397252748,0.0921996926531507,3273.6312989881085,0.042932071629931505,9549.667745942923,0.04805397479747945,2693.757093916584,281.5967181490573,100.0
13_2015,13.0,河北,2015,7345,13030.68858,3515.5,100.0,0.8697269925374854,14982.504500615893,2026.3486677966443,12956.155832819248,1374.1680759774079,0.13524765954272508,100.9,100.9,100.9,86.97269925374854,79.32314018929398,90.25923570628747,103.7788139045222,89.40141690138984,0.26978620342410176,0.40449459318559416,902.7616041087346,0.11976409820958904,6084.907513279655,0.048519723864041096,9088.837861622536,0.06234689737800002,3156.76889863347,0.018453032078164386,9961.336156011983,0.03350569327331507,3307.304003235574,143.5438238695026,90.25923570628747
13_2016,13.0,河北,2016,7375,14036.939280788178,3762.660098522167,101.5,0.8827728974255475,15900.96311488997,1969.2758579864224,13931.687256903548,1393.5107314094355,0.12384632577018899,101.5,103.0,100.95066801790581,88.27728974255476,81.7028343949728,91.11730139335337,103.21714866765961,90.65303673800929,0.26805416930683573,0.4016523763961287,858.7121859742944,0.12477416668767125,5779.784017431819,0.052650490066534245,7342.772358812132,0.06118588820367125,3458.9629413147272,0.020582833062054794,9346.081284982913,0.03590961128865753,3135.5176388594946,152.89837433574175,91.11730139335337
13_2017,13.0,河北,2017,7409,14954.632022891397,3790.5572670048637,103.2255,0.897780036681782,16657.34524256532,1891.9249609393069,14765.420281626013,1335.562227767681,0.1135790207496438,101.7,98.7,102.7185950962948,89.7780036681782,80.64069754783814,93.59441188090922,104.25093904609035,92.7380565829835,0.25347044723016726,0.38372460963089516,863.3142682485955,0.1147937995109589,5667.74599814619,0.05121521958650685,8176.17981029197,0.061804839888986315,3061.7857794781285,0.019681925855424658,9926.036983543496,0.03656071941106849,2918.060314702304,157.759635269825,93.59441188090922
13_2018,13.0,河北,2018,7426,15812.25191433828,4038.8866457034596,105.75343,0.9193267575621448,17199.816914139366,1885.8498199087778,15313.96709423059,1379.7647366467029,0.10964359849426576,102.4,102.2,102.4686105723138,91.93267575621448,82.41479289389058,95.90489342769627,104.3207897940611,94.77829382780914,0.25542766884715934,0.4023691902445706,841.2166507484621,0.09414909638630138,5436.577609160692,0.05612028999183562,8958.743811591361,0.07975325500052056,2593.432932923401,0.02140976463831507,9944.971149713992,0.036080772061808215,3131.855866369739,159.67868319228106,95.90489342769627
13_2019,13.0,河北,2019,7447,16513.04054807005,4292.545932651979,108.92603,0.9469065602890092,17438.933513175827,2029.1734766371965,15409.760036538632,1458.6027177055523,0.11635880572077834,103.0,107.6,101.38421341266444,94.69065602890092,88.67831715382626,97.23242182592396,102.6842836491145,96.10518994139846,0.2599488519486296,0.44245091236066636,761.3808522055897,0.09374599167534246,4838.281822188565,0.060679880166945206,10584.99193176981,0.06896153108687672,3664.434339768811,0.023591344103876713,9535.853805624747,0.03987169945906849,2978.695290943126,158.48376238254002,97.23242182592396
13_2020,13.0,河北,2020,7464,16218.357981454725,4489.114166569424,111.21348,0.9667915980550782,16775.443657228352,2014.713372952957,14760.730284275396,1621.467790063429,0.12009896215679752,102.1,108.4,99.68881137644217,96.67915980550782,96.12729579474767,96.92984559079194,100.2592966113777,96.48961070116405,0.27679214947053277,0.4975118365019062,702.3670685013428,0.1080094741890411,4517.839237815699,0.06503538404054793,7424.44170346328,0.06517067995158905,5149.178035024496,0.028121733231260274,8871.683900366783,0.04688478711736986,2333.2519953548917,152.2826142382468,96.92984559079194
13_2021,13.0,河北,2021,7448,17764.069230849167,5026.458126722717,112.325615,0.976459514035629,18192.32541186648,2247.873871255091,15944.45154061139,1816.2776937612111,0.12356165692753325,101.0,100.8,101.07892308982638,97.6459514035629,96.89631416110565,97.97564407580406,100.33764090318354,97.84046525098036,0.28295645898484484,0.5344767167436192,752.3583330901165,0.11946945205479452,4954.477118688732,0.07265922054794521,6928.879108975324,0.10074575342465755,3326.847780058308,0.03032035068493151,9160.971817717767,0.05046735342465754,2723.9505158451343,162.7389305884544,97.97564407580406
13_2022,13.0,河北,2022,7420,18269.14003914663,5446.206924160474,114.34747,0.9940357852882704,18378.75487938151,2262.732490007259,16116.022389374251,1863.4844292345597,0.12311674565863764,101.8,103.1,101.24785885273516,99.40357852882704,99.90009990009992,99.19824182392829,99.79343127487185,99.60159362549801,0.29810964897584047,0.5579191238601565,757.937193201654,0.10834809002876712,5173.799199927134,0.073024749451863,7560.623655359686,0.10897668651673977,2860.3943659419842,0.030888953023863016,8776.022026748915,0.05258461173589041,2745.71758885005,162.46278253579686,99.19824182392829
13_2023,13.0,河北,2023,7393,19924.79924117339,5858.347703943769,115.03356,1.0,19924.79924117339,2324.6149430817018,17600.184298091688,1861.1292036344453,0.11666942863233602,100.6,100.1,100.8082382926653,100.0,100.0,100.0,100.0,100.0,0.29402292254156565,0.5269987324502501,767.589835104942,0.1115451541479452,5347.057800474389,0.07511302484430137,7429.319917177694,0.12345803223263017,2353.8314326919185,0.036823098930479456,8770.37430702746,0.05662655921161643,2685.440176787608,176.00184298091688,100.0
14_2015,14.0,山西,2015,3519,11729.05365,3089.4,100.0,0.8827779734385142,13286.527306876595,1741.0242712459037,11545.50303563069,1266.7705435031469,0.13103681880402387,100.6,100.6,100.6,88.27779734385142,80.18252025774028,91.66664699971555,103.83884709160131,89.40141690138984,0.263397209373324,0.40457443564242274,959.1141097712907,0.09795682183561644,6183.480059127165,0.04203485907935616,9058.916786956783,0.04775237388271234,3057.841206710675,0.011128082164616438,10631.89597576114,0.029938699146849317,3412.1418395416003,125.95096922947904,91.66664699971555
14_2016,14.0,山西,2016,3514,12544.861119109188,3064.391737644814,101.1,0.8924885311463377,14056.047423932956,1649.3260419329445,12406.72138200001,1279.8289522631844,0.11733924852335582,101.1,103.3,100.38888944718289,89.24885311463377,82.8285434262457,92.02312891648384,103.10847221564484,90.65303673800929,0.24427466422700556,0.4137836662872771,926.6241458578943,0.09763769060136987,5768.82326587053,0.04288402143854794,7885.6287220577515,0.045355224388438364,3603.879925677981,0.0112957694069726,9853.858722171255,0.028958104008986296,3098.2813870982677,134.8217728312608,92.02312891648384
14_2017,14.0,山西,2017,3510,13368.713790839005,3252.8607729633122,102.2121,0.9023059049889475,14816.16568939861,1681.2435838818244,13134.922105516785,1303.105090972112,0.1134735949318387,101.1,98.0,102.096838168602,90.23059049889474,81.17197255772079,93.9527050075465,104.12511376471303,92.7380565829835,0.24331890291438174,0.4173404089466041,942.5324434725777,0.09964196924794522,5835.927251070079,0.04426266467812329,7836.228461202568,0.04738972946868495,3144.5430595059343,0.01164673263587671,9889.865135250286,0.031271040508821915,3048.4246956586717,139.8035543996499,93.9527050075465
14_2018,14.0,山西,2018,3502,14234.363164551633,3544.8645571538846,104.04485,0.9185474112787485,15496.601470723625,1649.0457836173705,13847.555687106254,1322.7231188891485,0.10641338274929305,101.8,102.0,101.73367575622864,91.85474112787485,82.7954120088752,95.58154027658333,104.05727467406419,94.77829382780914,0.24903569735959763,0.4232713476156427,915.4920064893199,0.09187050602465753,5607.36269661454,0.04807865465987671,7896.315850680074,0.05426418647564385,2697.0151360225614,0.011346406217356164,10036.596805224985,0.032530458451397265,3274.4119031044365,144.8768836224623,95.58154027658333
14_2019,14.0,山西,2019,3497,14845.481085533362,3740.8029373443833,106.854065,0.9433481913832747,15737.011234170865,1722.504270838023,14014.506963332842,1349.3714445744774,0.10945561677542874,102.7,108.0,100.91460331372517,94.33481913832748,89.41904496958523,96.45573221126251,102.24828233340337,96.10518994139846,0.2519826010212444,0.42856244261888254,831.2553981405372,0.09119967889315067,5024.655243213653,0.05372373694978082,9083.423826220145,0.05132154909945207,3576.682950994238,0.012534556345479453,9760.571807402814,0.03734375838049314,3055.7091192696807,145.2947029901501,96.45573221126251
14_2020,14.0,山西,2020,3490,14308.86251193298,3967.519342913394,109.952835,0.9707052889333899,14740.686668819479,1731.3204766217398,13009.366192197738,1519.4061823589848,0.11745181995381183,102.9,108.2,100.86662269361338,97.07052889333899,96.75140665709122,97.29163947589626,100.22778343239504,96.48961070116405,0.27727706095468124,0.48987021253620483,742.7726904472592,0.10621850393835616,4570.257114873318,0.05553457785842465,7265.851562410106,0.04910700128326029,4923.295199430433,0.015545191770369863,8624.330936076323,0.04342760379287672,2364.193215709069,133.71515026654242,97.29163947589626
14_2021,14.0,山西,2021,3480,15480.291977794832,4162.360869904241,111.05236,0.9804123418227237,15789.572731219196,1791.7925986164091,13997.780132602787,1545.7745303185557,0.11347948605814208,101.0,99.8,101.44132032579724,98.04123418227238,96.55790384377704,98.69392365096373,100.66572955158632,97.84046525098036,0.2688812895696538,0.47635468022777105,758.3060012222279,0.10961630136986303,4982.985267469923,0.06128499452054795,6751.4557819600295,0.06397355342465753,3037.2860027855368,0.015730250684931505,9473.759253580634,0.04592748493150685,2770.8909887574127,141.83021218313982,98.69392365096373
14_2022,14.0,山西,2022,3481,15466.846100885454,4461.105146119564,113.38446,1.0010010010010009,15451.37925478457,1597.6202373267174,13853.759017457853,1384.0731108529092,0.10339661016552999,102.1,104.4,101.16771003622141,100.1001001001001,100.80645161290323,99.84638250257672,99.74653612007415,99.60159362549801,0.2884301761988937,0.4103578519721121,755.5346437340647,0.0968672111671233,4922.836167645628,0.053027777078589036,6880.403522789298,0.07352573181189043,2571.7386967077746,0.014836086931753426,9066.018884204908,0.0434218964649863,2815.9418400119594,138.75073558223636,99.84638250257672
14_2023,14.0,山西,2023,3466,17441.091466302805,4641.6839835367755,113.27107,1.0,17441.091466302805,1603.0751205869476,15838.016345715858,1258.443449889465,0.09191369265416567,99.9,99.2,100.1538538438479,100.0,100.0,100.0,100.0,100.0,0.26613494875047106,0.3493339851388695,771.1569964145249,0.10038829614657534,5312.108589960856,0.05101385413653424,7544.868227238039,0.07199444673271235,2081.049021440447,0.016638423240561646,9273.181837145357,0.03985271954947944,2795.350994619254,158.38016345715857,100.0
15_2015,15.0,内蒙古,2015,2440,17178.53425,4919.8,100.0,0.8851965058657529,19406.46414233052,2699.8098261943533,16706.654316136166,1584.6143910071887,0.13911910002736508,101.1,101.1,101.1,88.5196505865753,82.00289799855352,91.31482796936545,103.15769138746924,89.40141690138984,0.286392303813697,0.4812523720752793,990.9173088894279,0.09982787356849315,6384.133754197892,0.048227936149917806,12875.227188766668,0.08490025983452057,3161.0025497499964,0.04448743497160274,12109.952857136954,0.033611318903780815,4687.638444821258,182.95664228531385,91.31482796936545
15_2016,15.0,内蒙古,2016,2436,17857.986230219853,5107.707663907972,101.2,0.895818863936142,19934.818241886063,2770.9865929177477,17163.831648968317,1634.2076515023548,0.13900235052534798,101.2,102.6,100.6391659215694,89.5818863936142,84.13497334651592,91.89848123108537,102.58600809910641,90.65303673800929,0.28601812085981715,0.4799870430393692,957.3635870784177,0.11685353907945206,6012.846523457665,0.05259012965747946,11258.709230594459,0.08312149281205482,3565.222691094727,0.050490280386493155,11410.321629773043,0.03406134077632876,4236.125979037898,186.76948105169032,91.89848123108537
15_2017,15.0,内蒙古,2017,2433,18407.955487224222,5057.567689267013,102.920395,0.9110477846230565,20205.257943567103,2522.4619586726567,17682.795984894445,1572.503635421806,0.12484185877348582,101.7,99.3,102.60919924109608,91.10477846230565,83.54602853309031,94.29629570594568,103.50312826342092,92.7380565829835,0.27474901776990635,0.4683710741948344,939.0840181583729,0.10269542369589041,5899.7172520804015,0.0493423916280685,10504.577283907218,0.08562454120504111,3232.741890281099,0.04649733754126027,11710.46741346907,0.03372104944580823,4066.2922472542787,187.52376063675518,94.29629570594568
15_2018,15.0,内蒙古,2018,2422,18765.185422029223,5080.608137040378,104.796326,0.9274466447462715,20233.169776750827,2375.955628899125,17857.2141478517,1584.9189559853892,0.11742873979287446,101.8,102.3,101.61436737024339,92.74466447462714,85.46758718935138,95.81858433517068,103.31438997375908,94.77829382780914,0.2707464926552787,0.47051165959587266,889.3805111483518,0.09389672024794521,5732.0480881881,0.05200525548709589,9922.02290207536,0.1007570923592055,2754.3767688230623,0.041726515925150684,11697.915916017804,0.03356223437742466,4100.966760255687,186.36482965963756,95.81858433517068
15_2019,15.0,内蒙古,2019,2415,19329.719267499793,5141.390354074946,107.31144,0.949705364220182,20353.385371653374,2467.7020643687024,17885.68330728467,1683.5597773573916,0.12124283107249213,102.4,107.1,100.69687239338751,94.9705364220182,91.53578587979533,96.48631759713722,101.5960541366044,96.10518994139846,0.2659837053463819,0.5220670807271204,812.1939307487673,0.08241697449863014,5192.29329153748,0.05850048228112329,11039.324236609202,0.09823733024572606,3560.041547981581,0.04230428219667123,11216.97530956716,0.03825373872942466,3808.4744909486676,185.3701514650337,96.48631759713722
15_2020,15.0,内蒙古,2020,2403,18101.449810469298,5199.891571552464,109.35036,0.9677497661403656,18704.680118562595,2438.5957528044974,16266.084365758099,1733.5456526391554,0.13037356091347566,101.9,107.0,99.84447720780554,96.77497661403656,97.94329089138101,96.33625938192453,99.54666252841193,96.48961070116405,0.2872638173183793,0.5323989554210984,751.3890912406682,0.09429996043972604,4506.215309222991,0.05791807763239726,9103.3998098767,0.09205023632794522,5014.300201021037,0.04526695418991781,10780.675007455575,0.044838642308493146,3050.8016288733206,168.84695824934724,96.33625938192453
15_2021,15.0,内蒙古,2021,2400,20535.732505679633,5708.821251071359,110.33451,0.976459514035629,21030.807944926557,2429.958736514957,18600.8492084116,1730.9783463068088,0.11554281427885688,100.9,99.9,101.28503105286322,97.6459514035629,97.84534760048965,97.57421023014912,99.92652929037756,97.84046525098036,0.2779945273192691,0.48804059233148644,765.6373699298956,0.0936049315068493,4532.685319274712,0.05924289452054794,8532.829967134474,0.13499930958904113,3272.7340040739364,0.04653294109589041,11586.597572517527,0.04306850410958904,3379.037328371341,190.63284411462433,97.57421023014912
15_2022,15.0,内蒙古,2022,2401,19852.1136385851,5581.70424458451,112.32053,0.9940357852882704,19971.22632041661,2185.023471743722,17786.202848672885,1639.8750839298523,0.10940857795547437,101.8,102.1,101.68265849793495,99.40357852882704,99.90009990009992,99.21605097037963,99.8113472762019,99.60159362549801,0.28116422997578255,0.4711096369439398,757.1988499647744,0.08609562367397261,4882.351918580644,0.051504591042698625,8406.008717253602,0.12526880114367123,2732.1439870079803,0.04408827068656165,11065.710079909359,0.04187061847408219,3460.2354554702542,179.26739347832793,99.21605097037963
15_2023,15.0,内蒙古,2023,2396,23917.510673831624,6589.5811590443445,112.99445,1.0,23917.510673831624,2486.0147313265998,21431.495942505026,1834.428535488107,0.10394119878230355,100.6,100.1,100.7901433507512,100.0,100.0,100.0,100.0,100.0,0.27551283446291375,0.5186264683569439,767.3324406656164,0.09135150362876714,5123.589542928971,0.06857129828832877,8229.890308899116,0.1382298581793699,2400.343343685643,0.05103565214324657,10944.08928317452,0.04939948714739725,3346.919198574367,214.31495942505026,100.0
21_2015,21.0,辽宁,2015,4338,17199.80377,4858.0,100.0,0.8749014847520857,19659.131993442414,2680.9704460757443,16978.161547366668,1548.488697259508,0.13637277815572024,101.4,101.4,101.4,87.49014847520857,79.6118989147967,91.06749977359131,104.08886184413828,89.40141690138984,0.2824450828022441,0.41764859105069924,969.6562350633349,0.14004857014520547,6430.45180820891,0.06173977620989041,10017.434177140598,0.09104450154608221,3043.7189285187414,0.030239615481383562,12127.421264851553,0.03352329419649315,3373.854940703946,186.43491464657703,91.06749977359131
21_2016,21.0,辽宁,2016,4327,19540.156720629064,5371.850474377888,101.6,0.8888999085081192,21982.40379327318,2626.043818582512,19356.35997469067,1568.8819145205844,0.11946117646087939,101.6,103.0,101.06919620924208,88.88999085081191,82.0002558822406,92.04119002902209,103.54505512718409,90.65303673800929,0.2749133771637912,0.41426616837231944,936.5515729751854,0.14545809766849316,6048.552421939129,0.06270827926900001,8797.524727409274,0.09223016824356166,3397.644079343874,0.03419643229442466,11216.263272010176,0.03558181141249315,3081.6909970865545,210.3010616071706,92.04119002902209
21_2017,21.0,辽宁,2017,4312,19863.02354575071,5440.929442833217,103.0224,0.9013445072272329,22037.10499868077,2532.377497621863,19504.727501058907,1521.5771271016097,0.11491425474323697,101.4,98.7,102.41861140211795,90.13445072272329,80.93425255577147,94.26730874570906,104.58521463197185,92.7380565829835,0.27392251891063146,0.3953244088633664,942.5917584993201,0.14232288670273974,6203.890635210114,0.060850066238260274,8626.132648714394,0.09301983864534248,2967.0952405539615,0.03297117481868493,11136.863377641594,0.03630018828241095,2994.403503496298,206.9087126871726,94.26730874570906
21_2018,21.0,辽宁,2018,4291,20265.86735926762,5424.699896437322,105.58791,0.9238781199079136,21935.650301240596,2272.144699169477,19663.50560207112,1475.6679597320717,0.10358228126206832,102.5,102.3,102.57310341197919,92.38781199079136,82.7957403645542,96.69290408342584,104.65980522740767,94.77829382780914,0.26767667034772125,0.3930698120135563,891.1851413522897,0.12655614593835618,5864.367644444276,0.05765375647610958,8770.031963127973,0.09566136711369864,2267.863454650339,0.031386781077958906,11104.320148377954,0.03350611724635616,3240.419766888099,203.36037880407034,96.69290408342584
21_2019,21.0,辽宁,2019,4277,20535.131574955,5509.145824410078,108.122025,0.9460511947857035,21706.152572014405,2306.5780640084936,19399.574508005913,1464.8485621749517,0.10626379116962206,102.4,107.8,100.42013738428209,94.60511947857036,89.25380811298943,97.09914712142833,102.63625019090317,96.10518994139846,0.2682790613881007,0.3932877573495306,809.2001781373909,0.11796607063972604,5254.036942929634,0.06072818366935617,9995.647458550327,0.09035126497947947,3337.659939406862,0.03385085088072603,10296.193093039035,0.036240153568657535,3074.4140736656445,199.7913996478834,97.09914712142833
21_2020,21.0,辽宁,2020,4255,18671.12497253976,5518.667222716377,110.71695,0.9687564234605606,19273.29153167663,2281.8156052765107,16991.47592640012,1611.3362131653232,0.11839262647619019,102.4,108.9,99.67265142150804,96.87564234605605,97.19739703504548,96.78129444359853,99.90260926258378,96.48961070116405,0.2955722930906875,0.44873616173420955,738.8235181808385,0.12850349800684932,4721.000358374223,0.06367951487446574,7756.27412440963,0.08321210354268495,4630.476521191446,0.03761139104669863,9586.669810265947,0.043925437377753423,2363.511197736089,175.56570227837037,96.78129444359853
21_2021,21.0,辽宁,2021,4229,23831.0,6178.2374140707825,111.93484,0.9794127441186267,24331.927619999995,2531.6549541778622,21800.272665822133,1847.2991533528448,0.10404662522902337,101.1,99.9,101.51998439965392,97.94127441186266,97.10019963801045,98.25235502092436,100.31761952346416,97.84046525098036,0.2592521259733449,0.4960362164024497,756.6518006303583,0.13548082191780822,5058.321155310793,0.07072312739726028,7197.2971413848745,0.13248066575342468,2899.6682179724103,0.04218710136986302,10623.087620683962,0.04674164383561644,2774.8304644057653,221.88040847651365,98.25235502092436
21_2022,21.0,辽宁,2022,4197,22604.0,6253.638618176749,114.17353,0.9990009990009991,22626.603999999996,2338.6400407572073,20287.96395924279,1739.521697756225,0.10335797810211413,102.0,103.4,101.46453207602002,99.90009990009992,100.40160642570281,99.69129227565085,99.79098356792649,99.60159362549801,0.2766607068738608,0.45905139630439995,751.551274685751,0.12143303718904108,5157.019638920116,0.06391974460482192,7216.966148850276,0.1386243684752055,2520.278473654489,0.040550767530726034,10504.576654340673,0.04618153477391781,2831.4245291732113,203.50788415045986,99.69129227565085
21_2023,21.0,辽宁,2023,4182,21756.793371426465,6427.846728754163,114.287704,1.0,21756.793371426465,2417.848731840395,19338.944639586072,1776.8743399853224,0.11113074847765908,100.1,99.6,100.30966368004896,100.0,100.0,100.0,100.0,100.0,0.2954409052390944,0.4482158434225516,759.9246752188899,0.12459337368904108,5596.730473662376,0.06944341088241096,6995.728482061214,0.15447995678983564,2059.0583935000313,0.04417749224071233,10031.973037588748,0.047527092968109586,2795.1427886094907,193.38944639586072,100.0
22_2015,22.0,吉林,2015,2613,13763.91199,3683.5,100.0,0.8775760706214166,15684.010139717797,2364.802932047678,13319.207207670119,1406.2793891832882,0.15077795225719154,101.7,101.7,101.69999999999999,87.75760706214166,80.77389360212344,90.91102058187268,103.59332213502366,89.40141690138984,0.26762013609765894,0.3987092148527674,1055.0213464154735,0.1379359314739726,6572.574489230201,0.047668854298013694,10813.346864925383,0.07484137060586302,3163.7443690760833,0.018985690066123287,10721.843554234938,0.02499863329490411,3270.6426140372987,146.50816944327562,90.91102058187268
22_2016,22.0,吉林,2016,2567,14539.915366005414,3886.8110819960934,101.6,0.8916172877513593,16307.350211518202,2333.9893474756573,13973.360864042545,1479.3741509869787,0.14312499070677434,101.6,103.6,100.87029512180214,89.16172877513593,83.68175377179988,91.70221475917725,102.84930094889522,90.65303673800929,0.267320062335681,0.42310373165795506,969.29065748658,0.14537336057260272,6164.253565174591,0.051147919737013686,9137.249128274216,0.07142625075797261,3599.3588545048774,0.022536607043232876,9898.69943957961,0.026099205724712325,3074.327442696993,152.37757234913607,91.70221475917725
22_2017,22.0,吉林,2017,2526,15143.39254878756,4014.588788996057,103.2256,0.9058831643553811,16716.71706092857,2392.8282895162,14323.88877141237,1539.4056376122994,0.14313984503027083,101.6,97.9,102.93473272059599,90.5883164355381,81.92443694259208,94.39342966122604,104.20044590230972,92.7380565829835,0.2651049806747221,0.43716838805138253,946.8260913216365,0.14995125754520547,6279.628264739786,0.05361114205019178,9090.758266624418,0.07912690353961645,3139.0839637672298,0.02247172316561644,9811.991085473006,0.027373404454136982,2959.932301214662,151.74667159377714,94.39342966122604
22_2018,22.0,吉林,2018,2484,16318.70397409034,4190.939402726756,105.403046,0.924906710806844,17643.621549523294,2224.916832509529,15418.704717013765,1468.0539704009461,0.1261031827430941,102.1,101.2,102.41100912622926,92.4906710806844,82.90753018590318,96.669263864919,104.51785324445252,94.77829382780914,0.25681815231043026,0.40790958573110303,929.1605134139609,0.13243978243972604,6079.120437998567,0.049791671602506846,9511.087032199883,0.09497358592964385,2699.695002924111,0.022771643286753428,9873.71477900918,0.026140716210739726,3288.8393409608816,159.49955653494087,96.669263864919
22_2019,22.0,吉林,2019,2448,16648.990678046503,4306.538922054695,108.56514,0.9526539121310493,17476.43133150355,2306.690607906768,15169.740723596782,1508.0554322512478,0.13198865169622226,103.0,109.4,100.76690647482013,95.26539121310493,90.7008380233781,97.41062670866003,102.25185187216238,96.10518994139846,0.25866666666666666,0.43229463694748677,832.6002870060607,0.12759311614931507,5383.749694953511,0.054934940876863014,11365.155894821823,0.08421353144358906,3522.1908396849694,0.02644861165587671,9516.172715231094,0.02854287905249315,3054.4471720541114,155.72983396326057,97.41062670866003
22_2020,22.0,吉林,2020,2399,15592.80217257006,4521.432718535245,111.06214,0.9745649521100634,15999.756751778892,2206.1096339436344,13793.647117835259,1632.7172299140348,0.1378839483730497,102.3,109.0,99.56378933157669,97.45649521100634,98.86391344548214,96.98571116277886,99.51692901821662,96.48961070116405,0.2899692222408287,0.4843589980022914,758.4819051773784,0.1376674947,4897.878653177536,0.05795575703265753,8120.977246000187,0.07167968173800002,4864.8313310317335,0.030279948950917807,8729.541472968143,0.03441673453315068,2346.428273808922,142.2234982087648,96.98571116277886
22_2021,22.0,吉林,2021,2375,17546.997640066427,4922.109605803688,111.728516,0.9804123418227237,17897.569105917315,2449.5838815915863,15447.985224325728,1746.81965158954,0.1368668486259233,100.6,99.4,101.06784823049,98.04123418227238,98.27072996480926,98.02137136325874,99.97974034172529,97.84046525098036,0.2805100739607243,0.48004496826052323,786.9472448276009,0.15272383561643837,5283.618631415526,0.06031112602739726,7844.316527198908,0.11485015890410961,3444.5581585712657,0.03043193424657534,9823.33687829446,0.03504780273972603,2774.169819550213,157.5981340546321,98.02137136325874
22_2022,22.0,吉林,2022,2348,15689.703447308168,4792.381259140073,114.074814,1.0010010010010009,15674.013743860862,2274.942287370342,13399.07145649052,1656.9311825689897,0.1451410164968997,102.1,103.1,101.66022395443687,100.1001001001001,101.31712259371834,99.64874565109909,99.549096905448,99.60159362549801,0.3054475360375461,0.4523198158190153,773.2787551410667,0.1459735282972603,5297.463837745635,0.05205267603269863,8103.117574868949,0.11646628701953428,3142.1411523017778,0.028196832320369868,9650.173422666772,0.03345645179561643,2750.94045437737,134.46302177655895,99.64874565109909
22_2023,22.0,吉林,2023,2339,18787.694904731332,5144.526196883216,113.96074,1.0,18787.694904731332,2287.9401686363854,16499.754736094947,1637.7373471644,0.12177865247642541,99.9,98.7,100.35249249411604,100.0,100.0,100.0,100.0,100.0,0.27382423564839037,0.4326623341718301,786.4871611297381,0.14395390336849315,5357.820194209484,0.054236043740945206,8398.210088148726,0.12418011734572605,2759.24626166635,0.029673714777452058,9625.139417319084,0.03416256017775342,2711.588672281204,164.99754736094945,100.0
23_2015,23.0,黑龙江,2015,3529,13402.538949999998,3704.0999999999995,100.0,0.879195480253758,15244.09446023504,2679.332088384589,12564.762371850451,1523.4808076197833,0.17576197099629348,101.1,101.1,101.10000000000001,87.9195480253758,80.65523045340493,91.47801138971515,104.04740861874345,89.40141690138984,0.2763730076680732,0.42617295036527514,1096.6767406498013,0.16816880942876714,6694.253858778549,0.04975384943342466,10948.640740542087,0.06997549679679453,2892.0002035756524,0.022228802861356166,11460.320638791905,0.025440494924273974,3315.110139812403,137.3528149657952,91.47801138971515
23_2016,23.0,黑龙江,2016,3463,14232.329891625614,3937.9310344827586,101.5,0.8923834124575643,15948.67149360243,2628.2583762369395,13320.41311736549,1574.9802199724727,0.16479481549865932,101.5,103.1,100.88794972464073,89.23834124575643,83.15554259746047,92.29029013995694,103.4199973370142,90.65303673800929,0.2766891341381751,0.4384185992073185,1038.3552703763935,0.17602324849726028,6364.790136951905,0.050471278488205484,9589.427516487227,0.07137435158309591,3213.0655695172463,0.025697095896273975,10227.391244753215,0.02550553631408219,3000.826343598278,144.33168535027107,92.29029013995694
23_2017,23.0,黑龙江,2017,3399,15150.320091699206,4093.602597844496,102.8195,0.9039843968195126,16759.49291271239,2685.687755452852,14073.80515725954,1591.7329383266708,0.16024874794485622,101.3,97.3,102.78094680003163,90.39843968195126,80.91034294732903,94.85683401034397,104.93193725918132,92.7380565829835,0.270199083126129,0.43419704193317105,1068.6671690876776,0.17722023387534247,6613.500892499349,0.052474383263260274,8999.883592666287,0.07772750976353426,2934.764262022407,0.025880306689452057,10430.53296639761,0.028366993638575342,2795.8128742761496,148.36891093924572,94.85683401034397
23_2018,23.0,黑龙江,2018,3327,16209.066909094297,4361.9499948751145,104.842285,0.9220640847559028,17579.111015245006,2577.237051132543,15001.873964112463,1580.686720610019,0.14660792851797252,102.0,100.7,102.4786426127467,92.20640847559028,81.47671534796034,97.20799591922678,105.42433820634123,94.77829382780914,0.2691055579780344,0.4301544636286121,1040.4352413842716,0.1586056862342466,6337.219095965484,0.055156618563917806,9892.423679171285,0.09306135093304112,2320.93432551042,0.02553259472294521,10797.984042320675,0.02783264622224657,3134.7263937657144,154.32757174191718,97.20799591922678
23_2019,23.0,黑龙江,2019,3255,16804.00621208366,4436.068361801844,107.77787,0.9478818791290681,17727.95385383198,2402.6482354695977,15325.305618362381,1541.7267314311168,0.1355287956681055,102.8,109.6,100.36101096032228,94.7881879129068,89.29848002136451,97.55892743880482,102.92308523551881,96.10518994139846,0.2639887361272155,0.4269682689411338,903.826722678014,0.15391047518630138,5318.70681580963,0.05647654648935617,10696.854122184815,0.07597204019654795,3110.5482108510137,0.02774541002254794,9857.545276402901,0.029790624879671233,2826.409411286651,157.08768044805936,97.55892743880482
23_2020,23.0,黑龙江,2020,3171,15469.346328642127,4795.352246059841,110.25676,0.9696831623490365,15952.990553293685,2552.409951568688,13400.580601724996,1842.2812014858025,0.1599957038175336,102.3,109.6,99.0204336890762,96.96831623490365,97.8711341034155,96.60327305231569,99.62354385766207,96.48961070116405,0.3099906191369606,0.5138948240947095,807.5087756188144,0.1992151881369863,4820.259656318338,0.06121059720056164,7508.055686481551,0.07537606861758907,4490.4861527644725,0.033165628661931505,8991.674078005906,0.03827829403112329,2113.5777032482856,138.71766637211024,96.60327305231569
23_2021,23.0,黑龙江,2021,3125,18604.68524378016,5663.538100063122,110.9183,0.9755012613231309,19071.923308992456,2799.632541128222,16272.290767864235,1982.4803858113762,0.14679340388329837,100.6,98.9,101.34398464550196,97.55012613231308,96.79455162827794,97.90160620919114,100.36030714752877,97.84046525098036,0.3044146152355108,0.5218682326317154,852.3677541946553,0.20198958904109587,5220.067407776558,0.06903769726027398,7325.273989660771,0.1229098191780822,2780.4156677048013,0.035314405479452055,9846.247215608015,0.04012044931506849,2622.9720105375904,166.21066188734878,97.90160620919114
23_2022,23.0,黑龙江,2022,3099,18059.60280832778,5629.337097210775,113.02574,0.9940357852882704,18167.96042517775,2551.4664944691635,15616.493930708586,1775.6671115415766,0.1404376955232277,101.9,102.9,101.44712656768262,99.40357852882704,99.60159362549801,99.31836636283236,99.91427656100936,99.60159362549801,0.3117087987458358,0.45512301088777446,831.5564908154635,0.18722503686575342,5407.309990958619,0.0591521333709452,7542.68696575026,0.11597873298312332,2466.874938703711,0.03286393907086302,9937.57406727423,0.03749070259232876,2714.3610910583848,157.23671766466654,99.31836636283236
23_2023,23.0,黑龙江,2023,3062,19394.44213382063,5846.6636413303095,113.703896,1.0,19394.44213382063,2624.8559250367325,16769.586208783898,1802.3585133948122,0.13534062526394752,100.6,100.4,100.68631176904125,100.0,100.0,100.0,100.0,100.0,0.301460779381466,0.4431536385345431,830.2448360426725,0.1860084683506849,5599.879522240237,0.062381404409041094,7606.344533731195,0.13614040132791783,2117.624373492401,0.03517072752310958,9971.473444378928,0.038324616552109586,2656.5753119227547,167.69586208783898,100.0
31_2015,31.0,上海,2015,2458,34783.55401,9271.5,100.0,0.8646801965573182,40227.073718686996,2612.361362801679,37614.71235588532,1362.6066506570871,0.06494037774336388,102.4,102.4,102.39999999999999,86.46801965573182,79.96385970614969,89.02906445417185,102.96184046846071,89.40141690138984,0.266548380804748,0.3159135250696942,1260.980603792311,0.11913014649452054,4411.298841428114,0.051738071585013694,11393.251599193662,0.10391333591909592,3083.339824696483,0.055201531162246575,11237.365347544173,0.0354067150979726,4470.8211526854675,422.4992432134079,89.02906445417185
31_2016,31.0,上海,2016,2467,36296.831354352114,9267.442134515397,103.2,0.8923499628471524,40675.556525539156,2434.268617481978,38241.28790805718,1370.0273533319014,0.059845981847932724,103.2,104.8,102.65141537255519,89.23499628471524,83.80212497204488,91.38959475515183,102.41452183576283,90.65303673800929,0.25532372355153804,0.32423291656121095,1158.5458135184658,0.11073788551232877,3995.0002177778624,0.053313224954780816,9729.109378729197,0.10186286263693152,3338.754669115324,0.05867101926831507,10446.871259471747,0.03619576773238356,3992.6812330977314,418.4424716020686,91.38959475515183
31_2017,31.0,上海,2017,2466,37913.46824702152,9533.61193904713,104.9544,0.9075199122155542,41777.009778730135,2262.298466967137,39514.711311763,1304.3197885990926,0.05415175664676071,101.7,100.7,102.03592883049122,90.75199122155541,84.3887398468492,93.25022186284106,102.75281082834495,92.7380565829835,0.2514571306674401,0.3015381494991491,1094.8270488675125,0.10753290192328765,3894.2148762432003,0.05300907314984932,8712.843981995595,0.09811242062334247,3023.4945714944492,0.056760573522547944,11018.86850858538,0.035206775581369865,3677.4360867833116,423.7492471587252,93.25022186284106
31_2018,31.0,上海,2018,2475,40659.124287552004,10061.921033109928,106.62134,0.9220402308110031,44096.9091465665,2349.741082553751,41747.168064012745,1404.6820042087586,0.053285845380768776,101.6,102.5,101.3040340957148,92.2040230811003,86.49845834302043,94.46623655026221,102.45348672820069,94.77829382780914,0.24747018558366826,0.3398958613035437,1098.5017498137,0.09903155424657534,3586.310330699278,0.057145960265698625,9363.758791223352,0.11261553749654796,2763.0012929646173,0.05599418575541096,11278.018506824024,0.03765790303660274,3809.1784134256695,441.926868144054,94.46623655026221
31_2019,31.0,上海,2019,2481,41729.622968394804,10021.880682461155,109.28687,0.945091236581278,44154.06825625141,2444.7342989286394,41709.33395732277,1366.4432753163437,0.05536826832672456,102.5,106.4,101.26732520691208,94.5091236581278,92.03435967697375,95.66343097808488,101.22137130816343,96.10518994139846,0.2401622629097687,0.32391104348851435,1049.7979698470222,0.1049326924068493,3242.92380733253,0.055753112622561635,10748.183836245804,0.09971687230594521,3746.7210553466707,0.060747106577095894,10745.012602498506,0.038160810257205476,3637.7629580089238,436.00081589042924,95.66343097808488
31_2020,31.0,上海,2020,2488,38270.81264953616,10099.172248148592,111.14475,0.96115778760316,39817.408903247946,2461.1997176784325,37356.20918556951,1428.3622002495804,0.061812151656047865,101.7,106.3,100.05095891898452,96.11577876031599,97.8325243366231,95.71218002837482,99.58009107646349,96.48961070116405,0.26388706037239046,0.34243310653950243,953.1548747656548,0.11322420492328766,3453.1661898475422,0.05628494050854794,8601.819923325704,0.09598641824983563,5039.032911695318,0.06333807337583562,10239.75111343629,0.04291435652778082,2969.360284914799,390.29733911081007,95.71218002837482
31_2021,31.0,上海,2021,2489,43456.30778887647,11206.142341801047,112.47849,0.9726916810543978,44676.343630049174,2528.36681351466,42147.976816534516,1533.4685952140674,0.056592966390698274,101.2,99.6,101.75596079890833,97.26916810543979,97.4411942392766,97.39284838945366,100.12715260798757,97.84046525098036,0.2578714785490701,0.3601106071960748,892.1864806157331,0.12316438356164383,3679.9920641148365,0.057888583561643836,8159.84131924681,0.11636134520547949,3449.004454920568,0.06543710410958904,11154.773729122837,0.043772273972602735,3431.5900601560857,432.76254379575755,97.39284838945366
31_2022,31.0,上海,2022,2475,39938.257274283416,10974.889114811773,115.29046,0.9970089730807579,40058.07204610626,2333.52358138833,37724.548464717926,1368.9496939067126,0.058253517011564566,102.5,105.8,101.24955378533781,99.70089730807578,103.09278350515464,98.60982441315241,98.90565388639186,99.60159362549801,0.27479639483114343,0.3139565561002056,884.2638899326155,0.10009635960821917,3633.939144335968,0.05268179425228767,10243.348453996816,0.11718226693997262,2909.947546448357,0.05871832938626028,11449.379653977148,0.041839540666410956,3327.913799959643,382.5637931030155,98.60982441315241
31_2023,31.0,上海,2023,2487,45408.28320003747,11427.553736698494,115.63633,1.0,45408.28320003747,2408.2104141271802,43000.07278591029,1385.6761487056,0.05303460612061178,100.3,97.0,101.40977391970912,100.0,100.0,100.0,100.0,100.0,0.25166231646232035,0.3046172489526769,936.2837472571957,0.11003478931232877,4016.9332837624816,0.05266247044931507,9226.254801502773,0.12123235704797264,2642.995860907712,0.06026911400398631,12043.208631135309,0.044022094586520545,3381.76376987146,430.00072785910294,100.0
32_2015,32.0,江苏,2015,8315,20555.56369,5936.0,100.0,0.8528387646769915,24102.52036067488,2821.879013043813,21280.641347631066,1496.8266315095264,0.1170781715279837,101.7,101.7,101.69999999999999,85.28387646769914,74.12146210787793,90.11324599112245,105.66269935590043,89.40141690138984,0.288778264100234,0.375273228837407,1183.6624858181021,0.1544232577808219,5974.097355018623,0.0476782623329589,11919.596473242682,0.09880781818635619,3422.168357475958,0.04116028262664384,9981.93963859643,0.031070465990575342,4436.383451976433,236.15442006969252,90.11324599112245
32_2016,32.0,江苏,2016,8381,21632.349892309943,6124.828751793802,102.3,0.8724540562645622,24794.829867522752,2659.2975021072048,22135.532365415547,1459.329225868069,0.10725209716362917,102.3,104.7,101.35209937351624,87.24540562645622,77.6051708269482,91.33166662562357,104.68364032446911,90.65303673800929,0.2831328442025205,0.3595247893470755,1128.5738182642413,0.1495569344547945,5682.974194938799,0.049237022249794524,10570.868277093728,0.09600029597736988,3738.122232361299,0.04449997861743836,9124.99241226601,0.030845592287561643,3832.578510892854,242.36426623145962,91.33166662562357
32_2017,32.0,江苏,2017,8423,22557.51176630619,6271.4811541288145,104.0391,0.8872857752210598,25423.05128320825,2637.2934069394796,22785.75787626877,1454.0587786739427,0.10373630519643383,101.7,99.2,102.66270867092678,88.72857752210598,76.98432946033262,93.76356283216597,105.6745926179258,92.7380565829835,0.27802185006488306,0.3529450611389987,1138.7857137773917,0.1501483205589041,5730.9984294130845,0.05129378033447945,10132.65236954312,0.09825382232556167,3295.2597083301566,0.04303851716554795,9680.399000018513,0.03134988781347946,3659.3719144089223,243.0129272823667,93.76356283216597
32_2018,32.0,江苏,2018,8446,23493.779057318214,6134.564058742374,106.44282,0.9076933480511441,25882.94726160586,2368.6056643224297,23514.34159728343,1435.5305639741287,0.09151220841978697,102.3,102.2,102.33533894855985,90.76933480511441,78.67798470845993,95.95325983454295,105.7110973001605,94.77829382780914,0.261114401551822,0.37490197356035204,1122.0143336102392,0.1126293825328767,5476.056004347654,0.04843144417017807,9995.781985695332,0.10699499236043837,2816.832949914081,0.04410479323236987,9712.305075557337,0.030702696130849312,3821.7844127572816,245.06037249625908,95.95325983454295
32_2019,32.0,江苏,2019,8469,24326.93695675977,6239.148119374243,109.742546,0.9358318418407294,25994.987420934547,2331.7757869772586,23663.21163395729,1406.975517560829,0.08970097770077816,103.1,109.5,100.89240302267001,93.58318418407295,86.15239325576363,96.80954962565683,103.44759100656138,96.10518994139846,0.25647076450537515,0.369964312818209,1034.9331615663916,0.11391571135479453,4866.1882383821,0.04908094587108219,10596.178767933581,0.08987194690841098,3692.427126693965,0.04882943170441097,8803.765861962345,0.03182541012350685,3542.8665555410657,244.4305517943033,96.80954962565683
32_2020,32.0,江苏,2020,8477,23313.990259891987,6452.707984838894,112.48611,0.9592276378867476,24304.960927996723,2244.53222841116,22060.428699585562,1453.8652463711762,0.09234872810783654,102.5,111.9,98.90267839254267,95.92276378867476,96.4045280531995,95.74723751953236,99.81701291517298,96.48961070116405,0.2767740705433746,0.3753652707714238,924.3220472271232,0.12522223871506852,4207.631312984326,0.049394253861164375,8142.72671353968,0.09111871590534247,5018.082645994996,0.050030894609082194,8347.788264142911,0.03580124932350685,2614.2201643757603,230.40276953249176,95.74723751953236
32_2021,32.0,江苏,2021,8505,27519.584845576464,7578.013942755382,114.28588,0.9745752800929356,28237.51577502786,2460.8893664742973,25776.626408553562,1628.844912306432,0.08714964113984171,101.6,100.5,102.01801196995224,97.45752800929355,96.88655069346548,97.67942823357512,100.22768915733262,97.84046525098036,0.27536803281294714,0.4123896876600651,973.6134194815932,0.12439602739726026,4551.669744246489,0.05823757260273972,7581.99370623514,0.12643592054794525,3257.5751351995564,0.05571291369863014,9607.026438942312,0.03725033424657534,2805.4712960592296,263.89002141694993,97.67942823357512
32_2022,32.0,江苏,2022,8515,28123.24652209856,7824.21800388158,116.80017,0.9960159362549801,28235.739508186954,2490.5044327156415,25745.23507547131,1635.0853993903374,0.08820397397396018,102.2,102.7,102.0072760477956,99.60159362549801,99.50248756218906,99.64012400013138,100.03868449613189,99.60159362549801,0.2782117632732587,0.4053528034952509,978.1870057128235,0.12024219771369865,4915.896095603107,0.06010743444843834,7984.315054705945,0.1364892687601644,2832.8136514507096,0.05661658790863014,9278.903482867603,0.0387344073689863,2865.4168879444223,258.3822063031291,99.64012400013138
32_2023,32.0,江苏,2023,8526,30265.236915386253,8464.11462591878,117.26737,1.0,30265.236915386253,2551.3727122010737,27713.864203185178,1709.0623631399403,0.08430043747333119,100.4,100.5,100.3611757848356,100.0,100.0,100.0,100.0,100.0,0.27966457522147437,0.42038185208599765,984.9943269160104,0.10482833522465752,5131.658680508318,0.0629273659289178,7955.947232912626,0.15586202733361648,2261.480181727192,0.06582318210242466,9379.277091685932,0.04470841889435617,2882.1458417699737,277.13864203185176,100.0
33_2015,33.0,浙江,2015,5985,24116.88215,6975.799999999999,100.0,0.8578583061587964,28112.896939807415,2861.839310670849,25251.057629136565,1537.559668778719,0.10179809347995475,101.4,101.4,101.4,85.78583061587965,76.97265664927009,89.79536932251324,104.67389390281359,89.40141690138984,0.2892496615695408,0.4017446458979076,1249.6509462217032,0.1396902480041096,5846.735723388587,0.04640882547130136,12876.395066974419,0.11031266084104112,3246.306284701777,0.047322900953958906,10327.853795409483,0.023300553221041097,4233.19188494612,281.20667936053235,89.79536932251324
33_2016,33.0,浙江,2016,6072,25050.669850595794,7275.956711459972,101.9,0.8741576139758138,28656.92576497869,2842.2048765305167,25814.720888448173,1585.8140175808394,0.09918038312413621,101.9,105.1,100.59010198395788,87.41576139758138,80.89826213838286,90.32525357838769,103.32833820158982,90.65303673800929,0.2904495869713011,0.4169821650101045,1211.0161178991334,0.14727517876849316,5428.827616501759,0.04834307261671233,12131.235211931045,0.10817136526216442,3521.592216333056,0.048267288604726025,9976.273897939862,0.02386793852821918,3719.5035444052683,285.7973807518312,90.32525357838769
33_2017,33.0,浙江,2017,6170,26027.57113265054,7449.8574930044015,104.0399,0.8925149238693058,29162.057055375193,2775.398367083502,26386.658688291693,1591.1584956939726,0.09517155671883361,102.1,99.1,103.30303138010038,89.25149238693058,80.17017777913742,93.30872504823706,104.54584293528362,92.7380565829835,0.28622945472076167,0.4125257793322329,1208.6030248997706,0.14943389323561643,5368.327713045098,0.04969186557154795,10866.081202388232,0.11035528636931508,3129.290416134004,0.04883299645465754,10296.897048803672,0.024739426883616435,3496.0562721726465,282.7887603720959,93.30872504823706
33_2018,33.0,浙江,2018,6273,27696.57706090587,7704.738930296169,106.40551,0.9130427671182997,30334.369931345533,2659.4476075440443,27674.92232380149,1587.695944521137,0.08767110091830017,102.3,102.6,102.18438173298583,91.30427671182997,82.25460240139499,95.34694379347273,104.42768644277423,94.77829382780914,0.2781837955409848,0.408554977129911,1120.9312044343924,0.14233985875479452,5115.060144225406,0.049076618992013696,10744.901611224985,0.11923222138150688,2849.7097183679066,0.04923791290754795,10390.226643849493,0.025406383094794517,3727.996585489921,290.2549491648841,95.34694379347273
33_2019,33.0,浙江,2019,6375,29249.82002948874,8154.896585939612,109.49127,0.9395210073647305,31132.694000671447,2763.0080956132538,28369.68590505819,1584.411957296087,0.08874940586746728,102.9,108.0,100.9284369033342,93.95210073647306,88.8349705935066,96.23218000585264,102.42685288727604,96.10518994139846,0.2788015987010554,0.4088143182718928,1021.3517107388554,0.13902811627808218,4822.061218255978,0.05140378342764383,12221.73334048357,0.11098934488035618,3736.1123801010945,0.05481705420245206,9800.089626831466,0.027153361587616436,3496.3907043076197,294.80456437059627,96.23218000585264
33_2020,33.0,浙江,2020,6468,27939.575728856515,7965.479744701413,112.009575,0.9611299905341193,29069.507771087166,2657.35864938788,26412.149121699287,1609.0695805090836,0.09141395411004918,102.3,109.5,99.428708392743,96.11299905341193,97.27429279988972,95.68241363799876,99.55200085352254,96.48961070116405,0.2850966608084359,0.4223409952501856,922.2475546317276,0.14205773841780822,4332.002743186348,0.05202778325543835,9790.393354772583,0.10058950179838358,5124.172667201938,0.05700468481294521,9431.026419552158,0.03051408671978082,2950.7047000376265,276.0397456279272,95.68241363799876
33_2021,33.0,浙江,2021,6540,32252.69615440392,8936.867806741302,113.68972,0.9755469403921309,33061.14223621021,2962.2884385618286,30098.853797648382,1846.76982178215,0.08960030531907584,101.5,99.8,102.15160349634257,97.55469403921309,97.07974421428995,97.74111979521892,100.19109870400587,97.84046525098036,0.27708901494491106,0.46774400815134903,903.4608107621053,0.14533397260273972,4516.5168441749975,0.06099980410958905,9718.035885318153,0.1480962575342466,3400.336751698846,0.06568810684931509,10226.58247417857,0.03552276164383561,3241.765060595764,307.9446384562569,97.74111979521892
33_2022,33.0,浙江,2022,6577,33540.49383385645,9408.224278176127,116.190895,0.9970089730807579,33641.115315358016,2865.038509397264,30776.07680596075,1801.1327545359447,0.08516478964920945,102.2,102.7,102.00506963390932,99.70089730807578,99.70089730807578,99.70089730807578,100.0,99.60159362549801,0.28050345128428833,0.4505777722997943,861.6662510592614,0.13222407233835615,4806.401832941264,0.05909719327120548,10262.729238903266,0.15980622861747948,2840.130590574559,0.06540581252919178,10302.389244012731,0.033455298211945206,3200.199679157993,308.6840503637863,99.70089730807578
33_2023,33.0,浙江,2023,6627,36206.05929272452,10088.446598382554,116.53947,1.0,36206.05929272452,2816.0225287458297,33390.03676397869,1706.5659540868753,0.07777765887136188,100.3,100.3,100.29999999999998,100.0,100.0,100.0,100.0,100.0,0.2786397303505988,0.4115122017459172,867.6417671664387,0.12016582347945204,5045.014980840006,0.059904608698041095,10627.468760602149,0.1608965747203562,2510.0383079944263,0.06566219088690411,10676.60057593967,0.03514157751276713,3164.316296414119,333.9003676397869,100.0
34_2015,34.0,安徽,2015,6011,12840.106520000001,4424.2,100.0,0.8749265408063702,14675.639520737366,2196.875255943789,12478.764264793577,1514.1455193838317,0.1496953678127281,101.3,101.3,101.30000000000001,87.49265408063702,78.58249012812584,92.64082228139404,105.88411479209698,89.40141690138984,0.3445610044674302,0.4368212457313816,959.420319785009,0.12281806994794522,5412.512197113855,0.04361400459758904,10430.07640541599,0.09101572352161645,2972.800614449033,0.03538436972932877,8136.129780451362,0.027419346164054795,3634.840562348051,134.70049118184272,92.64082228139404
34_2016,34.0,安徽,2016,6033,14451.406934163122,4793.90948300736,101.8,0.8906752185408849,16225.226247832059,2145.451975945639,14079.774271886421,1519.959403187386,0.13222940273219946,101.8,104.6,100.41010094796204,89.0675218540885,82.19728467401963,93.02074317176985,104.43845437190626,90.65303673800929,0.3317261429871274,0.4334372116272273,888.0118544606863,0.12194283920547944,5088.171992790665,0.047042318457849314,9846.707425781286,0.08986397791931508,3217.142528571381,0.03892696719061644,7551.589537461758,0.02876638719320548,3261.1257111306754,151.3616618380166,93.02074317176985
34_2017,34.0,安徽,2017,6057,15289.748843473513,4992.512877121831,103.02161,0.9013633211633756,16962.91438144973,2209.4953692816716,14753.419012168059,1506.043834756496,0.1302544668679061,101.2,97.4,103.04239236578206,90.13633211633756,80.06015527249512,95.8507991606215,106.3398042832588,92.7380565829835,0.326526807485978,0.42216551282850817,935.2521211984122,0.1236858738780822,5346.97057043338,0.04963260438039726,9807.02323836678,0.09258471269901374,2971.4215289610315,0.03526655070139727,8470.937086638873,0.029686662890849314,3123.369079523466,153.9206677603709,95.8507991606215
34_2018,34.0,安徽,2018,6076,16222.954149404,5153.641294202217,105.06498,0.919390587586643,17645.334168569738,2201.6838938195965,15443.650274750142,1553.813501611288,0.12477428156284424,102.0,102.1,101.95344208478325,91.9390587586643,81.74141853321751,97.72318901002616,106.29126546372953,94.77829382780914,0.31767588361158944,0.4288452662937126,901.3576286815816,0.11648275270273974,5153.654322544557,0.05013884284047945,9570.045221323617,0.11114473513043838,2633.100140296797,0.04062335582063014,8465.059899941045,0.029671798017643837,3318.428770079058,158.03465309718516,97.72318901002616
34_2019,34.0,安徽,2019,6092,17735.58162345251,5635.497974389405,107.90173,0.9442141334514825,18783.43163390472,2339.8093244304996,16443.62230947422,1606.309235754663,0.12456772383418299,102.7,109.6,99.48639113984159,94.42141334514825,89.58859471240638,97.22127405284132,102.96528150606945,96.10518994139846,0.31775095364999745,0.45286167311182446,802.970959035768,0.10848413740684933,4579.728191102226,0.05696200794361644,10978.842764942885,0.10394147420802742,3448.165596881794,0.04892091611747945,8071.960600950905,0.03198440908953424,3147.616018341103,169.13605041358383,97.22127405284132
34_2020,34.0,安徽,2020,6105,17034.956086691724,5667.459764206677,110.81508,0.9697079150546726,17567.100177511995,2099.25180978956,15467.848367722436,1594.3836834390368,0.11949905155529626,102.7,110.9,98.61174971620002,96.97079150546726,99.35375153605867,95.8715994398888,98.86647097696786,96.48961070116405,0.33269588341553086,0.456053633874354,713.6925070162328,0.11119439429999999,4084.3924903080506,0.054317238957917804,7919.906888279848,0.09113910684583564,4641.9006940735335,0.04984325892738357,7700.1918118723315,0.0346442088140274,2383.0645787314215,161.33921263534077,95.8715994398888
34_2021,34.0,安徽,2021,6113,19596.21370222204,6388.020445871533,111.812416,0.9784352862901647,20028.114252219017,2278.81325241297,17749.300999806048,1708.148411891843,0.1137807196281841,100.9,98.5,102.06073779150077,97.84352862901648,97.86344526301778,97.84726172086283,100.00381536919065,97.84046525098036,0.3259823832778057,0.4662063881377022,781.4524855736729,0.12316438356164383,4662.630102253574,0.05722925753424657,7802.211526364382,0.12089490410958906,2952.389783155081,0.051150516438356164,8564.478788724884,0.03542875616438357,2785.985013365404,181.39803493368044,97.84726172086283
34_2022,34.0,安徽,2022,6127,19765.2462001927,6732.915114987122,114.04867,0.998003992015968,19804.77669259309,2161.5266452700616,17643.250047323025,1613.9105720188973,0.10914168227296724,102.0,102.8,101.58669465525594,99.8003992015968,100.60362173038229,99.39979899290205,99.59859859088786,99.60159362549801,0.34064413095554963,0.4289548555473253,790.032580827213,0.10560952996027398,4777.503795242648,0.0565056704389315,8100.581545974885,0.13266696480065757,2624.9628644628733,0.04912718409108219,8432.202820282766,0.03409108117117808,2870.6445420314226,177.49784432243064,99.39979899290205
34_2023,34.0,安徽,2023,6121,20657.61868908816,6929.632817411428,114.276764,1.0,20657.61868908816,2388.1213261498524,18269.49736293831,1774.1106048992647,0.11560487014949666,100.2,99.4,100.60382517186058,100.0,100.0,100.0,100.0,100.0,0.3354516762898631,0.45247447579046796,803.9529244068985,0.11507616617671233,4995.227847145898,0.06472518893076712,8006.278267147115,0.15658191618928768,2134.1474061647596,0.05673490974847945,8421.01577128274,0.041462645613917805,2879.1974797318867,182.6949736293831,100.0
35_2015,35.0,福建,2015,3984,18850.19496,6440.000000000001,100.0,0.8896733492567155,21187.77074276592,2609.401110840925,18578.369631924994,1495.802700771858,0.12315600081390561,101.7,101.7,101.7,88.96733492567155,78.50840339088415,94.98835574645561,106.76767582822883,89.40141690138984,0.3416410288416455,0.3895579678586277,1199.7560109677336,0.11443154842602739,6053.177805244922,0.04184131466865754,11765.48759607794,0.12833845372849317,2601.3740479940966,0.05055672154072603,10567.82470390471,0.02317534416339726,3837.6010742138637,195.58575875883847,94.98835574645561
35_2016,35.0,福建,2016,4016,19830.36339741855,6791.543959942452,101.7,0.9047977961940797,21916.900638830604,2679.595037222646,19237.305601607957,1538.3460564149984,0.12226158622424718,101.7,104.7,100.13738676054777,90.47977961940798,82.19829835025571,95.11885717131327,105.12719811146644,90.65303673800929,0.34248207276053005,0.39478014058237587,1159.4574730753843,0.1209692124369863,5704.506984719215,0.04390393935969863,11108.829148191957,0.1300295165353151,3060.6366341140633,0.05490824330671233,10220.604065231853,0.024581975986410955,3453.9395005471674,202.24491939553815,95.11885717131327
35_2017,35.0,福建,2017,4065,20646.393488064845,7008.057464398574,102.920395,0.9156553697484088,22548.214284745336,2615.361145662983,19932.853139082352,1479.1173799069666,0.11598972373756299,101.2,97.9,102.89570463672287,91.56553697484088,80.47213408490035,97.87321832882078,106.88870678027371,92.7380565829835,0.33943252454477113,0.37526743508519556,1192.978529642132,0.11234598128630137,5845.251611902141,0.04369538350682192,10629.629116341523,0.13053092311282194,2741.5112631468864,0.05354873914064384,11299.664757286653,0.024170227821698625,3458.143133913683,203.65993352864655,97.87321832882078
35_2018,35.0,福建,2018,4104,22007.858815207368,7247.485419519222,104.49013,0.9293902002946349,23679.891189115664,2611.7610399931405,21068.130149122524,1532.7688547135058,0.11029446964661825,101.5,101.7,101.40179807481515,92.93902002946349,81.84016036434366,99.24520321911382,106.7852912454329,94.77829382780914,0.32931351842875467,0.38471078990380775,1187.6661048127667,0.11262476386849314,5653.407896119128,0.04656722422332876,11185.829928570838,0.1467164638444932,2302.3794550110233,0.051020147022054804,11120.0366350722,0.024745038494575343,3722.096405261789,212.28361135608995,99.24520321911382
35_2019,35.0,福建,2019,4137,23612.29252952945,7551.381662402569,107.20687,0.9535543455022955,24762.398326748134,2500.107035761943,22262.29129098619,1431.285076124015,0.10096384860513888,102.6,110.0,99.12073131069087,95.35543455022955,90.02417640077803,98.37257122156693,103.16409514105678,96.10518994139846,0.3198072213004662,0.3696283366947471,1073.752657520925,0.10897578499315068,4952.888439603994,0.04425179311728768,11578.072843249185,0.11254020485942469,3386.231482039851,0.055494307387315076,10541.284497467565,0.02475211101008219,3436.2228825967804,226.30587992708143,98.37257122156693
35_2020,35.0,福建,2020,4161,22932.417479918993,7653.053164485742,109.56542,0.974532541103346,23531.71034592172,2396.539707691466,21135.170638230255,1465.5121573403076,0.10184298856571682,102.2,109.3,98.64378677370989,97.4532541103346,98.39642480605039,97.03842939961838,99.57433467511864,96.48961070116405,0.3337220409137945,0.3826495672221539,978.0686957885114,0.1179881293808219,4493.636909076271,0.04528565568186301,8900.558188655757,0.09741888685676714,4673.6615250818095,0.060934243900054794,9133.378138849066,0.02847959562849315,2710.0217486245365,217.80206840727547,97.03842939961838
35_2021,35.0,福建,2021,4187,25776.657253618334,8308.98401450584,110.33238,0.9813542688910695,26266.41374143709,2653.6428678594716,23612.770873577618,1618.3708367512836,0.10102798554768692,100.7,97.6,102.1746011155792,98.13542688910695,96.03491061070518,99.148628167883,101.03245210307279,97.84046525098036,0.32234528832630105,0.39732101152632676,1011.4901543804165,0.1317858904109589,5094.845008269963,0.04824215753424657,8908.75607980852,0.13953286849315072,2914.616167976249,0.06123804383561644,10541.04366549811,0.031065446575342468,3165.9814592217226,238.1552958412636,99.148628167883
35_2022,35.0,福建,2022,4188,26720.93616193098,8564.628400134796,112.428696,1.0,26720.93616193098,2465.015557394009,24255.92060453697,1553.4362332027324,0.09225034416667967,101.9,103.2,101.28676866099379,100.0,99.10802775024776,100.42444164295257,100.42444164295257,99.60159362549801,0.3205212702216896,0.3717305246488045,983.1086489737064,0.12360116141506851,5214.641467353135,0.04408808306852055,9236.506537522999,0.150572200282274,2417.7075268742483,0.057705112086534255,10234.055309543895,0.029021035100164384,3211.863508236616,241.53403501884605,100.42444164295257
35_2023,35.0,福建,2023,4183,28345.537051386873,9057.723385052403,112.428696,1.0,28345.537051386873,2818.1476313783232,25527.38942000855,1738.4408814297094,0.09942121139808986,100.0,100.9,99.577352250101,100.0,100.0,100.0,100.0,100.0,0.3195467197757409,0.3967453296684574,984.9985909805174,0.13546492139589042,5382.038465382139,0.05395749679835616,9708.785216696335,0.17988484216315073,2089.4474157693953,0.06755627646182191,10191.057833786736,0.03561157422717808,3091.2712820404686,255.2738942000855,100.0
36_2015,36.0,江西,2015,4485,12403.3705,4181.7,100.0,0.8638113533717839,14358.888027559411,2562.1231855423675,11796.764842017044,1655.5424785100215,0.17843465180763396,101.5,101.5,101.50000000000001,86.38113533717839,76.84613083347956,91.58101996922645,106.01969933799889,89.40141690138984,0.3371422308154061,0.4641131768092845,1251.5186037134893,0.15973196293972602,4889.128566498073,0.04713574267868493,10875.688654325593,0.1039554174203014,2929.6248757935596,0.03067409015715069,9428.32720119286,0.022160849249863016,4238.89035903381,128.81233301377358,91.58101996922645
36_2016,36.0,江西,2016,4496,12998.650519607843,4314.509803921569,102.0,0.8810875804392196,14752.960781864673,2487.2011464875177,12265.759635377155,1625.3856371333936,0.16858996531360348,102.0,105.6,100.2114251941978,88.10875804392197,81.14951416015442,91.77464531854471,104.16063891491389,90.65303673800929,0.3319198248628453,0.4496129864717516,1203.7522588213953,0.16149211746164382,4689.51590773822,0.04915267826904109,9770.367281090501,0.10046268808126028,3305.263993736263,0.03186409945615069,9438.0102855658,0.020108248826849313,3761.1192149575168,133.65085305209715,91.77464531854471
36_2017,36.0,江西,2017,4511,13897.555452483737,4446.443363409838,104.04,0.8987093320480041,15463.904687418342,2486.8713509041386,12977.033336514203,1601.6475010468826,0.16081781420493968,102.0,98.5,103.64663709680534,89.87093320480041,79.9322714477521,95.12133358019229,105.84215628809275,92.7380565829835,0.3199442793095803,0.43185587092611244,1250.541452331111,0.1621170781767123,4533.233264397529,0.04899704407424657,10073.48395315164,0.10374366999575343,3054.28467856249,0.032948924855054795,9784.39702662864,0.021161162495561645,3737.230882064883,136.42610808829633,95.12133358019229
36_2018,36.0,江西,2018,4513,14865.424046722674,4526.844841189172,106.23324,0.9175822280210122,16200.645122327132,2520.21249888263,13680.432623444503,1620.677725858774,0.15556247790462158,102.1,100.6,102.75678920930926,91.75822280210122,80.41186507643862,97.74362824008209,106.52301805244184,94.77829382780914,0.3045217430031664,0.4135874844249759,1263.8230923370136,0.16738021251369864,4608.474887625579,0.04604220659083562,9733.101539148918,0.12824503219134248,2826.2391962377615,0.033705519007876716,9787.543252564445,0.021378408200657534,4007.0684790543132,139.9623982633634,97.74362824008209
36_2019,36.0,江西,2019,4516,16146.14735268448,4770.843494261762,109.314,0.9441921126336216,17100.489547247184,2492.7258494039447,14607.763697843238,1599.902150134108,0.14576926833098885,102.9,110.6,99.67059220896196,94.41921126336216,88.9355227745411,97.421653113416,103.17990566737438,96.10518994139846,0.2954787535410765,0.4119722453530402,1104.9009112389144,0.15933238073013697,4086.124811269146,0.04767156471927397,11129.377991251798,0.11819907368013702,3562.3091337184846,0.04028582541756165,8771.145021700688,0.02248998516690411,3624.5477862209955,149.94370584984043,97.421653113416
36_2020,36.0,江西,2020,4519,16008.928111654182,5154.0634832764235,112.156166,0.9687411075620957,16525.49683985411,2637.882100226918,13887.614739627192,1825.3310857669014,0.15962497985931692,102.6,111.5,98.37413753449863,96.87411075620957,99.16310789361333,95.83771102217402,98.93015819609047,96.48961070116405,0.3219493177387915,0.47354135224312194,1006.9511431718944,0.19245282302465752,3551.5438613698234,0.050703032823986305,8599.40695638577,0.12525362379591784,4722.596836999273,0.04479851792782191,8445.018656026705,0.025916193067945206,2765.905912243783,144.90762134765518,95.83771102217402
36_2021,36.0,江西,2021,4517,17929.48106087318,5760.144026382543,113.16557,0.9774597775301547,18342.934894136913,2803.5964440576918,15539.338450079222,2051.4720515967233,0.152843395031284,100.9,98.1,102.2253313001489,97.74597775301547,97.27900884363467,97.97041760289672,100.22961543281951,97.84046525098036,0.32126663380975845,0.536014336757266,1018.2256079774118,0.19090479452054793,3703.1492476580233,0.06084382739726027,8251.829812677492,0.15766710410958906,3030.41630053046,0.05035554109589041,9567.219650853236,0.029950421917808216,2979.309629861509,158.6125570380315,97.97041760289672
36_2022,36.0,江西,2022,4528,18806.32368073092,6017.731103384482,115.42889,0.9970089730807579,18862.742651773107,2666.1314796126476,16196.61117216046,1934.4474342290353,0.14134378700024464,102.0,102.9,101.57650085728433,99.70089730807578,100.1001001001001,99.51492207629143,99.8134668425203,99.60159362549801,0.3199844480795727,0.4946927762698463,993.2951553970954,0.16796452898219177,4028.923363859065,0.059227245521835614,8866.320194167709,0.1673992446361644,2590.8975479767123,0.049767574997301375,9093.683133214367,0.028172346707178077,3074.8859691461107,162.75560322243535,99.51492207629143
36_2023,36.0,江西,2023,4515,20193.62084867,6443.424487676168,115.77517,1.0,20193.62084867,2803.5723341267367,17390.048514543265,2012.901608901422,0.13883455350264173,100.3,99.9,100.48744239917778,100.0,100.0,100.0,100.0,100.0,0.3190821762953198,0.48706105765227276,973.1369713921094,0.1690546199917808,4329.012775484634,0.06309015145158904,8921.277898036604,0.198664001720137,2172.3803588121527,0.05573203717400001,9056.750612573158,0.032848936460931503,3001.1897381771187,173.90048514543264,100.0
37_2015,37.0,山东,2015,9866,14578.3579,4166.2,100.0,0.8613427358061067,16925.15336111417,2288.213505436558,14636.939855677614,1375.2933687963682,0.1351960278654708,101.2,101.2,101.2,86.13427358061067,75.03243219718519,91.03211431560564,105.68628553001172,89.40141690138984,0.2857797859387167,0.3918384305523074,991.1197082368905,0.11005135492191781,6486.384889155625,0.05163205423623288,10295.470339761743,0.06482408937336988,3402.4279005970247,0.026630203613205478,10392.66833846523,0.04267055170115068,3682.277715851285,160.78874983537983,91.03211431560564
37_2016,37.0,山东,2016,9973,15598.783710106318,4397.159713119817,102.1,0.8794309332580349,17737.360741129924,2162.203942790236,15575.156798339687,1376.0193856234168,0.12190110887108772,102.1,104.3,101.23639742135016,87.94309332580349,78.25882678166414,92.15763302960431,104.79234871598977,90.65303673800929,0.2818911906747534,0.38665022077942074,934.8426199172154,0.10757653906438357,6040.253720180678,0.05638159776987671,8561.373832829871,0.06425421094454796,3692.8267207097097,0.028961421854027395,9919.280741995397,0.04418570239945205,3252.119177977455,169.00560796018266,92.15763302960431
37_2017,37.0,山东,2017,10033,16675.12853648672,4549.846651734247,103.6315,0.8926223972569054,18681.05549191979,2128.197341176113,16552.858150743676,1344.1267516932212,0.11392275677873943,101.5,98.3,102.70075635551682,89.26223972569053,76.92842672637585,94.64658616074522,106.03205392515488,92.7380565829835,0.2728522686813935,0.3774869557472544,939.85757555451,0.09977733922191781,6049.131225788141,0.05679429011953424,9136.683438127304,0.06562923432287672,3473.3832144157773,0.027737644468342468,10253.207287419127,0.04463791196668493,3104.544826112835,174.8912329772861,94.64658616074522
37_2018,37.0,山东,2018,10077,17687.70217218574,4738.372566424737,106.174164,0.9149379571883278,19332.1328875035,2090.923078270854,17241.209809232645,1325.654850100821,0.10815790944735588,102.5,102.4,102.53659164382006,91.49379571883279,78.77470896780886,97.04738355645962,106.06990648272307,94.77829382780914,0.26789079329229776,0.3604562734008626,907.55364970627,0.09348265390684932,5840.511022557188,0.058381925637657525,9620.067251809918,0.08031468589791782,2874.1330476882436,0.028349453969753424,10065.784753190235,0.04184243223736986,3345.182111382353,177.65764699057715,97.04738355645962
37_2019,37.0,山东,2019,10106,18642.580787474428,4943.6104963818225,109.57174,0.9442159718183544,19743.979496102864,2136.1930261777416,17607.786469925122,1344.4465535064232,0.10819465379810543,103.2,110.6,100.52952792101371,94.42159718183544,87.1248281183966,97.56127654900433,103.32517078812229,96.10518994139846,0.26517844029960347,0.36150983218277327,820.2356652032211,0.10077637480273972,5197.645647650155,0.06042323920887671,10540.422311884771,0.07378449727956166,3610.2458717905847,0.0307639143799726,8957.113080625868,0.04496541889928767,3047.8396654983057,180.47925460549766,97.56127654900433
37_2020,37.0,山东,2020,10165,18590.240516795104,5111.2507988225625,112.63975,0.9706540190292684,19152.283050748432,1917.5653000794498,17234.717750668984,1374.985890135659,0.10012202174531434,102.8,112.1,99.27342765120827,97.06540190292684,97.66693232072258,96.85242329047104,99.78058236170618,96.48961070116405,0.27494269340974214,0.38137972988436375,723.4904433281566,0.09537811682054793,4446.314392058983,0.06217716385871232,8246.974319530927,0.06241706679526028,4963.524992038231,0.03582428230763013,7844.4341044782295,0.05031658540131506,2264.7850472954456,177.94823469703155,96.85242329047104
37_2021,37.0,山东,2021,10170,20019.927014666406,5435.5843203879995,113.991425,0.9823018672576196,20380.626039689647,2016.0708185276003,18364.555221162045,1531.1406491722269,0.09892094652055648,101.2,100.0,101.64723998339838,98.23018672576195,97.66693232072258,98.44781513180192,100.22154941703158,97.84046525098036,0.27150869812891637,0.4117746396546065,739.9043348612375,0.10222643835616439,4547.363444670549,0.06261019589041095,7550.102791461994,0.1027606684931507,3378.716108886303,0.034069626027397264,8500.445982339279,0.05212875616438356,2628.427425376798,186.54101359766676,98.44781513180192
37_2022,37.0,山东,2022,10163,19529.14818097066,5406.313437466149,115.929276,0.9990009990009991,19548.67732915163,1850.7215427698327,17697.955786381797,1480.3900423331097,0.09467246871019637,101.7,102.8,101.27891281111621,99.90009990009992,100.40160642570281,99.70687685178653,99.8065837286383,99.60159362549801,0.2768330388692579,0.40456501925745914,734.1542161867221,0.0895704234780822,4524.392515284656,0.055887855091383554,7582.896782693609,0.10548063256783562,2880.6123950405704,0.032921975661657533,8576.77452077783,0.05176911511013699,2674.4065083273117,177.49985101518791,99.70687685178653
37_2023,37.0,山东,2023,10123,20934.271489549334,5851.614854746958,116.045204,1.0,20934.271489549334,2133.149067771247,18801.122421778087,1570.4730328062076,0.10189745885526244,100.1,99.6,100.29398488596648,100.0,100.0,100.0,100.0,100.0,0.2795232142502863,0.39269666546388443,760.4603192494023,0.09746732962602739,4672.903490832098,0.06651249681372604,8049.841159099408,0.1288942579755617,2488.5742143989046,0.041402135406643836,8958.95545314367,0.058263631117260274,2608.2405167334796,188.01122421778086,100.0
41_2015,41.0,河南,2015,9701,11835.12883,3373.6999999999994,100.0,0.8741664573314499,13538.758815030327,2038.6508271043451,11500.107987925981,1290.626168300721,0.1505788569659056,101.3,101.3,101.30000000000001,87.41664573314499,79.39441291497614,90.8247811938382,103.89872596015313,89.40141690138984,0.28505815597446266,0.3915846186918948,944.8172827846738,0.10424271321369863,6132.830581198873,0.04406447597924658,12448.343672729226,0.05702596003800001,3606.7197075749805,0.017572796905767123,9732.06859508064,0.030822519321753422,3378.8916339103894,126.61861484017733,90.8247811938382
41_2016,41.0,河南,2016,9778,12475.306290129472,3518.3512721434936,101.9,0.8907756200207476,14004.992963142506,1795.4837299637181,12209.509233178787,1282.4879325949862,0.12820311546667418,101.9,104.1,101.03582542469259,89.07756200207476,82.64958384449017,91.76556736936539,103.01760096131507,90.65303673800929,0.28202524173111737,0.384822590255,903.0014749413189,0.10218165578630138,5539.14484865137,0.048496797844287676,8950.05202817489,0.05416017655980823,3458.186400278829,0.01959643411138356,8449.880832643215,0.03198631174071233,2971.8020933419207,133.05109512410377,91.76556736936539
41_2017,41.0,河南,2017,9829,13287.58934948547,3568.29347947378,103.3266,0.903246478701038,14710.922946076025,1790.2619788249895,12920.660967251035,1284.311972861225,0.12169610196364476,101.4,96.8,103.08882090072228,90.3246478701038,80.00479716146648,94.60004139393673,104.73336306827498,92.7380565829835,0.2685433290886547,0.38282491433327004,932.259706322824,0.10219212475890412,5646.847376054694,0.04896254703120548,8428.573722347704,0.05465837942235618,3245.771157176064,0.018522942638849314,9016.848305753154,0.0349950782460274,2834.536094069483,136.5819800590401,94.60004139393673
41_2018,41.0,河南,2018,9864,14356.770398081897,3747.8623271836846,105.654,0.9240211477111618,15537.274697277442,1827.4090473543688,13709.865649923073,1298.1050766391131,0.11761451624940256,102.3,101.2,102.68860253405448,92.40211477111619,80.96485472740409,97.1434605040707,105.13120911214968,94.77829382780914,0.26105190953561597,0.37951410476940584,908.2718112425596,0.10320084106027395,5498.321548076221,0.04843018596773972,9354.117164158732,0.0649312526312877,2828.679761728191,0.019962671010630137,8712.357724186497,0.03301348288021918,3170.2923075682174,141.13009335660402,97.1434605040707
41_2019,41.0,河南,2019,9901,15007.77183862649,3847.326667521516,108.823616,0.9517417821424968,15768.743287535415,1846.6241472333675,13922.119140302048,1350.654205579268,0.11710661487482346,103.0,110.0,100.58689852781346,95.17417821424968,89.0613402001445,97.71359404363615,102.66817731136055,96.10518994139846,0.2563556208670096,0.4065583560155106,798.7809823238932,0.0966084058479452,5055.891611412131,0.05248102849613699,10073.880753073674,0.060362246333835634,3476.012912531414,0.02260688404458904,8327.31889344074,0.036710182051616434,2905.7097072935508,142.478835995786,97.71359404363615
41_2020,41.0,河南,2020,9941,14430.055173140929,3949.1135940915137,111.870674,0.9783905520424867,14748.767905635195,1795.017162677851,12953.750742957345,1502.2282877406979,0.12170624516994484,102.8,111.2,99.63496430734067,97.83905520424867,99.03621030256069,97.35690454879663,99.50720021320167,96.48961070116405,0.2736727993557579,0.46400819118999276,699.1579065982995,0.10969633358630135,4629.93655488465,0.05396875216028767,7654.047891483948,0.051846484847671244,4955.6683518105565,0.02664238198713699,7378.081227181533,0.04495200009895891,2138.548805034969,133.0542584831746,97.35690454879663
41_2021,41.0,河南,2021,9883,16292.882424908657,4634.669914953491,112.87751,0.9871960670108691,16504.201109959722,1964.95095658633,14539.250153373392,1580.444706199709,0.11905762317695881,100.9,99.7,101.37705459933889,98.71960670108692,98.739101671653,98.69756228065982,99.97766966343997,97.84046525098036,0.28445979011473005,0.4511377120039639,729.7386968703321,0.10715301369863013,4931.923877299521,0.060964953424657534,6859.093749617812,0.09167863561643837,3346.545817341893,0.030382832876712326,8379.303684621686,0.04890520547945206,2611.3730321117414,147.3111373513874,98.69756228065982
41_2022,41.0,河南,2022,9872,16600.635939771488,4771.640026537911,114.57067,1.0020040080160322,16567.434667891943,1845.4827246877721,14721.95194320417,1497.132785571534,0.11139218362299377,101.5,102.3,101.17729196550322,100.20040080160321,101.01010101010101,99.85952075153757,99.6598017100345,99.60159362549801,0.28743718275913194,0.4214420779882875,722.423394683795,0.09392694478767123,5248.727198641053,0.0591311152960137,7037.540525895794,0.09892112693523289,2756.089182911148,0.02831019768508219,8218.666974005819,0.04683493009347945,2702.7059315189913,147.42662324440897,99.85952075153757
41_2023,41.0,河南,2023,9815,18375.606009700292,5488.095803371849,114.34153,1.0,18375.606009700292,2078.1517030853997,16297.454306614893,1693.1495463692336,0.11309296150496288,99.8,99.0,100.14067687027256,100.0,100.0,100.0,100.0,100.0,0.2986620305460805,0.46439826078553464,750.0371624402861,0.10180405841917807,5534.58000869904,0.06548803155861643,6782.596020031074,0.12486210564895892,2404.0393589151868,0.035033074909534244,7927.361458907281,0.054989241862794525,2624.5300253708315,162.97454306614893,100.0
42_2015,42.0,湖北,2015,5850,14316.4991,4499.9,100.0,0.8716036022597897,16425.470320317505,2598.6386305732813,13826.831689744224,1550.0953171248273,0.1582078674093668,101.5,101.5,101.5,87.16036022597898,78.95216811435256,91.246419823689,104.68797924551501,89.40141690138984,0.3143156695340413,0.37860513762309855,1106.526291626599,0.18342169606849312,5561.825600433651,0.04870187265113698,9292.603292428677,0.11281547248150686,3038.783955348852,0.029782573629246578,9527.49201630012,0.021720906108931508,3701.5188989667613,151.53286799044977,91.246419823689
42_2016,42.0,湖北,2016,5885,15546.625699065913,4820.352394428063,102.2,0.8907788815095051,17452.84494477547,2431.9852841539573,15020.85966062151,1475.0466570561791,0.13934606603389182,102.2,105.4,100.76193039053925,89.07788815095051,83.2155851925276,91.94165402660471,103.21490095364776,90.65303673800929,0.31005778924218164,0.354631799541569,1060.9272290730007,0.17333256242465753,5110.179384672535,0.05117948289764383,9110.500753653365,0.1047914409432329,3346.594663502747,0.032420454080547945,8769.355767949128,0.021167588640438356,3246.2164280811867,163.37382462441886,91.94165402660471
42_2017,42.0,湖北,2017,5904,16328.063708451837,4914.918360582771,103.732994,0.9041405647321475,18059.20931474747,2306.0867321764194,15753.12258257105,1404.836087895149,0.12769588590421999,101.5,98.3,102.8780371908434,90.41405647321476,81.80092024425463,94.58776902336697,104.61622087643936,92.7380565829835,0.30101048405627423,0.3450813464137662,1072.0735575703968,0.15263375318630137,5148.410221091494,0.05135435396346576,9136.637981158496,0.10405472754673974,3081.985192827712,0.030092877060753427,9972.594518610675,0.019200985776547944,3140.861615170453,166.54502738804842,94.58776902336697
42_2018,42.0,湖北,2018,5917,18474.47470916835,5192.439001778034,105.755615,0.9213192354620585,20052.19689123614,2147.84443607502,17904.35245516112,1372.424045997921,0.10711267437303791,101.9,101.6,102.01728109567323,92.13192354620585,83.1097349681627,96.49587020669442,104.73662818762269,94.77829382780914,0.2810601699652752,0.34091920892742617,1055.0975981237582,0.1293903308342466,4944.5373016633275,0.051195535459465744,9272.809117111454,0.11551210383969865,2596.960379947798,0.031062190237739727,10046.487952324289,0.018132653700383562,3396.8208006608575,185.54527169722337,96.49587020669442
42_2019,42.0,湖北,2019,5927,19780.060918138366,5454.076425464146,109.03404,0.9498801317613822,20823.744235453996,2208.05364924122,18615.690586212775,1432.5946126816777,0.10603538077853654,103.1,109.4,100.70151342492412,94.98801317613822,90.92205005517,97.17280169069173,102.3000675995846,96.10518994139846,0.27573607826772384,0.3620387857684279,955.7247741088677,0.14643436015479452,4466.5288810463435,0.04900807724706849,9949.172867730595,0.10298345765227399,3110.769723743151,0.036258565883534245,9320.51953550055,0.019574059634739724,3172.289685422833,191.5730560642669,97.17280169069173
42_2020,42.0,湖北,2020,5745,17187.310991386286,5266.840072425382,111.97796,0.9755268953189398,17618.49014502778,2180.9906438689927,15437.499501158787,1574.6690691843999,0.1237898722260547,102.7,112.3,98.45841717671914,97.55268953189398,102.10546221195591,95.67480247092725,98.07500226802792,96.48961070116405,0.30643770134053827,0.4086262335165835,839.205842394372,0.16326992143972605,3816.5647273392883,0.05528751901069863,7621.651673563899,0.0976509597370685,4210.787465497165,0.038752245238698635,8394.41830801909,0.023747655649424656,2403.0452954228977,161.35386854704808,95.67480247092725
42_2021,42.0,湖北,2021,5830,21231.56689529602,6478.361313715649,112.313896,0.9784534760048964,21699.107229897327,2408.093217208203,19291.014012689124,1715.776381281608,0.11097660340100533,100.3,96.7,101.88081581663135,97.84534760048965,98.73598195896137,97.47426928833126,99.62075017232958,97.84046525098036,0.3051287427660824,0.41484987968189996,876.2294222692564,0.1736617808219178,4148.740103483833,0.060153936986301365,7526.744183558179,0.14154778356164388,2857.745584864209,0.0418007493150685,9389.732523253835,0.0258740602739726,2873.273359113436,197.90878304125405,97.47426928833126
42_2022,42.0,湖北,2022,5844,21651.226904067185,6557.370738888883,114.672485,0.9990009990009991,21672.87813097125,2250.9689546282557,19421.909176342993,1558.909079605413,0.10386109962070739,102.1,102.2,102.05655602738537,99.90009990009992,100.90817356205852,99.47888224853028,99.57836113077879,99.60159362549801,0.3028637022716288,0.36029513082343245,846.3817814548165,0.16390177936027397,4630.640286730436,0.055567334384424655,7661.31109830881,0.1354262247564658,2483.7597730431226,0.039224152823534246,8924.192134554169,0.02503991765457534,2992.1350945766403,195.23650384230103,99.47888224853028
42_2023,42.0,湖北,2023,5838,23613.848896469626,7029.3150896195,114.787155,1.0,23613.848896469626,2418.7173638013014,21195.131532668325,1624.9362913810796,0.10242791738041951,100.1,99.1,100.5238476143789,100.0,100.0,100.0,100.0,100.0,0.29767765180670797,0.35900508915866297,853.8014665899371,0.17076300852328768,4942.486334229439,0.05862012852983561,8034.305522139969,0.1539123401031781,2174.1204727921254,0.043322228153000006,8829.61046769577,0.026845351222575344,2983.386743909233,211.95131532668324,100.0
43_2015,43.0,湖南,2015,6615,14267.34464,4535.5,100.0,0.8792555523044119,16226.618760162715,2853.657230200763,13372.961529961953,1683.466945288193,0.17586271498574035,101.4,101.4,101.4,87.92555523044119,80.32837910262204,91.74746518462406,104.34675668998183,89.40141690138984,0.3178937717172857,0.456224119030987,1089.5138941018479,0.1529342619657534,6141.129572951155,0.05126341522589041,12486.685268647925,0.1303494195634521,3059.3233617782967,0.033283366571109585,9343.464326070933,0.017678890286904107,3819.950761936917,145.75837602762593,91.74746518462406
43_2016,43.0,湖南,2016,6625,15456.77982742714,4722.2766711911445,101.9,0.8959614077981958,17251.613398630434,2693.294800764751,14558.318597865684,1647.0046261852165,0.15611843011614007,101.9,105.3,100.40428655631607,89.59614077981958,84.585783195061,92.11838785212625,102.81512914546735,90.65303673800929,0.3055149082742153,0.44407376572690954,1013.4797427896623,0.14636887365205478,5660.71666220592,0.0517864708859726,11620.631083884458,0.12630068952312332,3368.526873652767,0.03688502540646576,8758.012642641625,0.01808748789808219,3560.6964545266983,158.0392247119602,92.11838785212625
43_2017,43.0,湖南,2017,6633,16607.923734999586,4842.543447245353,103.3266,0.9085048675073705,18280.50055534221,2725.97382535756,15554.52672998465,1698.0361679255566,0.14911921132055295,101.4,98.7,102.51130001647047,90.85048675073705,83.4861680135252,94.43175694142901,103.94193836354202,92.7380565829835,0.291580303746227,0.4508422398669014,1036.0531411185261,0.15272256702328765,5619.309594892571,0.053137395076698624,10714.27679385952,0.1364560377733973,3096.153041475613,0.036848239281232875,9418.023937490894,0.019011604941260273,3252.055027111587,164.7171167177615,94.43175694142901
43_2018,43.0,湖南,2018,6635,17852.277026837783,4992.716562042974,105.35319,0.9266749648575179,19264.874636580564,2650.541569576558,16614.333067004005,1652.5648766427792,0.1375841587125437,102.0,100.8,102.46589927321806,92.66749648575178,84.1540573576334,96.76034894953474,104.41670771197779,94.77829382780914,0.279668333318898,0.42327254080877325,1025.6618321164892,0.14476848796849315,5396.336088451508,0.051888553820534235,11351.575712609692,0.15020312325189045,2892.099972469749,0.03682456528452054,9332.12545298742,0.019325167187178083,3524.7770025055956,171.70600610038304,96.76034894953474
43_2019,43.0,湖南,2019,6640,18890.59699591324,5323.386652835359,108.40843,0.953548538838386,19810.839434483107,2602.987773192807,17207.8516612903,1674.2193451267424,0.13139209884574599,102.9,109.9,100.1533995104705,95.3548538838386,92.48530903603911,96.90877885115289,101.62962335321417,96.10518994139846,0.28180086918306557,0.44308672131154925,958.7086841301078,0.14376828232602742,4490.339107785633,0.054223946705,11382.423271286687,0.12943675370860278,3540.190881464097,0.04532817215361644,8507.342788860546,0.021265796358575343,3365.7483269978284,177.56752138751756,96.90877885115289
43_2020,43.0,湖南,2020,6645,18933.863359998857,5637.147993509136,110.901825,0.9754801552316689,19409.788357511192,2458.4475259883716,16951.34083152282,1758.3027030641776,0.1266601923063732,102.3,111.4,98.44205122640933,97.54801552316688,103.02863426614758,95.39898971953966,97.79695589694816,96.48961070116405,0.29772835508143625,0.48329889203436266,845.3861023823652,0.15341484939041097,3748.764370858631,0.054686306347178075,8997.61657377826,0.11410562763715071,4742.946744618922,0.04905796031882192,7750.00767674857,0.024587715804164384,2493.6979884492603,177.68889252766206,95.39898971953966
43_2021,43.0,湖南,2021,6622,20454.646742153105,6044.070873695692,111.45634,0.980357556007827,20864.476044278887,2748.6413062783945,18115.834738000493,1924.516849363762,0.1317378543532648,100.5,96.6,102.13573452043708,98.03575560078271,99.52566070109856,97.4364588751281,99.38869576515017,97.84046525098036,0.29548644617948944,0.4966512644079084,875.9782177585518,0.17243013698630136,4264.574379456212,0.05670771506849315,9063.43526394481,0.16119320547945207,3511.576368920956,0.048488628767123294,8683.534814221048,0.026787473972602737,2881.302686506494,185.92460098757542,97.4364588751281
43_2022,43.0,湖南,2022,6604,21225.506189145162,6210.507491277262,113.46255,0.998003992015968,21267.957201523455,2618.671159243391,18649.286042280066,1889.570914018689,0.12312753568339001,101.8,101.8,101.8,99.8003992015968,101.31712259371834,99.19031513488041,99.38869576515017,99.60159362549801,0.29259643732093177,0.4891173168965227,846.3288167342918,0.15795196663561642,4449.551069317917,0.05432917051352055,8963.413049810986,0.17091875723375344,3144.449878447173,0.046777162884123286,8607.696578262967,0.02569108284580822,2912.989355958939,188.01519096819584,99.19031513488041
43_2023,43.0,湖南,2023,6568,22396.373088259596,6522.134799126128,113.689476,1.0,22396.373088259596,2712.0384489331186,19684.334639326476,1854.3473511323095,0.1210927518596659,100.2,98.7,100.81629427632987,100.0,100.0,100.0,100.0,100.0,0.29121388420454103,0.4424136004734151,867.039913843401,0.1499261566438356,4632.058100013463,0.05924536324506849,9185.815064205317,0.20060696920882196,2915.0777692272604,0.04630883501715068,9020.429944896921,0.02867275097786301,3043.1004719896373,196.84334639326477,100.0
44_2015,44.0,广东,2015,11678,20975.69841,7236.700000000001,100.0,0.8588046514431953,24424.29529783167,3090.188738857147,21334.106558974523,1499.0238441963581,0.12652110127130203,101.5,101.5,101.49999999999999,85.88046514431953,75.1282452515752,92.36699215186009,107.5529714430868,89.40141690138984,0.3450040069488204,0.3638172124524119,1383.183631775689,0.11161828915890411,6038.568760444972,0.044321252484397264,14732.152548001388,0.14958968739657538,2982.0134393216035,0.061114978070657536,11956.66641221915,0.019050502535232876,4366.850426728194,230.9711084225762,92.36699215186009
44_2016,44.0,广东,2016,11908,22921.235474583973,7834.897126977434,102.3,0.8785571584263887,26089.63486865091,3009.571580458062,23080.06328819285,1511.217945819406,0.11535506708353124,102.3,105.9,100.43038598185795,87.85571584263887,79.56081172141815,92.76452673794554,105.5873551859722,90.65303673800929,0.34181827308851204,0.3632454761274976,1273.734637484512,0.11785417579726026,5484.4184055527085,0.045139856473767115,13523.762244118883,0.14645129094690415,3456.1625106064594,0.06429943522257534,11051.443411306533,0.01861873834169863,3937.4261305473574,248.80268460154713,92.76452673794554
44_2017,44.0,广东,2017,12141,23903.06387699448,8009.904019164549,103.8345,0.8917355158027844,26805.104712551187,2966.3091135092773,23838.79559904191,1503.1757748022671,0.11066209758622345,101.5,98.9,102.81035933924542,89.17355158027844,78.68564279248255,95.37154327863222,106.95048205271272,92.7380565829835,0.3350994692723758,0.35917398441620196,1286.2099043233172,0.1137180202027397,5463.710898937767,0.046570737914424655,12640.538911015225,0.14643634027709593,3303.2397930678767,0.06640795863560274,11114.642718922827,0.019280845955068494,3761.2087226521976,249.95711277729674,95.37154327863222
44_2018,44.0,广东,2018,12348,24561.14350500199,7994.829962889333,106.07805,0.9113536971504458,26950.177062756185,2943.420522986636,24006.75653976955,1502.3524644842685,0.1092171126049594,102.2,101.8,102.39303823853305,91.13536971504458,80.10198436274725,97.65382077796899,107.15249313554752,94.77829382780914,0.3255072371227809,0.33419304701496977,1233.2185945691224,0.11276221532054795,5361.694995592506,0.04623862925641096,12613.642852437759,0.17139196507487678,2908.948919629803,0.06650027300864383,11539.58427232444,0.02009010256668493,3857.4868305650725,245.8353021778084,97.65382077796899
44_2019,44.0,广东,2019,12489,26434.862835721924,8541.93884740286,109.6847,0.9423397228535609,28052.37028072294,3142.667584773317,24909.70269594962,1560.3766417109885,0.11202859342452423,103.4,110.3,100.10599516962367,94.23397228535609,88.3524887521102,97.75732911094659,103.73894545686899,96.10518994139846,0.323131574409381,0.3564310209986175,1085.5822982512077,0.1112584890452055,4684.288799848251,0.052105670059232875,13172.642229666382,0.15471447779194525,3653.634172378469,0.08362259070832877,10830.70419088723,0.022056072252164383,3501.733506170386,254.8116128221869,97.75732911094659
44_2020,44.0,广东,2020,12624,25318.00815490634,8556.601710165647,112.5365,0.9668405556477535,26186.332386464746,3106.042204525022,23080.290181939723,1641.2955949101356,0.11861310544314638,102.6,111.8,97.90345284609309,96.68405556477535,98.77808242485919,95.70780060973561,98.99026271773873,96.48961070116405,0.33796504281903694,0.3942615751575335,948.2107611873995,0.12248135083972603,4130.627779420254,0.05326433969847945,10179.062005171769,0.13078132668295894,5242.995674725808,0.09446187543099999,9785.394752277376,0.025397329645369865,2916.077410924475,241.1536994361977,95.70780060973561
44_2021,44.0,广东,2021,12684,27847.4909860767,9242.680401041485,113.43679,0.9745752800929356,28573.976330921465,2902.1004825432747,25671.87584837819,1544.0748672426055,0.10156446022539582,100.8,97.7,102.3400484252323,97.45752800929355,96.50618652908743,97.9474094907282,100.50266150952231,97.84046525098036,0.3319035242946188,0.34319678704596024,1004.5941847877804,0.12685931506849316,4556.820090122451,0.047671776712328764,10110.86023986121,0.14910371506849318,3679.6168656336386,0.08006028356164385,10803.118096194,0.025145556164383562,3328.7788672666056,262.0985688325766,97.9474094907282
44_2022,44.0,广东,2022,12657,27747.80735233845,9510.54205813145,115.9324,0.9960159362549801,27858.7985817478,2776.109060817254,25082.689520930548,1541.3631109568028,0.09964927427401957,102.2,102.9,101.83495736157292,99.60159362549801,99.30486593843098,99.74470269164829,100.14368150241488,99.60159362549801,0.34274931843686557,0.3274156116255382,969.4564806288749,0.12382280803972602,4657.271020948303,0.04698260185482192,10347.716460685899,0.17229777014391784,2783.2484195740126,0.07703040434645206,10883.172761657599,0.0231323594679452,3370.6964189726887,251.4688885130212,99.74470269164829
44_2023,44.0,广东,2023,12706,29495.388515422837,9568.282616004406,116.39613,1.0,29495.388515422837,2978.2680240174927,26517.120491405345,1668.6623544079803,0.10097402251406815,100.4,100.7,100.25595074371111,100.0,100.0,100.0,100.0,100.0,0.32439927383906975,0.35144269260178473,949.0457822125704,0.11737868737808219,4823.864447722221,0.05155883859412329,10627.854999032015,0.20510367531632884,2462.519443165673,0.08319552352068493,11282.464829211825,0.025651759792986305,3385.0201995350103,265.1712049140535,100.0
45_2015,45.0,广西,2015,4811,11401.00499,3960.8,100.0,0.8657035288225212,13169.641349974596,2555.5715874393522,10614.069762535244,1576.4122093425233,0.19405020376232812,101.5,101.5,101.5,86.57035288225212,77.84843553175986,91.86196092048345,106.11249447651976,89.40141690138984,0.34740797004071833,0.4409566624571245,1155.6188131390518,0.10105911096164384,5951.836779953365,0.0430678441780274,11873.614736674597,0.14061581985772606,2724.096532001519,0.0476788488480822,10259.955632724976,0.014827818368657535,4107.246737927888,115.54368811833746,91.86196092048345
45_2016,45.0,广西,2016,4857,12101.556805762897,4165.649668860994,101.6,0.8795547852836816,13758.729994129699,2459.085290288493,11299.644703841206,1528.459998648794,0.17872908991874153,101.6,104.3,100.18273869490925,87.95547852836816,81.19591825962553,92.0298282689876,104.6322864803758,90.65303673800929,0.34422427921647775,0.427582019195301,1065.085284043328,0.09275247385890412,5846.747425161315,0.042880132906000006,10919.708346781512,0.13620822336912328,3163.0442161429582,0.0507563223480548,10041.287363660795,0.014050827647013698,3746.661121301702,122.7824164879919,92.0298282689876
45_2017,45.0,广西,2017,4907,13004.197199563103,4272.052823034111,103.2256,0.8936276618482205,14552.142636976494,2461.9695763678524,12090.173060608642,1525.2147241724363,0.16918261714340763,101.6,98.5,103.11662216980773,89.36276618482205,79.97797948573114,94.89805029965484,106.19417275354324,92.7380565829835,0.3285133836003069,0.41186387389447837,1084.5873457032137,0.10292085146712328,5758.268540889572,0.04269402976349315,10679.357285626736,0.139016183822137,2862.361934496075,0.05154517270172604,9996.248125245153,0.014567250437260273,3672.866267477268,127.40170132507576,94.89805029965484
45_2018,45.0,广西,2018,4947,14139.709539264675,4303.736687594873,105.622765,0.9141810980707296,15467.077113172489,2362.3960239233384,13104.68108924915,1511.6744645133385,0.15273706897804312,102.3,100.4,103.13134630704498,91.41810980707295,80.29789140367407,97.86963689317076,107.05716525939224,94.77829382780914,0.30437235472509466,0.39448592314324454,1053.7195733889573,0.09924801565068493,5442.5838055678605,0.04146339150678083,10602.824629237275,0.1575590744381918,2435.171483674534,0.04882027162965754,10804.078018690168,0.014260555888109587,3911.6557360803918,133.89935331581455,97.86963689317076
45_2019,45.0,广西,2019,4982,14989.390086192785,4593.410854041487,109.53081,0.9480057986993464,15811.496202616128,2438.765152721064,13372.731049895065,1521.0185186402655,0.15423999863577442,103.7,112.9,99.63502652193769,94.80057986993464,90.65631939474802,97.51243867543481,102.86059305673109,96.10518994139846,0.3064441466682909,0.4108713155737492,900.8037146860647,0.10234487322739727,4534.401677156558,0.042422824693945205,11067.228160484645,0.12576272231169863,3507.760207588737,0.06381165273843835,10048.264460936007,0.015295870774904111,3447.536000482653,137.13872026527324,97.51243867543481
45_2020,45.0,广西,2020,5019,14526.9433912967,4965.9108621651585,112.59767,0.9745499610629281,14906.309549745776,2329.060142175717,12577.24940757006,1574.7227137671969,0.15624659708045835,102.8,111.6,98.22936231480193,97.45499610629281,101.17245244453878,95.7858466884919,98.28726131600231,96.48961070116405,0.3418414134621263,0.4361784160075162,820.8251835104268,0.11179670508493152,4087.546265648539,0.042931618405561645,7600.462033673289,0.10425037579989042,4829.447201796358,0.07401394586789042,8587.98911834901,0.018190295717808218,2674.883742300383,131.30592715302626,95.7858466884919
45_2021,45.0,广西,2021,5037,15920.986073143195,5127.318004935523,113.61105,0.9833209107124945,16191.037838915852,2383.1390952318825,13807.89874368397,1699.6343144188868,0.14718877930751947,100.9,97.3,102.61010862119582,98.33209107124945,98.44079622853623,98.28596133079364,99.95308780688657,97.84046525098036,0.3220477664750111,0.4511377120039639,821.7600657518591,0.11823780821917806,4908.592414699594,0.04587290136986301,8138.631538747753,0.15313354520547948,2799.3669707676986,0.06490618219178082,8936.223612155478,0.016529008219178083,3024.691005629768,140.48698874920467,98.28596133079364
45_2022,45.0,广西,2022,5047,15844.392951939815,5073.004405317697,115.76966,1.0020040080160322,15812.704166035934,2193.9467718739893,13618.757394161945,1604.9213221447405,0.13874583049408853,101.9,102.3,101.71161186848437,100.20040080160321,100.70493454179255,99.96823550998546,99.7682990389655,99.60159362549801,0.32017663413836334,0.412873822697562,800.3402018781733,0.10714550067123287,5066.20769395691,0.0428354334129589,8265.69118162022,0.16621915925342473,2516.294247988669,0.058145768007383566,8636.375865568401,0.01524097702980822,3031.066003249485,136.23084697540367,99.96823550998546
45_2023,45.0,广西,2023,5027,17093.348378722847,5413.967340707971,115.538124,1.0,17093.348378722847,2254.1349777308124,14839.213400992034,1561.500009972687,0.13187205501156662,99.8,99.3,100.03177458304879,100.0,100.0,100.0,100.0,100.0,0.3167294798394838,0.37540283482835723,825.6142170450682,0.1110947912630137,5297.535097724785,0.043824005092219176,8875.971638330202,0.17562471227112333,2102.333599550448,0.05774221323442466,9382.56653167842,0.01706144829720548,3264.434892230591,148.39213400992034,100.0
46_2015,46.0,海南,2015,945,13575.02146,5364.1,100.0,0.8538825902158691,15897.995363236196,2756.573292472039,13141.422070764156,1293.7814645655972,0.17339125024822696,101.0,101.0,101.0,85.3882590215869,76.58338754276922,92.31554593326176,108.11269253062481,89.40141690138984,0.39514486336583665,0.3102924445105657,1442.5409186203772,0.09369122047397259,5553.125721289634,0.03772842905116438,14092.300569730573,0.1270624382393425,3073.0902598253197,0.06606627027756165,12305.695488385245,0.012049929730191781,4443.055835823921,142.35329421400556,92.31554593326176
46_2016,46.0,海南,2016,957,13886.545220054737,5589.007616183875,102.8,0.8777913027419134,15819.871052125967,2699.1531214840875,13120.71793064188,1312.4725811345588,0.1706178964790841,102.8,106.1,100.57720499575649,87.77913027419135,81.25497418287813,92.84839587624842,105.77502372855878,90.65303673800929,0.4024764639164762,0.3056299070422245,1321.007274783871,0.08960277876164384,5130.388539358866,0.040736505431191776,13189.31556471881,0.13589883819764387,3043.119605410253,0.0718539850220274,11605.829719496543,0.012514276112547944,4071.235310587304,141.31335072422394,92.84839587624842
46_2017,46.0,海南,2017,972,14575.092185559379,5616.957428733506,105.678406,0.902369459218687,16152.022917729466,2664.724899274738,13487.298018454727,1297.8307152047666,0.16497778097811946,102.8,99.3,104.99458085128575,90.23694592186871,80.68618936359798,97.4857840774095,108.0331155731015,92.7380565829835,0.38538057648092555,0.2953010368577531,1313.5083328739815,0.10813325439452055,5433.793196835415,0.039786421764520546,11987.038784515387,0.12553477497000004,2992.9916974996463,0.06872362919630137,11529.903158548745,0.01143624041928767,3869.110266521534,138.35143396646438,97.4857840774095
46_2018,46.0,海南,2018,982,16187.6526369647,6050.98248438642,108.2828,0.9249286956991541,17501.514129938896,2725.8147799790313,14775.699349959865,1334.132822515118,0.15574736904140923,102.5,100.9,103.4551037795736,92.49286956991541,81.41236506787037,100.85401908761504,109.03977739752082,94.77829382780914,0.3738023430629422,0.2916683941993124,1284.0154592930846,0.10887015921780822,5325.624977911756,0.03869756180036986,12037.564911905956,0.14730354964800002,2733.2388718559655,0.06818654342932877,12467.565585044265,0.012340202962739726,4290.530028789062,146.50580595230173,100.85401908761504
46_2019,46.0,海南,2019,995,17465.370347656622,6361.21744960955,111.96442,0.9563762713529255,18262.02810631161,2683.239829253686,15578.788277057924,1301.888307756551,0.14693000216806815,103.4,110.5,99.33263490633571,95.63762713529255,89.96066339999676,100.18095456866679,104.75056478236027,96.10518994139846,0.3642188698542572,0.3073490307975221,1108.228897716586,0.10361175439315069,4709.651391747258,0.041307870938328765,12172.389775680465,0.10214904102410963,3360.3220290494605,0.0841855859601233,11379.49199250956,0.012340870765041095,4099.640077306898,155.5064866783615,100.18095456866679
46_2020,46.0,海南,2020,1012,16563.704229965977,6560.17676491484,114.5396,0.9783729255940427,16929.84729714278,2524.8974886646324,14404.949808478148,1363.2207412849898,0.14913882236201592,102.3,110.5,96.92255192878338,97.83729255940426,99.40653305699642,97.09793771456695,99.24430160985047,96.48961070116405,0.39605734767025086,0.33133129630085095,972.0594408677233,0.1164966456452055,4182.415190616824,0.042055277914041095,10046.545856632465,0.08456858970238357,4835.075535396537,0.09309264634642465,9007.879995604513,0.01406591473358904,3242.821425431374,148.3548481824972,97.09793771456695
46_2021,46.0,海南,2021,1020,19360.530291826133,7143.950373665833,114.88322,0.9813080443708246,19729.309672824835,2907.521918017999,16821.787754806835,1546.9477524310862,0.14737068687318652,100.3,96.7,102.40518995639411,98.13080443708246,96.12611746611555,99.43332756034353,101.32733358371296,97.84046525098036,0.36899559392140996,0.35149993511965283,997.9077736386306,0.12439602739726026,4776.317411723983,0.04571134520547945,10064.052045725579,0.14305896986301372,3856.0331259781383,0.09383517123287671,9570.458890381555,0.014972427397260273,3531.5152696714363,169.17655445653395,99.43332756034353
46_2022,46.0,海南,2022,1027,18419.93748439839,7096.302334396438,116.72135,0.9970089730807579,18475.197296851584,2591.241149788528,15883.956147063056,1459.0754303749268,0.14025512735553355,101.6,103.0,100.72264717676342,99.70089730807578,99.00990099009901,100.15187969472028,100.45233533380443,99.60159362549801,0.38525116279069765,0.32158449217254553,953.8072428666421,0.11400897142602738,4906.941361640879,0.04204886470375342,9082.176788782419,0.15308874356893154,3120.252990848418,0.08561834340058905,9584.161860045713,0.013188299915616436,3406.451204948056,158.59868227615914,100.15187969472028
46_2023,46.0,海南,2023,1043,20288.065626084357,7956.494657760317,117.07152,1.0,20288.065626084357,2855.968382737142,17432.097243347216,1551.9134509519524,0.1407708568856966,100.3,101.0,99.84835062988012,100.0,100.0,100.0,100.0,100.0,0.39217611005411257,0.307578305317757,944.1911835356855,0.120353526,5003.761545417478,0.04742980548528768,9193.211893721198,0.1948246868401644,2945.45123261468,0.09038990283550685,9975.47536592621,0.015380498997260274,3366.2235795383044,174.32097243347215,100.0
50_2015,50.0,重庆,2015,3070,15139.54219,5325.5,100.0,0.8889201803914445,17031.385408904946,3280.606297553898,13750.779111351047,1849.8842045319545,0.19262122362862016,101.3,101.3,101.3,88.89201803914445,81.84020024128584,93.2541735283342,104.90725217563272,89.40141690138984,0.35176096695431186,0.46057928933384035,1063.1316916428816,0.17686539728630135,6933.8910202522775,0.055919399565054796,12192.614307888723,0.16960902214093154,2556.2130135609505,0.03230146028878082,10180.756208974612,0.029667533651068494,4057.321268907771,147.45483865312505,93.2541735283342
50_2016,50.0,重庆,2016,3110,16095.115941862518,5512.3770449662115,101.8,0.9049207436384904,17786.216146562783,3216.8599438420415,14569.35620272074,1866.9483357272031,0.18086252395306154,101.8,104.7,100.28943703646601,90.49207436384904,85.68668965262627,93.52408564457549,103.35058213886819,90.65303673800929,0.3424875636110716,0.46454248031709466,1039.0674295902284,0.17541858527260273,6406.373864114738,0.05858328534317808,11600.451677447787,0.1690712261972877,2882.1807872861505,0.035208853714917804,9381.301863844807,0.030649737018520546,3692.7118593777573,155.78186199103226,93.52408564457549
50_2017,50.0,重庆,2017,3144,17407.509572136096,5780.587315580466,102.818,0.9139699510748752,19046.041449901037,3278.977194183036,15767.064255718,1899.5554836906117,0.17216056170034605,101.0,97.0,102.98869045067232,91.39699510748753,83.11608896304747,96.31923106131352,105.38555556234337,92.7380565829835,0.33207434364036503,0.46913139653918257,1097.1476845277855,0.1826699499369863,6318.5043681163415,0.06011332039580822,10651.20053042727,0.17052353164306852,2652.821710067193,0.03631493515031507,10951.63168851782,0.031024608179945207,3858.6962959110238,163.69591079564609,96.31923106131352
50_2018,50.0,重庆,2018,3163,18345.371650392386,5928.887769211606,104.92275,0.9322493500963728,19678.61028650318,3092.9227460081065,16585.687540495073,1801.0693866548472,0.15717180740803766,102.0,101.4,102.2865008077624,93.22493500963728,84.27971420853014,98.52157105756099,105.68156582504045,94.77829382780914,0.32318166577370994,0.4174427406337523,1094.6587250586624,0.17056928326438356,6139.058068905866,0.05732541735943836,11641.613961774106,0.19541251816224664,2370.83365425997,0.032297297073739725,10868.396398290211,0.027487436833863014,3898.5043555462016,168.34574766174734,98.52157105756099
50_2019,50.0,重庆,2019,3188,19278.80014310646,6186.86708934475,107.75567,0.957420082548975,20136.197782461168,3132.751787300137,17003.44599516103,1801.5312889094055,0.1555781196204179,102.7,109.6,99.4392605246929,95.7420082548975,92.37056677254903,97.96912171694851,102.32616121454407,96.10518994139846,0.32091556753634354,0.42468747719677125,991.4772322230398,0.18073867082054793,5613.785239751489,0.05838538040357534,11677.73630617001,0.16973513567506854,3112.6249375586144,0.03831246961967123,10001.777980791754,0.028906510739068494,3588.535250023438,173.55923680001166,97.96912171694851
50_2020,50.0,重庆,2020,3209,19665.430602016237,6608.303153586469,110.23405,0.9794407444476013,20078.22393901677,3055.911048040294,17022.31289097648,1862.4087809784608,0.1522002671810992,102.3,110.3,98.25114427445911,97.94407444476013,101.88473515012157,96.25578312253953,98.27627007372172,96.48961070116405,0.33603653473567674,0.4597290408206141,961.129148157068,0.18844087871095888,4711.325811616771,0.057978257203917805,9491.873942489188,0.15048595184276714,4365.883621537617,0.042267331620890414,9978.362301115112,0.03230293029008219,3007.79156333051,176.8445732689747,96.25578312253953
50_2021,50.0,重庆,2021,3212,22247.59686123524,7375.316229162645,110.56475,0.982379066680944,22646.652006135217,3371.6480057981385,19275.004000337078,2095.357828514551,0.14888063828970055,100.3,95.6,102.63077811901358,98.2379066680944,97.40180680351622,98.78805920321246,100.56002062114047,97.84046525098036,0.33151069192617283,0.4951136443942616,1021.9311632137131,0.199526301369863,5199.707348290571,0.06655879726027397,9097.327049614998,0.19947659178082197,3016.909421028966,0.04770532191780822,10246.645515801558,0.039298257534246574,3360.6601794265803,195.1147148329672,98.78805920321246
50_2022,50.0,重庆,2022,3213,22474.76433594025,7618.175310892459,112.88661,1.0030090270812437,22407.34004293243,3118.0082843022246,19289.331758630204,2123.1434530645674,0.13915120127280284,102.1,105.3,100.45910107267858,100.30090270812437,102.56410256410257,99.24159624269275,98.94387145396468,99.60159362549801,0.3389657482952978,0.48661454510126995,960.8188526868589,0.1913042535657534,5005.4146235004555,0.06579267638821917,8857.693220004738,0.23079209953808222,2377.3548628184467,0.04821692868591781,8984.524147761842,0.03885122325304109,3301.067829698562,194.36740730629364,99.24159624269275
50_2023,50.0,重庆,2023,3191,23558.649175374132,7680.628060135989,112.54795,1.0,23558.649175374132,3066.340438753048,20492.308736621082,2095.3161307466617,0.1301577359519533,99.7,97.5,100.76419947483775,100.0,100.0,100.0,100.0,100.0,0.3260215814141225,0.46049606103774166,949.8171127176461,0.18314738435342465,5275.170901364135,0.06837373019984931,8546.046497503712,0.24441051757758908,1916.2446881721191,0.05003841877458904,9444.498058211033,0.041191953430136985,3339.4013416187545,204.9230873662108,100.0
51_2015,51.0,四川,2015,8196,13632.096340000002,5001.4,100.0,0.8733863672581604,15608.32278936929,3080.562277242797,12527.760512126493,1873.879432447901,0.1973666433488257,101.5,101.5,101.5,87.33863672581604,77.86068403766564,93.73687135747889,107.32577799645414,89.40141690138984,0.3668841442474723,0.49432440556793694,1124.92925635831,0.16057273228767124,6026.676392705155,0.0526686409899863,11051.707421470022,0.17591201901073972,3213.2766060920194,0.029361405587232874,10671.313997458154,0.024100512780383554,3987.6841135913096,133.64816139798498,93.73687135747889
51_2016,51.0,四川,2016,8251,14561.844806480747,5221.982257427747,101.9,0.8899807082360656,16361.978042582747,2947.834121389875,13414.143921192872,1828.7252836111259,0.18016367664826408,101.9,105.0,100.16676839054044,88.99807082360655,81.75371823954892,93.89319482918472,105.50025855648069,90.65303673800929,0.3586071906976858,0.47923868337872727,1053.0904459293974,0.15879225564246577,5693.394060584731,0.0542091218630137,10061.281461567865,0.16617495705410962,3498.1207580324744,0.031780302968726026,10253.552616607058,0.02416732089852055,3579.678921782683,142.86598667343853,93.89319482918472
51_2017,51.0,四川,2017,8289,15659.028234383186,5450.904163021271,103.3266,0.9024404381513704,17351.868968172974,2986.9832973831694,14364.885670789805,1890.850795751119,0.1721418772157589,101.4,97.2,103.64270368626455,90.24404381513705,79.46461412884155,97.313445698379,107.83364927409886,92.7380565829835,0.3480997723123388,0.4926452968358745,1068.9865013468225,0.15702344266438356,5802.250046066374,0.05621953863034247,10177.416965493801,0.18215607961479455,2978.693913038119,0.03179380036819178,10831.466857013605,0.0255872397619726,3522.555060742476,147.61460317943596,97.313445698379
51_2018,51.0,四川,2018,8321,16803.161770903353,5648.64877958245,105.12041,0.917781925599944,18308.44703105186,2823.7673626003893,15484.67966845147,1806.8192861408988,0.1542330355934158,101.7,101.3,101.90256012195164,91.7781925599944,80.49765411251647,99.16489250953343,108.04842604054382,94.77829382780914,0.3361658273958743,0.4507645623790521,1045.3376340260288,0.14867331621780824,5545.280342697991,0.05268982907301369,11105.291989886362,0.195764468414548,2621.952920214248,0.030622293606849316,10956.659613950396,0.024895173379178084,3783.535791612809,156.15082391142428,99.16489250953343
51_2019,51.0,四川,2019,8351,17825.627330951163,5961.049065249508,108.48426,0.9471509472191422,18820.260258713388,2806.4795285395053,16013.780730173883,1730.8338537309558,0.14912012320553134,103.2,112.1,98.72842625396235,94.71509472191421,90.23787026013096,97.90393777109576,103.36677385853233,96.10518994139846,0.3344089357741235,0.43882434022603956,910.3178103827977,0.13969672645068493,4837.2921146927965,0.05552215677019178,10993.259387188626,0.1680420982514795,3821.0242853262666,0.038046909610150684,10347.288683474224,0.025284695556931507,3366.1182815151556,163.5662578518026,97.90393777109576
51_2020,51.0,四川,2020,8371,17670.373105569513,6276.050628770845,111.95576,0.9774597775301547,18077.851909383946,2498.2046084258623,15579.647300958084,1714.2939969342005,0.13819145222276555,103.2,114.2,97.14114419202609,97.74597775301547,103.05164783706957,95.10500535989162,97.29812678349072,96.48961070116405,0.35517363392812007,0.4517432482920181,796.1175858430743,0.1440048318410959,4148.436645040787,0.05451596796420548,8295.45705768349,0.14088256438906854,4725.716853290422,0.04012516342969863,8924.255670117442,0.0258752225510137,2514.983020868263,163.81521920957115,95.10500535989162
51_2021,51.0,四川,2021,8372,19162.61425628589,6722.674050134091,112.291626,0.9803921568627451,19545.86654141161,2608.1211670636926,16937.74537434792,1818.3101682653169,0.133435944706667,100.3,96.0,102.62376506128874,98.0392156862745,98.92958192358678,97.60033726206125,99.55234400730248,97.84046525098036,0.3508223857258338,0.4532903800230694,828.9901022902426,0.15026054794520546,4798.134577853956,0.057121149315068495,8464.866768285221,0.18285354246575344,3063.320281352181,0.03856864246575342,10028.674644448462,0.02706082191780822,2990.4245887610364,173.54187341452848,97.60033726206125
51_2022,51.0,四川,2022,8374,19471.241911860223,6756.130245857928,114.53746,1.0,19471.241911860223,2502.928566734197,16968.313345126026,1729.6013409211964,0.12854488573785455,102.0,102.0,102.0,100.0,100.90817356205852,99.55234400730247,99.55234400730247,99.60159362549801,0.34697993463594473,0.41294382746154323,826.3292019691645,0.13977874161369863,5083.201034926552,0.054618198500958906,8631.0894911397,0.1928893609168768,2669.0681080779927,0.03757417556883562,10067.757466340216,0.026996366398684926,3209.339015358418,170.44614583742347,99.55234400730247
51_2023,51.0,四川,2023,8368,20561.191240607557,6850.368344635133,114.53746,1.0,20561.191240607557,2568.8900511738616,17992.301189433696,1735.678710733211,0.12493877524471457,100.0,99.1,100.44966896275662,100.0,100.0,100.0,100.0,100.0,0.333169818055382,0.3878859813824683,860.2263264036,0.1418078748328767,5600.4629777010205,0.05487585882883561,8492.08347709759,0.2138566023806302,2204.6017685548272,0.03884377101280822,10489.755501519297,0.030569266928986302,3143.349399325831,179.92301189433695,100.0
52_2015,52.0,贵州,2015,3708,10413.75314,3375.8,100.0,0.9012656925927609,11554.587316024112,2190.4520779806085,9364.135238043504,1479.017326504332,0.1895742373198262,101.8,101.8,101.79999999999998,90.1265692592761,81.57736593038084,94.54987072987095,104.90787734066511,89.40141690138984,0.32416746917432687,0.4177075403267825,1169.8313013312393,0.10708074083835617,6113.552337401632,0.03852249489789041,9080.441353405242,0.14991890940690414,3210.2309730950046,0.014312098670671233,11695.627067453259,0.011966879111561642,4069.2696788087824,99.03911201313903,94.54987072987095
52_2016,52.0,贵州,2016,3758,11766.868521155655,3657.692252650933,101.4,0.9138834122890596,12875.677972622854,2135.6248082403717,10740.053164382483,1422.5788673322302,0.1658650373814321,101.4,104.5,100.00172653697801,91.38834122890596,85.24834739724797,94.55150316835176,103.46123137471423,90.65303673800929,0.3108467002987896,0.3983544459374987,1142.4624960361593,0.10549880517945204,5728.967877531419,0.03951988168586301,9345.600278574395,0.14084275470460275,3529.784092633627,0.015043532722753423,10991.224370921,0.012030013435945204,3681.8040124075287,113.58944918368458,94.55150316835176
52_2017,52.0,贵州,2017,3803,12676.459325319753,3864.6040845482175,102.3126,0.9221083629996611,13747.255565585203,2048.026317321444,11699.229248263759,1353.1519324850658,0.14897710365176164,100.9,99.2,101.64556682607926,92.21083629996612,84.56636061806998,96.10741133804943,104.22572356399368,92.7380565829835,0.3048646302070422,0.37250276969873847,1135.9332018845334,0.10053377791643833,5882.222697615844,0.03867641695949316,9613.299105807968,0.1388875314950137,3330.8736881394493,0.01425389727849315,10905.279112800492,0.011721572894356163,3724.625216764966,121.73077065943167,96.10741133804943
52_2018,52.0,贵州,2018,3822,13253.830145319604,3643.322170521743,104.10624,0.9387063135336551,14119.251095081101,1848.4979659236517,12270.753129157449,1258.033962917566,0.13092039751085918,101.8,100.3,102.36864665948083,93.87063135336551,84.82005969992417,98.38385632622163,104.80792012132802,94.77829382780914,0.27488824970405473,0.3421667261730981,1121.4509180951832,0.08173492709178082,5866.387143547627,0.036113643473164384,10385.844117688182,0.1464352774093973,2905.2487401324634,0.013048331896109589,11347.350906261721,0.009518075415232877,3857.97254571437,124.72323801244414,98.38385632622163
52_2019,52.0,贵州,2019,3848,13864.292624088208,3855.5490895485354,106.60479,0.9612352650584629,14423.412382030088,1810.1152252020759,12613.297156828012,1218.5491944322314,0.12549840337764115,102.4,108.3,100.12721325610603,96.12352650584629,91.86012465501787,98.50901363333689,102.48168914958143,96.10518994139846,0.27809201623815966,0.33482804410248546,1095.811270577989,0.08133522171780823,5175.691546507358,0.03641870547171233,10045.364222033193,0.13115818632279455,3465.80328287093,0.015367045505205477,10763.972106199042,0.010167394096109589,3582.3120538622975,128.04206124503807,98.50901363333689
52_2020,52.0,贵州,2020,3858,13598.897894685884,4211.964684081511,109.37651,0.9862273819499829,13788.805851038072,1861.306573326864,11927.49927771121,1294.0037397005103,0.13498678518174495,102.6,113.3,97.79885556778447,98.62273819499829,104.07752123413525,96.34068796451626,97.6860810475877,96.48961070116405,0.3097283851015194,0.3668438790634743,1013.5294174170284,0.10014480016027395,4528.740086049634,0.03771803965556164,8147.572615932976,0.11236185968942468,4787.052206231423,0.017304721071767122,9007.339525315965,0.012628570209753425,2764.1835449657856,123.80541938940989,96.34068796451626
52_2021,52.0,贵州,2021,3852,16401.200847299482,5072.525986837842,109.485886,0.9872136093319328,16613.629200673706,1980.6178165747842,14633.011384098922,1459.7398361806743,0.11921644528424093,100.1,95.8,102.02536744253545,98.72136093319328,99.70626534230156,98.29194089246425,99.56501811090345,97.84046525098036,0.3092777189953778,0.40839187562458357,1045.9597218780461,0.10345808219178083,5013.4212604459735,0.04379570821917808,7925.132899562796,0.14205151232876717,3282.0971396194172,0.018527764383561643,9599.828125228329,0.01364497534246575,3195.3440751973044,148.8729518537851,98.29194089246425
52_2022,52.0,贵州,2022,3856,16126.7321452197,5040.648855090105,111.23766,1.0030090270812437,16078.35194878404,1903.9489792167399,14174.4029695673,1400.8293242760992,0.1184169239037419,101.6,100.9,101.9182777998524,100.30090270812437,100.60362173038229,100.17745337364845,99.87692101352751,99.60159362549801,0.3125648029433079,0.37264172134413165,1033.727540229228,0.10008633402739725,5371.138507425244,0.039329215375767126,8086.311645377369,0.15481158158638358,2810.9811957584457,0.019023942167547946,9478.611920846544,0.014521867636821919,3280.576963125935,141.4929456900714,100.17745337364845
52_2023,52.0,贵州,2023,3865,18179.01773943719,5281.858232619666,110.90395,1.0,18179.01773943719,1885.5350100496541,16293.482729387535,1403.7813819178684,0.10372040101810413,99.7,99.4,99.82286096554425,100.0,100.0,100.0,100.0,100.0,0.29054695409429687,0.37584199448045486,1016.9523274685553,0.09838496586575342,5773.6387778436165,0.04116452306167123,8363.402971360321,0.152435815378274,2329.78495280459,0.01937435611272603,9709.564109354975,0.014689036060054795,3250.5637911422796,162.93482729387534,100.0
53_2015,53.0,云南,2015,4663,11005.40813,3587.6999999999994,100.0,0.8863456145942692,12416.61034791468,2021.6234445408215,10394.98690337386,1423.6366946936246,0.1628160494607407,101.9,101.9,101.90000000000002,88.63456145942692,77.86528929969477,94.19689772020972,106.2755838909735,89.40141690138984,0.32599427096394284,0.41359518482600416,1081.2795825600133,0.09274243596164383,5510.0200392129145,0.040381819888630134,8282.606668027423,0.1306157510372055,3411.1232787575595,0.02110989986510959,10588.53646576027,0.013373255768219176,4476.294480898653,110.35381371316265,94.19689772020972
53_2016,53.0,云南,2016,4677,11594.832827586206,3687.093596059113,101.5,0.8996407988131832,12888.29146352883,2024.7293058305459,10863.562157698285,1447.2586677745105,0.15709834864924543,101.5,104.3,100.19446098730648,89.96407988131831,81.21349673958163,94.38007393752852,104.90861915337304,90.65303673800929,0.31799454557782414,0.4154197554865977,1065.7333856903185,0.09948163385342464,4966.646211982955,0.041339824352438354,7826.892007269054,0.13172928881252058,3671.825949698873,0.022802203128136984,10069.370531780767,0.012856628254136988,3971.440127423331,115.10440397502789,94.38007393752852
53_2017,53.0,云南,2017,4693,12359.81290209812,3747.961735296153,102.4135,0.907737566002502,13616.064119201665,1959.0215659272071,11657.042553274458,1387.0721035098495,0.1438757594541989,100.9,99.8,101.37873074313208,90.7737566002502,81.05106974610247,95.68132103229603,105.4063692149018,92.7380565829835,0.303237740326953,0.3899646929541575,1092.6012803718136,0.09516746877534248,5121.316992793968,0.039070172106630136,8050.228825969947,0.13528120628169868,3401.5429516457602,0.021837152279945208,10239.510515037657,0.012215359357150683,3869.919573233307,121.8319566192002,95.68132103229603
53_2018,53.0,云南,2018,4703,13698.307725259769,3829.192357693345,104.02693,0.922261367058542,14852.956238369949,1827.8307668208,13025.125471549149,1312.8632557355331,0.12306174861667786,101.6,100.2,102.14319653799856,92.2261367058542,81.21317188559468,97.7319597921715,105.96991621136375,94.77829382780914,0.2795376213247341,0.36076809658915016,1066.7773350380921,0.08773531111232877,4964.630866932073,0.03719329793487671,8547.542056304414,0.13859712682347947,3045.347231817839,0.020379646555438356,10759.345441621153,0.011758148852493149,4094.079180447237,133.27396175465302,97.7319597921715
53_2019,53.0,云南,2019,4714,14799.169970748917,4275.065677735225,106.6276,0.9453179012350055,15655.230850293452,1822.752590873962,13832.47825941949,1352.8872377653568,0.11643089829236182,102.5,109.1,99.81897055678333,94.53179012350054,88.60357052718379,97.55503616951498,103.19812630445773,96.10518994139846,0.288871989860583,0.38127268385425367,938.6449158446694,0.08053664848767123,4436.236774366141,0.03866714223139725,9043.372812210366,0.13959568850769863,3364.7746144678817,0.02365971570730137,10121.114520343555,0.012711740094356163,3834.3435755598334,141.79153432308405,97.55503616951498
53_2020,53.0,云南,2020,4722,15201.030621882344,4609.645547265786,110.466194,0.9793493456794657,15521.561012874294,1862.5563542351508,13659.004658639144,1455.1476509571473,0.11999800488431939,103.6,115.8,98.29024350635476,97.93493456794657,102.60293467047883,95.88708260372873,97.90896683267087,96.48961070116405,0.30324559313959026,0.4278641847687653,791.3999773802578,0.09158591008356166,3896.8776737321336,0.0425906984410685,7516.8403075085935,0.12459939598504112,4598.739019897778,0.02628236264419178,8733.745713734499,0.014651273555945206,3027.348076977461,142.4488501239268,95.88708260372873
53_2021,53.0,云南,2021,4690,17030.887560317653,5388.070145932759,110.687126,0.9813080443708246,17355.29190656658,1949.9204143365832,15405.371492229999,1551.355380847466,0.11235307506402746,100.2,96.4,101.95856631825626,98.13080443708246,98.9092290223416,97.76509470716393,99.62732423114598,97.84046525098036,0.316370484324439,0.4336088438483906,845.666904197884,0.0960682191780822,4403.344733351573,0.04622318356164383,6942.605012520873,0.15514846027397264,3347.374235495635,0.028168928767123284,9473.092797083287,0.01646005479452055,3226.8506232954146,157.57537532565945,97.76509470716393
53_2022,53.0,云南,2022,4693,16851.606287089697,5439.2691941057965,112.45812,0.9970089730807579,16902.161105950963,1925.0621924039447,14977.098913547019,1541.0402711284282,0.11389444109168756,101.6,100.7,102.02895177690684,99.70089730807578,99.60159362549801,99.74870133341958,100.04794743741982,99.60159362549801,0.3227745237718326,0.4175199568355976,853.2277576432136,0.09434126977397261,4664.56809585385,0.04589571357738356,7110.332744573849,0.16823549483704114,2877.350900553787,0.028223302556986303,9360.792253769896,0.016304397983232875,3321.955167982005,150.14830983598105,99.74870133341958
53_2023,53.0,云南,2023,4673,18613.641804862727,6042.652388392981,112.795494,1.0,18613.641804862727,1919.8747143775802,16693.767090485147,1504.8194760790402,0.10314342214729962,100.3,100.4,100.25193176775349,100.0,100.0,100.0,100.0,100.0,0.3246356866507642,0.3867426163660408,861.2956762534851,0.08333861358082191,4944.524739013768,0.05126555375045205,7194.992488170107,0.1785165888994521,2447.7134406478162,0.03218712007157534,9338.690726537827,0.02035924537117808,3355.0775275400265,166.93767090485147,100.0
54_2015,54.0,西藏,2015,330,8245.76397,3919.8,100.0,0.8826982132936281,9341.54374147018,3940.1134044782957,5401.430336991883,2335.5121211591636,0.42178396992210604,102.0,102.0,102.0,88.26982132936281,84.09482101955159,91.35249321853615,103.49232823035963,89.40141690138984,0.4753713560394332,0.8515359655388419,1389.0853569523185,0.18778645707534247,6448.359964520278,0.009847030076452054,10328.843886108356,0.03390956482660275,3809.7168853536054,0.0630623197431096,19109.55233744811,0.02161472331923288,5105.576082015768,59.127344494806735,91.35249321853615
54_2016,54.0,西藏,2016,340,9091.424867317071,4419.90243902439,102.5,0.9047656686259686,10048.375156767226,3912.6799629129714,6135.695193854255,2513.133471972564,0.38938434342570494,102.5,104.4,100.70233879574553,90.47656686259687,87.79499314441186,91.99409721929074,101.67726341672368,90.65303673800929,0.4861616857126079,0.8711527002556656,1226.9050772041105,0.24162048833424657,5646.084538626594,0.010980465349876713,10907.346124703652,0.046823810347972616,3949.7203458128365,0.065353284398137,16499.282745108896,0.02063598730038356,4683.932828373337,66.69661836267935,91.99409721929074
54_2017,54.0,西藏,2017,349,9909.84784951499,4598.245874846808,104.14,0.9192419193239841,10780.456853841859,3464.5355177799483,7315.921336061911,2513.5707756476563,0.32137186436076526,101.6,101.1,102.03284925120298,91.92419193239841,88.76073806900038,93.86419853576402,102.11044183536832,92.7380565829835,0.4640077168361224,0.8749452676964855,1023.4622658795031,0.2579597710520548,5510.129310228462,0.013716142425369861,10996.163660950797,0.03822026908684932,3456.851674480885,0.04842927801041095,15668.604490055763,0.02351465955265753,4503.760942381531,77.94155226579181,93.86419853576402
54_2018,54.0,西藏,2018,354,10875.812220546364,4088.218866902149,105.92521,0.9348690319524919,11633.51426651926,2866.610339169818,8766.903927349442,1901.6476334592335,0.24640966379521242,101.7,101.7,101.7,93.4869031952492,90.2696706161734,95.45988991087202,102.11044183536832,94.77829382780914,0.3759000968386314,0.6424197482410413,1017.6155341728177,0.19621517471506852,5671.230983210569,0.015163702867986302,8993.8934087596,0.03366179575791781,3094.4292273951346,0.04595850177587672,17099.943449779796,0.01740489337172603,4232.136950580666,91.83861342742833,95.45988991087202
54_2019,54.0,西藏,2019,361,12023.644377091656,4422.696728621672,108.36149,0.9563710196873992,12572.154665478802,2693.777659192525,9878.377006286277,1761.6661997692295,0.21426539291544217,102.3,103.9,101.369022036059,95.63710196873993,93.79018777020417,96.76675683934953,101.1811889396009,96.10518994139846,0.36783329495740275,0.5770119545354503,968.1298762346901,0.1979708337369863,5331.828491150312,0.019201263103643836,10583.088306050164,0.028503542660547946,3578.4975798032447,0.043631151048972604,16401.02268354909,0.014514354799013699,4051.4784595745796,102.08440717597041,96.76675683934953
54_2020,54.0,西藏,2020,366,11941.801200995396,4322.164508785222,110.74544,0.9774111821205221,12217.78655640844,2692.108770284527,9525.677786123913,1794.1124048211468,0.22034341145634675,102.2,106.2,99.93103905953735,97.74111821205221,99.60517941195684,96.7000255737779,98.93484681031003,96.48961070116405,0.36193572778827976,0.5954066103921076,894.1939909409265,0.18847664564794522,4912.479737592171,0.02115567888419178,8576.165659861292,0.033708974994246584,4582.246631506916,0.04742518228945206,18116.191651637848,0.010883110202630138,3560.647487975773,98.50750017492226,96.7000255737779
54_2021,54.0,西藏,2021,366,13729.823606247242,4886.159816695954,111.74215,0.9862078827596069,13921.83518938061,2661.5056749031683,11260.329514477442,1568.3520230350987,0.19117491614419693,100.9,100.4,101.1762520112122,98.62078827596069,100.00360012960466,97.8374615694322,99.2057184694807,97.84046525098036,0.35587928562117066,0.4951136443942616,882.9735584492179,0.16750356164383562,4849.264601487734,0.020311679452054796,8805.306908035076,0.031231183561643845,3140.5555006586633,0.058092972602739726,18805.519384789335,0.0119229698630137,3578.1326081303596,115.09220838161605,97.8374615694322
54_2022,54.0,西藏,2022,364,14006.560302425118,5067.437031484207,113.41828,1.0010010010010009,13992.553742122695,2986.8986984231988,11005.655043699495,1758.1077360752947,0.2134634430190926,101.5,100.6,102.01019470143807,100.1001001001001,100.60362173038229,99.80418503792242,99.70438085288451,99.60159362549801,0.36179025557094296,0.54125521001562,876.3335075600876,0.20846165570136985,4759.98019076408,0.02236293828679452,10569.688718513493,0.0342018937420274,2637.8707868810066,0.059502308684493146,19264.216167695733,0.013269861607342465,3575.8067130479967,110.27248045277555,99.80418503792242
54_2023,54.0,西藏,2023,365,15198.07859759405,5653.934642110417,113.30486,1.0,15198.07859759405,3117.489129151569,12080.589468442482,1730.9202267507833,0.20512389833574665,99.9,99.4,100.1961991493675,100.0,100.0,100.0,100.0,100.0,0.372016410219478,0.5186482349058573,885.3757013368605,0.21030453973972604,4793.5059841170305,0.024458300007643832,9854.218102962957,0.03572162832057535,2447.173377399686,0.06516920583545206,19660.17566364334,0.011158204566136986,3631.5913858286085,120.80589468442481,100.0
61_2015,61.0,陕西,2015,3846,13087.21945,3646.3999999999996,100.0,0.8697731616578963,15046.704160259584,2077.2332340990274,12969.470926160557,1337.1646518187606,0.13805237425916078,101.0,101.0,101.0,86.97731616578963,79.94339980754096,90.0086886626965,103.4852449242383,89.40141690138984,0.2786229736523597,0.40819557690316133,1023.8639875951101,0.13431773137808217,6198.362049506205,0.03972645591130136,11464.804162852079,0.052624206803095895,3294.3258254150455,0.010193783454232878,11115.015082826858,0.02352457145950685,3597.3100272081633,144.09132183630697,90.0086886626965
61_2016,61.0,陕西,2016,3874,13764.108311898073,3807.6997865727785,101.3,0.8810802127594489,15621.856117719815,1972.1357345868853,13649.72038313293,1322.3090648782484,0.12624208799042125,101.3,103.8,100.3439073043037,88.10802127594489,82.98124900022752,90.31823511751548,102.50852738441196,90.65303673800929,0.276639772100696,0.4030921084444667,1002.6273704870279,0.13045953316438358,5723.859232519777,0.04295362358990411,10393.939669826863,0.05016360259602741,3640.437565492754,0.011508341643027397,10052.228785230962,0.022977323001315067,3329.075010884739,151.12917524764418,90.31823511751548
61_2017,61.0,陕西,2017,3904,14476.826203551123,4006.994921461737,102.92081,0.8951774961636001,16172.017578182484,2013.7319328181766,14158.285645364307,1355.1404441687912,0.12451952411521512,101.6,98.2,102.90124186015066,89.51774961636,81.48758651822342,92.93858556209413,103.8214052077879,92.7380565829835,0.2767868360869617,0.40705666175905314,1014.2344444676936,0.13462630742465753,5586.179027879493,0.04690417666724658,10214.705864817699,0.05136454738701371,3197.564369804018,0.011910756320178082,10291.080187568308,0.025707772526246574,3224.9401196565564,152.3402315597419,92.93858556209413
61_2018,61.0,陕西,2018,3931,15378.136293399837,4084.9153085106072,105.08225,0.9139762235830357,16825.53210532475,1926.1687342591424,14899.363371065607,1355.1166645265187,0.11447891943040368,102.1,101.9,102.17234278535727,91.39762235830356,83.03585066206968,94.95753022036538,103.894967691945,94.77829382780914,0.26563136329230075,0.40495213047209483,976.4786718164635,0.1312160827068493,5218.857377420006,0.044172559387890414,10247.179635266448,0.05964289143065755,2842.724970471645,0.012907478043630134,10957.084486650845,0.024667190222136988,3337.3391343914577,156.90554858039226,94.95753022036538
61_2019,61.0,陕西,2019,3944,16151.908222867967,4320.647009814878,108.12964,0.9404815340669438,17174.083315620177,1905.1642184097961,15268.91909721038,1359.8306546361027,0.11093251286821293,102.9,107.2,101.32968709695069,94.04815340669438,89.0144319097387,96.22016824728864,102.30947101236723,96.10518994139846,0.26750071571714856,0.40669986318536644,886.1925866583966,0.12785173672191782,4679.841500622598,0.0478790558209863,10385.76776134434,0.054820988105671244,3630.316128118933,0.015454737345041094,10677.007089526744,0.02720894613906849,3128.9465942002935,158.68730407921146,96.22016824728864
61_2020,61.0,陕西,2020,3955,15715.553269557759,4348.43891277033,110.83288,0.9639935724186174,16302.549850128282,1838.4700561137436,14464.079794014538,1450.8264558929668,0.11277193279671383,102.5,109.3,99.89869032027623,96.39935724186174,97.2927740773444,96.12268790300764,99.71299669751953,96.48961070116405,0.2766965208405098,0.43755751969871615,809.8700170621465,0.14119175732054795,4119.490021655854,0.04763929406324657,8174.797875263872,0.052924293141534254,5064.351439646343,0.016100326024027396,10359.723869194773,0.030000037698410958,2606.7818204087275,150.47519071261803,96.12268790300764
61_2021,61.0,陕西,2021,3954,19347.0,4739.39509635576,112.49537,0.9784534760048964,19773.040286999996,1978.1459750017916,17794.894311998203,1591.688954132545,0.10004258051819909,101.5,100.5,101.82444710324644,97.84534760048965,97.77923794773112,97.87639549801669,100.0317316032785,97.84046525098036,0.24496795866830826,0.47204934418956,867.2803252239563,0.14902890410958902,4556.356946412229,0.05309225616438357,7407.745749275913,0.07304067123287672,3233.0049883169095,0.016077443835616437,10413.943636884922,0.03255585753424658,2852.1319213088655,181.80986561115023,97.87639549801669
61_2022,61.0,陕西,2022,3956,17280.850491390098,4870.893682066617,114.85777,0.9990009990009991,17298.131341881486,1952.3492709268608,15345.782070954625,1555.45090565777,0.11286475009008154,102.1,103.2,101.66825127334467,99.90009990009992,100.90817356205852,99.50921971221622,99.60872893192843,99.60159362549801,0.2818665484371536,0.4556348753645973,837.8922975801106,0.14114228218767125,5077.068274277075,0.051344299305164376,7360.575743006487,0.07951855265605481,2670.22059406704,0.01636220388252055,10027.0675075058,0.03372323943287671,2955.4311255540706,154.21467593992907,99.50921971221622
61_2023,61.0,陕西,2023,3952,19145.033627898323,5403.271959032264,114.97263,1.0,19145.033627898323,2070.8787405689072,17074.154887329416,1586.4089243329497,0.10816793434884352,100.1,99.1,100.49320082018843,100.0,100.0,100.0,100.0,100.0,0.28222838695663427,0.44846948614476256,819.8799806246325,0.14446844721369861,5515.636453852795,0.054538668786753425,7403.100219738963,0.09350659175301373,2340.1024392977943,0.018285997850602736,9947.19535465215,0.03393527041764383,3002.4079553411207,170.74154887329416,100.0
62_2015,62.0,甘肃,2015,2523,10950.76476,3447.6,100.0,0.8852077558773241,12370.841406768699,2440.274082111448,9930.567324657251,1520.734793110979,0.19726015408913522,101.6,101.6,101.60000000000001,88.52077558773242,80.51877112140862,92.29455726384145,104.26315929910585,89.40141690138984,0.3148273271829464,0.49185858893209217,1044.2635362039132,0.1205684355328767,6810.846737308624,0.04223213252473973,14147.974349596087,0.06332174351186302,3329.9629572743465,0.018347209126136986,10705.252232783172,0.024039286927780824,4189.028893235269,107.59645659568902,92.29455726384145
62_2016,62.0,甘肃,2016,2520,12096.987917896571,3653.7017655457757,101.3,0.8967154567037292,13490.33054740057,2260.5589513615255,11229.771596039045,1490.5340756851388,0.16756883335205666,101.3,104.0,100.13161667282509,89.67154567037292,83.73952196626497,92.41603228931076,103.06059921061961,90.65303673800929,0.30203400965131183,0.48411034946988457,975.402848063498,0.11161960701780822,6423.187010960414,0.046819950896219174,12187.949271644506,0.059701369303232894,3564.7632596262656,0.019672240273561643,9867.975383332763,0.023343520881863013,4018.9785937185347,121.51324091564499,92.41603228931076
62_2017,62.0,甘肃,2017,2522,12772.912933331352,3784.0714694497415,102.7182,0.9092694730975814,14047.445021791227,2104.017264156843,11943.427757634385,1429.6644495869632,0.14977935566880432,101.4,99.4,102.2419486503694,90.92694730975815,83.2370848344674,94.48795227794591,103.91633621665157,92.7380565829835,0.29625751691887586,0.46434129811450914,984.6086719506077,0.1047974948630137,6385.64251131813,0.04507465764284932,11059.071771817436,0.057609413957095894,3368.325038652417,0.01923424967365753,10215.250750685322,0.023775110542356162,3726.9928978829735,126.40159374500548,94.48795227794591
62_2018,62.0,甘肃,2018,2515,13951.767523253047,4057.78585149222,104.81791,0.9274548625595331,15043.069033839354,2410.4975665171673,12632.571467322186,1512.074642657645,0.16023974636390736,102.0,100.9,102.45113934760776,92.74548625595331,83.98621859797761,96.80398365497949,104.37595139436304,94.77829382780914,0.2908438550692028,0.46693641936778146,958.9805095392044,0.11603557977534247,6390.369005887028,0.055149632630479443,12497.556087044131,0.07187822643156165,3015.193572103223,0.019809168021849316,10780.554744269419,0.026228295101808217,3877.044031659202,130.49640097814694,96.80398365497949
62_2019,62.0,甘肃,2019,2509,14808.532415850288,4265.648168656668,107.22872,0.9487863243984023,15607.868742458895,2263.0335440708914,13344.835198388004,1514.819776766024,0.14499311734437154,102.3,107.5,100.19608137992037,94.87863243984023,90.28518499282593,96.99379824194807,102.22933841658079,96.10518994139846,0.2880534038667423,0.4857409001619161,864.2977229594304,0.10435163979452056,5652.018699350812,0.04989520185336986,13069.915320525706,0.06874776370997261,3926.572280102659,0.0218694691110137,10688.343949879385,0.026804913752219175,3640.8935056382534,137.58441715108134,96.99379824194807
62_2020,62.0,甘肃,2020,2501,14788.801472009505,4360.113536922345,109.3733,0.9677620508863705,15281.443882268875,2091.6601644464376,13189.783717822438,1534.4837261738928,0.13687582014899782,102.0,108.5,99.28242534761796,96.77620508863704,97.95942571721613,96.29779533138128,99.50565352627994,96.48961070116405,0.2948253477588872,0.4888108661525629,789.3395707149946,0.11816069499863013,4996.8739177554935,0.04932822247738356,9824.816934247761,0.06004096308887672,5234.255539241798,0.022024488093,10494.749293119818,0.02887662827649315,2955.2040989791535,136.96869873742773,96.29779533138128
62_2021,62.0,甘肃,2021,2490,15817.660736246662,4727.990858358971,110.35766,0.9764719093443479,16198.787271686526,2270.7841799974412,13928.003091689085,1664.5810242561245,0.14018235698214834,100.9,99.3,101.5821470302248,97.64719093443479,97.27370973719562,97.82136804038869,100.17837390332187,97.84046525098036,0.29890582034830426,0.5083371765116239,832.6236707619228,0.13055424657534245,5207.117816327474,0.05424498493150684,9619.66229163272,0.08462643287671236,3455.5288026435646,0.022330498630136985,11000.09297131318,0.03219717260273972,3349.1822012712464,142.3820109113426,97.82136804038869
62_2022,62.0,甘肃,2022,2492,15552.429991797624,4770.109035301429,112.45445,0.9950248756218906,15630.192141756612,2122.6103439457743,13507.581797810837,1564.2601275872207,0.1358019354269578,101.9,102.7,101.54607923993008,99.50248756218906,99.90009990009992,99.33376390387674,99.83043272339613,99.60159362549801,0.3067114938191133,0.4690338960541171,836.1446911319381,0.12505245661232878,5408.361985153894,0.04715332954717808,9799.734238971614,0.08886501828936988,2880.500936613655,0.022102554159657534,10718.358906634357,0.029922809130958905,3312.931422209248,135.9817776650631,99.33376390387674
62_2023,62.0,甘肃,2023,2465,16822.81571156785,5031.9056438731395,113.01672,1.0,16822.81571156785,2092.5759250545625,14730.239786513288,1473.9408210038587,0.1243891605859801,100.5,100.1,100.67070457208081,100.0,100.0,100.0,100.0,100.0,0.2991119756731958,0.4243009195253404,832.9052246527511,0.12414091700958906,5564.541730681364,0.04938608294468493,10062.600721804853,0.09027141893260274,2424.494442758873,0.022628897228452058,10944.507571121145,0.02624217486126027,3235.5944257541505,147.3023978651329,100.0
63_2015,63.0,青海,2015,577,13611.34134,3958.2000000000003,100.0,0.8612230094576695,15804.665215077513,2169.1636113711934,13635.50160370632,1233.5881468628183,0.13724831129620071,102.6,102.6,102.6,86.12230094576695,81.71062996407133,88.06828744245037,102.25956166441588,89.40141690138984,0.29080161176826386,0.36154233131938174,1066.0059155497827,0.11731951920821918,6458.76763435151,0.03019067731820548,11558.508966171363,0.052094102797726034,3040.4049240965937,0.03480781896113699,12374.022512100264,0.020839623826739727,4220.744006348191,154.8287357423256,88.06828744245037
63_2016,63.0,青海,2016,582,14513.416991243284,4196.267064774158,101.8,0.8767250236279075,16554.126550633224,2214.0073804242743,14340.119170208949,1299.626614413893,0.1337435335928119,101.8,102.4,101.5559635890911,87.67250236279075,83.67168508320904,89.438597928591,102.01442358573513,90.65303673800929,0.28913019362056425,0.38080726472756293,1047.0221143167257,0.11423863605205477,6195.8645175232,0.03222879018535616,10989.473225497719,0.0620236193671233,3454.7962189488467,0.0384836668,11628.724381309126,0.022031330074849313,4153.825216154296,160.33479395169294,89.438597928591
63_2017,63.0,青海,2017,586,15003.950795060311,4309.626001014201,103.327,0.889875898982326,16860.722727988286,2170.472052452667,14690.250675535619,1243.5595941166005,0.12872947900683696,101.5,99.5,102.30596504856736,88.9875898982326,83.253326657793,91.50102073675298,102.82447343657107,92.7380565829835,0.28723274688644285,0.35912807415783454,1113.253935320942,0.11560106814657532,6134.9748690733295,0.030807624110205475,10990.982478408363,0.05729723309095891,3228.6740515891206,0.036821776905493146,12120.941398829542,0.02212402064723288,4137.896884888966,160.54739670936834,91.50102073675298
63_2018,63.0,青海,2018,587,15627.215998666976,4409.17015014251,105.951,0.9121227964568841,17132.79841197969,2086.5129590636534,15046.285452916036,1197.4519546597828,0.12178471425921351,102.5,103.3,102.18556590267654,91.21227964568841,86.00068643750016,93.50083584657644,102.50904396839753,94.77829382780914,0.2821468744348717,0.3480817350987954,956.8881934942203,0.11409029686849315,5841.406275260815,0.025854983640835615,10215.94039578094,0.04952726219367124,2944.2954747313765,0.04116580759012329,14402.155689603911,0.020005891937972604,4206.642963033713,160.9214005060358,93.50083584657644
63_2019,63.0,青海,2019,590,16155.651219030196,4724.595659146311,108.59977,0.9349258663683061,17280.141453125456,2085.6722010540834,15194.469252071372,1168.3820474043912,0.12069763472201486,102.5,106.3,100.92941332839274,93.49258663683061,91.41872968306267,94.36984507709313,100.93831871790029,96.10518994139846,0.29244229125106863,0.3324807349163325,830.1593663031492,0.11937243546986301,6133.551833734695,0.027875308214356163,10265.805346257286,0.04389127273356165,3344.198692721407,0.03888327974715068,14392.772323013403,0.021687992620931504,3914.671509372429,161.00979332602085,94.36984507709313
63_2020,63.0,青海,2020,593,16409.485005391838,4688.873026179701,111.42336,0.9592339388938821,17106.864488462583,1952.4168329019267,15154.447655560656,1170.1944099349982,0.11413060729034821,102.6,108.5,100.23968375512078,95.92339388938821,99.18932170612298,94.59603426547557,98.61622950346893,96.48961070116405,0.2857416320280026,0.34499409262847175,768.4838717783493,0.10893137191643835,5377.421275148644,0.029430948713917805,8895.541045821541,0.04077736757654795,4698.073184808231,0.038792533141547944,14855.950302555511,0.022170890990575343,3240.525881095579,160.2017227596562,94.59603426547557
63_2021,63.0,青海,2021,594,16850.966460756856,5183.045425274434,112.871864,0.9717039800995024,17341.666604094098,2077.203743775427,15264.462860318672,1316.857024434886,0.11978109089497958,101.3,99.3,102.18842655165606,97.17039800995025,98.49499645418013,96.66619899615492,99.48111871092296,97.84046525098036,0.3075814931650893,0.3764093793407306,812.7171187178574,0.12070109589041098,5112.261201293393,0.032511397260273966,8109.715647268221,0.06548473972602742,3044.5300238679756,0.0402984698630137,15177.606431831613,0.023023430136986302,3456.0927250438476,157.9090004451902,96.66619899615492
63_2022,63.0,青海,2022,595,14934.14290528242,5082.4190758646955,115.58079,0.9950248756218906,15008.813619808832,1971.4046643762804,13037.408955432551,1311.9019626722682,0.13134979981191813,102.4,103.6,101.78093038369326,99.50248756218906,102.04081632653062,98.38775670483884,98.87969548836303,99.60159362549801,0.34032211343491103,0.37021412686658606,790.7199212008836,0.12108501159041095,4895.451740474808,0.0315235328030411,8141.690042562637,0.06586317099961644,2557.7393175956445,0.041388012831109586,13862.967051116939,0.02587712624536986,3363.079587236774,132.51048089798917,98.38775670483884
63_2023,63.0,青海,2023,594,17499.38672166058,5476.159356645214,116.15869,1.0,17499.38672166058,1991.0525320439365,15508.334189616642,1211.494525862047,0.11377841770760058,100.5,98.0,101.63866252179918,100.0,100.0,100.0,100.0,100.0,0.31293435842907996,0.3275575308775578,897.8873194130117,0.11032837625342466,5446.198952466301,0.0339402547749041,8359.49659570172,0.06325193174202741,2228.0385992457605,0.04515025949231506,12945.911976793786,0.02551890979079452,3405.7104108859485,155.08334189616642,100.0
64_2015,64.0,宁夏,2015,684,13815.63341,3694.8,100.0,0.8782649076582788,15730.599377853634,2206.539670215965,13524.059707637669,1311.3810089810636,0.14027054006107662,101.1,101.1,101.1,87.82649076582788,80.44089580219058,90.7726879631805,103.35456554356483,89.40141690138984,0.26743616382623747,0.4031984164169702,1000.2013225028094,0.10704385310547944,6035.271071691868,0.05296983287072603,11376.905584095093,0.035625325454876726,3028.9732088529345,0.03421081517486301,10503.559333676547,0.02264226146761644,3857.615555849492,148.98820351252945,90.7726879631805
64_2016,64.0,宁夏,2016,695,14744.243162561577,3646.600985221675,101.5,0.891438881273153,16539.825076402154,2071.684627225261,14468.140449176894,1251.6048473748608,0.1252543251005111,101.5,103.2,100.94139290348225,89.1438881273153,83.01500446786068,91.62721560596597,102.78575181183929,90.65303673800929,0.2473237144162872,0.3784596049640469,937.0809433420645,0.1018781417958904,5776.630536935024,0.05645252367152054,10558.190716553172,0.03354798328027398,3444.0513297885304,0.034474325427095893,9840.102477817283,0.02098984454860274,3702.5798654845457,157.90221664484207,91.62721560596597
64_2017,64.0,宁夏,2017,705,14885.273048206773,3681.4183747501693,103.124,0.9057019033735234,16435.068749179707,1849.8649846925405,14585.203764487167,1152.979059438215,0.11255596267492762,101.6,99.0,102.45432095054097,90.57019033735234,82.18485442318207,93.87604155498053,103.65004335898453,92.7380565829835,0.24731950585170281,0.34207844833287465,939.2118270794969,0.09448354926986302,5469.96626578953,0.05548628685110959,9111.95578205319,0.03175644169627398,3122.9376326198935,0.03247494735956164,10334.650852851866,0.020209856209424656,3531.930694438318,155.36662521017172,93.87604155498053
64_2018,64.0,宁夏,2018,710,15839.526347409037,4012.300471922341,105.527725,0.9265330471511145,17095.479104724975,1856.3007164213236,15239.178388303651,1163.9914889348076,0.10858430495277933,102.3,103.3,101.96075726343923,92.65330471511145,84.89695461914708,95.71672285839904,103.3063236683321,94.77829382780914,0.25330937200522136,0.3447877778502807,895.958343361214,0.089100083330137,5284.387092854666,0.05869275042035617,9329.362488394467,0.03521648407561644,2696.9207430641063,0.03316572644186301,10843.833274930732,0.021032922349150687,3535.4231865517754,159.21124264615824,95.71672285839904
64_2019,64.0,宁夏,2019,717,16981.950852402842,4274.213262583241,107.743805,0.9459902411412878,17951.50744040975,1954.0177264255035,15997.489713984247,1142.2809102266408,0.10884978506188905,102.1,106.0,100.78824551921588,94.59902411412878,89.99077189629591,96.47120563747065,101.97907065202192,96.10518994139846,0.2516915341312783,0.32817805896074514,831.7480797167477,0.09300747339863014,4847.801246919077,0.059251750310356156,10795.224763060824,0.03182217830038357,3460.8703124696244,0.03646718844676712,11142.023749775644,0.022413805696438353,3305.455460981597,165.82657600550002,96.47120563747065
64_2020,64.0,宁夏,2020,721,16007.686547864527,4404.079785243912,109.35996,0.960180094758407,16671.54592690474,1843.6550433333186,14827.890883571421,1217.2631329193107,0.11058692765606135,101.5,106.6,99.56432539776354,96.0180094758407,95.93016284145142,96.05090509603689,100.03425984393527,96.48961070116405,0.2751228150348452,0.35561052543265537,768.4270603347517,0.10449100029452055,4431.9637666096905,0.056834658345054793,8390.4477166843,0.02913311294827398,4821.051728341876,0.03889408199520548,10939.07051243933,0.023668187443945204,2725.5313161798354,154.37533741869163,96.05090509603689
64_2021,64.0,宁夏,2021,725,18057.371842084172,4911.57989102634,110.891,0.9736226160850247,18546.582160029913,2013.0418898267267,16533.540270203186,1318.3712838653132,0.1085397768956628,101.4,101.7,101.2879128794375,97.36226160850246,97.5609756097561,97.28795707358503,99.92368240662259,97.84046525098036,0.2719986016779864,0.3721040433025196,754.7581737908033,0.11577452054794521,5034.494586067075,0.06249149452054794,7812.62321608153,0.04029830136986302,2925.251343929771,0.04298798904109589,10909.119339515115,0.02552929315068493,2908.849083594104,169.9443668829208,97.28795707358503
64_2022,64.0,宁夏,2022,728,16868.607747271286,4975.163841180206,113.44149,0.9960159362549801,16936.08217826037,1985.5870043625216,14950.495173897849,1305.1635942706894,0.11724004309044253,102.3,102.5,102.21633770873325,99.60159362549801,100.0,99.44418675226311,99.84196349927215,99.60159362549801,0.29493624581939804,0.3602564812067694,742.0227369068962,0.11992860887671235,4766.162531130214,0.05706704963489041,7826.725045210633,0.043629958398328776,2801.900916780747,0.04514418238949316,10980.147652338605,0.026555516629150684,3091.054410531269,150.34056451326566,99.44418675226311
64_2023,64.0,宁夏,2023,729,18990.539475966172,5399.652523460856,113.895256,1.0,18990.539475966172,1971.0386598989019,17019.50081606727,1231.7049332933475,0.10379055647120432,100.4,100.0,100.55891979801851,100.0,100.0,100.0,100.0,100.0,0.28433381422863135,0.3362811380687421,744.4337165075439,0.11375094204246575,5019.574305567877,0.05663366448654794,8852.759839216671,0.03976604644265755,2342.941877487428,0.044597551021054796,10747.572969073186,0.024823124585205476,3056.389474924189,170.1950081606727,100.0
65_2015,65.0,新疆,2015,2385,12867.399130000002,4092.8000000000006,100.0,0.8878558502428614,14492.66694191438,2875.6782798377885,11616.988662076592,1780.4761232431083,0.1984229880782682,100.6,100.6,100.6,88.78558502428614,84.12058189958093,90.9742521577423,102.46511540455299,89.40141690138984,0.31807515711996104,0.5593066783109514,938.1912940405202,0.17102297158767124,5983.038371681969,0.05490950938642466,9623.538006880337,0.020932287724602743,2832.4545289462276,0.05690561214154794,11164.327773149007,0.02716100247035616,3853.9892792164324,127.69534661228799,90.9742521577423
65_2016,65.0,新疆,2016,2428,13872.25076758013,4155.226761929262,101.4,0.9002858321462613,15408.718289511447,2871.834243756913,12536.884045754534,1718.5177050806838,0.1863772307208537,101.4,101.5,101.35723766083615,90.02858321462614,85.38239062807463,92.20898896969122,102.42190388564379,90.65303673800929,0.2995351534186617,0.5168886440670405,906.1477669163347,0.17976382472465752,6104.939638758159,0.05769021413249315,9541.132596473386,0.019041617356520553,3237.1993833390366,0.0584706422220411,10177.08005747389,0.02740391003758904,3608.1549111859626,135.96162571390263,92.20898896969122
65_2017,65.0,新疆,2017,2480,14558.701603864098,4186.484416314631,103.6308,0.9200921204534791,15823.091275565599,2732.653890273088,13090.437385292511,1639.1253058837963,0.1727003808979424,102.2,100.8,102.76507476433063,92.00921204534791,86.06544975309923,94.75863645413656,102.98820558036468,92.7380565829835,0.2875589135780814,0.4892911848171858,911.488789421035,0.17466744264657533,5972.14856300973,0.05395984578023288,9565.057225744906,0.01970341117347946,2765.078866647622,0.05420114131850685,10744.117615493225,0.027739627205917806,3265.2424430229607,138.1450585945094,94.75863645413656
65_2018,65.0,新疆,2018,2520,15311.291453013493,4437.185779376703,105.73302,0.9384939628625487,16314.746880535848,2662.4798702816056,13652.267010254242,1611.2824304770165,0.16319467839602536,102.0,102.8,101.67355948801313,93.84939628625487,88.475282346186,96.34447860522664,102.65860241802875,94.77829382780914,0.28979827031529715,0.48031790811390557,857.4243672790845,0.17333564153424658,5723.793371623319,0.048969980130506845,8887.880111402712,0.018845485523753428,2381.3517517686837,0.05905467809346575,11762.283522284142,0.025117521842630136,3335.173222664261,141.70264044081517,96.34447860522664
65_2019,65.0,新疆,2019,2559,16146.914987389846,4680.3499572863575,107.74194,0.9563253481569373,16884.33232320855,2458.021824699325,14426.310498509225,1429.9601501100956,0.1455800429443469,101.9,106.3,100.10403584177169,95.63253481569373,94.04922513399572,96.44471139454414,100.84926806595232,96.10518994139846,0.289860320744956,0.41097336433881493,771.0954523416974,0.15541735446986302,5171.695080792706,0.05021616453527397,11027.408074271469,0.015776437413452055,3003.1782539351925,0.05502171177161643,11781.648050650003,0.027575042526027396,3190.2373134000486,149.58114644039796,96.44471139454414
65_2020,65.0,新疆,2020,2590,15099.02281889196,4778.705386945705,109.35807,0.9706702283792913,15555.254892387598,2463.810240798069,13091.444651589529,1620.9199121939575,0.1583908626276387,101.5,105.4,99.69414944046214,97.06702283792913,99.1278832912315,96.14973470509926,99.05499508894854,96.48961070116405,0.3164910368217054,0.47972031517084185,737.1206621002266,0.1685649553520548,4781.060275398512,0.05586294695768493,8197.841666350338,0.016965010625917813,4243.076470426022,0.059610857344561646,11676.237332281322,0.02973587064591781,2633.4968971581848,136.15684631624083,96.14973470509926
65_2021,65.0,新疆,2021,2589,17132.861273425653,5185.941179609295,110.670364,0.9823182711198428,17441.252776347315,2333.934425877356,15107.31835046996,1453.0424767945383,0.13381690270795712,101.2,100.5,101.50385729520409,98.23182711198429,99.62352270768764,97.59568950478126,99.35241191586732,97.84046525098036,0.30268973155424295,0.40593168360274867,729.6801454841318,0.1514921917808219,4979.198525240388,0.05412587945205479,7935.510408463623,0.025186438356164388,2616.96753855238,0.06054085890410959,11635.798178278039,0.029244186301369858,2857.1371441570946,154.7949343575245,97.59568950478126
65_2022,65.0,新疆,2022,2587,15912.136841271249,5117.322615662472,112.66243,1.0,15912.136841271249,2349.1144324022644,13563.022408868985,1441.7175217609126,0.1476303563647954,101.8,101.7,101.84740537918216,100.0,101.31712259371834,99.3986775225425,99.3986775225425,99.60159362549801,0.3215987058626653,0.40105066878190837,721.1390886904103,0.15429568411232875,5305.177852125449,0.04857345353465753,7325.253446424636,0.024898567440328777,2463.856126573693,0.06260028761364383,11807.336161381781,0.029440099397589042,2888.3423905883956,136.45073301697644,99.3986775225425
65_2023,65.0,新疆,2023,2598,17498.81497613973,5557.117192113113,112.66243,1.0,17498.81497613973,2527.2083241851824,14971.606651954546,1485.1665986329967,0.14442168384722753,100.0,98.7,100.60496023935643,100.0,100.0,100.0,100.0,100.0,0.3175710583654061,0.4106162889935257,667.1835980471446,0.15855890840136988,5770.023204928817,0.05228206464967122,7684.460601954793,0.020694527746520554,2068.043445023113,0.06989867818426027,11504.636714685957,0.03053283134115068,2936.1097063688967,149.71606651954545,100.0
11_2024,11.0,北京,2024,2183,43654.11866245704,8897.16472162994,113.959465,1.001,43610.50815430274,1837.7756688721624,41772.73248543058,1104.5693016087762,0.04214066165818896,100.1,97.8,100.6887592708667,100.1,97.8,100.6887592708667,100.58817109976694,100.4,0.20381043059017448,0.2655044765396209,864.1472747433653,0.07043668869452055,5497.776317578443,0.05792314355257534,7525.735386281561,0.07896223460564386,2647.256673940243,0.037824675068465756,12312.613121939468,0.04163343234356165,2652.3730949025385,414.8698701615356,100.6887592708667
12_2024,12.0,天津,2024,1364,30969.485601979395,8830.581892759097,115.61057,1.002,30907.670261456482,1990.3292105050039,28917.34105095148,1222.6233143759068,0.06439596364489014,100.2,98.5,100.8780818695841,100.2,98.5,100.8780818695841,100.67672841275856,100.4,0.28513815199419057,0.28261894380055624,788.979285071184,0.08905341634520547,5345.434263130513,0.06349289163345204,7703.765064639447,0.08716440478512331,3176.880911656847,0.04242390587841097,9742.50444251705,0.046558094745205475,2404.720173023191,286.6563332194998,100.8780818695841
13_2024,13.0,河北,2024,7378,21041.329555726126,6021.771814281206,115.263626,1.002,20999.33089393825,2058.653287432163,18940.677606506088,1604.951742825251,0.09803423251101881,100.2,99.4,100.52074296289908,100.2,99.4,100.52074296289908,100.3201027573843,100.4,0.2861877999835072,0.45311245893605023,770.9615819896227,0.0990151610671233,5239.301604466757,0.06833094566758904,7362.761436617012,0.09849510336772603,2439.2074396567787,0.035801112193753426,9319.369198832283,0.04772109018038356,2379.5029355209354,188.42556320437117,100.52074296289908
14_2024,14.0,山西,2024,3446,18600.451664144217,4939.423042098992,113.384346,1.001,18581.86979434987,1686.8978333881803,16894.97196096169,1303.2208503081692,0.09078192087542826,100.1,98.7,100.6061985045386,100.1,98.7,100.60619850453858,100.50569281172686,100.4,0.2655539301564723,0.3591316752639065,776.5292311570591,0.11788066845616438,5342.7451462810595,0.052062532060876715,7317.0366306703345,0.06558426645583562,2021.8801131656355,0.016917075103054798,9631.628849043405,0.040034207814246575,2541.058239151708,167.93172003412414,100.60619850453858
15_2024,15.0,内蒙古,2024,2388,24830.321644842934,7130.46754928562,113.22044,1.002,24780.760124593748,2578.3152098098026,22202.444914783944,1801.3339505296549,0.10404504126775938,100.2,98.3,100.96542373007716,100.2,98.3,100.96542373007716,100.76389593820076,100.4,0.2871677480169317,0.5068256437591286,774.4178407850213,0.08592061940136986,5164.737334356389,0.06791662123938355,9292.060472134774,0.12823640331756167,2341.5795297322506,0.058710422488863004,10950.840851684865,0.05305726505852055,3162.118825989527,219.90146819113414,100.96542373007716
21_2024,21.0,辽宁,2024,4155,22671.88562879653,6788.71618809996,114.51628,1.002,22626.632364068395,2415.6165472359367,20211.01581683246,1742.2179355164424,0.10675987961301703,100.2,99.3,100.58467414152462,100.2,99.3,100.58467414152462,100.38390632886689,100.4,0.29943324076570504,0.4443252188782212,756.348230561105,0.1333008492780822,5537.172263713065,0.06627846126663013,7485.078350441453,0.13603709159506852,2033.6583057194584,0.04492713295753424,10066.972601621746,0.04624021378268493,2517.4956164832106,200.93534118721868,100.58467414152462
22_2024,22.0,吉林,2024,2317,20285.933713068876,5556.320109031348,113.96074,1.0,20285.933713068876,2293.636025313366,17992.297687755512,1648.1404292871769,0.11306534161825291,100.0,99.3,100.26405472545837,100.0,99.3,100.26405472545838,100.26405472545838,100.4,0.27390014123194045,0.4437305566389035,794.649078401959,0.147768156530137,5349.686044789772,0.05229812171941095,8437.25443427892,0.11184221813054798,2702.8644742997844,0.03266714975576713,9813.39358304061,0.035764011868821916,2415.561978946362,179.44913296217442,100.26405472545838
23_2024,23.0,黑龙江,2024,3029,20536.014741975432,6107.656596868299,114.272415,1.005,20433.845514403416,2567.5564865408132,17866.289027862604,1689.5354185282536,0.12565214338784117,100.5,98.8,101.21962562269755,100.5,98.8,101.21962562269755,100.71604539571895,100.4,0.29741196982997403,0.41407151182907176,846.7058884190996,0.17967560207671235,5618.32023575105,0.060853450212643836,8080.3101541292035,0.11355316311180824,2060.8734789821738,0.037492969839369866,10364.570258775846,0.03912101219452055,2381.1412056011022,176.51012753653436,101.21962562269755
31_2024,31.0,上海,2024,2480,45592.93792804957,11717.510380092745,115.63633,1.0,45592.93792804957,2327.6981382169474,43265.23978983262,1324.6227191243117,0.05105391852330944,100.0,99.3,100.2421299998193,100.0,99.3,100.2421299998193,100.2421299998193,100.4,0.2570027489473085,0.28771368165281336,994.084953846386,0.10048384707534247,3957.4753664434734,0.05335260075582192,8512.610726655923,0.11721694362830139,2570.3399500270434,0.061518429975136985,12294.9411754335,0.04202585647473972,3145.7099406702564,431.60734702974304,100.2421299998193
32_2024,32.0,江苏,2024,8526,31688.43842032471,8901.697319268707,117.85371,1.005,31530.784497835535,2433.91664355068,29096.867854284854,1665.2863495640263,0.07719175663763643,100.5,100.2,100.61719574922701,100.5,100.2,100.61719574922701,100.11661268579802,100.4,0.280913095217694,0.40374210040235553,960.3140606679726,0.10137404229041096,5020.914118353098,0.06481814634553423,7282.9952752477475,0.1491938371822192,2165.98859575824,0.06955298806461643,8987.947761342579,0.04396206049687671,2657.883623073867,289.1838481247714,100.61719574922701
33_2024,33.0,浙江,2024,6670,38589.573954019885,10760.903830485795,116.889084,1.003,38474.15149952132,2876.7840147517545,35597.367484769566,1689.2319934232974,0.07477186377424194,100.3,100.2,100.33866840845327,100.3,100.2,100.33866840845327,100.03855275020265,100.4,0.27885521211785314,0.3950920222002239,865.588614303338,0.12380825000958905,4917.531787230851,0.06193253474312328,10594.789867238054,0.15636910589704112,2440.313161399533,0.0724943766750411,10820.09838089031,0.034919707186630136,2973.0428964887446,354.7721735738181,100.33866840845327
34_2024,34.0,安徽,2024,6123,21764.391061444006,7335.468985007311,114.848145,1.005,21656.11050889951,2352.622875435083,19303.48763346443,1692.3851537736034,0.10863552226833531,100.5,100.2,100.65251594567107,100.5,100.2,100.65251594567107,100.1517571598717,100.4,0.33703993666986715,0.41311894700489754,792.3429576651689,0.11351882644520549,4889.671286041228,0.06705002653391781,7852.677053983689,0.15239541633115072,2101.28273065069,0.06143003777130138,8472.906960133301,0.038679322800328764,2662.460910769473,191.7834586855615,100.65251594567107
35_2024,35.0,福建,2024,4193,30161.258836280314,9656.315946325443,112.31627,0.9990000000000001,30191.450286566876,2686.6109780830616,27504.839308483814,1636.153151483274,0.08898582057445645,99.9,99.2,100.22964837789134,99.9,99.2,100.22964837789134,100.32997835624758,100.4,0.32015626399220687,0.35990261333682877,997.7961746038785,0.13642177317534246,5289.998337358092,0.050804656650863006,9196.121150621306,0.16888582882454797,1998.219020330887,0.0687209903859452,10300.097883958557,0.033340713368109585,2799.0100962107495,274.4181961487439,100.22964837789134
36_2024,36.0,江西,2024,4502,21250.657812000874,6762.16342814929,116.35404,1.005,21144.93314626953,2633.3783312770697,18511.55481499246,1865.5026295526814,0.12453944938301498,100.5,99.6,100.92005379745446,100.5,99.6,100.92005379745446,100.41796397756661,100.4,0.31820960499069806,0.44037024801155983,971.6619846196095,0.15706238724246577,4229.48002873635,0.06462062604423288,8511.04513684955,0.18418968805783567,2091.1196708926777,0.058762976426164376,8974.268828197759,0.027745388994082194,2836.095739552722,183.42791267377808,100.92005379745446
37_2024,37.0,山东,2024,10080,22055.03670740975,6273.792017538253,116.2773,1.002,22011.01467805364,1982.3463578444762,20028.668320209166,1352.7729325604744,0.09006156176075787,100.2,99.5,100.4782831455047,100.2,99.5,100.4782831455047,100.27772769012446,100.4,0.28446073796061605,0.30382543922568933,759.3013628792141,0.09355362122465753,4589.065863129234,0.06876217847652055,7771.225748916664,0.11150312303638357,2469.80630767364,0.04185522690569863,9117.35578142848,0.05688687741128766,2302.1308366324274,199.33330559803886,100.4782831455047
41_2024,41.0,河南,2024,9785,19144.687885851534,5774.415462119809,114.684555,1.003,19087.425609024463,1922.5486150723516,17164.87699395211,1579.6348923554144,0.10072330624635822,100.3,98.9,100.90463851376869,100.3,98.9,100.9046385137687,100.6028300236976,100.4,0.3016197232647112,0.4364357674692003,760.1490845578372,0.09088621322054793,5373.853993345354,0.0641314486909178,6382.07686346797,0.10936774123323288,2389.4899405219007,0.037103702960410954,8435.763763260677,0.05189257260339726,2288.576087624216,170.10989035563435,100.9046385137687
42_2024,42.0,湖北,2024,5834,24198.606885631176,7133.519547200728,115.24631,1.004,24102.198093258143,2155.97238840148,21946.22570485666,1421.2665851367826,0.08945127660387739,100.4,100.1,100.52540550316088,100.4,100.1,100.5254055031609,100.12490587964231,100.4,0.2947905051276535,0.30527685718613107,849.27641151658,0.15848383970958904,4816.310972461938,0.052705705944534234,8051.672830337416,0.13041376083887674,2093.670674765764,0.04101884621660275,9050.248840165987,0.02273428267265753,2848.4367324985587,218.31521688481612,100.5254055031609
43_2024,43.0,湖南,2024,6539,23420.695217694643,6980.285101585526,114.25793,1.005,23304.17434596482,2570.5551807485917,20733.61916521623,1774.2888767299544,0.11030449491954175,100.5,100.4,100.54245809594947,100.5,100.4,100.54245809594948,100.04224686164127,100.4,0.2980391929745889,0.42613152380686753,855.0278674490887,0.1495644721150685,4515.003482331283,0.05559706330463013,8991.551732488722,0.1806892869296713,2830.368703860318,0.04946349883526027,9018.327061655476,0.02569859337347945,2860.7618851881357,206.21754786848123,100.54245809594948
44_2024,44.0,广东,2024,12780,30772.49986464585,10069.526820466492,116.39613,1.0,30772.49986464585,2944.509900435886,27827.989964209966,1607.1051431050164,0.09568640550450687,100.0,99.6,100.19455228578,100.0,99.6,100.19455228578,100.19455228578,100.4,0.3272248554637333,0.32550401474741225,940.0078831193699,0.12333629640821919,4739.1461361906295,0.05141575737809589,10551.798349632258,0.19363760970213703,2238.1980704315156,0.0848256115799863,11764.767452942779,0.024833281736657532,3227.249878745169,277.73955099711964,100.19455228578
45_2024,45.0,广西,2024,5013,18269.10779311712,5748.423528778251,115.7692,1.002,18232.64250810092,2201.795726477887,16030.846781623031,1533.9206908647636,0.12076119660107472,100.2,98.7,100.88867125079787,100.2,98.7,100.88867125079787,100.6872966574829,100.4,0.3146526690780142,0.3650214149422995,836.9601801746005,0.10917415354931505,5211.784417696979,0.04452194096630137,8030.549092799691,0.17118255998909596,2020.9030588063486,0.06071469957210959,9480.444332287027,0.016345576413260274,2949.658218214139,158.89640118038776,100.88867125079787
46_2024,46.0,海南,2024,1048,22130.062422457435,8578.561014964524,117.07152,1.0,22130.062422457435,2890.889702075634,19239.1727203818,1551.0124874934932,0.1306317915823852,100.0,98.5,100.9495509859396,100.0,98.5,100.94955098593961,100.94955098593961,100.4,0.3876428747105141,0.30800720289388356,968.1894747472402,0.1255496835452055,5072.397767300478,0.047916859558041085,8980.730645063542,0.18651916662953427,2752.679652497635,0.09311908435076713,10308.688127760044,0.01439424676931507,3623.038654162114,190.58205343638883,100.94955098593961
50_2024,50.0,重庆,2024,3190,24341.80933866338,7635.241720497039,112.77305,1.002,24293.222892877624,2868.243423280946,21424.979469596678,1939.3351298009734,0.11806763704958506,100.2,99.1,100.70272240740907,100.2,99.1,100.70272240740907,100.50171896947013,100.4,0.313667797420859,0.416045905108555,962.3956431621452,0.17388010200821918,5249.576130378579,0.06456771939950685,8361.808052633432,0.22801189454013704,1864.7981325138567,0.049092905614260274,9470.052729542918,0.038069038229808214,3284.4115232492154,212.7547196084578,100.70272240740907
51_2024,51.0,四川,2024,8364,21720.404773199993,7094.713929215607,114.53746,1.0,21720.404773199993,2412.9081429933876,19307.496630206606,1636.5301916229782,0.11108946486902427,100.0,99.5,100.2425428653216,100.0,99.5,100.2425428653216,100.2425428653216,100.4,0.3266382004984324,0.3624815588275576,869.5535134450939,0.13607991811232875,5395.769516079392,0.05233046936415067,8631.800872002936,0.20205046443846578,2184.945474362844,0.038177066611780816,10215.467269363457,0.02714561845720548,2957.499119455348,192.60780980134072,100.2425428653216
52_2024,52.0,贵州,2024,3860,18800.18627138255,5455.7067117648285,111.014854,1.001,18781.404866516037,1845.9865954225706,16935.418271093466,1378.3641059098481,0.0982879932860423,100.1,99.7,100.26353449191902,100.1,99.7,100.26353449191902,100.16337112079823,100.4,0.29019429025921134,0.3674937234098419,1017.6918767542643,0.08985998294383561,5713.0453710825095,0.04032681632752055,8633.8654690654,0.15579270921797264,2293.4394711421264,0.02097195909509589,9869.300650179526,0.014736861960657533,3132.351631822311,168.9090491065664,100.26353449191902
53_2024,53.0,云南,2024,4655,19713.135815891826,6412.121102585284,113.02109,1.002,19673.788239413,1836.5826816475249,17837.205557765476,1427.4828449022152,0.09335175611823716,100.2,99.1,100.73028534776282,100.2,99.1,100.73028534776282,100.52922689397485,100.4,0.32527149219030516,0.3636220484945597,863.8064506101022,0.07675115420958903,5023.911244500794,0.0500446455039589,7002.174573191593,0.17308442824767123,2334.2255356650617,0.03332510839434246,9760.630176392628,0.016914037600986302,3380.572405093746,177.07887450317477,100.73028534776282
54_2024,54.0,西藏,2024,370,16753.91461707032,6171.088141624143,113.30486,1.0,16753.91461707032,2759.2374220911547,13994.677194979166,1383.4446930514596,0.16469210242242777,100.0,98.8,100.69974744338201,100.0,98.8,100.69974744338201,100.69974744338201,100.4,0.36833708913238167,0.3812487400354011,896.1292523652438,0.17922552246986304,4845.909951723167,0.023735907879753423,10592.429016263432,0.033059648464273984,2321.355749503399,0.06069932761013699,19270.71418295749,0.01375320006630137,3722.4073428101146,138.97430281885872,100.69974744338201
61_2024,61.0,陕西,2024,3953,20169.852174153788,5481.645689340617,115.08761,1.001,20149.702471682107,1948.0003512963103,18201.702120385795,1483.521863666149,0.09667638289121051,100.1,99.1,100.47320047856138,100.1,99.1,100.47320047856138,100.37282765091047,100.4,0.27177421242407274,0.42353842913677314,804.8709065774383,0.13262515715342466,5471.088916302558,0.052921123110479446,7740.142211842494,0.0808715429381096,2286.7905870733407,0.018755565289575345,10341.070140299535,0.033049114204712335,2813.8922497776707,181.15977229440014,100.47320047856138
62_2024,62.0,甘肃,2024,2458,17475.289820086342,5197.905400761892,113.46879,1.004,17405.66715148042,2047.7728727371032,15357.894278743315,1411.770016637114,0.11764977779452322,100.4,98.6,101.16207027505345,100.4,98.6,101.16207027505345,100.75903413849944,100.4,0.29744315855565084,0.4040091357948856,834.7262855932253,0.1253034656260274,5546.666730996867,0.04664787487790411,10680.059145900032,0.07985727499093151,2333.015082952515,0.02327156635341096,10741.74135970712,0.02679569067539726,3024.061884313388,151.8147487194177,101.16207027505345
63_2024,63.0,青海,2024,593,18163.520273224556,5532.041909867376,116.73949,1.005,18073.154500720953,1879.4666963344491,16193.687804386504,1140.9531340041167,0.10399217780490261,100.5,98.3,101.46350497159648,100.5,98.3,101.46350497159648,100.95871141452386,100.4,0.3045688185248066,0.31455541911740076,932.5445586870082,0.09443802771369862,5452.573172982939,0.0329058267190274,8769.355021428122,0.058115772188383576,2179.426714180047,0.0450224788329726,12221.633406018109,0.02543904243057534,4156.183204470143,159.60110789509721,101.46350497159648
64_2024,64.0,宁夏,2024,729,20135.870624548952,5562.334452135294,113.55357,0.997,20196.46000456264,2015.1059208249105,18181.35408373773,1209.9038597433507,0.09977520418774737,99.7,97.2,100.65418407487543,99.7,97.2,100.65418407487543,100.95705524059721,100.4,0.2762400770172753,0.33119729271666165,779.1676578302156,0.11022320618630135,5206.376812401505,0.053426593789849305,9344.994420182249,0.03695682163043836,2256.3044202113997,0.04847728599182191,10843.982293266305,0.02467072955660274,3033.5651466006434,180.63187587127862,100.65418407487543
65_2024,65.0,新疆,2024,2623,18887.294103383363,5958.538447610233,113.11308,1.004,18812.045919704546,2463.8213308507334,16348.224588853813,1397.0855126969386,0.13097040807613705,100.4,95.8,102.52002435414332,100.4,95.8,102.52002435414332,102.11157804197542,100.4,0.3154786712694252,0.38235529442870214,685.192355666507,0.13895341707945208,5928.581586242035,0.05206009852632876,8308.513869386967,0.018230306766904115,2050.7585780546624,0.07132769910050685,11322.850946830717,0.035615940446575345,2821.1194462703174,159.46372127635087,102.52002435414332
