variant,income,demand_group,demand_group_label_cn,price_group,price_group_label_cn,is_own_price,budget_share_demand_group,budget_share_price_group,support_flag,elasticity
baseline_real_national_nonfood,10000.0,grain,粮食/主粮,grain,粮食/主粮,True,0.04802722142382702,0.04802722142382702,in_support,-3.310013932417838e-05
baseline_real_national_nonfood,10000.0,grain,粮食/主粮,oil,食用油,False,0.04802722142382702,0.08891745973917833,in_support,-3.925390609782475e-09
baseline_real_national_nonfood,10000.0,grain,粮食/主粮,vegfruit,蔬菜水果,False,0.04802722142382702,0.021848192983502993,in_support,-9.032391987129351e-10
baseline_real_national_nonfood,10000.0,grain,粮食/主粮,pork,猪肉,False,0.04802722142382702,0.020388736958293935,in_support,5.770868668590612e-07
baseline_real_national_nonfood,10000.0,grain,粮食/主粮,aquatic,水产品,False,0.04802722142382702,0.003280870567963248,in_support,4.0345131649367413e-07
baseline_real_national_nonfood,10000.0,grain,粮食/主粮,othermeat,其他肉类(牛羊禽),False,0.04802722142382702,0.04351446235445977,in_support,-1.8448432295703476e-09
baseline_real_national_nonfood,10000.0,grain,粮食/主粮,dairyegg,奶蛋类,False,0.04802722142382702,0.003835441634910711,in_support,1.2995645502821354e-07
baseline_real_national_nonfood,10000.0,grain,粮食/主粮,nonfood,其他/未覆盖支出,False,0.04802722142382702,0.7701876143378641,in_support,3.1961446780359726e-05
baseline_real_national_nonfood,10000.0,oil,食用油,grain,粮食/主粮,False,0.08891745973917833,0.04802722142382702,in_support,-2.0959938576425863e-09
baseline_real_national_nonfood,10000.0,oil,食用油,oil,食用油,True,0.08891745973917833,0.08891745973917833,in_support,-7.51253670118468e-06
baseline_real_national_nonfood,10000.0,oil,食用油,vegfruit,蔬菜水果,False,0.08891745973917833,0.021848192983502993,in_support,-9.562430743070838e-10
baseline_real_national_nonfood,10000.0,oil,食用油,pork,猪肉,False,0.08891745973917833,0.020388736958293935,in_support,1.3022394239510515e-07
baseline_real_national_nonfood,10000.0,oil,食用油,aquatic,水产品,False,0.08891745973917833,0.003280870567963248,in_support,9.141808356627132e-08
baseline_real_national_nonfood,10000.0,oil,食用油,othermeat,其他肉类(牛羊禽),False,0.08891745973917833,0.04351446235445977,in_support,-1.911146758210025e-09
baseline_real_national_nonfood,10000.0,oil,食用油,dairyegg,奶蛋类,False,0.08891745973917833,0.003835441634910711,in_support,2.9351660849226413e-08
baseline_real_national_nonfood,10000.0,oil,食用油,nonfood,其他/未覆盖支出,False,0.08891745973917833,0.7701876143378641,in_support,7.232301136861352e-06
baseline_real_national_nonfood,10000.0,vegfruit,蔬菜水果,grain,粮食/主粮,False,0.021848192983502993,0.04802722142382702,in_support,1.7429150761527623e-08
baseline_real_national_nonfood,10000.0,vegfruit,蔬菜水果,oil,食用油,False,0.021848192983502993,0.08891745973917833,in_support,3.172364415604534e-08
baseline_real_national_nonfood,10000.0,vegfruit,蔬菜水果,vegfruit,蔬菜水果,True,0.021848192983502993,0.021848192983502993,in_support,-3.390679584771433e-05
baseline_real_national_nonfood,10000.0,vegfruit,蔬菜水果,pork,猪肉,False,0.021848192983502993,0.020388736958293935,in_support,5.99565004581748e-07
baseline_real_national_nonfood,10000.0,vegfruit,蔬菜水果,aquatic,水产品,False,0.021848192983502993,0.003280870567963248,in_support,4.14711966525462e-07
baseline_real_national_nonfood,10000.0,vegfruit,蔬菜水果,othermeat,其他肉类(牛羊禽),False,0.021848192983502993,0.04351446235445977,in_support,1.5751513482431534e-08
baseline_real_national_nonfood,10000.0,vegfruit,蔬菜水果,dairyegg,奶蛋类,False,0.021848192983502993,0.003835441634910711,in_support,1.3471285205748917e-07
baseline_real_national_nonfood,10000.0,vegfruit,蔬菜水果,nonfood,其他/未覆盖支出,False,0.021848192983502993,0.7701876143378641,in_support,3.296646465766884e-05
baseline_real_national_nonfood,10000.0,pork,猪肉,grain,粮食/主粮,False,0.020388736958293935,0.04802722142382702,in_support,1.3610769611233087e-06
baseline_real_national_nonfood,10000.0,pork,猪肉,oil,食用油,False,0.020388736958293935,0.08891745973917833,in_support,5.709979333454185e-07
baseline_real_national_nonfood,10000.0,pork,猪肉,vegfruit,蔬菜水果,False,0.020388736958293935,0.021848192983502993,in_support,6.344527489297175e-07
baseline_real_national_nonfood,10000.0,pork,猪肉,pork,猪肉,True,0.020388736958293935,0.020388736958293935,in_support,-0.22056570199997638
baseline_real_national_nonfood,10000.0,pork,猪肉,aquatic,水产品,False,0.020388736958293935,0.003280870567963248,in_support,0.0027373607007713406
baseline_real_national_nonfood,10000.0,pork,猪肉,othermeat,其他肉类(牛羊禽),False,0.020388736958293935,0.04351446235445977,in_support,9.339048654341542e-07
baseline_real_national_nonfood,10000.0,pork,猪肉,dairyegg,奶蛋类,False,0.020388736958293935,0.003835441634910711,in_support,0.0008826072198495167
baseline_real_national_nonfood,10000.0,pork,猪肉,nonfood,其他/未覆盖支出,False,0.020388736958293935,0.7701876143378641,in_support,0.21694222386639728
baseline_real_national_nonfood,10000.0,aquatic,水产品,grain,粮食/主粮,False,0.003280870567963248,0.04802722142382702,in_support,5.94046258062253e-06
baseline_real_national_nonfood,10000.0,aquatic,水产品,oil,食用油,False,0.003280870567963248,0.08891745973917833,in_support,2.5409502935613837e-06
baseline_real_national_nonfood,10000.0,aquatic,水产品,vegfruit,蔬菜水果,False,0.003280870567963248,0.021848192983502993,in_support,2.7687469386916685e-06
baseline_real_national_nonfood,10000.0,aquatic,水产品,pork,猪肉,False,0.003280870567963248,0.020388736958293935,in_support,0.01701114747809468
baseline_real_national_nonfood,10000.0,aquatic,水产品,aquatic,水产品,True,0.003280870567963248,0.003280870567963248,in_support,-0.9622223559602532
baseline_real_national_nonfood,10000.0,aquatic,水产品,othermeat,其他肉类(牛羊禽),False,0.003280870567963248,0.04351446235445977,in_support,4.083635110369022e-06
baseline_real_national_nonfood,10000.0,aquatic,水产品,dairyegg,奶蛋类,False,0.003280870567963248,0.003835441634910711,in_support,0.003829854508417569
baseline_real_national_nonfood,10000.0,aquatic,水产品,nonfood,其他/未覆盖支出,False,0.003280870567963248,0.7701876143378641,in_support,0.9413665367918309
baseline_real_national_nonfood,10000.0,othermeat,其他肉类(牛羊禽),grain,粮食/主粮,False,0.04351446235445977,0.04802722142382702,in_support,-1.9688198571454762e-09
baseline_real_national_nonfood,10000.0,othermeat,其他肉类(牛羊禽),oil,食用油,False,0.04351446235445977,0.08891745973917833,in_support,-3.832149104987526e-09
baseline_real_national_nonfood,10000.0,othermeat,其他肉类(牛羊禽),vegfruit,蔬菜水果,False,0.04351446235445977,0.021848192983502993,in_support,-8.96434067601537e-10
baseline_real_national_nonfood,10000.0,othermeat,其他肉类(牛羊禽),pork,猪肉,False,0.04351446235445977,0.020388736958293935,in_support,4.368820583702804e-07
baseline_real_national_nonfood,10000.0,othermeat,其他肉类(牛羊禽),aquatic,水产品,False,0.04351446235445977,0.003280870567963248,in_support,3.055393639496938e-07
baseline_real_national_nonfood,10000.0,othermeat,其他肉类(牛羊禽),othermeat,其他肉类(牛羊禽),True,0.04351446235445977,0.04351446235445977,in_support,-2.5070060789268017e-05
baseline_real_national_nonfood,10000.0,othermeat,其他肉类(牛羊禽),dairyegg,奶蛋类,False,0.04351446235445977,0.003835441634910711,in_support,9.838992694232232e-08
baseline_real_national_nonfood,10000.0,othermeat,其他肉类(牛羊禽),nonfood,其他/未覆盖支出,False,0.04351446235445977,0.7701876143378641,in_support,2.420205687714283e-05
baseline_real_national_nonfood,10000.0,dairyegg,奶蛋类,grain,粮食/主粮,False,0.003835441634910711,0.04802722142382702,in_support,1.649614944809752e-06
baseline_real_national_nonfood,10000.0,dairyegg,奶蛋类,oil,食用油,False,0.003835441634910711,0.08891745973917833,in_support,7.213533665395566e-07
baseline_real_national_nonfood,10000.0,dairyegg,奶蛋类,vegfruit,蔬菜水果,False,0.003835441634910711,0.021848192983502993,in_support,7.687440985865157e-07
baseline_real_national_nonfood,10000.0,dairyegg,奶蛋类,pork,猪肉,False,0.003835441634910711,0.020388736958293935,in_support,0.004691840376271905
baseline_real_national_nonfood,10000.0,dairyegg,奶蛋类,aquatic,水产品,False,0.003835441634910711,0.003280870567963248,in_support,0.0032760904304693396
baseline_real_national_nonfood,10000.0,dairyegg,奶蛋类,othermeat,其他肉类(牛羊禽),False,0.003835441634910711,0.04351446235445977,in_support,1.1364361547083757e-06
baseline_real_national_nonfood,10000.0,dairyegg,奶蛋类,dairyegg,奶蛋类,True,0.003835441634910711,0.003835441634910711,in_support,-0.2676098217959922
baseline_real_national_nonfood,10000.0,dairyegg,奶蛋类,nonfood,其他/未覆盖支出,False,0.003835441634910711,0.7701876143378641,in_support,0.25963793110639877
baseline_real_national_nonfood,10000.0,nonfood,其他/未覆盖支出,grain,粮食/主粮,False,0.7701876143378641,0.04802722142382702,in_support,1.995289712106163e-06
baseline_real_national_nonfood,10000.0,nonfood,其他/未覆盖支出,oil,食用油,False,0.7701876143378641,0.08891745973917833,in_support,8.390363391008737e-07
baseline_real_national_nonfood,10000.0,nonfood,其他/未覆盖支出,vegfruit,蔬菜水果,False,0.7701876143378641,0.021848192983502993,in_support,9.300710739242046e-07
baseline_real_national_nonfood,10000.0,nonfood,其他/未覆盖支出,pork,猪肉,False,0.7701876143378641,0.020388736958293935,in_support,0.00574298808176936
baseline_real_national_nonfood,10000.0,nonfood,其他/未覆盖支出,aquatic,水产品,False,0.7701876143378641,0.003280870567963248,in_support,0.004010062674288249
baseline_real_national_nonfood,10000.0,nonfood,其他/未覆盖支出,othermeat,其他肉类(牛羊禽),False,0.7701876143378641,0.04351446235445977,in_support,1.3693735098491144e-06
baseline_real_national_nonfood,10000.0,nonfood,其他/未覆盖支出,dairyegg,奶蛋类,False,0.7701876143378641,0.003835441634910711,in_support,0.0012929646046688143
baseline_real_national_nonfood,10000.0,nonfood,其他/未覆盖支出,nonfood,其他/未覆盖支出,True,0.7701876143378641,0.7701876143378641,in_support,-0.0110511386789649
baseline_real_national_nonfood,13675.100270074257,grain,粮食/主粮,grain,粮食/主粮,True,0.030112961845164286,0.030112961845164286,in_support,-9.007203068429198e-05
baseline_real_national_nonfood,13675.100270074257,grain,粮食/主粮,oil,食用油,False,0.030112961845164286,0.05596315842355674,in_support,-4.2760631840943475e-11
baseline_real_national_nonfood,13675.100270074257,grain,粮食/主粮,vegfruit,蔬菜水果,False,0.030112961845164286,0.024351977734227297,in_support,1.1442862282717847e-10
baseline_real_national_nonfood,13675.100270074257,grain,粮食/主粮,pork,猪肉,False,0.030112961845164286,0.01773725957055854,in_support,1.3567216974310833e-06
baseline_real_national_nonfood,13675.100270074257,grain,粮食/主粮,aquatic,水产品,False,0.030112961845164286,0.005519930643229398,in_support,9.473639164168067e-07
baseline_real_national_nonfood,13675.100270074257,grain,粮食/主粮,othermeat,其他肉类(牛羊禽),False,0.030112961845164286,0.027438224133706512,in_support,2.0431813532728604e-10
baseline_real_national_nonfood,13675.100270074257,grain,粮食/主粮,dairyegg,奶蛋类,False,0.030112961845164286,0.004886253232241418,in_support,3.0544567718258225e-07
baseline_real_national_nonfood,13675.100270074257,grain,粮食/主粮,nonfood,其他/未覆盖支出,False,0.030112961845164286,0.833990234417316,in_support,8.745953423106023e-05
baseline_real_national_nonfood,13675.100270074257,oil,食用油,grain,粮食/主粮,False,0.05596315842355674,0.030112961845164286,in_support,-2.015956845902167e-11
baseline_real_national_nonfood,13675.100270074257,oil,食用油,oil,食用油,True,0.05596315842355674,0.05596315842355674,in_support,-2.0356498300962145e-05
baseline_real_national_nonfood,13675.100270074257,oil,食用油,vegfruit,蔬菜水果,False,0.05596315842355674,0.024351977734227297,in_support,-5.325273381984186e-11
baseline_real_national_nonfood,13675.100270074257,oil,食用油,pork,猪肉,False,0.05596315842355674,0.01773725957055854,in_support,3.065697006983392e-07
baseline_real_national_nonfood,13675.100270074257,oil,食用油,aquatic,水产品,False,0.05596315842355674,0.005519930643229398,in_support,2.140899877439359e-07
baseline_real_national_nonfood,13675.100270074257,oil,食用油,othermeat,其他肉类(牛羊禽),False,0.05596315842355674,0.027438224133706512,in_support,-4.5076163288082505e-11
baseline_real_national_nonfood,13675.100270074257,oil,食用油,dairyegg,奶蛋类,False,0.05596315842355674,0.004886253232241418,in_support,6.901570981940677e-08
baseline_real_national_nonfood,13675.100270074257,oil,食用油,nonfood,其他/未覆盖支出,False,0.05596315842355674,0.833990234417316,in_support,1.976427385563806e-05
baseline_real_national_nonfood,13675.100270074257,vegfruit,蔬菜水果,grain,粮食/主粮,False,0.024351977734227297,0.030112961845164286,in_support,9.23211940923041e-10
baseline_real_national_nonfood,13675.100270074257,vegfruit,蔬菜水果,oil,食用油,False,0.024351977734227297,0.05596315842355674,in_support,1.3229903839118151e-09
baseline_real_national_nonfood,13675.100270074257,vegfruit,蔬菜水果,vegfruit,蔬菜水果,True,0.024351977734227297,0.024351977734227297,in_support,-5.191803756789473e-05
baseline_real_national_nonfood,13675.100270074257,vegfruit,蔬菜水果,pork,猪肉,False,0.024351977734227297,0.01773725957055854,in_support,7.824293558923723e-07
baseline_real_national_nonfood,13675.100270074257,vegfruit,蔬菜水果,aquatic,水产品,False,0.024351977734227297,0.005519930643229398,in_support,5.461877488604355e-07
baseline_real_national_nonfood,13675.100270074257,vegfruit,蔬菜水果,othermeat,其他肉类(牛羊禽),False,0.024351977734227297,0.027438224133706512,in_support,7.773859403426009e-10
baseline_real_national_nonfood,13675.100270074257,vegfruit,蔬菜水果,dairyegg,奶蛋类,False,0.024351977734227297,0.004886253232241418,in_support,1.7617609651861266e-07
baseline_real_national_nonfood,13675.100270074257,vegfruit,蔬菜水果,nonfood,其他/未覆盖支出,False,0.024351977734227297,0.833990234417316,in_support,5.0429127174012045e-05
baseline_real_national_nonfood,13675.100270074257,pork,猪肉,grain,粮食/主粮,False,0.01773725957055854,0.030112961845164286,in_support,2.303529201618665e-06
baseline_real_national_nonfood,13675.100270074257,pork,猪肉,oil,食用油,False,0.01773725957055854,0.05596315842355674,in_support,9.676093088543947e-07
baseline_real_national_nonfood,13675.100270074257,pork,猪肉,vegfruit,蔬菜水果,False,0.01773725957055854,0.024351977734227297,in_support,1.0737851213315358e-06
baseline_real_national_nonfood,13675.100270074257,pork,猪肉,pork,猪肉,True,0.01773725957055854,0.01773725957055854,in_support,-0.4336658595126121
baseline_real_national_nonfood,13675.100270074257,pork,猪肉,aquatic,水产品,False,0.01773725957055854,0.005519930643229398,in_support,0.00463105838595249
baseline_real_national_nonfood,13675.100270074257,pork,猪肉,othermeat,其他肉类(牛羊禽),False,0.01773725957055854,0.027438224133706512,in_support,1.5807546901829006e-06
baseline_real_national_nonfood,13675.100270074257,pork,猪肉,dairyegg,奶蛋类,False,0.01773725957055854,0.004886253232241418,in_support,0.0014931922257945562
baseline_real_national_nonfood,13675.100270074257,pork,猪肉,nonfood,其他/未覆盖支出,False,0.01773725957055854,0.833990234417316,in_support,0.42753568494554056
baseline_real_national_nonfood,13675.100270074257,aquatic,水产品,grain,粮食/主粮,False,0.005519930643229398,0.030112961845164286,in_support,5.1695939381202205e-06
baseline_real_national_nonfood,13675.100270074257,aquatic,水产品,oil,食用油,False,0.005519930643229398,0.05596315842355674,in_support,2.173159619686671e-06
baseline_real_national_nonfood,13675.100270074257,aquatic,水产品,vegfruit,蔬菜水果,False,0.005519930643229398,0.024351977734227297,in_support,2.4101877938095817e-06
baseline_real_national_nonfood,13675.100270074257,aquatic,水产品,pork,猪肉,False,0.005519930643229398,0.01773725957055854,in_support,0.014881036371136261
baseline_real_national_nonfood,13675.100270074257,aquatic,水产品,aquatic,水产品,True,0.005519930643229398,0.005519930643229398,in_support,-0.9775094656192569
baseline_real_national_nonfood,13675.100270074257,aquatic,水产品,othermeat,其他肉类(牛羊禽),False,0.005519930643229398,0.027438224133706512,in_support,3.5478005673619806e-06
baseline_real_national_nonfood,13675.100270074257,aquatic,水产品,dairyegg,奶蛋类,False,0.005519930643229398,0.004886253232241418,in_support,0.0033502861940763436
baseline_real_national_nonfood,13675.100270074257,aquatic,水产品,nonfood,其他/未覆盖支出,False,0.005519930643229398,0.833990234417316,in_support,0.9592648820836891
baseline_real_national_nonfood,13675.100270074257,othermeat,其他肉类(牛羊禽),grain,粮食/主粮,False,0.027438224133706512,0.030112961845164286,in_support,2.293592052393656e-10
baseline_real_national_nonfood,13675.100270074257,othermeat,其他肉类(牛羊禽),oil,食用油,False,0.027438224133706512,0.05596315842355674,in_support,-8.442186880119884e-11
baseline_real_national_nonfood,13675.100270074257,othermeat,其他肉类(牛羊禽),vegfruit,蔬菜水果,False,0.027438224133706512,0.024351977734227297,in_support,6.398084145819993e-11
baseline_real_national_nonfood,13675.100270074257,othermeat,其他肉类(牛羊禽),pork,猪肉,False,0.027438224133706512,0.01773725957055854,in_support,1.021757348052682e-06
baseline_real_national_nonfood,13675.100270074257,othermeat,其他肉类(牛羊禽),aquatic,水产品,False,0.027438224133706512,0.005519930643229398,in_support,7.134732984770756e-07
baseline_real_national_nonfood,13675.100270074257,othermeat,其他肉类(牛羊禽),othermeat,其他肉类(牛羊禽),True,0.027438224133706512,0.027438224133706512,in_support,-6.783510982671763e-05
baseline_real_national_nonfood,13675.100270074257,othermeat,其他肉类(牛羊禽),dairyegg,奶蛋类,False,0.027438224133706512,0.004886253232241418,in_support,2.3003097271998355e-07
baseline_real_national_nonfood,13675.100270074257,othermeat,其他肉类(牛羊禽),nonfood,其他/未覆盖支出,False,0.027438224133706512,0.833990234417316,in_support,6.586698396199298e-05
baseline_real_national_nonfood,13675.100270074257,dairyegg,奶蛋类,grain,粮食/主粮,False,0.004886253232241418,0.030112961845164286,in_support,1.8833415871416515e-06
baseline_real_national_nonfood,13675.100270074257,dairyegg,奶蛋类,oil,食用油,False,0.004886253232241418,0.05596315842355674,in_support,7.922029470336378e-07
baseline_real_national_nonfood,13675.100270074257,dairyegg,奶蛋类,vegfruit,蔬菜水果,False,0.004886253232241418,0.024351977734227297,in_support,8.781765071484704e-07
baseline_real_national_nonfood,13675.100270074257,dairyegg,奶蛋类,pork,猪肉,False,0.004886253232241418,0.01773725957055854,in_support,0.005420337197425644
baseline_real_national_nonfood,13675.100270074257,dairyegg,奶蛋类,aquatic,水产品,False,0.004886253232241418,0.005519930643229398,in_support,0.003784770468034873
baseline_real_national_nonfood,13675.100270074257,dairyegg,奶蛋类,othermeat,其他肉类(牛羊禽),False,0.004886253232241418,0.027438224133706512,in_support,1.2925814760270105e-06
baseline_real_national_nonfood,13675.100270074257,dairyegg,奶蛋类,dairyegg,奶蛋类,True,0.004886253232241418,0.004886253232241418,in_support,-0.35861698351030313
baseline_real_national_nonfood,13675.100270074257,dairyegg,奶蛋类,nonfood,其他/未覆盖支出,False,0.004886253232241418,0.833990234417316,in_support,0.349407052051355
baseline_real_national_nonfood,13675.100270074257,nonfood,其他/未覆盖支出,grain,粮食/主粮,False,0.833990234417316,0.030112961845164286,in_support,3.1581643810882354e-06
baseline_real_national_nonfood,13675.100270074257,nonfood,其他/未覆盖支出,oil,食用油,False,0.833990234417316,0.05596315842355674,in_support,1.326714599528267e-06
baseline_real_national_nonfood,13675.100270074257,nonfood,其他/未覆盖支出,vegfruit,蔬菜水果,False,0.833990234417316,0.024351977734227297,in_support,1.4721989291081872e-06
baseline_real_national_nonfood,13675.100270074257,nonfood,其他/未覆盖支出,pork,猪肉,False,0.833990234417316,0.01773725957055854,in_support,0.009092806037987003
baseline_real_national_nonfood,13675.100270074257,nonfood,其他/未覆盖支出,aquatic,水产品,False,0.833990234417316,0.005519930643229398,in_support,0.006349085673818061
baseline_real_national_nonfood,13675.100270074257,nonfood,其他/未覆盖支出,othermeat,其他肉类(牛羊禽),False,0.833990234417316,0.027438224133706512,in_support,2.167257135275713e-06
baseline_real_national_nonfood,13675.100270074257,nonfood,其他/未覆盖支出,dairyegg,奶蛋类,False,0.833990234417316,0.004886253232241418,in_support,0.0020471357963282285
baseline_real_national_nonfood,13675.100270074257,nonfood,其他/未覆盖支出,nonfood,其他/未覆盖支出,True,0.833990234417316,0.833990234417316,in_support,-0.017497149139522827
baseline_real_national_nonfood,16192.97519710852,grain,粮食/主粮,grain,粮食/主粮,True,0.02373054744833503,0.02373054744833503,in_support,-0.000123828888661838
baseline_real_national_nonfood,16192.97519710852,grain,粮食/主粮,oil,食用油,False,0.02373054744833503,0.04418564116173141,in_support,1.3566339371329228e-10
baseline_real_national_nonfood,16192.97519710852,grain,粮食/主粮,vegfruit,蔬菜水果,False,0.02373054744833503,0.02340937075896162,in_support,2.1658475707342362e-10
baseline_real_national_nonfood,16192.97519710852,grain,粮食/主粮,pork,猪肉,False,0.02373054744833503,0.016289764424189463,in_support,1.708997580010356e-06
baseline_real_national_nonfood,16192.97519710852,grain,粮食/主粮,aquatic,水产品,False,0.02373054744833503,0.005965885821563077,in_support,1.193328572745428e-06
baseline_real_national_nonfood,16192.97519710852,grain,粮食/主粮,othermeat,其他肉类(牛羊禽),False,0.02373054744833503,0.021683974528395874,in_support,3.503045666042315e-10
baseline_real_national_nonfood,16192.97519710852,grain,粮食/主粮,dairyegg,奶蛋类,False,0.02373054744833503,0.00491214447019977,in_support,3.847575359493087e-07
baseline_real_national_nonfood,16192.97519710852,grain,粮食/主粮,nonfood,其他/未覆盖支出,False,0.02373054744833503,0.8598226713866239,in_support,0.00012054000356492844
baseline_real_national_nonfood,16192.97519710852,oil,食用油,grain,粮食/主粮,False,0.04418564116173141,0.02373054744833503,in_support,7.571134170991645e-11
baseline_real_national_nonfood,16192.97519710852,oil,食用油,oil,食用油,True,0.04418564116173141,0.04418564116173141,in_support,-2.7932347092776005e-05
baseline_real_national_nonfood,16192.97519710852,oil,食用油,vegfruit,蔬菜水果,False,0.04418564116173141,0.02340937075896162,in_support,3.6134168573953573e-12
baseline_real_national_nonfood,16192.97519710852,oil,食用油,pork,猪肉,False,0.04418564116173141,0.016289764424189463,in_support,3.854763074885581e-07
baseline_real_national_nonfood,16192.97519710852,oil,食用油,aquatic,水产品,False,0.04418564116173141,0.005965885821563077,in_support,2.691745122451565e-07
baseline_real_national_nonfood,16192.97519710852,oil,食用油,othermeat,其他肉类(牛羊禽),False,0.04418564116173141,0.021683974528395874,in_support,3.6822699403527004e-11
baseline_real_national_nonfood,16192.97519710852,oil,食用油,dairyegg,奶蛋类,False,0.04418564116173141,0.00491214447019977,in_support,8.678091509045811e-08
baseline_real_national_nonfood,16192.97519710852,oil,食用油,nonfood,其他/未覆盖支出,False,0.04418564116173141,0.8598226713866239,in_support,2.718968813525402e-05
baseline_real_national_nonfood,16192.97519710852,vegfruit,蔬菜水果,grain,粮食/主粮,False,0.02340937075896162,0.02373054744833503,in_support,5.387545062851551e-10
baseline_real_national_nonfood,16192.97519710852,vegfruit,蔬菜水果,oil,食用油,False,0.02340937075896162,0.04418564116173141,in_support,6.030017457581138e-10
baseline_real_national_nonfood,16192.97519710852,vegfruit,蔬菜水果,vegfruit,蔬菜水果,True,0.02340937075896162,0.02340937075896162,in_support,-5.851293660668125e-05
baseline_real_national_nonfood,16192.97519710852,vegfruit,蔬菜水果,pork,猪肉,False,0.02340937075896162,0.016289764424189463,in_support,8.077336669156526e-07
baseline_real_national_nonfood,16192.97519710852,vegfruit,蔬菜水果,aquatic,水产品,False,0.02340937075896162,0.005965885821563077,in_support,5.639392197534857e-07
baseline_real_national_nonfood,16192.97519710852,vegfruit,蔬菜水果,othermeat,其他肉类(牛羊禽),False,0.02340937075896162,0.021683974528395874,in_support,4.323174838949395e-10
baseline_real_national_nonfood,16192.97519710852,vegfruit,蔬菜水果,dairyegg,奶蛋类,False,0.02340937075896162,0.00491214447019977,in_support,1.8186379752279866e-07
baseline_real_national_nonfood,16192.97519710852,vegfruit,蔬菜水果,nonfood,其他/未覆盖支出,False,0.02340937075896162,0.8598226713866239,in_support,5.696751098371866e-05
baseline_real_national_nonfood,16192.97519710852,pork,猪肉,grain,粮食/主粮,False,0.016289764424189463,0.02373054744833503,in_support,2.4897447931469113e-06
baseline_real_national_nonfood,16192.97519710852,pork,猪肉,oil,食用油,False,0.016289764424189463,0.04418564116173141,in_support,1.0458089159219586e-06
baseline_real_national_nonfood,16192.97519710852,pork,猪肉,vegfruit,蔬菜水果,False,0.016289764424189463,0.02340937075896162,in_support,1.1605999173085885e-06
baseline_real_national_nonfood,16192.97519710852,pork,猪肉,pork,猪肉,True,0.016289764424189463,0.016289764424189463,in_support,-0.5122352974232345
baseline_real_national_nonfood,16192.97519710852,pork,猪肉,aquatic,水产品,False,0.016289764424189463,0.005965885821563077,in_support,0.005005461474999721
baseline_real_national_nonfood,16192.97519710852,pork,猪肉,othermeat,其他肉类(牛羊禽),False,0.016289764424189463,0.021683974528395874,in_support,1.7085386740424424e-06
baseline_real_national_nonfood,16192.97519710852,pork,猪肉,dairyegg,奶蛋类,False,0.016289764424189463,0.00491214447019977,in_support,0.001613911018872938
baseline_real_national_nonfood,16192.97519710852,pork,猪肉,nonfood,其他/未覆盖支出,False,0.016289764424189463,0.8598226713866239,in_support,0.5056095224438755
baseline_real_national_nonfood,16192.97519710852,aquatic,水产品,grain,粮食/主粮,False,0.005965885821563077,0.02373054744833503,in_support,4.747285577266086e-06
baseline_real_national_nonfood,16192.97519710852,aquatic,水产品,oil,食用油,False,0.005965885821563077,0.04418564116173141,in_support,1.994675123469236e-06
baseline_real_national_nonfood,16192.97519710852,aquatic,水产品,vegfruit,蔬菜水果,False,0.005965885821563077,0.02340937075896162,in_support,2.2131666887331702e-06
baseline_real_national_nonfood,16192.97519710852,aquatic,水产品,pork,猪肉,False,0.005965885821563077,0.016289764424189463,in_support,0.01366734003370556
baseline_real_national_nonfood,16192.97519710852,aquatic,水产品,aquatic,水产品,True,0.005965885821563077,0.005965885821563077,in_support,-0.9807373595889879
baseline_real_national_nonfood,16192.97519710852,aquatic,水产品,othermeat,其他肉类(牛羊禽),False,0.005965885821563077,0.021683974528395874,in_support,3.257825797228775e-06
baseline_real_national_nonfood,16192.97519710852,aquatic,水产品,dairyegg,奶蛋类,False,0.005965885821563077,0.00491214447019977,in_support,0.003077037064168413
baseline_real_national_nonfood,16192.97519710852,aquatic,水产品,nonfood,其他/未覆盖支出,False,0.005965885821563077,0.8598226713866239,in_support,0.9639807910445863
baseline_real_national_nonfood,16192.97519710852,othermeat,其他肉类(牛羊禽),grain,粮食/主粮,False,0.021683974528395874,0.02373054744833503,in_support,3.8808585338390156e-10
baseline_real_national_nonfood,16192.97519710852,othermeat,其他肉类(牛羊禽),oil,食用油,False,0.021683974528395874,0.04418564116173141,in_support,7.593412010287182e-11
baseline_real_national_nonfood,16192.97519710852,othermeat,其他肉类(牛羊禽),vegfruit,蔬菜水果,False,0.021683974528395874,0.02340937075896162,in_support,1.5004372397320331e-10
baseline_real_national_nonfood,16192.97519710852,othermeat,其他肉类(牛羊禽),pork,猪肉,False,0.021683974528395874,0.016289764424189463,in_support,1.2834366539720213e-06
baseline_real_national_nonfood,16192.97519710852,othermeat,其他肉类(牛羊禽),aquatic,水产品,False,0.021683974528395874,0.005965885821563077,in_support,8.961798670433646e-07
baseline_real_national_nonfood,16192.97519710852,othermeat,其他肉类(牛羊禽),othermeat,其他肉类(牛羊禽),True,0.021683974528395874,0.021683974528395874,in_support,-9.299461527607217e-05
baseline_real_national_nonfood,16192.97519710852,othermeat,其他肉类(牛羊禽),dairyegg,奶蛋类,False,0.021683974528395874,0.00491214447019977,in_support,2.889452374980634e-07
baseline_real_national_nonfood,16192.97519710852,othermeat,其他肉类(牛羊禽),nonfood,其他/未覆盖支出,False,0.021683974528395874,0.8598226713866239,in_support,9.052432948541966e-05
baseline_real_national_nonfood,16192.97519710852,dairyegg,奶蛋类,grain,粮食/主粮,False,0.00491214447019977,0.02373054744833503,in_support,1.859155401601198e-06
baseline_real_national_nonfood,16192.97519710852,dairyegg,奶蛋类,oil,食用油,False,0.00491214447019977,0.04418564116173141,in_support,7.813561777522682e-07
baseline_real_national_nonfood,16192.97519710852,dairyegg,奶蛋类,vegfruit,蔬菜水果,False,0.00491214447019977,0.02340937075896162,in_support,8.668000233795492e-07
baseline_real_national_nonfood,16192.97519710852,dairyegg,奶蛋类,pork,猪肉,False,0.00491214447019977,0.016289764424189463,in_support,0.00535208833946455
baseline_real_national_nonfood,16192.97519710852,dairyegg,奶蛋类,aquatic,水产品,False,0.00491214447019977,0.005965885821563077,in_support,0.003737115556544002
baseline_real_national_nonfood,16192.97519710852,dairyegg,奶蛋类,othermeat,其他肉类(牛羊禽),False,0.00491214447019977,0.021683974528395874,in_support,1.2758780731959851e-06
baseline_real_national_nonfood,16192.97519710852,dairyegg,奶蛋类,dairyegg,奶蛋类,True,0.00491214447019977,0.00491214447019977,in_support,-0.3865858877059737
baseline_real_national_nonfood,16192.97519710852,dairyegg,奶蛋类,nonfood,其他/未覆盖支出,False,0.00491214447019977,0.8598226713866239,in_support,0.3774919119205985
baseline_real_national_nonfood,16192.97519710852,nonfood,其他/未覆盖支出,grain,粮食/主粮,False,0.8598226713866239,0.02373054744833503,in_support,3.32697290531328e-06
baseline_real_national_nonfood,16192.97519710852,nonfood,其他/未覆盖支出,oil,食用油,False,0.8598226713866239,0.04418564116173141,in_support,1.3975354157327868e-06
baseline_real_national_nonfood,16192.97519710852,nonfood,其他/未覆盖支出,vegfruit,蔬菜水果,False,0.8598226713866239,0.02340937075896162,in_support,1.5508894661390993e-06
baseline_real_national_nonfood,16192.97519710852,nonfood,其他/未覆盖支出,pork,猪肉,False,0.8598226713866239,0.016289764424189463,in_support,0.009579021679278965
baseline_real_national_nonfood,16192.97519710852,nonfood,其他/未覆盖支出,aquatic,水产品,False,0.8598226713866239,0.005965885821563077,in_support,0.006688587567501784
baseline_real_national_nonfood,16192.97519710852,nonfood,其他/未覆盖支出,othermeat,其他肉类(牛羊禽),False,0.8598226713866239,0.021683974528395874,in_support,2.283079948390415e-06
baseline_real_national_nonfood,16192.97519710852,nonfood,其他/未覆盖支出,dairyegg,奶蛋类,False,0.8598226713866239,0.00491214447019977,in_support,0.0021566013956930527
baseline_real_national_nonfood,16192.97519710852,nonfood,其他/未覆盖支出,nonfood,其他/未覆盖支出,True,0.8598226713866239,0.8598226713866239,in_support,-0.01843276718463427
baseline_real_national_nonfood,18426.97608811655,grain,粮食/主粮,grain,粮食/主粮,True,0.019818764177791753,0.019818764177791753,in_support,-0.00015125911570054024
baseline_real_national_nonfood,18426.97608811655,grain,粮食/主粮,oil,食用油,False,0.019818764177791753,0.03695665218787256,in_support,2.1204815507658292e-10
baseline_real_national_nonfood,18426.97608811655,grain,粮食/主粮,vegfruit,蔬菜水果,False,0.019818764177791753,0.022302393170140513,in_support,2.6939574529483146e-10
baseline_real_national_nonfood,18426.97608811655,grain,粮食/主粮,pork,猪肉,False,0.019818764177791753,0.015173317358582732,in_support,1.94296132398266e-06
baseline_real_national_nonfood,18426.97608811655,grain,粮食/主粮,aquatic,水产品,False,0.019818764177791753,0.0060789216857121495,in_support,1.3566872873616714e-06
baseline_real_national_nonfood,18426.97608811655,grain,粮食/主粮,othermeat,其他肉类(牛羊禽),False,0.019818764177791753,0.018149504196315357,in_support,4.257550969763435e-10
baseline_real_national_nonfood,18426.97608811655,grain,粮食/主粮,dairyegg,奶蛋类,False,0.019818764177791753,0.004808521068656162,in_support,4.374317669503681e-07
baseline_real_national_nonfood,18426.97608811655,grain,粮食/主粮,nonfood,其他/未覆盖支出,False,0.019818764177791753,0.8767119261549288,in_support,0.00014752059752953794
baseline_real_national_nonfood,18426.97608811655,oil,食用油,grain,粮食/主粮,False,0.03695665218787256,0.019818764177791753,in_support,1.1231651025900291e-10
baseline_real_national_nonfood,18426.97608811655,oil,食用油,oil,食用油,True,0.03695665218787256,0.03695665218787256,in_support,-3.406932444381845e-05
baseline_real_national_nonfood,18426.97608811655,oil,食用油,vegfruit,蔬菜水果,False,0.03695665218787256,0.022302393170140513,in_support,2.658001943545152e-11
baseline_real_national_nonfood,18426.97608811655,oil,食用油,pork,猪肉,False,0.03695665218787256,0.015173317358582732,in_support,4.3761094743657164e-07
baseline_real_national_nonfood,18426.97608811655,oil,食用油,aquatic,水产品,False,0.03695665218787256,0.0060789216857121495,in_support,3.055720342814115e-07
baseline_real_national_nonfood,18426.97608811655,oil,食用油,othermeat,其他肉类(牛羊禽),False,0.03695665218787256,0.018149504196315357,in_support,6.8364637735574e-11
baseline_real_national_nonfood,18426.97608811655,oil,食用油,dairyegg,奶蛋类,False,0.03695665218787256,0.004808521068656162,in_support,9.852036908920662e-08
baseline_real_national_nonfood,18426.97608811655,oil,食用油,nonfood,其他/未覆盖支出,False,0.03695665218787256,0.8767119261549288,in_support,3.322686002021902e-05
baseline_real_national_nonfood,18426.97608811655,vegfruit,蔬菜水果,grain,粮食/主粮,False,0.022302393170140513,0.019818764177791753,in_support,4.2940281018422066e-10
baseline_real_national_nonfood,18426.97608811655,vegfruit,蔬菜水果,oil,食用油,False,0.022302393170140513,0.03695665218787256,in_support,3.940603537921916e-10
baseline_real_national_nonfood,18426.97608811655,vegfruit,蔬菜水果,vegfruit,蔬菜水果,True,0.022302393170140513,0.022302393170140513,in_support,-6.265551394389439e-05
baseline_real_national_nonfood,18426.97608811655,vegfruit,蔬菜水果,pork,猪肉,False,0.022302393170140513,0.015173317358582732,in_support,8.049320668473969e-07
baseline_real_national_nonfood,18426.97608811655,vegfruit,蔬菜水果,aquatic,水产品,False,0.022302393170140513,0.0060789216857121495,in_support,5.620151434055851e-07
baseline_real_national_nonfood,18426.97608811655,vegfruit,蔬菜水果,othermeat,其他肉类(牛羊禽),False,0.022302393170140513,0.018149504196315357,in_support,3.2845208844389795e-10
baseline_real_national_nonfood,18426.97608811655,vegfruit,蔬菜水果,dairyegg,奶蛋类,False,0.022302393170140513,0.004808521068656162,in_support,1.8123018756402778e-07
baseline_real_national_nonfood,18426.97608811655,vegfruit,蔬菜水果,nonfood,其他/未覆盖支出,False,0.022302393170140513,0.8767119261549288,in_support,6.111281969500837e-05
baseline_real_national_nonfood,18426.97608811655,pork,猪肉,grain,粮食/主粮,False,0.015173317358582732,0.019818764177791753,in_support,2.53789911339522e-06
baseline_real_national_nonfood,18426.97608811655,pork,猪肉,oil,食用油,False,0.015173317358582732,0.03695665218787256,in_support,1.0660200149628651e-06
baseline_real_national_nonfood,18426.97608811655,pork,猪肉,vegfruit,蔬菜水果,False,0.015173317358582732,0.022302393170140513,in_support,1.183045277786815e-06
baseline_real_national_nonfood,18426.97608811655,pork,猪肉,pork,猪肉,True,0.015173317358582732,0.015173317358582732,in_support,-0.5615558626005535
baseline_real_national_nonfood,18426.97608811655,pork,猪肉,aquatic,水产品,False,0.015173317358582732,0.0060789216857121495,in_support,0.0051023016022878715
baseline_real_national_nonfood,18426.97608811655,pork,猪肉,othermeat,其他肉类(牛羊禽),False,0.015173317358582732,0.018149504196315357,in_support,1.741583335840985e-06
baseline_real_national_nonfood,18426.97608811655,pork,猪肉,dairyegg,奶蛋类,False,0.015173317358582732,0.004808521068656162,in_support,0.0016451351798493865
baseline_real_national_nonfood,18426.97608811655,pork,猪肉,nonfood,其他/未覆盖支出,False,0.015173317358582732,0.8767119261549288,in_support,0.5548018995988402
baseline_real_national_nonfood,18426.97608811655,aquatic,水产品,grain,粮食/主粮,False,0.0060789216857121495,0.019818764177791753,in_support,4.423464063683241e-06
baseline_real_national_nonfood,18426.97608811655,aquatic,水产品,oil,食用油,False,0.0060789216857121495,0.03695665218787256,in_support,1.8583439834532478e-06
baseline_real_national_nonfood,18426.97608811655,aquatic,水产品,vegfruit,蔬菜水果,False,0.0060789216857121495,0.022302393170140513,in_support,2.0621506737726614e-06
baseline_real_national_nonfood,18426.97608811655,aquatic,水产品,pork,猪肉,False,0.0060789216857121495,0.015173317358582732,in_support,0.012735620990482937
baseline_real_national_nonfood,18426.97608811655,aquatic,水产品,aquatic,水产品,True,0.0060789216857121495,0.0060789216857121495,in_support,-0.9825668872497407
baseline_real_national_nonfood,18426.97608811655,aquatic,水产品,othermeat,其他肉类(牛羊禽),False,0.0060789216857121495,0.018149504196315357,in_support,3.0355633495737777e-06
baseline_real_national_nonfood,18426.97608811655,aquatic,水产品,dairyegg,奶蛋类,False,0.0060789216857121495,0.004808521068656162,in_support,0.0028672717356281368
baseline_real_national_nonfood,18426.97608811655,aquatic,水产品,nonfood,其他/未覆盖支出,False,0.0060789216857121495,0.8767119261549288,in_support,0.9669526303093118
baseline_real_national_nonfood,18426.97608811655,othermeat,其他肉类(牛羊禽),grain,粮食/主粮,False,0.018149504196315357,0.019818764177791753,in_support,4.655739118883395e-10
baseline_real_national_nonfood,18426.97608811655,othermeat,其他肉类(牛羊禽),oil,食用油,False,0.018149504196315357,0.03695665218787256,in_support,1.4232688812232386e-10
baseline_real_national_nonfood,18426.97608811655,othermeat,其他肉类(牛羊禽),vegfruit,蔬菜水果,False,0.018149504196315357,0.022302393170140513,in_support,1.911806251503334e-10
baseline_real_national_nonfood,18426.97608811655,othermeat,其他肉类(牛羊禽),pork,猪肉,False,0.018149504196315357,0.015173317358582732,in_support,1.455933427644239e-06
baseline_real_national_nonfood,18426.97608811655,othermeat,其他肉类(牛羊禽),aquatic,水产品,False,0.018149504196315357,0.0060789216857121495,in_support,1.016615859055544e-06
baseline_real_national_nonfood,18426.97608811655,othermeat,其他肉类(牛羊禽),othermeat,其他肉类(牛羊禽),True,0.018149504196315357,0.018149504196315357,in_support,-0.00011334444664473989
baseline_real_national_nonfood,18426.97608811655,othermeat,其他肉类(牛羊禽),dairyegg,奶蛋类,False,0.018149504196315357,0.004808521068656162,in_support,3.2778410005273456e-07
baseline_real_national_nonfood,18426.97608811655,othermeat,其他肉类(牛羊禽),nonfood,其他/未覆盖支出,False,0.018149504196315357,0.8767119261549288,in_support,0.00011054275153060678
baseline_real_national_nonfood,18426.97608811655,dairyegg,奶蛋类,grain,粮食/主粮,False,0.004808521068656162,0.019818764177791753,in_support,1.8031474499236727e-06
baseline_real_national_nonfood,18426.97608811655,dairyegg,奶蛋类,oil,食用油,False,0.004808521068656162,0.03695665218787256,in_support,7.576283268424799e-07
baseline_real_national_nonfood,18426.97608811655,dairyegg,奶蛋类,vegfruit,蔬菜水果,False,0.004808521068656162,0.022302393170140513,in_support,8.406483947946686e-07
baseline_real_national_nonfood,18426.97608811655,dairyegg,奶蛋类,pork,猪肉,False,0.004808521068656162,0.015173317358582732,in_support,0.005191234130279139
baseline_real_national_nonfood,18426.97608811655,dairyegg,奶蛋类,aquatic,水产品,False,0.004808521068656162,0.0060789216857121495,in_support,0.003624798537457509
baseline_real_national_nonfood,18426.97608811655,dairyegg,奶蛋类,othermeat,其他肉类(牛羊禽),False,0.004808521068656162,0.018149504196315357,in_support,1.2374130024632446e-06
baseline_real_national_nonfood,18426.97608811655,dairyegg,奶蛋类,dairyegg,奶蛋类,True,0.004808521068656162,0.004808521068656162,in_support,-0.40296536091409646
baseline_real_national_nonfood,18426.97608811655,dairyegg,奶蛋类,nonfood,其他/未覆盖支出,False,0.004808521068656162,0.8767119261549288,in_support,0.3941446968594265
baseline_real_national_nonfood,18426.97608811655,nonfood,其他/未覆盖支出,grain,粮食/主粮,False,0.8767119261549288,0.019818764177791753,in_support,3.334926725218068e-06
baseline_real_national_nonfood,18426.97608811655,nonfood,其他/未覆盖支出,oil,食用油,False,0.8767119261549288,0.03695665218787256,in_support,1.4008333261913974e-06
baseline_real_national_nonfood,18426.97608811655,nonfood,其他/未覆盖支出,vegfruit,蔬菜水果,False,0.8767119261549288,0.022302393170140513,in_support,1.5545962371646405e-06
baseline_real_national_nonfood,18426.97608811655,nonfood,其他/未覆盖支出,pork,猪肉,False,0.8767119261549288,0.015173317358582732,in_support,0.009601996997779822
baseline_real_national_nonfood,18426.97608811655,nonfood,其他/未覆盖支出,aquatic,水产品,False,0.8767119261549288,0.0060789216857121495,in_support,0.006704630176889508
baseline_real_national_nonfood,18426.97608811655,nonfood,其他/未覆盖支出,othermeat,其他肉类(牛羊禽),False,0.8767119261549288,0.018149504196315357,in_support,2.28852992632117e-06
baseline_real_national_nonfood,18426.97608811655,nonfood,其他/未覆盖支出,dairyegg,奶蛋类,False,0.8767119261549288,0.004808521068656162,in_support,0.0021617740126117814
baseline_real_national_nonfood,18426.97608811655,nonfood,其他/未覆盖支出,nonfood,其他/未覆盖支出,True,0.8767119261549288,0.8767119261549288,in_support,-0.018476978500721386
baseline_real_national_nonfood,20000.0,grain,粮食/主粮,grain,粮食/主粮,True,0.01768820089746039,0.01768820089746039,in_support,-0.00016936244617082787
baseline_real_national_nonfood,20000.0,grain,粮食/主粮,oil,食用油,False,0.01768820089746039,0.03301549244935742,in_support,2.4524533619174615e-10
baseline_real_national_nonfood,20000.0,grain,粮食/主粮,vegfruit,蔬菜水果,False,0.01768820089746039,0.021504815732555166,in_support,2.983056596878031e-10
baseline_real_national_nonfood,20000.0,grain,粮食/主粮,pork,猪肉,False,0.01768820089746039,0.014466180850461469,in_support,2.073925734536776e-06
baseline_real_national_nonfood,20000.0,grain,粮食/主粮,aquatic,水产品,False,0.01768820089746039,0.006071244025816465,in_support,1.448133110492928e-06
baseline_real_national_nonfood,20000.0,grain,粮食/主粮,othermeat,其他肉类(牛羊禽),False,0.01768820089746039,0.01622161838903045,in_support,4.672427037291649e-10
baseline_real_national_nonfood,20000.0,grain,粮食/主粮,dairyegg,奶蛋类,False,0.01768820089746039,0.004704816207503241,in_support,4.6691465587140636e-07
baseline_real_national_nonfood,20000.0,grain,粮食/主粮,nonfood,其他/未覆盖支出,False,0.01768820089746039,0.8863276314478153,in_support,0.0001653721744263037
baseline_real_national_nonfood,20000.0,oil,食用油,grain,粮食/主粮,False,0.03301549244935742,0.01768820089746039,in_support,1.308393038010336e-10
baseline_real_national_nonfood,20000.0,oil,食用油,oil,食用油,True,0.03301549244935742,0.03301549244935742,in_support,-3.811015786213748e-05
baseline_real_national_nonfood,20000.0,oil,食用油,vegfruit,蔬菜水果,False,0.03301549244935742,0.021504815732555166,in_support,3.805012555035958e-11
baseline_real_national_nonfood,20000.0,oil,食用油,pork,猪肉,False,0.03301549244935742,0.014466180850461469,in_support,4.6666534173067653e-07
baseline_real_national_nonfood,20000.0,oil,食用油,aquatic,水产品,False,0.03301549244935742,0.006071244025816465,in_support,3.258582928623681e-07
baseline_real_national_nonfood,20000.0,oil,食用油,othermeat,其他肉类(牛羊禽),False,0.03301549244935742,0.01622161838903045,in_support,8.350970349263465e-11
baseline_real_national_nonfood,20000.0,oil,食用油,dairyegg,奶蛋类,False,0.03301549244935742,0.004704816207503241,in_support,1.050601472643662e-07
baseline_real_national_nonfood,20000.0,oil,食用油,nonfood,其他/未覆盖支出,False,0.03301549244935742,0.8863276314478153,in_support,3.721199658324181e-05
baseline_real_national_nonfood,20000.0,vegfruit,蔬菜水果,grain,粮食/主粮,False,0.021504815732555166,0.01768820089746039,in_support,3.852647159630074e-10
baseline_real_national_nonfood,20000.0,vegfruit,蔬菜水果,oil,食用油,False,0.021504815732555166,0.03301549244935742,in_support,3.2042832623369044e-10
baseline_real_national_nonfood,20000.0,vegfruit,蔬菜水果,vegfruit,蔬菜水果,True,0.021504815732555166,0.021504815732555166,in_support,-6.493486896985874e-05
baseline_real_national_nonfood,20000.0,vegfruit,蔬菜水果,pork,猪肉,False,0.021504815732555166,0.014466180850461469,in_support,7.9523842614216e-07
baseline_real_national_nonfood,20000.0,vegfruit,蔬菜水果,aquatic,水产品,False,0.021504815732555166,0.006071244025816465,in_support,5.552566915848281e-07
baseline_real_national_nonfood,20000.0,vegfruit,蔬菜水果,othermeat,其他肉类(牛羊禽),False,0.021504815732555166,0.01622161838903045,in_support,2.888504904013933e-10
baseline_real_national_nonfood,20000.0,vegfruit,蔬菜水果,dairyegg,奶蛋类,False,0.021504815732555166,0.004704816207503241,in_support,1.7905079900118123e-07
baseline_real_national_nonfood,20000.0,vegfruit,蔬菜水果,nonfood,其他/未覆盖支出,False,0.021504815732555166,0.8863276314478153,in_support,6.34097641679654e-05
baseline_real_national_nonfood,20000.0,pork,猪肉,grain,粮食/主粮,False,0.014466180850461469,0.01768820089746039,in_support,2.5359166194562424e-06
baseline_real_national_nonfood,20000.0,pork,猪肉,oil,食用油,False,0.014466180850461469,0.03301549244935742,in_support,1.0651764011538473e-06
baseline_real_national_nonfood,20000.0,pork,猪肉,vegfruit,蔬菜水果,False,0.014466180850461469,0.021504815732555166,in_support,1.182121851649176e-06
baseline_real_national_nonfood,20000.0,pork,猪肉,pork,猪肉,True,0.014466180850461469,0.014466180850461469,in_support,-0.588960304570603
baseline_real_national_nonfood,20000.0,pork,猪肉,aquatic,水产品,False,0.014466180850461469,0.006071244025816465,in_support,0.005098323133383094
baseline_real_national_nonfood,20000.0,pork,猪肉,othermeat,其他肉类(牛羊禽),False,0.014466180850461469,0.01622161838903045,in_support,1.74022046735018e-06
baseline_real_national_nonfood,20000.0,pork,猪肉,dairyegg,奶蛋类,False,0.014466180850461469,0.004704816207503241,in_support,0.0016438524024197701
baseline_real_national_nonfood,20000.0,pork,猪肉,nonfood,其他/未覆盖支出,False,0.014466180850461469,0.8863276314478153,in_support,0.5822116079606163
baseline_real_national_nonfood,20000.0,aquatic,水产品,grain,粮食/主粮,False,0.006071244025816465,0.01768820089746039,in_support,4.219287122846083e-06
baseline_real_national_nonfood,20000.0,aquatic,水产品,oil,食用油,False,0.006071244025816465,0.03301549244935742,in_support,1.7724620701188576e-06
baseline_real_national_nonfood,20000.0,aquatic,水产品,vegfruit,蔬菜水果,False,0.006071244025816465,0.021504815732555166,in_support,1.966938892518366e-06
baseline_real_national_nonfood,20000.0,aquatic,水产品,pork,猪肉,False,0.006071244025816465,0.014466180850461469,in_support,0.012147965890881417
baseline_real_national_nonfood,20000.0,aquatic,水产品,aquatic,水产品,True,0.006071244025816465,0.006071244025816465,in_support,-0.9835514573680386
baseline_real_national_nonfood,20000.0,aquatic,水产品,othermeat,其他肉类(牛羊禽),False,0.006071244025816465,0.01622161838903045,in_support,2.8954374183404186e-06
baseline_real_national_nonfood,20000.0,aquatic,水产品,dairyegg,奶蛋类,False,0.006071244025816465,0.004704816207503241,in_support,0.0027349682615738545
baseline_real_national_nonfood,20000.0,aquatic,水产品,nonfood,其他/未覆盖支出,False,0.006071244025816465,0.8863276314478153,in_support,0.9686576818922887
baseline_real_national_nonfood,20000.0,othermeat,其他肉类(牛羊禽),grain,粮食/主粮,False,0.01622161838903045,0.01768820089746039,in_support,5.078947869913142e-10
baseline_real_national_nonfood,20000.0,othermeat,其他肉类(牛羊禽),oil,食用油,False,0.01622161838903045,0.03301549244935742,in_support,1.7079341933790015e-10
baseline_real_national_nonfood,20000.0,othermeat,其他肉类(牛羊禽),vegfruit,蔬菜水果,False,0.01622161838903045,0.021504815732555166,in_support,2.1489673061869663e-10
baseline_real_national_nonfood,20000.0,othermeat,其他肉类(牛羊禽),pork,猪肉,False,0.01622161838903045,0.014466180850461469,in_support,1.5518435316601298e-06
baseline_real_national_nonfood,20000.0,othermeat,其他肉类(牛羊禽),aquatic,水产品,False,0.01622161838903045,0.006071244025816465,in_support,1.0835868985495378e-06
baseline_real_national_nonfood,20000.0,othermeat,其他肉类(牛羊禽),othermeat,其他肉类(牛羊禽),True,0.01622161838903045,0.01622161838903045,in_support,-0.00012672825373777862
baseline_real_national_nonfood,20000.0,othermeat,其他肉类(牛羊禽),dairyegg,奶蛋类,False,0.01622161838903045,0.004704816207503241,in_support,3.493757627837015e-07
baseline_real_national_nonfood,20000.0,othermeat,其他肉类(牛羊禽),nonfood,其他/未覆盖支出,False,0.01622161838903045,0.8863276314478153,in_support,0.00012374221780858674
baseline_real_national_nonfood,20000.0,dairyegg,奶蛋类,grain,粮食/主粮,False,0.004704816207503241,0.01768820089746039,in_support,1.7555920475767484e-06
baseline_real_national_nonfood,20000.0,dairyegg,奶蛋类,oil,食用油,False,0.004704816207503241,0.03301549244935742,in_support,7.375783420589255e-07
baseline_real_national_nonfood,20000.0,dairyegg,奶蛋类,vegfruit,蔬菜水果,False,0.004704816207503241,0.021504815732555166,in_support,8.184590724446411e-07
baseline_real_national_nonfood,20000.0,dairyegg,奶蛋类,pork,猪肉,False,0.004704816207503241,0.014466180850461469,in_support,0.005054451744596383
baseline_real_national_nonfood,20000.0,dairyegg,奶蛋类,aquatic,水产品,False,0.004704816207503241,0.006071244025816465,in_support,0.0035292897409270087
baseline_real_national_nonfood,20000.0,dairyegg,奶蛋类,othermeat,其他肉类(牛羊禽),False,0.004704816207503241,0.01622161838903045,in_support,1.2047648841016778e-06
baseline_real_national_nonfood,20000.0,dairyegg,奶蛋类,dairyegg,奶蛋类,True,0.004704816207503241,0.004704816207503241,in_support,-0.41162144597213407
baseline_real_national_nonfood,20000.0,dairyegg,奶蛋类,nonfood,其他/未覆盖支出,False,0.004704816207503241,0.8863276314478153,in_support,0.40303319396758686
baseline_real_national_nonfood,20000.0,nonfood,其他/未覆盖支出,grain,粮食/主粮,False,0.8863276314478153,0.01768820089746039,in_support,3.300377960438472e-06
baseline_real_national_nonfood,20000.0,nonfood,其他/未覆盖支出,oil,食用油,False,0.8863276314478153,0.03301549244935742,in_support,1.3863027258503857e-06
baseline_real_national_nonfood,20000.0,nonfood,其他/未覆盖支出,vegfruit,蔬菜水果,False,0.8863276314478153,0.021504815732555166,in_support,1.5384886248512308e-06
baseline_real_national_nonfood,20000.0,nonfood,其他/未覆盖支出,pork,猪肉,False,0.8863276314478153,0.014466180850461469,in_support,0.009502556507555441
baseline_real_national_nonfood,20000.0,nonfood,其他/未覆盖支出,aquatic,水产品,False,0.8863276314478153,0.006071244025816465,in_support,0.006635195488887898
baseline_real_national_nonfood,20000.0,nonfood,其他/未覆盖支出,othermeat,其他肉类(牛羊禽),False,0.8863276314478153,0.01622161838903045,in_support,2.2648200260280693e-06
baseline_real_national_nonfood,20000.0,nonfood,其他/未覆盖支出,dairyegg,奶蛋类,False,0.8863276314478153,0.004704816207503241,in_support,0.002139386180332432
baseline_real_national_nonfood,20000.0,nonfood,其他/未覆盖支出,nonfood,其他/未覆盖支出,True,0.8863276314478153,0.8863276314478153,in_support,-0.018285626762141294
baseline_real_national_nonfood,22607.006571186335,grain,粮食/主粮,grain,粮食/主粮,True,0.014925525046033533,0.014925525046033533,in_support,-0.0001974507862716919
baseline_real_national_nonfood,22607.006571186335,grain,粮食/主粮,oil,食用油,False,0.014925525046033533,0.02790034284325173,in_support,2.8261408317742376e-10
baseline_real_national_nonfood,22607.006571186335,grain,粮食/主粮,vegfruit,蔬菜水果,False,0.014925525046033533,0.020234225159870403,in_support,3.3523935710766395e-10
baseline_real_national_nonfood,22607.006571186335,grain,粮食/主粮,pork,猪肉,False,0.014925525046033533,0.01341649621505181,in_support,2.243346748582835e-06
baseline_real_national_nonfood,22607.006571186335,grain,粮食/主粮,aquatic,水产品,False,0.014925525046033533,0.005968505619157443,in_support,1.5664259104255715e-06
baseline_real_national_nonfood,22607.006571186335,grain,粮食/主粮,othermeat,其他肉类(牛羊禽),False,0.014925525046033533,0.013718319970264646,in_support,5.147141766623231e-10
baseline_real_national_nonfood,22607.006571186335,grain,粮食/主粮,dairyegg,奶蛋类,False,0.014925525046033533,0.004510141990494417,in_support,5.050581869893347e-07
baseline_real_national_nonfood,22607.006571186335,grain,粮食/主粮,nonfood,其他/未覆盖支出,False,0.014925525046033533,0.8993264431558758,in_support,0.000193134770301584
baseline_real_national_nonfood,22607.006571186335,oil,食用油,grain,粮食/主粮,False,0.02790034284325173,0.014925525046033533,in_support,1.4972520012007662e-10
baseline_real_national_nonfood,22607.006571186335,oil,食用油,oil,食用油,True,0.02790034284325173,0.02790034284325173,in_support,-4.436458504430453e-05
baseline_real_national_nonfood,22607.006571186335,oil,食用油,vegfruit,蔬菜水果,False,0.02790034284325173,0.020234225159870403,in_support,5.169808851845925e-11
baseline_real_national_nonfood,22607.006571186335,oil,食用油,pork,猪肉,False,0.02790034284325173,0.01341649621505181,in_support,5.040408015436967e-07
baseline_real_national_nonfood,22607.006571186335,oil,食用油,aquatic,水产品,False,0.02790034284325173,0.005968505619157443,in_support,3.51949423413149e-07
baseline_real_national_nonfood,22607.006571186335,oil,食用油,othermeat,其他肉类(牛羊禽),False,0.02790034284325173,0.013718319970264646,in_support,9.984816792818485e-11
baseline_real_national_nonfood,22607.006571186335,oil,食用油,dairyegg,奶蛋类,False,0.02790034284325173,0.004510141990494417,in_support,1.1347668529750748e-07
baseline_real_national_nonfood,22607.006571186335,oil,食用油,nonfood,其他/未覆盖支出,False,0.02790034284325173,0.8993264431558758,in_support,4.3394719336731225e-05
baseline_real_national_nonfood,22607.006571186335,vegfruit,蔬菜水果,grain,粮食/主粮,False,0.020234225159870403,0.014925525046033533,in_support,3.430354394637347e-10
baseline_real_national_nonfood,22607.006571186335,vegfruit,蔬菜水果,oil,食用油,False,0.020234225159870403,0.02790034284325173,in_support,2.493651205665026e-10
baseline_real_national_nonfood,22607.006571186335,vegfruit,蔬菜水果,vegfruit,蔬菜水果,True,0.020234225159870403,0.020234225159870403,in_support,-6.78914453550606e-05
baseline_real_national_nonfood,22607.006571186335,vegfruit,蔬菜水果,pork,猪肉,False,0.020234225159870403,0.01341649621505181,in_support,7.714060413430146e-07
baseline_real_national_nonfood,22607.006571186335,vegfruit,蔬菜水果,aquatic,水产品,False,0.020234225159870403,0.005968505619157443,in_support,5.386239918768465e-07
baseline_real_national_nonfood,22607.006571186335,vegfruit,蔬菜水果,othermeat,其他肉类(牛羊禽),False,0.020234225159870403,0.013718319970264646,in_support,2.4889240148040503e-10
baseline_real_national_nonfood,22607.006571186335,vegfruit,蔬菜水果,dairyegg,奶蛋类,False,0.020234225159870403,0.004510141990494417,in_support,1.7368270194880603e-07
baseline_real_national_nonfood,22607.006571186335,vegfruit,蔬菜水果,nonfood,其他/未覆盖支出,False,0.020234225159870403,0.8993264431558758,in_support,6.641110773192294e-05
baseline_real_national_nonfood,22607.006571186335,pork,猪肉,grain,粮食/主粮,False,0.01341649621505181,0.014925525046033533,in_support,2.495718177098448e-06
baseline_real_national_nonfood,22607.006571186335,pork,猪肉,oil,食用油,False,0.01341649621505181,0.02790034284325173,in_support,1.0482809518295305e-06
baseline_real_national_nonfood,22607.006571186335,pork,猪肉,vegfruit,蔬菜水果,False,0.01341649621505181,0.020234225159870403,in_support,1.1633881552208444e-06
baseline_real_national_nonfood,22607.006571186335,pork,猪肉,pork,猪肉,True,0.01341649621505181,0.01341649621505181,in_support,-0.6252833827401355
baseline_real_national_nonfood,22607.006571186335,pork,猪肉,aquatic,水产品,False,0.01341649621505181,0.005968505619157443,in_support,0.005017531913554096
baseline_real_national_nonfood,22607.006571186335,pork,猪肉,othermeat,其他肉类(牛羊禽),False,0.01341649621505181,0.013718319970264646,in_support,1.712635954681345e-06
baseline_real_national_nonfood,22607.006571186335,pork,猪肉,dairyegg,奶蛋类,False,0.01341649621505181,0.004510141990494417,in_support,0.0016178028896006126
baseline_real_national_nonfood,22607.006571186335,pork,猪肉,nonfood,其他/未覆盖支出,False,0.01341649621505181,0.8993264431558758,in_support,0.6186416302423214
baseline_real_national_nonfood,22607.006571186335,aquatic,水产品,grain,粮食/主粮,False,0.005968505619157443,0.014925525046033533,in_support,3.917351651094511e-06
baseline_real_national_nonfood,22607.006571186335,aquatic,水产品,oil,食用油,False,0.005968505619157443,0.02790034284325173,in_support,1.6455354878465445e-06
baseline_real_national_nonfood,22607.006571186335,aquatic,水产品,vegfruit,蔬菜水果,False,0.005968505619157443,0.020234225159870403,in_support,1.826158219083579e-06
baseline_real_national_nonfood,22607.006571186335,aquatic,水产品,pork,猪肉,False,0.005968505619157443,0.01341649621505181,in_support,0.011278819663703617
baseline_real_national_nonfood,22607.006571186335,aquatic,水产品,aquatic,水产品,True,0.005968505619157443,0.005968505619157443,in_support,-0.9848431174494044
baseline_real_national_nonfood,22607.006571186335,aquatic,水产品,othermeat,其他肉类(牛羊禽),False,0.005968505619157443,0.013718319970264646,in_support,2.6882176338369895e-06
baseline_real_national_nonfood,22607.006571186335,aquatic,水产品,dairyegg,奶蛋类,False,0.005968505619157443,0.004510141990494417,in_support,0.002539290447291783
baseline_real_national_nonfood,22607.006571186335,aquatic,水产品,nonfood,其他/未覆盖支出,False,0.005968505619157443,0.8993264431558758,in_support,0.9710149402448962
baseline_real_national_nonfood,22607.006571186335,othermeat,其他肉类(牛羊禽),grain,粮食/主粮,False,0.013718319970264646,0.014925525046033533,in_support,5.605231695460233e-10
baseline_real_national_nonfood,22607.006571186335,othermeat,其他肉类(牛羊禽),oil,食用油,False,0.013718319970264646,0.02790034284325173,in_support,2.0114733663423312e-10
baseline_real_national_nonfood,22607.006571186335,othermeat,其他肉类(牛羊禽),vegfruit,蔬菜水果,False,0.013718319970264646,0.020234225159870403,in_support,2.4412508646542985e-10
baseline_real_national_nonfood,22607.006571186335,othermeat,其他肉类(牛羊禽),pork,猪肉,False,0.013718319970264646,0.01341649621505181,in_support,1.6749061840203028e-06
baseline_real_national_nonfood,22607.006571186335,othermeat,其他肉类(牛羊禽),aquatic,水产品,False,0.013718319970264646,0.005968505619157443,in_support,1.169512674942079e-06
baseline_real_national_nonfood,22607.006571186335,othermeat,其他肉类(牛羊禽),othermeat,其他肉类(牛羊禽),True,0.013718319970264646,0.013718319970264646,in_support,-0.0001474193055830183
baseline_real_national_nonfood,22607.006571186335,othermeat,其他肉类(牛羊禽),dairyegg,奶蛋类,False,0.013718319970264646,0.004510141990494417,in_support,3.7708022336958684e-07
baseline_real_national_nonfood,22607.006571186335,othermeat,其他肉类(牛羊禽),nonfood,其他/未覆盖支出,False,0.013718319970264646,0.8993264431558758,in_support,0.00014419668985415912
baseline_real_national_nonfood,22607.006571186335,dairyegg,奶蛋类,grain,粮食/主粮,False,0.004510141990494417,0.014925525046033533,in_support,1.6715242424237414e-06
baseline_real_national_nonfood,22607.006571186335,dairyegg,奶蛋类,oil,食用油,False,0.004510141990494417,0.02790034284325173,in_support,7.022004002467386e-07
baseline_real_national_nonfood,22607.006571186335,dairyegg,奶蛋类,vegfruit,蔬菜水果,False,0.004510141990494417,0.020234225159870403,in_support,7.792494862678134e-07
baseline_real_national_nonfood,22607.006571186335,dairyegg,奶蛋类,pork,猪肉,False,0.004510141990494417,0.01341649621505181,in_support,0.0048125417303658685
baseline_real_national_nonfood,22607.006571186335,dairyegg,奶蛋类,aquatic,水产品,False,0.004510141990494417,0.005968505619157443,in_support,0.0033603751821625516
baseline_real_national_nonfood,22607.006571186335,dairyegg,奶蛋类,othermeat,其他肉类(牛羊禽),False,0.004510141990494417,0.013718319970264646,in_support,1.14706429514555e-06
baseline_real_national_nonfood,22607.006571186335,dairyegg,奶蛋类,dairyegg,奶蛋类,True,0.004510141990494417,0.004510141990494417,in_support,-0.4224980412307749
baseline_real_national_nonfood,22607.006571186335,dairyegg,奶蛋类,nonfood,其他/未覆盖支出,False,0.004510141990494417,0.8993264431558758,in_support,0.4143208284880209
baseline_real_national_nonfood,22607.006571186335,nonfood,其他/未覆盖支出,grain,粮食/主粮,False,0.8993264431558758,0.014925525046033533,in_support,3.2053990502677043e-06
baseline_real_national_nonfood,22607.006571186335,nonfood,其他/未覆盖支出,oil,食用油,False,0.8993264431558758,0.02790034284325173,in_support,1.3463881565339841e-06
baseline_real_national_nonfood,22607.006571186335,nonfood,其他/未覆盖支出,vegfruit,蔬菜水果,False,0.8993264431558758,0.020234225159870403,in_support,1.4942116734681377e-06
baseline_real_national_nonfood,22607.006571186335,nonfood,其他/未覆盖支出,pork,猪肉,False,0.8993264431558758,0.01341649621505181,in_support,0.009229132694329113
baseline_real_national_nonfood,22607.006571186335,nonfood,其他/未覆盖支出,aquatic,水产品,False,0.8993264431558758,0.005968505619157443,in_support,0.006444276295542107
baseline_real_national_nonfood,22607.006571186335,nonfood,其他/未覆盖支出,othermeat,其他肉类(牛羊禽),False,0.8993264431558758,0.013718319970264646,in_support,2.1996395772379967e-06
baseline_real_national_nonfood,22607.006571186335,nonfood,其他/未覆盖支出,dairyegg,奶蛋类,False,0.8993264431558758,0.004510141990494417,in_support,0.0020778281020209077
baseline_real_national_nonfood,22607.006571186335,nonfood,其他/未覆盖支出,nonfood,其他/未覆盖支出,True,0.8993264431558758,0.8993264431558758,in_support,-0.017759481549474376
baseline_real_national_nonfood,30000.0,grain,粮食/主粮,grain,粮食/主粮,True,0.010082691953723367,0.010082691953723367,in_support,-0.00026671801119287214
baseline_real_national_nonfood,30000.0,grain,粮食/主粮,oil,食用油,False,0.010082691953723367,0.018917658331255846,in_support,3.451862025383168e-10
baseline_real_national_nonfood,30000.0,grain,粮食/主粮,vegfruit,蔬菜水果,False,0.010082691953723367,0.01719619117808182,in_support,3.8589562621760276e-10
baseline_real_national_nonfood,30000.0,grain,粮食/主粮,pork,猪肉,False,0.010082691953723367,0.01107867984768186,in_support,2.510173542039952e-06
baseline_real_national_nonfood,30000.0,grain,粮食/主粮,aquatic,水产品,False,0.010082691953723367,0.005440526595161094,in_support,1.7527400470659926e-06
baseline_real_national_nonfood,30000.0,grain,粮食/主粮,othermeat,其他肉类(牛羊禽),False,0.010082691953723367,0.009318394551262241,in_support,5.878616074830867e-10
baseline_real_national_nonfood,30000.0,grain,粮食/主粮,dairyegg,奶蛋类,False,0.010082691953723367,0.00395284631629444,in_support,5.651328448237972e-07
baseline_real_national_nonfood,30000.0,grain,粮食/主粮,nonfood,其他/未覆盖支出,False,0.010082691953723367,0.9240130112265396,in_support,0.00026188890018952193
baseline_real_national_nonfood,30000.0,oil,食用油,grain,粮食/主粮,False,0.018917658331255846,0.010082691953723367,in_support,1.832584483468791e-10
baseline_real_national_nonfood,30000.0,oil,食用油,oil,食用油,True,0.018917658331255846,0.018917658331255846,in_support,-5.9706075081377395e-05
baseline_real_national_nonfood,30000.0,oil,食用油,vegfruit,蔬菜水果,False,0.018917658331255846,0.01719619117808182,in_support,7.087646268499892e-11
baseline_real_national_nonfood,30000.0,oil,食用油,pork,猪肉,False,0.018917658331255846,0.01107867984768186,in_support,5.619110875860686e-07
baseline_real_national_nonfood,30000.0,oil,食用油,aquatic,水产品,False,0.018917658331255846,0.005440526595161094,in_support,3.923575186909681e-07
baseline_real_national_nonfood,30000.0,oil,食用油,othermeat,其他肉类(牛羊禽),False,0.018917658331255846,0.009318394551262241,in_support,1.218781139379621e-10
baseline_real_national_nonfood,30000.0,oil,食用油,dairyegg,奶蛋类,False,0.018917658331255846,0.00395284631629444,in_support,1.2650553711849276e-07
baseline_real_national_nonfood,30000.0,oil,食用油,nonfood,其他/未覆盖支出,False,0.018917658331255846,0.9240130112265396,in_support,5.862512045301527e-05
baseline_real_national_nonfood,30000.0,vegfruit,蔬菜水果,grain,粮食/主粮,False,0.01719619117808182,0.010082691953723367,in_support,2.691309466951175e-10
baseline_real_national_nonfood,30000.0,vegfruit,蔬菜水果,oil,食用油,False,0.01719619117808182,0.018917658331255846,in_support,1.5982654436030863e-10
baseline_real_national_nonfood,30000.0,vegfruit,蔬菜水果,vegfruit,蔬菜水果,True,0.01719619117808182,0.01719619117808182,in_support,-7.28970391727559e-05
baseline_real_national_nonfood,30000.0,vegfruit,蔬菜水果,pork,猪肉,False,0.01719619117808182,0.01107867984768186,in_support,6.860835235246443e-07
baseline_real_national_nonfood,30000.0,vegfruit,蔬菜水果,aquatic,水产品,False,0.01719619117808182,0.005440526595161094,in_support,4.790537968396569e-07
baseline_real_national_nonfood,30000.0,vegfruit,蔬菜水果,othermeat,其他肉类(牛羊禽),False,0.01719619117808182,0.009318394551262241,in_support,1.9352913195602728e-10
baseline_real_national_nonfood,30000.0,vegfruit,蔬菜水果,dairyegg,奶蛋类,False,0.01719619117808182,0.00395284631629444,in_support,1.544671525081226e-07
baseline_real_national_nonfood,30000.0,vegfruit,蔬菜水果,nonfood,其他/未覆盖支出,False,0.01719619117808182,0.9240130112265396,in_support,7.157950104180744e-05
baseline_real_national_nonfood,30000.0,pork,猪肉,grain,粮食/主粮,False,0.01107867984768186,0.010082691953723367,in_support,2.284535007980159e-06
baseline_real_national_nonfood,30000.0,pork,猪肉,oil,食用油,False,0.01107867984768186,0.018917658331255846,in_support,9.595592853298834e-07
baseline_real_national_nonfood,30000.0,pork,猪肉,vegfruit,蔬菜水果,False,0.01107867984768186,0.01719619117808182,in_support,1.0649385917983062e-06
baseline_real_national_nonfood,30000.0,pork,猪肉,pork,猪肉,True,0.01107867984768186,0.01107867984768186,in_support,-0.6923472098946215
baseline_real_national_nonfood,30000.0,pork,猪肉,aquatic,水产品,False,0.01107867984768186,0.005440526595161094,in_support,0.004592978405690458
baseline_real_national_nonfood,30000.0,pork,猪肉,othermeat,其他肉类(牛羊禽),False,0.01107867984768186,0.009318394551262241,in_support,1.5677125558511903e-06
baseline_real_national_nonfood,30000.0,pork,猪肉,dairyegg,奶蛋类,False,0.01107867984768186,0.00395284631629444,in_support,0.0014809140914031544
baseline_real_national_nonfood,30000.0,pork,猪肉,nonfood,其他/未覆盖支出,False,0.01107867984768186,0.9240130112265396,in_support,0.6862674427728257
baseline_real_national_nonfood,30000.0,aquatic,水产品,grain,粮食/主粮,False,0.005440526595161094,0.010082691953723367,in_support,3.24834434739258e-06
baseline_real_national_nonfood,30000.0,aquatic,水产品,oil,食用油,False,0.005440526595161094,0.018917658331255846,in_support,1.3644233629039881e-06
baseline_real_national_nonfood,30000.0,aquatic,水产品,vegfruit,蔬菜水果,False,0.005440526595161094,0.01719619117808182,in_support,1.5142545529960721e-06
baseline_real_national_nonfood,30000.0,aquatic,水产品,pork,猪肉,False,0.005440526595161094,0.01107867984768186,in_support,0.009352796392426666
baseline_real_national_nonfood,30000.0,aquatic,水产品,aquatic,水产品,True,0.005440526595161094,0.005440526595161094,in_support,-0.9872509100129552
baseline_real_national_nonfood,30000.0,aquatic,水产品,othermeat,其他肉类(牛羊禽),False,0.005440526595161094,0.009318394551262241,in_support,2.229111232131438e-06
baseline_real_national_nonfood,30000.0,aquatic,水产品,dairyegg,奶蛋类,False,0.005440526595161094,0.00395284631629444,in_support,0.0021056694934999108
baseline_real_national_nonfood,30000.0,aquatic,水产品,nonfood,其他/未覆盖支出,False,0.005440526595161094,0.9240130112265396,in_support,0.9757840946681723
baseline_real_national_nonfood,30000.0,othermeat,其他肉类(牛羊禽),grain,粮食/主粮,False,0.009318394551262241,0.010082691953723367,in_support,6.334553771282503e-10
baseline_real_national_nonfood,30000.0,othermeat,其他肉类(牛羊禽),oil,食用油,False,0.009318394551262241,0.018917658331255846,in_support,2.5116243286549267e-10
baseline_real_national_nonfood,30000.0,othermeat,其他肉类(牛羊禽),vegfruit,蔬菜水果,False,0.009318394551262241,0.01719619117808182,in_support,2.8094905742126475e-10
baseline_real_national_nonfood,30000.0,othermeat,其他肉类(牛羊禽),pork,猪肉,False,0.009318394551262241,0.01107867984768186,in_support,1.8638261143283721e-06
baseline_real_national_nonfood,30000.0,othermeat,其他肉类(牛羊禽),aquatic,水产品,False,0.009318394551262241,0.005440526595161094,in_support,1.301425077337038e-06
baseline_real_national_nonfood,30000.0,othermeat,其他肉类(牛羊禽),othermeat,其他肉类(牛羊禽),True,0.009318394551262241,0.009318394551262241,in_support,-0.00019804070089323366
baseline_real_national_nonfood,30000.0,othermeat,其他肉类(牛羊禽),dairyegg,奶蛋类,False,0.009318394551262241,0.00395284631629444,in_support,4.1961633882587994e-07
baseline_real_national_nonfood,30000.0,othermeat,其他肉类(牛羊禽),nonfood,其他/未覆盖支出,False,0.009318394551262241,0.9240130112265396,in_support,0.00019445483667684949
baseline_real_national_nonfood,30000.0,dairyegg,奶蛋类,grain,粮食/主粮,False,0.00395284631629444,0.010082691953723367,in_support,1.4415635005808614e-06
baseline_real_national_nonfood,30000.0,dairyegg,奶蛋类,oil,食用油,False,0.00395284631629444,0.018917658331255846,in_support,6.055345218511365e-07
baseline_real_national_nonfood,30000.0,dairyegg,奶蛋类,vegfruit,蔬菜水果,False,0.00395284631629444,0.01719619117808182,in_support,6.720203106630462e-07
baseline_real_national_nonfood,30000.0,dairyegg,奶蛋类,pork,猪肉,False,0.00395284631629444,0.01107867984768186,in_support,0.004150571987497368
baseline_real_national_nonfood,30000.0,dairyegg,奶蛋类,aquatic,水产品,False,0.00395284631629444,0.005440526595161094,in_support,0.002898152352685408
baseline_real_national_nonfood,30000.0,dairyegg,奶蛋类,othermeat,其他肉类(牛羊禽),False,0.00395284631629444,0.009318394551262241,in_support,9.892490545520063e-07
baseline_real_national_nonfood,30000.0,dairyegg,奶蛋类,dairyegg,奶蛋类,True,0.00395284631629444,0.00395284631629444,in_support,-0.44008464331359254
baseline_real_national_nonfood,30000.0,dairyegg,奶蛋类,nonfood,其他/未覆盖支出,False,0.00395284631629444,0.9240130112265396,in_support,0.4330322125693126
baseline_real_national_nonfood,30000.0,nonfood,其他/未覆盖支出,grain,粮食/主粮,False,0.9240130112265396,0.010082691953723367,in_support,2.8577312849043662e-06
baseline_real_national_nonfood,30000.0,nonfood,其他/未覆盖支出,oil,食用油,False,0.9240130112265396,0.018917658331255846,in_support,1.2003272763620731e-06
baseline_real_national_nonfood,30000.0,nonfood,其他/未覆盖支出,vegfruit,蔬菜水果,False,0.9240130112265396,0.01719619117808182,in_support,1.3321443254471488e-06
baseline_real_national_nonfood,30000.0,nonfood,其他/未覆盖支出,pork,猪肉,False,0.9240130112265396,0.01107867984768186,in_support,0.008228171226752148
baseline_real_national_nonfood,30000.0,nonfood,其他/未覆盖支出,aquatic,水产品,False,0.9240130112265396,0.005440526595161094,in_support,0.005745351227278687
baseline_real_national_nonfood,30000.0,nonfood,其他/未覆盖支出,othermeat,其他肉类(牛羊禽),False,0.9240130112265396,0.009318394551262241,in_support,1.9610571365333285e-06
baseline_real_national_nonfood,30000.0,nonfood,其他/未覆盖支出,dairyegg,奶蛋类,False,0.9240130112265396,0.00395284631629444,in_support,0.0018524736840740564
baseline_real_national_nonfood,30000.0,nonfood,其他/未覆盖支出,nonfood,其他/未覆盖支出,True,0.9240130112265396,0.9240130112265396,in_support,-0.015833346567950657
baseline_real_national_nonfood,39547.68791732077,grain,粮食/主粮,grain,粮食/主粮,True,0.006862845027162954,0.006862845027162954,in_support,-0.0003400089808098055
baseline_real_national_nonfood,39547.68791732077,grain,粮食/主粮,oil,食用油,False,0.006862845027162954,0.012929155673136445,in_support,3.65771969136619e-10
baseline_real_national_nonfood,39547.68791732077,grain,粮食/主粮,vegfruit,蔬菜水果,False,0.006862845027162954,0.014358894605945789,in_support,4.069021734137701e-10
baseline_real_national_nonfood,39547.68791732077,grain,粮食/主粮,pork,猪肉,False,0.006862845027162954,0.008992393447584596,in_support,2.6117976140616235e-06
baseline_real_national_nonfood,39547.68791732077,grain,粮食/主粮,aquatic,水产品,False,0.006862845027162954,0.004717738827520227,in_support,1.8236993253807794e-06
baseline_real_national_nonfood,39547.68791732077,grain,粮食/主粮,othermeat,其他肉类(牛羊禽),False,0.006862845027162954,0.006381160673560405,in_support,6.126525471834843e-10
baseline_real_national_nonfood,39547.68791732077,grain,粮食/主粮,dairyegg,奶蛋类,False,0.006862845027162954,0.0033577293663311913,in_support,5.880122649138449e-07
baseline_real_national_nonfood,39547.68791732077,grain,粮食/主粮,nonfood,其他/未覆盖支出,False,0.006862845027162954,0.9424000823787586,in_support,0.000334984429247398
baseline_real_national_nonfood,39547.68791732077,oil,食用油,grain,粮食/主粮,False,0.012929155673136445,0.006862845027162954,in_support,1.9222894803716528e-10
baseline_real_national_nonfood,39547.68791732077,oil,食用油,oil,食用油,True,0.012929155673136445,0.012929155673136445,in_support,-7.580210446050343e-05
baseline_real_national_nonfood,39547.68791732077,oil,食用油,vegfruit,蔬菜水果,False,0.012929155673136445,0.014358894605945789,in_support,7.759075760366274e-11
baseline_real_national_nonfood,39547.68791732077,oil,食用油,pork,猪肉,False,0.012929155673136445,0.008992393447584596,in_support,5.822756029717074e-07
baseline_real_national_nonfood,39547.68791732077,oil,食用油,aquatic,水产品,False,0.012929155673136445,0.004717738827520227,in_support,4.0657755844084736e-07
baseline_real_national_nonfood,39547.68791732077,oil,食用油,othermeat,其他肉类(牛羊禽),False,0.012929155673136445,0.006381160673560405,in_support,1.3140359677102365e-10
baseline_real_national_nonfood,39547.68791732077,oil,食用油,dairyegg,奶蛋类,False,0.012929155673136445,0.0033577293663311913,in_support,1.3108808492303878e-07
baseline_real_national_nonfood,39547.68791732077,oil,食用油,nonfood,其他/未覆盖支出,False,0.012929155673136445,0.9424000823787586,in_support,7.468203626231906e-05
baseline_real_national_nonfood,39547.68791732077,vegfruit,蔬菜水果,grain,粮食/主粮,False,0.014358894605945789,0.006862845027162954,in_support,2.2059498195128868e-10
baseline_real_national_nonfood,39547.68791732077,vegfruit,蔬菜水果,oil,食用油,False,0.014358894605945789,0.012929155673136445,in_support,1.1437440057548987e-10
baseline_real_national_nonfood,39547.68791732077,vegfruit,蔬菜水果,vegfruit,蔬菜水果,True,0.014358894605945789,0.014358894605945789,in_support,-7.575074020274575e-05
baseline_real_national_nonfood,39547.68791732077,vegfruit,蔬菜水果,pork,猪肉,False,0.014358894605945789,0.008992393447584596,in_support,5.818971858017122e-07
baseline_real_national_nonfood,39547.68791732077,vegfruit,蔬菜水果,aquatic,水产品,False,0.014358894605945789,0.004717738827520227,in_support,4.0630938392439975e-07
baseline_real_national_nonfood,39547.68791732077,vegfruit,蔬菜水果,othermeat,其他肉类(牛羊禽),False,0.014358894605945789,0.006381160673560405,in_support,1.5412716198801024e-10
baseline_real_national_nonfood,39547.68791732077,vegfruit,蔬菜水果,dairyegg,奶蛋类,False,0.014358894605945789,0.0033577293663311913,in_support,1.3101095790407462e-07
baseline_real_national_nonfood,39547.68791732077,vegfruit,蔬菜水果,nonfood,其他/未覆盖支出,False,0.014358894605945789,0.9424000823787586,in_support,7.463300806853645e-05
baseline_real_national_nonfood,39547.68791732077,pork,猪肉,grain,粮食/主粮,False,0.008992393447584596,0.006862845027162954,in_support,1.993296782296268e-06
baseline_real_national_nonfood,39547.68791732077,pork,猪肉,oil,食用油,False,0.008992393447584596,0.012929155673136445,in_support,8.372189609462226e-07
baseline_real_national_nonfood,39547.68791732077,pork,猪肉,vegfruit,蔬菜水果,False,0.008992393447584596,0.014358894605945789,in_support,9.291752009342631e-07
baseline_real_national_nonfood,39547.68791732077,pork,猪肉,pork,猪肉,True,0.008992393447584596,0.008992393447584596,in_support,-0.7414124104305907
baseline_real_national_nonfood,39547.68791732077,pork,猪肉,aquatic,水产品,False,0.008992393447584596,0.004717738827520227,in_support,0.0040074721220435885
baseline_real_national_nonfood,39547.68791732077,pork,猪肉,othermeat,其他肉类(牛羊禽),False,0.008992393447584596,0.006381160673560405,in_support,1.3678507925155969e-06
baseline_real_national_nonfood,39547.68791732077,pork,猪肉,dairyegg,奶蛋类,False,0.008992393447584596,0.0033577293663311913,in_support,0.0012921292915380979
baseline_real_national_nonfood,39547.68791732077,pork,猪肉,nonfood,其他/未覆盖支出,False,0.008992393447584596,0.9424000823787586,in_support,0.7361076832024538
baseline_real_national_nonfood,39547.68791732077,aquatic,水产品,grain,粮食/主粮,False,0.004717738827520227,0.006862845027162954,in_support,2.652946985898675e-06
baseline_real_national_nonfood,39547.68791732077,aquatic,水产品,oil,食用油,False,0.004717738827520227,0.012929155673136445,in_support,1.1143036317629376e-06
baseline_real_national_nonfood,39547.68791732077,aquatic,水产品,vegfruit,蔬菜水果,False,0.004717738827520227,0.014358894605945789,in_support,1.2366901228468355e-06
baseline_real_national_nonfood,39547.68791732077,aquatic,水产品,pork,猪肉,False,0.004717738827520227,0.008992393447584596,in_support,0.007638567437601166
baseline_real_national_nonfood,39547.68791732077,aquatic,水产品,aquatic,水产品,True,0.004717738827520227,0.004717738827520227,in_support,-0.9890716879714788
baseline_real_national_nonfood,39547.68791732077,aquatic,水产品,othermeat,其他肉类(牛羊禽),False,0.004717738827520227,0.006381160673560405,in_support,1.8205227878768243e-06
baseline_real_national_nonfood,39547.68791732077,aquatic,水产品,dairyegg,奶蛋类,False,0.004717738827520227,0.0033577293663311913,in_support,0.0017197314824763815
baseline_real_national_nonfood,39547.68791732077,aquatic,水产品,nonfood,其他/未覆盖支出,False,0.004717738827520227,0.9424000823787586,in_support,0.9797065693122347
baseline_real_national_nonfood,39547.68791732077,othermeat,其他肉类(牛羊禽),grain,粮食/主粮,False,0.006381160673560405,0.006862845027162954,in_support,6.60619968451126e-10
baseline_real_national_nonfood,39547.68791732077,othermeat,其他肉类(牛羊禽),oil,食用油,False,0.006381160673560405,0.012929155673136445,in_support,2.644944367691249e-10
baseline_real_national_nonfood,39547.68791732077,othermeat,其他肉类(牛羊禽),vegfruit,蔬菜水果,False,0.006381160673560405,0.014358894605945789,in_support,2.9578048690859227e-10
baseline_real_national_nonfood,39547.68791732077,othermeat,其他肉类(牛羊禽),pork,猪肉,False,0.006381160673560405,0.008992393447584596,in_support,1.927571628851984e-06
baseline_real_national_nonfood,39547.68791732077,othermeat,其他肉类(牛羊禽),aquatic,水产品,False,0.006381160673560405,0.004717738827520227,in_support,1.3459345276128822e-06
baseline_real_national_nonfood,39547.68791732077,othermeat,其他肉类(牛羊禽),othermeat,其他肉类(牛羊禽),True,0.006381160673560405,0.006381160673560405,in_support,-0.00025093516549726637
baseline_real_national_nonfood,39547.68791732077,othermeat,其他肉类(牛羊禽),dairyegg,奶蛋类,False,0.006381160673560405,0.0033577293663311913,in_support,4.339681994656834e-07
baseline_real_national_nonfood,39547.68791732077,othermeat,其他肉类(牛羊禽),nonfood,其他/未覆盖支出,False,0.006381160673560405,0.9424000823787586,in_support,0.00024722671349758363
baseline_real_national_nonfood,39547.68791732077,dairyegg,奶蛋类,grain,粮食/主粮,False,0.0033577293663311913,0.006862845027162954,in_support,1.2018662073546953e-06
baseline_real_national_nonfood,39547.68791732077,dairyegg,奶蛋类,oil,食用油,False,0.0033577293663311913,0.012929155673136445,in_support,5.048229572198609e-07
baseline_real_national_nonfood,39547.68791732077,dairyegg,奶蛋类,vegfruit,蔬菜水果,False,0.0033577293663311913,0.014358894605945789,in_support,5.602710181551104e-07
baseline_real_national_nonfood,39547.68791732077,dairyegg,奶蛋类,pork,猪肉,False,0.0033577293663311913,0.008992393447584596,in_support,0.003460473955591505
baseline_real_national_nonfood,39547.68791732077,dairyegg,奶蛋类,aquatic,水产品,False,0.0033577293663311913,0.004717738827520227,in_support,0.00241628883457134
baseline_real_national_nonfood,39547.68791732077,dairyegg,奶蛋类,othermeat,其他肉类(牛羊禽),False,0.0033577293663311913,0.006381160673560405,in_support,8.247536085188682e-07
baseline_real_national_nonfood,39547.68791732077,dairyegg,奶蛋类,dairyegg,奶蛋类,True,0.0033577293663311913,0.0033577293663311913,in_support,-0.44971295287561286
baseline_real_national_nonfood,39547.68791732077,dairyegg,奶蛋类,nonfood,其他/未覆盖支出,False,0.0033577293663311913,0.9424000823787586,in_support,0.44383309906136803
baseline_real_national_nonfood,39547.68791732077,nonfood,其他/未覆盖支出,grain,粮食/主粮,False,0.9424000823787586,0.006862845027162954,in_support,2.43948171161322e-06
baseline_real_national_nonfood,39547.68791732077,nonfood,其他/未覆盖支出,oil,食用油,False,0.9424000823787586,0.012929155673136445,in_support,1.024637968497985e-06
baseline_real_national_nonfood,39547.68791732077,nonfood,其他/未覆盖支出,vegfruit,蔬菜水果,False,0.9424000823787586,0.014358894605945789,in_support,1.1371758867409487e-06
baseline_real_national_nonfood,39547.68791732077,nonfood,其他/未覆盖支出,pork,猪肉,False,0.9424000823787586,0.008992393447584596,in_support,0.007023948763827902
baseline_real_national_nonfood,39547.68791732077,nonfood,其他/未覆盖支出,aquatic,水产品,False,0.9424000823787586,0.004717738827520227,in_support,0.004904498405393988
baseline_real_national_nonfood,39547.68791732077,nonfood,其他/未覆盖支出,othermeat,其他肉类(牛羊禽),False,0.9424000823787586,0.006381160673560405,in_support,1.6740411123167959e-06
baseline_real_national_nonfood,39547.68791732077,nonfood,其他/未覆盖支出,dairyegg,奶蛋类,False,0.9424000823787586,0.0033577293663311913,in_support,0.0015813574915908108
baseline_real_national_nonfood,39547.68791732077,nonfood,其他/未覆盖支出,nonfood,其他/未覆盖支出,True,0.9424000823787586,0.9424000823787586,in_support,-0.013516079384285451
baseline_real_national_nonfood,50000.0,grain,粮食/主粮,grain,粮食/主粮,True,0.004941540606872256,0.004941540606872256,extrapolation,-0.00040661806171865956
baseline_real_national_nonfood,50000.0,grain,粮食/主粮,oil,食用油,False,0.004941540606872256,0.009345973875148943,extrapolation,3.6872178183974813e-10
baseline_real_national_nonfood,50000.0,grain,粮食/主粮,vegfruit,蔬菜水果,False,0.004941540606872256,0.012171249021190666,extrapolation,4.066181029035998e-10
baseline_real_national_nonfood,50000.0,grain,粮食/主粮,pork,猪肉,False,0.004941540606872256,0.0074249703598151156,extrapolation,2.595129729280471e-06
baseline_real_national_nonfood,50000.0,grain,粮食/主粮,aquatic,水产品,False,0.004941540606872256,0.0040610519822608234,extrapolation,1.8120581709803098e-06
baseline_real_national_nonfood,50000.0,grain,粮食/主粮,othermeat,其他肉类(牛羊禽),False,0.004941540606872256,0.004621315538487941,extrapolation,6.121761513509794e-10
baseline_real_national_nonfood,50000.0,grain,粮食/主粮,dairyegg,奶蛋类,False,0.004941540606872256,0.00286657600484637,extrapolation,5.84260322676047e-07
baseline_real_national_nonfood,50000.0,grain,粮食/主粮,nonfood,其他/未覆盖支出,False,0.004941540606872256,0.9545673226113779,extrapolation,0.0004016256224082526
baseline_real_national_nonfood,50000.0,oil,食用油,grain,粮食/主粮,False,0.009345973875148943,0.004941540606872256,extrapolation,1.9751774391410515e-10
baseline_real_national_nonfood,50000.0,oil,食用油,oil,食用油,True,0.009345973875148943,0.009345973875148943,extrapolation,-9.029863435902835e-05
baseline_real_national_nonfood,50000.0,oil,食用油,vegfruit,蔬菜水果,False,0.009345973875148943,0.012171249021190666,extrapolation,7.83574941043419e-11
baseline_real_national_nonfood,50000.0,oil,食用油,pork,猪肉,False,0.009345973875148943,0.0074249703598151156,extrapolation,5.76304698469976e-07
baseline_real_national_nonfood,50000.0,oil,食用油,aquatic,水产品,False,0.009345973875148943,0.0040610519822608234,extrapolation,4.024093179695338e-07
baseline_real_national_nonfood,50000.0,oil,食用油,othermeat,其他肉类(牛羊禽),False,0.009345973875148943,0.004621315538487941,extrapolation,1.3231333628564712e-10
baseline_real_national_nonfood,50000.0,oil,食用油,dairyegg,奶蛋类,False,0.009345973875148943,0.00286657600484637,extrapolation,1.2974781806633987e-07
baseline_real_national_nonfood,50000.0,oil,食用油,nonfood,其他/未覆盖支出,False,0.009345973875148943,0.9545673226113779,extrapolation,8.919007971569526e-05
baseline_real_national_nonfood,50000.0,vegfruit,蔬菜水果,grain,粮食/主粮,False,0.012171249021190666,0.004941540606872256,extrapolation,1.790900025933767e-10
baseline_real_national_nonfood,50000.0,vegfruit,蔬菜水果,oil,食用油,False,0.012171249021190666,0.009345973875148943,extrapolation,8.870872873073532e-11
baseline_real_national_nonfood,50000.0,vegfruit,蔬菜水果,vegfruit,蔬菜水果,True,0.012171249021190666,0.012171249021190666,extrapolation,-7.695328726298146e-05
baseline_real_national_nonfood,50000.0,vegfruit,蔬菜水果,pork,猪肉,False,0.012171249021190666,0.0074249703598151156,extrapolation,4.911398966420469e-07
baseline_real_national_nonfood,50000.0,vegfruit,蔬菜水果,aquatic,水产品,False,0.012171249021190666,0.0040610519822608234,extrapolation,3.4293953945076054e-07
baseline_real_national_nonfood,50000.0,vegfruit,蔬菜水果,othermeat,其他肉类(牛羊禽),False,0.012171249021190666,0.004621315538487941,extrapolation,1.2563921279219736e-10
baseline_real_national_nonfood,50000.0,vegfruit,蔬菜水果,dairyegg,奶蛋类,False,0.012171249021190666,0.00286657600484637,extrapolation,1.1057725512434065e-07
baseline_real_national_nonfood,50000.0,vegfruit,蔬菜水果,nonfood,其他/未覆盖支出,False,0.012171249021190666,0.9545673226113779,extrapolation,7.600982913885668e-05
baseline_real_national_nonfood,50000.0,pork,猪肉,grain,粮食/主粮,False,0.0074249703598151156,0.004941540606872256,extrapolation,1.7271477768330667e-06
baseline_real_national_nonfood,50000.0,pork,猪肉,oil,食用油,False,0.0074249703598151156,0.009345973875148943,extrapolation,7.254271210323671e-07
baseline_real_national_nonfood,50000.0,pork,猪肉,vegfruit,蔬菜水果,False,0.0074249703598151156,0.012171249021190666,extrapolation,8.05106024721761e-07
baseline_real_national_nonfood,50000.0,pork,猪肉,pork,猪肉,True,0.0074249703598151156,0.0074249703598151156,extrapolation,-0.7742174989424797
baseline_real_national_nonfood,50000.0,pork,猪肉,aquatic,水产品,False,0.0074249703598151156,0.0040610519822608234,extrapolation,0.003472385480323602
baseline_real_national_nonfood,50000.0,pork,猪肉,othermeat,其他肉类(牛羊禽),False,0.0074249703598151156,0.004621315538487941,extrapolation,1.1852114207320597e-06
baseline_real_national_nonfood,50000.0,pork,猪肉,dairyegg,奶蛋类,False,0.0074249703598151156,0.00286657600484637,extrapolation,0.0011196012986721142
baseline_real_national_nonfood,50000.0,pork,猪肉,nonfood,其他/未覆盖支出,False,0.0074249703598151156,0.9545673226113779,extrapolation,0.7696210706654825
baseline_real_national_nonfood,50000.0,aquatic,水产品,grain,粮食/主粮,False,0.0040610519822608234,0.004941540606872256,extrapolation,2.204958753340182e-06
baseline_real_national_nonfood,50000.0,aquatic,水产品,oil,食用油,False,0.0040610519822608234,0.009345973875148943,extrapolation,9.261200829922128e-07
baseline_real_national_nonfood,50000.0,aquatic,水产品,vegfruit,蔬菜水果,False,0.0040610519822608234,0.012171249021190666,extrapolation,1.0278473265572415e-06
baseline_real_national_nonfood,50000.0,aquatic,水产品,pork,猪肉,False,0.0040610519822608234,0.0074249703598151156,extrapolation,0.006348689805457709
baseline_real_national_nonfood,50000.0,aquatic,水产品,aquatic,水产品,True,0.0040610519822608234,0.0040610519822608234,extrapolation,-0.9903149762207695
baseline_real_national_nonfood,50000.0,aquatic,水产品,othermeat,其他肉类(牛羊禽),False,0.0040610519822608234,0.004621315538487941,extrapolation,1.5130978272047488e-06
baseline_real_national_nonfood,50000.0,aquatic,水产品,dairyegg,奶蛋类,False,0.0040610519822608234,0.00286657600484637,extrapolation,0.0014293310678980269
baseline_real_national_nonfood,50000.0,aquatic,水产品,nonfood,其他/未覆盖支出,False,0.0040610519822608234,0.9545673226113779,extrapolation,0.9825312869339331
baseline_real_national_nonfood,50000.0,othermeat,其他肉类(牛羊禽),grain,粮食/主粮,False,0.004621315538487941,0.004941540606872256,extrapolation,6.592658003713725e-10
baseline_real_national_nonfood,50000.0,othermeat,其他肉类(牛羊禽),oil,食用油,False,0.004621315538487941,0.009345973875148943,extrapolation,2.683617421166129e-10
baseline_real_national_nonfood,50000.0,othermeat,其他肉类(牛羊禽),vegfruit,蔬菜水果,False,0.004621315538487941,0.012171249021190666,extrapolation,2.940999084891094e-10
baseline_real_national_nonfood,50000.0,othermeat,其他肉类(牛羊禽),pork,猪肉,False,0.004621315538487941,0.0074249703598151156,extrapolation,1.9042403898495742e-06
baseline_real_national_nonfood,50000.0,othermeat,其他肉类(牛羊禽),aquatic,水产品,False,0.004621315538487941,0.0040610519822608234,extrapolation,1.3296453658731555e-06
baseline_real_national_nonfood,50000.0,othermeat,其他肉类(牛羊禽),othermeat,其他肉类(牛羊禽),True,0.004621315538487941,0.004621315538487941,extrapolation,-0.00029836644544727975
baseline_real_national_nonfood,50000.0,othermeat,其他肉类(牛羊禽),dairyegg,奶蛋类,False,0.004621315538487941,0.00286657600484637,extrapolation,4.287162318076035e-07
baseline_real_national_nonfood,50000.0,othermeat,其他肉类(牛羊禽),nonfood,其他/未覆盖支出,False,0.004621315538487941,0.9545673226113779,extrapolation,0.0002947028971431731
baseline_real_national_nonfood,50000.0,dairyegg,奶蛋类,grain,粮食/主粮,False,0.00286657600484637,0.004941540606872256,extrapolation,1.0071939370030931e-06
baseline_real_national_nonfood,50000.0,dairyegg,奶蛋类,oil,食用油,False,0.00286657600484637,0.009345973875148943,extrapolation,4.230489157636304e-07
baseline_real_national_nonfood,50000.0,dairyegg,奶蛋类,vegfruit,蔬菜水果,False,0.00286657600484637,0.012171249021190666,extrapolation,4.695140687609872e-07
baseline_real_national_nonfood,50000.0,dairyegg,奶蛋类,pork,猪肉,False,0.00286657600484637,0.0074249703598151156,extrapolation,0.002899977690687094
baseline_real_national_nonfood,50000.0,dairyegg,奶蛋类,aquatic,水产品,False,0.00286657600484637,0.0040610519822608234,extrapolation,0.002024920233123678
baseline_real_national_nonfood,50000.0,dairyegg,奶蛋类,othermeat,其他肉类(牛羊禽),False,0.00286657600484637,0.004621315538487941,extrapolation,6.911624259016511e-07
baseline_real_national_nonfood,50000.0,dairyegg,奶蛋类,dairyegg,奶蛋类,True,0.00286657600484637,0.00286657600484637,extrapolation,-0.4537317137854557
baseline_real_national_nonfood,50000.0,dairyegg,奶蛋类,nonfood,其他/未覆盖支出,False,0.00286657600484637,0.9545673226113779,extrapolation,0.4488042248805082
baseline_real_national_nonfood,50000.0,nonfood,其他/未覆盖支出,grain,粮食/主粮,False,0.9545673226113779,0.004941540606872256,extrapolation,2.0791238210119203e-06
baseline_real_national_nonfood,50000.0,nonfood,其他/未覆盖支出,oil,食用油,False,0.9545673226113779,0.009345973875148943,extrapolation,8.732757783170425e-07
baseline_real_national_nonfood,50000.0,nonfood,其他/未覆盖支出,vegfruit,蔬菜水果,False,0.9545673226113779,0.012171249021190666,extrapolation,9.69190996673308e-07
baseline_real_national_nonfood,50000.0,nonfood,其他/未覆盖支出,pork,猪肉,False,0.9545673226113779,0.0074249703598151156,extrapolation,0.005986391422537925
baseline_real_national_nonfood,50000.0,nonfood,其他/未覆盖支出,aquatic,水产品,False,0.9545673226113779,0.0040610519822608234,extrapolation,0.004180020123838736
baseline_real_national_nonfood,50000.0,nonfood,其他/未覆盖支出,othermeat,其他肉类(牛羊禽),False,0.9545673226113779,0.004621315538487941,extrapolation,1.4267539138477017e-06
baseline_real_national_nonfood,50000.0,nonfood,其他/未覆盖支出,dairyegg,奶蛋类,False,0.9545673226113779,0.00286657600484637,extrapolation,0.0013477639535130564
baseline_real_national_nonfood,50000.0,nonfood,其他/未覆盖支出,nonfood,其他/未覆盖支出,True,0.9545673226113779,0.9545673226113779,extrapolation,-0.01151952336047568
baseline_real_national_nonfood,80000.0,grain,粮食/主粮,grain,粮食/主粮,True,0.0025427593992897704,0.0025427593992897704,extrapolation,-0.0005541311026145525
baseline_real_national_nonfood,80000.0,grain,粮食/主粮,oil,食用油,False,0.0025427593992897704,0.004854057744610452,extrapolation,3.406898565344596e-10
baseline_real_national_nonfood,80000.0,grain,粮食/主粮,vegfruit,蔬菜水果,False,0.0025427593992897704,0.008519768214471063,extrapolation,3.7299541667118463e-10
baseline_real_national_nonfood,80000.0,grain,粮食/主粮,pork,猪肉,False,0.0025427593992897704,0.004903539776589804,extrapolation,2.371710720839963e-06
baseline_real_national_nonfood,80000.0,grain,粮食/主粮,aquatic,水产品,False,0.0025427593992897704,0.0028466645733724585,extrapolation,1.6560585963587213e-06
baseline_real_national_nonfood,80000.0,grain,粮食/主粮,othermeat,其他肉类(牛羊禽),False,0.0025427593992897704,0.0024107627435692655,extrapolation,5.645837911766316e-10
baseline_real_national_nonfood,80000.0,grain,粮食/主粮,dairyegg,奶蛋类,False,0.0025427593992897704,0.0020082714779855264,extrapolation,5.339599492408011e-07
baseline_real_national_nonfood,80000.0,grain,粮食/主粮,nonfood,其他/未覆盖支出,False,0.0025427593992897704,0.9719141760701115,extrapolation,0.0005495684932730893
baseline_real_national_nonfood,80000.0,oil,食用油,grain,粮食/主粮,False,0.004854057744610452,0.0025427593992897704,extrapolation,1.7664144062387588e-10
baseline_real_national_nonfood,80000.0,oil,食用油,oil,食用油,True,0.004854057744610452,0.004854057744610452,extrapolation,-0.00012191842730549475
baseline_real_national_nonfood,80000.0,oil,食用油,vegfruit,蔬菜水果,False,0.004854057744610452,0.008519768214471063,extrapolation,7.634514591695063e-11
baseline_real_national_nonfood,80000.0,oil,食用油,pork,猪肉,False,0.004854057744610452,0.004903539776589804,extrapolation,5.218144082746144e-07
baseline_real_national_nonfood,80000.0,oil,食用油,aquatic,水产品,False,0.004854057744610452,0.0028466645733724585,extrapolation,3.6436124525710857e-07
baseline_real_national_nonfood,80000.0,oil,食用油,othermeat,其他肉类(牛羊禽),False,0.004854057744610452,0.0024107627435692655,extrapolation,1.2335035673004952e-10
baseline_real_national_nonfood,80000.0,oil,食用油,dairyegg,奶蛋类,False,0.004854057744610452,0.0020082714779855264,extrapolation,1.1747940718842553e-07
baseline_real_national_nonfood,80000.0,oil,食用油,nonfood,其他/未覆盖支出,False,0.004854057744610452,0.9719141760701115,extrapolation,0.00012091469215685935
baseline_real_national_nonfood,80000.0,vegfruit,蔬菜水果,grain,粮食/主粮,False,0.008519768214471063,0.0025427593992897704,extrapolation,1.1990739813821233e-10
baseline_real_national_nonfood,80000.0,vegfruit,蔬菜水果,oil,食用油,False,0.008519768214471063,0.004854057744610452,extrapolation,5.6701803625644476e-11
baseline_real_national_nonfood,80000.0,vegfruit,蔬菜水果,vegfruit,蔬菜水果,True,0.008519768214471063,0.008519768214471063,extrapolation,-7.709091320026945e-05
baseline_real_national_nonfood,80000.0,vegfruit,蔬菜水果,pork,猪肉,False,0.008519768214471063,0.004903539776589804,extrapolation,3.2995868018805344e-07
baseline_real_national_nonfood,80000.0,vegfruit,蔬菜水果,aquatic,水产品,False,0.008519768214471063,0.0028466645733724585,extrapolation,2.3039155427656728e-07
baseline_real_national_nonfood,80000.0,vegfruit,蔬菜水果,othermeat,其他肉类(牛羊禽),False,0.008519768214471063,0.0024107627435692655,extrapolation,8.037532477685877e-11
baseline_real_national_nonfood,80000.0,vegfruit,蔬菜水果,dairyegg,奶蛋类,False,0.008519768214471063,0.0020082714779855264,extrapolation,7.428830042435905e-08
baseline_real_national_nonfood,80000.0,vegfruit,蔬菜水果,nonfood,其他/未覆盖支出,False,0.008519768214471063,0.9719141760701115,extrapolation,7.645715195736535e-05
baseline_real_national_nonfood,80000.0,pork,猪肉,grain,粮食/主粮,False,0.004903539776589804,0.0025427593992897704,extrapolation,1.2298684231780931e-06
baseline_real_national_nonfood,80000.0,pork,猪肉,oil,食用油,False,0.004903539776589804,0.004854057744610452,extrapolation,5.16561676641822e-07
baseline_real_national_nonfood,80000.0,pork,猪肉,vegfruit,蔬菜水果,False,0.004903539776589804,0.008519768214471063,extrapolation,5.732926123966841e-07
baseline_real_national_nonfood,80000.0,pork,猪肉,pork,猪肉,True,0.004903539776589804,0.004903539776589804,extrapolation,-0.8238237308740421
baseline_real_national_nonfood,80000.0,pork,猪肉,aquatic,水产品,False,0.004903539776589804,0.0028466645733724585,extrapolation,0.0024726327246978068
baseline_real_national_nonfood,80000.0,pork,猪肉,othermeat,其他肉类(牛羊禽),False,0.004903539776589804,0.0024107627435692655,extrapolation,8.439711016359455e-07
baseline_real_national_nonfood,80000.0,pork,猪肉,dairyegg,奶蛋类,False,0.004903539776589804,0.0020082714779855264,extrapolation,0.0007972510048614271
baseline_real_national_nonfood,80000.0,pork,猪肉,nonfood,其他/未覆盖支出,False,0.004903539776589804,0.9719141760701115,extrapolation,0.8205506841871654
baseline_real_national_nonfood,80000.0,aquatic,水产品,grain,粮食/主粮,False,0.0028466645733724585,0.0025427593992897704,extrapolation,1.4792639302639056e-06
baseline_real_national_nonfood,80000.0,aquatic,水产品,oil,食用油,False,0.0028466645733724585,0.004854057744610452,extrapolation,6.213134461172803e-07
baseline_real_national_nonfood,80000.0,aquatic,水产品,vegfruit,蔬菜水果,False,0.0028466645733724585,0.008519768214471063,extrapolation,6.895510154365184e-07
baseline_real_national_nonfood,80000.0,aquatic,水产品,pork,猪肉,False,0.0028466645733724585,0.004903539776589804,extrapolation,0.004259248900083097
baseline_real_national_nonfood,80000.0,aquatic,水产品,aquatic,水产品,True,0.0028466645733724585,0.0028466645733724585,extrapolation,-0.9921649938050517
baseline_real_national_nonfood,80000.0,aquatic,水产品,othermeat,其他肉类(牛羊禽),False,0.0028466645733724585,0.0024107627435692655,extrapolation,1.0151145208644606e-06
baseline_real_national_nonfood,80000.0,aquatic,水产品,dairyegg,奶蛋类,False,0.0028466645733724585,0.0020082714779855264,extrapolation,0.0009589186069378269
baseline_real_national_nonfood,80000.0,aquatic,水产品,nonfood,其他/未覆盖支出,False,0.0028466645733724585,0.9719141760701115,extrapolation,0.9869430231396137
baseline_real_national_nonfood,80000.0,othermeat,其他肉类(牛羊禽),grain,粮食/主粮,False,0.0024107627435692655,0.0025427593992897704,extrapolation,5.938095883062378e-10
baseline_real_national_nonfood,80000.0,othermeat,其他肉类(牛羊禽),oil,食用油,False,0.0024107627435692655,0.004854057744610452,extrapolation,2.4475781210814285e-10
baseline_real_national_nonfood,80000.0,othermeat,其他肉类(牛羊禽),vegfruit,蔬菜水果,False,0.0024107627435692655,0.008519768214471063,extrapolation,2.6509204683819454e-10
baseline_real_national_nonfood,80000.0,othermeat,其他肉类(牛羊禽),pork,猪肉,False,0.0024107627435692655,0.004903539776589804,extrapolation,1.71663802679212e-06
baseline_real_national_nonfood,80000.0,othermeat,其他肉类(牛羊禽),aquatic,水产品,False,0.0024107627435692655,0.0028466645733724585,extrapolation,1.198650291417717e-06
baseline_real_national_nonfood,80000.0,othermeat,其他肉类(牛羊禽),othermeat,其他肉类(牛羊禽),True,0.0024107627435692655,0.0024107627435692655,extrapolation,-0.00040107887437432167
baseline_real_national_nonfood,80000.0,othermeat,其他肉类(牛羊禽),dairyegg,奶蛋类,False,0.0024107627435692655,0.0020082714779855264,extrapolation,3.8647622247216153e-07
baseline_real_national_nonfood,80000.0,othermeat,其他肉类(牛羊禽),nonfood,其他/未覆盖支出,False,0.0024107627435692655,0.9719141760701115,extrapolation,0.0003977762425632636
baseline_real_national_nonfood,80000.0,dairyegg,奶蛋类,grain,粮食/主粮,False,0.0020082714779855264,0.0025427593992897704,extrapolation,6.760778114878489e-07
baseline_real_national_nonfood,80000.0,dairyegg,奶蛋类,oil,食用油,False,0.0020082714779855264,0.004854057744610452,extrapolation,2.839650456748933e-07
baseline_real_national_nonfood,80000.0,dairyegg,奶蛋类,vegfruit,蔬菜水果,False,0.0020082714779855264,0.008519768214471063,extrapolation,3.151567124135262e-07
baseline_real_national_nonfood,80000.0,dairyegg,奶蛋类,pork,猪肉,False,0.0020082714779855264,0.004903539776589804,extrapolation,0.001946625275200301
baseline_real_national_nonfood,80000.0,dairyegg,奶蛋类,aquatic,水产品,False,0.0020082714779855264,0.0028466645733724585,extrapolation,0.0013592383522957703
baseline_real_national_nonfood,80000.0,dairyegg,奶蛋类,othermeat,其他肉类(牛羊禽),False,0.0020082714779855264,0.0024107627435692655,extrapolation,4.6394389014537763e-07
baseline_real_national_nonfood,80000.0,dairyegg,奶蛋类,dairyegg,奶蛋类,True,0.0020082714779855264,0.0020082714779855264,extrapolation,-0.4543749803964195
baseline_real_national_nonfood,80000.0,dairyegg,奶蛋类,nonfood,其他/未覆盖支出,False,0.0020082714779855264,0.9719141760701115,extrapolation,0.4510673765729254
baseline_real_national_nonfood,80000.0,nonfood,其他/未覆盖支出,grain,粮食/主粮,False,0.9719141760701115,0.0025427593992897704,extrapolation,1.4378079582389076e-06
baseline_real_national_nonfood,80000.0,nonfood,其他/未覆盖支出,oil,食用油,False,0.9719141760701115,0.004854057744610452,extrapolation,6.039020459544867e-07
baseline_real_national_nonfood,80000.0,nonfood,其他/未覆盖支出,vegfruit,蔬菜水果,False,0.9719141760701115,0.008519768214471063,extrapolation,6.702385600930449e-07
baseline_real_national_nonfood,80000.0,nonfood,其他/未覆盖支出,pork,猪肉,False,0.9719141760701115,0.004903539776589804,extrapolation,0.00413987470909576
baseline_real_national_nonfood,80000.0,nonfood,其他/未覆盖支出,aquatic,水产品,False,0.9719141760701115,0.0028466645733724585,extrapolation,0.002890682946166519
baseline_real_national_nonfood,80000.0,nonfood,其他/未覆盖支出,othermeat,其他肉类(牛羊禽),False,0.9719141760701115,0.0024107627435692655,extrapolation,9.86661406107963e-07
baseline_real_national_nonfood,80000.0,nonfood,其他/未覆盖支出,dairyegg,奶蛋类,False,0.9719141760701115,0.0020082714779855264,extrapolation,0.0009320429445679556
baseline_real_national_nonfood,80000.0,nonfood,其他/未覆盖支出,nonfood,其他/未覆盖支出,True,0.9719141760701115,0.9719141760701115,extrapolation,-0.007966298916507908
baseline_real_national_nonfood,120000.0,grain,粮食/主粮,grain,粮食/主粮,True,0.001423588784858633,0.001423588784858633,extrapolation,-0.0007008915531046229
baseline_real_national_nonfood,120000.0,grain,粮食/主粮,oil,食用油,False,0.001423588784858633,0.00274476833306876,extrapolation,2.9638505408616234e-10
baseline_real_national_nonfood,120000.0,grain,粮食/主粮,vegfruit,蔬菜水果,False,0.001423588784858633,0.006134056025191807,extrapolation,3.2586442919035896e-10
baseline_real_national_nonfood,120000.0,grain,粮食/主粮,pork,猪肉,False,0.001423588784858633,0.0033486091544600353,extrapolation,2.07930012735948e-06
baseline_real_national_nonfood,120000.0,grain,粮食/主粮,aquatic,水产品,False,0.001423588784858633,0.002015507487632355,extrapolation,1.4518777624707505e-06
baseline_real_national_nonfood,120000.0,grain,粮食/主粮,othermeat,其他肉类(牛羊禽),False,0.001423588784858633,0.0013695080947880277,extrapolation,4.941750754265672e-10
baseline_real_national_nonfood,120000.0,grain,粮食/主粮,dairyegg,奶蛋类,False,0.001423588784858633,0.0014351264214589952,extrapolation,4.6812770431001356e-07
baseline_real_national_nonfood,120000.0,grain,粮食/主粮,nonfood,其他/未覆盖支出,False,0.001423588784858633,0.9815288356985415,extrapolation,0.0006968915185840974
baseline_real_national_nonfood,120000.0,oil,食用油,grain,粮食/主粮,False,0.00274476833306876,0.001423588784858633,extrapolation,1.520648264426161e-10
baseline_real_national_nonfood,120000.0,oil,食用油,oil,食用油,True,0.00274476833306876,0.00274476833306876,extrapolation,-0.0001526813780033311
baseline_real_national_nonfood,120000.0,oil,食用油,vegfruit,蔬菜水果,False,0.00274476833306876,0.006134056025191807,extrapolation,6.104165133427597e-11
baseline_real_national_nonfood,120000.0,oil,食用油,pork,猪肉,False,0.00274476833306876,0.0033486091544600353,extrapolation,4.529540833788856e-07
baseline_real_national_nonfood,120000.0,oil,食用油,aquatic,水产品,False,0.00274476833306876,0.002015507487632355,extrapolation,3.1627460521258064e-07
baseline_real_national_nonfood,120000.0,oil,食用油,othermeat,其他肉类(牛羊禽),False,0.00274476833306876,0.0013695080947880277,extrapolation,1.0568323516660372e-10
baseline_real_national_nonfood,120000.0,oil,食用油,dairyegg,奶蛋类,False,0.00274476833306876,0.0014351264214589952,extrapolation,1.0197594217057487e-07
baseline_real_national_nonfood,120000.0,oil,食用油,nonfood,其他/未覆盖支出,False,0.00274476833306876,0.9815288356985415,extrapolation,0.00015181010996406785
baseline_real_national_nonfood,120000.0,vegfruit,蔬菜水果,grain,粮食/主粮,False,0.006134056025191807,0.001423588784858633,extrapolation,8.237324299227577e-11
baseline_real_national_nonfood,120000.0,vegfruit,蔬菜水果,oil,食用油,False,0.006134056025191807,0.00274476833306876,extrapolation,3.764521593757619e-11
baseline_real_national_nonfood,120000.0,vegfruit,蔬菜水果,vegfruit,蔬菜水果,True,0.006134056025191807,0.006134056025191807,extrapolation,-7.582296028299756e-05
baseline_real_national_nonfood,120000.0,vegfruit,蔬菜水果,pork,猪肉,False,0.006134056025191807,0.0033486091544600353,extrapolation,2.24942743064227e-07
baseline_real_national_nonfood,120000.0,vegfruit,蔬菜水果,aquatic,水产品,False,0.006134056025191807,0.002015507487632355,extrapolation,1.5706673061726675e-07
baseline_real_national_nonfood,120000.0,vegfruit,蔬菜水果,othermeat,其他肉类(牛羊禽),False,0.006134056025191807,0.0013695080947880277,extrapolation,5.261619604097524e-11
baseline_real_national_nonfood,120000.0,vegfruit,蔬菜水果,dairyegg,奶蛋类,False,0.006134056025191807,0.0014351264214589952,extrapolation,5.0642203719484906e-08
baseline_real_national_nonfood,120000.0,vegfruit,蔬菜水果,nonfood,其他/未覆盖支出,False,0.006134056025191807,0.9815288356985415,extrapolation,7.539101747505716e-05
baseline_real_national_nonfood,120000.0,pork,猪肉,grain,粮食/主粮,False,0.0033486091544600353,0.001423588784858633,extrapolation,8.839670751482515e-07
baseline_real_national_nonfood,120000.0,pork,猪肉,oil,食用油,False,0.0033486091544600353,0.00274476833306876,extrapolation,3.712718300336211e-07
baseline_real_national_nonfood,120000.0,pork,猪肉,vegfruit,蔬菜水果,False,0.0033486091544600353,0.006134056025191807,extrapolation,4.1204798999726604e-07
baseline_real_national_nonfood,120000.0,pork,猪肉,pork,猪肉,True,0.0033486091544600353,0.0033486091544600353,extrapolation,-0.8554003255462697
baseline_real_national_nonfood,120000.0,pork,猪肉,aquatic,水产品,False,0.0033486091544600353,0.002015507487632355,extrapolation,0.0017772099672839655
baseline_real_national_nonfood,120000.0,pork,猪肉,othermeat,其他肉类(牛羊禽),False,0.0033486091544600353,0.0013695080947880277,extrapolation,6.06603279672556e-07
baseline_real_national_nonfood,120000.0,pork,猪肉,dairyegg,奶蛋类,False,0.0033486091544600353,0.0014351264214589952,extrapolation,0.0005730258354352126
baseline_real_national_nonfood,120000.0,pork,猪肉,nonfood,其他/未覆盖支出,False,0.0033486091544600353,0.9815288356985415,extrapolation,0.8530478161760003
baseline_real_national_nonfood,120000.0,aquatic,水产品,grain,粮食/主粮,False,0.002015507487632355,0.001423588784858633,extrapolation,1.025486723678625e-06
baseline_real_national_nonfood,120000.0,aquatic,水产品,oil,食用油,False,0.002015507487632355,0.00274476833306876,extrapolation,4.3071279389426953e-07
baseline_real_national_nonfood,120000.0,aquatic,水产品,vegfruit,蔬菜水果,False,0.002015507487632355,0.006134056025191807,extrapolation,4.780170050410837e-07
baseline_real_national_nonfood,120000.0,aquatic,水产品,pork,猪肉,False,0.002015507487632355,0.0033486091544600353,extrapolation,0.00295269634046992
baseline_real_national_nonfood,120000.0,aquatic,水产品,aquatic,水产品,True,0.002015507487632355,0.002015507487632355,extrapolation,-0.9932360396333824
baseline_real_national_nonfood,120000.0,aquatic,水产品,othermeat,其他肉类(牛羊禽),False,0.002015507487632355,0.0013695080947880277,extrapolation,7.037196003837666e-07
baseline_real_national_nonfood,120000.0,aquatic,水产品,dairyegg,奶蛋类,False,0.002015507487632355,0.0014351264214589952,extrapolation,0.0006647640274567362
baseline_real_national_nonfood,120000.0,aquatic,水产品,nonfood,其他/未覆盖支出,False,0.002015507487632355,0.9815288356985415,extrapolation,0.9896159426061594
baseline_real_national_nonfood,120000.0,othermeat,其他肉类(牛羊禽),grain,粮食/主粮,False,0.0013695080947880277,0.001423588784858633,extrapolation,5.126167575272497e-10
baseline_real_national_nonfood,120000.0,othermeat,其他肉类(牛羊禽),oil,食用油,False,0.0013695080947880277,0.00274476833306876,extrapolation,2.1111369423454374e-10
baseline_real_national_nonfood,120000.0,othermeat,其他肉类(牛羊禽),vegfruit,蔬菜水果,False,0.0013695080947880277,0.006134056025191807,extrapolation,2.271997273477211e-10
baseline_real_national_nonfood,120000.0,othermeat,其他肉类(牛羊禽),pork,猪肉,False,0.0013695080947880277,0.0033486091544600353,extrapolation,1.483212761519163e-06
baseline_real_national_nonfood,120000.0,othermeat,其他肉类(牛羊禽),aquatic,水产品,False,0.0013695080947880277,0.002015507487632355,extrapolation,1.0356626796786342e-06
baseline_real_national_nonfood,120000.0,othermeat,其他肉类(牛羊禽),othermeat,其他肉类(牛羊禽),True,0.0013695080947880277,0.0013695080947880277,extrapolation,-0.0004999622116703602
baseline_real_national_nonfood,120000.0,othermeat,其他肉类(牛羊禽),dairyegg,奶蛋类,False,0.0013695080947880277,0.0014351264214589952,extrapolation,3.339273698417652e-07
baseline_real_national_nonfood,120000.0,othermeat,其他肉类(牛羊禽),nonfood,其他/未覆盖支出,False,0.0013695080947880277,0.9815288356985415,extrapolation,0.0004971086666814561
baseline_real_national_nonfood,120000.0,dairyegg,奶蛋类,grain,粮食/主粮,False,0.0014351264214589952,0.001423588784858633,extrapolation,4.6436660002238043e-07
baseline_real_national_nonfood,120000.0,dairyegg,奶蛋类,oil,食用油,False,0.0014351264214589952,0.00274476833306876,extrapolation,1.9503868377729891e-07
baseline_real_national_nonfood,120000.0,dairyegg,奶蛋类,vegfruit,蔬菜水果,False,0.0014351264214589952,0.006134056025191807,extrapolation,2.1646371175176263e-07
baseline_real_national_nonfood,120000.0,dairyegg,奶蛋类,pork,猪肉,False,0.0014351264214589952,0.0033486091544600353,extrapolation,0.0013370526309109216
baseline_real_national_nonfood,120000.0,dairyegg,奶蛋类,aquatic,水产品,False,0.0014351264214589952,0.002015507487632355,extrapolation,0.0009336019832414234
baseline_real_national_nonfood,120000.0,dairyegg,奶蛋类,othermeat,其他肉类(牛羊禽),False,0.0014351264214589952,0.0013695080947880277,extrapolation,3.18661402111403e-07
baseline_real_national_nonfood,120000.0,dairyegg,奶蛋类,dairyegg,奶蛋类,True,0.0014351264214589952,0.0014351264214589952,extrapolation,-0.4503939884847824
baseline_real_national_nonfood,120000.0,dairyegg,奶蛋类,nonfood,其他/未覆盖支出,False,0.0014351264214589952,0.9815288356985415,extrapolation,0.4481221377730412
baseline_real_national_nonfood,120000.0,nonfood,其他/未覆盖支出,grain,粮食/主粮,False,0.9815288356985415,0.001423588784858633,extrapolation,1.0107617995779201e-06
baseline_real_national_nonfood,120000.0,nonfood,其他/未覆盖支出,oil,食用油,False,0.9815288356985415,0.00274476833306876,extrapolation,4.2453809529982567e-07
baseline_real_national_nonfood,120000.0,nonfood,其他/未覆盖支出,vegfruit,蔬菜水果,False,0.9815288356985415,0.006134056025191807,extrapolation,4.711711088104323e-07
baseline_real_national_nonfood,120000.0,nonfood,其他/未覆盖支出,pork,猪肉,False,0.9815288356985415,0.0033486091544600353,extrapolation,0.0029102799893659867
baseline_real_national_nonfood,120000.0,nonfood,其他/未覆盖支出,aquatic,水产品,False,0.9815288356985415,0.002015507487632355,extrapolation,0.002032113846280047
baseline_real_national_nonfood,120000.0,nonfood,其他/未覆盖支出,othermeat,其他肉类(牛羊禽),False,0.9815288356985415,0.0013695080947880277,extrapolation,6.936100672083004e-07
baseline_real_national_nonfood,120000.0,nonfood,其他/未覆盖支出,dairyegg,奶蛋类,False,0.9815288356985415,0.0014351264214589952,extrapolation,0.0006552144984360794
baseline_real_national_nonfood,120000.0,nonfood,其他/未覆盖支出,nonfood,其他/未覆盖支出,True,0.9815288356985415,0.9815288356985415,extrapolation,-0.005600208210912783
baseline_real_national_nonfood,160000.0,grain,粮食/主粮,grain,粮食/主粮,True,0.0009396820604311915,0.0009396820604311915,extrapolation,-0.0008197198573411159
baseline_real_national_nonfood,160000.0,grain,粮食/主粮,oil,食用油,False,0.0009396820604311915,0.0018270268401390701,extrapolation,2.68923888149461e-10
baseline_real_national_nonfood,160000.0,grain,粮食/主粮,vegfruit,蔬菜水果,False,0.0009396820604311915,0.00481461940684981,extrapolation,2.936261351248193e-10
baseline_real_national_nonfood,160000.0,grain,粮食/主粮,pork,猪肉,False,0.0009396820604311915,0.0025328391814520216,extrapolation,1.859330883238015e-06
baseline_real_national_nonfood,160000.0,grain,粮食/主粮,aquatic,水产品,False,0.0009396820604311915,0.0015558594037183495,extrapolation,1.2982859926901963e-06
baseline_real_national_nonfood,160000.0,grain,粮食/主粮,othermeat,其他肉类(牛羊禽),False,0.0009396820604311915,0.0009151092093824501,extrapolation,4.439083991342706e-10
baseline_real_national_nonfood,160000.0,grain,粮食/主粮,dairyegg,奶蛋类,False,0.0009396820604311915,0.0011180924778787776,extrapolation,4.1860141719476766e-07
baseline_real_national_nonfood,160000.0,grain,粮食/主粮,nonfood,其他/未覆盖支出,False,0.0009396820604311915,0.9862967714201485,extrapolation,0.0008161430138670656
baseline_real_national_nonfood,160000.0,oil,食用油,grain,粮食/主粮,False,0.0018270268401390701,0.0009396820604311915,extrapolation,1.3393820628331346e-10
baseline_real_national_nonfood,160000.0,oil,食用油,oil,食用油,True,0.0018270268401390701,0.0018270268401390701,extrapolation,-0.00017707521476882431
baseline_real_national_nonfood,160000.0,oil,食用油,vegfruit,蔬菜水果,False,0.0018270268401390701,0.00481461940684981,extrapolation,5.714945530699289e-11
baseline_real_national_nonfood,160000.0,oil,食用油,pork,猪肉,False,0.0018270268401390701,0.0025328391814520216,extrapolation,4.016530312242819e-07
baseline_real_national_nonfood,160000.0,oil,食用油,aquatic,水产品,False,0.0018270268401390701,0.0015558594037183495,extrapolation,2.8045982540742323e-07
baseline_real_national_nonfood,160000.0,oil,食用油,othermeat,其他肉类(牛羊禽),False,0.0018270268401390701,0.0009151092093824501,extrapolation,9.322439635571847e-11
baseline_real_national_nonfood,160000.0,oil,食用油,dairyegg,奶蛋类,False,0.0018270268401390701,0.0011180924778787776,extrapolation,9.04227421237038e-08
baseline_real_national_nonfood,160000.0,oil,食用油,nonfood,其他/未覆盖支出,False,0.0018270268401390701,0.9862967714201485,extrapolation,0.00017630261321116558
baseline_real_national_nonfood,160000.0,vegfruit,蔬菜水果,grain,粮食/主粮,False,0.00481461940684981,0.0009396820604311915,extrapolation,5.964690652743125e-11
baseline_real_national_nonfood,160000.0,vegfruit,蔬菜水果,oil,食用油,False,0.00481461940684981,0.0018270268401390701,extrapolation,2.7730332353287368e-11
baseline_real_national_nonfood,160000.0,vegfruit,蔬菜水果,vegfruit,蔬菜水果,True,0.00481461940684981,0.00481461940684981,extrapolation,-7.457572632370865e-05
baseline_real_national_nonfood,160000.0,vegfruit,蔬菜水果,pork,猪肉,False,0.00481461940684981,0.0025328391814520216,extrapolation,1.6915657106037494e-07
baseline_real_national_nonfood,160000.0,vegfruit,蔬菜水果,aquatic,水产品,False,0.00481461940684981,0.0015558594037183495,extrapolation,1.1811121621799897e-07
baseline_real_national_nonfood,160000.0,vegfruit,蔬菜水果,othermeat,其他肉类(牛羊禽),False,0.00481461940684981,0.0009151092093824501,extrapolation,4.274933385799498e-11
baseline_real_national_nonfood,160000.0,vegfruit,蔬菜水果,dairyegg,奶蛋类,False,0.00481461940684981,0.0011180924778787776,extrapolation,3.808521896765389e-08
baseline_real_national_nonfood,160000.0,vegfruit,蔬菜水果,nonfood,其他/未覆盖支出,False,0.00481461940684981,0.9862967714201485,extrapolation,7.425099055530238e-05
baseline_real_national_nonfood,160000.0,pork,猪肉,grain,粮食/主粮,False,0.0025328391814520216,0.0009396820604311915,extrapolation,6.898037111488247e-07
baseline_real_national_nonfood,160000.0,pork,猪肉,oil,食用油,False,0.0025328391814520216,0.0018270268401390701,extrapolation,2.897180618941078e-07
baseline_real_national_nonfood,160000.0,pork,猪肉,vegfruit,蔬菜水果,False,0.0025328391814520216,0.00481461940684981,extrapolation,3.215381504939743e-07
baseline_real_national_nonfood,160000.0,pork,猪肉,pork,猪肉,True,0.0025328391814520216,0.0025328391814520216,extrapolation,-0.8736576178142448
baseline_real_national_nonfood,160000.0,pork,猪肉,aquatic,水产品,False,0.0025328391814520216,0.0015558594037183495,extrapolation,0.0013868521249074386
baseline_real_national_nonfood,160000.0,pork,猪肉,othermeat,其他肉类(牛羊禽),False,0.0025328391814520216,0.0009151092093824501,extrapolation,4.733691889518406e-07
baseline_real_national_nonfood,160000.0,pork,猪肉,dairyegg,奶蛋类,False,0.0025328391814520216,0.0011180924778787776,extrapolation,0.0004471627387392467
baseline_real_national_nonfood,160000.0,pork,猪肉,nonfood,其他/未覆盖支出,False,0.0025328391814520216,0.9862967714201485,extrapolation,0.871821828636594
baseline_real_national_nonfood,160000.0,aquatic,水产品,grain,粮食/主粮,False,0.0015558594037183495,0.0009396820604311915,extrapolation,7.841108071567559e-07
baseline_real_national_nonfood,160000.0,aquatic,水产品,oil,食用油,False,0.0015558594037183495,0.0018270268401390701,extrapolation,3.293297231064601e-07
baseline_real_national_nonfood,160000.0,aquatic,水产品,vegfruit,蔬菜水果,False,0.0015558594037183495,0.00481461940684981,extrapolation,3.654985275694869e-07
baseline_real_national_nonfood,160000.0,aquatic,水产品,pork,猪肉,False,0.0015558594037183495,0.0025328391814520216,extrapolation,0.0022577061855576937
baseline_real_national_nonfood,160000.0,aquatic,水产品,aquatic,水产品,True,0.0015558594037183495,0.0015558594037183495,extrapolation,-0.9937785466999925
baseline_real_national_nonfood,160000.0,aquatic,水产品,othermeat,其他肉类(牛羊禽),False,0.0015558594037183495,0.0009151092093824501,extrapolation,5.38085181038005e-07
baseline_real_national_nonfood,160000.0,aquatic,水产品,dairyegg,奶蛋类,False,0.0015558594037183495,0.0011180924778787776,extrapolation,0.000508295350066549
baseline_real_national_nonfood,160000.0,aquatic,水产品,nonfood,其他/未覆盖支出,False,0.0015558594037183495,0.9862967714201485,extrapolation,0.9910105290357896
baseline_real_national_nonfood,160000.0,othermeat,其他肉类(牛羊禽),grain,粮食/主粮,False,0.0009151092093824501,0.0009396820604311915,extrapolation,4.5267634714470095e-10
baseline_real_national_nonfood,160000.0,othermeat,其他肉类(牛羊禽),oil,食用油,False,0.0009151092093824501,0.0018270268401390701,extrapolation,1.8831116429651046e-10
baseline_real_national_nonfood,160000.0,othermeat,其他肉类(牛羊禽),vegfruit,蔬菜水果,False,0.0009151092093824501,0.00481461940684981,extrapolation,2.058563668919794e-10
baseline_real_national_nonfood,160000.0,othermeat,其他肉类(牛羊禽),pork,猪肉,False,0.0009151092093824501,0.0025328391814520216,extrapolation,1.310180181807001e-06
baseline_real_national_nonfood,160000.0,othermeat,其他肉类(牛羊禽),aquatic,水产品,False,0.0009151092093824501,0.0015558594037183495,extrapolation,9.148400157456271e-07
baseline_real_national_nonfood,160000.0,othermeat,其他肉类(牛羊禽),othermeat,其他肉类(牛羊禽),True,0.0009151092093824501,0.0009151092093824501,extrapolation,-0.0005776168230916602
baseline_real_national_nonfood,160000.0,othermeat,其他肉类(牛羊禽),dairyegg,奶蛋类,False,0.0009151092093824501,0.0011180924778787776,extrapolation,2.9496883853600284e-07
baseline_real_national_nonfood,160000.0,othermeat,其他肉类(牛羊禽),nonfood,其他/未覆盖支出,False,0.0009151092093824501,0.9862967714201485,extrapolation,0.0005750961479606409
baseline_real_national_nonfood,160000.0,dairyegg,奶蛋类,grain,粮食/主粮,False,0.0011180924778787776,0.0009396820604311915,extrapolation,3.5180845771828927e-07
baseline_real_national_nonfood,160000.0,dairyegg,奶蛋类,oil,食用油,False,0.0011180924778787776,0.0018270268401390701,extrapolation,1.4776103532108975e-07
baseline_real_national_nonfood,160000.0,dairyegg,奶蛋类,vegfruit,蔬菜水果,False,0.0011180924778787776,0.00481461940684981,extrapolation,1.6399243541809824e-07
baseline_real_national_nonfood,160000.0,dairyegg,奶蛋类,pork,猪肉,False,0.0011180924778787776,0.0025328391814520216,extrapolation,0.001012967489713207
baseline_real_national_nonfood,160000.0,dairyegg,奶蛋类,aquatic,水产品,False,0.0011180924778787776,0.0015558594037183495,extrapolation,0.0007073083269269081
baseline_real_national_nonfood,160000.0,dairyegg,奶蛋类,othermeat,其他肉类(牛羊禽),False,0.0011180924778787776,0.0009151092093824501,extrapolation,2.414234717246867e-07
baseline_real_national_nonfood,160000.0,dairyegg,奶蛋类,dairyegg,奶蛋类,True,0.0011180924778787776,0.0011180924778787776,extrapolation,-0.4463589535605156
baseline_real_national_nonfood,160000.0,dairyegg,奶蛋类,nonfood,其他/未覆盖支出,False,0.0011180924778787776,0.9862967714201485,extrapolation,0.4446377709503515
baseline_real_national_nonfood,160000.0,nonfood,其他/未覆盖支出,grain,粮食/主粮,False,0.9862967714201485,0.0009396820604311915,extrapolation,7.775734308493364e-07
baseline_real_national_nonfood,160000.0,nonfood,其他/未覆盖支出,oil,食用油,False,0.9862967714201485,0.0018270268401390701,extrapolation,3.265893704694576e-07
baseline_real_national_nonfood,160000.0,nonfood,其他/未覆盖支出,vegfruit,蔬菜水果,False,0.9862967714201485,0.00481461940684981,extrapolation,3.624680816934761e-07
baseline_real_national_nonfood,160000.0,nonfood,其他/未覆盖支出,pork,猪肉,False,0.9862967714201485,0.0025328391814520216,extrapolation,0.0022388641549023407
baseline_real_national_nonfood,160000.0,nonfood,其他/未覆盖支出,aquatic,水产品,False,0.9862967714201485,0.0015558594037183495,extrapolation,0.001563295242549188
baseline_real_national_nonfood,160000.0,nonfood,其他/未覆盖支出,othermeat,其他肉类(牛羊禽),False,0.9862967714201485,0.0009151092093824501,extrapolation,5.335892091479872e-07
baseline_real_national_nonfood,160000.0,nonfood,其他/未覆盖支出,dairyegg,奶蛋类,False,0.9862967714201485,0.0011180924778787776,extrapolation,0.0005040533070097543
baseline_real_national_nonfood,160000.0,nonfood,其他/未覆盖支出,nonfood,其他/未覆盖支出,True,0.9862967714201485,0.9862967714201485,extrapolation,-0.004308212769021713
baseline_real_national_nonfood,200000.0,grain,粮食/主粮,grain,粮食/主粮,True,0.0006793992942125067,0.0006793992942125067,extrapolation,-0.0009224066379188727
baseline_real_national_nonfood,200000.0,grain,粮食/主粮,oil,食用油,False,0.0006793992942125067,0.0013307608141976417,extrapolation,2.4105149137605003e-10
baseline_real_national_nonfood,200000.0,grain,粮食/主粮,vegfruit,蔬菜水果,False,0.0006793992942125067,0.003972680176168152,extrapolation,2.6519711014867664e-10
baseline_real_national_nonfood,200000.0,grain,粮食/主粮,pork,猪肉,False,0.0006793992942125067,0.0020327760303182427,extrapolation,1.6930658104200328e-06
baseline_real_national_nonfood,200000.0,grain,粮食/主粮,aquatic,水产品,False,0.0006793992942125067,0.0012657874559582481,extrapolation,1.1821880514120784e-06
baseline_real_national_nonfood,200000.0,grain,粮食/主粮,othermeat,其他肉类(牛羊禽),False,0.0006793992942125067,0.000668777030081534,extrapolation,3.967426054026814e-10
baseline_real_national_nonfood,200000.0,grain,粮食/主粮,dairyegg,奶蛋类,False,0.0006793992942125067,0.0009168114606264237,extrapolation,3.8117888792837777e-07
baseline_real_national_nonfood,200000.0,grain,粮食/主粮,nonfood,其他/未覆盖支出,False,0.0006793992942125067,0.9891330077384372,extrapolation,0.0009191496508036967
baseline_real_national_nonfood,200000.0,oil,食用油,grain,粮食/主粮,False,0.0013307608141976417,0.0006793992942125067,extrapolation,1.2226453475951832e-10
baseline_real_national_nonfood,200000.0,oil,食用油,oil,食用油,True,0.0013307608141976417,0.0013307608141976417,extrapolation,-0.00019778974824697157
baseline_real_national_nonfood,200000.0,oil,食用油,vegfruit,蔬菜水果,False,0.0013307608141976417,0.003972680176168152,extrapolation,4.8966860731122774e-11
baseline_real_national_nonfood,200000.0,oil,食用油,pork,猪肉,False,0.0013307608141976417,0.0020327760303182427,extrapolation,3.630405204258511e-07
baseline_real_national_nonfood,200000.0,oil,食用油,aquatic,水产品,False,0.0013307608141976417,0.0012657874559582481,extrapolation,2.534932190126956e-07
baseline_real_national_nonfood,200000.0,oil,食用油,othermeat,其他肉类(牛羊禽),False,0.0013307608141976417,0.000668777030081534,extrapolation,7.914812989034958e-11
baseline_real_national_nonfood,200000.0,oil,食用油,dairyegg,奶蛋类,False,0.0013307608141976417,0.0009168114606264237,extrapolation,8.173851137117157e-08
baseline_real_national_nonfood,200000.0,oil,食用油,nonfood,其他/未覆盖支出,False,0.0013307608141976417,0.9891330077384372,extrapolation,0.0001970914054893469
baseline_real_national_nonfood,200000.0,vegfruit,蔬菜水果,grain,粮食/主粮,False,0.003972680176168152,0.0006793992942125067,extrapolation,4.777939889978426e-11
baseline_real_national_nonfood,200000.0,vegfruit,蔬菜水果,oil,食用油,False,0.003972680176168152,0.0013307608141976417,extrapolation,2.390905792033944e-11
baseline_real_national_nonfood,200000.0,vegfruit,蔬菜水果,vegfruit,蔬菜水果,True,0.003972680176168152,0.003972680176168152,extrapolation,-7.353209329087444e-05
baseline_real_national_nonfood,200000.0,vegfruit,蔬菜水果,pork,猪肉,False,0.003972680176168152,0.0020327760303182427,extrapolation,1.3496726131427984e-07
baseline_real_national_nonfood,200000.0,vegfruit,蔬菜水果,aquatic,水产品,False,0.003972680176168152,0.0012657874559582481,extrapolation,9.424342909831996e-08
baseline_real_national_nonfood,200000.0,vegfruit,蔬菜水果,othermeat,其他肉类(牛羊禽),False,0.003972680176168152,0.000668777030081534,extrapolation,3.2689203896389164e-11
baseline_real_national_nonfood,200000.0,vegfruit,蔬菜水果,dairyegg,奶蛋类,False,0.003972680176168152,0.0009168114606264237,extrapolation,3.038562239904177e-08
baseline_real_national_nonfood,200000.0,vegfruit,蔬菜水果,nonfood,其他/未覆盖支出,False,0.003972680176168152,0.9891330077384372,extrapolation,7.327305872853462e-05
baseline_real_national_nonfood,200000.0,pork,猪肉,grain,粮食/主粮,False,0.0020327760303182427,0.0006793992942125067,extrapolation,5.658595594508175e-07
baseline_real_national_nonfood,200000.0,pork,猪肉,oil,食用油,False,0.0020327760303182427,0.0013307608141976417,extrapolation,2.3766116189947646e-07
baseline_real_national_nonfood,200000.0,pork,猪肉,vegfruit,蔬菜水果,False,0.0020327760303182427,0.003972680176168152,extrapolation,2.6376245996444887e-07
baseline_real_national_nonfood,200000.0,pork,猪肉,pork,猪肉,True,0.0020327760303182427,0.0020327760303182427,extrapolation,-0.8860306287725968
baseline_real_national_nonfood,200000.0,pork,猪肉,aquatic,水产品,False,0.0020327760303182427,0.0012657874559582481,extrapolation,0.0011376565940155626
baseline_real_national_nonfood,200000.0,pork,猪肉,othermeat,其他肉类(牛羊禽),False,0.0020327760303182427,0.000668777030081534,extrapolation,3.882958621868425e-07
baseline_real_national_nonfood,200000.0,pork,猪肉,dairyegg,奶蛋类,False,0.0020327760303182427,0.0009168114606264237,extrapolation,0.0003668146407436704
baseline_real_national_nonfood,200000.0,pork,猪肉,nonfood,其他/未覆盖支出,False,0.0020327760303182427,0.9891330077384372,extrapolation,0.8845247019459904
baseline_real_national_nonfood,200000.0,aquatic,水产品,grain,粮食/主粮,False,0.0012657874559582481,0.0006793992942125067,extrapolation,6.345299752317783e-07
baseline_real_national_nonfood,200000.0,aquatic,水产品,oil,食用油,False,0.0012657874559582481,0.0013307608141976417,extrapolation,2.665031845552212e-07
baseline_real_national_nonfood,200000.0,aquatic,水产品,vegfruit,蔬菜水果,False,0.0012657874559582481,0.003972680176168152,extrapolation,2.9577416494524014e-07
baseline_real_national_nonfood,200000.0,aquatic,水产品,pork,猪肉,False,0.0012657874559582481,0.0020327760303182427,extrapolation,0.001827005824180233
baseline_real_national_nonfood,200000.0,aquatic,水产品,aquatic,水产品,True,0.0012657874559582481,0.0012657874559582481,extrapolation,-0.9941036118359294
baseline_real_national_nonfood,200000.0,aquatic,水产品,othermeat,其他肉类(牛羊禽),False,0.0012657874559582481,0.000668777030081534,extrapolation,4.354154613785824e-07
baseline_real_national_nonfood,200000.0,aquatic,水产品,dairyegg,奶蛋类,False,0.0012657874559582481,0.0009168114606264237,extrapolation,0.0004113283733518451
baseline_real_national_nonfood,200000.0,aquatic,水产品,nonfood,其他/未覆盖支出,False,0.0012657874559582481,0.9891330077384372,extrapolation,0.9918636460729245
baseline_real_national_nonfood,200000.0,othermeat,其他肉类(牛羊禽),grain,粮食/主粮,False,0.000668777030081534,0.0006793992942125067,extrapolation,4.043847858024689e-10
baseline_real_national_nonfood,200000.0,othermeat,其他肉类(牛羊禽),oil,食用油,False,0.000668777030081534,0.0013307608141976417,extrapolation,1.6824451608363905e-10
baseline_real_national_nonfood,200000.0,othermeat,其他肉类(牛羊禽),vegfruit,蔬菜水果,False,0.000668777030081534,0.003972680176168152,extrapolation,1.846565480818213e-10
baseline_real_national_nonfood,200000.0,othermeat,其他肉类(牛羊禽),pork,猪肉,False,0.000668777030081534,0.0020327760303182427,extrapolation,1.1802758448407153e-06
baseline_real_national_nonfood,200000.0,othermeat,其他肉类(牛羊禽),aquatic,水产品,False,0.000668777030081534,0.0012657874559582481,extrapolation,8.241311875695602e-07
baseline_real_national_nonfood,200000.0,othermeat,其他肉类(牛羊禽),othermeat,其他肉类(牛羊禽),True,0.000668777030081534,0.000668777030081534,extrapolation,-0.0006430318908922505
baseline_real_national_nonfood,200000.0,othermeat,其他肉类(牛羊禽),dairyegg,奶蛋类,False,0.000668777030081534,0.0009168114606264237,extrapolation,2.6573049543383506e-07
baseline_real_national_nonfood,200000.0,othermeat,其他肉类(牛羊禽),nonfood,其他/未覆盖支出,False,0.000668777030081534,0.9891330077384372,extrapolation,0.000640761107118526
baseline_real_national_nonfood,200000.0,dairyegg,奶蛋类,grain,粮食/主粮,False,0.0009168114606264237,0.0006793992942125067,extrapolation,2.8246748881824066e-07
baseline_real_national_nonfood,200000.0,dairyegg,奶蛋类,oil,食用油,False,0.0009168114606264237,0.0013307608141976417,extrapolation,1.186376887190102e-07
baseline_real_national_nonfood,200000.0,dairyegg,奶蛋类,vegfruit,蔬菜水果,False,0.0009168114606264237,0.003972680176168152,extrapolation,1.316689340635259e-07
baseline_real_national_nonfood,200000.0,dairyegg,奶蛋类,pork,猪肉,False,0.0009168114606264237,0.0020327760303182427,extrapolation,0.0008133100662785456
baseline_real_national_nonfood,200000.0,dairyegg,奶蛋类,aquatic,水产品,False,0.0009168114606264237,0.0012657874559582481,extrapolation,0.0005678967861220217
baseline_real_national_nonfood,200000.0,dairyegg,奶蛋类,othermeat,其他肉类(牛羊禽),False,0.0009168114606264237,0.000668777030081534,extrapolation,1.9383196069064996e-07
baseline_real_national_nonfood,200000.0,dairyegg,奶蛋类,dairyegg,奶蛋类,True,0.0009168114606264237,0.0009168114606264237,extrapolation,-0.44292003770519756
baseline_real_national_nonfood,200000.0,dairyegg,奶蛋类,nonfood,其他/未覆盖支出,False,0.0009168114606264237,0.9891330077384372,extrapolation,0.44153810229768425
baseline_real_national_nonfood,200000.0,nonfood,其他/未覆盖支出,grain,粮食/主粮,False,0.9891330077384372,0.0006793992942125067,extrapolation,6.313335875321241e-07
baseline_real_national_nonfood,200000.0,nonfood,其他/未覆盖支出,oil,食用油,False,0.9891330077384372,0.0013307608141976417,extrapolation,2.6516631916715e-07
baseline_real_national_nonfood,200000.0,nonfood,其他/未覆盖支出,vegfruit,蔬菜水果,False,0.9891330077384372,0.003972680176168152,extrapolation,2.94302837800485e-07
baseline_real_national_nonfood,200000.0,nonfood,其他/未覆盖支出,pork,猪肉,False,0.9891330077384372,0.0020327760303182427,extrapolation,0.001817794570358033
baseline_real_national_nonfood,200000.0,nonfood,其他/未覆盖支出,aquatic,水产品,False,0.9891330077384372,0.0012657874559582481,extrapolation,0.0012692818390943733
baseline_real_national_nonfood,200000.0,nonfood,其他/未覆盖支出,othermeat,其他肉类(牛羊禽),False,0.9891330077384372,0.000668777030081534,extrapolation,4.332387133998373e-07
baseline_real_national_nonfood,200000.0,nonfood,其他/未覆盖支出,dairyegg,奶蛋类,False,0.9891330077384372,0.0009168114606264237,extrapolation,0.00040925456178718996
baseline_real_national_nonfood,200000.0,nonfood,其他/未覆盖支出,nonfood,其他/未覆盖支出,True,0.9891330077384372,0.9891330077384372,extrapolation,-0.0034979548883733447
