province_name,year_quarter,year,total_expenditure,positive_budget,bartik,pork,beef,mutton,poultry_meat,eggs,milk,w_corn,q_corn,v_corn,w_sorghum,q_sorghum,v_sorghum,w_cassava,q_cassava,v_cassava,w_oats,q_oats,v_oats,w_barley,q_barley,v_barley,lnp_barley,lnp_cassava,lnp_corn,lnp_oats,lnp_sorghum
上海市,2017Q1,2017,176359908.0,1,24.798269486459276,14.57,0.14,0.35,17.58,3.38,36.37,1.0376508021312872e-06,15.0,183.0,0.5939547156035032,537751620.0,104749799.0,0.0,0.0,0.0,0.018563890382614624,11022910.0,3273926.0,0.38748035636308,369001600.0,68336000.0,-1.6134097455972787,-1.4114565262278214,1.2159409225075652,-1.2719578238554572,-1.6227506794481958
上海市,2017Q2,2017,110543574.0,1,24.882837552531115,14.57,0.14,0.35,17.58,3.38,36.37,1.0041289238576636e-05,1030.0,1110.0,0.45327572817575085,254929660.0,50106719.0,0.1276142926227444,80118900.0,14106940.0,0.05114299995402718,19099330.0,5653530.0,0.36795693795823897,218826100.0,40675275.0,-1.593803769754442,-1.695335852833444,1.8098896269819382,-1.2246142136886236,-1.3706089560902646
上海市,2017Q3,2017,73336593.0,1,24.94349841130217,14.57,0.14,0.35,17.58,3.38,36.37,2.5539773847961548e-05,1373.0,1873.0,0.6619549397392922,228707400.0,48545520.0,0.0,0.0,0.0,0.07870324709521208,23983590.0,5771828.0,0.25931627339164776,99150580.0,19017372.0,-1.6439460331780322,-1.4114565262278214,0.8532485687826974,-1.424131700201638,-1.542909226766667
上海市,2017Q4,2017,58086539.0,1,25.008512277898603,14.57,0.14,0.35,17.58,3.38,36.37,5.039033225925201e-05,2380.0,2927.0,0.46792751759577206,119285400.0,27180290.0,0.2937875158993377,85093600.0,17065100.0,0.11003272203909412,22018300.0,6391420.0,0.12820185413353685,31917820.0,7446802.0,-1.5067702455270673,-1.566972888933431,1.1200294499210544,-1.8038188285449768,-1.537738430893638
上海市,2018Q1,2018,140481894.0,1,24.97832854693816,11.27,0.02,0.26,13.45,3.16,33.44,0.0004335505328537214,101955.0,60906.0,0.7689617282637149,477219100.0,108025200.0,0.0,0.0,0.0,0.03262633973314739,14769880.0,4583410.0,0.197978381470284,123965920.0,27812378.0,-1.4784175242360111,-1.4114565262278214,0.6906539247162503,-1.7376199687410727,-1.4210265496671743
上海市,2018Q2,2018,93421472.0,1,25.064874169074685,11.27,0.02,0.26,13.45,3.16,33.44,0.001489935846868266,206156.0,139192.0,0.7038380962355206,256902690.0,65753591.0,0.0,0.0,0.0,0.03975214605909871,12108485.0,3713704.0,0.25491982185851236,101811860.0,23814985.0,-1.4196444939387984,-1.4114565262278214,1.1331761680728492,-1.2479662877404827,-1.158908578325507
上海市,2018Q3,2018,65181963.0,1,25.116294692222265,11.27,0.02,0.26,13.45,3.16,33.44,0.0,0.0,0.0,0.46023629266887833,140658220.0,29999105.0,0.25796016606618616,71355700.0,16814350.0,0.03850232310432259,9491196.0,2509657.0,0.24330121816061293,66659130.0,15858851.0,-1.3709793396056291,-1.4049485988863983,-0.7341507858592827,-1.3588377065203256,-1.0882281651556136
上海市,2018Q4,2018,5608564.0,1,25.00275244144832,11.27,0.02,0.26,13.45,3.16,33.44,4.992365247147041e-06,11.0,28.0,0.0,0.0,0.0,0.0,0.0,0.0,0.9193620684367692,19389046.0,5156301.0,0.08063293919798366,1663770.0,452235.0,-1.3211305806992042,-1.4114565262278214,0.957938682821549,-1.206262340048566,-1.1451021120726261
上海市,2019Q1,2019,33974821.0,1,24.91344454436184,8.91,0.01,0.21,10.82,2.89,29.74,0.00014431275443658702,341.0,4903.0,0.0,0.0,0.0,0.3130259317628193,39874900.0,10635000.0,0.06180323952258645,7293821.0,2099754.0,0.6250265159601577,84758840.0,21235164.0,-1.2872800813317236,-1.4266865670318665,1.0577603494377188,-1.416337507282497,-1.1451021120726261
上海市,2019Q2,2019,1669530.0,1,24.989745048508766,8.91,0.01,0.21,10.82,2.89,29.74,0.08201469874755171,189920.0,136926.0,0.0,0.0,0.0,0.0,0.0,0.0,0.7041951926590119,3980167.0,1175675.0,0.21379010859343647,1472387.0,356929.0,-1.2879323149172532,-1.4114565262278214,0.9055919034787965,-1.2930114618835304,-1.1451021120726261
上海市,2019Q3,2019,59618156.0,1,25.02154733413546,8.91,0.01,0.21,10.82,2.89,29.74,0.00021688024030800282,399.0,12930.0,0.49932943246349315,138165000.0,29769100.0,0.0,0.0,0.0,0.019325589338925545,3965875.0,1152156.0,0.4811280979572733,129512440.0,28683970.0,-1.4166931194053056,-1.4114565262278214,0.9384919493148759,-0.7178444186989404,-1.4270457053301233
上海市,2019Q4,2019,17919849.0,1,25.04718755859359,8.91,0.01,0.21,10.82,2.89,29.74,0.016988368596186274,408690.0,304429.0,0.6004459077752273,50000000.0,10759900.0,0.0,0.0,0.0,0.055259282597749565,3404398.0,990238.0,0.32730644103083684,22437880.0,5865282.0,-1.4052270719282276,-1.4114565262278214,0.6790380290572791,-1.2766466354208874,-1.5857986982889636
上海市,2020Q1,2020,2128844.0,1,24.98219366174174,7.16,0.25,0.24,9.26,2.88,29.09,0.024758507434081596,1330.0,52707.0,0.0,0.0,0.0,0.6101856218680185,5533070.0,1298990.0,0.3650558706978999,2534921.0,777147.0,0.0,0.0,0.0,-1.3257037162852585,-1.4464815095154875,0.9402704385149055,-0.7504302884789011,-1.1451021120726261
上海市,2020Q2,2020,57002318.0,1,24.94303575543798,7.16,0.25,0.24,9.26,2.88,29.09,1.263106528404687e-05,25.0,720.0,0.7969516081784604,199292264.0,45428089.0,0.17913446958420182,44720000.0,10211080.0,0.02390129117205374,4276181.0,1362429.0,0.0,0.0,0.0,-1.3257037162852585,-1.466559273184974,0.9963522652111503,-0.9813969724033386,-1.1973496872942413
上海市,2020Q3,2020,141906050.0,1,25.10865869215238,7.16,0.25,0.24,9.26,2.88,29.09,3.4811764544217814e-05,1005.0,4940.0,0.8333708605094708,488003955.0,118260367.0,0.0,0.0,0.0,0.007892877012643225,3511120.0,1120047.0,0.15870145071334169,103962000.0,22520696.0,-1.481611007162686,-1.4114565262278214,1.0854499405473315,-0.7898351110467292,-1.1428617482315448
上海市,2020Q4,2020,128891171.0,1,25.131903817490514,7.16,0.25,0.24,9.26,2.88,29.09,0.0001412897396983072,463.0,18211.0,0.5064183410980105,258404451.0,65272853.0,0.04939709951118374,20627500.0,6366850.0,0.005126929912057359,2071520.0,660816.0,0.4389163397390501,244106260.0,56572441.0,-1.4894162404938105,-1.2430480395096482,1.2776921942580568,-0.654755381511757,-1.3785265601924046
上海市,2021Q1,2021,77223940.0,1,25.117490681118245,7.15,0.22,0.29,9.14,2.59,29.36,0.0013658070282350266,476000.0,105473.0,0.9795281100653502,279102660.0,75643020.0,0.0,0.0,0.0,0.019106082906414773,4746120.0,1475447.0,0.0,0.0,0.0,-1.3257037162852585,-1.4114565262278214,0.6963946822889879,-0.9196543267526578,-1.2879099892690258
上海市,2021Q2,2021,159210385.0,1,25.536208183401197,7.15,0.22,0.29,9.14,2.59,29.36,0.0004372516277754118,1600.0,69615.0,0.9340721523913155,452154281.0,148713987.0,0.0,0.0,0.0,0.0062657030821199255,3246310.0,997565.0,0.05922489289878923,32731590.0,9429218.0,-1.2767132418915828,-1.4114565262278214,1.102777230284189,-0.6041227401122824,-1.379307388398539
上海市,2021Q3,2021,119431894.0,1,25.28129110139876,7.15,0.22,0.29,9.14,2.59,29.36,0.0,0.0,0.0,0.33586205205788666,112219389.0,40112641.0,0.05758305231264272,23296571.0,6877253.0,0.011955072905399959,4528470.0,1427817.0,0.5945998227240706,259844368.0,71014183.0,-1.2422687467805,-1.1942781954005792,-0.7341507858592827,-0.9427098615516395,-1.3570109627250337
上海市,2021Q4,2021,132599194.0,1,25.308408762811553,7.15,0.22,0.29,9.14,2.59,29.36,0.000976710310923911,423038.0,129511.0,0.202177661803887,83993186.0,26808595.0,0.00016798744643953115,57000.0,22275.0,0.013857482421801147,5506600.0,1837491.0,0.7828201580169484,363555477.0,103801322.0,-1.1696964810888195,-1.191553553860832,1.4963220589281834,-0.8994478052426493,-1.301355962785833
上海市,2022Q1,2022,5946082.0,1,25.202180119923664,8.27,0.0,0.24,9.54,4.64,30.22,0.0008550167992974197,200.0,5084.0,0.8835562644443854,15524728.0,5253698.0,0.0,0.0,0.0,0.11558871875631718,2051690.0,687300.0,0.0,0.0,0.0,-1.3257037162852585,-1.4114565262278214,1.2995026575193442,-0.8584351195736737,-1.1303096530453114
上海市,2022Q2,2022,61457491.0,1,25.18816961022621,8.27,0.0,0.24,9.54,4.64,30.22,0.0024898185316416513,473740.0,153018.0,0.49137967575018643,85106031.0,30198962.0,0.0002671277289858774,55820.0,16417.0,0.013178214515786204,2277990.0,809900.0,0.49268516347339986,87000000.0,30279194.0,-1.0798433322247898,-1.1745122078293864,1.0421884496773286,-1.2090650346803886,-1.0198710120988954
上海市,2022Q3,2022,49751610.0,1,25.295959922058962,8.27,0.0,0.24,9.54,4.64,30.22,0.00013044803977197924,149.0,6490.0,0.8418154507964667,110896580.0,41881674.0,0.0,0.0,0.0,0.012334394806519829,1534140.0,613656.0,0.1457197063572415,17355260.0,7249790.0,-1.0237939272694174,-1.4114565262278214,1.6713118638822018,-1.1031177757599617,-1.2035626373261317
上海市,2022Q4,2022,43247581.0,1,25.208606560685148,8.27,0.0,0.24,9.54,4.64,30.22,0.5473451567152392,68584964.0,23671354.0,0.11822395338134635,14507034.0,5112900.0,0.0,0.0,0.0,0.016248631339634927,1803490.0,702714.0,0.3181822585637796,30526300.0,13760613.0,-0.9974186154076391,-1.4114565262278214,0.6014690793127463,-1.1395064957043872,-1.2356432491628027
上海市,2023Q1,2023,54649967.0,1,25.137885766809983,10.74,0.01,0.23,12.16,3.55,30.68,0.9058801993421148,139007391.0,49506323.0,0.08294951028973174,12201640.0,4533188.0,0.0,0.0,0.0,0.011170290368153379,1526140.0,610456.0,0.0,0.0,0.0,-1.3257037162852585,-1.4114565262278214,0.6941200530899092,-1.1957663240341803,-1.1201502360035938
上海市,2023Q2,2023,34711973.0,1,25.151654712091773,10.74,0.01,0.23,12.16,3.55,30.68,0.00012612362887007316,629.0,4378.0,0.5116396293578588,47395800.0,17760021.0,0.0,0.0,0.0,0.03049115070468625,2646020.0,1058408.0,0.45774309630858495,47208700.0,15889166.0,-1.0734875818608127,-1.4114565262278214,1.4076195656961048,-1.0820313898196643,-1.0256402814050096
上海市,2023Q3,2023,41229711.0,1,25.17224794334674,10.74,0.01,0.23,12.16,3.55,30.68,0.0,0.0,0.0,0.7213224220756725,83035400.0,29739915.0,0.0,0.0,0.0,0.0206786072305964,3185030.0,852573.0,0.257998970693731,27462000.0,10637223.0,-1.2367759105217337,-1.4114565262278214,-0.7341507858592827,-1.6118499942872397,-1.1358234884903602
上海市,2023Q4,2023,84470034.0,1,25.20276300355551,10.74,0.01,0.23,12.16,3.55,30.68,0.6652774639584021,200968700.0,56196010.0,0.2887751767686041,75994260.0,24392849.0,0.0,0.0,0.0,0.00943964341247927,2126310.0,797367.0,0.03650771586051451,12021770.0,3083808.0,-1.3056060897109139,-1.4114565262278214,0.8050180240089595,-1.6431603936142065,-1.2174583832083834
云南省,2017Q1,2017,4501561.0,1,21.67867974583885,320.16,35.82,18.15,419.15,30.32,56.83,0.20514172750297063,3090963.0,923458.0,0.0,0.0,0.0,0.7948582724970293,22585360.0,3578103.0,0.0,0.0,0.0,0.0,0.0,0.0,-1.3257037162852585,-1.8691549462164634,-1.1054670772785484,-0.860897583102812,-1.1451021120726261
云南省,2017Q2,2017,13314897.0,1,21.699111091540576,320.16,35.82,18.15,419.15,30.32,56.83,0.678434838812497,34246300.0,9033290.0,0.008749673392141149,761500.0,116501.0,0.31281548779536184,21027030.0,4165106.0,0.0,0.0,0.0,0.0,0.0,0.0,-1.3257037162852585,-1.8583010143334207,-0.4893113899381404,-0.860897583102812,-1.8084727451762024
云南省,2017Q3,2017,16971538.0,1,21.7234862665846,320.16,35.82,18.15,419.15,30.32,56.83,0.7853648266880704,46345700.0,13328849.0,0.007277478328717174,792000.0,123510.0,0.2073576949832125,21748910.0,3519179.0,0.0,0.0,0.0,0.0,0.0,0.0,-1.3257037162852585,-1.8801481603443877,-1.3145240883375091,-0.860897583102812,-2.0127588203621665
云南省,2017Q4,2017,49542147.0,1,21.822165452338766,320.16,35.82,18.15,419.15,30.32,56.83,0.9347584592972928,160121600.0,46309941.0,0.0031558381997453602,986200.0,156347.0,0.06208570250296177,18916460.0,3075859.0,0.0,0.0,0.0,0.0,0.0,0.0,-1.3257037162852585,-1.7683222225767168,-1.0975926747435332,-0.860897583102812,-1.9712538776783861
云南省,2018Q1,2018,7035345.0,1,21.85512651549541,323.81,36.02,18.64,427.16,32.72,58.21,0.003950339322378647,90800.0,27792.0,0.05990679916905283,2577250.0,421465.0,0.9361428615085685,37460500.0,6586088.0,0.0,0.0,0.0,0.0,0.0,0.0,-1.3257037162852585,-1.6641480256805403,-1.3205337571237767,-0.860897583102812,-1.8545419964519225
云南省,2018Q2,2018,5255899.0,1,21.84546215025086,323.81,36.02,18.64,427.16,32.72,58.21,0.6729162794033904,11052504.0,3536780.0,0.011034458614977191,348550.0,57996.0,0.31604926198163247,9197514.0,1661123.0,0.0,0.0,0.0,0.0,0.0,0.0,-1.3257037162852585,-1.5550769996686449,-1.2509570804800476,-0.860897583102812,-1.7336135779833546
云南省,2018Q3,2018,13590718.0,1,21.86082478420017,323.81,36.02,18.64,427.16,32.72,58.21,0.9082140472637281,42801640.0,12343281.0,0.0014950644991677407,129000.0,20319.0,0.09029088823710418,7181476.0,1227118.0,0.0,0.0,0.0,0.0,0.0,0.0,-1.3257037162852585,-1.6062979325296842,-0.520978879960701,-0.860897583102812,-1.5616028306348335
云南省,2018Q4,2018,52372121.0,1,21.84403054490514,323.81,36.02,18.64,427.16,32.72,58.21,0.9796681520689223,185827650.0,51307299.0,0.006968573986148088,2412250.0,364959.0,0.013363273944929593,4055504.0,699863.0,0.0,0.0,0.0,0.0,0.0,0.0,-1.3257037162852585,-1.5853493693957148,-1.513686153410796,-0.860897583102812,-1.6579005645806726
云南省,2019Q1,2019,7542685.0,1,21.766959804263955,287.54,39.01,20.03,405.87,35.8,59.87,0.10036677920395722,2202000.0,757035.0,0.04391884322360008,2138750.0,331266.0,0.8557143775724427,32826850.0,6454384.0,0.0,0.0,0.0,0.0,0.0,0.0,-1.3257037162852585,-1.6329559730758523,-1.0174205203726818,-0.860897583102812,-1.1088931629531544
云南省,2019Q2,2019,3293281.0,1,21.832881561209348,287.54,39.01,20.03,405.87,35.8,59.87,0.10860051116196887,1054000.0,357652.0,0.08917429153479463,1887250.0,293676.0,0.8022251973032365,13237824.0,2641953.0,0.0,0.0,0.0,0.0,0.0,0.0,-1.3257037162852585,-1.628488752952803,-1.1668917700078696,-0.860897583102812,-1.7790026513143402
云南省,2019Q3,2019,29108224.0,1,21.888153938672414,287.54,39.01,20.03,405.87,35.8,59.87,0.9868419316822628,105301910.0,28725216.0,0.0060650213492929005,1168300.0,176542.0,0.0070930469684443815,1017164.0,206466.0,0.0,0.0,0.0,0.0,0.0,0.0,-1.3257037162852585,-1.5576745363601694,-1.441629184568702,-0.860897583102812,-1.8605611521148715
云南省,2019Q4,2019,43957216.0,1,21.90583122273731,287.54,39.01,20.03,405.87,35.8,59.87,0.9646781770710866,149509300.0,42404567.0,0.016927800887117147,4933400.0,744099.0,0.018394022041796278,4202963.0,808550.0,0.0,0.0,0.0,0.0,0.0,0.0,-1.3257037162852585,-1.6132459305741995,-1.5443180019548666,-0.860897583102812,-2.0193141450737118
云南省,2020Q1,2020,1698415.0,1,22.185005623505475,291.57,40.94,20.77,417.41,41.75,67.29,0.0,0.0,0.0,0.3569133574538614,4003950.0,606187.0,0.6430866425461386,5512280.0,1092228.0,0.0,0.0,0.0,0.0,0.0,0.0,-1.3257037162852585,-1.6478308431587734,-0.7341507858592827,-0.860897583102812,-1.836684435412858
云南省,2020Q2,2020,2295048.0,1,21.854902905579365,291.57,40.94,20.77,417.41,41.75,67.29,0.0,0.0,0.0,0.19711047437787793,3061012.0,452378.0,0.802889525622122,9251910.0,1842670.0,0.0,0.0,0.0,0.0,0.0,0.0,-1.3257037162852585,-1.6679086068282598,-0.7341507858592827,-0.860897583102812,-1.6308651340789895
云南省,2020Q3,2020,7669363.0,1,21.864400041407798,291.57,40.94,20.77,417.41,41.75,67.29,0.8484348700146284,21336259.0,6506955.0,0.053858188743967396,2746261.0,413058.0,0.09770694124140428,3500150.0,749350.0,0.0,0.0,0.0,0.0,0.0,0.0,-1.3257037162852585,-1.5518741230780606,-1.208093044532601,-0.860897583102812,-1.5812594516764262
云南省,2020Q4,2020,76592927.0,1,21.938799046504506,291.57,40.94,20.77,417.41,41.75,67.29,0.9824182068404306,232438300.0,75246286.0,0.003959033971896648,1848800.0,303234.0,0.013622759187672773,4608400.0,1043407.0,0.0,0.0,0.0,0.0,0.0,0.0,-1.3257037162852585,-1.444397373152934,-1.1710099238183085,-0.860897583102812,-1.8204361249491916
云南省,2021Q1,2021,12320060.0,1,22.074488094134733,360.38,42.01,21.14,488.06,41.72,68.39,0.32862169502421257,11863450.0,4048639.0,0.06889990795499372,5155300.0,848851.0,0.6024783970207938,32008840.0,7422570.0,0.0,0.0,0.0,0.0,0.0,0.0,-1.3257037162852585,-1.4738950385269785,-1.7666866431103494,-0.860897583102812,-1.72666489921644
云南省,2021Q2,2021,23814440.0,1,22.487578055781636,360.38,42.01,21.14,488.06,41.72,68.39,0.9182153348976503,67875494.0,21866784.0,0.007988808470826943,771750.0,190249.0,0.07379585663152273,7685135.0,1757407.0,0.0,0.0,0.0,0.0,0.0,0.0,-1.3257037162852585,-1.424370808835915,-1.2144604311062173,-0.860897583102812,-1.817181228439685
云南省,2021Q3,2021,164101.0,1,22.20420459348842,360.38,42.01,21.14,488.06,41.72,68.39,0.0,0.0,0.0,0.10488662470064168,69500.0,17212.0,0.8951133752993583,578195.0,146889.0,0.0,0.0,0.0,0.0,0.0,0.0,-1.3257037162852585,-1.3956275290438651,-0.7341507858592827,-0.860897583102812,-1.8108345541220885
云南省,2021Q4,2021,36978016.0,1,22.153120259019996,360.38,42.01,21.14,488.06,41.72,68.39,0.9332579930735062,104168840.0,34510029.0,0.0002814645328727209,41500.0,10408.0,0.06646054239362112,10006991.0,2457579.0,0.0,0.0,0.0,0.0,0.0,0.0,-1.3257037162852585,-1.3929028875041178,-0.8239630906123238,-0.860897583102812,-1.777715607590707
云南省,2022Q1,2022,42974349.0,1,22.11050249479916,393.17,43.61,21.72,521.6,43.28,69.01,0.9654581387608687,128101710.0,41489935.0,0.0032611314251671385,600150.0,140145.0,0.03128072981396414,5785907.0,1344269.0,0.0,0.0,0.0,0.0,0.0,0.0,-1.3257037162852585,-1.4243894103275954,-1.0593720440660723,-0.860897583102812,-1.6253008458780012
云南省,2022Q2,2022,29825116.0,1,22.177703021241204,393.17,43.61,21.72,521.6,43.28,69.01,0.8963247619891905,80601245.0,26732990.0,0.007897270206761307,1123500.0,235537.0,0.09577796780404811,11435119.0,2856589.0,0.0,0.0,0.0,0.0,0.0,0.0,-1.3257037162852585,-1.364875846536396,-1.3349013681659416,-0.860897583102812,-1.5014281502668545
云南省,2022Q3,2022,4186308.0,1,22.183353144469887,393.17,43.61,21.72,521.6,43.28,69.01,0.11189214935929225,1289140.0,468415.0,0.25876404698364286,4742300.0,1083266.0,0.6293438036570649,9638930.0,2634627.0,0.0,0.0,0.0,0.0,0.0,0.0,-1.3257037162852585,-1.3239259910979198,-0.31825945290270086,-0.860897583102812,-1.6771353747675035
云南省,2022Q4,2022,55929012.0,1,22.129188550869948,393.17,43.61,21.72,521.6,43.28,69.01,0.9384472230619773,155322900.0,52486426.0,0.01210557769194993,3130100.0,677053.0,0.04348124368798076,10175034.0,2431863.0,0.0,0.0,0.0,0.005965955558092104,1300000.0,333670.0,-1.3183491483306382,-1.4509090489573622,-1.436832218401955,-0.860897583102812,-1.6821218647257514
云南省,2023Q1,2023,52884702.0,1,22.161297659705287,405.36,44.74,22.29,536.06,46.56,72.59,0.8550542272130038,135626360.0,45219288.0,0.008557332893735508,2014750.0,452552.0,0.13638843989326063,29324850.0,7212862.0,0.0,0.0,0.0,0.0,0.0,0.0,-1.3257037162852585,-1.439507305801755,-1.24733346889943,-0.860897583102812,-1.553665682788342
云南省,2023Q2,2023,14889125.0,1,22.183089586013704,405.36,44.74,22.29,536.06,46.56,72.59,0.29799192363553934,15485500.0,4436839.0,0.006892413086732766,450000.0,102622.0,0.6896362277837012,39160650.0,10268080.0,0.0,0.0,0.0,0.00547943549402668,364000.0,81584.0,-1.3944181147838117,-1.4172984314557304,-0.8264814158441716,-0.860897583102812,-1.4650571363858966
云南省,2023Q3,2023,63263174.0,1,22.158562362564474,405.36,44.74,22.29,536.06,46.56,72.59,0.9624725910843487,178183100.0,60889071.0,0.0,0.0,0.0,0.029018967654073125,6954636.0,1835832.0,0.0,0.0,0.0,0.008508441261578181,2236000.0,538271.0,-1.5668021865160564,-1.4252246773549522,-1.3389203926042559,-0.860897583102812,-1.1451021120726261
云南省,2023Q4,2023,85403392.0,1,22.21342063273373,405.36,44.74,22.29,536.06,46.56,72.59,0.9631350942126514,242448500.0,82255004.0,0.0,0.0,0.0,0.036864905787348586,12460340.0,3148388.0,0.0,0.0,0.0,0.0,0.0,0.0,-1.3257037162852585,-1.3783466025626678,-1.5187128380814214,-0.860897583102812,-1.1451021120726261
内蒙古自治区,2017Q1,2017,767981.0,1,21.45215197072097,73.52,59.48,104.13,265.16,53.21,552.86,0.0,0.0,0.0,0.0,0.0,0.0,0.0,0.0,0.0,0.0,0.0,0.0,1.0,4000000.0,767981.0,-1.7223777432210676,-1.4114565262278214,-0.7341507858592827,-0.860897583102812,-1.1451021120726261
内蒙古自治区,2017Q2,2017,958571.0,1,21.443487899168595,73.52,59.48,104.13,265.16,53.21,552.86,0.0,0.0,0.0,0.0,0.0,0.0,0.0,0.0,0.0,0.033920283421885286,159400.0,32515.0,0.9660797165781148,5000000.0,926056.0,-1.702771767378231,-1.4114565262278214,-0.7341507858592827,-1.6512165271161465,-1.1451021120726261
内蒙古自治区,2017Q3,2017,3303990.0,1,21.470461143547258,73.52,59.48,104.13,265.16,53.21,552.86,0.0,0.0,0.0,0.0,0.0,0.0,0.0,0.0,0.0,0.0,0.0,0.0,1.0,17000000.0,3303990.0,-1.7475188967619963,-1.4114565262278214,-0.7341507858592827,-0.860897583102812,-1.1451021120726261
内蒙古自治区,2017Q4,2017,2112974.0,1,21.534265340338127,73.52,59.48,104.13,265.16,53.21,552.86,0.0,0.0,0.0,0.0,0.0,0.0,0.0,0.0,0.0,0.04037626586981193,402400.0,85314.0,0.9596237341301881,10000000.0,2027660.0,-1.6100098338919264,-1.4114565262278214,-0.7341507858592827,-2.2304211419725006,-1.1451021120726261
内蒙古自治区,2018Q1,2018,89665.0,1,21.60684814901989,71.8,61.43,106.34,267.32,55.2,565.57,0.0,0.0,0.0,0.0,0.0,0.0,0.0,0.0,0.0,1.0,403000.0,89665.0,0.0,0.0,0.0,-1.3257037162852585,-1.4114565262278214,-0.7341507858592827,-2.1642222821685957,-1.1451021120726261
内蒙古自治区,2018Q2,2018,226019.0,1,21.646500960007685,71.8,61.43,106.34,267.32,55.2,565.57,0.0,0.0,0.0,0.0,0.0,0.0,0.0,0.0,0.0,1.0,1006640.0,226019.0,0.0,0.0,0.0,-1.3257037162852585,-1.4114565262278214,-0.7341507858592827,-1.4124576524655903,-1.1451021120726261
内蒙古自治区,2018Q3,2018,0.0,0,21.67753324272125,71.8,61.43,106.34,267.32,55.2,565.57,,0.0,0.0,,0.0,0.0,,0.0,0.0,,0.0,0.0,,0.0,0.0,-1.3257037162852585,-1.4114565262278214,-0.7341507858592827,-0.860897583102812,-1.1451021120726261
内蒙古自治区,2018Q4,2018,0.0,0,21.655042704294015,71.8,61.43,106.34,267.32,55.2,565.57,,0.0,0.0,,0.0,0.0,,0.0,0.0,,0.0,0.0,,0.0,0.0,-1.3257037162852585,-1.4114565262278214,-0.7341507858592827,-0.860897583102812,-1.1451021120726261
内蒙古自治区,2019Q1,2019,228775.0,1,21.579844060859145,62.57,63.78,109.79,264.56,58.1,577.2,0.0,0.0,0.0,0.0,0.0,0.0,0.0,0.0,0.0,1.0,1093350.0,228775.0,0.0,0.0,0.0,-1.3257037162852585,-1.4114565262278214,-0.7341507858592827,-1.4498338751731277,-1.1451021120726261
内蒙古自治区,2019Q2,2019,3248675.0,1,21.677900870413993,62.57,63.78,109.79,264.56,58.1,577.2,0.13483096954912388,2000059.0,438022.0,0.0,0.0,0.0,0.0,0.0,0.0,0.8651690304508761,14625190.0,2810653.0,0.0,0.0,0.0,-1.3257037162852585,-1.4114565262278214,-1.4744147890043253,-1.4575417255071543,-1.1451021120726261
内蒙古自治区,2019Q3,2019,2731700.0,1,21.70309284797299,62.57,63.78,109.79,264.56,58.1,577.2,0.0,0.0,0.0,0.0,0.0,0.0,0.0,0.0,0.0,1.0,14139420.0,2731700.0,0.0,0.0,0.0,-1.3257037162852585,-1.4114565262278214,-0.7341507858592827,-1.0134283368535488,-1.1451021120726261
内蒙古自治区,2019Q4,2019,391529.0,1,21.66755616324413,62.57,63.78,109.79,264.56,58.1,577.2,0.0,0.0,0.0,0.0,0.0,0.0,0.0,0.0,0.0,1.0,1957545.0,391529.0,0.0,0.0,0.0,-1.3257037162852585,-1.4114565262278214,-0.7341507858592827,-1.4411447426264066,-1.1451021120726261
内蒙古自治区,2020Q1,2020,2483430.0,1,21.9886941161288,61.35,66.25,112.97,267.95,60.44,611.48,0.0,0.0,0.0,0.0,0.0,0.0,0.0,0.0,0.0,1.0,12163070.0,2483430.0,0.0,0.0,0.0,-1.3257037162852585,-1.4114565262278214,-0.7341507858592827,-1.045983220478159,-1.1451021120726261
内蒙古自治区,2020Q2,2020,5880925.0,1,21.649927400308567,61.35,66.25,112.97,267.95,60.44,611.48,0.0,0.0,0.0,0.0,0.0,0.0,0.0,0.0,0.0,1.0,28117030.0,5880925.0,0.0,0.0,0.0,-1.3257037162852585,-1.4114565262278214,-0.7341507858592827,-1.2769434187396196,-1.1451021120726261
内蒙古自治区,2020Q3,2020,268476.0,1,21.66859170220497,61.35,66.25,112.97,267.95,60.44,611.48,0.0,0.0,0.0,0.0,0.0,0.0,0.0,0.0,0.0,1.0,1316098.0,268476.0,0.0,0.0,0.0,-1.3257037162852585,-1.4114565262278214,-0.7341507858592827,-1.2164374244742522,-1.1451021120726261
内蒙古自治区,2020Q4,2020,384996.0,1,21.660023736396642,61.35,66.25,112.97,267.95,60.44,611.48,0.0,0.0,0.0,0.0,0.0,0.0,0.0,0.0,0.0,0.20021766459911272,313450.0,77083.0,0.7997823354008873,1547325.0,307913.0,-1.5888409201292442,-1.4114565262278214,-0.7341507858592827,-1.08135769493928,-1.1451021120726261
内蒙古自治区,2021Q1,2021,48958713.0,1,21.80114546524038,67.39,68.71,113.65,277.32,61.56,673.24,0.9423648248269925,182080000.0,46136969.0,0.0,0.0,0.0,0.0,0.0,0.0,0.03163639125889604,5615620.0,1548877.0,0.025998783914111468,5822046.0,1272867.0,-1.4790531518922405,-1.4114565262278214,-1.6770974435164856,-1.1306114473052749,-1.1451021120726261
内蒙古自治区,2021Q2,2021,94169786.0,1,22.236790816196876,67.39,68.71,113.65,277.32,61.56,673.24,0.8793551150259596,270340060.0,82808683.0,0.0,0.0,0.0,0.0,0.0,0.0,0.08811470592064423,34512085.0,8297743.0,0.03253017905339617,12490300.0,3063360.0,-1.3945008233966347,-1.4114565262278214,-1.2707148955212848,-1.149547349940491,-1.1451021120726261
内蒙古自治区,2021Q3,2021,5000232.0,1,22.00710039164487,67.39,68.71,113.65,277.32,61.56,673.24,0.0,0.0,0.0,0.0,0.0,0.0,0.0,0.0,0.0,0.4193189436010169,7531960.0,2096692.0,0.580681056398983,11635450.0,2903540.0,-1.3576311084279997,-1.4114565262278214,-0.7341507858592827,-1.4890245881023718,-1.1451021120726261
内蒙古自治区,2021Q4,2021,3725825.0,1,21.942525914476583,67.39,68.71,113.65,277.32,61.56,673.24,0.0,0.0,0.0,0.0,0.0,0.0,0.0,0.0,0.0,0.7440684948971034,10413080.0,2772269.0,0.2559315051028967,3387200.0,953556.0,-1.3128711411019223,-1.4114565262278214,-0.7341507858592827,-1.3260501186701723,-1.1451021120726261
内蒙古自治区,2022Q1,2022,5875164.0,1,21.92934576266486,73.66,71.87,110.25,284.05,62.59,733.83,0.0,0.0,0.0,0.0,0.0,0.0,0.0,0.0,0.0,0.6545025806939176,15350070.0,3845310.0,0.34549741930608235,6594700.0,2029854.0,-1.2461807857104517,-1.4114565262278214,-0.7341507858592827,-1.293754421681411,-1.1451021120726261
内蒙古自治区,2022Q2,2022,38933710.0,1,22.030569692543065,73.66,71.87,110.25,284.05,62.59,733.83,0.7962785462777628,87007500.0,31002078.0,0.0,0.0,0.0,0.0,0.0,0.0,0.17217249524897577,28284200.0,6703314.0,0.03154895847326135,3583740.0,1228318.0,-1.1795085032452681,-1.4114565262278214,-1.3313036761281452,-1.3894398999025452,-1.1451021120726261
内蒙古自治区,2022Q3,2022,13000003.0,1,21.989800720567736,73.66,71.87,110.25,284.05,62.59,733.83,0.3275634628699701,11950000.0,4258326.0,0.0,0.0,0.0,0.0,0.0,0.0,0.4861011185920496,27625280.0,6319316.0,0.18633541853798033,7122800.0,2422361.0,-1.14228723870934,-1.4114565262278214,-0.3849065746006999,-1.5297200891874847,-1.1451021120726261
内蒙古自治区,2022Q4,2022,6438996.0,1,21.926606819532257,73.66,71.87,110.25,284.05,62.59,733.83,0.0,0.0,0.0,0.0,0.0,0.0,0.0,0.0,0.0,0.44290724827286737,10783850.0,2851878.0,0.5570927517271326,12022900.0,3587118.0,-1.106386613031428,-1.4114565262278214,-0.7341507858592827,-1.5661088091319102,-1.1451021120726261
内蒙古自治区,2023Q1,2023,8404422.0,1,21.91652111457452,75.67,77.84,108.8,291.24,67.21,792.58,0.0,0.0,0.0,0.0,0.0,0.0,0.0,0.0,0.0,0.6365889290185571,21011450.0,5350162.0,0.3634110709814429,9867620.0,3054260.0,-1.111617445708659,-1.4114565262278214,-0.7341507858592827,-1.7425958529732744,-1.1451021120726261
内蒙古自治区,2023Q2,2023,14035710.0,1,21.955233050725965,75.67,77.84,108.8,291.24,67.21,792.58,0.0,0.0,0.0,0.0,0.0,0.0,0.0,0.0,0.0,0.3348812422029238,23153880.0,4700296.0,0.6651187577970762,31110710.0,9335414.0,-1.1824555794846017,-1.4114565262278214,-0.7341507858592827,-1.6381942861877614,-1.1451021120726261
内蒙古自治区,2023Q3,2023,15575489.0,1,21.91927996991214,75.67,77.84,108.8,291.24,67.21,792.58,0.0,0.0,0.0,0.0,0.0,0.0,0.0,0.0,0.0,0.210029360875925,17313460.0,3271310.0,0.7899706391240751,53065010.0,12304179.0,-1.3452220213559851,-1.4114565262278214,-0.7341507858592827,-2.0830895795970763,-1.1451021120726261
内蒙古自治区,2023Q4,2023,25685189.0,1,21.973496815487817,75.67,77.84,108.8,291.24,67.21,792.58,0.0,0.0,0.0,0.0,0.0,0.0,0.0,0.0,0.0,0.2657262907428869,31366560.0,6825230.0,0.7342737092571131,83445120.0,18859959.0,-1.3993379641495367,-1.4114565262278214,-0.7341507858592827,-2.0697627070417295,-1.1451021120726261
北京市,2017Q1,2017,82800532.0,1,24.810271103331104,19.22,1.47,1.06,26.39,15.68,37.42,0.03156956769311579,4127932.0,2613977.0,0.645231723873465,272723800.0,53425530.0,0.10360984154063164,49770200.0,8578950.0,0.03511979850564245,4901031.0,2907938.0,0.18446906838714514,74609462.0,15274137.0,-1.6109160297009468,-1.7275994972613682,-1.0523447949183546,-0.8356526451887047,-1.6582278619826967
北京市,2017Q2,2017,55412892.0,1,24.847572935577098,19.22,1.47,1.06,26.39,15.68,37.42,0.2105353750531555,52603044.0,11666374.0,0.22512376722730876,61488671.0,12474759.0,0.009577771180035144,3150000.0,530732.0,0.04743518890874708,4550591.0,2628521.0,0.5073278976307535,149688870.0,28112506.0,-1.6032937016744753,-1.7552624478092556,-0.35114473344760894,-0.5344862709414665,-1.3416759409362524
北京市,2017Q3,2017,133833385.0,1,24.841915909357326,19.22,1.47,1.06,26.39,15.68,37.42,0.31037048042982696,192858903.0,41537932.0,0.3425647345017837,222088500.0,45846598.0,0.060766751136123474,47446930.0,8132620.0,0.002176923194463026,675092.0,291345.0,0.28412111073780283,198706230.0,38024890.0,-1.650808903528465,-1.7377499605256932,-1.24080417175521,-0.9091352603538839,-1.5980147797148625
北京市,2017Q4,2017,81436325.0,1,24.9462977211828,19.22,1.47,1.06,26.39,15.68,37.42,0.49708569241060424,183089322.0,40480832.0,0.13600590399922885,51380896.0,11075821.0,0.0,0.0,0.0,0.0033655988282870085,1172107.0,274082.0,0.3635428047618799,146402010.0,29605590.0,-1.5163370194825845,-1.4114565262278214,-0.8563484033041595,-1.2237184946938613,-1.5565098370310824
北京市,2018Q1,2018,130549006.0,1,25.022186533505927,13.53,0.94,0.6,17.47,11.25,31.06,0.20583339408957277,118289758.0,26871345.0,0.4748538644560802,270981200.0,61991700.0,0.0,0.0,0.0,0.0066085604665576695,1493955.0,862741.0,0.31270418098778935,180144114.0,40823220.0,-1.4759128697107995,-1.4114565262278214,-1.3750495896858788,-1.405402289265866,-1.4397979558046188
北京市,2018Q2,2018,132530131.0,1,25.084094385772953,13.53,0.94,0.6,17.47,11.25,31.06,0.37725578796869974,219017974.0,49997759.0,0.3252081747357512,177540156.0,43099882.0,0.0,0.0,0.0,0.009924316757824679,2068595.0,1315271.0,0.2876117205377244,153909404.0,38117219.0,-1.4245031433639594,-1.4114565262278214,-1.3413583231142536,-0.654328437282602,-1.2796785203065146
北京市,2018Q3,2018,48631426.0,1,25.13382800433071,13.53,0.94,0.6,17.47,11.25,31.06,0.03249222015410364,2331793.0,1580143.0,0.341069805355903,52452020.0,16586711.0,0.0,0.0,0.0,0.004083203317953292,350118.0,198572.0,0.6223547711720401,118294000.0,30266000.0,-1.3774458226524644,-1.4114565262278214,-0.6252566506958855,-0.6466106961306598,-1.1468587899875298
北京市,2018Q4,2018,50437119.0,1,25.11368918448675,13.53,0.94,0.6,17.47,11.25,31.06,0.5545669252044313,113284100.0,27970758.0,0.009096772557528514,1498410.0,458815.0,0.29092924597854214,59465390.0,14673633.0,0.0012180116790572436,100168.0,61433.0,0.14418904458044085,27000000.0,7272480.0,-1.3306205126192374,-1.4201544981081649,-1.153099623968223,-0.6531709075679208,-1.2431565239333686
北京市,2019Q1,2019,40248219.0,1,24.998491439353216,2.29,0.75,0.38,5.14,9.62,26.41,0.38252522428383723,56540100.0,15395959.0,0.0,0.0,0.0,0.11661882479818549,20338740.0,4693700.0,0.036611085822207436,2498831.0,1473531.0,0.46424486509576984,68133614.0,18685029.0,-1.2951620346956212,-1.4851876354953348,-1.2636028674058695,-0.7955157581017258,-1.1451021120726261
北京市,2019Q2,2019,210340262.0,1,25.083700734186547,2.29,0.75,0.38,5.14,9.62,26.41,0.7318223983195381,704536888.0,153931715.0,0.00015378415759508752,157058.0,32347.0,0.0579969326081756,51540600.0,12199090.0,0.004604301576842193,1631963.0,968470.0,0.20542258333784905,161672600.0,43208640.0,-1.2919213829160063,-1.4358591727390708,-1.500853268642233,-0.7665082030648173,-1.3463884937257538
北京市,2019Q3,2019,99526219.0,1,25.05660541809973,2.29,0.75,0.38,5.14,9.62,26.41,0.670762183781944,300450839.0,66758424.0,0.14021698141672598,58781165.0,13955266.0,0.052352335418268024,20250700.0,5210430.0,0.002761071431840488,704584.0,274799.0,0.13390742795122157,60500000.0,13327300.0,-1.4247459463390504,-1.4162517976926952,-1.1769742769857496,-0.34509756632419464,-1.4124386973564398
北京市,2019Q4,2019,153442636.0,1,25.09085919581794,2.29,0.75,0.38,5.14,9.62,26.41,0.7262772779789837,480828495.0,111441900.0,0.007485663893313199,3992430.0,1148620.0,0.11970747165735604,75847390.0,18368230.0,0.0024913935915438783,1085955.0,382286.0,0.14403819287880326,90417700.0,22101600.0,-1.416471469961247,-1.412494240783066,-1.5308637672936523,-0.6491506847231306,-1.6045701044264078
北京市,2020Q1,2020,96787922.0,1,25.379437461475455,1.42,0.45,0.22,3.53,9.74,24.24,0.6653035592602143,267432170.0,64393349.0,0.14717228870767574,58300000.0,14244500.0,0.17308624520319799,71472780.0,16752658.0,0.01443790682891198,2644008.0,1397415.0,0.0,0.0,0.0,-1.3257037162852585,-1.4468878667623681,-1.7257638379959843,-0.23304697764976376,-1.421940394765554
北京市,2020Q2,2020,343955514.0,1,24.91096510900321,1.42,0.45,0.22,3.53,9.74,24.24,0.7360062819053979,1153013425.0,253153419.0,0.07705615093002986,121996078.0,26503888.0,0.09569361344792979,144334252.0,32914346.0,0.016052413103631768,11213952.0,5521316.0,0.07519154061301078,115494026.0,25862545.0,-1.4657113172684015,-1.4843201031535085,-1.6448514793807998,-0.6569991234319444,-1.208633113948537
北京市,2020Q3,2020,519979955.0,1,24.99381048824267,1.42,0.45,0.22,3.53,9.74,24.24,0.7408423715102633,1825260437.0,385223183.0,0.05175359692471222,109743439.0,26910833.0,0.042497842056238494,85918500.0,22098026.0,0.00040958886578618207,383143.0,212978.0,0.16449660064299979,396525365.0,85534935.0,-1.4883129427567716,-1.3600249421059125,-1.459433199607509,-0.21298205277852972,-1.1579622486129486
北京市,2020Q4,2020,893515100.0,1,24.950613232161018,1.42,0.45,0.22,3.53,9.74,24.24,0.8953274768383881,3567498802.0,799988620.0,0.02055417530157017,68365210.0,18365466.0,0.014981929236562426,48222190.0,13386580.0,8.496666704345567e-05,208651.0,75919.0,0.06905145195643587,260005300.0,61698515.0,-1.4831571400643773,-1.2931644892339076,-1.243109579505939,-0.3266760285571868,-1.3617112550505237
北京市,2021Q1,2021,1276819362.0,1,25.098086690896615,2.63,0.43,0.19,4.42,9.35,25.85,0.8605528391102202,4608445095.0,1098770527.0,0.0393648714108394,173248310.0,50261830.0,0.014585713965700341,67246100.0,18623322.0,0.002293242166545404,6749820.0,2928056.0,0.08320333334669466,399610980.0,106235627.0,-1.3960397487884386,-1.2717872625451974,-1.6859275080204073,-0.6019410551560072,-1.2955623385667518
北京市,2021Q2,2021,2350042839.0,1,25.525414402190332,2.63,0.43,0.19,4.42,9.35,25.85,0.8168671924367418,7203599700.0,1919672896.0,0.12225950532980902,881666671.0,287315075.0,0.007415029935120259,62795310.0,17425638.0,0.004020034376913757,23597045.0,9447253.0,0.04943823792141518,410148697.0,116181977.0,-1.2999509417036939,-1.2394025885218283,-1.5246565367216305,-0.5150884056430021,-1.3791139166409234
北京市,2021Q3,2021,2555306978.0,1,25.286917857222633,2.63,0.43,0.19,4.42,9.35,25.85,0.9014660233906346,7642445017.0,2303522420.0,0.08382561971777311,648948297.0,214200191.0,0.005139977354219866,45873970.0,13134220.0,0.0004840799992524421,2916251.0,1236973.0,0.009084299538119917,80500000.0,23213174.0,-1.264714787485496,-1.2267644174330816,-1.0839567457864567,-0.6167384102101867,-1.3382662094121827
北京市,2021Q4,2021,1063890564.0,1,25.371320096040805,2.63,0.43,0.19,4.42,9.35,25.85,0.8057427981850208,2754428658.0,857222160.0,0.09330651136407672,290619710.0,99267917.0,0.018261213753936443,68239405.0,19427933.0,0.00038626717249463265,755754.0,410946.0,0.08230320952447136,299086690.0,87561608.0,-1.216678554145266,-1.225981610180293,-1.0268882300165354,-0.6859588739573136,-1.130859177752532
北京市,2022Q1,2022,1838474059.0,1,25.347253711479624,2.78,0.43,0.19,4.33,8.73,26.22,0.8645622717486491,4890057352.0,1589475309.0,0.1053476452669382,574870614.0,193678913.0,0.010356019388359507,66077311.0,19039273.0,0.002273996186964964,6332654.0,4180683.0,0.017460067409088204,107835080.0,32099881.0,-1.1430191586120877,-1.2470663034169918,-1.4839798699926394,-0.7830914946246366,-1.1649509878275879
北京市,2022Q2,2022,1986764042.0,1,25.42342482485368,2.78,0.43,0.19,4.33,8.73,26.22,0.9038200219248784,5432019740.0,1795677120.0,0.09058759681337136,497173166.0,179976180.0,0.0034543518278553585,22410095.0,6862982.0,0.0019418767998822077,4280980.0,3858051.0,0.00019615263401269068,1139500.0,389709.0,-1.085336109972956,-1.234438802805198,-1.3554960085552143,-0.6873661806823396,-1.032953535348318
北京市,2022Q3,2022,1954050834.0,1,25.4473924586437,2.78,0.43,0.19,4.33,8.73,26.22,0.8970921408485732,4677940598.0,1752963646.0,0.09934182909798343,511170124.0,194118984.0,0.0033390922520903058,20822080.0,6524756.0,0.00022693780135302254,497174.0,443448.0,0.0,0.0,0.0,-1.3257037162852585,-1.1825032524304455,-0.2400340646770598,-0.6226322494055605,-1.0229892547037778
北京市,2022Q4,2022,784400212.0,1,25.433505074621614,2.78,0.43,0.19,4.33,8.73,26.22,0.8307027854296398,1552421853.0,651603441.0,0.13835661099999805,307176600.0,108526955.0,0.018020631284582058,50222740.0,14135387.0,0.0022319563065084946,5903950.0,1750747.0,0.010688015979271562,24536380.0,8383682.0,-1.0092868692537509,-1.2705267969633354,-1.700459679075143,-0.7963321684131297,-1.1056996222176678
北京市,2023Q1,2023,1968242941.0,1,25.355423153985697,2.7,0.5,0.2,4.23,9.1,26.5,0.9308192179107629,4879588452.0,1832078355.0,0.03322153817393013,188731170.0,65388058.0,0.01917506584874372,140979500.0,37741188.0,0.0021970067362736194,6355483.0,4324243.0,0.014587171330289557,75723150.0,28711097.0,-1.0092081860385134,-1.301288767869314,-1.2364044057154455,-1.016005566552261,-1.038800910142993
北京市,2023Q2,2023,1130350964.0,1,25.376259504525127,2.7,0.5,0.2,4.23,9.1,26.5,0.7627154657781139,2472811819.0,862136162.0,0.10798322458014907,328983910.0,122058942.0,0.07295771191999444,292146300.0,82467820.0,0.0034545173352017416,6111732.0,3904817.0,0.0528890803865409,169746000.0,59783223.0,-1.087320945891572,-1.2799811337908984,-1.1385522547295108,-0.8592217217623279,-0.854300707284434
北京市,2023Q3,2023,1206301173.0,1,25.364404639604455,2.7,0.5,0.2,4.23,9.1,26.5,0.8486649834336188,2929882096.0,1023745565.0,0.07140994631197295,241334462.0,86141902.0,0.006701473214931542,29350320.0,8083995.0,0.00018613510873208777,1007760.0,224535.0,0.07303746193074455,277455640.0,88105176.0,-1.2491909402045702,-1.2873097873913328,-1.389330670060069,-1.0763869323184379,-1.0395399932501963
北京市,2023Q4,2023,2580201260.0,1,25.422318267662735,2.7,0.5,0.2,4.23,9.1,26.5,0.8900471531433947,7252582219.0,2296500786.0,0.039990197508856344,320803076.0,103182758.0,0.001980004846598672,18062660.0,5108811.0,9.836635766932383e-05,1136969.0,253805.0,0.06788427814348094,620917470.0,175155100.0,-1.2957572230551786,-1.2752356111200704,-1.5646511625417021,-1.1937577613560704,-1.1724264082853195
吉林省,2017Q1,2017,0.0,0,21.83234540434724,136.14,38.03,4.87,256.13,120.98,33.98,,0.0,0.0,,0.0,0.0,,0.0,0.0,,0.0,0.0,,0.0,0.0,-1.3257037162852585,-1.4114565262278214,-0.7341507858592827,-0.860897583102812,-1.1451021120726261
吉林省,2017Q2,2017,0.0,0,21.915409543850746,136.14,38.03,4.87,256.13,120.98,33.98,,0.0,0.0,,0.0,0.0,,0.0,0.0,,0.0,0.0,,0.0,0.0,-1.3257037162852585,-1.4114565262278214,-0.7341507858592827,-0.860897583102812,-1.1451021120726261
吉林省,2017Q3,2017,0.0,0,21.994012144322163,136.14,38.03,4.87,256.13,120.98,33.98,,0.0,0.0,,0.0,0.0,,0.0,0.0,,0.0,0.0,,0.0,0.0,-1.3257037162852585,-1.4114565262278214,-0.7341507858592827,-0.860897583102812,-1.1451021120726261
吉林省,2017Q4,2017,75628.0,1,22.036452029231388,136.14,38.03,4.87,256.13,120.98,33.98,1.0,359120.0,75628.0,0.0,0.0,0.0,0.0,0.0,0.0,0.0,0.0,0.0,0.0,0.0,0.0,-1.3257037162852585,-1.4114565262278214,-1.3320252641057306,-0.860897583102812,-1.1451021120726261
吉林省,2018Q1,2018,17224990.0,1,21.97998145408639,126.99,40.66,4.62,253.6,117.11,38.83,1.0,84168800.0,17224990.0,0.0,0.0,0.0,0.0,0.0,0.0,0.0,0.0,0.0,0.0,0.0,0.0,-1.3257037162852585,-1.4114565262278214,-1.6843911861366636,-0.860897583102812,-1.1451021120726261
吉林省,2018Q2,2018,12716689.0,1,21.98799847241568,126.99,40.66,4.62,253.6,117.11,38.83,0.9999930013229072,57774000.0,12716600.0,6.998677092755827e-06,2.0,89.0,0.0,0.0,0.0,0.0,0.0,0.0,0.0,0.0,0.0,-1.3257037162852585,-1.4114565262278214,-1.464782242480314,-0.860897583102812,0.8313861674464913
吉林省,2018Q3,2018,0.0,0,22.152145834138068,126.99,40.66,4.62,253.6,117.11,38.83,,0.0,0.0,,0.0,0.0,,0.0,0.0,,0.0,0.0,,0.0,0.0,-1.3257037162852585,-1.4114565262278214,-0.7341507858592827,-0.860897583102812,-1.1451021120726261
吉林省,2018Q4,2018,0.0,0,21.964260397182837,126.99,40.66,4.62,253.6,117.11,38.83,,0.0,0.0,,0.0,0.0,,0.0,0.0,,0.0,0.0,,0.0,0.0,-1.3257037162852585,-1.4114565262278214,-0.7341507858592827,-0.860897583102812,-1.1451021120726261
吉林省,2019Q1,2019,13802500.0,1,21.874865527193013,108.28,41.86,4.73,243.22,121.53,39.9,1.0,66000000.0,13802500.0,0.0,0.0,0.0,0.0,0.0,0.0,0.0,0.0,0.0,0.0,0.0,0.0,-1.3257037162852585,-1.4114565262278214,-1.3812779493855687,-0.860897583102812,-1.1451021120726261
吉林省,2019Q2,2019,0.0,0,21.98632393879496,108.28,41.86,4.73,243.22,121.53,39.9,,0.0,0.0,,0.0,0.0,,0.0,0.0,,0.0,0.0,,0.0,0.0,-1.3257037162852585,-1.4114565262278214,-0.7341507858592827,-0.860897583102812,-1.1451021120726261
吉林省,2019Q3,2019,0.0,0,21.99294118166137,108.28,41.86,4.73,243.22,121.53,39.9,,0.0,0.0,,0.0,0.0,,0.0,0.0,,0.0,0.0,,0.0,0.0,-1.3257037162852585,-1.4114565262278214,-0.7341507858592827,-0.860897583102812,-1.1451021120726261
吉林省,2019Q4,2019,269019.0,1,22.012530841977217,108.28,41.86,4.73,243.22,121.53,39.9,0.0,0.0,0.0,1.0,989720.0,269019.0,0.0,0.0,0.0,0.0,0.0,0.0,0.0,0.0,0.0,-1.3257037162852585,-1.4114565262278214,-0.7341507858592827,-0.860897583102812,0.5456856003561341
吉林省,2020Q1,2020,4599540.0,1,21.881818117614333,105.03,38.7,5.19,237.36,121.95,39.26,1.0,21994000.0,4599540.0,0.0,0.0,0.0,0.0,0.0,0.0,0.0,0.0,0.0,0.0,0.0,0.0,-1.3257037162852585,-1.4114565262278214,-1.6576879720382576,-0.860897583102812,-1.1451021120726261
吉林省,2020Q2,2020,0.0,0,21.836607437886112,105.03,38.7,5.19,237.36,121.95,39.26,,0.0,0.0,,0.0,0.0,,0.0,0.0,,0.0,0.0,,0.0,0.0,-1.3257037162852585,-1.4114565262278214,-0.7341507858592827,-0.860897583102812,-1.1451021120726261
吉林省,2020Q3,2020,17896269.0,1,22.227241220184712,105.03,38.7,5.19,237.36,121.95,39.26,1.0,85856155.0,17896269.0,0.0,0.0,0.0,0.0,0.0,0.0,0.0,0.0,0.0,0.0,0.0,0.0,-1.3257037162852585,-1.4114565262278214,-1.512508470005832,-0.860897583102812,-1.1451021120726261
吉林省,2020Q4,2020,0.0,0,22.188267015826966,105.03,38.7,5.19,237.36,121.95,39.26,,0.0,0.0,,0.0,0.0,,0.0,0.0,,0.0,0.0,,0.0,0.0,-1.3257037162852585,-1.4114565262278214,-0.7341507858592827,-0.860897583102812,-1.1451021120726261
吉林省,2021Q1,2021,0.0,0,22.10958019663735,142.42,40.85,7.63,274.65,104.72,32.69,,0.0,0.0,,0.0,0.0,,0.0,0.0,,0.0,0.0,,0.0,0.0,-1.3257037162852585,-1.4114565262278214,-0.7341507858592827,-0.860897583102812,-1.1451021120726261
吉林省,2021Q2,2021,43450888.0,1,22.50467659968836,142.42,40.85,7.63,274.65,104.72,32.69,1.0,158612047.0,43450888.0,0.0,0.0,0.0,0.0,0.0,0.0,0.0,0.0,0.0,0.0,0.0,0.0,-1.3257037162852585,-1.4114565262278214,-1.4951811802689743,-0.860897583102812,-1.1451021120726261
吉林省,2021Q3,2021,0.0,0,22.19262466956641,142.42,40.85,7.63,274.65,104.72,32.69,,0.0,0.0,,0.0,0.0,,0.0,0.0,,0.0,0.0,,0.0,0.0,-1.3257037162852585,-1.4114565262278214,-0.7341507858592827,-0.860897583102812,-1.1451021120726261
吉林省,2021Q4,2021,0.0,0,22.16323835016322,142.42,40.85,7.63,274.65,104.72,32.69,,0.0,0.0,,0.0,0.0,,0.0,0.0,,0.0,0.0,,0.0,0.0,-1.3257037162852585,-1.4114565262278214,-0.7341507858592827,-0.860897583102812,-1.1451021120726261
吉林省,2022Q1,2022,0.0,0,22.12095724154719,150.11,44.32,8.32,291.04,95.85,29.3,,0.0,0.0,,0.0,0.0,,0.0,0.0,,0.0,0.0,,0.0,0.0,-1.3257037162852585,-1.4114565262278214,-0.7341507858592827,-0.860897583102812,-1.1451021120726261
吉林省,2022Q2,2022,0.0,0,22.13055448948028,150.11,44.32,8.32,291.04,95.85,29.3,,0.0,0.0,,0.0,0.0,,0.0,0.0,,0.0,0.0,,0.0,0.0,-1.3257037162852585,-1.4114565262278214,-0.7341507858592827,-0.860897583102812,-1.1451021120726261
吉林省,2022Q3,2022,0.0,0,22.108303108910647,150.11,44.32,8.32,291.04,95.85,29.3,,0.0,0.0,,0.0,0.0,,0.0,0.0,,0.0,0.0,,0.0,0.0,-1.3257037162852585,-1.4114565262278214,-0.7341507858592827,-0.860897583102812,-1.1451021120726261
吉林省,2022Q4,2022,0.0,0,22.021631498412386,150.11,44.32,8.32,291.04,95.85,29.3,,0.0,0.0,,0.0,0.0,,0.0,0.0,,0.0,0.0,,0.0,0.0,-1.3257037162852585,-1.4114565262278214,-0.7341507858592827,-0.860897583102812,-1.1451021120726261
吉林省,2023Q1,2023,6893922.0,1,21.90756505939341,158.52,49.06,9.02,309.43,95.75,30.83,1.0,23444060.0,6893922.0,0.0,0.0,0.0,0.0,0.0,0.0,0.0,0.0,0.0,0.0,0.0,0.0,-1.3257037162852585,-1.4114565262278214,-1.3762589070478017,-0.860897583102812,-1.1451021120726261
吉林省,2023Q2,2023,240194.0,1,21.959402610207793,158.52,49.06,9.02,309.43,95.75,30.83,1.0,813600.0,240194.0,0.0,0.0,0.0,0.0,0.0,0.0,0.0,0.0,0.0,0.0,0.0,0.0,-1.3257037162852585,-1.4114565262278214,-1.1903388448570584,-0.860897583102812,-1.1451021120726261
吉林省,2023Q3,2023,0.0,0,22.024936794377055,158.52,49.06,9.02,309.43,95.75,30.83,,0.0,0.0,,0.0,0.0,,0.0,0.0,,0.0,0.0,,0.0,0.0,-1.3257037162852585,-1.4114565262278214,-0.7341507858592827,-0.860897583102812,-1.1451021120726261
吉林省,2023Q4,2023,0.0,0,22.088607166522756,158.52,49.06,9.02,309.43,95.75,30.83,,0.0,0.0,,0.0,0.0,,0.0,0.0,,0.0,0.0,,0.0,0.0,-1.3257037162852585,-1.4114565262278214,-0.7341507858592827,-0.860897583102812,-1.1451021120726261
四川省,2017Q1,2017,10820151.0,1,22.569596485011825,472.23,33.31,27.24,653.82,144.5,63.7,0.0,0.0,0.0,0.05144577002668447,2502250.0,556651.0,0.0,0.0,0.0,0.0,0.0,0.0,0.9485542299733155,55731100.0,10263500.0,-1.7143573192463377,-1.4114565262278214,-0.7341507858592827,-0.860897583102812,-1.5034888082316593
四川省,2017Q2,2017,1354737.0,1,22.673707884284497,472.23,33.31,27.24,653.82,144.5,63.7,0.0,0.0,0.0,1.0,5975510.0,1354737.0,0.0,0.0,0.0,0.0,0.0,0.0,0.0,0.0,0.0,-1.3257037162852585,-1.4114565262278214,-0.7341507858592827,-0.860897583102812,-1.238989650777861
四川省,2017Q3,2017,2566819.0,1,22.808143337094865,472.23,33.31,27.24,653.82,144.5,63.7,0.0,0.0,0.0,1.0,10743450.0,2566819.0,0.0,0.0,0.0,0.0,0.0,0.0,0.0,0.0,0.0,-1.3257037162852585,-1.4114565262278214,-0.7341507858592827,-0.860897583102812,-1.4432757259638254
四川省,2017Q4,2017,871173.0,1,22.87101498033545,472.23,33.31,27.24,653.82,144.5,63.7,0.0,0.0,0.0,1.0,2995060.0,871173.0,0.0,0.0,0.0,0.0,0.0,0.0,0.0,0.0,0.0,-1.3257037162852585,-1.4114565262278214,-0.7341507858592827,-0.860897583102812,-1.4017707832800448
四川省,2018Q1,2018,0.0,0,22.78397993259723,481.2,34.47,26.31,664.74,148.8,64.24,,0.0,0.0,,0.0,0.0,,0.0,0.0,,0.0,0.0,,0.0,0.0,-1.3257037162852585,-1.4114565262278214,-0.7341507858592827,-0.860897583102812,-1.1451021120726261
四川省,2018Q2,2018,3761531.0,1,22.852061601853826,481.2,34.47,26.31,664.74,148.8,64.24,0.0,0.0,0.0,1.0,12439620.0,3761531.0,0.0,0.0,0.0,0.0,0.0,0.0,0.0,0.0,0.0,-1.3257037162852585,-1.4114565262278214,-0.7341507858592827,-0.860897583102812,-1.1641304835850133
四川省,2018Q3,2018,4201291.0,1,22.97931293837288,481.2,34.47,26.31,664.74,148.8,64.24,8.330772612513629e-06,7.0,35.0,0.9999916692273875,12939470.0,4201256.0,0.0,0.0,0.0,0.0,0.0,0.0,0.0,0.0,0.0,-1.3257037162852585,-1.4114565262278214,0.6419665348572839,-0.860897583102812,-0.9921197362364923
四川省,2018Q4,2018,1653432.0,1,22.838893842648265,481.2,34.47,26.31,664.74,148.8,64.24,0.0,0.0,0.0,0.9999455677645044,4980230.0,1653342.0,0.0,0.0,0.0,5.443223549562365e-05,23.0,90.0,0.0,0.0,0.0,-1.3257037162852585,-1.4114565262278214,-0.7341507858592827,-0.018307138677716495,-1.0884174701823313
四川省,2019Q1,2019,0.0,0,22.689158558231945,353.45,36.43,27.08,559.53,161.7,66.74,,0.0,0.0,,0.0,0.0,,0.0,0.0,,0.0,0.0,,0.0,0.0,-1.3257037162852585,-1.4114565262278214,-0.7341507858592827,-0.860897583102812,-1.1451021120726261
四川省,2019Q2,2019,9.0,1,22.781129678245286,353.45,36.43,27.08,559.53,161.7,66.74,0.0,0.0,0.0,0.0,0.0,0.0,0.0,0.0,0.0,1.0,0.0,9.0,0.0,0.0,0.0,-1.3257037162852585,-1.4114565262278214,-0.7341507858592827,-0.860897583102812,-1.1451021120726261
四川省,2019Q3,2019,10.0,1,22.876824021817676,353.45,36.43,27.08,559.53,161.7,66.74,0.0,0.0,0.0,0.0,0.0,0.0,0.0,0.0,0.0,1.0,0.0,10.0,0.0,0.0,0.0,-1.3257037162852585,-1.4114565262278214,-0.7341507858592827,-0.860897583102812,-1.1451021120726261
四川省,2019Q4,2019,570830.0,1,22.89122715489795,353.45,36.43,27.08,559.53,161.7,66.74,0.0,0.0,0.0,1.0,1996920.0,570830.0,0.0,0.0,0.0,0.0,0.0,0.0,0.0,0.0,0.0,-1.3257037162852585,-1.4114565262278214,-0.7341507858592827,-0.860897583102812,-1.4498310506753704
四川省,2020Q1,2020,96696.0,1,22.721022135273284,394.8,37.03,27.3,597.83,167.93,68.01,0.0,0.0,0.0,1.0,299400.0,96696.0,0.0,0.0,0.0,0.0,0.0,0.0,0.0,0.0,0.0,-1.3257037162852585,-1.4114565262278214,-0.7341507858592827,-0.860897583102812,-1.2672013410145166
四川省,2020Q2,2020,0.0,0,22.814814255607487,394.8,37.03,27.3,597.83,167.93,68.01,,0.0,0.0,,0.0,0.0,,0.0,0.0,,0.0,0.0,,0.0,0.0,-1.3257037162852585,-1.4114565262278214,-0.7341507858592827,-0.860897583102812,-1.1451021120726261
四川省,2020Q3,2020,776074.0,1,22.977819877250578,394.8,37.03,27.3,597.83,167.93,68.01,0.0,0.0,0.0,1.0,2778557.0,776074.0,0.0,0.0,0.0,0.0,0.0,0.0,0.0,0.0,0.0,-1.3257037162852585,-1.4114565262278214,-0.7341507858592827,-0.860897583102812,-0.8615194228117877
四川省,2020Q4,2020,6938293.0,1,23.027227057412055,394.8,37.03,27.3,597.83,167.93,68.01,0.0,0.0,0.0,1.0,23984163.0,6938293.0,0.0,0.0,0.0,0.0,0.0,0.0,0.0,0.0,0.0,-1.3257037162852585,-1.4114565262278214,-0.7341507858592827,-0.860897583102812,-1.2287877497777515
四川省,2021Q1,2021,6506618.0,1,22.96172534819812,460.5,36.86,27.08,664.04,169.24,68.32,0.0,0.0,0.0,1.0,21270837.0,6506618.0,0.0,0.0,0.0,0.0,0.0,0.0,0.0,0.0,0.0,-1.3257037162852585,-1.4114565262278214,-0.7341507858592827,-0.860897583102812,-1.1426584109576476
四川省,2021Q2,2021,8200470.0,1,23.337033718809845,460.5,36.86,27.08,664.04,169.24,68.32,0.0,0.0,0.0,0.9147173271775886,23971140.0,7501112.0,0.0,0.0,0.0,0.0,0.0,0.0,0.08528267282241139,3216624.0,699358.0,-1.3864803994219048,-1.4114565262278214,-0.7341507858592827,-0.860897583102812,-1.2476981340413438
四川省,2021Q3,2021,7679403.0,1,23.11570360637326,460.5,36.86,27.08,664.04,169.24,68.32,0.0,0.0,0.0,0.9177058424984338,21874530.0,7047433.0,0.0,0.0,0.0,0.0,0.0,0.0,0.0822941575015662,1842700.0,631970.0,-1.3496106844532698,-1.4114565262278214,-0.7341507858592827,-0.860897583102812,-1.2413514597237474
四川省,2021Q4,2021,5181854.0,1,23.154059573609324,460.5,36.86,27.08,664.04,169.24,68.32,0.0,0.0,0.0,0.9087380694245728,13853670.0,4708948.0,0.0,0.0,0.0,0.0,0.0,0.0,0.09126193057542725,1616154.0,472906.0,-1.3048507171271924,-1.4114565262278214,-0.7341507858592827,-0.860897583102812,-1.2082325131923657
四川省,2022Q1,2022,3704906.0,1,23.040799135011902,478.0,38.58,27.43,685.72,175.5,70.8,0.0,0.0,0.0,0.18544735008121663,2149900.0,687065.0,0.582561878762916,6975880.0,2158337.0,0.0,0.0,0.0,0.2319907711558674,2871096.0,859504.0,-1.2381603617357217,-1.2231486517165784,-0.7341507858592827,-0.860897583102812,-1.0558177514796598
四川省,2022Q2,2022,5273756.0,1,23.015440493204505,478.0,38.58,27.43,685.72,175.5,70.8,0.0,0.0,0.0,0.7600465398854251,11986070.0,4008300.0,0.1679472846297781,3097620.0,885713.0,0.07200617548479679,1303071.0,379743.0,0.0,0.0,0.0,-1.3257037162852585,-1.2059670394455677,-0.7341507858592827,-0.4142486020951317,-0.9319450558685133
四川省,2022Q3,2022,11360468.0,1,23.066503550768314,478.0,38.58,27.43,685.72,175.5,70.8,0.0,0.0,0.0,0.9249743936605429,27791060.0,10508142.0,0.0,0.0,0.0,0.0,0.0,0.0,0.07502560633945714,2580630.0,852326.0,-1.1342668147346102,-1.4114565262278214,-0.7341507858592827,-0.860897583102812,-1.1076522803691622
四川省,2022Q4,2022,6921979.0,1,23.00192756786776,478.0,38.58,27.43,685.72,175.5,70.8,0.0,0.0,0.0,0.8814207613169587,16171960.0,6101176.0,0.0,0.0,0.0,0.0,0.0,0.0,0.11857923868304136,2632764.0,820803.0,-1.0983661890566982,-1.4114565262278214,-0.7341507858592827,-0.860897583102812,-1.11263877032741
四川省,2023Q1,2023,3949378.0,1,22.831402228076367,489.7,39.07,27.06,697.09,181.12,72.03,0.0,0.0,0.0,0.7779090783409438,8293620.0,3072257.0,0.0,0.0,0.0,0.0,0.0,0.0,0.2220909216590562,2922980.0,877121.0,-1.1056373509491548,-1.4114565262278214,-0.7341507858592827,-0.860897583102812,-0.9841825883900006
四川省,2023Q2,2023,6763413.0,1,22.884664527216245,489.7,39.07,27.06,697.09,181.12,72.03,0.0,0.0,0.0,0.9048589817005113,15734690.0,6119935.0,0.0,0.0,0.0,0.0,0.0,0.0,0.09514101829948873,1987910.0,643478.0,-1.1514393596735477,-1.4114565262278214,-0.7341507858592827,-0.860897583102812,-0.8955740419875553
四川省,2023Q3,2023,22303411.0,1,22.951232742630406,489.7,39.07,27.06,697.09,181.12,72.03,0.0,0.0,0.0,0.30842129932502255,18561400.0,6878847.0,0.5956351250488098,46967200.0,13284695.0,0.0,0.0,0.0,0.09594357562616768,8722300.0,2139869.0,-1.3375766575091022,-1.2588380240317028,-0.7341507858592827,-0.860897583102812,-1.0479651118583833
四川省,2023Q4,2023,18116585.0,1,23.014618356448075,489.7,39.07,27.06,697.09,181.12,72.03,0.61910509072212,40874100.0,11216070.0,0.2096983509861268,11154380.0,3799018.0,0.0,0.0,0.0,0.021675277101065128,1612000.0,392682.0,0.14952128119068797,12130000.0,2708815.0,-1.4115704151218627,-1.4114565262278214,-0.3256776616926347,-0.8483439610289492,-1.1088825680423777
天津市,2017Q1,2017,3935200.0,1,23.35130854196855,22.59,3.39,1.42,36.14,18.99,52.05,0.036153181540963614,661720.0,142270.0,0.0,0.0,0.0,0.0,0.0,0.0,0.0,0.0,0.0,0.9638468184590364,18246000.0,3792930.0,-1.620442299622657,-1.4114565262278214,-1.3213810230281884,-0.860897583102812,-1.1451021120726261
天津市,2017Q2,2017,2017110.0,1,23.457805986427683,22.59,3.39,1.42,36.14,18.99,52.05,0.0,0.0,0.0,0.05079544496829622,414360.0,102460.0,0.0,0.0,0.0,0.0,0.0,0.0,0.9492045550317038,9200000.0,1914650.0,-1.6008363237798202,-1.4114565262278214,-0.7341507858592827,-0.860897583102812,-1.3203151329316005
天津市,2017Q3,2017,3303442.0,1,23.625882542859262,22.59,3.39,1.42,36.14,18.99,52.05,0.0,0.0,0.0,0.0702818454206249,1026200.0,232172.0,0.0,0.0,0.0,0.0,0.0,0.0,0.9297181545793751,16495000.0,3071270.0,-1.6455834531635858,-1.4114565262278214,-0.7341507858592827,-0.860897583102812,-1.5246012081175646
天津市,2017Q4,2017,52612.0,1,23.625606624362607,22.59,3.39,1.42,36.14,18.99,52.05,0.20907777693301907,44000.0,11000.0,0.0,0.0,0.0,0.0,0.0,0.0,0.7909222230669809,180380.0,41612.0,0.0,0.0,0.0,-1.3257037162852585,-1.4114565262278214,-1.3710945570478519,0.5321826404200252,-1.1451021120726261
天津市,2018Q1,2018,25411303.0,1,23.51607677695497,21.24,2.85,1.18,33.89,19.41,48.04,0.0012986347059810352,132000.0,33000.0,0.6011092780248223,67356100.0,15274970.0,0.0,0.0,0.0,0.001724547536975967,200880.0,43823.0,0.3958675397322207,44715000.0,10059510.0,-1.4854500782613895,-1.4114565262278214,-1.7234604790787849,0.5983815002239288,-1.3663843842073207
天津市,2018Q2,2018,33540416.0,1,23.603469410620583,21.24,2.85,1.18,33.89,19.41,48.04,0.0349953918281753,5868810.0,1173760.0,0.7277797627793287,105978980.0,24410036.0,0.0,0.0,0.0,0.0,0.0,0.0,0.23722484539249603,33679200.0,7956620.0,-1.4288495849858611,-1.4114565262278214,-1.5038515354224353,-0.860897583102812,-1.230781637298802
天津市,2018Q3,2018,4681311.0,1,23.7315373224853,21.24,2.85,1.18,33.89,19.41,48.04,0.05901188790917758,1381270.0,276253.0,0.39984269363859826,6935690.0,1871788.0,0.0,0.0,0.0,0.0,0.0,0.0,0.5411454184522242,10247500.0,2533270.0,-1.386607920877508,-1.4114565262278214,-0.8643654829364062,-0.860897583102812,-0.9971697043478833
天津市,2018Q4,2018,0.0,0,23.742418000308362,21.24,2.85,1.18,33.89,19.41,48.04,,0.0,0.0,,0.0,0.0,,0.0,0.0,,0.0,0.0,,0.0,0.0,-1.3257037162852585,-1.4114565262278214,-0.7341507858592827,-0.860897583102812,-1.1451021120726261
天津市,2019Q1,2019,7880830.0,1,23.51249317417604,15.64,2.53,0.85,30.43,19.36,47.37,0.0,0.0,0.0,0.0,0.0,0.0,0.0,0.0,0.0,0.0,0.0,0.0,1.0,27000000.0,7880830.0,-1.3046568105185306,-1.4114565262278214,-0.7341507858592827,-0.860897583102812,-1.1451021120726261
天津市,2019Q2,2019,91393.0,1,23.520128504607666,15.64,2.53,0.85,30.43,19.36,47.37,0.5128948606567243,187500.0,46875.0,0.0,0.0,0.0,0.0,0.0,0.0,0.0,0.0,0.0,0.48710513934327576,164390.0,44518.0,-1.2883936031006724,-1.4114565262278214,-1.5698184919628777,-0.860897583102812,-1.1451021120726261
天津市,2019Q3,2019,489135.0,1,23.542897101275567,15.64,2.53,0.85,30.43,19.36,47.37,0.4331156020321588,1023440.0,211852.0,0.5668843979678412,999920.0,277283.0,0.0,0.0,0.0,0.0,0.0,0.0,0.0,0.0,0.0,-1.3257037162852585,-1.4114565262278214,-1.6985357541804085,-0.860897583102812,-1.3724035398702694
天津市,2019Q4,2019,662697.0,1,23.562970552451375,15.64,2.53,0.85,30.43,19.36,47.37,1.0,3223220.0,662697.0,0.0,0.0,0.0,0.0,0.0,0.0,0.0,0.0,0.0,0.0,0.0,0.0,-1.3257037162852585,-1.4114565262278214,-1.8880594012835612,-0.860897583102812,-1.1451021120726261
天津市,2020Q1,2020,2660591.0,1,23.468453123249365,15.35,2.67,0.87,29.61,20.83,50.07,0.9999845898899906,12732040.0,2660550.0,0.0,0.0,0.0,0.0,0.0,0.0,1.541011000939265e-05,0.0,41.0,0.0,0.0,0.0,-1.3257037162852585,-1.4114565262278214,-1.6967572649803788,-0.860897583102812,-1.1451021120726261
天津市,2020Q2,2020,331.0,1,23.39064374527905,15.35,2.67,0.87,29.61,20.83,50.07,0.0,0.0,0.0,0.0,0.0,0.0,0.0,0.0,0.0,1.0,10.0,331.0,0.0,0.0,0.0,-1.3257037162852585,-1.4114565262278214,-0.7341507858592827,1.6278347802387838,-1.1451021120726261
天津市,2020Q3,2020,6979568.0,1,23.60672209870098,15.35,2.67,0.87,29.61,20.83,50.07,0.0,0.0,0.0,0.9999574472230947,30800000.0,6979271.0,0.0,0.0,0.0,4.2552776905390134e-05,11.0,297.0,0.0,0.0,0.0,-1.3257037162852585,-1.4114565262278214,-0.7341507858592827,1.6159699131284024,-1.0931018394318242
天津市,2020Q4,2020,353204.0,1,23.70325691030688,15.35,2.67,0.87,29.61,20.83,50.07,0.0,0.0,0.0,0.0,0.0,0.0,0.0,0.0,0.0,0.001143814905833456,12.0,404.0,0.9988561850941665,2100000.0,352800.0,-1.4869054765308336,-1.4114565262278214,-0.7341507858592827,1.7170076342546177,-1.1451021120726261
天津市,2021Q1,2021,293.0,1,23.603855886409637,17.07,2.79,1.04,30.5,19.15,51.81,0.0,0.0,0.0,0.0,0.0,0.0,0.0,0.0,0.0,1.0,8.0,293.0,0.0,0.0,0.0,-1.3257037162852585,-1.4114565262278214,-0.7341507858592827,1.3188347879160973,-1.1451021120726261
天津市,2021Q2,2021,1740861.0,1,24.051493829111916,17.07,2.79,1.04,30.5,19.15,51.81,0.0,0.0,0.0,0.0,0.0,0.0,0.0,0.0,0.0,0.00023838778627357382,9.0,415.0,0.9997616122137264,5992000.0,1740446.0,-1.2925653797982242,-1.4114565262278214,-0.7341507858592827,1.7318787288527195,-1.1451021120726261
天津市,2021Q3,2021,20052234.0,1,23.734048824559352,17.07,2.79,1.04,30.5,19.15,51.81,0.0,0.0,0.0,0.24128284160258653,14203140.0,4838260.0,0.0,0.0,0.0,8.577597887596963e-06,4.0,172.0,0.7587085807995259,50536940.0,15213802.0,-1.257296071841436,-1.4114565262278214,-0.7341507858592827,1.2735791942901526,-1.3226769418774866
天津市,2021Q4,2021,11853727.0,1,23.74665107257283,17.07,2.79,1.04,30.5,19.15,51.81,0.0,0.0,0.0,0.999979921926665,33000000.0,11853489.0,0.0,0.0,0.0,2.0078073335078495e-05,5.0,238.0,0.0,0.0,0.0,-1.3257037162852585,-1.4114565262278214,-0.7341507858592827,1.4365536637223526,-1.2895579953461052
天津市,2022Q1,2022,25487285.0,1,23.675978297213717,16.68,2.93,1.04,29.5,20.22,51.13,0.0,0.0,0.0,0.0,0.0,0.0,0.9963881205864022,88740150.0,25395228.0,6.081463757320562e-06,4.0,155.0,0.0036057979498404793,230330.0,91902.0,-1.144245342112041,-1.2715944300153366,-0.7341507858592827,1.4775663493913287,-1.1451021120726261
天津市,2022Q2,2022,21019532.0,1,23.679197719076036,16.68,2.93,1.04,29.5,20.22,51.13,0.0,0.0,0.0,0.9509784994261528,51747480.0,19989123.0,0.0,0.0,0.0,0.0301035246645834,1874890.0,632762.0,0.01891797590926382,1259410.0,397647.0,-1.0850017334162374,-1.4114565262278214,-0.7341507858592827,1.0823565558010269,-0.9896349037493207
天津市,2022Q3,2022,7109951.0,1,23.693553010827856,16.68,2.93,1.04,29.5,20.22,51.13,0.0,0.0,0.0,0.4533855437259694,8546240.0,3223549.0,0.3544838775963435,8300000.0,2520363.0,0.1921305786776871,4062810.0,1366039.0,0.0,0.0,0.0,-1.3257037162852585,-1.1714092999411072,-0.7341507858592827,1.1086347344289467,-1.1889777625229014
天津市,2022Q4,2022,3392768.0,1,23.684741076707052,16.68,2.93,1.04,29.5,20.22,51.13,0.0,0.0,0.0,0.6143476359126235,5955480.0,2084339.0,0.0,0.0,0.0,0.37075862540556853,3673660.0,1257898.0,0.014893738681807893,129490.0,50531.0,-1.0044511694330174,-1.4114565262278214,-0.7341507858592827,1.079489973296202,-1.1939642524811493
天津市,2023Q1,2023,1104634.0,1,23.566960017656402,17.36,3.17,1.13,31.51,23.17,54.12,0.0,0.0,0.0,0.8690425969144531,2744230.0,959974.0,0.0,0.0,0.0,0.0,0.0,0.0,0.13095740308554688,375520.0,144660.0,-1.0096820021102484,-1.4114565262278214,-0.7341507858592827,-0.860897583102812,-1.0655080705437399
天津市,2023Q2,2023,5786173.0,1,23.63752708304618,17.36,3.17,1.13,31.51,23.17,54.12,0.0,0.0,0.0,0.48247226621119005,7461870.0,2791668.0,0.0,0.0,0.0,0.46471078552265893,7134780.0,2688897.0,0.05281694826615105,808000.0,305608.0,-1.0805201358861911,-1.4114565262278214,-0.7341507858592827,1.1870874226595227,-0.9768995241412946
天津市,2023Q3,2023,15208370.0,1,23.605002890155802,17.36,3.17,1.13,31.51,23.17,54.12,0.0,0.0,0.0,0.8296534079589069,35644000.0,12617676.0,0.0,0.0,0.0,0.1255814396940632,6232370.0,1909889.0,0.044765152347029956,2885010.0,680805.0,-1.2486349139386776,-1.4114565262278214,-0.7341507858592827,0.6301641251096637,-1.1292905940121225
天津市,2023Q4,2023,3650761.0,1,23.65602815200639,17.36,3.17,1.13,31.51,23.17,54.12,0.0,0.0,0.0,0.0,0.0,0.0,0.0,0.0,0.0,0.2808504856932568,4551600.0,1025318.0,0.7191495143067431,10865099.0,2625443.0,-1.2963566935148492,-1.4114565262278214,-0.7341507858592827,0.6928410753507954,-1.1451021120726261
宁夏回族自治区,2017Q1,2017,0.0,0,19.607972719749853,8.91,10.92,9.91,33.46,15.27,160.07,,0.0,0.0,,0.0,0.0,,0.0,0.0,,0.0,0.0,,0.0,0.0,-1.3257037162852585,-1.4114565262278214,-0.7341507858592827,-0.860897583102812,-1.1451021120726261
宁夏回族自治区,2017Q2,2017,0.0,0,19.664467286477574,8.91,10.92,9.91,33.46,15.27,160.07,,0.0,0.0,,0.0,0.0,,0.0,0.0,,0.0,0.0,,0.0,0.0,-1.3257037162852585,-1.4114565262278214,-0.7341507858592827,-0.860897583102812,-1.1451021120726261
宁夏回族自治区,2017Q3,2017,0.0,0,19.628742487663096,8.91,10.92,9.91,33.46,15.27,160.07,,0.0,0.0,,0.0,0.0,,0.0,0.0,,0.0,0.0,,0.0,0.0,-1.3257037162852585,-1.4114565262278214,-0.7341507858592827,-0.860897583102812,-1.1451021120726261
宁夏回族自治区,2017Q4,2017,0.0,0,19.741205658127083,8.91,10.92,9.91,33.46,15.27,160.07,,0.0,0.0,,0.0,0.0,,0.0,0.0,,0.0,0.0,,0.0,0.0,-1.3257037162852585,-1.4114565262278214,-0.7341507858592827,-0.860897583102812,-1.1451021120726261
宁夏回族自治区,2018Q1,2018,0.0,0,19.77476612731968,8.84,11.52,9.9,34.14,14.38,168.29,,0.0,0.0,,0.0,0.0,,0.0,0.0,,0.0,0.0,,0.0,0.0,-1.3257037162852585,-1.4114565262278214,-0.7341507858592827,-0.860897583102812,-1.1451021120726261
宁夏回族自治区,2018Q2,2018,0.0,0,19.877138255578128,8.84,11.52,9.9,34.14,14.38,168.29,,0.0,0.0,,0.0,0.0,,0.0,0.0,,0.0,0.0,,0.0,0.0,-1.3257037162852585,-1.4114565262278214,-0.7341507858592827,-0.860897583102812,-1.1451021120726261
宁夏回族自治区,2018Q3,2018,0.0,0,19.83780712801258,8.84,11.52,9.9,34.14,14.38,168.29,,0.0,0.0,,0.0,0.0,,0.0,0.0,,0.0,0.0,,0.0,0.0,-1.3257037162852585,-1.4114565262278214,-0.7341507858592827,-0.860897583102812,-1.1451021120726261
宁夏回族自治区,2018Q4,2018,0.0,0,19.762546251489997,8.84,11.52,9.9,34.14,14.38,168.29,,0.0,0.0,,0.0,0.0,,0.0,0.0,,0.0,0.0,,0.0,0.0,-1.3257037162852585,-1.4114565262278214,-0.7341507858592827,-0.860897583102812,-1.1451021120726261
宁夏回族自治区,2019Q1,2019,0.0,0,19.693456047879558,7.82,11.46,10.41,33.53,13.86,183.36,,0.0,0.0,,0.0,0.0,,0.0,0.0,,0.0,0.0,,0.0,0.0,-1.3257037162852585,-1.4114565262278214,-0.7341507858592827,-0.860897583102812,-1.1451021120726261
宁夏回族自治区,2019Q2,2019,0.0,0,19.77531214829733,7.82,11.46,10.41,33.53,13.86,183.36,,0.0,0.0,,0.0,0.0,,0.0,0.0,,0.0,0.0,,0.0,0.0,-1.3257037162852585,-1.4114565262278214,-0.7341507858592827,-0.860897583102812,-1.1451021120726261
宁夏回族自治区,2019Q3,2019,0.0,0,19.774593035383454,7.82,11.46,10.41,33.53,13.86,183.36,,0.0,0.0,,0.0,0.0,,0.0,0.0,,0.0,0.0,,0.0,0.0,-1.3257037162852585,-1.4114565262278214,-0.7341507858592827,-0.860897583102812,-1.1451021120726261
宁夏回族自治区,2019Q4,2019,0.0,0,19.812013915309084,7.82,11.46,10.41,33.53,13.86,183.36,,0.0,0.0,,0.0,0.0,,0.0,0.0,,0.0,0.0,,0.0,0.0,-1.3257037162852585,-1.4114565262278214,-0.7341507858592827,-0.860897583102812,-1.1451021120726261
宁夏回族自治区,2020Q1,2020,0.0,0,19.960007018394972,8.01,11.44,11.09,33.77,13.86,215.34,,0.0,0.0,,0.0,0.0,,0.0,0.0,,0.0,0.0,,0.0,0.0,-1.3257037162852585,-1.4114565262278214,-0.7341507858592827,-0.860897583102812,-1.1451021120726261
宁夏回族自治区,2020Q2,2020,0.0,0,19.688669834173766,8.01,11.44,11.09,33.77,13.86,215.34,,0.0,0.0,,0.0,0.0,,0.0,0.0,,0.0,0.0,,0.0,0.0,-1.3257037162852585,-1.4114565262278214,-0.7341507858592827,-0.860897583102812,-1.1451021120726261
宁夏回族自治区,2020Q3,2020,0.0,0,19.740284738917087,8.01,11.44,11.09,33.77,13.86,215.34,,0.0,0.0,,0.0,0.0,,0.0,0.0,,0.0,0.0,,0.0,0.0,-1.3257037162852585,-1.4114565262278214,-0.7341507858592827,-0.860897583102812,-1.1451021120726261
宁夏回族自治区,2020Q4,2020,0.0,0,19.75192430077603,8.01,11.44,11.09,33.77,13.86,215.34,,0.0,0.0,,0.0,0.0,,0.0,0.0,,0.0,0.0,,0.0,0.0,-1.3257037162852585,-1.4114565262278214,-0.7341507858592827,-0.860897583102812,-1.1451021120726261
宁夏回族自治区,2021Q1,2021,0.0,0,19.856541529205778,9.12,11.83,11.47,35.33,12.87,280.51,,0.0,0.0,,0.0,0.0,,0.0,0.0,,0.0,0.0,,0.0,0.0,-1.3257037162852585,-1.4114565262278214,-0.7341507858592827,-0.860897583102812,-1.1451021120726261
宁夏回族自治区,2021Q2,2021,0.0,0,20.35733758220773,9.12,11.83,11.47,35.33,12.87,280.51,,0.0,0.0,,0.0,0.0,,0.0,0.0,,0.0,0.0,,0.0,0.0,-1.3257037162852585,-1.4114565262278214,-0.7341507858592827,-0.860897583102812,-1.1451021120726261
宁夏回族自治区,2021Q3,2021,0.0,0,20.102746902746958,9.12,11.83,11.47,35.33,12.87,280.51,,0.0,0.0,,0.0,0.0,,0.0,0.0,,0.0,0.0,,0.0,0.0,-1.3257037162852585,-1.4114565262278214,-0.7341507858592827,-0.860897583102812,-1.1451021120726261
宁夏回族自治区,2021Q4,2021,0.0,0,20.11598120984426,9.12,11.83,11.47,35.33,12.87,280.51,,0.0,0.0,,0.0,0.0,,0.0,0.0,,0.0,0.0,,0.0,0.0,-1.3257037162852585,-1.4114565262278214,-0.7341507858592827,-0.860897583102812,-1.1451021120726261
宁夏回族自治区,2022Q1,2022,0.0,0,20.0797290230057,9.03,12.47,12.48,36.77,13.21,342.5,,0.0,0.0,,0.0,0.0,,0.0,0.0,,0.0,0.0,,0.0,0.0,-1.3257037162852585,-1.4114565262278214,-0.7341507858592827,-0.860897583102812,-1.1451021120726261
宁夏回族自治区,2022Q2,2022,0.0,0,20.17372272204652,9.03,12.47,12.48,36.77,13.21,342.5,,0.0,0.0,,0.0,0.0,,0.0,0.0,,0.0,0.0,,0.0,0.0,-1.3257037162852585,-1.4114565262278214,-0.7341507858592827,-0.860897583102812,-1.1451021120726261
宁夏回族自治区,2022Q3,2022,0.0,0,20.309848209001746,9.03,12.47,12.48,36.77,13.21,342.5,,0.0,0.0,,0.0,0.0,,0.0,0.0,,0.0,0.0,,0.0,0.0,-1.3257037162852585,-1.4114565262278214,-0.7341507858592827,-0.860897583102812,-1.1451021120726261
宁夏回族自治区,2022Q4,2022,0.0,0,20.22240291126897,9.03,12.47,12.48,36.77,13.21,342.5,,0.0,0.0,,0.0,0.0,,0.0,0.0,,0.0,0.0,,0.0,0.0,-1.3257037162852585,-1.4114565262278214,-0.7341507858592827,-0.860897583102812,-1.1451021120726261
宁夏回族自治区,2023Q1,2023,0.0,0,20.255342216959615,8.59,14.42,15.11,41.41,12.7,430.63,,0.0,0.0,,0.0,0.0,,0.0,0.0,,0.0,0.0,,0.0,0.0,-1.3257037162852585,-1.4114565262278214,-0.7341507858592827,-0.860897583102812,-1.1451021120726261
宁夏回族自治区,2023Q2,2023,0.0,0,20.191703288631842,8.59,14.42,15.11,41.41,12.7,430.63,,0.0,0.0,,0.0,0.0,,0.0,0.0,,0.0,0.0,,0.0,0.0,-1.3257037162852585,-1.4114565262278214,-0.7341507858592827,-0.860897583102812,-1.1451021120726261
宁夏回族自治区,2023Q3,2023,0.0,0,20.18438666398051,8.59,14.42,15.11,41.41,12.7,430.63,,0.0,0.0,,0.0,0.0,,0.0,0.0,,0.0,0.0,,0.0,0.0,-1.3257037162852585,-1.4114565262278214,-0.7341507858592827,-0.860897583102812,-1.1451021120726261
宁夏回族自治区,2023Q4,2023,1578859.0,1,20.202105580212645,8.59,14.42,15.11,41.41,12.7,430.63,0.0,0.0,0.0,0.0,0.0,0.0,0.0,0.0,0.0,0.0,0.0,0.0,1.0,7883250.0,1578859.0,-1.6080378211265838,-1.4114565262278214,-0.7341507858592827,-0.860897583102812,-1.1451021120726261
安徽省,2017Q1,2017,90400777.0,1,22.347326614798035,242.68,8.07,16.51,415.18,154.7,29.84,0.21156422140044218,97551300.0,19125570.0,0.10918652834145441,49806320.0,9870547.0,0.42479845057083965,215731200.0,38402110.0,0.0,0.0,0.0,0.25445079968726375,118499210.0,23002550.0,-1.5847726097152552,-1.7221121689864702,-0.33255469149237493,-0.860897583102812,-1.57485468322481
安徽省,2017Q2,2017,58894093.0,1,22.33888323864639,242.68,8.07,16.51,415.18,154.7,29.84,0.0,0.0,0.0,0.030125313246610316,8435830.0,1774203.0,0.5221554222763902,176252400.0,30751870.0,0.0,0.0,0.0,0.4477192644769994,133330800.0,26368020.0,-1.5651666338724184,-1.7471911711248478,-0.7341507858592827,-0.860897583102812,-1.3166315711036471
安徽省,2017Q3,2017,73809976.0,1,22.41164433712664,242.68,8.07,16.51,415.18,154.7,29.84,0.00504167620918885,1788070.0,372126.0,0.08032098533672467,28300000.0,5928490.0,0.3803577987886082,166612400.0,28074200.0,0.0,0.0,0.0,0.5342795396654783,204111200.0,39435160.0,-1.609913763256184,-1.7255414741344088,-0.5856556814350223,-0.860897583102812,-1.5209176462896115
安徽省,2017Q4,2017,58788403.0,1,22.447489736362343,242.68,8.07,16.51,415.18,154.7,29.84,0.0,0.0,0.0,0.0,0.0,0.0,0.6437254299967972,192897920.0,37843590.0,0.0,0.0,0.0,0.35627457000320284,89527040.0,20944813.0,-1.4684848664000156,-1.6091497957042014,-0.7341507858592827,-0.860897583102812,-1.1451021120726261
安徽省,2018Q1,2018,79173839.0,1,22.462648222677636,243.89,8.7,17.14,421.74,158.26,30.8,0.16175595577726123,63000300.0,12806840.0,0.006101523004334803,1985843.0,483081.0,0.4604287029709397,162584510.0,36453908.0,0.0,0.0,0.0,0.3717138182474643,127737000.0,29430010.0,-1.4497803883539877,-1.5029495095659384,-0.7346341475429714,-0.860897583102812,-1.1277296743862846
安徽省,2018Q2,2018,135871831.0,1,22.499638594057235,243.89,8.7,17.14,421.74,158.26,30.8,0.08529607582899211,52532036.0,11589334.0,0.10444111848319759,59389390.0,14190606.0,0.2170613348104509,115817000.0,29492521.0,0.0,0.0,0.0,0.5932014708773594,310955700.0,80599370.0,-1.3994889858180306,-1.395684959511308,-0.5999684134112468,-0.860897583102812,-1.1738746900111525
安徽省,2018Q3,2018,40597775.0,1,22.56224829093863,243.89,8.7,17.14,421.74,158.26,30.8,4.975642138023574e-06,13.0,202.0,0.03558749217167689,4605180.0,1444773.0,0.47337668135753747,78478800.0,19218040.0,0.0,0.0,0.0,0.4910308508286476,73576800.0,19934760.0,-1.3546504338448808,-1.4462289352345405,0.1244608485994071,-0.860897583102812,-1.0697616565622785
安徽省,2018Q4,2018,16887870.0,1,22.480972794209794,243.89,8.7,17.14,421.74,158.26,30.8,0.0,0.0,0.0,0.0,0.0,0.0,0.45487500791988567,32163500.0,7681870.0,0.0,0.0,0.0,0.5451249920801143,31349000.0,9206000.0,-1.2924934448171805,-1.4359477272536292,-0.7341507858592827,-0.860897583102812,-1.1451021120726261
安徽省,2019Q1,2019,54269430.0,1,22.42968121862144,197.8,9.49,18.83,402.83,168.7,33.76,0.12568180649769123,30000000.0,6820680.0,0.0,0.0,0.0,0.22077162041318657,54367500.0,11981150.0,0.0,0.0,0.0,0.6535465730891222,120599000.0,35467600.0,-1.2689871206111287,-1.4811258337327804,-0.4315209107918765,-0.860897583102812,-1.1451021120726261
安徽省,2019Q2,2019,24496887.0,1,22.494922726140185,197.8,9.49,18.83,402.83,168.7,33.76,0.4092130971580185,44811834.0,10024447.0,0.0,0.0,0.0,0.5907869028419815,63448500.0,14472440.0,0.0,0.0,0.0,0.0,0.0,0.0,-1.3257037162852585,-1.4815786860104307,-0.6659427532697347,-0.860897583102812,-1.1451021120726261
安徽省,2019Q3,2019,13849027.0,1,22.589873346782568,197.8,9.49,18.83,402.83,168.7,33.76,0.0,0.0,0.0,0.04008418786388387,1978230.0,555127.0,0.0,0.0,0.0,0.0,0.0,0.0,0.9599158121361161,54431000.0,13293900.0,-1.3866188785369935,-1.4114565262278214,-0.7341507858592827,-0.860897583102812,-1.3687199780423163
安徽省,2019Q4,2019,282.0,1,22.55979052829809,197.8,9.49,18.83,402.83,168.7,33.76,1.0,10.0,282.0,0.0,0.0,0.0,0.0,0.0,0.0,0.0,0.0,0.0,0.0,0.0,0.0,-1.3257037162852585,-1.4114565262278214,-0.8992330697477477,-0.860897583102812,-1.1451021120726261
安徽省,2020Q1,2020,35116805.0,1,22.68990861190923,183.36,9.92,20.66,396.03,184.22,37.64,0.26535030735284715,45300238.0,9318255.0,0.0,0.0,0.0,0.13481038494247982,20933600.0,4734110.0,0.0,0.0,0.0,0.599839307704673,92560020.0,21064440.0,-1.4283352155317348,-1.5009207762164012,-0.7928265162732957,-0.860897583102812,-1.1451021120726261
安徽省,2020Q2,2020,22803318.0,1,22.588713424800652,183.36,9.92,20.66,396.03,184.22,37.64,0.0,0.0,0.0,0.0,0.0,0.0,0.8710968289790109,89834660.0,19863898.0,0.0,0.0,0.0,0.12890317102098914,10104200.0,2939420.0,-1.425668427577208,-1.5209985398858876,-0.7341507858592827,-0.860897583102812,-1.1451021120726261
安徽省,2020Q3,2020,17823671.0,1,22.665024847846563,183.36,9.92,20.66,396.03,184.22,37.64,0.0,0.0,0.0,0.022738413427851087,1500210.0,405282.0,0.8729751014816196,62882070.0,15559621.0,0.0,0.0,0.0,0.10428648509052933,7490880.0,1858768.0,-1.4653332252559663,-1.4049640561356884,-0.7341507858592827,-0.860897583102812,-1.089418277603871
安徽省,2020Q4,2020,64083248.0,1,22.702285023218682,183.36,9.92,20.66,396.03,184.22,37.64,0.0,0.0,0.0,0.030314927233401154,6599850.0,1942679.0,0.21061930256718572,49424980.0,13497169.0,0.0,0.0,0.0,0.7590657701994131,209419100.0,48643400.0,-1.463245749114309,-1.284826018490482,-0.7341507858592827,-0.860897583102812,-1.3285949508766364
安徽省,2021Q1,2021,43078902.0,1,22.766907435428188,238.73,11.15,21.88,456.31,177.1,47.55,0.011513547861549489,1736620.0,495991.0,0.017555113173497318,2196630.0,756255.0,0.835859999402956,133476490.0,36007931.0,0.0,0.0,0.0,0.13507133956199718,20405300.0,5818725.0,-1.3414480183864284,-1.3273508667510565,-0.9518066896704831,-0.860897583102812,-1.2348237251438847
安徽省,2021Q2,2021,117945054.0,1,23.17809211450192,238.73,11.15,21.88,456.31,177.1,47.55,0.16323467027282043,61440000.0,19252722.0,0.12334824994017977,42853045.0,14548316.0,0.5067749513260641,210517036.0,59771599.0,2.0178887704778192e-06,5.0,238.0,0.20664011057216525,82123296.0,24372179.0,-1.2607575457817164,-1.273264735776424,-0.5454241416752821,0.06599314688958113,-1.3253400543671299
安徽省,2021Q3,2021,53466943.0,1,22.918270102005582,238.73,11.15,21.88,456.31,177.1,47.55,1.7637065953069358e-05,64.0,943.0,0.11651928557052532,18910410.0,6229930.0,0.8834630773635216,162819724.0,47236070.0,0.0,0.0,0.0,0.0,0.0,0.0,-1.3257037162852585,-1.2487174621014931,-0.5045314866177574,-0.860897583102812,-1.3189933800495335
安徽省,2021Q4,2021,89470789.0,1,22.80871361691703,238.73,11.15,21.88,456.31,177.1,47.55,5.364879480385492e-06,85.0,480.0,0.13732882136537322,38492150.0,12286918.0,0.25198123602106604,78538940.0,22544960.0,0.009234265275116775,2595030.0,826197.0,0.6014503124589635,183944946.0,53812234.0,-1.1792880023175525,-1.2459928205617457,-0.1518793130312876,-0.22933191824078625,-1.2858744335181518
安徽省,2022Q1,2022,96923207.0,1,22.775862628561093,248.28,11.66,22.49,475.34,186.66,50.74,0.001667887444128835,489600.0,161657.0,0.04239065263286222,12405520.0,4108638.0,0.6183819319969468,219386296.0,59935560.0,0.007096803967701976,2079410.0,687845.0,0.3304627239583601,94543000.0,32029507.0,-1.1085756522046393,-1.2772010542297771,-0.3486987144401267,-0.18831923257181016,-1.133459671805446
安徽省,2022Q2,2022,188390034.0,1,22.801010364342876,248.28,11.66,22.49,475.34,186.66,50.74,0.0,0.0,0.0,0.04629434378678439,25242460.0,8721393.0,0.7518945455469264,493724255.0,141649439.0,0.0025404847052578165,1520460.0,478602.0,0.19927062596103146,110550000.0,37540600.0,-1.047209042170899,-1.2289514745303,-0.7341507858592827,-0.5389491476785251,-1.0095869761942993
安徽省,2022Q3,2022,65941809.0,1,22.773622789922612,248.28,11.66,22.49,475.34,186.66,50.74,0.02904503271968168,5431030.0,1915282.0,0.24438331681194855,42980600.0,16115078.0,0.7182618693399813,153823300.0,47363487.0,0.0,0.0,0.0,0.008309781128388516,2166000.0,547962.0,-1.0046821052035275,-1.1770159241555478,0.2772538268105892,-0.860897583102812,-1.1852942006949483
安徽省,2022Q4,2022,92695984.0,1,22.66773468965071,248.28,11.66,22.49,475.34,186.66,50.74,0.010883362541358858,2810245.0,1008844.0,0.21349870993332354,53501600.0,19790473.0,0.2892870633964035,99421600.0,26815749.0,0.010002633986818674,2753420.0,927204.0,0.47632823014209547,113384100.0,44153714.0,-0.9746993182299291,-1.30773999084353,-0.8768306094774871,-0.46939060870252325,-1.1902806906531962
安徽省,2023Q1,2023,130511976.0,1,22.67282596333641,262.37,11.72,22.01,497.1,206.26,53.63,0.034392790129849846,14110580.0,4488671.0,0.02426821734734903,8829770.0,3167293.0,0.6305776643823092,300690050.0,82297937.0,0.020452161416972186,8045670.0,2669252.0,0.2903091667235197,91964700.0,37888823.0,-0.9519244507309189,-1.3056645286784794,-0.42650186845410953,-0.5256504370323167,-1.0618245087157867
安徽省,2023Q2,2023,156717594.0,1,22.717507482318275,262.37,11.72,22.01,497.1,206.26,53.63,0.15722094993367497,73623053.0,24639289.0,0.10349906214103823,44319920.0,16220124.0,0.308706781192672,171750800.0,48379784.0,0.0,0.0,0.0,0.43057320673261484,181589300.0,67478397.0,-1.041657059939105,-1.271470424813931,-0.3881836351317083,-0.860897583102812,-0.9732159623133414
安徽省,2023Q3,2023,58733542.0,1,22.74433210374197,262.37,11.72,22.01,497.1,206.26,53.63,0.1803995577178029,34500170.0,10595505.0,0.09954502658804401,17598440.0,5846632.0,0.7044793927122597,148364840.0,41376570.0,0.005894110728074258,1048460.0,346182.0,0.009681912253819121,2470000.0,568653.0,-1.2172345177110337,-1.2836274132484617,-0.5340018720150754,-0.9863713791676898,-1.1256070321841694
安徽省,2023Q4,2023,31198271.0,1,22.79573828087839,262.37,11.72,22.01,497.1,206.26,53.63,0.0,0.0,0.0,0.13986509060069385,13564550.0,4363549.0,0.04618076431222743,5187520.0,1440760.0,0.0,0.0,0.0,0.8139541450870788,77872890.0,25393962.0,-1.2621819068425533,-1.2678136360300065,-0.7341507858592827,-0.860897583102812,-0.9416321922953333
山东省,2017Q1,2017,210811474.0,1,23.950533907280512,427.44,75.93,36.03,866.01,444.78,223.54,0.13289773781478326,135500608.0,28016368.0,0.0029106669971863106,3005510.0,613602.0,0.7648575617852755,899658680.0,161240750.0,0.0,0.0,0.0,0.09933403340275491,97597520.0,20940754.0,-1.530508857063119,-1.7157436380639082,-1.2823102085694722,-0.860897583102812,-1.553759546936769
山东省,2017Q2,2017,178429310.0,1,23.951675800117048,427.44,75.93,36.03,866.01,444.78,223.54,6.6861212431970956e-06,85.0,1193.0,0.0058682791521191225,4970850.0,1047073.0,0.790734381027422,815001400.0,141090190.0,0.0,0.0,0.0,0.20339065369921566,163694760.0,36290854.0,-1.5197561282207723,-1.7257110053793139,-0.3141152198936581,-0.860897583102812,-1.1199969447035314
山东省,2017Q3,2017,204812522.0,1,23.988674619501076,427.44,75.93,36.03,866.01,444.78,223.54,0.3290772914753718,328564000.0,67399150.0,0.004641259190197365,3996580.0,950588.0,0.5496184456924953,641587600.0,112568740.0,0.0005221946341737836,509060.0,106952.0,0.11614080900776175,110863790.0,23787092.0,-1.5610992728125312,-1.7096685000150331,-1.2625941072583995,-0.44819668588747774,-1.258773382291129
山东省,2017Q4,2017,190262884.0,1,24.06605944103179,427.44,75.93,36.03,866.01,444.78,223.54,0.10894874798597082,103811740.0,20728903.0,0.0029360482100124164,2560480.0,558621.0,0.7266479257194483,699713000.0,138254130.0,0.0,0.0,0.0,0.1614672780845685,121528500.0,30721230.0,-1.4068628012292814,-1.5917726581304574,-0.9922526328005568,-0.860897583102812,-1.4520415219851546
山东省,2018Q1,2018,246573637.0,1,24.108227089729795,421.03,76.38,36.78,854.7,447.0,225.11,0.21400713248188816,260848557.0,52768517.0,0.0026377799667204487,3036900.0,650407.0,0.6684644473975131,733571500.0,164825710.0,0.0,0.0,0.0,0.11489064015387825,112412570.0,28329003.0,-1.387872434878263,-1.5009210647173936,-1.4295699027121576,-0.860897583102812,-1.335329640758691
山东省,2018Q2,2018,236424131.0,1,24.154029516093228,421.03,76.38,36.78,854.7,447.0,225.11,0.22440822252615153,232554323.0,53055519.0,0.010719197694756462,8361690.0,2534277.0,0.6109746470845652,565287490.0,144449150.0,1.0574216724095731e-07,5.0,25.0,0.15389782695235962,144914340.0,36385160.0,-1.3341824348508904,-1.3898386141759826,-1.2949271453206888,-0.009920324723906138,-1.1754969234927657
山东省,2018Q3,2018,189161599.0,1,24.217044822238748,421.03,76.38,36.78,854.7,447.0,225.11,0.34579216049024836,280000007.0,65410598.0,0.008410644699614746,4980620.0,1590971.0,0.5177187152028674,387599100.0,97932500.0,1.4749293803548362e-06,75.0,279.0,0.12807700467788918,87918682.0,24227251.0,-1.294399779040867,-1.4529975154495332,-0.5704825176474511,0.06238675498601549,-1.042390474941602
山东省,2018Q4,2018,188237942.0,1,24.18933534243568,421.03,76.38,36.78,854.7,447.0,225.11,0.2820373216787506,249660275.0,53090125.0,0.0,0.0,0.0,0.6627837920157457,509467350.0,124761057.0,0.0,0.0,0.0,0.0551788863055037,35097500.0,10386760.0,-1.2405620021048223,-1.428725827302691,-1.3852063066932492,-0.860897583102812,-1.1451021120726261
山东省,2019Q1,2019,284255970.0,1,24.078866127047895,254.72,73.33,36.86,704.02,450.13,228.04,0.3269136018497694,438526309.0,92927143.0,0.0,0.0,0.0,0.39918685612829874,495001100.0,113471247.0,0.0,0.0,0.0,0.27389954202193184,266903100.0,77857580.0,-1.2124521693694972,-1.4765649276270842,-1.2939433731196612,-0.860897583102812,-1.1451021120726261
山东省,2019Q2,2019,218654202.0,1,24.15758767439998,254.72,73.33,36.86,704.02,450.13,228.04,0.32757610576356544,335741436.0,71625892.0,0.0,0.0,0.0,0.5533222270295084,530688970.0,120986230.0,0.0,0.0,0.0,0.11910166720692612,99243700.0,26042080.0,-1.2095729198814338,-1.4800681101766784,-1.527348421172677,-0.860897583102812,-1.1451021120726261
山东省,2019Q3,2019,122505594.0,1,24.189149794529534,254.72,73.33,36.86,704.02,450.13,228.04,0.12057490207345144,71500000.0,14771100.0,0.0,0.0,0.0,0.6783827847077742,345005950.0,83105686.0,0.0,0.0,0.0,0.20104231321877433,90161258.0,24628808.0,-1.3277471648868322,-1.4095039210258786,-1.3196938299331133,-0.860897583102812,-1.1451021120726261
山东省,2019Q4,2019,125718671.0,1,24.19069019833273,254.72,73.33,36.86,704.02,450.13,228.04,0.227399953981378,137498860.0,28588420.0,0.002228889295210574,1000760.0,280213.0,0.4067977142392795,209539290.0,51142068.0,0.0,0.0,0.0,0.36357344248413187,169500700.0,45707970.0,-1.333122401975759,-1.4572284442053454,-1.5866866830713875,-0.860897583102812,-1.5001017893804802
山东省,2020Q1,2020,237925567.0,1,24.437010112979994,271.03,59.7,34.02,728.02,480.92,241.42,0.5013621045610454,567308317.0,119286863.0,0.0,0.0,0.0,0.43047641029683875,454197980.0,102421344.0,0.0,0.0,0.0,0.0681614851421159,64506200.0,16217360.0,-1.3797713648533005,-1.4972047475850432,-1.4878117537534572,-0.860897583102812,-1.1451021120726261
山东省,2020Q2,2020,259095627.0,1,24.119359739210015,271.03,59.7,34.02,728.02,480.92,241.42,0.3297643614803271,409092114.0,85440504.0,0.0,0.0,0.0,0.49519073511804196,585093399.0,128301754.0,0.0,0.0,0.0,0.17504490340163092,183598155.0,45353369.0,-1.3700025022260562,-1.5118351864276984,-1.5939808899568746,-0.860897583102812,-1.1451021120726261
山东省,2020Q3,2020,216301131.0,1,24.175001363287386,271.03,59.7,34.02,728.02,480.92,241.42,0.3301059068433627,330618833.0,71402281.0,0.0,0.0,0.0,0.6111482006074208,550209338.0,132192047.0,0.0,0.0,0.0,0.05874589254921649,52294400.0,12706803.0,-1.4134017825436078,-1.412983896880131,-1.3097168160963082,-0.860897583102812,-1.1451021120726261
山东省,2020Q4,2020,236498353.0,1,24.181235984734464,271.03,59.7,34.02,728.02,480.92,241.42,0.4574365767359065,469164401.0,108182997.0,0.0,0.0,0.0,0.31264380940530273,274113220.0,73939746.0,0.0,0.0,0.0,0.2299196138587908,210192100.0,54375610.0,-1.4058678509088094,-1.2939714629523815,-1.415766512578962,-0.860897583102812,-1.1451021120726261
山东省,2021Q1,2021,504580063.0,1,24.297768054063635,355.86,61.3,33.01,819.26,455.43,288.26,0.5607636324703539,1037692958.0,282950149.0,0.0010543401117297018,1499180.0,531999.0,0.358600119719752,671914360.0,180942471.0,0.0,0.0,0.0,0.07958190769816445,150490800.0,40155444.0,-1.2895165756740696,-1.3224306313201606,-1.7889367824105704,-0.860897583102812,-1.2074525435232084
山东省,2021Q2,2021,710034014.0,1,24.694465356255446,355.86,61.3,33.01,819.26,455.43,288.26,0.6786406418552224,1647220746.0,481857939.0,0.007905831114169693,17398750.0,5613409.0,0.2819093917379569,714278785.0,200165257.0,0.0,0.0,0.0,0.031544135292650925,78809712.0,22397409.0,-1.2113739934174776,-1.2705276509156067,-1.3998344261808173,-0.860897583102812,-1.2979688727464536
山东省,2021Q3,2021,299159894.0,1,24.45856574351039,355.86,61.3,33.01,819.26,455.43,288.26,0.3870637485919152,371854847.0,115793950.0,0.016286618285805382,14873785.0,4872303.0,0.5400620311758768,571532839.0,161564900.0,0.0,0.0,0.0,0.05658760194640262,59930798.0,16928741.0,-1.168094532209829,-1.242327111963714,-1.3736436493763544,-0.860897583102812,-1.2916221984288572
山东省,2021Q4,2021,202070670.0,1,24.469361110910555,355.86,61.3,33.01,819.26,455.43,288.26,0.19400589902532614,137223960.0,39202902.0,0.03339521267485281,20847400.0,6748193.0,0.6744711689232287,489634424.0,136290841.0,0.0,0.0,0.0,0.09812771937659236,61547320.0,19828734.0,-1.1161393406020093,-1.2449355006599752,-0.9936274647604947,-0.860897583102812,-1.2585032518974755
山东省,2022Q1,2022,384056117.0,1,24.451997864602696,368.39,60.4,33.7,844.51,438.09,304.4,0.5177341778935916,609905458.0,198838978.0,0.015844096033497106,18741950.0,6085022.0,0.311227163711599,446160637.0,119528696.0,0.0,0.0,0.0,0.15519456236131243,161228575.0,59603421.0,-1.0616243121162303,-1.2738345821213612,-1.2043215153222586,-0.860897583102812,-1.1060884901847694
山东省,2022Q2,2022,366706599.0,1,24.5088038914898,368.39,60.4,33.7,844.51,438.09,304.4,0.3629150153362798,413171392.0,133083331.0,0.04929797568218836,51776305.0,18077893.0,0.4310474680058866,551317774.0,158067951.0,3.2451011332904866e-07,11.0,119.0,0.15673921646553188,159855000.0,57477305.0,-0.9952775994585407,-1.2266975911597224,-1.2759183627109056,-0.23313002036622787,-0.982215794573623
山东省,2022Q3,2022,142984259.0,1,24.481064309011245,368.39,60.4,33.7,844.51,438.09,304.4,0.001387334531698346,1058311.0,198367.0,0.10990744792404036,43518700.0,15715035.0,0.8856667012555557,415521850.0,126636397.0,2.937386275506033e-07,4.0,42.0,0.0030382225500780475,796700.0,434418.0,-0.9527506624911692,-1.1743275409281746,-0.35432756988215536,-0.12718276144580098,-1.157923019074272
山东省,2022Q4,2022,168754687.0,1,24.449816197535803,368.39,60.4,33.7,844.51,438.09,304.4,0.08219773475091688,42696779.0,13871253.0,0.07198290735474505,34915630.0,12147453.0,0.4745209536017213,280734200.0,80077635.0,0.0033308823001757574,3535480.0,562102.0,0.36796752199244104,137618570.0,62096244.0,-0.8781433181796018,-1.3058055901339773,-1.632684298608254,-0.16357148139022648,-1.1629095090325199
山东省,2023Q1,2023,344642824.0,1,24.38777514985423,382.76,58.23,32.81,910.09,462.19,318.1,0.2540841964549362,256833120.0,87568295.0,0.014053703320397584,13452570.0,4843508.0,0.4290279492370919,539776140.0,147861404.0,0.0006162641007143093,1591873.0,212391.0,0.30221788688686,263340300.0,104157226.0,-0.8942615871381029,-1.2980151818996748,-1.1665415264770729,-0.35085209197465683,-1.0344533270951104
山东省,2023Q2,2023,297998941.0,1,24.41725841713124,382.76,58.23,32.81,910.09,462.19,318.1,0.4605340258574946,416885341.0,137238652.0,0.03273673378590966,26396810.0,9755512.0,0.21786848564673256,230601750.0,64924578.0,0.0037265065314443517,5911050.0,1110495.0,0.28513424817841887,235879381.0,84969704.0,-0.9750165293550194,-1.2732525974935338,-1.1024614976032039,-0.10609637550550355,-0.945844780692665
山东省,2023Q3,2023,239307990.0,1,24.418999195013146,382.76,58.23,32.81,910.09,462.19,318.1,0.3303187870994195,275686200.0,79047925.0,0.027374551932010292,20098160.0,6550949.0,0.34625087110547376,300128720.0,82860600.0,0.0016720294211655866,3196060.0,400130.0,0.29438376044193093,226545845.0,70448386.0,-1.1614120211320391,-1.2852354929462275,-1.2276717279369318,-0.680552251855393,-1.098235850563493
山东省,2023Q4,2023,362745956.0,1,24.482535092669316,382.76,58.23,32.81,910.09,462.19,318.1,0.5298744639898894,710705460.0,192209819.0,0.012282168626023222,13192000.0,4455307.0,0.20959678734502557,266847420.0,76030387.0,0.0013481252979151061,2585900.0,489027.0,0.24689845474114672,294477910.0,89561416.0,-1.2120286385723713,-1.2716006363895274,-1.7353193054180132,-0.6672253793000458,-1.1591533067474875
山西省,2017Q1,2017,0.0,0,21.16530891769514,62.67,5.91,8.56,93.32,101.87,77.39,,0.0,0.0,,0.0,0.0,,0.0,0.0,,0.0,0.0,,0.0,0.0,-1.3257037162852585,-1.4114565262278214,-0.7341507858592827,-0.860897583102812,-1.1451021120726261
山西省,2017Q2,2017,0.0,0,21.207619960355547,62.67,5.91,8.56,93.32,101.87,77.39,,0.0,0.0,,0.0,0.0,,0.0,0.0,,0.0,0.0,,0.0,0.0,-1.3257037162852585,-1.4114565262278214,-0.7341507858592827,-0.860897583102812,-1.1451021120726261
山西省,2017Q3,2017,0.0,0,21.314845233551594,62.67,5.91,8.56,93.32,101.87,77.39,,0.0,0.0,,0.0,0.0,,0.0,0.0,,0.0,0.0,,0.0,0.0,-1.3257037162852585,-1.4114565262278214,-0.7341507858592827,-0.860897583102812,-1.1451021120726261
山西省,2017Q4,2017,0.0,0,21.3839863395195,62.67,5.91,8.56,93.32,101.87,77.39,,0.0,0.0,,0.0,0.0,,0.0,0.0,,0.0,0.0,,0.0,0.0,-1.3257037162852585,-1.4114565262278214,-0.7341507858592827,-0.860897583102812,-1.1451021120726261
山西省,2018Q1,2018,112873.0,1,21.33504522509235,62.46,6.5,8.13,93.09,102.58,81.06,0.0,0.0,0.0,1.0,513060.0,112873.0,0.0,0.0,0.0,0.0,0.0,0.0,0.0,0.0,0.0,-1.3257037162852585,-1.4114565262278214,-0.7341507858592827,-0.860897583102812,-1.4732521075911924
山西省,2018Q2,2018,0.0,0,21.36291871920884,62.46,6.5,8.13,93.09,102.58,81.06,,0.0,0.0,,0.0,0.0,,0.0,0.0,,0.0,0.0,,0.0,0.0,-1.3257037162852585,-1.4114565262278214,-0.7341507858592827,-0.860897583102812,-1.1451021120726261
山西省,2018Q3,2018,317046.0,1,21.46634017115006,62.46,6.5,8.13,93.09,102.58,81.06,0.0,0.0,0.0,1.0,990770.0,317046.0,0.0,0.0,0.0,0.0,0.0,0.0,0.0,0.0,0.0,-1.3257037162852585,-1.4114565262278214,-0.7341507858592827,-0.860897583102812,-1.1803129417741034
山西省,2018Q4,2018,0.0,0,21.35696839861111,62.46,6.5,8.13,93.09,102.58,81.06,,0.0,0.0,,0.0,0.0,,0.0,0.0,,0.0,0.0,,0.0,0.0,-1.3257037162852585,-1.4114565262278214,-0.7341507858592827,-0.860897583102812,-1.1451021120726261
山西省,2019Q1,2019,0.0,0,21.26123490679157,56.78,6.61,8.03,91.02,111.4,91.81,,0.0,0.0,,0.0,0.0,,0.0,0.0,,0.0,0.0,,0.0,0.0,-1.3257037162852585,-1.4114565262278214,-0.7341507858592827,-0.860897583102812,-1.1451021120726261
山西省,2019Q2,2019,0.0,0,21.33780079917551,56.78,6.61,8.03,91.02,111.4,91.81,,0.0,0.0,,0.0,0.0,,0.0,0.0,,0.0,0.0,,0.0,0.0,-1.3257037162852585,-1.4114565262278214,-0.7341507858592827,-0.860897583102812,-1.1451021120726261
山西省,2019Q3,2019,0.0,0,21.470719359324224,56.78,6.61,8.03,91.02,111.4,91.81,,0.0,0.0,,0.0,0.0,,0.0,0.0,,0.0,0.0,,0.0,0.0,-1.3257037162852585,-1.4114565262278214,-0.7341507858592827,-0.860897583102812,-1.1451021120726261
山西省,2019Q4,2019,0.0,0,21.472779858285705,56.78,6.61,8.03,91.02,111.4,91.81,,0.0,0.0,,0.0,0.0,,0.0,0.0,,0.0,0.0,,0.0,0.0,-1.3257037162852585,-1.4114565262278214,-0.7341507858592827,-0.860897583102812,-1.1451021120726261
山西省,2020Q1,2020,0.0,0,21.469920960263696,62.8,7.37,8.58,102.65,108.75,117.01,,0.0,0.0,,0.0,0.0,,0.0,0.0,,0.0,0.0,,0.0,0.0,-1.3257037162852585,-1.4114565262278214,-0.7341507858592827,-0.860897583102812,-1.1451021120726261
山西省,2020Q2,2020,0.0,0,21.4805736834714,62.8,7.37,8.58,102.65,108.75,117.01,,0.0,0.0,,0.0,0.0,,0.0,0.0,,0.0,0.0,,0.0,0.0,-1.3257037162852585,-1.4114565262278214,-0.7341507858592827,-0.860897583102812,-1.1451021120726261
山西省,2020Q3,2020,0.0,0,21.648512185075408,62.8,7.37,8.58,102.65,108.75,117.01,,0.0,0.0,,0.0,0.0,,0.0,0.0,,0.0,0.0,,0.0,0.0,-1.3257037162852585,-1.4114565262278214,-0.7341507858592827,-0.860897583102812,-1.1451021120726261
山西省,2020Q4,2020,0.0,0,21.66907000167401,62.8,7.37,8.58,102.65,108.75,117.01,,0.0,0.0,,0.0,0.0,,0.0,0.0,,0.0,0.0,,0.0,0.0,-1.3257037162852585,-1.4114565262278214,-0.7341507858592827,-0.860897583102812,-1.1451021120726261
山西省,2021Q1,2021,0.0,0,21.645073017109105,88.42,8.96,10.39,135.38,112.34,135.15,,0.0,0.0,,0.0,0.0,,0.0,0.0,,0.0,0.0,,0.0,0.0,-1.3257037162852585,-1.4114565262278214,-0.7341507858592827,-0.860897583102812,-1.1451021120726261
山西省,2021Q2,2021,0.0,0,22.04369132006215,88.42,8.96,10.39,135.38,112.34,135.15,,0.0,0.0,,0.0,0.0,,0.0,0.0,,0.0,0.0,,0.0,0.0,-1.3257037162852585,-1.4114565262278214,-0.7341507858592827,-0.860897583102812,-1.1451021120726261
山西省,2021Q3,2021,0.0,0,21.82997532238934,88.42,8.96,10.39,135.38,112.34,135.15,,0.0,0.0,,0.0,0.0,,0.0,0.0,,0.0,0.0,,0.0,0.0,-1.3257037162852585,-1.4114565262278214,-0.7341507858592827,-0.860897583102812,-1.1451021120726261
山西省,2021Q4,2021,0.0,0,21.813812868227938,88.42,8.96,10.39,135.38,112.34,135.15,,0.0,0.0,,0.0,0.0,,0.0,0.0,,0.0,0.0,,0.0,0.0,-1.3257037162852585,-1.4114565262278214,-0.7341507858592827,-0.860897583102812,-1.1451021120726261
山西省,2022Q1,2022,501376.0,1,21.745006364837522,92.4,9.1,11.17,143.2,117.96,142.8,0.0,0.0,0.0,0.0,0.0,0.0,0.0,0.0,0.0,1.0,1692961.0,501376.0,0.0,0.0,0.0,-1.3257037162852585,-1.4114565262278214,-0.7341507858592827,-1.2168780272337703,-1.1451021120726261
山西省,2022Q2,2022,0.0,0,21.73308878904804,92.4,9.1,11.17,143.2,117.96,142.8,,0.0,0.0,,0.0,0.0,,0.0,0.0,,0.0,0.0,,0.0,0.0,-1.3257037162852585,-1.4114565262278214,-0.7341507858592827,-0.860897583102812,-1.1451021120726261
山西省,2022Q3,2022,0.0,0,21.74805959302783,92.4,9.1,11.17,143.2,117.96,142.8,,0.0,0.0,,0.0,0.0,,0.0,0.0,,0.0,0.0,,0.0,0.0,-1.3257037162852585,-1.4114565262278214,-0.7341507858592827,-0.860897583102812,-1.1451021120726261
山西省,2022Q4,2022,0.0,0,21.66751806539492,92.4,9.1,11.17,143.2,117.96,142.8,,0.0,0.0,,0.0,0.0,,0.0,0.0,,0.0,0.0,,0.0,0.0,-1.3257037162852585,-1.4114565262278214,-0.7341507858592827,-0.860897583102812,-1.1451021120726261
山西省,2023Q1,2023,0.0,0,21.576955038142838,99.55,10.23,11.95,154.99,126.74,147.13,,0.0,0.0,,0.0,0.0,,0.0,0.0,,0.0,0.0,,0.0,0.0,-1.3257037162852585,-1.4114565262278214,-0.7341507858592827,-0.860897583102812,-1.1451021120726261
山西省,2023Q2,2023,0.0,0,21.593136562743787,99.55,10.23,11.95,154.99,126.74,147.13,,0.0,0.0,,0.0,0.0,,0.0,0.0,,0.0,0.0,,0.0,0.0,-1.3257037162852585,-1.4114565262278214,-0.7341507858592827,-0.860897583102812,-1.1451021120726261
山西省,2023Q3,2023,0.0,0,21.64186616441844,99.55,10.23,11.95,154.99,126.74,147.13,,0.0,0.0,,0.0,0.0,,0.0,0.0,,0.0,0.0,,0.0,0.0,-1.3257037162852585,-1.4114565262278214,-0.7341507858592827,-0.860897583102812,-1.1451021120726261
山西省,2023Q4,2023,0.0,0,21.699055606814653,99.55,10.23,11.95,154.99,126.74,147.13,,0.0,0.0,,0.0,0.0,,0.0,0.0,,0.0,0.0,,0.0,0.0,-1.3257037162852585,-1.4114565262278214,-0.7341507858592827,-0.860897583102812,-1.1451021120726261
广东省,2017Q1,2017,207128517.0,1,25.096330690886457,277.96,4.08,1.96,444.08,38.5,13.88,0.0,0.0,0.0,0.4827080377348523,519598000.0,99982600.0,0.016356946156284215,19022700.0,3387990.0,0.032510458229177586,25262575.0,6733843.0,0.4684245578796859,501199380.0,97024084.0,-1.5785043236349827,-1.7277846339616492,-0.7341507858592827,-1.083875010002667,-1.6514995189724138
广东省,2017Q2,2017,236065581.0,1,25.18658486486035,277.96,4.08,1.96,444.08,38.5,13.88,0.05573116565434416,65713100.0,13156210.0,0.4382527921340638,526960000.0,103456400.0,0.013345232230191151,18638320.0,3150350.0,0.020732158323410986,17095035.0,4894149.0,0.4719386516579899,594663110.0,111408472.0,-1.5406174509149653,-1.7109334934862879,-0.4382803912025757,-1.167060195307064,-1.3870003615186157
广东省,2017Q3,2017,280570981.0,1,25.294815583055744,277.96,4.08,1.96,444.08,38.5,13.88,0.2588692520556857,365854500.0,72631200.0,0.2730585313097651,379844700.0,76612300.0,0.028582571053561667,46524500.0,8019440.0,0.046390959441382856,68407330.0,13015957.0,0.39309868613960475,571047770.0,110292084.0,-1.6189595455701522,-1.7379350972259742,-1.3188862887238553,-1.3665776818200785,-1.5912864367045798
广东省,2017Q4,2017,251300171.0,1,25.3610885078925,277.96,4.08,1.96,444.08,38.5,13.88,0.06974973367606661,88080500.0,17528120.0,0.30334511789886526,350612900.0,76230680.0,0.034541850749476806,42117260.0,8680373.0,0.07140531551807022,89001500.0,17944168.0,0.5209579821575211,612312900.0,130916830.0,-1.4904021619564995,-1.6224037567995557,-1.2121943988135102,-1.7462648101634173,-1.5497814940207995
广东省,2018Q1,2018,237375258.0,1,25.294086246294817,281.52,4.07,1.97,449.9,39.24,13.89,0.002870960544674795,3214820.0,681495.0,0.5092396782144835,547221000.0,120880900.0,0.06697518154988166,69502050.0,15898251.0,0.031257731165899354,32849970.0,7419812.0,0.3896564485250607,401925000.0,92494800.0,-1.451485494432543,-1.4800671461634307,-1.4088907335423873,-1.6800659503595137,-1.4330696127943359
广东省,2018Q2,2018,226476058.0,1,25.370070887297246,281.52,4.07,1.97,449.9,39.24,13.89,0.26505768658336504,283995900.0,60029220.0,0.46442171825509254,461301000.0,105180400.0,0.015416375712438443,13892570.0,3491440.0,0.027576901749146482,28716532.0,6245508.0,0.2275273176999575,213136120.0,51529490.0,-1.4160663278999042,-1.4106044224727239,-1.2495750658300209,-1.7145336366675865,-1.3121411943257677
广东省,2018Q3,2018,159301600.0,1,25.464817066321082,281.52,4.07,1.97,449.9,39.24,13.89,0.0,0.0,0.0,0.013099868425678085,8994430.0,2086830.0,0.013040860857643614,8470710.0,2077430.0,0.0550858497340893,37383981.0,8775264.0,0.918773420982589,587276520.0,146362076.0,-1.3740491560770445,-1.4650603305624907,-0.7341507858592827,-1.4323083303484854,-1.1401304469772469
广东省,2018Q4,2018,21994334.0,1,25.34630034812616,281.52,4.07,1.97,449.9,39.24,13.89,0.5260218381697759,49822500.0,11569500.0,0.012995528757542738,1045938.0,285828.0,0.0,0.0,0.0,0.18448101224615393,16154182.0,4057537.0,0.2765016208265274,21918095.0,6081469.0,-1.2840278458079921,-1.4114565262278214,-1.3645192751373378,-1.4107385345936323,-1.232513460974147
广东省,2019Q1,2019,96536216.0,1,25.20740871247048,221.93,4.08,1.97,412.12,41.48,13.92,0.3241736759186832,145595000.0,31294500.0,0.0,0.0,0.0,0.0,0.0,0.0,0.04830452438699275,15100096.0,4663136.0,0.6275217996943241,220243680.0,60578580.0,-1.2788819416571795,-1.4114565262278214,-1.190704236367012,-1.489786866650559,-1.1451021120726261
广东省,2019Q2,2019,86683722.0,1,25.29275059871102,221.93,4.08,1.97,412.12,41.48,13.92,0.5770117946712071,234932600.0,50017530.0,0.0,0.0,0.0,0.0,0.0,0.0,0.06740981888156579,17956678.0,5843334.0,0.35557838644722706,104870915.0,30822858.0,-1.2670794972217347,-1.4114565262278214,-1.25524874642648,-1.2354971937737182,-1.1451021120726261
广东省,2019Q3,2019,172897903.0,1,25.360039139307737,221.93,4.08,1.97,412.12,41.48,13.92,0.0904774998919449,73535405.0,15643370.0,0.3764989098797803,290654620.0,65095872.0,0.0,0.0,0.0,0.04612912511726646,24316002.0,7975629.0,0.4868944651110083,338363400.0,84183032.0,-1.400426225072539,-1.4114565262278214,-1.468924361683451,-0.9175124692050264,-1.3978885830153602
广东省,2019Q4,2019,84625776.0,1,25.381651321146812,221.93,4.08,1.97,412.12,41.48,13.92,0.16064254465447975,63002000.0,13594500.0,0.23934327054206275,84325700.0,20254610.0,0.0,0.0,0.0,0.0835975081634702,21010581.0,7074504.0,0.5164166766399874,186065800.0,43702162.0,-1.380835130303416,-1.4114565262278214,-1.658299178202304,-1.4812092410696336,-1.4168662563935701
广东省,2020Q1,2020,94413340.0,1,25.258853137206824,192.42,4.22,1.92,400.99,44.63,15.1,0.0,0.0,0.0,0.669664901167568,275000000.0,63225300.0,0.0,0.0,0.0,0.050334306571507795,14417610.0,4752230.0,0.28000079226092417,99409200.0,26435810.0,-1.4185978221879711,-1.4114565262278214,-0.7341507858592827,-0.5618268886690765,-1.415212051755271
广东省,2020Q2,2020,345922359.0,1,25.295187251784427,192.42,4.22,1.92,400.99,44.63,15.1,0.21094182004002812,339115440.0,72969492.0,0.44178616971099,663634000.0,152823714.0,0.0,0.0,0.0,0.02580761771458664,26716310.0,8927432.0,0.3214643925343953,481343037.0,111201721.0,-1.4167013931268384,-1.4114565262278214,-1.4110503941876689,-0.7927870869305367,-1.2093927504214028
广东省,2020Q3,2020,258972598.0,1,25.452092390107453,192.42,4.22,1.92,400.99,44.63,15.1,0.05997140284316876,74780290.0,15530950.0,0.5022996757363495,541677117.0,130081852.0,0.0,0.0,0.0,0.020975960553170185,16412752.0,5432199.0,0.4167529608673115,490120172.0,107927597.0,-1.478297134361832,-1.4114565262278214,-1.385740054003811,-0.9943915420819207,-1.1404415319766263
广东省,2020Q4,2020,187961412.0,1,25.494748963284295,192.42,4.22,1.92,400.99,44.63,15.1,5.580932750175339e-05,3485.0,10490.0,0.4702073636263171,344138300.0,88380840.0,0.0,0.0,0.0,0.03527474564832488,19710351.0,6630291.0,0.4944620813978563,402800700.0,92939791.0,-1.4491498783918948,-1.4114565262278214,-1.045739403370748,-0.7282375747265554,-1.3500489015457373
广东省,2021Q1,2021,280757579.0,1,25.448876364883816,263.23,4.37,1.96,457.42,43.66,17.23,0.08315493061008337,83642460.0,23346377.0,0.51913288866193,548418300.0,145750493.0,0.0028031798920733677,2934860.0,787014.0,0.011795706501657788,10987830.0,3311734.0,0.3831132943342555,412295730.0,107561961.0,-1.3402676532945377,-1.332657436559785,-1.626063275669899,-1.1241778505621232,-1.2905661288020813
广东省,2021Q2,2021,448614074.0,1,25.833552242569432,263.23,4.37,1.96,457.42,43.66,17.23,0.2689383637125928,427780607.0,120649535.0,0.42077622379720525,581772809.0,188766136.0,0.0019667171654538865,3290180.0,882297.0,0.0445681291755461,73868834.0,19993890.0,0.263750566149202,417353331.0,118322216.0,-1.235882562975752,-1.2831332068687218,-1.2794134298072968,-0.9397388904327978,-1.3745067117555334
广东省,2021Q3,2021,561381061.0,1,25.604895623018667,263.23,4.37,1.96,457.42,43.66,17.23,0.18999705976899708,340224118.0,106660751.0,0.4562763954731989,754009461.0,256144927.0,0.00569450632036908,10797690.0,3196788.0,0.015864293647768785,30291609.0,8905914.0,0.33216774478966615,655846068.0,186472681.0,-1.210253431914671,-1.2594184194109226,-1.2438943744512094,-1.1359209255068041,-1.2772925750816435
广东省,2021Q4,2021,379126912.0,1,25.65603268094493,263.23,4.37,1.96,457.42,43.66,17.23,0.010040060147457957,12757482.0,3806457.0,0.3980790474721035,440991467.0,150922480.0,0.0044543395537165135,5572870.0,1688760.0,0.011277856740489053,14225400.0,4275739.0,0.576148696086233,754670546.0,218433476.0,-1.1609455215150288,-1.2516652855369246,-0.9103366311275514,-1.2330379461417822,-1.280046149240451
广东省,2022Q1,2022,420806269.0,1,25.539125151196036,279.81,4.53,2.01,481.01,47.2,19.81,0.1471603813012586,202081540.0,61926011.0,0.4525563520062483,503981757.0,190438550.0,0.07526817762308574,113095580.0,31673321.0,0.010080574631363203,13041036.0,4241969.0,0.31493451443804416,413280828.0,132526418.0,-1.1389881609089416,-1.2712444302523642,-1.0229553004395426,-0.9319259071431982,-1.1978902110467138
广东省,2022Q2,2022,614322133.0,1,25.522263943764735,279.81,4.53,2.01,481.01,47.2,19.81,0.0027608105078642834,4725503.0,1696027.0,0.6567842998422458,963183952.0,403477132.0,0.144254727673958,313742362.0,88618872.0,0.008212787280447862,14770965.0,5045297.0,0.18798737469548407,323201900.0,115484805.0,-1.0441758302130835,-1.2427193691775609,-1.4501748311661087,-1.1515110162988291,-1.0720906268843289
广东省,2022Q3,2022,338761541.0,1,25.581371838754073,279.81,4.53,2.01,481.01,47.2,19.81,0.08006129007424724,66746730.0,27121686.0,0.716847232077032,611181360.0,242840273.0,0.04938784653834126,55620840.0,16730703.0,0.04801193474320628,50042430.0,16264597.0,0.10569169656717319,92999000.0,35804282.0,-1.016793697690576,-1.1826883891307265,-0.4184953547802627,-1.0455637573784022,-1.1528719745578795
广东省,2022Q4,2022,252900832.0,1,25.51658377166536,279.81,4.53,2.01,481.01,47.2,19.81,0.07914953399599729,63477149.0,20016983.0,0.4166654975654647,276866600.0,105375051.0,0.03295257644703992,32022900.0,8333734.0,0.05911586324872194,42451333.0,14950451.0,0.41211652874277616,245496250.0,104224613.0,-0.9575009932183163,-1.313412455818709,-1.800388438532334,-1.2115684961862991,-1.1562703582860479
广东省,2023Q1,2023,377658107.0,1,25.366938852919855,298.0,4.43,1.94,507.46,49.91,20.25,0.43763976712407765,467392600.0,165278206.0,0.1277290626254185,133306276.0,48237916.0,0.1463657921687353,203882300.0,55276228.0,0.014628209742098823,15399890.0,5524462.0,0.2736371683396697,239363679.0,103341295.0,-0.9725863174345829,-1.3128002113762587,-1.2553480630934943,-1.1382123056526208,-1.1178578353457136
广东省,2023Q2,2023,566719591.0,1,25.408634928255257,298.0,4.43,1.94,507.46,49.91,20.25,0.15002917024620735,260748100.0,85024470.0,0.4418371712863549,674017970.0,250397781.0,0.024541410286273303,53700400.0,13908098.0,0.019403844819615563,31856940.0,10996539.0,0.3641884033615489,560727544.0,206392703.0,-1.043333389253582,-1.2817738448710292,-1.005369670628145,-1.1493614309342601,-0.9859867792322694
广东省,2023Q3,2023,524748207.0,1,25.456308647822528,298.0,4.43,1.94,507.46,49.91,20.25,0.19836503033539665,336546500.0,104091694.0,0.4513541939553497,669669830.0,236847304.0,0.0,0.0,0.0,0.03488691672652061,55248960.0,18306847.0,0.31539385898273303,503535892.0,165502362.0,-1.1851721035591587,-1.4114565262278214,-1.4094843876385363,-1.5989332477879938,-1.070632165574144
广东省,2023Q4,2023,512424192.0,1,25.51335869149883,298.0,4.43,1.94,507.46,49.91,20.25,0.15668465746441573,284119400.0,80289009.0,0.3010227237671089,473460900.0,154251326.0,0.0,0.0,0.0,0.012880059339587153,19470440.0,6600054.0,0.5294125594288882,901743570.0,271283803.0,-1.2713923652620382,-1.4114565262278214,-1.5174399339499276,-1.6898756699430442,-1.095852052668913
广西壮族自治区,2017Q1,2017,35063156.0,1,22.412659469021776,254.97,11.71,3.32,420.18,24.2,8.14,0.0,0.0,0.0,0.0,0.0,0.0,0.9446613989910092,187533700.0,33122810.0,0.05533860100899075,6802080.0,1940346.0,0.0,0.0,0.0,-1.3257037162852585,-1.746715386885018,-0.7341507858592827,-1.2305636413717562,-1.1451021120726261
广西壮族自治区,2017Q2,2017,29590258.0,1,22.484383964870688,254.97,11.71,3.32,420.18,24.2,8.14,0.0,0.0,0.0,0.0,0.0,0.0,0.9747603755262966,167548320.0,28843411.0,0.025239624473703474,2605240.0,746847.0,0.0,0.0,0.0,-1.3257037162852585,-1.7448663388044614,-0.7341507858592827,-1.3137488266761532,-1.1451021120726261
广西壮族自治区,2017Q3,2017,34936196.0,1,22.531740745499103,254.97,11.71,3.32,420.18,24.2,8.14,0.0,0.0,0.0,0.0,0.0,0.0,0.9680859072350063,193968390.0,33821239.0,0.03191409276499365,3780560.0,1114957.0,0.0,0.0,0.0,-1.3257037162852585,-1.7415858001867182,-0.7341507858592827,-1.5132663131891677,-1.1451021120726261
广西壮族自治区,2017Q4,2017,18692918.0,1,22.63280194543029,254.97,11.71,3.32,420.18,24.2,8.14,0.0,0.0,0.0,0.0,0.0,0.0,0.9089811981200581,86752782.0,16991511.0,0.09101880187994191,6696700.0,1701407.0,0.0,0.0,0.0,-1.3257037162852585,-1.6460153735328922,-0.7341507858592827,-1.8929534415325073,-1.1451021120726261
广西壮族自治区,2018Q1,2018,37485640.0,1,22.617269890023714,263.89,12.32,3.37,426.84,22.31,8.87,0.0,0.0,0.0,0.0,0.0,0.0,0.9577208765810055,163718600.0,35900780.0,0.04227912341899458,6693640.0,1584860.0,0.0,0.0,0.0,-1.3257037162852585,-1.4944547719517882,-0.7341507858592827,-1.8267545817286024,-1.1451021120726261
广西壮族自治区,2018Q2,2018,10401961.0,1,22.59546859310909,263.89,12.32,3.37,426.84,22.31,8.87,0.0,0.0,0.0,0.0,0.0,0.0,0.8989881811708389,37231480.0,9351240.0,0.10101181882916116,4209560.0,1050721.0,0.0,0.0,0.0,-1.3257037162852585,-1.4295351753960925,-0.7341507858592827,-1.074989952025597,-1.1451021120726261
广西壮族自治区,2018Q3,2018,6961308.0,1,22.590363699227456,263.89,12.32,3.37,426.84,22.31,8.87,0.0,0.0,0.0,0.0,0.0,0.0,0.7818616846144432,22511000.0,5442780.0,0.21813831538555686,6657880.0,1518528.0,0.0,0.0,0.0,-1.3257037162852585,-1.447763224387249,-0.7341507858592827,-0.9237871047021216,-1.1451021120726261
广西壮族自治区,2018Q4,2018,12577929.0,1,22.530823772631418,263.89,12.32,3.37,426.84,22.31,8.87,0.0,0.0,0.0,0.0,0.0,0.0,0.8584855265123535,44962680.0,10797970.0,0.1415144734876465,7123660.0,1779959.0,0.0,0.0,0.0,-1.3257037162852585,-1.4251777924211124,-0.7341507858592827,-0.9022581842505035,-1.1451021120726261
广西壮族自治区,2019Q1,2019,6236087.0,1,22.450351405246906,192.11,12.41,3.46,380.04,25.09,8.71,0.0,0.0,0.0,0.0,0.0,0.0,0.7065776984830391,19722740.0,4406280.0,0.29342230151696086,6611040.0,1829807.0,0.0,0.0,0.0,-1.3257037162852585,-1.505729051631328,-0.7341507858592827,-1.1123661747331344,-1.1451021120726261
广西壮族自治区,2019Q2,2019,13214981.0,1,22.514643970916897,192.11,12.41,3.46,380.04,25.09,8.71,0.0,0.0,0.0,0.0,0.0,0.0,0.8307632073023791,47775360.0,10978520.0,0.16923679269762099,7115940.0,2236461.0,0.0,0.0,0.0,-1.3257037162852585,-1.4659347238151759,-0.7341507858592827,-1.120074025067161,-1.1451021120726261
广西壮族自治区,2019Q3,2019,3848448.0,1,22.563959804854566,192.11,12.41,3.46,380.04,25.09,8.71,0.0,0.0,0.0,0.0,0.0,0.0,0.17604473283775693,2850800.0,677499.0,0.8239552671622431,8738940.0,3170949.0,0.0,0.0,0.0,-1.3257037162852585,-1.435367687316345,-0.7341507858592827,-0.6759606364135555,-1.1451021120726261
广西壮族自治区,2019Q4,2019,5940396.0,1,22.606427484519905,192.11,12.41,3.46,380.04,25.09,8.71,0.0,0.0,0.0,0.0,0.0,0.0,0.5608043638841586,14041860.0,3331400.0,0.43919563611584145,7605240.0,2608996.0,0.0,0.0,0.0,-1.3257037162852585,-1.446612285440028,-0.7341507858592827,-1.1036770421864133,-1.1451021120726261
广西壮族自治区,2020Q1,2020,15472621.0,1,22.723930565682164,174.05,13.62,3.64,380.36,26.7,11.18,0.4807511280732592,33573000.0,7438480.0,0.0,0.0,0.0,0.47413104735131817,33257300.0,7336050.0,0.04511782457542261,2171240.0,698091.0,0.0,0.0,0.0,-1.3257037162852585,-1.525523994114949,-1.372416494182446,-0.7085155200381656,-1.1451021120726261
广西壮族自治区,2020Q2,2020,39119048.0,1,22.54857073335427,174.05,13.62,3.64,380.36,26.7,11.18,0.3416887087845287,59829150.0,13366537.0,0.0,0.0,0.0,0.5868328646443544,106625318.0,22956343.0,0.07147842657111697,8482000.0,2796168.0,0.0,0.0,0.0,-1.3257037162852585,-1.504227638746057,-1.3163346674862013,-0.9394757182996263,-1.1451021120726261
广西壮族自治区,2020Q3,2020,48210786.0,1,22.617490455847623,174.05,13.62,3.64,380.36,26.7,11.18,0.8322077968195748,165511400.0,40121392.0,0.0,0.0,0.0,0.11381409545988319,22776610.0,5487067.0,0.05397810772054204,7680640.0,2602327.0,0.0,0.0,0.0,-1.3257037162852585,-1.4088315140122687,-1.2272369921500204,-0.8789697240342589,-1.1451021120726261
广西壮族自治区,2020Q4,2020,31660160.0,1,22.719441920633294,174.05,13.62,3.64,380.36,26.7,11.18,0.7554573318643999,89433700.0,23917900.0,0.0,0.0,0.0,0.16798620095413289,19474660.0,5318470.0,0.07655646718146718,6775360.0,2423790.0,0.0,0.0,0.0,-1.3257037162852585,-1.2758374110620827,-0.9519792518144587,-0.7438899944992867,-1.1451021120726261
广西壮族自治区,2021Q1,2021,104119641.0,1,22.795705396368675,245.24,14.03,4.02,440.97,27.08,13.09,0.4508859188248642,160110170.0,46946080.0,0.0,0.0,0.0,0.5273168969147713,203409100.0,54904046.0,0.021797184260364477,7345300.0,2269515.0,0.0,0.0,0.0,-1.3257037162852585,-1.3110839803413148,-1.6981945683628632,-1.0087889397401875,-1.1451021120726261
广西壮族自治区,2021Q2,2021,163261017.0,1,23.20368735314759,245.24,14.03,4.02,440.97,27.08,13.09,0.9685179101879539,515766343.0,158121219.0,0.0,0.0,0.0,0.015977188234714966,9261130.0,2608452.0,0.015504901577331226,8164860.0,2531346.0,0.0,0.0,0.0,-1.3257037162852585,-1.3031981284892178,-1.3501599831093964,-0.6932573530998125,-1.1451021120726261
广西壮族自治区,2021Q3,2021,168721795.0,1,22.88009706199973,245.24,14.03,4.02,440.97,27.08,13.09,0.9231360892053099,480444654.0,155753178.0,0.0,0.0,0.0,0.06444200051333024,37812345.0,10872770.0,0.012421910281359916,6169790.0,2095847.0,0.0,0.0,0.0,-1.3257037162852585,-1.2733206800000407,-1.243014352622508,-1.1515568876623785,-1.1451021120726261
广西壮族自治区,2021Q4,2021,60736991.0,1,22.834875413471167,245.24,14.03,4.02,440.97,27.08,13.09,0.8393267786347862,167268260.0,50978183.0,0.0,0.0,0.0,0.1375550198066282,28303540.0,8354678.0,0.023118201558585606,4073540.0,1404130.0,0.0,0.0,0.0,-1.3257037162852585,-1.2364260619985652,-0.8909435081198623,-0.9885824182301794,-1.1451021120726261
广西壮族自治区,2022Q1,2022,213307071.0,1,22.721628088614022,262.65,14.94,4.31,454.94,29.32,13.12,0.6899328714705384,478789120.0,147167560.0,0.0,0.0,0.0,0.2951288708099133,234964948.0,62953075.0,0.01493825771954836,9006740.0,3186436.0,0.0,0.0,0.0,-1.3257037162852585,-1.2650307898741464,-1.0131842751780074,-0.9475697325612034,-1.1451021120726261
广西壮族自治区,2022Q2,2022,95973567.0,1,22.743340041477808,262.65,14.94,4.31,454.94,29.32,13.12,0.18773921365244245,57537970.0,18018002.0,0.006170657385277761,1472140.0,592220.0,0.7875592140906881,252507544.0,75584867.0,0.018530914871591676,5011280.0,1778478.0,0.0,0.0,0.0,-1.3257037162852585,-1.2379757142290313,-1.270498483020023,-1.2981996476679183,-0.8139838447865227
广西壮族自治区,2022Q3,2022,31635564.0,1,22.787388972589365,262.65,14.94,4.31,454.94,29.32,13.12,0.0,0.0,0.0,0.01613652280705348,1246940.0,510488.0,0.8811540075593405,97687180.0,27875804.0,0.10270946963360603,9663580.0,3249272.0,0.0,0.0,0.0,-1.3257037162852585,-1.1941043777858973,-0.7341507858592827,-1.1922523887474914,-0.9896910692871717
广西壮族自治区,2022Q4,2022,24443831.0,1,22.704085182836458,262.65,14.94,4.31,454.94,29.32,13.12,0.0,0.0,0.0,0.0,0.0,0.0,0.8417485786086477,74871600.0,20575560.0,0.14302312104841503,9210140.0,3496033.0,0.015228300342937243,1324220.0,372238.0,-1.2997983451040676,-1.323551998742814,-0.7341507858592827,-1.228641108691917,-1.1451021120726261
广西壮族自治区,2023Q1,2023,138234299.0,1,22.735805357350397,276.05,15.25,4.35,478.94,33.36,13.79,0.49027256976215433,201346300.0,67772485.0,0.0,0.0,0.0,0.4840499028392367,244809900.0,66912299.0,0.025677527398608936,10309580.0,3549515.0,0.0,0.0,0.0,-1.3257037162852585,-1.281773807933298,-1.165178348082598,-1.28490093702171,-1.1451021120726261
广西壮族自治区,2023Q2,2023,179974035.0,1,22.77387479776163,276.05,15.25,4.35,478.94,33.36,13.79,0.6537429968717432,361494400.0,117656765.0,0.0,0.0,0.0,0.3234416675716583,210962000.0,58211102.0,0.01736549386137839,9013680.0,3125338.0,0.005449841695220091,3975000.0,980830.0,-1.375867311557241,-1.2680207270755104,-1.0553502965461017,-1.1711660028071944,-1.1451021120726261
广西壮族自治区,2023Q3,2023,143709246.0,1,22.754258821630845,276.05,15.25,4.35,478.94,33.36,13.79,0.7395214710123801,365351000.0,106276073.0,0.0,0.0,0.0,0.21154342428322254,108768400.0,30400746.0,0.030132494049826132,11730610.0,4330318.0,0.018802610654571245,12801000.0,2702109.0,-1.5482513832894855,-1.2638390564416813,-1.3129503891839385,-1.745621879157083,-1.1451021120726261
广西壮族自治区,2023Q4,2023,154152725.0,1,22.8178797456208,276.05,15.25,4.35,478.94,33.36,13.79,0.800542526899865,444693030.0,123405812.0,0.0,0.0,0.0,0.1805915075455202,97318240.0,27838673.0,0.01886596555461475,7821820.0,2908240.0,0.0,0.0,0.0,-1.3257037162852585,-1.2493491684489317,-1.6669799531260407,-1.7322950066017362,-1.1451021120726261
新疆维吾尔自治区,2017Q1,2017,13314.0,1,20.203677982226267,35.8,43.04,58.24,159.85,37.37,191.86,1.0,1437.0,13314.0,0.0,0.0,0.0,0.0,0.0,0.0,0.0,0.0,0.0,0.0,0.0,0.0,-1.3257037162852585,-1.4114565262278214,2.555924182147633,-0.860897583102812,-1.1451021120726261
新疆维吾尔自治区,2017Q2,2017,710644.0,1,20.239495621706517,35.8,43.04,58.24,159.85,37.37,191.86,1.0,7890.0,710644.0,0.0,0.0,0.0,0.0,0.0,0.0,0.0,0.0,0.0,0.0,0.0,0.0,-1.3257037162852585,-1.4114565262278214,3.0147634759361326,-0.860897583102812,-1.1451021120726261
新疆维吾尔自治区,2017Q3,2017,0.0,0,20.323897196857928,35.8,43.04,58.24,159.85,37.37,191.86,,0.0,0.0,,0.0,0.0,,0.0,0.0,,0.0,0.0,,0.0,0.0,-1.3257037162852585,-1.4114565262278214,-0.7341507858592827,-0.860897583102812,-1.1451021120726261
新疆维吾尔自治区,2017Q4,2017,0.0,0,20.40801259352981,35.8,43.04,58.24,159.85,37.37,191.86,,0.0,0.0,,0.0,0.0,,0.0,0.0,,0.0,0.0,,0.0,0.0,-1.3257037162852585,-1.4114565262278214,-0.7341507858592827,-0.860897583102812,-1.1451021120726261
新疆维吾尔自治区,2018Q1,2018,5003036.0,1,20.37007475223152,38.1,41.97,59.38,161.95,37.27,194.85,0.006665152919147494,3821.0,33346.0,0.0,0.0,0.0,0.9933348470808525,21780200.0,4969690.0,0.0,0.0,0.0,0.0,0.0,0.0,-1.3257037162852585,-1.4776438362813868,2.1538447260970366,-0.860897583102812,-1.1451021120726261
新疆维吾尔自治区,2018Q2,2018,948657.0,1,20.411335188082518,38.1,41.97,59.38,161.95,37.27,194.85,1.0,3750.0,948657.0,0.0,0.0,0.0,0.0,0.0,0.0,0.0,0.0,0.0,0.0,0.0,0.0,-1.3257037162852585,-1.4114565262278214,2.3734536697533866,-0.860897583102812,-1.1451021120726261
新疆维吾尔自治区,2018Q3,2018,0.0,0,20.462176701929685,38.1,41.97,59.38,161.95,37.27,194.85,,0.0,0.0,,0.0,0.0,,0.0,0.0,,0.0,0.0,,0.0,0.0,-1.3257037162852585,-1.4114565262278214,-0.7341507858592827,-0.860897583102812,-1.1451021120726261
新疆维吾尔自治区,2018Q4,2018,0.0,0,20.45067474577868,38.1,41.97,59.38,161.95,37.27,194.85,,0.0,0.0,,0.0,0.0,,0.0,0.0,,0.0,0.0,,0.0,0.0,-1.3257037162852585,-1.4114565262278214,-0.7341507858592827,-0.860897583102812,-1.1451021120726261
新疆维吾尔自治区,2019Q1,2019,552079.0,1,20.322054111080526,37.62,44.52,60.32,170.75,40.46,204.42,1.0,8547.0,552079.0,0.0,0.0,0.0,0.0,0.0,0.0,0.0,0.0,0.0,0.0,0.0,0.0,-1.3257037162852585,-1.4114565262278214,2.4569579628481315,-0.860897583102812,-1.1451021120726261
新疆维吾尔自治区,2019Q2,2019,137777.0,1,20.40995631054064,37.62,44.52,60.32,170.75,40.46,204.42,0.042786531859454045,600.0,5895.0,0.0,0.0,0.0,0.0,0.0,0.0,0.0,0.0,0.0,0.957213468140546,612000.0,131882.0,-1.5325285161618507,-1.4114565262278214,2.307486713212944,-0.860897583102812,-1.1451021120726261
新疆维吾尔自治区,2019Q3,2019,1525287.0,1,20.389058721036932,37.62,44.52,60.32,170.75,40.46,204.42,0.0,0.0,0.0,0.0,0.0,0.0,0.0,0.0,0.0,0.0,0.0,0.0,1.0,7602580.0,1525287.0,-1.6664234815055736,-1.4114565262278214,-0.7341507858592827,-0.860897583102812,-1.1451021120726261
新疆维吾尔自治区,2019Q4,2019,3174063.0,1,20.370140220720756,37.62,44.52,60.32,170.75,40.46,204.42,0.05869354199963895,973640.0,186297.0,0.0,0.0,0.0,0.0,0.0,0.0,0.0,0.0,0.0,0.9413064580003611,16135740.0,2987766.0,-1.661999068090811,-1.4114565262278214,1.9892458038922602,-0.860897583102812,-1.1451021120726261
新疆维吾尔自治区,2020Q1,2020,3053214.0,1,20.480613679051643,37.51,43.99,56.98,173.68,40.16,200.04,0.03762723477620632,14542.0,114884.0,0.0,0.0,0.0,0.0,0.0,0.0,0.0,0.0,0.0,0.9623727652237937,15575000.0,2938330.0,-1.7055597799482398,-1.4114565262278214,2.1805479401954426,-0.860897583102812,-1.1451021120726261
新疆维吾尔自治区,2020Q2,2020,4354457.0,1,20.34358529676072,37.51,43.99,56.98,173.68,40.16,200.04,0.0002422804955933656,170.0,1055.0,0.0,0.0,0.0,0.0,0.0,0.0,0.0,0.0,0.0,0.9997577195044066,24394200.0,4353402.0,-1.7054730305457881,-1.4114565262278214,2.2366297668916872,-0.860897583102812,-1.1451021120726261
新疆维吾尔自治区,2020Q3,2020,5137240.0,1,20.456359260921708,37.51,43.99,56.98,173.68,40.16,200.04,0.0,0.0,0.0,0.0,0.0,0.0,0.0,0.0,0.0,0.0,0.0,0.0,1.0,28125371.0,5137240.0,-1.7451378282245464,-1.4114565262278214,-0.7341507858592827,-0.860897583102812,-1.1451021120726261
新疆维吾尔自治区,2020Q4,2020,10583243.0,1,20.494002985410532,37.51,43.99,56.98,173.68,40.16,200.04,0.0,0.0,0.0,0.0,0.0,0.0,0.0,0.0,0.0,0.0,0.0,0.0,1.0,60242090.0,10583243.0,-1.7214272552430991,-1.4114565262278214,-0.7341507858592827,-0.860897583102812,-1.1451021120726261
新疆维吾尔自治区,2021Q1,2021,6470928.0,1,20.533460414599688,49.85,48.5,60.44,198.73,40.98,211.53,0.010038281989847514,6469.0,64957.0,0.0,0.0,0.0,0.0,0.0,0.0,0.0,0.0,0.0,0.9899617180101525,32115320.0,6405971.0,-1.6184109666725033,-1.4114565262278214,1.936672183969525,-0.860897583102812,-1.1451021120726261
新疆维吾尔自治区,2021Q2,2021,11089020.0,1,20.943424400877063,49.85,48.5,60.44,198.73,40.98,211.53,3.6973510734041424e-05,105.0,410.0,0.0,0.0,0.0,0.0,0.0,0.0,0.0,0.0,0.0,0.9999630264892659,57890746.0,11088610.0,-1.5378636383943105,-1.4114565262278214,2.343054731964726,-0.860897583102812,-1.1451021120726261
新疆维吾尔自治区,2021Q3,2021,2046725.0,1,20.65535223409335,49.85,48.5,60.44,198.73,40.98,211.53,0.0,0.0,0.0,0.0,0.0,0.0,0.0,0.0,0.0,0.0,0.0,0.0,1.0,9355193.0,2046725.0,-1.5017658840385095,-1.4114565262278214,-0.7341507858592827,-0.860897583102812,-1.1451021120726261
新疆维吾尔自治区,2021Q4,2021,2260607.0,1,20.619725165675938,49.85,48.5,60.44,198.73,40.98,211.53,0.0,0.0,0.0,0.0,0.0,0.0,0.0,0.0,0.0,0.0,0.0,0.0,1.0,10514640.0,2260607.0,-1.4553973452489652,-1.4114565262278214,-0.7341507858592827,-0.860897583102812,-1.1451021120726261
新疆维吾尔自治区,2022Q1,2022,3099737.0,1,20.59504639855048,57.01,49.37,60.72,204.69,38.22,222.58,0.01626750914674374,5538.0,50425.0,0.0,0.0,0.0,0.0,0.0,0.0,0.0,0.0,0.0,0.9837324908532563,12013306.0,3049312.0,-1.3883802551732196,-1.4114565262278214,2.539780159199881,-0.860897583102812,-1.1451021120726261
新疆维吾尔自治区,2022Q2,2022,1914855.0,1,20.629793686578893,57.01,49.37,60.72,204.69,38.22,222.58,0.018816568356350743,3684.0,36031.0,0.0,0.0,0.0,0.0,0.0,0.0,0.0,0.0,0.0,0.9811834316436493,5734230.0,1878824.0,-1.3270136451394792,-1.4114565262278214,2.2824659513578656,-0.860897583102812,-1.1451021120726261
新疆维吾尔自治区,2022Q3,2022,2767961.0,1,20.594850550414336,57.01,49.37,60.72,204.69,38.22,222.58,0.0,0.0,0.0,0.0,0.0,0.0,0.0,0.0,0.0,0.0,0.0,0.0,1.0,9346450.0,2767961.0,-1.2844867081721079,-1.4114565262278214,-0.7341507858592827,-0.860897583102812,-1.1451021120726261
新疆维吾尔自治区,2022Q4,2022,8109586.0,1,20.528694918080454,57.01,49.37,60.72,204.69,38.22,222.58,0.0,0.0,0.0,0.0,0.0,0.0,0.0,0.0,0.0,0.0,0.0,0.0,1.0,32349320.0,8109586.0,-1.248586082494196,-1.4114565262278214,-0.7341507858592827,-0.860897583102812,-1.1451021120726261
新疆维吾尔自治区,2023Q1,2023,10164961.0,1,20.53010127751098,64.39,58.38,62.78,222.62,39.86,232.83,0.016483388376994264,17787.0,167553.0,0.0,0.0,0.0,0.0,0.0,0.0,0.0,0.0,0.0,0.9835166116230057,37323750.0,9997408.0,-1.253816915171427,-1.4114565262278214,2.4619770051858985,-0.860897583102812,-1.1451021120726261
新疆维吾尔自治区,2023Q2,2023,11599609.0,1,20.571117653080776,64.39,58.38,62.78,222.62,39.86,232.83,0.0004607051841143956,299.0,5344.0,0.0,0.0,0.0,0.0,0.0,0.0,0.02777947084250857,991480.0,322231.0,0.971759823973377,44536910.0,11272034.0,-1.3246550489473694,-1.4114565262278214,2.647897067376642,-1.1239300966523884,-1.1451021120726261
新疆维吾尔自治区,2023Q3,2023,13860071.0,1,20.599825720889182,64.39,58.38,62.78,222.62,39.86,232.83,0.0,0.0,0.0,0.0,0.0,0.0,0.0,0.0,0.0,0.0,0.0,0.0,1.0,60463310.0,13860071.0,-1.4970391206796139,-1.4114565262278214,-0.7341507858592827,-0.860897583102812,-1.1451021120726261
新疆维吾尔自治区,2023Q4,2023,21543318.0,1,20.63916599394848,64.39,58.38,62.78,222.62,39.86,232.83,0.0,0.0,0.0,0.0,0.0,0.0,0.0,0.0,0.0,0.0,0.0,0.0,1.0,96479090.0,21543318.0,-1.5507053890128795,-1.4114565262278214,-0.7341507858592827,-0.860897583102812,-1.1451021120726261
江苏省,2017Q1,2017,190102589.0,1,24.60460898385702,214.3,2.93,7.99,342.32,183.39,49.04,0.0553264953166945,50000000.0,10517710.0,0.010090025654516468,10000000.0,1918140.0,0.6718371415762254,726186420.0,127717980.0,0.005150003506790747,3856710.0,979029.0,0.2575963339457728,214460400.0,48969730.0,-1.5331103098910202,-1.7145959684225198,-1.1068814800997413,-1.2445628709056797,-1.5837340313061268
江苏省,2017Q2,2017,152640754.0,1,24.662532954434614,214.3,2.93,7.99,342.32,183.39,49.04,0.0,0.0,0.0,0.0,0.0,0.0,0.5465589746759244,483879960.0,83427174.0,0.002055722287640167,1225730.0,313787.0,0.4513853030364355,293315950.0,68899793.0,-1.486190936252383,-1.7317637956155787,-0.7341507858592827,-1.3277480562100767,-1.1451021120726261
江苏省,2017Q3,2017,168990168.0,1,24.762943338720635,214.3,2.93,7.99,342.32,183.39,49.04,0.0,0.0,0.0,0.0431311601512817,35000000.0,7288742.0,0.6344401823424426,613933490.0,107214153.0,0.0028520179943249714,1882670.0,481963.0,0.31957663951195076,269598170.0,54005310.0,-1.5568386676763697,-1.7229013363484351,-0.7341507858592827,-1.5272655427230912,-1.5235209490382926
江苏省,2017Q4,2017,163475686.0,1,24.817443840268908,214.3,2.93,7.99,342.32,183.39,49.04,0.0,0.0,0.0,0.04631842927394108,35810214.0,7571937.0,0.6791705036796726,563946150.0,111027864.0,0.004673967234491373,3073880.0,764080.0,0.26983709981189496,189229790.0,44111805.0,-1.4299254849289016,-1.6218617065016345,-0.7341507858592827,-1.90695267106643,-1.4820160063545122
江苏省,2018Q1,2018,201945016.0,1,24.77724905954022,205.5,2.82,7.79,328.48,177.96,50.03,0.0,0.0,0.0,0.029749439322632257,26269260.0,6007751.0,0.7255605803116231,649052750.0,146523343.0,0.0010084972832407014,1007600.0,203661.0,0.243681483082504,193665670.0,49210261.0,-1.3961209133535883,-1.500818611996646,-0.7341507858592827,-1.840753811262526,-1.3653041251280487
江苏省,2018Q2,2018,177826543.0,1,24.84065290850586,205.5,2.82,7.79,328.48,177.96,50.03,0.0241058445363806,20078473.0,4286659.0,0.014507581132024818,9068945.0,2579833.0,0.47488338116093276,335879200.0,84446870.0,0.003078173768468299,2031060.0,547381.0,0.4834250194021935,327248800.0,85965800.0,-1.341595627247264,-1.4006291487907907,-1.3722309264412584,-1.0889891815595205,-1.1975419718710325
江苏省,2018Q3,2018,68944206.0,1,24.93026892793438,205.5,2.82,7.79,328.48,177.96,50.03,0.0,0.0,0.0,0.05738063036072966,13013970.0,3956062.0,0.25904178227826713,71900240.0,17859430.0,0.01725691060971824,4859010.0,1189764.0,0.6663206767512849,171065200.0,45938950.0,-1.29099462349669,-1.4518565405836408,-0.7341507858592827,-0.9377863342360451,-1.0333197746726592
江苏省,2018Q4,2018,53468674.0,1,24.824534962176184,205.5,2.82,7.79,328.48,177.96,50.03,0.0,0.0,0.0,0.006159494435938322,1000430.0,329340.0,0.7867466472050532,175450100.0,42066300.0,0.004090151927089121,909980.0,218695.0,0.20300370643191937,37771830.0,10854339.0,-1.22491974667534,-1.4284164022499581,-0.7341507858592827,-0.9162574137844266,-1.1686626932567987
江苏省,2019Q1,2019,170663550.0,1,24.70932973799627,146.21,2.93,6.49,274.53,212.3,62.36,0.06556701767893613,52500000.0,11189900.0,0.0,0.0,0.0,0.3564212393331792,274686130.0,60828114.0,0.005694145000499521,4047640.0,971783.0,0.5723175979873851,335270400.0,97673753.0,-1.2077767464317355,-1.4775098063976284,-1.2058476993992429,-1.126365404267058,-1.1451021120726261
江苏省,2019Q2,2019,113611723.0,1,24.783610827314625,146.21,2.93,6.49,274.53,212.3,62.36,0.05057295011712832,26930000.0,5745680.0,0.0,0.0,0.0,0.45667558443770806,227858360.0,51883700.0,0.0020223705259711624,956730.0,229765.0,0.4907290949191925,194715849.0,55752578.0,-1.1894872595215848,-1.4767945210437203,-1.3553189490344306,-1.1340732546010845,-1.1451021120726261
江苏省,2019Q3,2019,37845012.0,1,24.83870968667205,146.21,2.93,6.49,274.53,212.3,62.36,0.0,0.0,0.0,0.003605204300106973,492560.0,136439.0,0.3797560164599763,58835400.0,14371871.0,0.0,0.0,0.0,0.6166387792399167,84130080.0,23336702.0,-1.3456355756434273,-1.4032331444141262,-0.7341507858592827,-0.860897583102812,-1.3713232807909976
江苏省,2019Q4,2019,66937476.0,1,24.84881364021855,146.21,2.93,6.49,274.53,212.3,62.36,0.14789099606922734,47562000.0,9899450.0,0.004027788558983013,997990.0,269610.0,0.17791005445141075,49408720.0,11908850.0,0.010957509064130235,2157260.0,733468.0,0.6592136518562487,166043040.0,44126098.0,-1.3146407329587562,-1.4588045386281563,-1.6735598583551141,-1.1176762717203368,-1.530076273749838
江苏省,2020Q1,2020,125943744.0,1,24.813668514372175,140.66,2.64,6.25,268.21,231.86,62.95,0.03495481284088235,20000000.0,4402340.0,0.0,0.0,0.0,0.5046357046523883,279927720.0,63555710.0,0.0026649517422635935,1010610.0,335634.0,0.45774453076446575,226274900.0,57650060.0,-1.3626847967945241,-1.4894380439622636,-1.4822577220519317,-0.7225147495720892,-1.1451021120726261
江苏省,2020Q2,2020,127457875.0,1,24.805576822767023,140.66,2.64,6.25,268.21,231.86,62.95,0.1265928056622629,76796900.0,16135250.0,0.02275968432707669,11873285.0,2900901.0,0.6085664224356478,353713467.0,77566583.0,0.004960611496151179,2066240.0,632269.0,0.23712047607886136,124233884.0,30222872.0,-1.3724767038630905,-1.5154497990168552,-1.4261758953556871,-0.9534749478335498,-1.1416272627551156
江苏省,2020Q3,2020,68585811.0,1,24.92394071607744,140.66,2.64,6.25,268.21,231.86,62.95,0.0,0.0,0.0,0.014939431131025046,4173102.0,1024633.0,0.5676586517289998,155217420.0,38933329.0,0.0528403608145714,11063080.0,3624099.0,0.3645615563254038,100368877.0,25003750.0,-1.4074912380162274,-1.3895286933442834,-0.7341507858592827,-0.8929689535681824,-1.0920215803525524
江苏省,2020Q4,2020,84863729.0,1,24.949559394526087,140.66,2.64,6.25,268.21,231.86,62.95,0.0,0.0,0.0,0.05740342850123873,17347064.0,4871469.0,0.1586959253228196,48322550.0,13467528.0,0.018257623348132627,4533900.0,1549410.0,0.765643022827809,260387799.0,64975322.0,-1.3747491118662731,-1.2910435367146424,-0.7341507858592827,-0.7578892240332102,-1.3232400838252811
江苏省,2021Q1,2021,139388053.0,1,24.937125122821097,175.16,2.79,6.57,306.51,230.26,64.88,0.0,0.0,0.0,0.013158566753206603,5613349.0,1834147.0,0.8488015038132429,437433910.0,118312789.0,0.013824506179163002,6666800.0,1926971.0,0.12421542325438752,62805710.0,17314146.0,-1.284778899390889,-1.317145207874673,-0.7341507858592827,-1.022788169274111,-0.9825291364900169
江苏省,2021Q2,2021,376058587.0,1,25.315718541359757,175.16,2.79,6.57,306.51,230.26,64.88,0.023905926658177864,29360100.0,8990029.0,0.04241786666076049,53269261.0,15951603.0,0.5129637898681995,686683227.0,192904438.0,0.009502894292372588,12143270.0,3573645.0,0.4112095225204896,546532387.0,154638872.0,-1.1958079263678612,-1.2646533078095732,-1.3197509302826484,-0.7072565826337356,-1.2714340187968656
江苏省,2021Q3,2021,157655229.0,1,25.075309139068448,175.16,2.79,6.57,306.51,230.26,64.88,0.0,0.0,0.0,0.08130055743346135,39116349.0,12817458.0,0.8170803519621921,453621370.0,128816990.0,0.03163492915290491,14700010.0,4987412.0,0.06998416145144161,32090270.0,11033369.0,-1.159140721153815,-1.242540570150473,-0.7341507858592827,-1.165556117196302,-1.3038264252821623
江苏省,2021Q4,2021,150601214.0,1,25.09753834381288,175.16,2.79,6.57,306.51,230.26,64.88,0.0,0.0,0.0,0.10637929518947968,48906724.0,16020851.0,0.45424378849960667,241646738.0,68409666.0,0.02557956803721383,11049180.0,3852314.0,0.41379734827369985,188682456.0,62318383.0,-1.1254231387108085,-1.228564429471237,-0.7341507858592827,-1.0025816477641025,-1.2733744154914168
江苏省,2022Q1,2022,224786284.0,1,25.002773578985504,179.37,2.89,7.19,318.06,233.39,68.78,0.004854228561383221,2997500.0,1091164.0,0.04774995969060105,31856021.0,10733536.0,0.7228440326012062,600018126.0,162485424.0,0.017670335259423568,11510903.0,3972049.0,0.20688144388738594,142978135.0,46504111.0,-1.0613097988212687,-1.2645493243753558,-1.1230255030474932,-1.0673495742162273,-1.1179560181822181
江苏省,2022Q2,2022,313521680.0,1,25.000577085315715,179.37,2.89,7.19,318.06,233.39,68.78,0.0006163433418703293,568345.0,193237.0,0.06980638149170418,62371320.0,21885814.0,0.552881580629448,592447020.0,173340362.0,0.017551679360738308,16024554.0,5502832.0,0.3591440151762392,323516406.0,112599435.0,-0.9868741209588658,-1.2146096164099562,-1.3803397108895088,-1.4391029508826134,-1.0121902789429806
江苏省,2022Q3,2022,138607040.0,1,25.019543373772283,179.37,2.89,7.19,318.06,233.39,68.78,0.0,0.0,0.0,0.14115546367630388,54044590.0,19565141.0,0.7612246607387331,340602630.0,105511097.0,0.019596652522122976,7762511.0,2716234.0,0.0780232230628401,28000000.0,10814568.0,-0.9521298497988602,-1.1721623988740757,-0.7341507858592827,-1.3243027346857772,-1.1878975034436294
江苏省,2022Q4,2022,185469479.0,1,24.943562788231876,179.37,2.89,7.19,318.06,233.39,68.78,0.0,0.0,0.0,0.0825486062857814,41693600.0,15310247.0,0.4304089084112864,275422430.0,79827716.0,0.018821355507231463,9944265.0,3490787.0,0.4682211297957008,204623250.0,86840729.0,-0.8887596954658172,-1.2930925428988436,-0.7341507858592827,-1.3670711655464458,-1.1928839934018776
江苏省,2023Q1,2023,257211202.0,1,24.833648948347044,191.35,3.3,6.48,331.72,235.26,72.88,0.018617206259935754,14271000.0,4788554.0,0.05234114181387792,37001330.0,13462728.0,0.5169595840541968,475692600.0,132967796.0,0.01640711589225418,12509950.0,4220094.0,0.3956749519797353,239097210.0,101772030.0,-0.8773305938204837,-1.2811431268783533,-1.2850479547527536,-1.2989001665556335,-1.064427811464468
江苏省,2023Q2,2023,341273728.0,1,24.870948535187157,191.35,3.3,6.48,331.72,235.26,72.88,0.029972696872816416,29559600.0,10228894.0,0.10995680569938275,101760500.0,37525369.0,0.31142691710508696,370491880.0,106281825.0,0.02625010443229899,26038600.0,8958471.0,0.5223934758904148,462977580.0,178279169.0,-0.9774502165706636,-1.262893628437441,-1.0149085948707326,-1.185165232341118,-0.9758192650620227
江苏省,2023Q3,2023,143235408.0,1,24.91474153483101,191.35,3.3,6.48,331.72,235.26,72.88,0.020892061828734414,10027000.0,2992483.0,0.05925516685092278,24267210.0,8487438.0,0.5872326834158214,307305670.0,84112513.0,0.0467339891264875,18855740.0,6693962.0,0.285886098778034,125152310.0,40949012.0,-1.1793227805009927,-1.2740527429510402,-1.308328660622442,-1.7596211086910065,-1.1282103349328507
江苏省,2023Q4,2023,132706790.0,1,24.9647877403721,191.35,3.3,6.48,331.72,235.26,72.88,0.3848237155009175,180342300.0,51068720.0,0.10297588390164512,41935715.0,13665599.0,0.19239506132278536,88261560.0,25532131.0,0.05823531712280886,21985080.0,7728222.0,0.26157002215184316,114277370.0,34712118.0,-1.2161793331001918,-1.2492859559288014,-1.6802533537139457,-1.8678194408672284,-1.0511287598628356
江西省,2017Q1,2017,0.0,0,21.725567407189292,249.49,12.05,1.97,326.05,45.66,9.49,,0.0,0.0,,0.0,0.0,,0.0,0.0,,0.0,0.0,,0.0,0.0,-1.3257037162852585,-1.4114565262278214,-0.7341507858592827,-0.860897583102812,-1.1451021120726261
江西省,2017Q2,2017,3298060.0,1,21.73869648452746,249.49,12.05,1.97,326.05,45.66,9.49,0.0,0.0,0.0,0.0,0.0,0.0,1.0,19444700.0,3298060.0,0.0,0.0,0.0,0.0,0.0,0.0,-1.3257037162852585,-1.7605310508547736,-0.7341507858592827,-0.860897583102812,-1.1451021120726261
江西省,2017Q3,2017,0.0,0,21.833665810913985,249.49,12.05,1.97,326.05,45.66,9.49,,0.0,0.0,,0.0,0.0,,0.0,0.0,,0.0,0.0,,0.0,0.0,-1.3257037162852585,-1.4114565262278214,-0.7341507858592827,-0.860897583102812,-1.1451021120726261
江西省,2017Q4,2017,2369480.0,1,21.896639398081156,249.49,12.05,1.97,326.05,45.66,9.49,0.0,0.0,0.0,0.0,0.0,0.0,1.0,11442900.0,2369480.0,0.0,0.0,0.0,0.0,0.0,0.0,-1.3257037162852585,-1.6321680869547606,-0.7341507858592827,-0.860897583102812,-1.1451021120726261
江西省,2018Q1,2018,4639940.0,1,21.881095764483288,246.32,12.45,2.1,325.68,46.96,9.63,0.0,0.0,0.0,0.0,0.0,0.0,1.0,20896000.0,4639940.0,0.0,0.0,0.0,0.0,0.0,0.0,-1.3257037162852585,-1.5232963364823122,-0.7341507858592827,-0.860897583102812,-1.1451021120726261
江西省,2018Q2,2018,12341100.0,1,21.91465607537053,246.32,12.45,2.1,325.68,46.96,9.63,0.0,0.0,0.0,0.0,0.0,0.0,0.0,0.0,0.0,0.0,0.0,0.0,1.0,54205500.0,12341100.0,-1.3728722985832857,-1.4114565262278214,-0.7341507858592827,-0.860897583102812,-1.1451021120726261
江西省,2018Q3,2018,0.0,0,21.98809351832976,246.32,12.45,2.1,325.68,46.96,9.63,,0.0,0.0,,0.0,0.0,,0.0,0.0,,0.0,0.0,,0.0,0.0,-1.3257037162852585,-1.4114565262278214,-0.7341507858592827,-0.860897583102812,-1.1451021120726261
江西省,2018Q4,2018,1082390.0,1,21.891405300681484,246.32,12.45,2.1,325.68,46.96,9.63,0.0,0.0,0.0,0.0,0.0,0.0,1.0,4497130.0,1082390.0,0.0,0.0,0.0,0.0,0.0,0.0,-1.3257037162852585,-1.4467036585740451,-0.7341507858592827,-0.860897583102812,-1.1451021120726261
江西省,2019Q1,2019,784298.0,1,21.801994630883687,206.75,13.14,2.31,299.79,57.17,7.28,0.0,0.0,0.0,0.0,0.0,0.0,1.0,3560800.0,784298.0,0.0,0.0,0.0,0.0,0.0,0.0,-1.3257037162852585,-1.4918817650531961,-0.7341507858592827,-0.860897583102812,-1.1451021120726261
江西省,2019Q2,2019,967367.0,1,21.878234571180904,206.75,13.14,2.31,299.79,57.17,7.28,0.0,0.0,0.0,0.0,0.0,0.0,1.0,4347110.0,967367.0,0.0,0.0,0.0,0.0,0.0,0.0,-1.3257037162852585,-1.4923346173308467,-0.7341507858592827,-0.860897583102812,-1.1451021120726261
江西省,2019Q3,2019,0.0,0,21.98569542415783,206.75,13.14,2.31,299.79,57.17,7.28,,0.0,0.0,,0.0,0.0,,0.0,0.0,,0.0,0.0,,0.0,0.0,-1.3257037162852585,-1.4114565262278214,-0.7341507858592827,-0.860897583102812,-1.1451021120726261
江西省,2019Q4,2019,0.0,0,21.96821254141608,206.75,13.14,2.31,299.79,57.17,7.28,,0.0,0.0,,0.0,0.0,,0.0,0.0,,0.0,0.0,,0.0,0.0,-1.3257037162852585,-1.4114565262278214,-0.7341507858592827,-0.860897583102812,-1.1451021120726261
江西省,2020Q1,2020,119574.0,1,22.060842537812224,180.7,15.2,2.58,285.18,61.21,9.11,0.0,0.0,0.0,0.0,0.0,0.0,1.0,564410.0,119574.0,0.0,0.0,0.0,0.0,0.0,0.0,-1.3257037162852585,-1.5116767075368172,-0.7341507858592827,-0.860897583102812,-1.1451021120726261
江西省,2020Q2,2020,3829687.0,1,21.979123868737055,180.7,15.2,2.58,285.18,61.21,9.11,0.0,0.0,0.0,0.0,0.0,0.0,1.0,18034170.0,3829687.0,0.0,0.0,0.0,0.0,0.0,0.0,-1.3257037162852585,-1.5317544712063036,-0.7341507858592827,-0.860897583102812,-1.1451021120726261
江西省,2020Q3,2020,0.0,0,22.092469759053042,180.7,15.2,2.58,285.18,61.21,9.11,,0.0,0.0,,0.0,0.0,,0.0,0.0,,0.0,0.0,,0.0,0.0,-1.3257037162852585,-1.4114565262278214,-0.7341507858592827,-0.860897583102812,-1.1451021120726261
江西省,2020Q4,2020,3896560.0,1,22.135541144611576,180.7,15.2,2.58,285.18,61.21,9.11,0.0,0.0,0.0,0.0,0.0,0.0,0.0,0.0,0.0,0.0,0.0,0.0,1.0,16500000.0,3896560.0,-1.4309281901282582,-1.4114565262278214,-0.7341507858592827,-0.860897583102812,-1.1451021120726261
江西省,2021Q1,2021,9278654.0,1,22.164585185547107,238.52,16.71,2.87,344.96,62.62,8.32,0.0,0.0,0.0,0.0,0.0,0.0,0.0,0.0,0.0,0.0,0.0,0.0,1.0,31539100.0,9278654.0,-1.3211404218912548,-1.4114565262278214,-0.7341507858592827,-0.860897583102812,-1.1451021120726261
江西省,2021Q2,2021,27273569.0,1,22.586968014747722,238.52,16.71,2.87,344.96,62.62,8.32,0.0,0.0,0.0,0.0,0.0,0.0,0.6662745898785744,59760140.0,18171686.0,0.0,0.0,0.0,0.3337254101214256,30938282.0,9101883.0,-1.2365880933956488,-1.2893919994010559,-0.7341507858592827,-0.860897583102812,-1.1451021120726261
江西省,2021Q3,2021,83910949.0,1,22.329719444316858,238.52,16.71,2.87,344.96,62.62,8.32,0.0,0.0,0.0,0.0,0.0,0.0,0.09387168294330696,26793300.0,7876862.0,0.0,0.0,0.0,0.9061283170566931,256811548.0,76034087.0,-1.188983193464463,-1.2306188776266502,-0.7341507858592827,-0.860897583102812,-1.1451021120726261
江西省,2021Q4,2021,53555190.0,1,22.27534710619169,238.52,16.71,2.87,344.96,62.62,8.32,0.0,0.0,0.0,0.0,0.0,0.0,0.14998697605218095,27649010.0,8032581.0,0.0,0.0,0.0,0.8500130239478191,140266091.0,45522609.0,-1.1540266752564632,-1.219046128996659,-0.7341507858592827,-0.860897583102812,-1.1451021120726261
江西省,2022Q1,2022,13562324.0,1,22.24883400960161,249.89,17.13,3.13,359.9,68.37,7.9,0.5747870350243808,21664924.0,7795448.0,0.0,0.0,0.0,0.4252129649756192,19898250.0,5766876.0,0.0,0.0,0.0,0.0,0.0,0.0,-1.3257037162852585,-1.287956985550193,-1.0676874439670816,-0.860897583102812,-1.1451021120726261
江西省,2022Q2,2022,16523046.0,1,22.293919945769566,249.89,17.13,3.13,359.9,68.37,7.9,0.0,0.0,0.0,0.0,0.0,0.0,1.0,51657150.0,16523046.0,0.0,0.0,0.0,0.0,0.0,0.0,-1.3257037162852585,-1.239707405850716,-0.7341507858592827,-0.860897583102812,-1.1451021120726261
江西省,2022Q3,2022,0.0,0,22.282217931863734,249.89,17.13,3.13,359.9,68.37,7.9,,0.0,0.0,,0.0,0.0,,0.0,0.0,,0.0,0.0,,0.0,0.0,-1.3257037162852585,-1.4114565262278214,-0.7341507858592827,-0.860897583102812,-1.1451021120726261
江西省,2022Q4,2022,1768323.0,1,22.180847771886963,249.89,17.13,3.13,359.9,68.37,7.9,0.0,0.0,0.0,0.0,0.0,0.0,1.0,7070180.0,1768323.0,0.0,0.0,0.0,0.0,0.0,0.0,-1.3257037162852585,-1.318495922163946,-0.7341507858592827,-0.860897583102812,-1.1451021120726261
江西省,2023Q1,2023,8219491.0,1,22.190099146442037,257.39,17.79,3.18,369.07,73.2,6.32,0.0,0.0,0.0,0.0,0.0,0.0,1.0,32560090.0,8219491.0,0.0,0.0,0.0,0.0,0.0,0.0,-1.3257037162852585,-1.3125384336479626,-0.7341507858592827,-0.860897583102812,-1.1451021120726261
江西省,2023Q2,2023,52262381.0,1,22.186509476406673,257.39,17.79,3.18,369.07,73.2,6.32,0.03384001965008062,6000000.0,1768560.0,0.0,0.0,0.0,0.07295521036441106,13824890.0,3812813.0,0.0,0.0,0.0,0.8932047699855084,129600000.0,46681008.0,-1.0124944537993081,-1.2868573112162662,-0.959570535790321,-0.860897583102812,-1.1451021120726261
江西省,2023Q3,2023,4266269.0,1,22.201232881575006,257.39,17.79,3.18,369.07,73.2,6.32,0.0,0.0,0.0,0.0,0.0,0.0,1.0,15701680.0,4266269.0,0.0,0.0,0.0,0.0,0.0,0.0,-1.3257037162852585,-1.2307864419836594,-0.7341507858592827,-0.860897583102812,-1.1451021120726261
江西省,2023Q4,2023,26871827.0,1,22.250300094346606,257.39,17.79,3.18,369.07,73.2,6.32,0.23173467140883275,23917200.0,6227134.0,0.0,0.0,0.0,0.015795725389271077,1548340.0,424460.0,0.0,0.0,0.0,0.7524696032018962,69447000.0,20220233.0,-1.2505931895491258,-1.2805042141655885,-1.5621720774774666,-0.860897583102812,-1.1451021120726261
河北省,2017Q1,2017,13715076.0,1,22.077397709927066,291.47,55.6,30.1,474.25,383.72,381.01,0.0,0.0,0.0,0.0,0.0,0.0,0.0,0.0,0.0,0.19298019201643504,9373810.0,2646738.0,0.807019807983565,52436919.0,11068338.0,-1.510149861003023,-1.4114565262278214,-0.7341507858592827,-1.2815156997406163,-1.1451021120726261
河北省,2017Q2,2017,14696375.0,1,22.03585990740479,291.47,55.6,30.1,474.25,383.72,381.01,0.0,0.0,0.0,0.0,0.0,0.0,0.0,0.0,0.0,0.11156200083353889,7313530.0,1639557.0,0.8884379991664612,57060300.0,13056818.0,-1.4976099505999971,-1.4114565262278214,-0.7341507858592827,-1.4950948882944985,-1.1451021120726261
河北省,2017Q3,2017,10472598.0,1,22.096104253155193,291.47,55.6,30.1,474.25,383.72,381.01,0.0,0.0,0.0,0.0,0.0,0.0,0.0,0.0,0.0,0.16158741126127443,7176510.0,1692240.0,0.8384125887387256,42619440.0,8780358.0,-1.5418392499297564,-1.4114565262278214,-0.7341507858592827,-1.5642183715580278,-1.1451021120726261
河北省,2017Q4,2017,18508374.0,1,22.11246418672999,291.47,55.6,30.1,474.25,383.72,381.01,0.0,0.0,0.0,0.0,0.0,0.0,0.0,0.0,0.0,0.15341704246953297,12869620.0,2839500.0,0.846582957530467,64641450.0,15668874.0,-1.4012058658238928,-1.4114565262278214,-0.7341507858592827,-1.9439054999013665,-1.1451021120726261
河北省,2018Q1,2018,10752104.0,1,22.158756266745137,286.25,56.46,30.54,466.7,377.97,384.81,0.0,0.0,0.0,0.0,0.0,0.0,0.0,0.0,0.0,0.15455691276795686,7711710.0,1661812.0,0.8454430872320431,37025780.0,9090292.0,-1.3738014201390425,-1.4114565262278214,-0.7341507858592827,-1.877706640097463,-1.1451021120726261
河北省,2018Q2,2018,37684531.0,1,22.174040696618338,286.25,56.46,30.54,466.7,377.97,384.81,0.0,0.0,0.0,0.0,0.0,0.0,0.0,0.0,0.0,0.06024408264494522,9424490.0,2270270.0,0.9397559173550548,139457423.0,35414261.0,-1.3317490848673201,-1.4114565262278214,-0.7341507858592827,-1.1259420103944566,-1.1451021120726261
河北省,2018Q3,2018,20295963.0,1,22.236728631996804,286.25,56.46,30.54,466.7,377.97,384.81,0.0,0.0,0.0,0.0,0.0,0.0,0.0,0.0,0.0,0.16398694656666452,14388280.0,3328273.0,0.8360130534333355,63213259.0,16967690.0,-1.2745556735427475,-1.4114565262278214,-0.7341507858592827,-0.9747391630709816,-1.1451021120726261
河北省,2018Q4,2018,7204302.0,1,22.171187277413964,286.25,56.46,30.54,466.7,377.97,384.81,0.0,0.0,0.0,0.0,0.0,0.0,0.09264256273543224,2489050.0,667425.0,0.48205225155747217,14323860.0,3472850.0,0.4253051857070956,10059560.0,3064027.0,-1.218770193740378,-1.4198269004693451,-0.7341507858592827,-0.9532102426193632,-1.1451021120726261
河北省,2019Q1,2019,39055591.0,1,22.147091824284814,241.88,57.2,31.0,433.4,385.9,428.68,0.0,0.0,0.0,0.0,0.0,0.0,0.04001273466838589,7170480.0,1562721.0,0.06591366137565298,9729560.0,2574297.0,0.8940736039559611,113681040.0,34918573.0,-1.1904641521986574,-1.4650050069484963,-0.7341507858592827,-1.1633182331019944,-1.1451021120726261
河北省,2019Q2,2019,32100248.0,1,22.223605621005923,241.88,57.2,31.0,433.4,385.9,428.68,0.0,0.0,0.0,0.0,0.0,0.0,0.022244438734554325,3136500.0,714052.0,0.08667079456831611,9121390.0,2782154.0,0.8910847666971295,102693952.0,28604042.0,-1.180666397407818,-1.465457859226147,-0.7341507858592827,-1.1710260834360207,-1.1451021120726261
河北省,2019Q3,2019,11694602.0,1,22.351579246223086,241.88,57.2,31.0,433.4,385.9,428.68,0.0,0.0,0.0,0.0,0.0,0.0,0.0,0.0,0.0,0.34579030564699853,11369230.0,4043880.0,0.6542096943530015,28901491.0,7650722.0,-1.3109189169876807,-1.4114565262278214,-0.7341507858592827,-0.7269126947824156,-1.1451021120726261
河北省,2019Q4,2019,20453336.0,1,22.290636133483854,241.88,57.2,31.0,433.4,385.9,428.68,0.1303469517148694,10054560.0,2666030.0,0.0,0.0,0.0,0.0,0.0,0.0,0.2813800154654478,17265470.0,5755160.0,0.5882730328196828,43548450.0,12032146.0,-1.315594402891239,-1.4114565262278214,-1.6024946801476694,-1.154629100555273,-1.1451021120726261
河北省,2020Q1,2020,19441950.0,1,22.562382483178638,226.89,55.57,31.32,419.17,389.71,483.4,0.0,0.0,0.0,0.0,0.0,0.0,0.103124943742783,9077290.0,2004950.0,0.09092179539603795,5673360.0,1767697.0,0.805953260861179,61206880.0,15669303.0,-1.3478259573555624,-1.4847999494321173,-0.7341507858592827,-0.7594675784070257,-1.1451021120726261
河北省,2020Q2,2020,32962010.0,1,22.34765801227351,226.89,55.57,31.32,419.17,389.71,483.4,0.0,0.0,0.0,0.0,0.0,0.0,0.009484646112297157,1415390.0,312633.0,0.09031120978362667,9123560.0,2976839.0,0.9002041441040762,116757040.0,29672538.0,-1.3365174700136964,-1.5048777131016038,-0.7341507858592827,-0.9904277766684859,-1.1451021120726261
河北省,2020Q3,2020,16170689.0,1,22.381582515129963,226.89,55.57,31.32,419.17,389.71,483.4,0.094294683423817,5976300.0,1524810.0,1.2368056797085146e-05,3.0,200.0,0.0,0.0,0.0,0.29704862915859676,15620250.0,4803481.0,0.6086443193607891,40483930.0,9842198.0,-1.3777533872420435,-1.4114565262278214,-1.2660130418120614,-0.9299217824031185,-0.6906222113406693
河北省,2020Q4,2020,29905138.0,1,22.43237583034379,226.89,55.57,31.32,419.17,389.71,483.4,0.11365839542355564,13507700.0,3398970.0,0.0,0.0,0.0,0.0,0.0,0.0,0.13547203828318732,12190810.0,4051310.0,0.7508695662932571,86463710.0,22454858.0,-1.390893054892899,-1.4114565262278214,-0.9907553014764998,-0.7948420528681468,-1.1451021120726261
河北省,2021Q1,2021,17178488.0,1,22.536245618431572,265.68,55.85,33.88,464.34,386.83,498.39,0.0,0.0,0.0,0.018412388796965135,908793.0,316297.0,0.0,0.0,0.0,0.12639401092808633,7522330.0,2171258.0,0.8551936002749485,55234620.0,14690933.0,-1.2644926080846715,-1.4114565262278214,-0.7341507858592827,-1.0597409981090475,-0.836027658880683
河北省,2021Q2,2021,23201335.0,1,22.969248027384957,265.68,55.85,33.88,464.34,386.83,498.39,0.0,0.0,0.0,0.08479425860623968,5414610.0,1967340.0,0.0,0.0,0.0,0.2021527209533417,15983450.0,4690213.0,0.7130530204404186,56885800.0,16543782.0,-1.1965596776705223,-1.4114565262278214,-0.7341507858592827,-0.7442094114686721,-0.9265439881039281
河北省,2021Q3,2021,22897568.0,1,22.720637720285517,265.68,55.85,33.88,464.34,386.83,498.39,0.0839932432998998,5590348.0,1923241.0,0.05053685177395259,3502100.0,1157171.0,0.0,0.0,0.0,0.12143359504380552,9466780.0,2780534.0,0.744036309882342,51939108.0,17036622.0,-1.1459385973554668,-1.4114565262278214,-1.207793097017679,-1.2025089460312386,-0.9201973137863316
河北省,2021Q4,2021,23004461.0,1,22.546071628398813,265.68,55.85,33.88,464.34,386.83,498.39,0.0,0.0,0.0,0.03406969630803347,2497955.0,783755.0,0.0,0.0,0.0,0.09008865715219322,6233730.0,2072441.0,0.8758416465397733,61110435.0,20148265.0,-1.0950621626786385,-1.4114565262278214,-0.7341507858592827,-1.039534476599039,-0.8833316629035883
河北省,2022Q1,2022,4862130.0,1,22.548736454062656,273.39,58.08,36.89,478.83,398.44,546.73,0.17698045918146985,2485000.0,860502.0,0.21022555957985492,2979960.0,1022144.0,0.0,0.0,0.0,0.6127939812386752,9203410.0,2979484.0,0.0,0.0,0.0,-1.3257037162852585,-1.4114565262278214,-1.0519603248400484,-0.9985217909300634,-0.734663605542244
河北省,2022Q2,2022,19669321.0,1,22.601621013496715,273.39,58.08,36.89,478.83,398.44,546.73,0.45620278402086173,27000000.0,8973199.0,0.2925099956424525,16848761.0,5753473.0,0.0,0.0,0.0,0.2027852918766235,11892690.0,3988649.0,0.048501928460062245,2900000.0,954000.0,-0.9806089799399075,-1.4114565262278214,-1.309274532682064,-1.4788524220376045,-0.6068252847002911
河北省,2022Q3,2022,6835292.0,1,22.558647818857803,273.39,58.08,36.89,478.83,398.44,546.73,0.0,0.0,0.0,0.7666581032675707,13939520.0,5240332.0,0.0,0.0,0.0,0.23334189673242928,4828950.0,1594960.0,0.0,0.0,0.0,-1.3257037162852585,-1.4114565262278214,-0.7341507858592827,-1.2432044471163515,-0.7827084936606348
河北省,2022Q4,2022,12860015.0,1,22.451754192646558,273.39,58.08,36.89,478.83,398.44,546.73,0.0,0.0,0.0,0.6050323424972677,20970550.0,7780725.0,0.0,0.0,0.0,0.2681573855084928,9741180.0,3448508.0,0.1268102719942395,2957530.0,1630782.0,-0.902181417294624,-1.4114565262278214,-0.7341507858592827,-1.279593167060777,-0.7914846243899943
河北省,2023Q1,2023,6864577.0,1,22.50289007626401,283.32,59.38,37.47,495.01,404.62,571.88,0.09701865096713169,2000000.0,665992.0,0.13103604198772917,2496630.0,899507.0,0.0,0.0,0.0,0.4952816466331429,10119740.0,3399899.0,0.27666366041199625,4233618.0,1899179.0,-0.9119090812981206,-1.4114565262278214,-1.1297634788540312,-1.4635598459639376,-0.6630284424525849
河北省,2023Q2,2023,19830920.0,1,22.536109707279806,283.32,59.38,37.47,495.01,404.62,571.88,0.5572992075002068,34650000.0,11051756.0,0.19269801905307468,10245650.0,3821379.0,0.0,0.0,0.0,0.16551753524294385,9733060.0,3282365.0,0.08448523820377471,3972816.0,1675420.0,-0.9782503837477976,-1.4114565262278214,-0.9438434166632879,-1.222118061176054,-0.5744198960501395
河北省,2023Q3,2023,10385024.0,1,22.54469940170301,283.32,59.38,37.47,495.01,404.62,571.88,0.15261476526197726,5233410.0,1584908.0,0.17973969053899153,5200560.0,1866601.0,0.0,0.0,0.0,0.445811872943192,13512350.0,4629767.0,0.22183367125583917,6023670.0,2303748.0,-1.150634455480042,-1.4114565262278214,-1.2372634824149973,-1.9096547199620764,-0.7268109659209676
河北省,2023Q4,2023,6160932.0,1,22.59339849696297,283.32,59.38,37.47,495.01,404.62,571.88,0.0,0.0,0.0,0.07776859085605879,1473900.0,479127.0,0.0,0.0,0.0,0.445746520169351,8376020.0,2746214.0,0.4764848889745902,10380000.0,2935591.0,-1.2292175310958882,-1.4114565262278214,-0.7341507858592827,-1.7484393835489644,-0.7877284221049621
河南省,2017Q1,2017,0.0,0,22.560556120231787,466.9,35.04,26.1,655.84,401.18,202.86,,0.0,0.0,,0.0,0.0,,0.0,0.0,,0.0,0.0,,0.0,0.0,-1.3257037162852585,-1.4114565262278214,-0.7341507858592827,-0.860897583102812,-1.1451021120726261
河南省,2017Q2,2017,0.0,0,22.638539727640545,466.9,35.04,26.1,655.84,401.18,202.86,,0.0,0.0,,0.0,0.0,,0.0,0.0,,0.0,0.0,,0.0,0.0,-1.3257037162852585,-1.4114565262278214,-0.7341507858592827,-0.860897583102812,-1.1451021120726261
河南省,2017Q3,2017,2755704.0,1,22.782216937466536,466.9,35.04,26.1,655.84,401.18,202.86,4.8626412706154216e-05,10.0,134.0,0.0,0.0,0.0,0.9999513735872938,15907000.0,2755570.0,0.0,0.0,0.0,0.0,0.0,0.0,-1.3257037162852585,-1.8943615215394305,-0.00039735702069754186,-0.860897583102812,-1.1451021120726261
河南省,2017Q4,2017,0.0,0,22.8529499866769,466.9,35.04,26.1,655.84,401.18,202.86,,0.0,0.0,,0.0,0.0,,0.0,0.0,,0.0,0.0,,0.0,0.0,-1.3257037162852585,-1.4114565262278214,-0.7341507858592827,-0.860897583102812,-1.1451021120726261
河南省,2018Q1,2018,284.0,1,22.76432394076602,479.04,34.8,26.9,669.41,413.61,202.65,1.0,90.0,284.0,0.0,0.0,0.0,0.0,0.0,0.0,0.0,0.0,0.0,0.0,0.0,0.0,-1.3257037162852585,-1.4114565262278214,-0.1493758231286466,-0.860897583102812,-1.1451021120726261
河南省,2018Q2,2018,538848.0,1,22.823664852001247,479.04,34.8,26.9,669.41,413.61,202.65,0.0,0.0,0.0,0.0,0.0,0.0,0.0,0.0,0.0,0.0,0.0,0.0,1.0,2066290.0,538848.0,-1.4704522242735796,-1.4114565262278214,-0.7341507858592827,-0.860897583102812,-1.1451021120726261
河南省,2018Q3,2018,0.0,0,22.960319991200787,479.04,34.8,26.9,669.41,413.61,202.65,,0.0,0.0,,0.0,0.0,,0.0,0.0,,0.0,0.0,,0.0,0.0,-1.3257037162852585,-1.4114565262278214,-0.7341507858592827,-0.860897583102812,-1.1451021120726261
河南省,2018Q4,2018,0.0,0,22.838898269854074,479.04,34.8,26.9,669.41,413.61,202.65,,0.0,0.0,,0.0,0.0,,0.0,0.0,,0.0,0.0,,0.0,0.0,-1.3257037162852585,-1.4114565262278214,-0.7341507858592827,-0.860897583102812,-1.1451021120726261
河南省,2019Q1,2019,191.0,1,22.70271982740299,344.43,36.22,28.11,560.42,442.42,204.07,1.0,45.0,191.0,0.0,0.0,0.0,0.0,0.0,0.0,0.0,0.0,0.0,0.0,0.0,0.0,-1.3257037162852585,-1.4114565262278214,0.1537374136224483,-0.860897583102812,-1.1451021120726261
河南省,2019Q2,2019,0.0,0,22.794016648659774,344.43,36.22,28.11,560.42,442.42,204.07,,0.0,0.0,,0.0,0.0,,0.0,0.0,,0.0,0.0,,0.0,0.0,-1.3257037162852585,-1.4114565262278214,-0.7341507858592827,-0.860897583102812,-1.1451021120726261
河南省,2019Q3,2019,0.0,0,22.92701564788775,344.43,36.22,28.11,560.42,442.42,204.07,,0.0,0.0,,0.0,0.0,,0.0,0.0,,0.0,0.0,,0.0,0.0,-1.3257037162852585,-1.4114565262278214,-0.7341507858592827,-0.860897583102812,-1.1451021120726261
河南省,2019Q4,2019,0.0,0,22.927736100957762,344.43,36.22,28.11,560.42,442.42,204.07,,0.0,0.0,,0.0,0.0,,0.0,0.0,,0.0,0.0,,0.0,0.0,-1.3257037162852585,-1.4114565262278214,-0.7341507858592827,-0.860897583102812,-1.1451021120726261
河南省,2020Q1,2020,55272.0,1,22.86817623459956,324.8,36.71,28.64,544.05,449.42,210.05,1.0,255680.0,55272.0,0.0,0.0,0.0,0.0,0.0,0.0,0.0,0.0,0.0,0.0,0.0,0.0,-1.3257037162852585,-1.4114565262278214,-0.12267260903024069,-0.860897583102812,-1.1451021120726261
河南省,2020Q2,2020,0.0,0,22.92641418756282,324.8,36.71,28.64,544.05,449.42,210.05,,0.0,0.0,,0.0,0.0,,0.0,0.0,,0.0,0.0,,0.0,0.0,-1.3257037162852585,-1.4114565262278214,-0.7341507858592827,-0.860897583102812,-1.1451021120726261
河南省,2020Q3,2020,5794150.0,1,23.03183540620181,324.8,36.71,28.64,544.05,449.42,210.05,0.0,0.0,0.0,0.0,0.0,0.0,0.0,0.0,0.0,0.0,0.0,0.0,1.0,26250000.0,5794150.0,-1.5458898036626316,-1.4114565262278214,-0.7341507858592827,-0.860897583102812,-1.1451021120726261
河南省,2020Q4,2020,10040100.0,1,23.09667268623566,324.8,36.71,28.64,544.05,449.42,210.05,0.0,0.0,0.0,0.0,0.0,0.0,0.0,0.0,0.0,0.0,0.0,0.0,1.0,45000000.0,10040100.0,-1.528508115818552,-1.4114565262278214,-0.7341507858592827,-0.860897583102812,-1.1451021120726261
河南省,2021Q1,2021,0.0,0,23.051083697805474,426.78,35.53,28.87,646.81,446.42,212.15,,0.0,0.0,,0.0,0.0,,0.0,0.0,,0.0,0.0,,0.0,0.0,-1.3257037162852585,-1.4114565262278214,-0.7341507858592827,-0.860897583102812,-1.1451021120726261
河南省,2021Q2,2021,19323584.0,1,23.429644948931106,426.78,35.53,28.87,646.81,446.42,212.15,0.9891669164477976,60427620.0,19114250.0,0.0063707125965866375,494600.0,123105.0,0.0,0.0,0.0,0.0,0.0,0.0,0.004462370955615687,281540.0,86229.0,-1.3341680190859426,-1.4114565262278214,0.03983418273904271,-0.860897583102812,-1.2636902884227952
河南省,2021Q3,2021,260484.0,1,23.21454920452657,426.78,35.53,28.87,646.81,446.42,212.15,0.0,0.0,0.0,1.0,987060.0,260484.0,0.0,0.0,0.0,0.0,0.0,0.0,0.0,0.0,0.0,-1.3257037162852585,-1.4114565262278214,-0.7341507858592827,-0.860897583102812,-1.2573436141051988
河南省,2021Q4,2021,382606.0,1,23.216549261346113,426.78,35.53,28.87,646.81,446.42,212.15,0.0001960241083516725,15.0,75.0,0.8880022791069664,993440.0,339755.0,0.0,0.0,0.0,0.0,0.0,0.0,0.1118016967846819,142640.0,42776.0,-1.25253833679123,-1.4114565262278214,0.43337901138303714,-0.860897583102812,-1.224224667573817
河南省,2022Q1,2022,766110.0,1,23.110887314022992,434.89,36.71,29.05,660.04,456.24,213.17,0.09888919345785853,308800.0,75760.0,0.797488611296028,1743120.0,610964.0,0.0,0.0,0.0,0.0,0.0,0.0,0.10362219524611348,283520.0,79386.0,-1.1858479813997596,-1.4114565262278214,0.1774902506741961,-0.860897583102812,-1.0718099058611112
河南省,2022Q2,2022,96404249.0,1,23.098230131018905,434.89,36.71,29.05,660.04,456.24,213.17,0.0,0.0,0.0,1.0,244802763.0,96404249.0,0.0,0.0,0.0,0.0,0.0,0.0,0.0,0.0,0.0,-1.3257037162852585,-1.4114565262278214,-0.7341507858592827,-0.860897583102812,-0.9431826626844901
河南省,2022Q3,2022,0.0,0,23.130421507146377,434.89,36.71,29.05,660.04,456.24,213.17,,0.0,0.0,,0.0,0.0,,0.0,0.0,,0.0,0.0,,0.0,0.0,-1.3257037162852585,-1.4114565262278214,-0.7341507858592827,-0.860897583102812,-1.1451021120726261
河南省,2022Q4,2022,5383.0,1,23.068693746140912,434.89,36.71,29.05,660.04,456.24,213.17,0.0,0.0,0.0,0.0,0.0,0.0,1.0,28200.0,5383.0,0.0,0.0,0.0,0.0,0.0,0.0,-1.3257037162852585,-1.5148495629855523,-0.7341507858592827,-0.860897583102812,-1.1451021120726261
河南省,2023Q1,2023,206199.0,1,22.923118342043534,465.33,37.99,27.3,679.15,441.19,237.47,1.0,588000.0,206199.0,0.0,0.0,0.0,0.0,0.0,0.0,0.0,0.0,0.0,0.0,0.0,0.0,-1.3257037162852585,-1.4114565262278214,0.15875645596021526,-0.860897583102812,-1.1451021120726261
河南省,2023Q2,2023,388884.0,1,22.953142164465806,465.33,37.99,27.3,679.15,441.19,237.47,0.0,0.0,0.0,1.0,999200.0,388884.0,0.0,0.0,0.0,0.0,0.0,0.0,0.0,0.0,0.0,-1.3257037162852585,-1.4114565262278214,-0.7341507858592827,-0.860897583102812,-0.9115661963690067
河南省,2023Q3,2023,945725.0,1,23.003680771010057,465.33,37.99,27.3,679.15,441.19,237.47,0.0,0.0,0.0,0.7057812789130032,1998440.0,667475.0,0.0,0.0,0.0,0.0,0.0,0.0,0.29421872108699676,1325000.0,278250.0,-1.294506846906154,-1.4114565262278214,-0.7341507858592827,-0.860897583102812,-1.0639572662398347
河南省,2023Q4,2023,2611175.0,1,23.074077414208038,465.33,37.99,27.3,679.15,441.19,237.47,0.11367832489205051,1117110.0,296834.0,0.46205558800157015,3427870.0,1206508.0,0.0,0.0,0.0,0.0,0.0,0.0,0.4242660871063793,4420700.0,1107833.0,-1.3481731152394196,-1.4114565262278214,-0.3522915736613307,-0.860897583102812,-1.1248747224238291
浙江省,2017Q1,2017,29543195.0,1,23.743515680219822,83.31,1.32,2.36,114.7,35.85,14.31,0.0,0.0,0.0,0.0,0.0,0.0,0.48596927312702637,80346170.0,14357085.0,0.0,0.0,0.0,0.5140307268729736,74737110.0,15186110.0,-1.5386681354212726,-1.7169103576554583,-0.7341507858592827,-0.860897583102812,-1.1451021120726261
浙江省,2017Q2,2017,47149150.0,1,23.745519342123494,83.31,1.32,2.36,114.7,35.85,14.31,0.0,0.0,0.0,0.0,0.0,0.0,0.31164061282122796,85246810.0,14693590.0,0.0,0.0,0.0,0.6883593871787721,127768000.0,32455560.0,-1.5063222138175467,-1.7481420087671773,-0.7341507858592827,-0.860897583102812,-1.1451021120726261
浙江省,2017Q3,2017,27469810.0,1,23.803178866435903,83.31,1.32,2.36,114.7,35.85,14.31,0.0,0.0,0.0,0.0,0.0,0.0,0.2724591105653807,43835100.0,7484400.0,0.0,0.0,0.0,0.7275408894346194,94601000.0,19985410.0,-1.5638092889622013,-1.7298715211964684,-0.7341507858592827,-0.860897583102812,-1.1451021120726261
浙江省,2017Q4,2017,65855829.0,1,23.862886676223322,83.31,1.32,2.36,114.7,35.85,14.31,0.0,0.0,0.0,0.0,0.0,0.0,0.6254866216929712,210205360.0,41191940.0,0.0,0.0,0.0,0.37451337830702885,99695810.0,24663889.0,-1.4304239578930418,-1.6099323253799547,-0.7341507858592827,-0.860897583102812,-1.1451021120726261
浙江省,2018Q1,2018,57736550.0,1,23.887385376870952,73.95,1.24,2.29,104.56,31.49,15.73,0.0,0.0,0.0,0.0,0.0,0.0,0.5925343651465147,154263690.0,34210890.0,0.0,0.0,0.0,0.40746563485348536,101205200.0,23525660.0,-1.403675914060005,-1.507155015777583,-0.7341507858592827,-0.860897583102812,-1.1451021120726261
浙江省,2018Q2,2018,53641816.0,1,23.940758876138194,73.95,1.24,2.29,104.56,31.49,15.73,0.0,0.0,0.0,0.0,0.0,0.0,0.41530642810452206,90313550.0,22277791.0,9.321086370379407e-08,2.0,5.0,0.5846934786846143,122277600.0,31364020.0,-1.3526929011015312,-1.4053634003179836,-0.7341507858592827,0.4007188672546729,-1.1451021120726261
浙江省,2018Q3,2018,47299800.0,1,23.983021777002108,73.95,1.24,2.29,104.56,31.49,15.73,0.0,0.0,0.0,0.0,0.0,0.0,0.044333168427773476,9483820.0,2096950.0,0.0,0.0,0.0,0.9556668315722265,174966900.0,45202850.0,-1.3150298087007493,-1.4569967545329852,-0.7341507858592827,-0.860897583102812,-1.1451021120726261
浙江省,2018Q4,2018,10114374.0,1,23.926508616229903,73.95,1.24,2.29,104.56,31.49,15.73,0.0,0.0,0.0,0.0,0.0,0.0,0.0,0.0,0.0,0.0,0.0,0.0,1.0,35961780.0,10114374.0,-1.2402000533782225,-1.4114565262278214,-0.7341507858592827,-0.860897583102812,-1.1451021120726261
浙江省,2019Q1,2019,34694935.0,1,23.83788140509563,60.16,1.3,2.27,94.27,33.57,15.48,0.0005488697413613832,90680.0,19043.0,0.0,0.0,0.0,0.0,0.0,0.0,0.0,0.0,0.0,0.9994511302586386,115382210.0,34675892.0,-1.2199514240856473,-1.4114565262278214,-1.1730543936593398,-0.860897583102812,-1.1451021120726261
浙江省,2019Q2,2019,37597300.0,1,23.897490473757276,60.16,1.3,2.27,94.27,33.57,15.48,0.008200775055655592,1450950.0,308327.0,0.0,0.0,0.0,0.02021666449452487,3294860.0,760092.0,0.0,0.0,0.0,0.9715825604498195,122074100.0,36528881.0,-1.1929181482944942,-1.4791875749561039,-1.3225256432945276,-0.860897583102812,-1.1451021120726261
浙江省,2019Q3,2019,16867402.0,1,23.909449714699676,60.16,1.3,2.27,94.27,33.57,15.48,0.037372797541672394,3016180.0,630382.0,0.0,0.0,0.0,0.0,0.0,0.0,0.0,0.0,0.0,0.9626272024583276,59150000.0,16237020.0,-1.3405144042430108,-1.4114565262278214,-1.4512429055120584,-0.860897583102812,-1.1451021120726261
浙江省,2019Q4,2019,16348031.0,1,23.913372465774795,60.16,1.3,2.27,94.27,33.57,15.48,0.0271047932316742,2130340.0,443110.0,0.0,0.0,0.0,0.002510455234639572,186550.0,41041.0,0.0,0.0,0.0,0.9703847515336862,56000000.0,15863880.0,-1.342291703166566,-1.4639447525775005,-1.640766552615211,-0.860897583102812,-1.1451021120726261
浙江省,2020Q1,2020,30611736.0,1,24.063498527611575,54.2,1.39,2.18,90.1,33.17,18.33,0.003352211060490003,498140.0,102617.0,0.0,0.0,0.0,0.0,0.0,0.0,0.0,0.0,0.0,0.99664778893951,116408880.0,30509119.0,-1.3651826073378337,-1.4114565262278214,-1.4494644163120287,-0.860897583102812,-1.1451021120726261
浙江省,2020Q2,2020,28784893.0,1,23.89288112018175,54.2,1.39,2.18,90.1,33.17,18.33,0.0,0.0,0.0,0.0,0.0,0.0,0.0,0.0,0.0,0.0,0.0,0.0,1.0,111286422.0,28784893.0,-1.379065192927446,-1.4114565262278214,-0.7341507858592827,-0.860897583102812,-1.1451021120726261
浙江省,2020Q3,2020,24448373.0,1,23.973259262374285,54.2,1.39,2.18,90.1,33.17,18.33,0.004644235426218342,518020.0,113544.0,0.0,0.0,0.0,0.0,0.0,0.0,0.0,0.0,0.0,0.9953557645737816,100231755.0,24334829.0,-1.4166074177657961,-1.4114565262278214,-1.3042849142796031,-0.860897583102812,-1.1451021120726261
浙江省,2020Q4,2020,38944308.0,1,23.97076449233317,54.2,1.39,2.18,90.1,33.17,18.33,0.0,0.0,0.0,0.33970047689639266,50600000.0,13229400.0,0.0,0.0,0.0,0.0,0.0,0.0,0.6602995231036073,100373049.0,25714908.0,-1.3933898883254627,-1.4114565262278214,-0.7341507858592827,-0.860897583102812,-1.2465632492642198
浙江省,2021Q1,2021,59561431.0,1,24.03938014800552,65.15,1.66,2.42,103.56,30.94,18.55,0.4816210342562119,114948000.0,28686038.0,0.00826256172387799,1539492.0,492130.0,0.0,0.0,0.0,0.00950183685143495,2046450.0,565943.0,0.5006145671684752,114798150.0,29817320.0,-1.298587176326685,-1.4114565262278214,-1.6933401725379462,0.46691987954008196,-1.0031861427169253
浙江省,2021Q2,2021,108533753.0,1,24.44038909384003,65.15,1.66,2.42,103.56,30.94,18.55,0.6276461203732631,214475630.0,68120789.0,0.018178308088176037,5597587.0,1972960.0,0.0,0.0,0.0,0.01064123342348624,4137120.0,1154933.0,0.34353433811507467,131654053.0,37285071.0,-1.2170446261141017,-1.4114565262278214,-1.2869576245427454,0.7824514661804574,-1.099488097732101
浙江省,2021Q3,2021,40992859.0,1,24.183797105524995,65.15,1.66,2.42,103.56,30.94,18.55,0.0,0.0,0.0,0.30403985728343563,47126330.0,12463463.0,0.0,0.0,0.0,0.02552598246440923,3884920.0,1046383.0,0.6704341602521552,90496915.0,27483013.0,-1.1672246526140477,-1.4114565262278214,-0.7341507858592827,0.3241519316178909,-1.2135463308969836
浙江省,2021Q4,2021,49222912.0,1,24.2017754938589,65.15,1.66,2.42,103.56,30.94,18.55,0.0,0.0,0.0,0.02952131316408099,4474360.0,1453125.0,0.1318088820100688,22128840.0,6488017.0,0.0,0.0,0.0,0.8386698048258502,133798131.0,41281770.0,-1.128861923330942,-1.2436017095074188,-0.7341507858592827,-0.860897583102812,-1.2038427319057354
浙江省,2022Q1,2022,31753349.0,1,24.16073044347052,71.41,1.52,2.43,108.49,31.71,19.6,0.0,0.0,0.0,0.0,0.0,0.0,0.0,0.0,0.0,0.0,0.0,0.0,1.0,102632925.0,31753349.0,-1.070598855760704,-1.4114565262278214,-0.7341507858592827,-0.860897583102812,-1.1451021120726261
浙江省,2022Q2,2022,96255594.0,1,24.188039525020947,71.41,1.52,2.43,108.49,31.71,19.6,0.14839271575218788,53514376.0,14283629.0,0.0,0.0,0.0,0.3016857285198406,94955325.0,29038939.0,0.0034052774117211307,998460.0,327777.0,0.5465162783162504,151454886.0,52605249.0,-0.9987126391959433,-1.2265603634759732,-1.3475464051496058,0.17750917161235114,-1.1451021120726261
浙江省,2022Q3,2022,39653396.0,1,24.159422019190995,71.41,1.52,2.43,108.49,31.71,19.6,0.0,0.0,0.0,0.0,0.0,0.0,0.15828616545226037,20565800.0,6276584.0,0.0,0.0,0.0,0.8417138345477396,87255900.0,33376812.0,-0.9533629604493388,-1.1746248131012207,-0.7341507858592827,-0.860897583102812,-1.1451021120726261
浙江省,2022Q4,2022,55128630.0,1,24.087070247188496,71.41,1.52,2.43,108.49,31.71,19.6,0.0,0.0,0.0,0.007215107649147095,998860.0,397759.0,0.1132011080268093,22017100.0,6240622.0,3.952574188765438e-05,1.0,2179.0,0.8795442585821559,107394010.0,48488070.0,-0.9332193460218922,-1.3053488797892032,-0.7341507858592827,0.24706771058835297,-1.1082489890407796
浙江省,2023Q1,2023,81230133.0,1,24.04738954939247,80.78,1.52,2.47,119.9,36.29,20.88,0.021365224158872174,5134620.0,1735500.0,0.0,0.0,0.0,0.37887655557574923,112471800.0,30776193.0,0.0,0.0,0.0,0.5997582202653786,119574339.0,48718440.0,-0.94763092009756,-1.2993913912732198,-1.1680353513215729,-0.860897583102812,-1.1451021120726261
浙江省,2023Q2,2023,127777619.0,1,24.05780179075738,80.78,1.52,2.47,119.9,36.29,20.88,0.39669284336875926,153726250.0,50688467.0,0.004180927803952897,1474540.0,534229.0,0.1864667551834723,83960860.0,23826278.0,9.000011183492158e-07,3.0,115.0,0.41265857364269715,147494040.0,52728530.0,-1.0064797772335254,-1.2786512805324852,-0.9821152891308296,0.30454281647307546,-0.8911842607009248
浙江省,2023Q3,2023,20069197.0,1,24.065907332846344,80.78,1.52,2.47,119.9,36.29,20.88,0.34170370643130366,21556134.0,6857719.0,0.00897061302452709,499660.0,180033.0,0.0,0.0,0.0,0.01504868381131542,913151.0,302015.0,0.6342769967328539,45191863.0,12729430.0,-1.1789992401491374,-1.4114565262278214,-1.3359430690235201,-0.39959581575362485,-1.0435753305717528
浙江省,2023Q4,2023,72048308.0,1,24.11105469503267,80.78,1.52,2.47,119.9,36.29,20.88,0.026585995607280605,7164670.0,1915476.0,0.0006515073192280935,124800.0,46940.0,0.0001019454891293214,25000.0,7345.0,0.0,0.0,0.0,0.9726605515843619,232031000.0,70078547.0,-1.2421617961910534,-1.2673571717908456,-1.701999579228112,-0.860897583102812,-1.1044927867557475
海南省,2017Q1,2017,0.0,0,20.94068369530261,44.4,1.85,1.15,78.67,4.75,0.5,,0.0,0.0,,0.0,0.0,,0.0,0.0,,0.0,0.0,,0.0,0.0,-1.3257037162852585,-1.4114565262278214,-0.7341507858592827,-0.860897583102812,-1.1451021120726261
海南省,2017Q2,2017,0.0,0,21.035473104866966,44.4,1.85,1.15,78.67,4.75,0.5,,0.0,0.0,,0.0,0.0,,0.0,0.0,,0.0,0.0,,0.0,0.0,-1.3257037162852585,-1.4114565262278214,-0.7341507858592827,-0.860897583102812,-1.1451021120726261
海南省,2017Q3,2017,357296.0,1,21.184023468505888,44.4,1.85,1.15,78.67,4.75,0.5,0.0,0.0,0.0,0.0,0.0,0.0,0.0,0.0,0.0,0.0,0.0,0.0,1.0,1979040.0,357296.0,-1.652614650882874,-1.4114565262278214,-0.7341507858592827,-0.860897583102812,-1.1451021120726261
海南省,2017Q4,2017,0.0,0,21.18200178947274,44.4,1.85,1.15,78.67,4.75,0.5,,0.0,0.0,,0.0,0.0,,0.0,0.0,,0.0,0.0,,0.0,0.0,-1.3257037162852585,-1.4114565262278214,-0.7341507858592827,-0.860897583102812,-1.1451021120726261
海南省,2018Q1,2018,0.0,0,21.14699431833338,45.63,1.93,1.15,79.86,4.66,0.19,,0.0,0.0,,0.0,0.0,,0.0,0.0,,0.0,0.0,,0.0,0.0,-1.3257037162852585,-1.4114565262278214,-0.7341507858592827,-0.860897583102812,-1.1451021120726261
海南省,2018Q2,2018,0.0,0,21.26165399384462,45.63,1.93,1.15,79.86,4.66,0.19,,0.0,0.0,,0.0,0.0,,0.0,0.0,,0.0,0.0,,0.0,0.0,-1.3257037162852585,-1.4114565262278214,-0.7341507858592827,-0.860897583102812,-1.1451021120726261
海南省,2018Q3,2018,0.0,0,21.35665610779241,45.63,1.93,1.15,79.86,4.66,0.19,,0.0,0.0,,0.0,0.0,,0.0,0.0,,0.0,0.0,,0.0,0.0,-1.3257037162852585,-1.4114565262278214,-0.7341507858592827,-0.860897583102812,-1.1451021120726261
海南省,2018Q4,2018,0.0,0,21.4353532789928,45.63,1.93,1.15,79.86,4.66,0.19,,0.0,0.0,,0.0,0.0,,0.0,0.0,,0.0,0.0,,0.0,0.0,-1.3257037162852585,-1.4114565262278214,-0.7341507858592827,-0.860897583102812,-1.1451021120726261
海南省,2019Q1,2019,0.0,0,21.235106520015893,29.47,2.21,1.19,67.06,4.75,0.23,,0.0,0.0,,0.0,0.0,,0.0,0.0,,0.0,0.0,,0.0,0.0,-1.3257037162852585,-1.4114565262278214,-0.7341507858592827,-0.860897583102812,-1.1451021120726261
海南省,2019Q2,2019,0.0,0,21.221077603586256,29.47,2.21,1.19,67.06,4.75,0.23,,0.0,0.0,,0.0,0.0,,0.0,0.0,,0.0,0.0,,0.0,0.0,-1.3257037162852585,-1.4114565262278214,-0.7341507858592827,-0.860897583102812,-1.1451021120726261
海南省,2019Q3,2019,0.0,0,21.204618564148735,29.47,2.21,1.19,67.06,4.75,0.23,,0.0,0.0,,0.0,0.0,,0.0,0.0,,0.0,0.0,,0.0,0.0,-1.3257037162852585,-1.4114565262278214,-0.7341507858592827,-0.860897583102812,-1.1451021120726261
海南省,2019Q4,2019,0.0,0,21.23240923969055,29.47,2.21,1.19,67.06,4.75,0.23,,0.0,0.0,,0.0,0.0,,0.0,0.0,,0.0,0.0,,0.0,0.0,-1.3257037162852585,-1.4114565262278214,-0.7341507858592827,-0.860897583102812,-1.1451021120726261
海南省,2020Q1,2020,0.0,0,21.361653470093017,20.93,2.25,1.22,58.37,4.84,0.26,,0.0,0.0,,0.0,0.0,,0.0,0.0,,0.0,0.0,,0.0,0.0,-1.3257037162852585,-1.4114565262278214,-0.7341507858592827,-0.860897583102812,-1.1451021120726261
海南省,2020Q2,2020,1040238.0,1,21.14844540475373,20.93,2.25,1.22,58.37,4.84,0.26,1.0,4926000.0,1040238.0,0.0,0.0,0.0,0.0,0.0,0.0,0.0,0.0,0.0,0.0,0.0,0.0,-1.3257037162852585,-1.4114565262278214,-1.4466074740960515,-0.860897583102812,-1.1451021120726261
海南省,2020Q3,2020,14484613.0,1,21.157480944667462,20.93,2.25,1.22,58.37,4.84,0.26,0.24144331643517158,16561000.0,3497213.0,0.0,0.0,0.0,0.0,0.0,0.0,0.0,0.0,0.0,0.7585566835648284,52250800.0,10987400.0,-1.5080341128826564,-1.4114565262278214,-1.3575097987598703,-0.860897583102812,-1.1451021120726261
海南省,2020Q4,2020,26360920.0,1,21.268418568250713,20.93,2.25,1.22,58.37,4.84,0.26,0.040469755987272066,4982890.0,1066820.0,0.0,0.0,0.0,0.0,0.0,0.0,0.0,0.0,0.0,0.9595302440127279,109850100.0,25294100.0,-1.4890870184926086,-1.4114565262278214,-1.082252058424309,-0.860897583102812,-1.1451021120726261
海南省,2021Q1,2021,0.0,0,21.2324239563709,30.52,2.13,1.11,66.87,5.02,0.1,,0.0,0.0,,0.0,0.0,,0.0,0.0,,0.0,0.0,,0.0,0.0,-1.3257037162852585,-1.4114565262278214,-0.7341507858592827,-0.860897583102812,-1.1451021120726261
海南省,2021Q2,2021,82518090.0,1,21.672256947530656,30.52,2.13,1.11,66.87,5.02,0.1,0.18377994449459506,48182620.0,15165170.0,0.0,0.0,0.0,0.0,0.0,0.0,0.0,0.0,0.0,0.8162200555054049,233138220.0,67352920.0,-1.2995965775175125,-1.4114565262278214,-1.3401825090230128,-0.860897583102812,-1.1451021120726261
海南省,2021Q3,2021,12109982.0,1,21.381330925014044,30.52,2.13,1.11,66.87,5.02,0.1,0.0,0.0,0.0,0.0,0.0,0.0,0.0,0.0,0.0,0.0,0.0,0.0,1.0,44000000.0,12109982.0,-1.2627268625488774,-1.4114565262278214,-0.7341507858592827,-0.860897583102812,-1.1451021120726261
海南省,2021Q4,2021,61039188.0,1,21.439282705135085,30.52,2.13,1.11,66.87,5.02,0.1,0.0,0.0,0.0,0.22636179236198228,41209920.0,13816940.0,0.0,0.0,0.0,0.0,0.0,0.0,0.7736382076380177,162466330.0,47222248.0,-1.2235855090913772,-1.4114565262278214,-0.7341507858592827,-0.860897583102812,-1.2200236413900498
海南省,2022Q1,2022,82626989.0,1,21.348154214021434,33.86,2.02,1.07,69.2,5.92,0.28,0.0,0.0,0.0,0.44596494978172324,119563000.0,36848741.0,6.656420700505013e-07,2.0,55.0,0.0,0.0,0.0,0.5540343845762067,149582170.0,45778193.0,-1.155520860423088,-1.247894888082562,-0.7341507858592827,-0.860897583102812,-1.067608879677344
海南省,2022Q2,2022,29216713.0,1,21.370419284060652,33.86,2.02,1.07,69.2,5.92,0.28,0.0,0.0,0.0,0.5448380521107902,44394000.0,15918377.0,0.0,0.0,0.0,0.0,0.0,0.0,0.45516194788920983,36975000.0,13298336.0,-1.0899099297975892,-1.4114565262278214,-0.7341507858592827,-0.860897583102812,-0.8513353953691283
海南省,2022Q3,2022,38787208.0,1,21.417217433748966,33.86,2.02,1.07,69.2,5.92,0.28,0.0,0.0,0.0,0.521932669141847,54391420.0,20244311.0,0.0,0.0,0.0,0.0,0.0,0.0,0.478067330858153,56458130.0,18542897.0,-1.043223965729063,-1.4114565262278214,-0.7341507858592827,-0.860897583102812,-1.1194434085668463
海南省,2022Q4,2022,110651158.0,1,21.416284249880295,33.86,2.02,1.07,69.2,5.92,0.28,0.0,0.0,0.0,0.5554332653256101,160149400.0,61459334.0,0.12550845604345143,53630800.0,13887656.0,0.0,0.0,0.0,0.3190582786309385,106982070.0,35304168.0,-1.0029056269193093,-1.278433824696315,-0.7341507858592827,-0.860897583102812,-1.0613299200807806
海南省,2023Q1,2023,35346029.0,1,21.351833709532343,42.12,2.0,1.09,76.38,7.11,0.29,0.011996199063832601,1300000.0,424018.0,0.3229479328498259,31670300.0,11414927.0,0.011981034701238999,1543710.0,423482.0,0.0,0.0,0.0,0.6530748333851024,68115430.0,23083602.0,-1.0071459992480898,-1.2724763361803317,-1.2212602358018403,-0.860897583102812,-0.9884645778070296
海南省,2023Q2,2023,1914295.0,1,21.37899304517101,42.12,2.0,1.09,76.38,7.11,0.29,0.0,0.0,0.0,0.7650022593173988,4000750.0,1464440.0,0.0,0.0,0.0,0.23499774068260115,1812960.0,449855.0,0.0,0.0,0.0,-1.3257037162852585,-1.4114565262278214,-0.7341507858592827,-1.1727331344863168,-0.9073651701852394
海南省,2023Q3,2023,10106862.0,1,21.295649505158682,42.12,2.0,1.09,76.38,7.11,0.29,0.0,0.0,0.0,0.036051150198746156,998760.0,364364.0,0.0,0.0,0.0,0.005678023505218534,264000.0,57387.0,0.9582708262960353,30471000.0,9685111.0,-1.2599354053377239,-1.4114565262278214,-0.7341507858592827,-1.7471890108362058,-1.0597562400560674
海南省,2023Q4,2023,26343035.0,1,21.324495537358814,42.12,2.0,1.09,76.38,7.11,0.29,0.01100958944176326,1004618.0,290026.0,0.0,0.0,0.0,0.0,0.0,0.0,0.0,0.0,0.0,0.9889904105582368,80929720.0,26053009.0,-1.3032467158595438,-1.4114565262278214,-1.7224103765983882,-0.860897583102812,-1.1451021120726261
湖北省,2017Q1,2017,18801955.0,1,21.983870925973125,339.29,15.76,9.67,435.35,168.17,12.76,0.0,0.0,0.0,0.21181281414618852,16325070.0,3982495.0,0.7881871858538115,84298900.0,14819460.0,0.0,0.0,0.0,0.0,0.0,0.0,-1.3257037162852585,-1.7117340650517356,-0.7341507858592827,-0.860897583102812,-1.4926076922083875
湖北省,2017Q2,2017,9738146.0,1,22.019964285736,339.29,15.76,9.67,435.35,168.17,12.76,0.0,0.0,0.0,0.1950582790605111,8374440.0,1899506.0,0.8049417209394889,45985900.0,7838640.0,0.0,0.0,0.0,0.0,0.0,0.0,-1.3257037162852585,-1.739397015599623,-0.7341507858592827,-0.860897583102812,-1.2281085347545895
湖北省,2017Q3,2017,13427780.0,1,22.116059891306893,339.29,15.76,9.67,435.35,168.17,12.76,0.0,0.0,0.0,0.4564969041792463,25502440.0,6129740.0,0.5435030958207537,42192200.0,7298040.0,0.0,0.0,0.0,0.0,0.0,0.0,-1.3257037162852585,-1.7218845283160606,-0.7341507858592827,-0.860897583102812,-1.4323946099405536
湖北省,2017Q4,2017,12440150.0,1,22.16015475175399,339.29,15.76,9.67,435.35,168.17,12.76,0.0,0.0,0.0,0.25140532871388205,12600560.0,3127520.0,0.7485946712861179,45740600.0,9312630.0,0.0,0.0,0.0,0.0,0.0,0.0,-1.3257037162852585,-1.6110340516996098,-0.7341507858592827,-0.860897583102812,-1.3864310475311847
湖北省,2018Q1,2018,12618057.0,1,22.13877257768377,333.18,15.82,9.75,430.95,171.53,12.81,0.0,0.0,0.0,0.08220021513613388,3906770.0,1037207.0,0.9177997848638662,49748000.0,11580850.0,0.0,0.0,0.0,0.0,0.0,0.0,-1.3257037162852585,-1.5021623012271617,-0.7341507858592827,-0.860897583102812,-1.2741777860303096
湖北省,2018Q2,2018,2583979.0,1,22.184646594273293,333.18,15.82,9.75,430.95,171.53,12.81,8.010901017384429e-05,18.0,207.0,0.9997840539725749,9638590.0,2583421.0,0.0,0.0,0.0,0.0001358370172513012,1096.0,351.0,0.0,0.0,0.0,-1.3257037162852585,-1.4114565262278214,-0.19648874128912075,0.5389702575824851,-1.1532493675617415
湖北省,2018Q3,2018,5824553.0,1,22.270953650955036,333.18,15.82,9.75,430.95,171.53,12.81,0.0,0.0,0.0,0.024788683354757007,524750.0,144383.0,0.975211316645243,24438000.0,5680170.0,0.0,0.0,0.0,0.0,0.0,0.0,-1.3257037162852585,-1.4490097616525772,-0.7341507858592827,-0.860897583102812,-0.9812386202132206
湖北省,2018Q4,2018,0.0,0,22.1624123328953,333.18,15.82,9.75,430.95,171.53,12.81,,0.0,0.0,,0.0,0.0,,0.0,0.0,,0.0,0.0,,0.0,0.0,-1.3257037162852585,-1.4114565262278214,-0.7341507858592827,-0.860897583102812,-1.1451021120726261
湖北省,2019Q1,2019,0.0,0,22.079431578087778,242.95,15.99,9.85,349.2,178.75,13.38,,0.0,0.0,,0.0,0.0,,0.0,0.0,,0.0,0.0,,0.0,0.0,-1.3257037162852585,-1.4114565262278214,-0.7341507858592827,-0.860897583102812,-1.1451021120726261
湖北省,2019Q2,2019,16156804.0,1,22.15288376392041,242.95,15.99,9.85,349.2,178.75,13.38,9.352097110294833e-05,122.0,1511.0,0.07940345132614099,3998580.0,1282906.0,0.9205025944487536,64573000.0,14872380.0,4.332540024623682e-07,2.0,7.0,0.0,0.0,0.0,-1.3257037162852585,-1.4712005820756962,-0.26245569782956313,0.4938861845409215,-1.1986384408927273
湖北省,2019Q3,2019,4171362.0,1,22.242707336397462,242.95,15.99,9.85,349.2,178.75,13.38,0.0,0.0,0.0,1.0,12613680.0,4171362.0,0.0,0.0,0.0,0.0,0.0,0.0,0.0,0.0,0.0,-1.3257037162852585,-1.4114565262278214,-0.7341507858592827,-0.860897583102812,-1.2801969416932586
湖北省,2019Q4,2019,2633493.0,1,22.22704938203649,242.95,15.99,9.85,349.2,178.75,13.38,0.0,0.0,0.0,1.0,8101550.0,2633493.0,0.0,0.0,0.0,0.0,0.0,0.0,0.0,0.0,0.0,-1.3257037162852585,-1.4114565262278214,-0.7341507858592827,-0.860897583102812,-1.4389499346520989
湖北省,2020Q1,2020,0.0,0,22.238137516098707,203.84,15.4,8.86,307.44,193.09,13.39,,0.0,0.0,,0.0,0.0,,0.0,0.0,,0.0,0.0,,0.0,0.0,-1.3257037162852585,-1.4114565262278214,-0.7341507858592827,-0.860897583102812,-1.1451021120726261
湖北省,2020Q2,2020,0.0,0,22.21367575434944,203.84,15.4,8.86,307.44,193.09,13.39,,0.0,0.0,,0.0,0.0,,0.0,0.0,,0.0,0.0,,0.0,0.0,-1.3257037162852585,-1.4114565262278214,-0.7341507858592827,-0.860897583102812,-1.1451021120726261
湖北省,2020Q3,2020,319622.0,1,22.33435728322985,203.84,15.4,8.86,307.44,193.09,13.39,0.0,0.0,0.0,0.9999123965183874,1002150.0,319594.0,0.0,0.0,0.0,8.760348161265494e-05,9.0,28.0,0.0,0.0,0.0,-1.3257037162852585,-1.4114565262278214,-0.7341507858592827,0.7349904855738227,-1.0008952412548133
湖北省,2020Q4,2020,431378.0,1,22.373388677303414,203.84,15.4,8.86,307.44,193.09,13.39,0.0,0.0,0.0,0.9997009583242539,1297580.0,431249.0,0.0,0.0,0.0,0.00029904167574609737,46.0,129.0,0.0,0.0,0.0,-1.3257037162852585,-1.4114565262278214,-0.7341507858592827,0.8700702151087949,-1.2400719145275787
湖北省,2021Q1,2021,9074073.0,1,22.38019557326559,317.99,15.84,9.65,425.51,196.72,9.61,0.0,0.0,0.0,0.0,0.0,0.0,0.9999939387747927,34848200.0,9074018.0,6.061225207247065e-06,21.0,55.0,0.0,0.0,0.0,-1.3257037162852585,-1.2936054576718354,-0.7341507858592827,0.6051712698678942,-1.1451021120726261
湖北省,2021Q2,2021,9905792.0,1,22.78280947077226,317.99,15.84,9.65,425.51,196.72,9.61,0.0,0.0,0.0,0.0,0.0,0.0,0.9012395980048844,31305915.0,8927492.0,0.0,0.0,0.0,0.09876040199511558,3555700.0,978300.0,-1.3609613857462637,-1.2670826379588085,-0.7341507858592827,-0.860897583102812,-1.1451021120726261
湖北省,2021Q3,2021,10645230.0,1,22.531736963883038,317.99,15.84,9.65,425.51,196.72,9.61,0.0,0.0,0.0,0.0,0.0,0.0,1.0,37136133.0,10645230.0,0.0,0.0,0.0,0.0,0.0,0.0,-1.3257037162852585,-1.2383393581667583,-0.7341507858592827,-0.860897583102812,-1.1451021120726261
湖北省,2021Q4,2021,552493.0,1,22.4781478343415,317.99,15.84,9.65,425.51,196.72,9.61,0.0,0.0,0.0,0.0,0.0,0.0,0.0,0.0,0.0,0.0,0.0,0.0,1.0,1859210.0,552493.0,-1.2793317034515512,-1.4114565262278214,-0.7341507858592827,-0.860897583102812,-1.1451021120726261
湖北省,2022Q1,2022,11984732.0,1,22.413596372057494,331.69,16.26,10.53,441.16,207.96,9.18,0.08645483269880377,2918969.0,1036138.0,0.006718548232868286,196780.0,80520.0,0.906826619068328,38312437.0,10868074.0,0.0,0.0,0.0,0.0,0.0,0.0,-1.3257037162852585,-1.2668229502950425,-0.030162251842625443,-0.860897583102812,-1.044936635456388
湖北省,2022Q2,2022,7296583.0,1,22.421935468280985,331.69,16.26,10.53,441.16,207.96,9.18,0.0,0.0,0.0,0.0,0.0,0.0,1.0,24227100.0,7296583.0,0.0,0.0,0.0,0.0,0.0,0.0,-1.3257037162852585,-1.2185733705955653,-0.7341507858592827,-0.860897583102812,-1.1451021120726261
湖北省,2022Q3,2022,0.0,0,22.424383499379328,331.69,16.26,10.53,441.16,207.96,9.18,,0.0,0.0,,0.0,0.0,,0.0,0.0,,0.0,0.0,,0.0,0.0,-1.3257037162852585,-1.4114565262278214,-0.7341507858592827,-0.860897583102812,-1.1451021120726261
湖北省,2022Q4,2022,388523.0,1,22.323787838615587,331.69,16.26,10.53,441.16,207.96,9.18,1.0,1194500.0,388523.0,0.0,0.0,0.0,0.0,0.0,0.0,0.0,0.0,0.0,0.0,0.0,0.0,-1.3257037162852585,-1.4114565262278214,-0.4734024799401515,-0.860897583102812,-1.1451021120726261
湖北省,2023Q1,2023,8487274.0,1,22.26876518771512,347.25,17.19,10.52,457.91,216.25,8.99,0.09245524534732824,2343250.0,784693.0,0.0,0.0,0.0,0.8966388972478089,26126800.0,7610020.0,0.0,0.0,0.0,0.010905857404862856,215400.0,92561.0,-1.078078008058288,-1.291404398392812,-0.10796540585660841,-0.860897583102812,-1.1451021120726261
湖北省,2023Q2,2023,999009.0,1,22.31705165442042,347.25,17.19,10.52,457.91,216.25,8.99,0.609613126608469,1898580.0,609009.0,0.0,0.0,0.0,0.0,0.0,0.0,0.0,0.0,0.0,0.390386873391531,1300000.0,390000.0,-1.1489161418342306,-1.4114565262278214,-0.13395462556851556,-0.860897583102812,-1.1451021120726261
湖北省,2023Q3,2023,1803652.0,1,22.350566770065804,347.25,17.19,10.52,457.91,216.25,8.99,0.033886802997474014,200000.0,61120.0,0.0,0.0,0.0,0.0,0.0,0.0,0.0,0.0,0.0,0.966113197002526,7592000.0,1742532.0,-1.321300213566475,-1.4114565262278214,-0.21546540941757453,-0.860897583102812,-1.1451021120726261
湖北省,2023Q4,2023,4977499.0,1,22.405073754838078,347.25,17.19,10.52,457.91,216.25,8.99,0.14374688975326766,2700000.0,715500.0,0.0,0.0,0.0,0.0,0.0,0.0,0.0,0.0,0.0,0.8562531102467323,19603190.0,4261999.0,-1.361681111046061,-1.4114565262278214,-0.5246468853530104,-0.860897583102812,-1.1451021120726261
湖南省,2017Q1,2017,5132591.0,1,21.749565348606012,449.6,17.0,14.94,543.25,103.2,6.05,0.5409790104062451,12375270.0,2776624.0,0.0,0.0,0.0,0.0,0.0,0.0,0.0,0.0,0.0,0.45902098959375487,12993580.0,2355967.0,-1.6803843841487172,-1.4114565262278214,-0.698634142365885,-0.860897583102812,-1.1451021120726261
湖南省,2017Q2,2017,4962705.0,1,21.786398774874172,449.6,17.0,14.94,543.25,103.2,6.05,0.44884392685037694,9462520.0,2227480.0,0.20278517461747173,1088560.0,1006363.0,0.0,0.0,0.0,0.0,0.0,0.0,0.3483708985321513,9403670.0,1728862.0,-1.6607784083058803,-1.4114565262278214,-0.011253393067216066,-0.860897583102812,-1.1315658304688068
湖南省,2017Q3,2017,4357417.0,1,21.84090141959505,449.6,17.0,14.94,543.25,103.2,6.05,0.7636774263284877,14734480.0,3327661.0,0.09895839668317262,2001140.0,431203.0,0.0,0.0,0.0,0.0,0.0,0.0,0.13736417698833966,3050890.0,598553.0,-1.7055255376896459,-1.4114565262278214,-1.1890140334022736,-0.860897583102812,-1.3396010367074016
湖南省,2017Q4,2017,2639069.0,1,21.89887083560108,449.6,17.0,14.94,543.25,103.2,6.05,0.796810162977929,10174285.0,2102837.0,0.04644857713079878,573477.0,122581.0,0.0,0.0,0.0,0.027119412186646125,364910.0,71570.0,0.12962184770462615,1462620.0,342081.0,-1.568016474819576,-1.4114565262278214,-0.6893908059741147,-2.089338866636096,-1.2980960940236212
湖南省,2018Q1,2018,4923110.0,1,21.897821988674902,446.8,17.9,14.9,541.72,105.4,6.2,0.6236878720971093,14772060.0,3070484.0,0.11785233317963645,2563550.0,580200.0,0.0,0.0,0.0,0.0,0.0,0.0,0.2584597947232542,5477070.0,1272426.0,-1.5453921627874496,-1.4114565262278214,-1.0417567280050477,-0.860897583102812,-1.1813842127971577
湖南省,2018Q2,2018,2252955.0,1,21.94863931725728,446.8,17.9,14.9,541.72,105.4,6.2,0.0,0.0,0.0,0.3001866437634129,2464200.0,676307.0,0.0,0.0,0.0,0.0,0.0,0.0,0.699813356236587,6483620.0,1576648.0,-1.4887916695119212,-1.4114565262278214,-0.7341507858592827,-0.860897583102812,-1.0604557943285895
湖南省,2018Q3,2018,7221025.0,1,22.00811356751331,446.8,17.9,14.9,541.72,105.4,6.2,0.8900426186033146,24028450.0,6427020.0,0.07334332729771743,546097.0,529614.0,0.0,0.0,0.0,0.0,0.0,0.0,0.036614054098967945,986010.0,264391.0,-1.446550005403568,-1.4114565262278214,-0.1826617318626692,-0.860897583102812,-0.7889666728232938
湖南省,2018Q4,2018,2048900.0,1,21.898400591863233,446.8,17.9,14.9,541.72,105.4,6.2,1.0,9058820.0,2048900.0,0.0,0.0,0.0,0.0,0.0,0.0,0.0,0.0,0.0,0.0,0.0,0.0,-1.3257037162852585,-1.4114565262278214,-1.0982106930683937,-0.860897583102812,-1.1451021120726261
湖南省,2019Q1,2019,7776562.0,1,21.838757314355927,348.5,19.0,15.9,459.42,114.7,6.3,1.0,34921690.0,7776562.0,0.0,0.0,0.0,0.0,0.0,0.0,0.0,0.0,0.0,0.0,0.0,0.0,-1.3257037162852585,-1.4114565262278214,-0.8142449743765972,-0.860897583102812,-1.1451021120726261
湖南省,2019Q2,2019,13341407.0,1,21.911633932785957,348.5,19.0,15.9,459.42,114.7,6.3,1.0,59919744.0,13341407.0,0.0,0.0,0.0,0.0,0.0,0.0,0.0,0.0,0.0,0.0,0.0,0.0,-1.3257037162852585,-1.4114565262278214,-0.9698793954941974,-0.860897583102812,-1.1451021120726261
湖南省,2019Q3,2019,21304712.0,1,21.99446575548446,348.5,19.0,15.9,459.42,114.7,6.3,0.7734623213869307,75113740.0,16478392.0,0.0,0.0,0.0,0.0,0.0,0.0,0.0,0.0,0.0,0.22653767861306925,19266200.0,4826320.0,-1.4822306529704554,-1.4114565262278214,-1.075935709665132,-0.860897583102812,-1.1451021120726261
湖南省,2019Q4,2019,828981.0,1,21.981978895043152,348.5,19.0,15.9,459.42,114.7,6.3,1.0,4001520.0,828981.0,0.0,0.0,0.0,0.0,0.0,0.0,0.0,0.0,0.0,0.0,0.0,0.0,-1.3257037162852585,-1.4114565262278214,-1.206355650209824,-0.860897583102812,-1.1451021120726261
湖南省,2020Q1,2020,15998688.0,1,22.03274817941145,337.7,20.5,16.1,454.95,118.8,5.6,1.0,76101890.0,15998688.0,0.0,0.0,0.0,0.0,0.0,0.0,0.0,0.0,0.0,0.0,0.0,0.0,-1.3257037162852585,-1.4114565262278214,-1.097072350587218,-0.860897583102812,-1.1451021120726261
湖南省,2020Q2,2020,10833690.0,1,21.92972067271215,337.7,20.5,16.1,454.95,118.8,5.6,1.0,52324759.0,10833690.0,0.0,0.0,0.0,0.0,0.0,0.0,0.0,0.0,0.0,0.0,0.0,0.0,-1.3257037162852585,-1.4114565262278214,-0.958971687210397,-0.860897583102812,-1.1451021120726261
湖南省,2020Q3,2020,27192908.0,1,22.05309066147715,337.7,20.5,16.1,454.95,118.8,5.6,1.0,130620380.0,27192908.0,0.0,0.0,0.0,0.0,0.0,0.0,0.0,0.0,0.0,0.0,0.0,0.0,-1.3257037162852585,-1.4114565262278214,-0.9482377957920157,-0.860897583102812,-1.1451021120726261
湖南省,2020Q4,2020,32286734.0,1,22.0953797853729,337.7,20.5,16.1,454.95,118.8,5.6,0.9595659319397248,151378030.0,30981250.0,0.040434068060275156,4233610.0,1305484.0,0.0,0.0,0.0,0.0,0.0,0.0,0.0,0.0,0.0,-1.3257037162852585,-1.4114565262278214,-0.6710048040389716,-0.860897583102812,-1.1472783412944267
湖南省,2021Q1,2021,35247421.0,1,22.126609832312635,443.06,21.3,17.5,562.05,117.9,5.7,0.9445109757108187,160614440.0,33291576.0,0.03354248244148132,3353880.0,1182286.0,0.0,0.0,0.0,0.021946541847700007,2593100.0,773559.0,0.0,0.0,0.0,-1.3257037162852585,-1.4114565262278214,-1.2589292701325594,-1.205174364843777,-1.053507115561675
湖南省,2021Q2,2021,95566745.0,1,22.56515905406443,443.06,21.3,17.5,562.05,117.9,5.7,0.9687417417010489,365656491.0,92579495.0,0.026597316880469245,9197080.0,2541819.0,0.0,0.0,0.0,0.004660941418481921,1519910.0,445431.0,0.0,0.0,0.0,-1.3257037162852585,-1.4114565262278214,-1.0184936558807862,-0.7714329798000464,-1.1440234447849202
湖南省,2021Q3,2021,99770206.0,1,22.31416291233136,443.06,21.3,17.5,562.05,117.9,5.7,0.9847922234419362,370573380.0,98252923.0,0.015207776558063837,4870080.0,1517283.0,0.0,0.0,0.0,0.0,0.0,0.0,0.0,0.0,0.0,-1.3257037162852585,-1.4114565262278214,-0.8116540670798337,-0.860897583102812,-1.1376767704673239
湖南省,2021Q4,2021,36804779.0,1,22.24446913100071,443.06,21.3,17.5,562.05,117.9,5.7,0.9464567359581211,117049048.0,34834131.0,0.05354326404187891,6151550.0,1970648.0,0.0,0.0,0.0,0.0,0.0,0.0,0.0,0.0,0.0,-1.3257037162852585,-1.4114565262278214,-0.5228493473870781,-0.860897583102812,-1.1045578239359422
湖南省,2022Q1,2022,63567687.0,1,22.182527950305474,457.9,21.6,18.2,580.86,117.5,7.2,0.9976070546659972,201521883.0,63415573.0,0.002392945334002793,490280.0,152114.0,0.0,0.0,0.0,0.0,0.0,0.0,0.0,0.0,0.0,-1.3257037162852585,-1.4114565262278214,-0.655821294902203,-0.860897583102812,-0.9521430622232361
湖南省,2022Q2,2022,21911803.0,1,22.18670951594991,457.9,21.6,18.2,580.86,117.5,7.2,0.8900410888140972,70404447.0,19502405.0,0.10995891118590287,6843190.0,2409398.0,0.0,0.0,0.0,0.0,0.0,0.0,0.0,0.0,0.0,-1.3257037162852585,-1.4114565262278214,-0.9131355027442187,-0.860897583102812,-0.7665716233074225
湖南省,2022Q3,2022,3275398.0,1,22.248646627132903,457.9,21.6,18.2,580.86,117.5,7.2,0.00013006053004856205,4.0,426.0,0.8847694234410597,7933310.0,2897972.0,0.0,0.0,0.0,0.0,0.0,0.0,0.11510051602889175,1300000.0,377000.0,-1.1002938796369897,-1.4114565262278214,0.033261598783226556,-0.860897583102812,-0.9249415688040763
湖南省,2022Q4,2022,1105482.0,1,22.161122515458153,457.9,21.6,18.2,580.86,117.5,7.2,0.0,0.0,0.0,0.0,0.0,0.0,0.0,0.0,0.0,0.0,0.0,0.0,1.0,3900000.0,1105482.0,-1.0643932539590775,-1.4114565262278214,-0.7341507858592827,-0.860897583102812,-1.1451021120726261
湖南省,2023Q1,2023,1142755.0,1,22.12060518216689,461.8,20.4,16.9,582.59,119.6,7.78,0.0004489151217890099,30.0,513.0,0.0,0.0,0.0,0.0,0.0,0.0,0.0,0.0,0.0,0.999551084878211,3900000.0,1142242.0,-1.0696240866363085,-1.4114565262278214,-0.7336244489161858,-0.860897583102812,-1.1451021120726261
湖南省,2023Q2,2023,396617.0,1,22.14599063232308,461.8,20.4,16.9,582.59,119.6,7.78,0.0008446435730188065,5.0,335.0,0.0,0.0,0.0,0.015838957987176546,22590.0,6282.0,0.0,0.0,0.0,0.9833163984398047,1300000.0,390000.0,-1.140462220412251,-1.2953702888240017,-0.5477043867254425,-0.860897583102812,-1.1451021120726261
湖南省,2023Q3,2023,1172081.0,1,22.166860273568282,461.8,20.4,16.9,582.59,119.6,7.78,0.0,0.0,0.0,0.0,0.0,0.0,0.24130670149929911,1056765.0,282831.0,0.0,0.0,0.0,0.7586932985007009,3293520.0,889250.0,-1.3128462921444957,-1.3010913680445866,-0.7341507858592827,-0.860897583102812,-1.1451021120726261
湖南省,2023Q4,2023,76317152.0,1,22.214783902129987,461.8,20.4,16.9,582.59,119.6,7.78,0.6824156645677764,186732140.0,52080020.0,0.1537686574048256,33043500.0,11735186.0,0.003169025489840082,876000.0,241851.0,0.0,0.0,0.0,0.160646652537558,47396200.0,12260095.0,-1.3836426746901789,-1.2885196170673308,-1.2337390374402413,-0.860897583102812,-1.0011835350843377
甘肃省,2017Q1,2017,306641.0,1,20.48841420335644,49.88,20.96,22.76,99.14,13.83,40.4,0.0,0.0,0.0,1.0,1401710.0,306641.0,0.0,0.0,0.0,0.0,0.0,0.0,0.0,0.0,0.0,-1.3257037162852585,-1.4114565262278214,-0.7341507858592827,-0.860897583102812,-1.4801632293400417
甘肃省,2017Q2,2017,159226.0,1,20.449816800124346,49.88,20.96,22.76,99.14,13.83,40.4,0.0,0.0,0.0,0.7369336666122367,499950.0,117339.0,0.0,0.0,0.0,0.0,0.0,0.0,0.2630663333877633,215910.0,41887.0,-1.855720978160497,-1.4114565262278214,-0.7341507858592827,-0.860897583102812,-1.2156640718862435
甘肃省,2017Q3,2017,209198.0,1,20.513320244830172,49.88,20.96,22.76,99.14,13.83,40.4,0.0,0.0,0.0,0.3798697884300997,271686.0,79468.0,0.0,0.0,0.0,0.6201302115699003,199584.0,129730.0,0.0,0.0,0.0,-1.3257037162852585,-1.4114565262278214,-0.7341507858592827,-1.1905951149149798,-1.4199501470722076
甘肃省,2017Q4,2017,0.0,0,20.600301886458873,49.88,20.96,22.76,99.14,13.83,40.4,,0.0,0.0,,0.0,0.0,,0.0,0.0,,0.0,0.0,,0.0,0.0,-1.3257037162852585,-1.4114565262278214,-0.7341507858592827,-0.860897583102812,-1.1451021120726261
甘肃省,2018Q1,2018,0.0,0,20.647588266686856,50.6,21.4,23.6,101.21,14.1,40.5,,0.0,0.0,,0.0,0.0,,0.0,0.0,,0.0,0.0,,0.0,0.0,-1.3257037162852585,-1.4114565262278214,-0.7341507858592827,-0.860897583102812,-1.1451021120726261
甘肃省,2018Q2,2018,447869.0,1,20.643531716487587,50.6,21.4,23.6,101.21,14.1,40.5,0.0,0.0,0.0,1.0,1497300.0,447869.0,0.0,0.0,0.0,0.0,0.0,0.0,0.0,0.0,0.0,-1.3257037162852585,-1.4114565262278214,-0.7341507858592827,-0.860897583102812,-1.1408049046933955
甘肃省,2018Q3,2018,129855.0,1,20.68938877737963,50.6,21.4,23.6,101.21,14.1,40.5,0.0009626121443148127,1.0,125.0,0.0,0.0,0.0,0.0,0.0,0.0,0.9990373878556852,199584.0,129730.0,0.0,0.0,0.0,-1.3257037162852585,-1.4114565262278214,1.1926683039176316,-0.6011159064279337,-1.1451021120726261
甘肃省,2018Q4,2018,0.0,0,20.613671361880876,50.6,21.4,23.6,101.21,14.1,40.5,,0.0,0.0,,0.0,0.0,,0.0,0.0,,0.0,0.0,,0.0,0.0,-1.3257037162852585,-1.4114565262278214,-0.7341507858592827,-0.860897583102812,-1.1451021120726261
甘肃省,2019Q1,2019,0.0,0,20.589456598963505,47.97,22.75,25.0,101.67,15.1,44.1,,0.0,0.0,,0.0,0.0,,0.0,0.0,,0.0,0.0,,0.0,0.0,-1.3257037162852585,-1.4114565262278214,-0.7341507858592827,-0.860897583102812,-1.1451021120726261
甘肃省,2019Q2,2019,677868.0,1,20.65695018183528,47.97,22.75,25.0,101.67,15.1,44.1,0.0,0.0,0.0,0.11123404556639346,225080.0,75402.0,0.0,0.0,0.0,0.6967285666235904,801057.0,472290.0,0.1920373878100161,720000.0,130176.0,-1.543278257481349,-1.4114565262278214,-0.7341507858592827,-0.7974028267929727,-1.1861939780243813
甘肃省,2019Q3,2019,1582226.0,1,20.813714300900536,47.97,22.75,25.0,101.67,15.1,44.1,0.0,0.0,0.0,0.6306469492980143,3495470.0,997826.0,0.0,0.0,0.0,0.0,0.0,0.0,0.3693530507019857,3000000.0,584400.0,-1.677173222825072,-1.4114565262278214,-0.7341507858592827,-0.860897583102812,-1.2677524788249124
甘肃省,2019Q4,2019,686817.0,1,20.769009213620073,47.97,22.75,25.0,101.67,15.1,44.1,0.0,0.0,0.0,0.41782163225429775,992820.0,286967.0,0.0,0.0,0.0,0.0,0.0,0.0,0.5821783677457023,2077000.0,399850.0,-1.6727488094103091,-1.4114565262278214,-0.7341507858592827,-0.860897583102812,-1.4265054717837529
甘肃省,2020Q1,2020,558180.0,1,20.971706555911844,49.17,24.9,27.6,110.2,19.8,57.5,0.0,0.0,0.0,0.0,0.0,0.0,0.0,0.0,0.0,0.485995556988785,465529.0,271273.0,0.5140044430112151,1665000.0,286907.0,-1.7163095212677382,-1.4114565262278214,-0.7341507858592827,-0.38584432176397776,-1.1451021120726261
甘肃省,2020Q2,2020,890859.0,1,20.789345004758356,49.17,24.9,27.6,110.2,19.8,57.5,0.0,0.0,0.0,0.0,0.0,0.0,0.0,0.0,0.0,0.2514281160093797,338542.0,223987.0,0.7485718839906202,3821390.0,666872.0,-1.7162227718652867,-1.4114565262278214,-0.7341507858592827,-0.6591528238887742,-1.1451021120726261
甘肃省,2020Q3,2020,900401.0,1,20.88125576278515,49.17,24.9,27.6,110.2,19.8,57.5,0.001420478209153477,35.0,1279.0,0.1536115575171507,499320.0,138312.0,0.0,0.0,0.0,0.0,0.0,0.0,0.8449679642736958,4198000.0,760810.0,-1.7558875695440448,-1.4114565262278214,0.5054560239060848,-0.860897583102812,-0.9884507783864673
甘肃省,2020Q4,2020,1432988.0,1,20.96946947673189,49.17,24.9,27.6,110.2,19.8,57.5,0.0,0.0,0.0,0.5799371662568005,3003100.0,831043.0,0.0,0.0,0.0,0.0,0.0,0.0,0.4200628337431995,3262000.0,601945.0,-1.7417901309115105,-1.4114565262278214,-0.7341507858592827,-0.860897583102812,-1.2276274516592327
甘肃省,2021Q1,2021,10270915.0,1,21.02658694395114,64.07,27.02,33.5,135.29,22.3,66.64,0.923968312462911,35000000.0,9490000.0,0.06384328952191698,2031100.0,655729.0,0.0,0.0,0.0,0.01218839801517197,196056.0,125186.0,0.0,0.0,0.0,-1.3257037162852585,-1.4114565262278214,0.11640076564774127,-0.6861177414659996,-1.133856225926481
甘肃省,2021Q2,2021,19306786.0,1,21.482780404320618,64.07,27.02,33.5,135.29,22.3,66.64,0.7300554323231221,45403092.0,14095024.0,0.1640256436260287,9541040.0,3166808.0,0.0,0.0,0.0,0.05332125191629513,1676657.0,1029462.0,0.052597672134554144,4736000.0,1015492.0,-1.5474500341789008,-1.4114565262278214,0.3710646919751225,-0.3794371449453434,-1.2243725551497262
甘肃省,2021Q3,2021,9281468.0,1,21.26423097990888,64.07,27.02,33.5,135.29,22.3,66.64,0.6855711833515992,21000002.0,6363107.0,0.2874098149128996,7698740.0,2667585.0,0.0,0.0,0.0,0.027019001735501324,719555.0,250776.0,0.0,0.0,0.0,-1.3257037162852585,-1.4114565262278214,0.4787201278681382,-0.44805972049173004,-1.2180258808321298
甘肃省,2021Q4,2021,3786090.0,1,21.12873467957477,64.07,27.02,33.5,135.29,22.3,66.64,2.9846094519675973e-05,2.0,113.0,0.7524350979506562,8443167.0,2848787.0,0.0,0.0,0.0,0.14272719348985366,1702130.0,540378.0,0.10480786246497045,1655280.0,396812.0,-1.467328807172398,-1.4114565262278214,0.9163281422869367,-0.6659112199559916,-1.1642979492667824
甘肃省,2022Q1,2022,16731957.0,1,21.155919917345678,67.91,27.18,36.52,142.65,21.63,91.83,0.820747447534081,43022755.0,13732711.0,0.07871930342637147,4002940.0,1317128.0,0.0,0.0,0.0,0.06835524380082976,3294499.0,1143717.0,0.03217800523871774,2211450.0,538401.0,-1.3991299964927177,-1.4114565262278214,0.5554580814994203,-1.0348763178325662,-1.032492172588042
甘肃省,2022Q2,2022,3895076.0,1,21.178622979099426,67.91,27.18,36.52,142.65,21.63,91.83,0.10026017464100828,1147074.0,390521.0,0.3596915695611588,3986370.0,1401026.0,0.0,0.0,0.0,0.40005843274945085,4652323.0,1558258.0,0.13998982304838212,2198450.0,545271.0,-1.3377633864589775,-1.4114565262278214,0.29288664550550114,-1.0788577769593268,-0.9086194769768956
甘肃省,2022Q3,2022,5398825.0,1,21.16817880672853,67.91,27.18,36.52,142.65,21.63,91.83,0.0,0.0,0.0,0.7952773057100387,10974380.0,4293563.0,0.0013895616175741944,26000.0,7502.0,0.12105948979639088,2109635.0,653579.0,0.08227364287599617,1666540.0,444181.0,-1.295236449491606,-1.3351743199422024,-0.7341507858592827,-1.0084612347996424,-1.0843267014775444
甘肃省,2022Q4,2022,6394868.0,1,21.04237427990411,67.91,27.18,36.52,142.65,21.63,91.83,0.0,0.0,0.0,0.5095628244398477,8451580.0,3258587.0,0.0,0.0,0.0,0.11753440415032805,2284550.0,751617.0,0.37290277140982425,8898750.0,2384664.0,-1.2593358238136942,-1.4114565262278214,-0.7341507858592827,-0.9059699104177286,-1.0893131914357925
甘肃省,2023Q1,2023,4971963.0,1,21.082369552613375,72.7,29.76,40.9,157.44,23.5,101.75,0.0,0.0,0.0,0.3388750077182795,4562300.0,1684874.0,0.0,0.0,0.0,0.31531992494714867,4755630.0,1567759.0,0.3458050673345719,6915000.0,1719330.0,-1.264566656490925,-1.4114565262278214,-0.7341507858592827,-0.962229738747522,-0.9608570094983829
甘肃省,2023Q2,2023,14554464.0,1,21.07487118553348,72.7,29.76,40.9,157.44,23.5,101.75,0.2298309989292632,10041860.0,3345067.0,0.2811462517616588,10742900.0,4091933.0,0.043885985770413805,2782500.0,638737.0,0.0591772393679355,2923350.0,861293.0,0.38595952417072865,22168570.0,5617434.0,-1.3354047902668678,-1.4342597756825048,0.8276256490548581,-0.8000589647422731,-0.8722484630959376
甘肃省,2023Q3,2023,6967925.0,1,21.068871499691127,72.7,29.76,40.9,157.44,23.5,101.75,0.0,0.0,0.0,0.5782005403330259,12124540.0,4028858.0,0.0,0.0,0.0,0.07551961308423957,1718550.0,526215.0,0.3462798465827345,9580000.0,2412852.0,-1.5077888619991122,-1.4114565262278214,-0.7341507858592827,-1.5065988830219856,-1.0246395329667657
甘肃省,2023Q4,2023,22093366.0,1,21.12106337539183,72.7,29.76,40.9,157.44,23.5,101.75,0.0,0.0,0.0,0.8035761956779243,52786585.0,17753703.0,0.04812937965179231,4684300.0,1063340.0,0.039486921096586185,2592080.0,872399.0,0.10880750357369719,11848000.0,2403924.0,-1.5614551303323778,-1.427906678631827,-0.7341507858592827,-1.4096238083275483,-1.0775068025359367
福建省,2017Q1,2017,192216139.0,1,23.34508887805086,128.37,1.72,1.94,264.91,46.5,13.11,0.0011926521945173397,285768.0,229247.0,0.6150522667610132,610380580.0,118222972.0,0.0,0.0,0.0,0.0,0.0,0.0,0.3837550810444694,399228700.0,73763920.0,-1.6421966015380582,-1.4114565262278214,-1.0846540092784696,-0.860897583102812,-1.6782525679780238
福建省,2017Q2,2017,114854739.0,1,23.381787896327552,128.37,1.72,1.94,264.91,46.5,13.11,0.4644811652046852,266121589.0,53347863.0,0.150910333791277,85291760.0,17332767.0,0.0050663299143451105,3323500.0,581892.0,0.0,0.0,0.0,0.3795421710896927,239166650.0,43592217.0,-1.6111394109284087,-1.758230953583708,-0.6130421420723126,-0.860897583102812,-1.3439497564079728
福建省,2017Q3,2017,322610330.0,1,23.433592304002936,128.37,1.72,1.94,264.91,46.5,13.11,0.36136753587524617,589534400.0,116580900.0,0.20515170732443688,310160780.0,66184060.0,0.0,0.0,0.0,0.0,0.0,0.0,0.43348075680031695,752088300.0,139845370.0,-1.6706703862016232,-1.4114565262278214,-1.5339763094118393,-0.860897583102812,-1.5242221739578312
福建省,2017Q4,2017,102652477.0,1,23.487396048522083,128.37,1.72,1.94,264.91,46.5,13.11,0.00817261331161059,3508153.0,838939.0,0.5012539638960685,237788690.0,51454961.0,0.0,0.0,0.0,0.07305902613533621,38647500.0,7499690.0,0.4175143966569847,212062340.0,42858887.0,-1.5503441919555112,-1.4114565262278214,-1.1991959862807688,-0.5460499184127068,-1.5607578713369337
福建省,2018Q1,2018,178638997.0,1,23.50715761571634,113.12,1.94,2.04,256.06,44.32,13.82,0.00628379031931085,5162688.0,1122530.0,0.36078458837294075,284130310.0,64450197.0,0.0,0.0,0.0,0.01856123274135938,16542000.0,3315760.0,0.614370388566389,478116460.0,109750510.0,-1.5134006135718794,-1.4114565262278214,-1.560934597481743,-0.47985105860880317,-1.4607656215879663
福建省,2018Q2,2018,374746128.0,1,23.565984685514156,113.12,1.94,2.04,256.06,44.32,13.82,0.4193698700470629,749578353.0,157157235.0,0.2623425051105531,435453090.0,98311838.0,0.0,0.0,0.0,0.0,0.0,0.0,0.318287624842384,505971100.0,119277055.0,-1.4555087427001299,-1.4114565262278214,-1.3352517202596839,-0.860897583102812,-1.3316708533306694
福建省,2018Q3,2018,189635970.0,1,23.617928352416122,113.12,1.94,2.04,256.06,44.32,13.82,0.40667284798342845,344714000.0,77119800.0,0.15191105358334708,99491300.0,28807800.0,0.0,0.0,0.0,0.0,0.0,0.0,0.44141609843322444,338212800.0,83708370.0,-1.4189998002307882,-1.4114565262278214,-0.6276384691866875,-0.860897583102812,-1.1283298854147645
福建省,2018Q4,2018,52257237.0,1,23.562239412815764,113.12,1.94,2.04,256.06,44.32,13.82,0.00805425284922737,2005501.0,420893.0,0.10704209256222252,17791690.0,5593724.0,0.0,0.0,0.0,0.0,0.0,0.0,0.8849036545885501,190229100.0,46242620.0,-1.3546009524375249,-1.4114565262278214,-1.5273174016352529,-0.860897583102812,-1.268956764094987
福建省,2019Q1,2019,93063590.0,1,23.46529603459985,103.03,2.14,2.22,255.15,48.58,14.46,0.3491692078502452,147589800.0,32494940.0,0.0,0.0,0.0,0.0,0.0,0.0,0.0,0.0,0.0,0.6508307921497548,220552000.0,60568650.0,-1.3306103563456961,-1.4114565262278214,-1.1836202285779711,-0.860897583102812,-1.1451021120726261
福建省,2019Q2,2019,179500727.0,1,23.5267393310189,103.03,2.14,2.22,255.15,48.58,14.46,0.8596025909131834,703953750.0,154299290.0,0.00488208050544553,2996220.0,876337.0,0.0,0.0,0.0,0.0,0.0,0.0,0.13551532858137114,90520700.0,24325100.0,-1.3101479050160734,-1.4114565262278214,-1.3330914782131589,-0.860897583102812,-1.3900588508286547
福建省,2019Q3,2019,148570156.0,1,23.55283120810954,103.03,2.14,2.22,255.15,48.58,14.46,0.17132108281558242,122937000.0,25453200.0,0.15170428979020525,97372410.0,22538730.0,0.0,0.0,0.0,1.7500149895514683e-07,1.0,26.0,0.6769744523927134,460296300.0,100578200.0,-1.4423972226814543,-1.4114565262278214,-1.4618087404306896,0.6709428867062437,-1.3108306278474569
福建省,2019Q4,2019,103400797.0,1,23.559138943157894,103.03,2.14,2.22,255.15,48.58,14.46,0.005480267236238034,2679190.0,566664.0,0.12896307752830957,53131170.0,13334885.0,0.0,0.0,0.0,0.0,0.0,0.0,0.8655566552354524,409426000.0,89499248.0,-1.4395540089201584,-1.4114565262278214,-1.7329663577594303,-0.860897583102812,-1.5549036693111866
福建省,2020Q1,2020,127525252.0,1,23.677697330731462,103.75,2.46,2.28,259.39,53.66,16.93,0.2881030182163451,178191450.0,36740410.0,0.5410824202880227,295801650.0,69001672.0,0.0,0.0,0.0,0.0,0.0,0.0,0.17081456149563226,100975900.0,21783170.0,-1.4878368650779161,-1.4114565262278214,-1.46003025123066,-0.860897583102812,-1.4118745243864534
福建省,2020Q2,2020,391839731.0,1,23.48388578434842,103.75,2.46,2.28,259.39,53.66,16.93,0.5036235388799816,934108970.0,197339712.0,0.24552325961044516,416585639.0,96205768.0,0.0,0.0,0.0,0.0,0.0,0.0,0.2508532015095733,448479600.0,98294251.0,-1.4905976671010357,-1.4114565262278214,-1.4884364975815654,-0.860897583102812,-1.241921333593304
福建省,2020Q3,2020,339178381.0,1,23.57640475418609,103.75,2.46,2.28,259.39,53.66,16.93,0.2145177613781935,348785634.0,72759787.0,0.3789896856663161,534778468.0,128545108.0,0.0,0.0,0.0,0.0,0.0,0.0,0.4064925529554904,647902483.0,137873486.0,-1.5393025543965024,-1.4114565262278214,-1.3148507491982342,-0.860897583102812,-1.166855061030399
福建省,2020Q4,2020,415302770.0,1,23.602280983810374,103.75,2.46,2.28,259.39,53.66,16.93,0.03550414556589642,68533600.0,14744970.0,0.3128044558913007,533567061.0,129908557.0,0.0,0.0,0.0,5.152867147984589e-07,40.0,214.0,0.651690883256088,1222468700.0,270649029.0,-1.49315555007004,-1.4114565262278214,-1.0395930088626728,0.6030135286205129,-1.2209265307755859
福建省,2021Q1,2021,603688077.0,1,23.649989065460993,124.34,2.56,2.3,286.54,55.91,19.43,0.13492573914127512,317134780.0,81453060.0,0.4844336655666632,993929270.0,292446828.0,0.004217911694817189,9756965.0,2546303.0,0.0,0.0,0.0,0.37642268359724457,927163440.0,227241886.0,-1.3963621292543529,-1.3399332601394884,-1.7801354308561939,-0.860897583102812,-1.3241462344363941
福建省,2021Q2,2021,1155301943.0,1,24.074389703953482,124.34,2.56,2.3,286.54,55.91,19.43,0.15317800863423287,580247686.0,176966851.0,0.3616332115871807,1264079376.0,417795552.0,0.02901723848308286,124005972.0,33523672.0,0.0,0.0,0.0,0.4561715412955036,1859735324.0,527015868.0,-1.3132761655287457,-1.2796670578040934,-1.6408770435360565,-0.860897583102812,-1.414783578329721
福建省,2021Q3,2021,751583368.0,1,23.823699041580493,124.34,2.56,2.3,286.54,55.91,19.43,0.1245530103321818,290913818.0,93611971.0,0.37893832158350793,867099557.0,284803740.0,0.020176121034120597,53639383.0,15164037.0,0.0,0.0,0.0,0.4763325470501896,1200974796.0,358003620.0,-1.2712354694284291,-1.2494335416449933,-1.4539396413589598,-0.860897583102812,-1.2038463776237234
福建省,2021Q4,2021,786987151.0,1,23.8283346031018,124.34,2.56,2.3,286.54,55.91,19.43,0.049359903717157386,124951025.0,38845610.0,0.44083780854511057,1023751226.0,346933691.0,0.0,0.0,0.0,0.0,0.0,0.0,0.5098022877377321,1367195419.0,401207850.0,-1.243552890355711,-1.4114565262278214,-1.0458363658018692,-0.860897583102812,-1.2642218978819344
福建省,2022Q1,2022,757157597.0,1,23.772837103742923,128.07,2.69,2.33,296.3,59.83,21.51,0.19309647764123272,472333903.0,146204465.0,0.602249577639779,1299066469.0,455997843.0,0.04096776962009403,115555648.0,31019058.0,0.0,0.0,0.0,0.16368617509889424,408551096.0,123936231.0,-1.175607190746876,-1.2861435402528583,-1.2467974722102733,-0.860897583102812,-1.1363989427373735
福建省,2022Q2,2022,837032372.0,1,23.813867745644384,128.07,2.69,2.33,296.3,59.83,21.51,0.10310049872240784,261756430.0,86298455.0,0.571446762395947,1338932875.0,478319439.0,0.132387557168458,395857997.0,110812671.0,0.0,0.0,0.0,0.19306518171318707,467749800.0,161601807.0,-1.1033767351094865,-1.2402758788528065,-1.358112240068237,-0.860897583102812,-1.0738875445494729
福建省,2022Q3,2022,689069296.0,1,23.846879355309223,128.07,2.69,2.33,296.3,59.83,21.51,0.052383968070462396,91919300.0,36096184.0,0.74529486654126,1395397160.0,513559809.0,0.138368296996359,316859800.0,95345345.0,0.0005621219843178153,1401020.0,387341.0,0.06339074640760078,127682920.0,43680617.0,-1.0559019703613963,-1.1854717582048981,-0.5502582448667148,0.15465113437230826,-1.0694965302335797
福建省,2022Q4,2022,268426033.0,1,23.791291022662378,128.07,2.69,2.33,296.3,59.83,21.51,0.3119009995576696,258481060.0,83722348.0,0.347642901685322,259622287.0,93316405.0,0.003167591423593404,2819310.0,850264.0,0.0,0.0,0.0,0.33728850733341503,253825720.0,90537016.0,-1.0382139630382625,-1.3104304292507316,-1.8766781320848618,-0.860897583102812,-1.1769598986731413
福建省,2023Q1,2023,533392124.0,1,23.760067126006113,135.47,2.81,2.31,311.41,69.13,24.9,0.7090302068277259,1117232620.0,378191128.0,0.03877352714716875,57732870.0,20681494.0,0.1485043468695837,296460700.0,79211049.0,0.0,0.0,0.0,0.10369191915552169,151302700.0,55308453.0,-1.0085166745223537,-1.3112731889726221,-1.3827127388150884,-0.860897583102812,-1.032013332284972
福建省,2023Q2,2023,692167324.0,1,23.783621357717447,135.47,2.81,2.31,311.41,69.13,24.9,0.24341413724407482,505125170.0,168483312.0,0.21277086030140308,393656600.0,147273037.0,0.06725935534050145,172547090.0,46554728.0,0.0,0.0,0.0,0.47655564711402065,962881420.0,329856247.0,-1.1103461903229939,-1.2845041522295009,-1.1500674088475218,-0.860897583102812,-0.8867477455449103
福建省,2023Q3,2023,353507124.0,1,23.781371291744374,135.47,2.81,2.31,311.41,69.13,24.9,0.23111088137505256,259829350.0,81699343.0,0.2884686589795571,293483508.0,101975726.0,0.0007226106142064622,901030.0,255448.0,0.0,0.0,0.0,0.4796978490311839,525290280.0,169576607.0,-1.255021899821321,-1.2902782931657852,-1.4880656120722133,-0.860897583102812,-0.9813430332933141
福建省,2023Q4,2023,763228109.0,1,23.811952020041385,135.47,2.81,2.31,311.41,69.13,24.9,0.32209144828548236,869832350.0,245829247.0,0.2194198733317355,516537099.0,167467415.0,0.0,0.0,0.0,0.0,0.0,0.0,0.4584886783827822,1168584300.0,349931447.0,-1.30915857275161,-1.4114565262278214,-1.7478301634350162,-0.860897583102812,-1.1732440653868417
西藏自治区,2017Q1,2017,0.0,0,18.21831393129427,1.14,22.54,6.35,32.07,0.5,37.06,,0.0,0.0,,0.0,0.0,,0.0,0.0,,0.0,0.0,,0.0,0.0,-1.3257037162852585,-1.4114565262278214,-0.7341507858592827,-0.860897583102812,-1.1451021120726261
西藏自治区,2017Q2,2017,0.0,0,18.47018333780614,1.14,22.54,6.35,32.07,0.5,37.06,,0.0,0.0,,0.0,0.0,,0.0,0.0,,0.0,0.0,,0.0,0.0,-1.3257037162852585,-1.4114565262278214,-0.7341507858592827,-0.860897583102812,-1.1451021120726261
西藏自治区,2017Q3,2017,0.0,0,18.62027591775116,1.14,22.54,6.35,32.07,0.5,37.06,,0.0,0.0,,0.0,0.0,,0.0,0.0,,0.0,0.0,,0.0,0.0,-1.3257037162852585,-1.4114565262278214,-0.7341507858592827,-0.860897583102812,-1.1451021120726261
西藏自治区,2017Q4,2017,0.0,0,18.563819806246613,1.14,22.54,6.35,32.07,0.5,37.06,,0.0,0.0,,0.0,0.0,,0.0,0.0,,0.0,0.0,,0.0,0.0,-1.3257037162852585,-1.4114565262278214,-0.7341507858592827,-0.860897583102812,-1.1451021120726261
西藏自治区,2018Q1,2018,0.0,0,18.351594810631887,1.05,20.86,5.86,28.4,0.49,36.44,,0.0,0.0,,0.0,0.0,,0.0,0.0,,0.0,0.0,,0.0,0.0,-1.3257037162852585,-1.4114565262278214,-0.7341507858592827,-0.860897583102812,-1.1451021120726261
西藏自治区,2018Q2,2018,0.0,0,18.544435031693475,1.05,20.86,5.86,28.4,0.49,36.44,,0.0,0.0,,0.0,0.0,,0.0,0.0,,0.0,0.0,,0.0,0.0,-1.3257037162852585,-1.4114565262278214,-0.7341507858592827,-0.860897583102812,-1.1451021120726261
西藏自治区,2018Q3,2018,0.0,0,18.653626856422044,1.05,20.86,5.86,28.4,0.49,36.44,,0.0,0.0,,0.0,0.0,,0.0,0.0,,0.0,0.0,,0.0,0.0,-1.3257037162852585,-1.4114565262278214,-0.7341507858592827,-0.860897583102812,-1.1451021120726261
西藏自治区,2018Q4,2018,0.0,0,18.842730436463277,1.05,20.86,5.86,28.4,0.49,36.44,,0.0,0.0,,0.0,0.0,,0.0,0.0,,0.0,0.0,,0.0,0.0,-1.3257037162852585,-1.4114565262278214,-0.7341507858592827,-0.860897583102812,-1.1451021120726261
西藏自治区,2019Q1,2019,0.0,0,18.566412681098946,0.83,21.15,5.77,28.38,0.54,42.39,,0.0,0.0,,0.0,0.0,,0.0,0.0,,0.0,0.0,,0.0,0.0,-1.3257037162852585,-1.4114565262278214,-0.7341507858592827,-0.860897583102812,-1.1451021120726261
西藏自治区,2019Q2,2019,0.0,0,18.509168698234106,0.83,21.15,5.77,28.38,0.54,42.39,,0.0,0.0,,0.0,0.0,,0.0,0.0,,0.0,0.0,,0.0,0.0,-1.3257037162852585,-1.4114565262278214,-0.7341507858592827,-0.860897583102812,-1.1451021120726261
西藏自治区,2019Q3,2019,0.0,0,18.48844790680844,0.83,21.15,5.77,28.38,0.54,42.39,,0.0,0.0,,0.0,0.0,,0.0,0.0,,0.0,0.0,,0.0,0.0,-1.3257037162852585,-1.4114565262278214,-0.7341507858592827,-0.860897583102812,-1.1451021120726261
西藏自治区,2019Q4,2019,0.0,0,18.594788472738202,0.83,21.15,5.77,28.38,0.54,42.39,,0.0,0.0,,0.0,0.0,,0.0,0.0,,0.0,0.0,,0.0,0.0,-1.3257037162852585,-1.4114565262278214,-0.7341507858592827,-0.860897583102812,-1.1451021120726261
西藏自治区,2020Q1,2020,0.0,0,18.647810989387978,0.89,21.17,5.73,28.31,0.71,44.89,,0.0,0.0,,0.0,0.0,,0.0,0.0,,0.0,0.0,,0.0,0.0,-1.3257037162852585,-1.4114565262278214,-0.7341507858592827,-0.860897583102812,-1.1451021120726261
西藏自治区,2020Q2,2020,0.0,0,18.51332186673693,0.89,21.17,5.73,28.31,0.71,44.89,,0.0,0.0,,0.0,0.0,,0.0,0.0,,0.0,0.0,,0.0,0.0,-1.3257037162852585,-1.4114565262278214,-0.7341507858592827,-0.860897583102812,-1.1451021120726261
西藏自治区,2020Q3,2020,0.0,0,18.427700415775842,0.89,21.17,5.73,28.31,0.71,44.89,,0.0,0.0,,0.0,0.0,,0.0,0.0,,0.0,0.0,,0.0,0.0,-1.3257037162852585,-1.4114565262278214,-0.7341507858592827,-0.860897583102812,-1.1451021120726261
西藏自治区,2020Q4,2020,0.0,0,18.615160144611842,0.89,21.17,5.73,28.31,0.71,44.89,,0.0,0.0,,0.0,0.0,,0.0,0.0,,0.0,0.0,,0.0,0.0,-1.3257037162852585,-1.4114565262278214,-0.7341507858592827,-0.860897583102812,-1.1451021120726261
西藏自治区,2021Q1,2021,0.0,0,18.50358729064711,1.34,20.51,5.1,27.36,0.71,48.85,,0.0,0.0,,0.0,0.0,,0.0,0.0,,0.0,0.0,,0.0,0.0,-1.3257037162852585,-1.4114565262278214,-0.7341507858592827,-0.860897583102812,-1.1451021120726261
西藏自治区,2021Q2,2021,0.0,0,18.905513104115812,1.34,20.51,5.1,27.36,0.71,48.85,,0.0,0.0,,0.0,0.0,,0.0,0.0,,0.0,0.0,,0.0,0.0,-1.3257037162852585,-1.4114565262278214,-0.7341507858592827,-0.860897583102812,-1.1451021120726261
西藏自治区,2021Q3,2021,0.0,0,18.601684779974565,1.34,20.51,5.1,27.36,0.71,48.85,,0.0,0.0,,0.0,0.0,,0.0,0.0,,0.0,0.0,,0.0,0.0,-1.3257037162852585,-1.4114565262278214,-0.7341507858592827,-0.860897583102812,-1.1451021120726261
西藏自治区,2021Q4,2021,0.0,0,18.630049142583037,1.34,20.51,5.1,27.36,0.71,48.85,,0.0,0.0,,0.0,0.0,,0.0,0.0,,0.0,0.0,,0.0,0.0,-1.3257037162852585,-1.4114565262278214,-0.7341507858592827,-0.860897583102812,-1.1451021120726261
西藏自治区,2022Q1,2022,0.0,0,18.426186823838865,1.79,21.35,5.1,28.63,1.09,53.34,,0.0,0.0,,0.0,0.0,,0.0,0.0,,0.0,0.0,,0.0,0.0,-1.3257037162852585,-1.4114565262278214,-0.7341507858592827,-0.860897583102812,-1.1451021120726261
西藏自治区,2022Q2,2022,0.0,0,18.52933417181143,1.79,21.35,5.1,28.63,1.09,53.34,,0.0,0.0,,0.0,0.0,,0.0,0.0,,0.0,0.0,,0.0,0.0,-1.3257037162852585,-1.4114565262278214,-0.7341507858592827,-0.860897583102812,-1.1451021120726261
西藏自治区,2022Q3,2022,0.0,0,18.590059225461204,1.79,21.35,5.1,28.63,1.09,53.34,,0.0,0.0,,0.0,0.0,,0.0,0.0,,0.0,0.0,,0.0,0.0,-1.3257037162852585,-1.4114565262278214,-0.7341507858592827,-0.860897583102812,-1.1451021120726261
西藏自治区,2022Q4,2022,0.0,0,18.583018662662756,1.79,21.35,5.1,28.63,1.09,53.34,,0.0,0.0,,0.0,0.0,,0.0,0.0,,0.0,0.0,,0.0,0.0,-1.3257037162852585,-1.4114565262278214,-0.7341507858592827,-0.860897583102812,-1.1451021120726261
西藏自治区,2023Q1,2023,0.0,0,18.65962499002587,1.71,23.75,5.53,31.34,1.45,59.33,,0.0,0.0,,0.0,0.0,,0.0,0.0,,0.0,0.0,,0.0,0.0,-1.3257037162852585,-1.4114565262278214,-0.7341507858592827,-0.860897583102812,-1.1451021120726261
西藏自治区,2023Q2,2023,0.0,0,18.691522080618252,1.71,23.75,5.53,31.34,1.45,59.33,,0.0,0.0,,0.0,0.0,,0.0,0.0,,0.0,0.0,,0.0,0.0,-1.3257037162852585,-1.4114565262278214,-0.7341507858592827,-0.860897583102812,-1.1451021120726261
西藏自治区,2023Q3,2023,0.0,0,18.523055278029574,1.71,23.75,5.53,31.34,1.45,59.33,,0.0,0.0,,0.0,0.0,,0.0,0.0,,0.0,0.0,,0.0,0.0,-1.3257037162852585,-1.4114565262278214,-0.7341507858592827,-0.860897583102812,-1.1451021120726261
西藏自治区,2023Q4,2023,0.0,0,18.507869456644954,1.71,23.75,5.53,31.34,1.45,59.33,,0.0,0.0,,0.0,0.0,,0.0,0.0,,0.0,0.0,,0.0,0.0,-1.3257037162852585,-1.4114565262278214,-0.7341507858592827,-0.860897583102812,-1.1451021120726261
贵州省,2017Q1,2017,434323.0,1,20.062389363897786,160.1,19.06,4.81,206.47,18.69,4.4,0.0,0.0,0.0,1.0,1972160.0,434323.0,0.0,0.0,0.0,0.0,0.0,0.0,0.0,0.0,0.0,-1.3257037162852585,-1.4114565262278214,-0.7341507858592827,-0.860897583102812,-1.5255320597287403
贵州省,2017Q2,2017,218725.0,1,20.12706461366951,160.1,19.06,4.81,206.47,18.69,4.4,0.0,0.0,0.0,1.0,971040.0,218725.0,0.0,0.0,0.0,0.0,0.0,0.0,0.0,0.0,0.0,-1.3257037162852585,-1.4114565262278214,-0.7341507858592827,-0.860897583102812,-1.261032902274942
贵州省,2017Q3,2017,0.0,0,20.251403970525327,160.1,19.06,4.81,206.47,18.69,4.4,,0.0,0.0,,0.0,0.0,,0.0,0.0,,0.0,0.0,,0.0,0.0,-1.3257037162852585,-1.4114565262278214,-0.7341507858592827,-0.860897583102812,-1.1451021120726261
贵州省,2017Q4,2017,0.0,0,20.314728913395495,160.1,19.06,4.81,206.47,18.69,4.4,,0.0,0.0,,0.0,0.0,,0.0,0.0,,0.0,0.0,,0.0,0.0,-1.3257037162852585,-1.4114565262278214,-0.7341507858592827,-0.860897583102812,-1.1451021120726261
贵州省,2018Q1,2018,0.0,0,20.253587551966874,164.84,19.9,5.03,213.73,20.03,4.58,,0.0,0.0,,0.0,0.0,,0.0,0.0,,0.0,0.0,,0.0,0.0,-1.3257037162852585,-1.4114565262278214,-0.7341507858592827,-0.860897583102812,-1.1451021120726261
贵州省,2018Q2,2018,0.0,0,20.292149159644286,164.84,19.9,5.03,213.73,20.03,4.58,,0.0,0.0,,0.0,0.0,,0.0,0.0,,0.0,0.0,,0.0,0.0,-1.3257037162852585,-1.4114565262278214,-0.7341507858592827,-0.860897583102812,-1.1451021120726261
贵州省,2018Q3,2018,0.0,0,20.4151118114334,164.84,19.9,5.03,213.73,20.03,4.58,,0.0,0.0,,0.0,0.0,,0.0,0.0,,0.0,0.0,,0.0,0.0,-1.3257037162852585,-1.4114565262278214,-0.7341507858592827,-0.860897583102812,-1.1451021120726261
贵州省,2018Q4,2018,0.0,0,20.301463996238052,164.84,19.9,5.03,213.73,20.03,4.58,,0.0,0.0,,0.0,0.0,,0.0,0.0,,0.0,0.0,,0.0,0.0,-1.3257037162852585,-1.4114565262278214,-0.7341507858592827,-0.860897583102812,-1.1451021120726261
贵州省,2019Q1,2019,0.0,0,20.183673872704748,150.32,21.51,4.98,205.87,22.95,5.29,,0.0,0.0,,0.0,0.0,,0.0,0.0,,0.0,0.0,,0.0,0.0,-1.3257037162852585,-1.4114565262278214,-0.7341507858592827,-0.860897583102812,-1.1451021120726261
贵州省,2019Q2,2019,0.0,0,20.26532630962908,150.32,21.51,4.98,205.87,22.95,5.29,,0.0,0.0,,0.0,0.0,,0.0,0.0,,0.0,0.0,,0.0,0.0,-1.3257037162852585,-1.4114565262278214,-0.7341507858592827,-0.860897583102812,-1.1451021120726261
贵州省,2019Q3,2019,0.0,0,20.38545935824459,150.32,21.51,4.98,205.87,22.95,5.29,,0.0,0.0,,0.0,0.0,,0.0,0.0,,0.0,0.0,,0.0,0.0,-1.3257037162852585,-1.4114565262278214,-0.7341507858592827,-0.860897583102812,-1.1451021120726261
贵州省,2019Q4,2019,0.0,0,20.37989109014933,150.32,21.51,4.98,205.87,22.95,5.29,,0.0,0.0,,0.0,0.0,,0.0,0.0,,0.0,0.0,,0.0,0.0,-1.3257037162852585,-1.4114565262278214,-0.7341507858592827,-0.860897583102812,-1.1451021120726261
贵州省,2020Q1,2020,0.0,0,20.364866317345456,146.26,23.1,4.98,207.86,26.16,5.25,,0.0,0.0,,0.0,0.0,,0.0,0.0,,0.0,0.0,,0.0,0.0,-1.3257037162852585,-1.4114565262278214,-0.7341507858592827,-0.860897583102812,-1.1451021120726261
贵州省,2020Q2,2020,0.0,0,20.34729862254022,146.26,23.1,4.98,207.86,26.16,5.25,,0.0,0.0,,0.0,0.0,,0.0,0.0,,0.0,0.0,,0.0,0.0,-1.3257037162852585,-1.4114565262278214,-0.7341507858592827,-0.860897583102812,-1.1451021120726261
贵州省,2020Q3,2020,0.0,0,20.44936803314216,146.26,23.1,4.98,207.86,26.16,5.25,,0.0,0.0,,0.0,0.0,,0.0,0.0,,0.0,0.0,,0.0,0.0,-1.3257037162852585,-1.4114565262278214,-0.7341507858592827,-0.860897583102812,-1.1451021120726261
贵州省,2020Q4,2020,0.0,0,20.525393208038835,146.26,23.1,4.98,207.86,26.16,5.25,,0.0,0.0,,0.0,0.0,,0.0,0.0,,0.0,0.0,,0.0,0.0,-1.3257037162852585,-1.4114565262278214,-0.7341507858592827,-0.860897583102812,-1.1451021120726261
贵州省,2021Q1,2021,0.0,0,20.50026625282234,166.21,23.59,4.88,228.23,27.7,4.92,,0.0,0.0,,0.0,0.0,,0.0,0.0,,0.0,0.0,,0.0,0.0,-1.3257037162852585,-1.4114565262278214,-0.7341507858592827,-0.860897583102812,-1.1451021120726261
贵州省,2021Q2,2021,0.0,0,20.882796978483906,166.21,23.59,4.88,228.23,27.7,4.92,,0.0,0.0,,0.0,0.0,,0.0,0.0,,0.0,0.0,,0.0,0.0,-1.3257037162852585,-1.4114565262278214,-0.7341507858592827,-0.860897583102812,-1.1451021120726261
贵州省,2021Q3,2021,13200000.0,1,20.662390813932646,166.21,23.59,4.88,228.23,27.7,4.92,1.0,39982640.0,13200000.0,0.0,0.0,0.0,0.0,0.0,0.0,0.0,0.0,0.0,0.0,0.0,0.0,-1.3257037162852585,-1.4114565262278214,-1.1767758892856701,-0.860897583102812,-1.1451021120726261
贵州省,2021Q4,2021,0.0,0,20.662629347106012,166.21,23.59,4.88,228.23,27.7,4.92,,0.0,0.0,,0.0,0.0,,0.0,0.0,,0.0,0.0,,0.0,0.0,-1.3257037162852585,-1.4114565262278214,-0.7341507858592827,-0.860897583102812,-1.1451021120726261
贵州省,2022Q1,2022,12658026.0,1,20.592936615564717,178.85,22.84,4.68,241.03,33.57,3.73,1.0,39975280.0,12658026.0,0.0,0.0,0.0,0.0,0.0,0.0,0.0,0.0,0.0,0.0,0.0,0.0,-1.3257037162852585,-1.4114565262278214,-1.0209431171080396,-0.860897583102812,-1.1451021120726261
贵州省,2022Q2,2022,20050.0,1,20.61498651908002,178.85,22.84,4.68,241.03,33.57,3.73,0.0,0.0,0.0,1.0,49960.0,20050.0,0.0,0.0,0.0,0.0,0.0,0.0,0.0,0.0,0.0,-1.3257037162852585,-1.4114565262278214,-0.7341507858592827,-0.860897583102812,-0.9539883073655943
贵州省,2022Q3,2022,0.0,0,20.65494715522424,178.85,22.84,4.68,241.03,33.57,3.73,,0.0,0.0,,0.0,0.0,,0.0,0.0,,0.0,0.0,,0.0,0.0,-1.3257037162852585,-1.4114565262278214,-0.7341507858592827,-0.860897583102812,-1.1451021120726261
贵州省,2022Q4,2022,0.0,0,20.603567963321716,178.85,22.84,4.68,241.03,33.57,3.73,,0.0,0.0,,0.0,0.0,,0.0,0.0,,0.0,0.0,,0.0,0.0,-1.3257037162852585,-1.4114565262278214,-0.7341507858592827,-0.860897583102812,-1.1451021120726261
贵州省,2023Q1,2023,11324701.0,1,20.55881399529216,184.57,22.15,4.84,246.88,38.76,3.69,1.0,33575000.0,11324701.0,0.0,0.0,0.0,0.0,0.0,0.0,0.0,0.0,0.0,0.0,0.0,0.0,-1.3257037162852585,-1.4114565262278214,-1.1639361592327244,-0.860897583102812,-1.1451021120726261
贵州省,2023Q2,2023,9545443.0,1,20.579698570940153,184.57,22.15,4.84,246.88,38.76,3.69,0.9892025964640929,30018940.0,9442377.0,0.010797403535907133,249880.0,103066.0,0.0,0.0,0.0,0.0,0.0,0.0,0.0,0.0,0.0,-1.3257037162852585,-1.4114565262278214,-0.9128262089312791,-0.860897583102812,-0.9176172934846363
贵州省,2023Q3,2023,10966268.0,1,20.599486713013064,184.57,22.15,4.84,246.88,38.76,3.69,0.9808048645172633,39794880.0,10755769.0,0.0,0.0,0.0,0.0,0.0,0.0,0.0,0.0,0.0,0.019195135482736696,1014000.0,210499.0,-1.5453400446789334,-1.4114565262278214,-1.3319032112628255,-0.860897583102812,-1.1451021120726261
贵州省,2023Q4,2023,17926553.0,1,20.62484266308079,184.57,22.15,4.84,246.88,38.76,3.69,0.9763376707167295,64990300.0,17502369.0,0.02035037076006748,978700.0,364812.0,0.0,0.0,0.0,0.0,0.0,0.0,0.003311958523202983,286000.0,59372.0,-1.5990063130121992,-1.4114565262278214,-1.5154277506184244,-0.860897583102812,-1.1309258195394587
辽宁省,2017Q1,2017,50384652.0,1,23.192751498530825,220.9,25.11,7.02,385.39,270.43,119.71,0.05555215504912091,2772590.0,2798976.0,0.004393123524997255,996180.0,221346.0,0.0,0.0,0.0,0.0,0.0,0.0,0.9400547214258819,188741700.0,47364330.0,-1.5309288180218181,-1.4114565262278214,-0.26631794844879897,-0.860897583102812,-1.5402317263384988
辽宁省,2017Q2,2017,74840062.0,1,23.200009052224075,220.9,25.11,7.02,385.39,270.43,119.71,0.0006320278035044921,25700.0,47301.0,0.009380817990236299,3100640.0,702061.0,0.0,0.0,0.0,0.0,0.0,0.0,0.9899871542062592,337937000.0,74090700.0,-1.5159454439449718,-1.4114565262278214,0.3621059304384361,-0.860897583102812,-1.2757325688847008
辽宁省,2017Q3,2017,12957490.0,1,23.23633569834392,220.9,25.11,7.02,385.39,270.43,119.71,0.006130662651485743,36000.0,79438.0,0.05292629976947696,2794500.0,685792.0,0.0,0.0,0.0,0.0,0.0,0.0,0.9409430375790373,55136300.0,12192260.0,-1.556410104256367,-1.4114565262278214,-0.5194189383914464,-0.860897583102812,-1.4800186440706649
辽宁省,2017Q4,2017,77243552.0,1,23.31447318186584,220.9,25.11,7.02,385.39,270.43,119.71,0.005656213220230991,198000.0,436906.0,0.0027164209123889073,917540.0,209826.0,0.0,0.0,0.0,0.0,0.0,0.0,0.9916273658673801,327501100.0,76596820.0,-1.416256392503775,-1.4114565262278214,-0.3160314824684624,-0.860897583102812,-1.4385137013868845
辽宁省,2018Q1,2018,29204757.0,1,23.37606956659239,210.1,27.5,6.6,377.12,297.2,131.8,0.0032624137225315724,76000.0,95278.0,0.020650471428336144,2550887.0,603092.0,0.0,0.0,0.0,0.0,0.0,0.0,0.9760871148491322,114347160.0,28506387.0,-1.378771160201755,-1.4114565262278214,-0.7277309596282437,-0.860897583102812,-1.321801820160421
辽宁省,2018Q2,2018,96255421.0,1,23.419630583006317,210.1,27.5,6.6,377.12,297.2,131.8,0.00755781848380259,2010851.0,727481.0,0.05687908216618781,19297240.0,5474920.0,0.0,0.0,0.0,0.0,0.0,0.0,0.9355630993500096,362502400.0,90053020.0,-1.3505195658545637,-1.4114565262278214,-0.6927579022301158,-0.860897583102812,-1.2008734016918527
辽宁省,2018Q3,2018,44389270.0,1,23.491070284702865,210.1,27.5,6.6,377.12,297.2,131.8,0.021796100724341717,2582000.0,967513.0,0.10113885630468805,14481150.0,4489480.0,0.0,0.0,0.0,0.0,0.0,0.0,0.8770650429709702,146504580.0,38932277.0,-1.2976621178221555,-1.4114565262278214,0.1283348184166761,-0.860897583102812,-1.028862654343332
辽宁省,2018Q4,2018,52010622.0,1,23.462251911674855,210.1,27.5,6.6,377.12,297.2,131.8,0.010907002804157967,1356078.0,567280.0,0.003101712569405534,494890.0,161322.0,0.0,0.0,0.0,0.0,0.0,0.0,0.9859912846264365,186027800.0,51282020.0,-1.239219129152489,-1.4114565262278214,-1.0134736739381938,-0.860897583102812,-1.1251603882891708
辽宁省,2019Q1,2019,104169010.0,1,23.356901977177326,189.4,29.6,6.81,367.89,307.9,133.9,0.0037198203189221057,1244000.0,387490.0,0.0,0.0,0.0,0.0,0.0,0.0,0.0,0.0,0.0,0.9962801796810778,359154500.0,103781520.0,-1.2094379951110763,-1.4114565262278214,-0.4409858096033521,-0.860897583102812,-1.1451021120726261
辽宁省,2019Q2,2019,73582206.0,1,23.42182994374998,189.4,29.6,6.81,367.89,307.9,133.9,0.0031980014298565607,128379.0,235316.0,0.0,0.0,0.0,0.0,0.0,0.0,0.0003551266185197003,133500.0,26131.0,0.9964468719516237,274379600.0,73320759.0,-1.2108330942596643,-1.4114565262278214,-0.7562597985460965,-0.7099018175564065,-1.1451021120726261
辽宁省,2019Q3,2019,48169968.0,1,23.425239572051616,189.4,29.6,6.81,367.89,307.9,133.9,0.010206047884441193,1777000.0,491625.0,0.024828187554536054,4482770.0,1195973.0,0.0,0.0,0.0,0.0,0.0,0.0,0.9649657645610228,182480640.0,46482370.0,-1.3162547616233877,-1.4114565262278214,-0.8355074809630969,-0.860897583102812,-1.27090794061711
辽宁省,2019Q4,2019,42234717.0,1,23.441188895472365,189.4,29.6,6.81,367.89,307.9,133.9,0.026971578855376252,4000029.0,1139137.0,0.0,0.0,0.0,0.0,0.0,0.0,0.0,0.0,0.0,0.9730284211446237,164513000.0,41095580.0,-1.3418032234880442,-1.4114565262278214,-1.0240500046569827,-0.860897583102812,-1.1451021120726261
辽宁省,2020Q1,2020,59827413.0,1,23.72319673047767,183.53,31.0,6.86,378.19,331.9,136.7,0.003497142689422322,258876.0,209225.0,0.0,0.0,0.0,0.0,0.0,0.0,1.3371796637772054e-06,4.0,80.0,0.9965015201309139,236398709.0,59618108.0,-1.3566716748425225,-1.4114565262278214,-0.9358258560927214,-0.29834331252741153,-1.1451021120726261
辽宁省,2020Q2,2020,85929891.0,1,23.34367880231105,183.53,31.0,6.86,378.19,331.9,136.7,0.014402264283100277,6175261.0,1237585.0,0.0,0.0,0.0,0.0,0.0,0.0,0.000533004283689828,193688.0,45801.0,0.9850647314332099,324893430.0,84646505.0,-1.3733918063454478,-1.4114565262278214,-0.7294598654835355,-0.6596522858555354,-1.1451021120726261
辽宁省,2020Q3,2020,38201130.0,1,23.394263562635594,183.53,31.0,6.86,378.19,331.9,136.7,0.030570221352090893,4192930.0,1167817.0,0.02946033271790651,4006920.0,1125418.0,0.0,0.0,0.0,0.0,0.0,0.0,0.9399694459300026,147691670.0,35907895.0,-1.4344825382662452,-1.4114565262278214,-0.5742622283549128,-0.860897583102812,-1.0485192753849246
辽宁省,2020Q4,2020,49018167.0,1,23.3661318379646,183.53,31.0,6.86,378.19,331.9,136.7,0.004679611948769933,733700.0,229386.0,0.008711464057805344,1495840.0,427020.0,0.0,0.0,0.0,0.0,0.0,0.0,0.9866089239934247,196810150.0,48361761.0,-1.4012354650975756,-1.4114565262278214,-0.4228897143148217,-0.860897583102812,-1.28769594865769
辽宁省,2021Q1,2021,51406581.0,1,23.497159124114646,238.77,31.5,6.87,435.41,325.26,138.89,0.04366388420190792,8484400.0,2244611.0,0.023324153769339377,3401740.0,1199015.0,0.0,0.0,0.0,0.0,0.0,0.0,0.9330119620287527,173795760.0,47962955.0,-1.284836362159024,-1.4114565262278214,-0.8855699466269071,-0.860897583102812,-1.1939247229249383
辽宁省,2021Q2,2021,110457580.0,1,23.895553713137502,238.77,31.5,6.87,435.41,325.26,138.89,0.0020958090879774844,424440.0,231498.0,0.027232499571328648,9434464.0,3008036.0,0.0,0.0,0.0,0.0,0.0,0.0,0.9706716913406939,371768183.0,107218046.0,-1.2011287436565585,-1.4114565262278214,-0.5568750889501084,-0.860897583102812,-1.2844410521481835
辽宁省,2021Q3,2021,68125378.0,1,23.662226771749122,238.77,31.5,6.87,435.41,325.26,138.89,0.26697418104601195,55841720.0,18187717.0,0.026286033965198696,6034950.0,1790746.0,0.0,0.0,0.0,0.0,0.0,0.0,0.7067397849887893,153645770.0,48146915.0,-1.1688732584668171,-1.4114565262278214,-0.5214162163963928,-0.860897583102812,-1.2780943778305869
辽宁省,2021Q4,2021,42725199.0,1,23.70914512413404,238.77,31.5,6.87,435.41,325.26,138.89,0.0,0.0,0.0,0.012156058067745923,1748450.0,519370.0,0.0,0.0,0.0,0.0007981238425595163,103430.0,34100.0,0.9870458180896946,130445145.0,42171729.0,-1.1371685681960553,-1.4114565262278214,-0.7341507858592827,-0.5784102107194249,-1.2449754312992054
辽宁省,2022Q1,2022,40019337.0,1,23.69022783970462,242.57,32.35,6.66,446.21,315.83,134.67,0.0,0.0,0.0,0.020615309044225295,2450880.0,825011.0,0.0,0.0,0.0,0.00830468530750522,991420.0,332348.0,0.9710800056482695,119934345.0,38861978.0,-1.0695880746671649,-1.4114565262278214,-0.7341507858592827,-0.5373975250504492,-1.0925606695864993
辽宁省,2022Q2,2022,136848474.0,1,23.74781412133545,242.57,32.35,6.66,446.21,315.83,134.67,0.0017641117430363161,126000.0,241416.0,0.04964911044605437,19096640.0,6794405.0,0.0,0.0,0.0,0.0,0.0,0.0,0.9485867778109093,363751500.0,129812653.0,-0.9939352199314984,-1.4114565262278214,-0.5397761792385665,-0.860897583102812,-0.9686879739753529
辽宁省,2022Q3,2022,95058083.0,1,23.722267823927435,242.57,32.35,6.66,446.21,315.83,134.67,0.000748310903766069,36000.0,71133.0,0.04706970579240484,12043930.0,4474356.0,0.0,0.0,0.0,0.0,0.0,0.0,0.9521819833038291,198519900.0,90512594.0,-0.956446961766602,-1.4114565262278214,0.4066209222888788,-0.860897583102812,-1.1443951984760017
辽宁省,2022Q4,2022,26579296.0,1,23.694052860077417,242.57,32.35,6.66,446.21,315.83,134.67,0.04391752889166064,3354000.0,1167297.0,0.09167492622829439,6792540.0,2436655.0,0.0,0.0,0.0,0.0,0.0,0.0,0.864407544880045,58429800.0,22975344.0,-0.9111120915438261,-1.4114565262278214,-0.792742914426387,-0.860897583102812,-1.1493816884342496
辽宁省,2023Q1,2023,163134382.0,1,23.61990166959967,249.1,32.05,6.79,473.71,311.8,135.37,0.038030309269814135,18178920.0,6204051.0,0.020721879462540276,9015290.0,3380451.0,0.0,0.0,0.0,0.0,0.0,0.0,0.9412478112676456,375625800.0,153549880.0,-0.9007796916511818,-1.4114565262278214,-0.49263524396643604,-0.860897583102812,-1.02092550649684
辽宁省,2023Q2,2023,169100043.0,1,23.644206042472128,249.1,32.05,6.79,473.71,311.8,135.37,0.03499776165048048,17622150.0,5918123.0,0.0889922363887276,39645670.0,15048591.0,0.0,0.0,0.0,0.0,0.0,0.0,0.8760100019607919,385028306.0,148133329.0,-0.9903019534599823,-1.4114565262278214,-0.390094101360801,-0.860897583102812,-0.9323169600943948
辽宁省,2023Q3,2023,63791275.0,1,23.653055736419077,249.1,32.05,6.79,473.71,311.8,135.37,0.015373309280932227,2162000.0,980683.0,0.036435108092760335,6641160.0,2324242.0,0.0,0.0,0.0,0.0,0.0,0.0,0.9481915826263074,171796960.0,60486350.0,-1.1472794084685014,-1.4114565262278214,-0.6529251470832931,-0.860897583102812,-1.084708029965223
辽宁省,2023Q4,2023,50097504.0,1,23.710266604585975,249.1,32.05,6.79,473.71,311.8,135.37,0.007395637914415856,690840.0,370503.0,0.025558259349607516,3839060.0,1280405.0,0.0,0.0,0.0,0.005181914851486414,1612000.0,259601.0,0.9618641878844902,153502130.0,48186995.0,-1.181145552076597,-1.4114565262278214,-0.9757662475991135,-1.3221227990909816,-1.1456254861492174
重庆市,2017Q1,2017,0.0,0,22.357633587758873,129.97,7.29,6.8,180.56,40.31,5.06,,0.0,0.0,,0.0,0.0,,0.0,0.0,,0.0,0.0,,0.0,0.0,-1.3257037162852585,-1.4114565262278214,-0.7341507858592827,-0.860897583102812,-1.1451021120726261
重庆市,2017Q2,2017,0.0,0,22.42162205254114,129.97,7.29,6.8,180.56,40.31,5.06,,0.0,0.0,,0.0,0.0,,0.0,0.0,,0.0,0.0,,0.0,0.0,-1.3257037162852585,-1.4114565262278214,-0.7341507858592827,-0.860897583102812,-1.1451021120726261
重庆市,2017Q3,2017,0.0,0,22.523902992304,129.97,7.29,6.8,180.56,40.31,5.06,,0.0,0.0,,0.0,0.0,,0.0,0.0,,0.0,0.0,,0.0,0.0,-1.3257037162852585,-1.4114565262278214,-0.7341507858592827,-0.860897583102812,-1.1451021120726261
重庆市,2017Q4,2017,0.0,0,22.579587182232714,129.97,7.29,6.8,180.56,40.31,5.06,,0.0,0.0,,0.0,0.0,,0.0,0.0,,0.0,0.0,,0.0,0.0,-1.3257037162852585,-1.4114565262278214,-0.7341507858592827,-0.860897583102812,-1.1451021120726261
重庆市,2018Q1,2018,0.0,0,22.531006680112256,132.16,7.2,6.76,182.25,41.46,4.89,,0.0,0.0,,0.0,0.0,,0.0,0.0,,0.0,0.0,,0.0,0.0,-1.3257037162852585,-1.4114565262278214,-0.7341507858592827,-0.860897583102812,-1.1451021120726261
重庆市,2018Q2,2018,0.0,0,22.594221164335345,132.16,7.2,6.76,182.25,41.46,4.89,,0.0,0.0,,0.0,0.0,,0.0,0.0,,0.0,0.0,,0.0,0.0,-1.3257037162852585,-1.4114565262278214,-0.7341507858592827,-0.860897583102812,-1.1451021120726261
重庆市,2018Q3,2018,2878798.0,1,22.6893272799929,132.16,7.2,6.76,182.25,41.46,4.89,0.0,0.0,0.0,1.0,8875080.0,2878798.0,0.0,0.0,0.0,0.0,0.0,0.0,0.0,0.0,0.0,-1.3257037162852585,-1.4114565262278214,-0.7341507858592827,-0.860897583102812,-1.0495289992159407
重庆市,2018Q4,2018,339384.0,1,22.57038033785948,132.16,7.2,6.76,182.25,41.46,4.89,0.0,0.0,0.0,1.0,988920.0,339384.0,0.0,0.0,0.0,0.0,0.0,0.0,0.0,0.0,0.0,-1.3257037162852585,-1.4114565262278214,-0.7341507858592827,-0.860897583102812,-1.1458267331617797
重庆市,2019Q1,2019,0.0,0,22.452362050106064,112.07,7.26,6.77,163.81,43.52,4.19,,0.0,0.0,,0.0,0.0,,0.0,0.0,,0.0,0.0,,0.0,0.0,-1.3257037162852585,-1.4114565262278214,-0.7341507858592827,-0.860897583102812,-1.1451021120726261
重庆市,2019Q2,2019,0.0,0,22.532404720815705,112.07,7.26,6.77,163.81,43.52,4.19,,0.0,0.0,,0.0,0.0,,0.0,0.0,,0.0,0.0,,0.0,0.0,-1.3257037162852585,-1.4114565262278214,-0.7341507858592827,-0.860897583102812,-1.1451021120726261
重庆市,2019Q3,2019,0.0,0,22.595481344942996,112.07,7.26,6.77,163.81,43.52,4.19,,0.0,0.0,,0.0,0.0,,0.0,0.0,,0.0,0.0,,0.0,0.0,-1.3257037162852585,-1.4114565262278214,-0.7341507858592827,-0.860897583102812,-1.1451021120726261
重庆市,2019Q4,2019,0.0,0,22.605480256914937,112.07,7.26,6.77,163.81,43.52,4.19,,0.0,0.0,,0.0,0.0,,0.0,0.0,,0.0,0.0,,0.0,0.0,-1.3257037162852585,-1.4114565262278214,-0.7341507858592827,-0.860897583102812,-1.1451021120726261
重庆市,2020Q1,2020,0.0,0,22.52759281939996,108.82,7.36,6.82,161.2,45.72,3.21,,0.0,0.0,,0.0,0.0,,0.0,0.0,,0.0,0.0,,0.0,0.0,-1.3257037162852585,-1.4114565262278214,-0.7341507858592827,-0.860897583102812,-1.1451021120726261
重庆市,2020Q2,2020,0.0,0,22.546574648127994,108.82,7.36,6.82,161.2,45.72,3.21,,0.0,0.0,,0.0,0.0,,0.0,0.0,,0.0,0.0,,0.0,0.0,-1.3257037162852585,-1.4114565262278214,-0.7341507858592827,-0.860897583102812,-1.1451021120726261
重庆市,2020Q3,2020,52207.0,1,22.704404720624332,108.82,7.36,6.82,161.2,45.72,3.21,0.0,0.0,0.0,0.0,0.0,0.0,0.0,0.0,0.0,0.0,0.0,0.0,1.0,226850.0,52207.0,-1.456111203116695,-1.4114565262278214,-0.7341507858592827,-0.860897583102812,-1.1451021120726261
重庆市,2020Q4,2020,1073953.0,1,22.72673516229358,108.82,7.36,6.82,161.2,45.72,3.21,0.0,0.0,0.0,0.0,0.0,0.0,0.0,0.0,0.0,0.0,0.0,0.0,1.0,4297756.0,1073953.0,-1.4565879432796767,-1.4114565262278214,-0.7341507858592827,-0.860897583102812,-1.1451021120726261
重庆市,2021Q1,2021,403562.0,1,22.71099381543965,142.01,7.63,6.93,196.59,47.87,3.07,0.0,0.0,0.0,0.0,0.0,0.0,0.0,0.0,0.0,0.0,0.0,0.0,1.0,1623920.0,403562.0,-1.332225996247157,-1.4114565262278214,-0.7341507858592827,-0.860897583102812,-1.1451021120726261
重庆市,2021Q2,2021,9892094.0,1,23.090269045651496,142.01,7.63,6.93,196.59,47.87,3.07,0.0,0.0,0.0,0.0,0.0,0.0,0.0,0.0,0.0,0.0,0.0,0.0,1.0,34043792.0,9892094.0,-1.239074041096375,-1.4114565262278214,-0.7341507858592827,-0.860897583102812,-1.1451021120726261
重庆市,2021Q3,2021,0.0,0,22.840480042361335,142.01,7.63,6.93,196.59,47.87,3.07,,0.0,0.0,,0.0,0.0,,0.0,0.0,,0.0,0.0,,0.0,0.0,-1.3257037162852585,-1.4114565262278214,-0.7341507858592827,-0.860897583102812,-1.1451021120726261
重庆市,2021Q4,2021,0.0,0,22.85988989476995,142.01,7.63,6.93,196.59,47.87,3.07,,0.0,0.0,,0.0,0.0,,0.0,0.0,,0.0,0.0,,0.0,0.0,-1.3257037162852585,-1.4114565262278214,-0.7341507858592827,-0.860897583102812,-1.1451021120726261
重庆市,2022Q1,2022,0.0,0,22.775338663193228,149.96,7.95,6.89,205.27,50.5,3.19,,0.0,0.0,,0.0,0.0,,0.0,0.0,,0.0,0.0,,0.0,0.0,-1.3257037162852585,-1.4114565262278214,-0.7341507858592827,-0.860897583102812,-1.1451021120726261
重庆市,2022Q2,2022,0.0,0,22.759218052002197,149.96,7.95,6.89,205.27,50.5,3.19,,0.0,0.0,,0.0,0.0,,0.0,0.0,,0.0,0.0,,0.0,0.0,-1.3257037162852585,-1.4114565262278214,-0.7341507858592827,-0.860897583102812,-1.1451021120726261
重庆市,2022Q3,2022,0.0,0,22.77199007310008,149.96,7.95,6.89,205.27,50.5,3.19,,0.0,0.0,,0.0,0.0,,0.0,0.0,,0.0,0.0,,0.0,0.0,-1.3257037162852585,-1.4114565262278214,-0.7341507858592827,-0.860897583102812,-1.1451021120726261
重庆市,2022Q4,2022,0.0,0,22.700875730736705,149.96,7.95,6.89,205.27,50.5,3.19,,0.0,0.0,,0.0,0.0,,0.0,0.0,,0.0,0.0,,0.0,0.0,-1.3257037162852585,-1.4114565262278214,-0.7341507858592827,-0.860897583102812,-1.1451021120726261
重庆市,2023Q1,2023,0.0,0,22.57759583152064,158.21,8.51,6.89,215.82,53.08,3.05,,0.0,0.0,,0.0,0.0,,0.0,0.0,,0.0,0.0,,0.0,0.0,-1.3257037162852585,-1.4114565262278214,-0.7341507858592827,-0.860897583102812,-1.1451021120726261
重庆市,2023Q2,2023,0.0,0,22.631940971852107,158.21,8.51,6.89,215.82,53.08,3.05,,0.0,0.0,,0.0,0.0,,0.0,0.0,,0.0,0.0,,0.0,0.0,-1.3257037162852585,-1.4114565262278214,-0.7341507858592827,-0.860897583102812,-1.1451021120726261
重庆市,2023Q3,2023,0.0,0,22.685906587536337,158.21,8.51,6.89,215.82,53.08,3.05,,0.0,0.0,,0.0,0.0,,0.0,0.0,,0.0,0.0,,0.0,0.0,-1.3257037162852585,-1.4114565262278214,-0.7341507858592827,-0.860897583102812,-1.1451021120726261
重庆市,2023Q4,2023,330586.0,1,22.74511487995032,158.21,8.51,6.89,215.82,53.08,3.05,0.7300793137035446,812473.0,241354.0,0.0,0.0,0.0,0.2699206862964554,295000.0,89232.0,0.0,0.0,0.0,0.0,0.0,0.0,-1.3257037162852585,-1.195735636692611,-1.2138179474722814,-0.860897583102812,-1.1451021120726261
陕西省,2017Q1,2017,0.0,0,21.90959115593486,85.83,8.33,9.8,113.41,60.08,107.28,,0.0,0.0,,0.0,0.0,,0.0,0.0,,0.0,0.0,,0.0,0.0,-1.3257037162852585,-1.4114565262278214,-0.7341507858592827,-0.860897583102812,-1.1451021120726261
陕西省,2017Q2,2017,0.0,0,21.995813616318912,85.83,8.33,9.8,113.41,60.08,107.28,,0.0,0.0,,0.0,0.0,,0.0,0.0,,0.0,0.0,,0.0,0.0,-1.3257037162852585,-1.4114565262278214,-0.7341507858592827,-0.860897583102812,-1.1451021120726261
陕西省,2017Q3,2017,0.0,0,22.131351054475534,85.83,8.33,9.8,113.41,60.08,107.28,,0.0,0.0,,0.0,0.0,,0.0,0.0,,0.0,0.0,,0.0,0.0,-1.3257037162852585,-1.4114565262278214,-0.7341507858592827,-0.860897583102812,-1.1451021120726261
陕西省,2017Q4,2017,0.0,0,22.199817693880927,85.83,8.33,9.8,113.41,60.08,107.28,,0.0,0.0,,0.0,0.0,,0.0,0.0,,0.0,0.0,,0.0,0.0,-1.3257037162852585,-1.4114565262278214,-0.7341507858592827,-0.860897583102812,-1.1451021120726261
陕西省,2018Q1,2018,0.0,0,22.111579419133808,86.57,8.24,9.57,114.45,61.58,109.75,,0.0,0.0,,0.0,0.0,,0.0,0.0,,0.0,0.0,,0.0,0.0,-1.3257037162852585,-1.4114565262278214,-0.7341507858592827,-0.860897583102812,-1.1451021120726261
陕西省,2018Q2,2018,0.0,0,22.17567877999115,86.57,8.24,9.57,114.45,61.58,109.75,,0.0,0.0,,0.0,0.0,,0.0,0.0,,0.0,0.0,,0.0,0.0,-1.3257037162852585,-1.4114565262278214,-0.7341507858592827,-0.860897583102812,-1.1451021120726261
陕西省,2018Q3,2018,0.0,0,22.296335167403427,86.57,8.24,9.57,114.45,61.58,109.75,,0.0,0.0,,0.0,0.0,,0.0,0.0,,0.0,0.0,,0.0,0.0,-1.3257037162852585,-1.4114565262278214,-0.7341507858592827,-0.860897583102812,-1.1451021120726261
陕西省,2018Q4,2018,0.0,0,22.175978652120442,86.57,8.24,9.57,114.45,61.58,109.75,,0.0,0.0,,0.0,0.0,,0.0,0.0,,0.0,0.0,,0.0,0.0,-1.3257037162852585,-1.4114565262278214,-0.7341507858592827,-0.860897583102812,-1.1451021120726261
陕西省,2019Q1,2019,15.0,1,22.028738837278667,80.94,8.49,9.25,109.53,64.11,107.77,0.0,0.0,0.0,0.0,0.0,0.0,0.0,0.0,0.0,1.0,2.0,15.0,0.0,0.0,0.0,-1.3257037162852585,-1.4114565262278214,-0.7341507858592827,2.014903020542272,-1.1451021120726261
陕西省,2019Q2,2019,0.0,0,22.11447640025126,80.94,8.49,9.25,109.53,64.11,107.77,,0.0,0.0,,0.0,0.0,,0.0,0.0,,0.0,0.0,,0.0,0.0,-1.3257037162852585,-1.4114565262278214,-0.7341507858592827,-0.860897583102812,-1.1451021120726261
陕西省,2019Q3,2019,0.0,0,22.227373040928065,80.94,8.49,9.25,109.53,64.11,107.77,,0.0,0.0,,0.0,0.0,,0.0,0.0,,0.0,0.0,,0.0,0.0,-1.3257037162852585,-1.4114565262278214,-0.7341507858592827,-0.860897583102812,-1.1451021120726261
陕西省,2019Q4,2019,0.0,0,22.240289982191104,80.94,8.49,9.25,109.53,64.11,107.77,,0.0,0.0,,0.0,0.0,,0.0,0.0,,0.0,0.0,,0.0,0.0,-1.3257037162852585,-1.4114565262278214,-0.7341507858592827,-0.860897583102812,-1.1451021120726261
陕西省,2020Q1,2020,200.0,1,22.152102033903223,77.7,8.7,9.71,107.09,64.21,108.65,1.0,2.0,200.0,0.0,0.0,0.0,0.0,0.0,0.0,0.0,0.0,0.0,0.0,0.0,0.0,-1.3257037162852585,-1.4114565262278214,4.675945133199145,-0.860897583102812,-1.1451021120726261
陕西省,2020Q2,2020,0.0,0,22.203066184018002,77.7,8.7,9.71,107.09,64.21,108.65,,0.0,0.0,,0.0,0.0,,0.0,0.0,,0.0,0.0,,0.0,0.0,-1.3257037162852585,-1.4114565262278214,-0.7341507858592827,-0.860897583102812,-1.1451021120726261
陕西省,2020Q3,2020,0.0,0,22.32760292891245,77.7,8.7,9.71,107.09,64.21,108.65,,0.0,0.0,,0.0,0.0,,0.0,0.0,,0.0,0.0,,0.0,0.0,-1.3257037162852585,-1.4114565262278214,-0.7341507858592827,-0.860897583102812,-1.1451021120726261
陕西省,2020Q4,2020,0.0,0,22.382682707887195,77.7,8.7,9.71,107.09,64.21,108.65,,0.0,0.0,,0.0,0.0,,0.0,0.0,,0.0,0.0,,0.0,0.0,-1.3257037162852585,-1.4114565262278214,-0.7341507858592827,-0.860897583102812,-1.1451021120726261
陕西省,2021Q1,2021,0.0,0,22.341082897982986,97.6,8.95,10.15,127.97,63.4,104.6,,0.0,0.0,,0.0,0.0,,0.0,0.0,,0.0,0.0,,0.0,0.0,-1.3257037162852585,-1.4114565262278214,-0.7341507858592827,-0.860897583102812,-1.1451021120726261
陕西省,2021Q2,2021,0.0,0,22.718812553732683,97.6,8.95,10.15,127.97,63.4,104.6,,0.0,0.0,,0.0,0.0,,0.0,0.0,,0.0,0.0,,0.0,0.0,-1.3257037162852585,-1.4114565262278214,-0.7341507858592827,-0.860897583102812,-1.1451021120726261
陕西省,2021Q3,2021,0.0,0,22.498390428826998,97.6,8.95,10.15,127.97,63.4,104.6,,0.0,0.0,,0.0,0.0,,0.0,0.0,,0.0,0.0,,0.0,0.0,-1.3257037162852585,-1.4114565262278214,-0.7341507858592827,-0.860897583102812,-1.1451021120726261
陕西省,2021Q4,2021,271114.0,1,22.519040823007064,97.6,8.95,10.15,127.97,63.4,104.6,0.0,0.0,0.0,0.0,0.0,0.0,0.0,0.0,0.0,0.0,0.0,0.0,1.0,1106600.0,271114.0,-1.5167143268626604,-1.4114565262278214,-0.7341507858592827,-0.860897583102812,-1.1451021120726261
陕西省,2022Q1,2022,0.0,0,22.42239717533339,101.56,8.93,10.2,132.09,63.62,107.85,,0.0,0.0,,0.0,0.0,,0.0,0.0,,0.0,0.0,,0.0,0.0,-1.3257037162852585,-1.4114565262278214,-0.7341507858592827,-0.860897583102812,-1.1451021120726261
陕西省,2022Q2,2022,0.0,0,22.419378436185742,101.56,8.93,10.2,132.09,63.62,107.85,,0.0,0.0,,0.0,0.0,,0.0,0.0,,0.0,0.0,,0.0,0.0,-1.3257037162852585,-1.4114565262278214,-0.7341507858592827,-0.860897583102812,-1.1451021120726261
陕西省,2022Q3,2022,0.0,0,22.450806354670664,101.56,8.93,10.2,132.09,63.62,107.85,,0.0,0.0,,0.0,0.0,,0.0,0.0,,0.0,0.0,,0.0,0.0,-1.3257037162852585,-1.4114565262278214,-0.7341507858592827,-0.860897583102812,-1.1451021120726261
陕西省,2022Q4,2022,0.0,0,22.377811799776325,101.56,8.93,10.2,132.09,63.62,107.85,,0.0,0.0,,0.0,0.0,,0.0,0.0,,0.0,0.0,,0.0,0.0,-1.3257037162852585,-1.4114565262278214,-0.7341507858592827,-0.860897583102812,-1.1451021120726261
陕西省,2023Q1,2023,0.0,0,22.24910738170177,104.5,8.97,10.36,135.66,65.2,109.1,,0.0,0.0,,0.0,0.0,,0.0,0.0,,0.0,0.0,,0.0,0.0,-1.3257037162852585,-1.4114565262278214,-0.7341507858592827,-0.860897583102812,-1.1451021120726261
陕西省,2023Q2,2023,344905.0,1,22.2757309358213,104.5,8.97,10.36,135.66,65.2,109.1,0.0,0.0,0.0,0.0,0.0,0.0,0.0,0.0,0.0,0.0,0.0,0.0,1.0,1325000.0,344905.0,-1.38629876524534,-1.4114565262278214,-0.7341507858592827,-0.860897583102812,-1.1451021120726261
陕西省,2023Q3,2023,816563.0,1,22.33164049762876,104.5,8.97,10.36,135.66,65.2,109.1,0.0,0.0,0.0,0.0,0.0,0.0,0.0,0.0,0.0,0.0,0.0,0.0,1.0,4082000.0,816563.0,-1.5586828369775845,-1.4114565262278214,-0.7341507858592827,-0.860897583102812,-1.1451021120726261
陕西省,2023Q4,2023,3791153.0,1,22.395429553450423,104.5,8.97,10.36,135.66,65.2,109.1,4.062088762969999e-05,1.0,154.0,0.0,0.0,0.0,0.0,0.0,0.0,0.0,0.0,0.0,0.9999593791123703,20900500.0,3790999.0,-1.6070927110835382,-1.4114565262278214,4.540692718693199,-0.860897583102812,-1.1451021120726261
青海省,2017Q1,2017,0.0,0,17.691408479084377,8.67,12.86,12.68,35.3,2.46,32.43,,0.0,0.0,,0.0,0.0,,0.0,0.0,,0.0,0.0,,0.0,0.0,-1.3257037162852585,-1.4114565262278214,-0.7341507858592827,-0.860897583102812,-1.1451021120726261
青海省,2017Q2,2017,0.0,0,17.794731003021546,8.67,12.86,12.68,35.3,2.46,32.43,,0.0,0.0,,0.0,0.0,,0.0,0.0,,0.0,0.0,,0.0,0.0,-1.3257037162852585,-1.4114565262278214,-0.7341507858592827,-0.860897583102812,-1.1451021120726261
青海省,2017Q3,2017,0.0,0,17.857199426023282,8.67,12.86,12.68,35.3,2.46,32.43,,0.0,0.0,,0.0,0.0,,0.0,0.0,,0.0,0.0,,0.0,0.0,-1.3257037162852585,-1.4114565262278214,-0.7341507858592827,-0.860897583102812,-1.1451021120726261
青海省,2017Q4,2017,0.0,0,17.96863782899355,8.67,12.86,12.68,35.3,2.46,32.43,,0.0,0.0,,0.0,0.0,,0.0,0.0,,0.0,0.0,,0.0,0.0,-1.3257037162852585,-1.4114565262278214,-0.7341507858592827,-0.860897583102812,-1.1451021120726261
青海省,2018Q1,2018,0.0,0,17.86908658114606,9.15,13.18,13.12,36.53,2.33,32.57,,0.0,0.0,,0.0,0.0,,0.0,0.0,,0.0,0.0,,0.0,0.0,-1.3257037162852585,-1.4114565262278214,-0.7341507858592827,-0.860897583102812,-1.1451021120726261
青海省,2018Q2,2018,0.0,0,17.996462987314448,9.15,13.18,13.12,36.53,2.33,32.57,,0.0,0.0,,0.0,0.0,,0.0,0.0,,0.0,0.0,,0.0,0.0,-1.3257037162852585,-1.4114565262278214,-0.7341507858592827,-0.860897583102812,-1.1451021120726261
青海省,2018Q3,2018,0.0,0,17.99449631717967,9.15,13.18,13.12,36.53,2.33,32.57,,0.0,0.0,,0.0,0.0,,0.0,0.0,,0.0,0.0,,0.0,0.0,-1.3257037162852585,-1.4114565262278214,-0.7341507858592827,-0.860897583102812,-1.1451021120726261
青海省,2018Q4,2018,0.0,0,17.916966570630954,9.15,13.18,13.12,36.53,2.33,32.57,,0.0,0.0,,0.0,0.0,,0.0,0.0,,0.0,0.0,,0.0,0.0,-1.3257037162852585,-1.4114565262278214,-0.7341507858592827,-0.860897583102812,-1.1451021120726261
青海省,2019Q1,2019,0.0,0,17.7553479505384,7.7,14.63,13.93,37.41,2.34,34.87,,0.0,0.0,,0.0,0.0,,0.0,0.0,,0.0,0.0,,0.0,0.0,-1.3257037162852585,-1.4114565262278214,-0.7341507858592827,-0.860897583102812,-1.1451021120726261
青海省,2019Q2,2019,0.0,0,17.91144307367653,7.7,14.63,13.93,37.41,2.34,34.87,,0.0,0.0,,0.0,0.0,,0.0,0.0,,0.0,0.0,,0.0,0.0,-1.3257037162852585,-1.4114565262278214,-0.7341507858592827,-0.860897583102812,-1.1451021120726261
青海省,2019Q3,2019,0.0,0,17.909301975002087,7.7,14.63,13.93,37.41,2.34,34.87,,0.0,0.0,,0.0,0.0,,0.0,0.0,,0.0,0.0,,0.0,0.0,-1.3257037162852585,-1.4114565262278214,-0.7341507858592827,-0.860897583102812,-1.1451021120726261
青海省,2019Q4,2019,0.0,0,17.977456127801155,7.7,14.63,13.93,37.41,2.34,34.87,,0.0,0.0,,0.0,0.0,,0.0,0.0,,0.0,0.0,,0.0,0.0,-1.3257037162852585,-1.4114565262278214,-0.7341507858592827,-0.860897583102812,-1.1451021120726261
青海省,2020Q1,2020,0.0,0,18.06886247070121,3.74,19.23,13.32,37.04,1.4,36.58,,0.0,0.0,,0.0,0.0,,0.0,0.0,,0.0,0.0,,0.0,0.0,-1.3257037162852585,-1.4114565262278214,-0.7341507858592827,-0.860897583102812,-1.1451021120726261
青海省,2020Q2,2020,0.0,0,18.056681844188443,3.74,19.23,13.32,37.04,1.4,36.58,,0.0,0.0,,0.0,0.0,,0.0,0.0,,0.0,0.0,,0.0,0.0,-1.3257037162852585,-1.4114565262278214,-0.7341507858592827,-0.860897583102812,-1.1451021120726261
青海省,2020Q3,2020,548849.0,1,18.00964112608409,3.74,19.23,13.32,37.04,1.4,36.58,0.0,0.0,0.0,0.0,0.0,0.0,0.0,0.0,0.0,1.0,2295010.0,548849.0,0.0,0.0,0.0,-1.3257037162852585,-1.4114565262278214,-0.7341507858592827,-1.2380014439039746,-1.1451021120726261
青海省,2020Q4,2020,19708.0,1,17.9993401689529,3.74,19.23,13.32,37.04,1.4,36.58,0.0,0.0,0.0,0.0,0.0,0.0,0.0,0.0,0.0,1.0,78035.0,19708.0,0.0,0.0,0.0,-1.3257037162852585,-1.4114565262278214,-0.7341507858592827,-1.1029217143690029,-1.1451021120726261
青海省,2021Q1,2021,356097.0,1,18.02137884493856,5.96,21.25,12.32,40.03,1.37,35.39,0.0,0.0,0.0,0.0,0.0,0.0,0.0,0.0,0.0,1.0,1190255.0,356097.0,0.0,0.0,0.0,-1.3257037162852585,-1.4114565262278214,-0.7341507858592827,-1.3678206596099032,-1.1451021120726261
青海省,2021Q2,2021,0.0,0,18.453186848453527,5.96,21.25,12.32,40.03,1.37,35.39,,0.0,0.0,,0.0,0.0,,0.0,0.0,,0.0,0.0,,0.0,0.0,-1.3257037162852585,-1.4114565262278214,-0.7341507858592827,-0.860897583102812,-1.1451021120726261
青海省,2021Q3,2021,0.0,0,18.20026199999144,5.96,21.25,12.32,40.03,1.37,35.39,,0.0,0.0,,0.0,0.0,,0.0,0.0,,0.0,0.0,,0.0,0.0,-1.3257037162852585,-1.4114565262278214,-0.7341507858592827,-0.860897583102812,-1.1451021120726261
青海省,2021Q4,2021,0.0,0,18.241032166567162,5.96,21.25,12.32,40.03,1.37,35.39,,0.0,0.0,,0.0,0.0,,0.0,0.0,,0.0,0.0,,0.0,0.0,-1.3257037162852585,-1.4114565262278214,-0.7341507858592827,-0.860897583102812,-1.1451021120726261
青海省,2022Q1,2022,0.0,0,18.221257580478788,6.3,21.88,12.38,40.98,1.49,35.06,,0.0,0.0,,0.0,0.0,,0.0,0.0,,0.0,0.0,,0.0,0.0,-1.3257037162852585,-1.4114565262278214,-0.7341507858592827,-0.860897583102812,-1.1451021120726261
青海省,2022Q2,2022,392071.0,1,18.490185226774244,6.3,21.88,12.38,40.98,1.49,35.06,0.0,0.0,0.0,0.0,0.0,0.0,0.0,0.0,0.0,1.0,1516100.0,392071.0,0.0,0.0,0.0,-1.3257037162852585,-1.4114565262278214,-0.7341507858592827,-1.657231367537635,-1.1451021120726261
青海省,2022Q3,2022,0.0,0,18.50487240011059,6.3,21.88,12.38,40.98,1.49,35.06,,0.0,0.0,,0.0,0.0,,0.0,0.0,,0.0,0.0,,0.0,0.0,-1.3257037162852585,-1.4114565262278214,-0.7341507858592827,-0.860897583102812,-1.1451021120726261
青海省,2022Q4,2022,0.0,0,18.384990820850405,6.3,21.88,12.38,40.98,1.49,35.06,,0.0,0.0,,0.0,0.0,,0.0,0.0,,0.0,0.0,,0.0,0.0,-1.3257037162852585,-1.4114565262278214,-0.7341507858592827,-0.860897583102812,-1.1451021120726261
青海省,2023Q1,2023,0.0,0,18.524975081905456,5.16,22.84,13.0,41.4,1.73,33.72,,0.0,0.0,,0.0,0.0,,0.0,0.0,,0.0,0.0,,0.0,0.0,-1.3257037162852585,-1.4114565262278214,-0.7341507858592827,-0.860897583102812,-1.1451021120726261
青海省,2023Q2,2023,0.0,0,18.336561340413194,5.16,22.84,13.0,41.4,1.73,33.72,,0.0,0.0,,0.0,0.0,,0.0,0.0,,0.0,0.0,,0.0,0.0,-1.3257037162852585,-1.4114565262278214,-0.7341507858592827,-0.860897583102812,-1.1451021120726261
青海省,2023Q3,2023,0.0,0,18.36556186936365,5.16,22.84,13.0,41.4,1.73,33.72,,0.0,0.0,,0.0,0.0,,0.0,0.0,,0.0,0.0,,0.0,0.0,-1.3257037162852585,-1.4114565262278214,-0.7341507858592827,-0.860897583102812,-1.1451021120726261
青海省,2023Q4,2023,0.0,0,18.357845917558347,5.16,22.84,13.0,41.4,1.73,33.72,,0.0,0.0,,0.0,0.0,,0.0,0.0,,0.0,0.0,,0.0,0.0,-1.3257037162852585,-1.4114565262278214,-0.7341507858592827,-0.860897583102812,-1.1451021120726261
黑龙江省,2017Q1,2017,368293.0,1,21.831719399884673,159.31,43.9,12.9,260.29,113.81,465.21,1.0,563921.0,368293.0,0.0,0.0,0.0,0.0,0.0,0.0,0.0,0.0,0.0,0.0,0.0,0.0,-1.3257037162852585,-1.4114565262278214,-0.8916676490868637,-0.860897583102812,-1.1451021120726261
黑龙江省,2017Q2,2017,608349.0,1,21.856043155965228,159.31,43.9,12.9,260.29,113.81,465.21,0.9984597656937054,59985.0,607412.0,0.0015402343062945777,47.0,937.0,0.0,0.0,0.0,0.0,0.0,0.0,0.0,0.0,0.0,-1.3257037162852585,-1.4114565262278214,-0.3282235075770872,-0.860897583102812,0.7331409395632495
黑龙江省,2017Q3,2017,146082.0,1,21.851499366509863,159.31,43.9,12.9,260.29,113.81,465.21,1.0,1328047.0,146082.0,0.0,0.0,0.0,0.0,0.0,0.0,0.0,0.0,0.0,0.0,0.0,0.0,-1.3257037162852585,-1.4114565262278214,-1.0588361026168842,-0.860897583102812,-1.1451021120726261
黑龙江省,2017Q4,2017,2782.0,1,21.952412173210355,159.31,43.9,12.9,260.29,113.81,465.21,1.0,355.0,2782.0,0.0,0.0,0.0,0.0,0.0,0.0,0.0,0.0,0.0,0.0,0.0,0.0,-1.3257037162852585,-1.4114565262278214,-0.9233917303611103,-0.860897583102812,-1.1451021120726261
黑龙江省,2018Q1,2018,2089592.0,1,22.05980604060357,149.91,42.56,12.46,247.55,108.5,455.91,0.9996554351280058,7483984.0,2088872.0,0.00034456487199415007,90.0,720.0,0.0,0.0,0.0,0.0,0.0,0.0,0.0,0.0,0.0,-1.3257037162852585,-1.4114565262278214,-1.4157987941985302,-0.860897583102812,0.6870716882875292
黑龙江省,2018Q2,2018,1411369.0,1,22.1198516511807,149.91,42.56,12.46,247.55,108.5,455.91,1.0,14593867.0,1411369.0,0.0,0.0,0.0,0.0,0.0,0.0,0.0,0.0,0.0,0.0,0.0,0.0,-1.3257037162852585,-1.4114565262278214,-1.157295107213789,-0.860897583102812,-1.1451021120726261
黑龙江省,2018Q3,2018,95131.0,1,22.168702350167816,149.91,42.56,12.46,247.55,108.5,455.91,0.9958057836036623,1188015.0,94732.0,0.004194216396337682,1.0,399.0,0.0,0.0,0.0,0.0,0.0,0.0,0.0,0.0,0.0,-1.3257037162852585,-1.4114565262278214,-0.4334123796886511,-0.860897583102812,0.9800108541046184
黑龙江省,2018Q4,2018,2344611.0,1,22.187494367245783,149.91,42.56,12.46,247.55,108.5,455.91,1.0,4857173.0,2344611.0,0.0,0.0,0.0,0.0,0.0,0.0,0.0,0.0,0.0,0.0,0.0,0.0,-1.3257037162852585,-1.4114565262278214,-1.3095890606837162,-0.860897583102812,-1.1451021120726261
黑龙江省,2019Q1,2019,1792790.0,1,22.048692675228192,135.23,45.49,12.72,237.1,114.25,465.24,0.9989346214559429,6968134.0,1790880.0,0.0010653785440570284,214.0,1910.0,0.0,0.0,0.0,0.0,0.0,0.0,0.0,0.0,0.0,-1.3257037162852585,-1.4114565262278214,-1.143204125965191,-0.860897583102812,1.4327205217862977
黑龙江省,2019Q2,2019,1252765.0,1,22.143580875798932,135.23,45.49,12.72,237.1,114.25,465.24,0.9997868714403739,11442070.0,1252498.0,0.0,0.0,0.0,0.0,0.0,0.0,0.0,0.0,0.0,0.00021312855962610705,10.0,267.0,-1.510178332241318,-1.4114565262278214,-1.390184728646999,-0.860897583102812,-1.1451021120726261
黑龙江省,2019Q3,2019,241984.0,1,22.09807503894734,135.23,45.49,12.72,237.1,114.25,465.24,1.0,3340000.0,241984.0,0.0,0.0,0.0,0.0,0.0,0.0,0.0,0.0,0.0,0.0,0.0,0.0,-1.3257037162852585,-1.4114565262278214,-1.182889843826457,-0.860897583102812,-1.1451021120726261
黑龙江省,2019Q4,2019,2457883.0,1,22.11981333389964,135.23,45.49,12.72,237.1,114.25,465.24,1.0,17724093.0,2457883.0,0.0,0.0,0.0,0.0,0.0,0.0,0.0,0.0,0.0,0.0,0.0,0.0,-1.3257037162852585,-1.4114565262278214,-1.524170519647334,-0.860897583102812,-1.1451021120726261
黑龙江省,2020Q1,2020,3453386.0,1,22.499960033090257,143.88,48.31,13.38,253.18,117.35,500.16,1.0,27107993.0,3453386.0,0.0,0.0,0.0,0.0,0.0,0.0,0.0,0.0,0.0,0.0,0.0,0.0,-1.3257037162852585,-1.4114565262278214,-1.4036709769653275,-0.860897583102812,-1.1451021120726261
黑龙江省,2020Q2,2020,1296528.0,1,21.953350476225832,143.88,48.31,13.38,253.18,117.35,500.16,0.9994130477706613,7169754.0,1295767.0,0.0005360470425629064,56.0,695.0,0.0,0.0,0.0,0.0,0.0,0.0,5.090518677575802e-05,0.0,66.0,-1.3257037162852585,-1.4114565262278214,-1.7114054071472986,-0.860897583102812,0.9107485506604622
黑龙江省,2020Q3,2020,842273.0,1,21.952942192524517,143.88,48.31,13.38,253.18,117.35,500.16,1.0,6143579.0,842273.0,0.0,0.0,0.0,0.0,0.0,0.0,0.0,0.0,0.0,0.0,0.0,0.0,-1.3257037162852585,-1.4114565262278214,-1.2057087604941557,-0.860897583102812,-1.1451021120726261
黑龙江省,2020Q4,2020,3924398.0,1,21.889020608670887,143.88,48.31,13.38,253.18,117.35,500.16,0.9661186250731959,24001398.0,3791434.0,0.0,0.0,0.0,0.0,0.0,0.0,0.0,0.0,0.0,0.03388137492680406,993266.0,132964.0,-1.7086902056714792,-1.4114565262278214,-0.9304616859323901,-0.860897583102812,-1.1451021120726261
黑龙江省,2021Q1,2021,2102796.0,1,22.10192818143467,184.76,50.68,14.97,300.42,109.78,500.25,1.0,4508075.0,2102796.0,0.0,0.0,0.0,0.0,0.0,0.0,0.0,0.0,0.0,0.0,0.0,0.0,-1.3257037162852585,-1.4114565262278214,-1.7927254367981578,-0.860897583102812,-1.1451021120726261
黑龙江省,2021Q2,2021,9136056.0,1,22.509328876011313,184.76,50.68,14.97,300.42,109.78,500.25,0.8445120082451334,29876706.0,7715509.0,0.0937427485120494,3149400.0,856439.0,0.0,0.0,0.0,0.06174524324281725,1772580.0,564108.0,0.0,0.0,0.0,-1.3257037162852585,-1.4114565262278214,-1.5776693588507529,-0.9945597405822478,0.7244324562997668
黑龙江省,2021Q3,2021,2734117.0,1,22.29734561191584,184.76,50.68,14.97,300.42,109.78,500.25,0.42448512627660046,10527074.0,1160592.0,0.5330529015400585,5197960.0,1457429.0,0.0,0.0,0.0,0.015923971066344272,179200.0,43538.0,0.02653800111699682,397208.0,72558.0,-1.4774803939702348,-1.4114565262278214,-0.9777119077996197,-1.3657623072637937,0.7307791306173632
黑龙江省,2021Q4,2021,2056380.0,1,22.405846923511827,184.76,50.68,14.97,300.42,109.78,500.25,0.15833843939349732,2946164.0,325604.0,0.3581833124228012,2495780.0,736561.0,0.0,0.0,0.0,0.1560596776860308,1296000.0,320918.0,0.32741857049767065,2996692.0,673297.0,-1.4327204266441573,-1.4114565262278214,-0.7940025973645749,-1.2027878378315942,0.7638980771487449
黑龙江省,2022Q1,2022,3524727.0,1,22.395237699558287,191.79,52.67,15.23,312.53,107.84,501.15,0.9236318160243332,213646.0,3255550.0,0.0,0.0,0.0,0.0,0.0,0.0,0.07636818397566676,1180400.0,269177.0,0.0,0.0,0.0,-1.3257037162852585,-1.4114565262278214,-1.0724902895831776,-1.161775152162618,-1.1451021120726261
黑龙江省,2022Q2,2022,3344833.0,1,22.504088578942383,191.79,52.67,15.23,312.53,107.84,501.15,0.7120119300425463,6855281.0,2381561.0,7.175246118416077e-05,24.0,240.0,0.0,0.0,0.0,0.2879163174962696,3958480.0,963032.0,0.0,0.0,0.0,-1.3257037162852585,-1.4114565262278214,-1.5409920190370154,-1.6007687019303596,1.0401855344725972
黑龙江省,2022Q3,2022,6567328.0,1,22.47143827030155,191.79,52.67,15.23,312.53,107.84,501.15,0.42186182873765404,12410950.0,2770505.0,0.05407754873823875,999860.0,355145.0,0.0,0.0,0.0,0.006181509435800983,144000.0,40596.0,0.5178791130883063,12776000.0,3401082.0,-1.262136524251575,-1.4114565262278214,-0.13279624193655915,-1.4064578083489065,0.8644783099719484
黑龙江省,2022Q4,2022,2860953.0,1,22.481343280126133,191.79,52.67,15.23,312.53,107.84,501.15,0.5148913666180465,7503350.0,1473080.0,0.12571789889592733,998440.0,359673.0,0.0,0.0,0.0,0.35939073448602615,4142390.0,1028200.0,0.0,0.0,0.0,-1.3257037162852585,-1.4114565262278214,-1.2651193637195146,-1.442846528293332,0.8594918200137005
黑龙江省,2023Q1,2023,103307354.0,1,22.383220203454137,201.8,55.24,15.56,328.48,107.36,503.57,0.7192204535603535,208421851.0,74300762.0,0.0,0.0,0.0,0.2768546080465869,103649900.0,28601117.0,0.0,0.0,0.0,0.003924938393059608,1537800.0,405475.0,-1.231466731250894,-1.2875731010887737,-1.1736498771143835,-0.860897583102812,-1.1451021120726261
黑龙江省,2023Q2,2023,42356048.0,1,22.423522320172353,201.8,55.24,15.56,328.48,107.36,503.57,0.942168117289885,121422413.0,39906518.0,5.052407155643983e-06,18.0,214.0,0.0,0.0,0.0,0.0091083096326645,1607040.0,385792.0,0.04871852067029483,8224000.0,2063524.0,-1.3024548827606035,-1.4114565262278214,-1.3153403455118984,-1.385371422408609,1.3473104621834673
黑龙江省,2023Q3,2023,26202585.0,1,22.396637127367427,201.8,55.24,15.56,328.48,107.36,503.57,0.7556077768662901,64423040.0,19798877.0,0.0,0.0,0.0,0.0,0.0,0.0,0.015124538285058517,2414750.0,396302.0,0.22926768484865137,29850600.0,6007406.0,-1.4746889367590812,-1.4114565262278214,-1.3511633528363152,-1.9598272987584981,-1.1451021120726261
黑龙江省,2023Q4,2023,29475323.0,1,22.464262968533173,201.8,55.24,15.56,328.48,107.36,503.57,0.6643045099115623,69526976.0,19580590.0,0.0,0.0,0.0,0.0,0.0,0.0,0.04792544597390841,7933030.0,1412618.0,0.2877700441145293,39968700.0,8482115.0,-1.5163605898562036,-1.4114565262278214,-1.6056405309773911,-1.9465004262031513,-1.1451021120726261
