T1,wave,total_杂粮,ratio_杂粮
23,2006,2520.0,1.0
41,2006,531.3,0.94353473
42,2006,420.1,1.0
32,2009,94.0,0.14893617
32,2009,114.0,0.078947365
32,2009,1659.0,1.0
41,2009,50.0,1.0
42,2009,60.0,1.0
43,2009,109.0,0.99082571
11,2011,130.0,0.23076923
11,2011,545.0,1.0
42,2011,300.0,0.0
21,2006,1050.0,1.0
21,2006,1006.0,1.0
21,2006,1681.0,1.0
21,2006,1030.0,1.0
21,2006,445.2,0.99550766
21,2006,932.0,0.81545067
21,2006,434.0,1.0
21,2006,2154.0,1.0
21,2006,1369.0,1.0
21,2006,352.8,0.99716556
21,2006,195.0,1.0
21,2006,100.0,1.0
21,2006,715.0,1.0
21,2006,717.0,0.99302649
21,2006,1449.5,0.34218696
21,2006,450.0,1.0
21,2006,400.0,1.0
21,2006,615.0,1.0
21,2006,1105.0,1.0
21,2006,495.0,1.0
21,2006,245.0,0.59183675
21,2006,762.0,1.0
21,2006,202.0,1.0
21,2006,595.1,1.0
21,2006,1230.0,0.82926828
21,2006,844.0,1.0
21,2006,662.0,1.0
21,2006,400.0,1.0
21,2006,160.0,1.0
21,2006,245.0,1.0
21,2006,808.0,1.0
21,2006,148.0,1.0
21,2006,530.0,1.0
21,2006,160.0,0.375
21,2006,275.0,1.0
21,2006,227.5,1.0
21,2006,910.0,0.98351645
21,2006,50.0,1.0
21,2006,1880.0,1.0
21,2006,1000.0,1.0
21,2006,1159.5,0.99655026
21,2006,1738.0,1.0
21,2006,1250.5,1.0
21,2006,770.0,0.87012988
21,2006,750.0,1.0
21,2006,1000.0,1.0
21,2006,40.0,1.0
21,2006,950.0,1.0
21,2006,1146.5,1.0
21,2006,1000.5,1.0
21,2006,2470.0,1.0
21,2006,2170.8,1.0
21,2006,1206.0,1.0
21,2006,425.0,1.0
21,2006,341.5,0.88286972
21,2006,1300.0,1.0
21,2006,400.0,1.0
21,2006,104.0,0.03846154
21,2006,1161.0,1.0
21,2006,342.0,1.0
21,2006,250.0,1.0
21,2006,184.0,1.0
21,2006,2023.0,0.97034109
21,2006,859.0,1.0
21,2006,610.0,1.0
21,2006,610.0,1.0
21,2006,155.0,1.0
21,2006,1709.0,1.0
21,2006,100.0,1.0
21,2006,75.0,0.66666669
21,2006,809.0,0.87639058
21,2006,1344.0,1.0
21,2006,990.0,1.0
21,2006,1587.0,1.0
21,2006,414.0,0.99758452
21,2006,450.0,1.0
21,2006,978.3,1.0
21,2006,1003.0,1.0
21,2006,106.0,1.0
21,2006,255.0,1.0
21,2006,1892.0,1.0
21,2006,2693.5,1.0
21,2006,2300.0,1.0
21,2006,498.5,1.0
21,2006,375.0,0.60000002
21,2006,1466.0,1.0
21,2006,120.0,1.0
21,2006,800.0,1.0
21,2006,313.6,1.0
21,2006,557.4000000000001,1.0
21,2006,600.0,1.0
21,2006,826.0,1.0
21,2006,700.0,0.71428573
21,2006,1090.0,1.0
21,2006,130.0,1.0
21,2006,140.0,1.0
21,2006,1125.0,1.0
21,2006,280.0,1.0
21,2006,199.0,1.0
21,2006,168.0,1.0
21,2006,2307.5,1.0
21,2006,200.0,0.0
21,2006,382.0,1.0
21,2006,585.0,1.0
21,2006,120.0,0.5
21,2006,856.0,1.0
21,2006,209.0,1.0
21,2006,900.0,1.0
21,2006,60.0,0.98333335
21,2006,1074.0,1.0
21,2006,790.0,1.0
21,2006,400.0,1.0
21,2006,600.0,1.0
21,2006,1102.5,1.0
21,2006,1065.0,0.90610331
21,2006,1560.0,1.0
21,2006,1000.0,1.0
21,2006,520.0,1.0
21,2006,611.5,0.91823387
21,2006,806.0,1.0
21,2006,930.0,0.8924731
21,2006,2184.5,1.0
21,2006,70.0,1.0
21,2006,200.0,1.0
21,2006,843.5,1.0
21,2006,1855.0,1.0
21,2006,240.0,1.0
21,2006,200.0,1.0
21,2006,100.0,1.0
21,2006,289.0,1.0
21,2006,1095.0,0.86757994
21,2006,567.0,1.0
21,2006,80.0,1.0
21,2006,1230.0,1.0
21,2006,21.0,1.0
21,2006,31.0,1.0
21,2006,225.0,1.0
21,2006,232.0,0.038793102
21,2006,2262.5,0.90983427
21,2006,1650.0,1.0
21,2006,1610.0,0.82608694
21,2006,740.0,1.0
21,2006,1775.0,0.87323946
21,2006,1259.0,0.71405876
21,2006,200.0,1.0
21,2006,52.0,1.0
21,2006,439.0,1.0
21,2006,1750.0,1.0
21,2006,240.0,0.70833331
21,2006,250.0,1.0
21,2006,100.0,1.0
21,2006,1226.0,1.0
21,2006,250.0,1.0
21,2006,200.0,1.0
21,2006,380.0,1.0
21,2006,2093.0,1.0
21,2006,550.0,1.0
21,2006,290.0,1.0
21,2006,1632.0,1.0
21,2006,80.0,1.0
21,2006,726.0,1.0
21,2006,632.1,1.0
21,2006,450.0,0.55555558
21,2006,458.0,0.78165936
21,2006,407.0,1.0
21,2006,300.0,1.0
21,2006,118.3,1.0
21,2006,450.0,0.0
21,2006,930.0,1.0
21,2006,363.5,0.98211831
21,2006,954.0,0.99580711
21,2006,305.0,1.0
21,2006,284.5,1.0
21,2006,640.0,1.0
21,2006,1902.0,0.97371191
21,2006,37.0,1.0
21,2006,1924.0,1.0
21,2006,475.0,1.0
21,2006,810.5,0.50400984
21,2006,636.0,0.8427673
21,2006,1291.5,1.0
21,2006,930.0,1.0
21,2006,50.0,0.0
23,2006,953.0,1.0
23,2006,855.0,1.0
23,2006,1132.0,1.0
23,2006,1094.4,1.0
23,2006,1060.0,1.0
23,2006,1225.0,1.0
23,2006,398.5,0.88456714
23,2006,1407.0,1.0
23,2006,2370.0,1.0
23,2006,583.7,0.12660614
23,2006,300.0,1.0
23,2006,2130.0,1.0
23,2006,2422.1,1.0
23,2006,330.0,1.0
23,2006,251.0,0.0
23,2006,3470.0,1.0
23,2006,965.4,1.0
23,2006,1018.0,1.0
23,2006,2703.0,1.0
23,2006,450.0,1.0
23,2006,1042.5,0.80623502
23,2006,1250.0,1.0
23,2006,1173.0,1.0
23,2006,2254.0,1.0
23,2006,913.0,0.9342826
23,2006,1311.0,1.0
23,2006,1431.0,1.0
23,2006,405.1,1.0
23,2006,786.0,0.80534351
23,2006,302.0,0.99503309
23,2006,500.0,1.0
23,2006,2583.0,1.0
23,2006,1420.0,1.0
23,2006,153.1,0.046374917
23,2006,1070.0,1.0
23,2006,1900.0,0.71052629
23,2006,710.0,1.0
23,2006,1007.0,1.0
23,2006,503.5,1.0
23,2006,932.0,1.0
23,2006,200.0,1.0
23,2006,1302.5,0.97466409
23,2006,903.0,1.0
23,2006,600.0,0.33333334
23,2006,2160.0,1.0
23,2006,1210.0,0.95867771
23,2006,1300.0,1.0
23,2006,761.1,1.0
23,2006,96.0,0.0625
23,2006,1086.5,0.48458353
23,2006,939.9,0.46600702
23,2006,250.0,1.0
23,2006,450.0,1.0
23,2006,850.0,1.0
23,2006,887.6,0.41415051
23,2006,2460.0,1.0
23,2006,1580.0,0.8101266
23,2006,3502.0,1.0
23,2006,1570.5,1.0
23,2006,2385.5,0.99895203
23,2006,1506.0,1.0
23,2006,833.5,1.0
23,2006,1100.0,1.0
23,2006,1153.5,1.0
23,2006,650.0,1.0
23,2006,968.5,1.0
23,2006,1310.5,0.86264783
23,2006,455.6,1.0
23,2006,961.2,0.57344985
23,2006,1350.0,1.0
23,2006,1023.0,1.0
23,2006,1463.8,1.0
23,2006,1966.0,1.0
23,2006,2.0,1.0
23,2006,250.0,1.0
23,2006,150.0,1.0
23,2006,441.4,0.5990032
23,2006,1675.0,0.97014928
23,2006,540.0,1.0
23,2006,1905.0,1.0
23,2006,451.5,0.60132891
23,2006,446.0,0.17040358
23,2006,1250.0,1.0
23,2006,1006.0,0.99403578
23,2006,1160.0,1.0
23,2006,502.0,1.0
23,2006,1145.0,1.0
23,2006,910.0,1.0
23,2006,1473.0,1.0
23,2006,792.0,0.81060606
23,2006,340.5,1.0
23,2006,100.0,1.0
23,2006,353.6,1.0
23,2006,4002.0,1.0
23,2006,610.0,0.6557377
23,2006,1456.0,1.0
23,2006,1455.0,1.0
23,2006,1502.4,1.0
23,2006,950.0,1.0
23,2006,1983.0,1.0
23,2006,352.0,0.56818181
23,2006,502.0,1.0
23,2006,3880.0,1.0
23,2006,604.5,1.0
23,2006,1389.0,0.79841614
23,2006,600.0,1.0
23,2006,600.0,1.0
23,2006,2860.0,1.0
23,2006,3815.0,0.99606818
23,2006,2000.0,1.0
23,2006,519.0,0.99807322
23,2006,450.0,1.0
23,2006,1200.0,1.0
23,2006,454.0,1.0
23,2006,103.5,0.98067635
23,2006,1420.0,0.78873241
23,2006,656.5,1.0
23,2006,1623.0,1.0
23,2006,1830.0,1.0
23,2006,2180.0,0.81651378
23,2006,1785.0,1.0
23,2006,611.0,0.99836332
23,2006,1341.0,0.85011184
23,2006,1650.0,1.0
23,2006,628.0,1.0
23,2006,2210.0,1.0
23,2006,982.0,1.0
23,2006,1133.0,0.64695501
23,2006,630.0,1.0
23,2006,905.2,1.0
23,2006,1590.0,1.0
23,2006,90.0,1.0
23,2006,2375.0,1.0
23,2006,1156.0,0.82698959
23,2006,857.2,1.0
23,2006,1537.5,0.940813
23,2006,100.0,1.0
23,2006,1001.6,1.0
23,2006,1505.8,1.0
23,2006,895.0,1.0
23,2006,610.3,0.98361462
23,2006,1650.0,1.0
23,2006,1470.0,1.0
23,2006,201.3,1.0
23,2006,303.0,0.99009901
23,2006,1509.0,0.93373096
23,2006,1069.5,1.0
23,2006,907.0,0.99558985
23,2006,700.0,1.0
23,2006,2812.5,0.2352
23,2006,1130.0,1.0
23,2006,1000.0,1.0
23,2006,2560.0,0.8515625
23,2006,550.0,0.36363637
23,2006,800.0,1.0
23,2006,1730.0,1.0
23,2006,640.1999999999999,0.84379882
23,2006,1685.0,1.0
23,2006,764.5999999999999,0.803819
23,2006,1794.0,1.0
23,2006,705.0,1.0
23,2006,700.0,1.0
23,2006,1530.0,1.0
23,2006,2521.0,1.0
23,2006,1200.0,1.0
23,2006,244.0,1.0
23,2006,920.0,1.0
23,2006,714.0,1.0
23,2006,2150.0,1.0
23,2006,645.5,0.29589465
23,2006,2139.6,1.0
23,2006,1054.0,1.0
23,2006,1150.0,1.0
23,2006,1104.0,1.0
23,2006,803.0,1.0
23,2006,845.0,0.52662724
23,2006,904.0,0.8340708
23,2006,1200.0,1.0
23,2006,1270.0,1.0
23,2006,464.0,0.99568963
32,2006,200.0,0.25
32,2006,30.0,1.0
32,2006,291.0,1.0
32,2006,267.0,0.62172282
32,2006,255.0,0.019607844
32,2006,51.2,1.0
32,2006,806.0,0.99875933
32,2006,150.0,0.0
32,2006,27.2,1.0
32,2006,108.0,0.92592591
32,2006,633.0,1.0
32,2006,200.0,1.0
32,2006,100.0,1.0
32,2006,124.4,0.9903537
32,2006,157.0,0.46496814
32,2006,1120.0,0.9464286
32,2006,920.6,0.89137518
32,2006,215.3,0.29400837
32,2006,780.0,0.90384614
32,2006,190.0,0.68421054
32,2006,191.0,1.0
32,2006,50.0,1.0
32,2006,1000.0,1.0
32,2006,6.0,1.0
32,2006,30.0,1.0
32,2006,15.5,0.87096775
32,2006,513.0,0.76023394
32,2006,103.5,0.033816423
32,2006,50.0,0.0
32,2006,130.0,0.83076924
32,2006,100.0,1.0
32,2006,246.0,0.54065043
32,2006,101.0,1.0
32,2006,731.5999999999999,0.99179882
32,2006,50.0,1.0
32,2006,200.0,1.0
32,2006,296.0,1.0
32,2006,12.6,1.0
32,2006,120.0,1.0
32,2006,26.5,1.0
32,2006,62.70000000000001,0.96012759
32,2006,423.0,0.99763596
32,2006,1738.0,1.0
32,2006,940.0,1.0
32,2006,310.0,0.67741936
32,2006,275.0,1.0
32,2006,17.5,1.0
32,2006,80.0,1.0
32,2006,266.8,0.99250376
32,2006,11.0,0.36363637
32,2006,187.9,1.0
32,2006,491.5,1.0
32,2006,15.5,1.0
32,2006,50.0,0.0
32,2006,249.5,0.65731466
32,2006,430.0,0.93023258
32,2006,220.0,1.0
32,2006,144.2,0.79195559
32,2006,250.0,1.0
32,2006,9.0,0.8888889
32,2006,1003.0,1.0
32,2006,132.5,0.23018868
32,2006,335.2,0.99105012
32,2006,932.0,0.99892706
32,2006,274.0,1.0
32,2006,2808.5,1.0
32,2006,252.0,1.0
32,2006,24.0,0.91666669
32,2006,11.0,0.72727275
32,2006,120.0,1.0
32,2006,152.0,0.99342108
32,2006,741.8,1.0
32,2006,87.71000000000001,0.9884848
32,2006,280.0,1.0
32,2006,240.0,0.16666667
32,2006,180.0,1.0
32,2006,295.0,1.0
32,2006,1465.0,1.0
32,2006,113.9,0.99122036
32,2006,113.8,0.97803164
32,2006,5.0,1.0
32,2006,93.3,0.94319397
32,2006,20.0,1.0
32,2006,164.0,0.32926831
32,2006,13.0,1.0
32,2006,924.0,1.0
32,2006,530.0,1.0
32,2006,30.0,1.0
32,2006,75.0,1.0
32,2006,275.0,0.0
32,2006,200.0,1.0
32,2006,947.0,0.99366421
32,2006,50.0,1.0
32,2006,1302.0,0.84639019
32,2006,100.0,1.0
32,2006,1285.0,0.96108949
32,2006,270.0,1.0
32,2006,60.0,1.0
32,2006,264.0,0.43181819
32,2006,49.0,0.59183675
32,2006,195.0,1.0
32,2006,9.5,0.89473683
32,2006,10.5,1.0
32,2006,381.0,1.0
32,2006,32.0,0.125
32,2006,150.0,1.0
32,2006,193.3,0.41231248
32,2006,1258.0,0.92050874
32,2006,157.0,0.0
32,2006,401.5,0.12826899
32,2006,1890.0,1.0
32,2006,276.0,1.0
32,2006,279.6,1.0
32,2006,730.0,1.0
32,2006,464.0,0.56896549
32,2006,880.0,0.77272725
32,2006,38.0,1.0
32,2006,670.0,0.71641791
32,2006,195.0,1.0
32,2006,287.1,0.82584465
32,2006,696.0,0.42528737
32,2006,967.0,0.88934851
32,2006,116.8,0.91438359
32,2006,453.0,0.99337751
32,2006,28.5,0.69824558
32,2006,115.5,0.97402596
32,2006,1050.0,1.0
32,2006,81.5,0.93251532
32,2006,114.0,0.12280702
32,2006,1021.0,0.71596473
32,2006,65.0,1.0
32,2006,1520.0,0.93421054
32,2006,30.0,1.0
32,2006,295.0,1.0
32,2006,210.9,0.051683262
32,2006,171.6,0.97843826
32,2006,7.0,1.0
32,2006,1705.0,1.0
32,2006,158.5,1.0
32,2006,1126.0,1.0
32,2006,30.0,1.0
32,2006,1685.0,0.8694362
32,2006,12.0,1.0
32,2006,990.0,0.98888886
32,2006,150.0,1.0
32,2006,230.0,1.0
32,2006,226.0,1.0
32,2006,195.0,1.0
32,2006,1000.0,1.0
32,2006,300.0,0.16666667
32,2006,862.4,0.989564
32,2006,17.3,1.0
32,2006,3524.0,1.0
32,2006,505.0,0.95049506
32,2006,161.7,0.072356217
32,2006,2049.5,0.94486463
32,2006,532.0,0.71428573
32,2006,2010.0,1.0
32,2006,2452.0,1.0
32,2006,610.0,0.98360658
32,2006,20.0,1.0
32,2006,228.0,0.24122807
32,2006,107.0,1.0
32,2006,490.0,0.6122449
32,2006,694.0,1.0
32,2006,2818.0,1.0
32,2006,26.9,1.0
32,2006,27.5,0.40000001
32,2006,465.7,1.0
32,2006,1792.0,1.0
32,2006,285.0,1.0
32,2006,960.5,0.79177511
32,2006,707.0,0.1513437
32,2006,10.5,1.0
32,2006,45.0,1.0
32,2006,150.0,1.0
32,2006,1815.0,1.0
32,2006,404.0,1.0
32,2006,540.0,0.77777779
32,2006,219.0,1.0
32,2006,699.0,0.65665233
32,2006,223.0,1.0
32,2006,325.0,1.0
32,2006,76.5,1.0
37,2006,350.0,1.0
37,2006,1411.1,1.0
37,2006,110.0,1.0
37,2006,185.0,1.0
37,2006,1175.0,1.0
37,2006,610.0,1.0
37,2006,973.0,1.0
37,2006,500.0,1.0
37,2006,900.0,1.0
37,2006,900.0,1.0
37,2006,500.0,1.0
37,2006,3100.0,1.0
37,2006,200.0,1.0
37,2006,630.0,1.0
37,2006,730.5,1.0
37,2006,748.0,1.0
37,2006,26.0,1.0
37,2006,735.0,1.0
37,2006,1143.0,1.0
37,2006,405.0,1.0
37,2006,190.0,1.0
37,2006,438.0,1.0
37,2006,360.0,1.0
37,2006,742.0,1.0
37,2006,500.0,1.0
37,2006,215.0,1.0
37,2006,50.0,1.0
37,2006,402.5,1.0
37,2006,1027.0,1.0
37,2006,300.0,1.0
37,2006,625.4,1.0
37,2006,200.0,1.0
37,2006,536.0,1.0
37,2006,1020.0,0.3137255
37,2006,537.0,0.6275605
37,2006,280.0,1.0
37,2006,144.0,1.0
37,2006,490.0,1.0
37,2006,1251.0,1.0
37,2006,261.0,0.11877394
37,2006,266.0,1.0
37,2006,450.0,1.0
37,2006,1323.8,1.0
37,2006,200.0,1.0
37,2006,1050.0,1.0
37,2006,1201.0,1.0
37,2006,1764.1,0.99540842
37,2006,11.0,1.0
37,2006,170.0,1.0
37,2006,577.0,1.0
37,2006,130.0,1.0
37,2006,25.3,1.0
37,2006,355.6,1.0
37,2006,1201.0,1.0
37,2006,540.0,1.0
37,2006,380.0,1.0
37,2006,835.0,1.0
37,2006,180.0,1.0
37,2006,357.0,1.0
37,2006,795.0,1.0
37,2006,577.9000000000001,1.0
37,2006,67.3,1.0
37,2006,50.0,1.0
37,2006,518.0,1.0
37,2006,620.0,1.0
37,2006,44.0,1.0
37,2006,150.0,1.0
37,2006,1090.0,1.0
37,2006,402.5,1.0
37,2006,582.0,0.99656355
37,2006,791.0,1.0
37,2006,1279.0,1.0
37,2006,260.0,1.0
37,2006,284.0,1.0
37,2006,198.0,1.0
37,2006,731.0,0.8358413
37,2006,750.0,1.0
37,2006,344.0,1.0
37,2006,473.0,1.0
37,2006,17.0,1.0
37,2006,602.8,1.0
37,2006,1118.0,1.0
37,2006,664.0,1.0
37,2006,650.0,0.95384616
37,2006,285.0,1.0
37,2006,865.0,0.58959538
37,2006,882.0,1.0
37,2006,700.0,1.0
37,2006,640.0,1.0
37,2006,90.0,1.0
37,2006,541.0,1.0
37,2006,771.0,1.0
37,2006,330.0,0.54545456
37,2006,50.0,1.0
37,2006,688.0,1.0
37,2006,204.0,1.0
37,2006,642.2,1.0
37,2006,1101.2,1.0
37,2006,1081.2,1.0
37,2006,453.0,1.0
37,2006,30.0,1.0
37,2006,260.0,0.61538464
37,2006,399.8,0.74987495
37,2006,100.0,1.0
37,2006,527.0,0.43263757
37,2006,423.0,1.0
37,2006,528.8,1.0
37,2006,586.0,1.0
37,2006,1052.6,1.0
37,2006,335.0,1.0
37,2006,502.8,1.0
37,2006,595.3000000000001,1.0
37,2006,186.0,0.4623656
37,2006,615.0,1.0
37,2006,1420.0,1.0
37,2006,206.0,1.0
37,2006,490.0,1.0
37,2006,1309.0,1.0
37,2006,566.0,1.0
37,2006,1438.2,1.0
37,2006,174.0,1.0
37,2006,881.0,1.0
37,2006,200.0,1.0
37,2006,1630.0,0.75460124
37,2006,726.0,0.94490355
37,2006,200.0,1.0
37,2006,480.0,1.0
37,2006,40.0,1.0
37,2006,700.0,1.0
37,2006,720.0,1.0
37,2006,350.0,1.0
37,2006,389.0,1.0
37,2006,224.0,1.0
37,2006,242.2,0.54087532
37,2006,1075.0,1.0
37,2006,150.0,0.60000002
37,2006,310.0,1.0
37,2006,501.6,0.80063796
37,2006,820.0,1.0
37,2006,1942.0,1.0
37,2006,1042.0,0.85604608
37,2006,1473.3,1.0
37,2006,480.0,0.14583333
37,2006,578.0,1.0
37,2006,640.0,1.0
37,2006,678.3000000000001,1.0
37,2006,768.2,1.0
37,2006,100.0,0.60000002
37,2006,801.3,1.0
37,2006,400.0,0.25
37,2006,580.0,1.0
37,2006,240.0,1.0
37,2006,50.0,1.0
41,2006,1132.3,0.84986311
41,2006,200.0,0.75
41,2006,1206.0,1.0
41,2006,340.0,1.0
41,2006,320.0,1.0
41,2006,280.0,1.0
41,2006,1000.1,1.0
41,2006,660.0,1.0
41,2006,6.0,0.33333334
41,2006,870.0,0.82758623
41,2006,500.5,1.0
41,2006,500.0,1.0
41,2006,515.0,1.0
41,2006,650.0,1.0
41,2006,501.3,1.0
41,2006,20.0,0.0
41,2006,537.3,1.0
41,2006,100.0,1.0
41,2006,918.0,1.0
41,2006,50.0,1.0
41,2006,760.0,0.34210527
41,2006,1079.5,1.0
41,2006,110.0,1.0
41,2006,577.0,1.0
41,2006,363.9,0.53228909
41,2006,260.0,1.0
41,2006,125.0,1.0
41,2006,940.0,1.0
41,2006,106.5,1.0
41,2006,141.0,1.0
41,2006,352.0,1.0
41,2006,676.0,1.0
41,2006,470.0,1.0
41,2006,51.5,1.0
41,2006,450.0,1.0
41,2006,702.5,0.97153026
41,2006,550.0,1.0
41,2006,1280.0,1.0
41,2006,400.0,0.25
41,2006,590.0,1.0
41,2006,397.2,0.018126888
41,2006,100.0,1.0
41,2006,740.0,0.91891891
41,2006,495.0,0.94949496
41,2006,195.0,1.0
41,2006,253.5,1.0
41,2006,795.0,1.0
41,2006,1350.0,1.0
41,2006,1085.0,1.0
41,2006,1055.5,1.0
41,2006,350.0,1.0
41,2006,193.5,1.0
41,2006,363.6,0.99724972
41,2006,440.3,1.0
41,2006,806.9999999999999,0.9008674
41,2006,904.5,0.7236042
41,2006,755.0,0.90066224
41,2006,25.0,1.0
41,2006,20.0,1.0
41,2006,420.0,1.0
41,2006,25.0,1.0
41,2006,470.0,1.0
41,2006,85.0,1.0
41,2006,63.01,1.0
41,2006,655.0,1.0
41,2006,400.0,1.0
41,2006,11.3,1.0
41,2006,225.0,1.0
41,2006,251.0,1.0
41,2006,1285.5,0.99883312
41,2006,1040.1,0.94231325
41,2006,935.0,1.0
41,2006,325.0,0.15384616
41,2006,829.0,1.0
41,2006,100.0,0.0
41,2006,150.0,1.0
41,2006,150.0,1.0
41,2006,350.0,0.85714287
41,2006,572.0,1.0
41,2006,1985.0,0.94962215
41,2006,824.0,1.0
41,2006,352.0,1.0
41,2006,640.0,1.0
41,2006,71.2,1.0
41,2006,182.0,1.0
41,2006,450.0,1.0
41,2006,1345.0,1.0
41,2006,440.0,0.88636363
41,2006,265.0,1.0
41,2006,125.0,0.40000001
41,2006,150.0,1.0
41,2006,2.0,1.0
41,2006,3.0,0.0
41,2006,451.0,1.0
41,2006,1302.1,0.96160048
41,2006,670.0,1.0
41,2006,520.0,1.0
41,2006,1138.0,1.0
41,2006,510.0,1.0
41,2006,10.8,1.0
41,2006,643.5,1.0
41,2006,2175.0,0.98850572
41,2006,185.0,1.0
41,2006,1230.0,0.98373985
41,2006,350.0,0.14285715
41,2006,150.0,1.0
41,2006,171.8,0.98253781
41,2006,400.0,0.625
41,2006,210.0,0.90476191
41,2006,1151.5,1.0
41,2006,400.0,1.0
41,2006,625.0,1.0
41,2006,163.5,0.57186544
41,2006,10.2,0.80392158
41,2006,380.0,1.0
41,2006,125.0,1.0
41,2006,511.0,1.0
41,2006,166.0,1.0
41,2006,140.0,1.0
41,2006,382.4,1.0
41,2006,430.0,0.23255815
41,2006,336.5,0.99257058
41,2006,1020.0,1.0
41,2006,161.0,0.87577641
42,2006,294.0,0.70748299
42,2006,417.2,1.0
42,2006,1160.0,1.0
42,2006,865.0,1.0
42,2006,18.0,0.66666669
42,2006,604.0,1.0
42,2006,382.0,1.0
42,2006,475.7,1.0
42,2006,1502.0,0.99866843
42,2006,700.0,0.71428573
42,2006,700.0,1.0
42,2006,121.5,0.094650209
42,2006,6.0,1.0
42,2006,339.0,1.0
42,2006,2.0,1.0
42,2006,295.0,0.22033899
42,2006,140.0,1.0
42,2006,262.0,1.0
42,2006,343.0,1.0
42,2006,1481.0,1.0
42,2006,180.0,1.0
42,2006,360.0,1.0
42,2006,100.0,1.0
42,2006,1041.0,1.0
42,2006,400.0,1.0
42,2006,560.0,0.64285713
42,2006,505.3,0.54482484
42,2006,549.0,1.0
42,2006,350.0,0.85714287
42,2006,3.5,1.0
42,2006,268.0,0.25373134
42,2006,252.0,0.60317463
42,2006,358.0,1.0
42,2006,350.0,0.2857143
42,2006,1071.0,1.0
42,2006,260.0,1.0
42,2006,428.0,1.0
42,2006,2.7,1.0
42,2006,80.0,1.0
42,2006,274.0,0.1970803
42,2006,437.0,1.0
42,2006,506.0,1.0
42,2006,1360.0,1.0
42,2006,575.0,1.0
42,2006,100.0,1.0
42,2006,100.0,1.0
42,2006,11.0,1.0
42,2006,323.0,1.0
42,2006,80.0,1.0
42,2006,318.0,1.0
42,2006,1.0,0.0
42,2006,602.0,0.99667776
42,2006,51.0,1.0
42,2006,200.0,1.0
42,2006,179.0,0.97486031
42,2006,382.0,1.0
42,2006,1107.0,0.99548328
42,2006,34.0,1.0
42,2006,134.7,0.62880474
42,2006,793.0,1.0
42,2006,109.0,0.082568809
42,2006,180.0,0.55555558
42,2006,126.0,1.0
42,2006,817.0,0.88739288
42,2006,104.0,1.0
42,2006,485.0,1.0
42,2006,80.0,0.0
42,2006,295.0,1.0
42,2006,495.0,0.79797977
42,2006,140.0,1.0
42,2006,400.0,1.0
42,2006,981.0,1.0
42,2006,350.0,1.0
42,2006,200.0,1.0
42,2006,159.0,0.050314464
42,2006,605.0,1.0
42,2006,300.0,0.66666669
42,2006,810.0,1.0
42,2006,850.5,0.52968842
42,2006,327.0,1.0
42,2006,13.0,1.0
42,2006,60.0,0.33333334
42,2006,400.0,1.0
42,2006,130.0,0.0
42,2006,230.0,1.0
42,2006,1420.0,1.0
42,2006,12.0,1.0
42,2006,490.0,1.0
42,2006,317.7,0.055712938
42,2006,70.0,1.0
42,2006,150.0,1.0
42,2006,556.0,1.0
42,2006,97.5,1.0
42,2006,65.0,1.0
42,2006,332.0,0.24698795
42,2006,600.0,1.0
42,2006,150.0,0.0
42,2006,291.0,1.0
42,2006,400.0,1.0
42,2006,784.0,1.0
42,2006,357.0,1.0
42,2006,175.0,1.0
42,2006,465.0,1.0
42,2006,3100.0,1.0
42,2006,364.0,0.72527474
42,2006,1005.0,1.0
42,2006,2.0,1.0
42,2006,313.5,0.9952153
42,2006,105.0,1.0
42,2006,200.0,1.0
42,2006,479.0,1.0
42,2006,1.5,1.0
42,2006,156.0,1.0
42,2006,918.0,1.0
42,2006,202.0,1.0
42,2006,956.0,1.0
42,2006,1250.0,0.95999998
42,2006,480.0,0.9375
42,2006,548.0,0.99635035
42,2006,1223.0,1.0
42,2006,300.0,1.0
42,2006,4.1,1.0
42,2006,510.0,0.88235295
42,2006,610.0,1.0
42,2006,18.1,1.0
42,2006,480.0,1.0
42,2006,852.0,1.0
42,2006,557.0,0.91023338
42,2006,230.0,1.0
42,2006,1745.0,0.95415473
42,2006,154.0,1.0
42,2006,67.0,0.95522386
43,2006,60.0,1.0
43,2006,17.0,1.0
43,2006,55.2,1.0
43,2006,280.0,0.64285713
43,2006,307.0,1.0
43,2006,360.0,1.0
43,2006,5.399999999999999,1.0
43,2006,129.2,0.98452014
43,2006,161.0,1.0
43,2006,10.5,0.47619048
43,2006,523.1,0.99617666
43,2006,470.0,0.78723407
43,2006,0.7999999999999999,1.0
43,2006,198.5,0.64735514
43,2006,50.0,1.0
43,2006,50.0,1.0
43,2006,26.7,1.0
43,2006,322.5,1.0
43,2006,11.5,0.9130435
43,2006,304.0,1.0
43,2006,2.0,1.0
43,2006,397.0,0.017632242
43,2006,340.0,1.0
43,2006,34.5,0.92753625
43,2006,5.1,1.0
43,2006,5.6,1.0
43,2006,112.0,0.5535714
43,2006,8.3,1.0
43,2006,16.0,1.0
43,2006,139.5,1.0
43,2006,100.0,1.0
43,2006,106.0,1.0
43,2006,5.0,1.0
43,2006,3.0,1.0
43,2006,3.0,0.66666669
43,2006,321.5,0.066874027
43,2006,137.5,1.0
43,2006,102.0,1.0
43,2006,200.0,0.69999999
43,2006,6.0,0.83333331
43,2006,1.5,1.0
43,2006,5.0,1.0
43,2006,100.0,1.0
43,2006,5.0,1.0
43,2006,180.0,1.0
43,2006,4.8,0.16666667
43,2006,245.0,1.0
43,2006,12.3,1.0
43,2006,461.0,0.023861172
43,2006,51.0,1.0
43,2006,480.0,1.0
43,2006,200.0,0.5
43,2006,125.0,1.0
43,2006,200.0,1.0
43,2006,362.0,0.72375691
43,2006,15.0,1.0
43,2006,0.5,1.0
43,2006,18.0,1.0
43,2006,191.0,1.0
43,2006,140.0,1.0
43,2006,0.5,1.0
43,2006,116.0,0.96551722
43,2006,152.0,1.0
43,2006,219.0,0.050228309
43,2006,2.8,1.0
43,2006,10.0,1.0
43,2006,8.5,0.70588237
43,2006,120.0,1.0
43,2006,12.0,1.0
43,2006,12.0,0.91666669
43,2006,13.5,1.0
43,2006,207.0,1.0
43,2006,250.0,1.0
43,2006,220.0,0.0
43,2006,2.0,1.0
43,2006,80.0,1.0
43,2006,213.0,1.0
43,2006,300.0,1.0
43,2006,57.0,0.9649123
43,2006,100.0,1.0
43,2006,158.0,0.97468352
43,2006,25.0,1.0
43,2006,351.5,1.0
43,2006,279.5,1.0
43,2006,31.5,1.0
43,2006,19.0,1.0
43,2006,200.0,1.0
43,2006,757.0,0.93130779
43,2006,255.0,1.0
43,2006,471.5,1.0
43,2006,364.0,1.0
43,2006,150.0,1.0
43,2006,2.0,1.0
43,2006,160.0,1.0
43,2006,1.0,1.0
43,2006,150.0,1.0
43,2006,440.0,0.99772727
43,2006,250.0,1.0
43,2006,360.0,0.58333331
43,2006,173.5,1.0
43,2006,124.0,1.0
43,2006,124.0,1.0
43,2006,362.0,1.0
43,2006,281.0,1.0
43,2006,180.0,1.0
43,2006,60.0,1.0
43,2006,311.0,1.0
43,2006,2.0,1.0
43,2006,220.0,0.0
43,2006,17.0,1.0
43,2006,4.5,1.0
43,2006,265.0,0.73584908
43,2006,100.0,1.0
43,2006,200.0,0.75
43,2006,5.0,1.0
43,2006,246.0,1.0
43,2006,416.0,0.014423077
45,2006,1.0,1.0
45,2006,1.2,1.0
45,2006,13.0,1.0
45,2006,507.5,0.99014777
45,2006,215.0,1.0
45,2006,2.0,1.0
45,2006,113.1,1.0
45,2006,5.0,0.80000001
45,2006,10.0,1.0
45,2006,688.0,0.99709302
45,2006,462.0,1.0
45,2006,107.5,0.95813954
45,2006,2.2,1.0
45,2006,261.0,1.0
45,2006,9.0,1.0
45,2006,6.0,1.0
45,2006,150.0,1.0
45,2006,10.0,1.0
45,2006,12.0,0.25
45,2006,312.0,1.0
45,2006,222.9,0.97756839
45,2006,5.0,1.0
45,2006,4.0,1.0
45,2006,0.3,1.0
45,2006,10.5,0.19047619
45,2006,346.0,1.0
45,2006,0.5,1.0
45,2006,8.0,1.0
45,2006,3.3,1.0
45,2006,12.8,0.84375
45,2006,126.5,0.95652175
45,2006,4.0,1.0
45,2006,65.0,1.0
45,2006,257.6,1.0
45,2006,6.5,1.0
45,2006,4.7,1.0
45,2006,6.5,1.0
45,2006,672.5,0.91078067
45,2006,100.0,1.0
45,2006,341.4,0.98769772
45,2006,113.0,1.0
45,2006,5.4,1.0
45,2006,114.5,0.12663755
45,2006,13.0,1.0
45,2006,233.0,0.99570817
45,2006,15.0,1.0
45,2006,8.5,1.0
45,2006,130.0,1.0
45,2006,711.0,1.0
45,2006,3.0,0.0
45,2006,183.0,1.0
45,2006,419.0,1.0
45,2006,22.6,1.0
45,2006,303.5,1.0
45,2006,100.0,1.0
45,2006,408.0,1.0
45,2006,2.0,1.0
45,2006,170.0,0.52941179
45,2006,125.0,1.0
45,2006,17.0,1.0
45,2006,126.5,1.0
45,2006,4.0,1.0
45,2006,152.5,1.0
45,2006,2.5,1.0
45,2006,14.0,0.14285715
45,2006,10.1,1.0
45,2006,318.5,1.0
45,2006,50.0,1.0
45,2006,281.0,0.87188613
45,2006,380.0,1.0
45,2006,430.0,1.0
45,2006,5.7,1.0
45,2006,4.0,1.0
45,2006,4.5,0.77777779
45,2006,100.0,1.0
45,2006,3.0,1.0
45,2006,70.0,1.0
45,2006,8.8,0.090909094
45,2006,13.0,1.0
45,2006,50.0,1.0
45,2006,8.0,0.8125
45,2006,133.0,1.0
45,2006,9.0,1.0
45,2006,9.0,0.22222222
45,2006,3.0,1.0
45,2006,1.0,1.0
45,2006,0.5,1.0
45,2006,3.0,1.0
45,2006,2.5,1.0
45,2006,104.0,1.0
45,2006,297.7,1.0
45,2006,7.5,1.0
45,2006,218.3,1.0
45,2006,535.0,1.0
45,2006,186.5,1.0
45,2006,7.5,0.73333335
45,2006,630.0,1.0
45,2006,165.0,1.0
45,2006,365.0,0.86301368
45,2006,13.0,0.23076923
45,2006,403.0,1.0
45,2006,2.0,1.0
45,2006,566.0,1.0
45,2006,6.5,1.0
45,2006,13.0,0.23076923
45,2006,357.0,0.99019605
45,2006,484.0,1.0
52,2006,89.0,0.98876405
52,2006,2830.0,1.0
52,2006,410.0,1.0
52,2006,1280.0,1.0
52,2006,752.3,0.9969427
52,2006,600.0,1.0
52,2006,800.0,1.0
52,2006,430.0,1.0
52,2006,600.0,1.0
52,2006,110.0,1.0
52,2006,254.0,0.98425198
52,2006,514.0,1.0
52,2006,790.0,1.0
52,2006,200.0,1.0
52,2006,474.5,1.0
52,2006,3.0,0.0
52,2006,321.0,0.9813084
52,2006,50.0,1.0
52,2006,220.0,1.0
52,2006,340.0,0.70588237
52,2006,300.0,1.0
52,2006,360.0,0.83333331
52,2006,230.0,1.0
52,2006,568.0,0.4190141
52,2006,450.0,0.33333334
52,2006,100.0,0.0
52,2006,1850.0,1.0
52,2006,1104.0,1.0
52,2006,501.0,1.0
52,2006,786.0,1.0
52,2006,595.0,1.0
52,2006,761.5,0.93434012
52,2006,2598.0,1.0
52,2006,520.0,1.0
52,2006,2756.0,0.52793902
52,2006,250.0,0.0
52,2006,50.0,1.0
52,2006,400.0,1.0
52,2006,400.0,1.0
52,2006,125.0,1.0
52,2006,321.0,0.8224299
52,2006,145.0,1.0
52,2006,90.0,1.0
52,2006,220.0,1.0
52,2006,111.5,1.0
52,2006,100.0,1.0
52,2006,12.8,0.453125
52,2006,205.0,1.0
52,2006,506.0,1.0
52,2006,250.0,0.60000002
52,2006,200.0,1.0
52,2006,285.0,1.0
52,2006,890.0,1.0
52,2006,650.0,1.0
52,2006,3892.0,1.0
52,2006,251.0,1.0
52,2006,2037.0,1.0
52,2006,153.0,0.98692811
52,2006,307.7,1.0
52,2006,91.0,0.45054945
52,2006,490.0,1.0
52,2006,22.0,0.90909094
52,2006,470.0,1.0
52,2006,2450.0,1.0
52,2006,450.0,1.0
52,2006,1030.0,0.85436893
52,2006,770.0,0.50649351
52,2006,1250.0,1.0
52,2006,1100.0,0.91818184
52,2006,104.0,0.96153843
52,2006,230.0,1.0
52,2006,1040.0,0.90384614
52,2006,40.0,1.0
52,2006,135.0,0.62962961
52,2006,250.0,1.0
52,2006,105.0,1.0
52,2006,650.0,1.0
52,2006,4010.0,1.0
52,2006,193.4,0.98241985
52,2006,204.0,1.0
52,2006,1050.0,0.76190478
52,2006,3.0,1.0
52,2006,751.0,1.0
52,2006,300.0,0.0
52,2006,1100.0,1.0
52,2006,1240.0,0.92741936
52,2006,50.0,1.0
52,2006,1631.0,1.0
52,2006,540.0,1.0
52,2006,100.0,1.0
52,2006,376.7,1.0
52,2006,1803.0,0.97226846
52,2006,1743.0,0.96557659
52,2006,12.0,0.66666669
52,2006,200.0,0.5
52,2006,227.0,0.97356826
52,2006,50.0,1.0
52,2006,304.0,0.99342108
52,2006,250.0,1.0
52,2006,940.0,0.79787236
52,2006,1940.0,1.0
52,2006,148.0,0.72972971
52,2006,120.0,1.0
52,2006,753.0,0.99601597
52,2006,250.0,1.0
52,2006,500.0,1.0
52,2006,85.0,1.0
52,2006,184.0,0.98913044
52,2006,1020.0,1.0
52,2006,350.0,1.0
52,2006,477.0,1.0
52,2006,100.0,1.0
52,2006,300.0,1.0
52,2006,1517.0,1.0
52,2006,1190.0,1.0
52,2006,250.0,1.0
52,2006,203.0,1.0
52,2006,994.0,1.0
52,2006,392.0,1.0
52,2006,220.0,1.0
52,2006,632.0,0.87341774
52,2006,500.0,1.0
52,2006,250.0,1.0
52,2006,540.0,1.0
52,2006,480.0,1.0
52,2006,679.0,0.22091311
52,2006,850.0,1.0
52,2006,1240.0,1.0
52,2006,1030.0,1.0
52,2006,3.0,1.0
52,2006,500.0,0.0
52,2006,263.0,1.0
52,2006,202.7,1.0
52,2006,1200.0,1.0
52,2006,150.0,1.0
52,2006,500.0,1.0
52,2006,595.0,0.86554623
52,2006,1387.0,1.0
52,2006,500.0,0.2
52,2006,740.0,1.0
52,2006,656.8,0.38337395
52,2006,317.0,1.0
52,2006,450.0,1.0
52,2006,1202.0,1.0
52,2006,300.0,1.0
52,2006,135.8,0.97422683
52,2006,888.0,1.0
52,2006,3607.0,1.0
52,2006,260.0,1.0
52,2006,80.0,1.0
52,2006,200.0,0.0
21,2009,4516.0,1.0
21,2009,100.0,1.0
21,2009,657.1,1.0
21,2009,1241.5,1.0
21,2009,451.5,0.9955703
21,2009,800.0,1.0
21,2009,190.0,1.0
21,2009,510.0,1.0
21,2009,420.0,0.23809524
21,2009,100.0,0.0
21,2009,1201.0,1.0
21,2009,830.0,1.0
21,2009,650.0,1.0
21,2009,703.0,1.0
21,2009,1150.0,1.0
21,2009,312.0,1.0
21,2009,350.0,1.0
21,2009,253.0,1.0
21,2009,2887.5,1.0
21,2009,250.0,1.0
21,2009,130.0,1.0
21,2009,926.5,1.0
21,2009,380.0,0.7368421
21,2009,50.0,1.0
21,2009,305.0,1.0
21,2009,360.0,1.0
21,2009,80.0,1.0
21,2009,1480.0,1.0
21,2009,450.0,1.0
21,2009,1425.0,1.0
21,2009,350.0,1.0
21,2009,380.0,1.0
21,2009,200.0,1.0
21,2009,1652.0,1.0
21,2009,327.0,1.0
21,2009,6.0,1.0
21,2009,150.0,1.0
21,2009,850.0,1.0
21,2009,550.0,1.0
21,2009,830.0,1.0
21,2009,1615.0,1.0
21,2009,356.0,1.0
21,2009,200.0,1.0
21,2009,400.0,0.25
21,2009,240.0,1.0
21,2009,712.0,1.0
21,2009,3670.0,1.0
21,2009,2343.0,0.75800258
21,2009,650.0,1.0
21,2009,1250.0,0.51999998
21,2009,1356.0,1.0
21,2009,753.0,1.0
21,2009,2026.0,0.87660414
21,2009,936.0,1.0
21,2009,2264.0,0.90724379
21,2009,900.0,0.83333331
21,2009,658.0,1.0
21,2009,813.5,0.6926859
21,2009,480.0,1.0
21,2009,685.0,1.0
21,2009,490.0,0.93877554
21,2009,959.0,0.99478626
21,2009,480.0,1.0
21,2009,688.0,1.0
21,2009,409.0,1.0
21,2009,711.0,0.63994372
21,2009,1000.0,1.0
21,2009,970.0,1.0
21,2009,416.0,1.0
21,2009,654.0,1.0
21,2009,111.0,0.4954955
21,2009,250.0,1.0
21,2009,2581.0,1.0
21,2009,612.0,0.59150326
21,2009,1101.0,0.45504087
21,2009,1207.0,1.0
21,2009,1210.0,0.71074378
21,2009,1050.0,1.0
21,2009,540.0,1.0
21,2009,335.6,1.0
21,2009,300.0,1.0
21,2009,816.0,1.0
21,2009,981.5,1.0
21,2009,536.1,0.72020143
21,2009,1250.0,1.0
21,2009,280.0,1.0
21,2009,336.0,1.0
21,2009,510.0,0.94117647
21,2009,700.0,0.85714287
21,2009,1054.0,1.0
21,2009,1250.0,1.0
21,2009,1327.0,0.19366993
21,2009,700.0,0.5714286
21,2009,400.0,1.0
21,2009,570.0,0.78947371
21,2009,420.0,0.33333334
21,2009,286.0,1.0
21,2009,2593.5,1.0
21,2009,700.0,0.5714286
21,2009,600.0,0.66666669
21,2009,1023.0,1.0
21,2009,910.0,1.0
21,2009,620.0,1.0
21,2009,560.0,1.0
21,2009,506.0,0.30830041
21,2009,1000.0,0.80000001
21,2009,220.0,1.0
21,2009,1070.0,1.0
21,2009,500.0,1.0
21,2009,1116.0,0.68637991
21,2009,116.0,1.0
21,2009,120.0,1.0
21,2009,90.0,1.0
21,2009,440.0,0.20454545
21,2009,80.0,1.0
21,2009,270.0,1.0
21,2009,100.0,1.0
21,2009,760.0,1.0
21,2009,1000.0,1.0
21,2009,130.0,1.0
21,2009,162.0,1.0
21,2009,1003.0,1.0
21,2009,1620.0,1.0
21,2009,103.0,0.029126214
21,2009,307.0,1.0
21,2009,1302.0,1.0
21,2009,1571.5,1.0
21,2009,250.0,1.0
21,2009,1450.0,0.62068963
21,2009,801.5,1.0
21,2009,1157.0,0.87467587
21,2009,1134.0,1.0
21,2009,1870.0,1.0
21,2009,1830.0,1.0
21,2009,950.0,1.0
21,2009,2647.0,1.0
21,2009,1070.0,1.0
21,2009,1425.0,1.0
21,2009,379.5,0.97628456
21,2009,850.0,1.0
21,2009,150.0,1.0
21,2009,820.0,1.0
21,2009,793.0,0.35435057
21,2009,710.0,1.0
21,2009,35.0,1.0
21,2009,96.0,0.58333331
21,2009,400.0,1.0
21,2009,200.0,1.0
21,2009,200.0,1.0
21,2009,306.0,1.0
21,2009,1562.0,1.0
21,2009,500.0,0.75999999
21,2009,416.0,1.0
21,2009,259.0,0.96525097
21,2009,700.0,1.0
21,2009,800.0,0.625
21,2009,900.0,1.0
21,2009,952.0,1.0
21,2009,2234.0,1.0
21,2009,1060.0,1.0
21,2009,454.0,1.0
21,2009,1280.0,1.0
21,2009,340.0,0.70588237
21,2009,257.0,1.0
21,2009,607.0,0.99670511
21,2009,1079.0,1.0
21,2009,1149.0,0.99825937
21,2009,924.0,1.0
21,2009,320.0,0.625
21,2009,380.0,0.47368422
21,2009,763.5,0.2134905
21,2009,890.0,1.0
21,2009,1010.0,0.60396039
21,2009,1833.2,0.80907702
21,2009,374.5,0.99465954
21,2009,1254.0,1.0
21,2009,281.0,0.59074736
21,2009,1240.0,1.0
21,2009,2165.0,1.0
21,2009,1620.0,1.0
21,2009,577.0,1.0
21,2009,1240.0,0.92741936
21,2009,458.2,1.0
21,2009,401.0,0.3765586
21,2009,2177.0,0.79329354
21,2009,658.0,0.65045595
21,2009,30.0,1.0
21,2009,730.0,0.52054793
21,2009,415.0,0.75903612
21,2009,326.0,0.23312883
21,2009,1520.0,0.93421054
21,2009,892.0,1.0
21,2009,380.0,1.0
21,2009,846.5,1.0
21,2009,730.0,0.58904111
21,2009,2979.5,1.0
21,2009,847.0,1.0
21,2009,520.0,1.0
21,2009,180.0,0.0
21,2009,1011.0,1.0
21,2009,1175.0,1.0
21,2009,1266.0,0.99644548
21,2009,758.0,0.73614776
21,2009,600.0,1.0
21,2009,100.0,1.0
21,2009,550.0,1.0
21,2009,510.0,1.0
21,2009,1225.0,0.58938777
21,2009,470.0,1.0
21,2009,223.0,0.55156952
21,2009,396.0,0.84848487
21,2009,791.0,1.0
21,2009,900.0,1.0
21,2009,530.0,1.0
21,2009,218.0,1.0
21,2009,800.0,1.0
21,2009,1205.0,1.0
21,2009,526.0,1.0
21,2009,404.0,1.0
21,2009,817.0,1.0
21,2009,1100.0,1.0
21,2009,811.0,1.0
21,2009,450.0,0.44444445
21,2009,3175.3,1.0
21,2009,208.0,1.0
21,2009,180.0,0.16666667
21,2009,630.0,1.0
21,2009,700.0,0.71428573
21,2009,306.0,1.0
21,2009,310.0,1.0
21,2009,796.0,1.0
21,2009,1160.0,1.0
21,2009,1259.0,1.0
21,2009,100.0,1.0
21,2009,1110.0,1.0
21,2009,1270.0,1.0
21,2009,780.0,0.73717946
21,2009,2097.0,1.0
21,2009,50.0,1.0
21,2009,755.0,1.0
21,2009,762.0,1.0
21,2009,835.0,0.42514971
21,2009,690.0,1.0
21,2009,700.5,0.85724485
23,2009,690.0,1.0
23,2009,860.0,0.99651164
23,2009,4390.0,0.97722095
23,2009,976.5,1.0
23,2009,170.0,0.0
23,2009,400.7,1.0
23,2009,1034.0,1.0
23,2009,700.0,1.0
23,2009,619.0,0.98707592
23,2009,2832.5,1.0
23,2009,1000.0,1.0
23,2009,375.0,1.0
23,2009,1350.0,1.0
23,2009,2110.0,0.99905211
23,2009,826.4,1.0
23,2009,1231.0,1.0
23,2009,1895.0,1.0
23,2009,1056.9,1.0
23,2009,400.0,1.0
23,2009,150.0,1.0
23,2009,2028.3,0.90913576
23,2009,900.0,1.0
23,2009,1404.0,1.0
23,2009,2020.0,1.0
23,2009,854.0,1.0
23,2009,715.0,1.0
23,2009,1350.0,1.0
23,2009,1320.0,1.0
23,2009,242.3,1.0
23,2009,1623.0,0.93653727
23,2009,650.0,1.0
23,2009,1875.0,1.0
23,2009,765.3000000000001,1.0
23,2009,200.0,1.0
23,2009,760.0,1.0
23,2009,1052.0,1.0
23,2009,3182.5,1.0
23,2009,900.0,1.0
23,2009,1055.0,1.0
23,2009,50.0,0.0
23,2009,533.0,1.0
23,2009,1290.8,1.0
23,2009,420.0,1.0
23,2009,453.9,1.0
23,2009,1821.0,0.91543108
23,2009,805.0,1.0
23,2009,358.5,1.0
23,2009,1653.0,1.0
23,2009,1830.5,1.0
23,2009,1022.0,1.0
23,2009,100.0,1.0
23,2009,2783.0,0.98922026
23,2009,1210.0,1.0
23,2009,1640.0,1.0
23,2009,1030.0,1.0
23,2009,1350.0,1.0
23,2009,677.0,1.0
23,2009,770.0,1.0
23,2009,814.0,0.75429976
23,2009,1680.0,1.0
23,2009,500.0,1.0
23,2009,881.5,1.0
23,2009,1332.5,1.0
23,2009,370.0,0.72972971
23,2009,430.0,1.0
23,2009,906.3,0.72415316
23,2009,150.0,0.66666669
23,2009,1099.1,0.73614776
23,2009,1409.8,1.0
23,2009,900.0,0.8888889
23,2009,603.0,1.0
23,2009,2543.5,0.96068412
23,2009,100.0,1.0
23,2009,760.5,1.0
23,2009,350.0,1.0
23,2009,390.0,1.0
23,2009,1805.5,0.83384103
23,2009,600.0,0.83333331
23,2009,1519.0,0.99934167
23,2009,1000.0,1.0
23,2009,912.0,0.80263156
23,2009,250.0,1.0
23,2009,2072.6,0.97587574
23,2009,1200.0,0.91666669
23,2009,833.8,0.99820101
23,2009,1960.7,0.83169276
23,2009,1140.0,1.0
23,2009,190.3,0.096163951
23,2009,950.0,0.97894734
23,2009,1020.0,1.0
23,2009,100.0,1.0
23,2009,2700.0,1.0
23,2009,100.0,1.0
23,2009,1086.31,0.3767893
23,2009,2001.0,1.0
23,2009,475.0,1.0
23,2009,905.2,1.0
23,2009,70.0,1.0
23,2009,1248.7,1.0
23,2009,2771.0,0.99747384
23,2009,700.0,1.0
23,2009,1370.0,0.89781022
23,2009,323.5,1.0
23,2009,1830.0,0.72677594
23,2009,210.0,1.0
23,2009,340.0,1.0
23,2009,1525.0,1.0
23,2009,1600.0,1.0
23,2009,570.0,1.0
23,2009,350.0,1.0
23,2009,904.5,1.0
23,2009,500.0,0.5
23,2009,1410.0,1.0
23,2009,900.0,1.0
23,2009,1052.0,1.0
23,2009,565.0,1.0
23,2009,2858.0,1.0
23,2009,100.0,1.0
23,2009,640.0,1.0
23,2009,705.0,0.99290782
23,2009,100.0,0.0
23,2009,1310.7,0.99885559
23,2009,348.2,0.98851234
23,2009,690.0,1.0
23,2009,100.0,1.0
23,2009,1200.0,1.0
23,2009,702.0,1.0
23,2009,1460.0,0.84246576
23,2009,950.0,1.0
23,2009,400.0,1.0
23,2009,800.0,1.0
23,2009,1744.0,1.0
23,2009,1582.0,0.99747157
23,2009,413.0,0.99515736
23,2009,853.5,1.0
23,2009,940.0,0.85106385
23,2009,1215.0,1.0
23,2009,1520.0,1.0
23,2009,1094.0,1.0
23,2009,5222.0,1.0
23,2009,1150.0,0.82608694
23,2009,650.0,1.0
23,2009,450.0,1.0
23,2009,900.0,1.0
23,2009,565.0,0.98938054
23,2009,150.0,1.0
23,2009,3333.0,1.0
23,2009,850.0,1.0
23,2009,530.0,0.41509435
23,2009,910.0,0.1978022
23,2009,262.5,1.0
23,2009,1700.0,1.0
23,2009,2330.0,1.0
23,2009,881.4,1.0
23,2009,820.0,1.0
23,2009,370.0,0.43243244
23,2009,1050.0,1.0
23,2009,1010.0,0.95049506
23,2009,2901.0,1.0
23,2009,280.0,1.0
23,2009,1168.6,0.40099263
23,2009,1934.8,1.0
23,2009,1174.5,1.0
23,2009,2049.0,0.99804783
23,2009,994.0,1.0
23,2009,300.0,0.66666669
23,2009,495.0,0.54545456
23,2009,700.0,1.0
23,2009,430.0,1.0
23,2009,1570.0,1.0
23,2009,2763.0,0.96380746
23,2009,860.0,1.0
23,2009,2369.0,1.0
23,2009,3680.0,0.97282606
23,2009,226.5,1.0
23,2009,2271.2,1.0
23,2009,1902.5,1.0
23,2009,900.0,1.0
23,2009,2450.0,1.0
23,2009,2088.4,1.0
23,2009,1912.0,1.0
23,2009,250.0,1.0
23,2009,1040.0,1.0
23,2009,1460.9,0.86309808
23,2009,260.0,1.0
23,2009,310.0,0.77419353
23,2009,763.0,0.9921363
23,2009,300.0,1.0
23,2009,1966.0,1.0
23,2009,230.0,1.0
23,2009,3704.6,1.0
23,2009,170.0,0.0
23,2009,380.0,1.0
23,2009,837.6,0.76122254
23,2009,1094.0,1.0
23,2009,1404.0,1.0
23,2009,1450.0,1.0
23,2009,1366.0,1.0
23,2009,200.0,1.0
23,2009,100.0,1.0
23,2009,1060.0,1.0
23,2009,1126.0,1.0
23,2009,1865.0,1.0
23,2009,600.0,0.64999998
23,2009,430.0,1.0
23,2009,1202.0,1.0
23,2009,2513.0,1.0
23,2009,1117.0,1.0
23,2009,2356.0,1.0
23,2009,100.0,1.0
32,2009,250.0,1.0
32,2009,1070.2,0.99486077
32,2009,28.6,0.79020977
32,2009,649.2,0.99845964
32,2009,650.0,1.0
32,2009,240.0,1.0
32,2009,100.6,0.95029819
32,2009,100.0,1.0
32,2009,240.2,1.0
32,2009,592.3999999999999,0.99189734
32,2009,55.5,0.0990991
32,2009,7.0,1.0
32,2009,1440.0,1.0
32,2009,30.0,1.0
32,2009,13.9,0.95683455
32,2009,120.0,1.0
32,2009,940.0,0.63829786
32,2009,300.0,1.0
32,2009,1.0,1.0
32,2009,395.4,0.15048052
32,2009,705.0,1.0
32,2009,9.0,1.0
32,2009,8.1,0.62962961
32,2009,470.0,0.68085104
32,2009,101.5,1.0
32,2009,142.3,0.89739984
32,2009,300.0,1.0
32,2009,143.8,0.97635603
32,2009,459.0,0.94488019
32,2009,450.0,0.77777779
32,2009,710.5,0.78676987
32,2009,222.0,0.54954952
32,2009,55.0,1.0
32,2009,356.6999999999999,1.0
32,2009,10.5,1.0
32,2009,1101.0,0.90917349
32,2009,4.0,1.0
32,2009,3935.0,1.0
32,2009,190.0,1.0
32,2009,300.0,1.0
32,2009,150.0,1.0
32,2009,130.0,0.0
32,2009,65.0,1.0
32,2009,436.0,0.54128438
32,2009,158.5,1.0
32,2009,28.4,1.0
32,2009,301.5,0.66334993
32,2009,340.0,1.0
32,2009,220.0,1.0
32,2009,50.0,1.0
32,2009,450.0,0.77777779
32,2009,724.5,0.79296064
32,2009,261.0,0.042145595
32,2009,1353.4,0.8492685
32,2009,200.0,1.0
32,2009,50.0,1.0
32,2009,40.0,0.0
32,2009,39.0,0.48717949
32,2009,59.0,1.0
32,2009,200.0,1.0
32,2009,20.0,0.0
32,2009,200.0,1.0
32,2009,2805.0,1.0
32,2009,635.0,0.92125982
32,2009,226.0,1.0
32,2009,220.0,1.0
32,2009,340.0,0.82352942
32,2009,6.0,1.0
32,2009,796.5999999999999,1.0
32,2009,2897.0,0.99896443
32,2009,235.0,1.0
32,2009,981.0,1.0
32,2009,900.0,1.0
32,2009,220.0,1.0
32,2009,550.0,1.0
32,2009,812.0,0.93842363
32,2009,425.0,1.0
32,2009,67.0,0.25373134
32,2009,833.0,1.0
32,2009,170.0,1.0
32,2009,212.2,0.99434495
32,2009,48.1,0.97920996
32,2009,50.0,1.0
32,2009,650.0,0.76923078
32,2009,90.0,1.0
32,2009,190.0,1.0
32,2009,1258.5,0.2451331
32,2009,155.0,1.0
32,2009,164.0,1.0
32,2009,435.5,1.0
32,2009,465.0,1.0
32,2009,125.0,1.0
32,2009,1930.0,1.0
32,2009,150.0,0.33333334
32,2009,250.0,1.0
32,2009,890.0,0.88764048
32,2009,225.0,0.55555558
32,2009,50.0,1.0
32,2009,430.0,0.94186044
32,2009,130.0,1.0
32,2009,250.0,1.0
32,2009,50.0,1.0
32,2009,608.0,0.78618419
32,2009,59.9,1.0
32,2009,100.0,1.0
32,2009,952.0,0.68277311
32,2009,190.0,1.0
32,2009,50.0,0.0
32,2009,905.1,0.85636944
32,2009,795.0,0.93710691
32,2009,150.0,1.0
32,2009,937.0,1.0
32,2009,133.1,0.94214875
32,2009,100.0,1.0
32,2009,1124.0,1.0
32,2009,290.0,1.0
32,2009,50.0,1.0
32,2009,80.0,0.75
32,2009,50.0,1.0
32,2009,256.0,1.0
32,2009,11.3,1.0
32,2009,203.5,0.95577395
32,2009,308.3,1.0
32,2009,284.4,0.11040787
32,2009,1085.0,1.0
32,2009,105.0,1.0
32,2009,290.0,1.0
32,2009,84.30000000000001,1.0
32,2009,15.0,0.26666668
32,2009,123.2,0.16558442
32,2009,100.0,0.0
32,2009,184.0,0.021739131
32,2009,579.7,0.7186476
32,2009,189.5,0.59102905
32,2009,50.0,0.0
32,2009,205.3,0.96395516
32,2009,24.5,1.0
32,2009,764.0,1.0
32,2009,500.0,1.0
32,2009,200.0,1.0
32,2009,2185.0,1.0
32,2009,1150.0,0.9130435
32,2009,100.0,1.0
32,2009,302.4,1.0
32,2009,2548.5,0.74278986
32,2009,110.4,0.54710144
32,2009,40.0,0.0
32,2009,100.0,1.0
32,2009,330.0,1.0
32,2009,708.0,0.50564975
32,2009,365.0,1.0
32,2009,30.0,1.0
32,2009,120.0,1.0
32,2009,50.0,1.0
32,2009,5.0,1.0
32,2009,800.0,1.0
32,2009,812.0,1.0
32,2009,275.0,1.0
32,2009,1169.0,1.0
32,2009,120.0,0.0
32,2009,110.0,1.0
32,2009,550.0,1.0
32,2009,75.2,0.33510637
32,2009,175.0,1.0
32,2009,305.0,0.50819671
32,2009,1088.5,1.0
32,2009,230.0,1.0
32,2009,100.0,0.0
32,2009,630.0,1.0
32,2009,1018.0,1.0
32,2009,2190.0,1.0
32,2009,762.0,1.0
32,2009,26.6,0.84962404
32,2009,130.0,0.23076923
32,2009,1076.0,1.0
32,2009,30.5,0.6557377
32,2009,150.0,1.0
32,2009,550.0,1.0
32,2009,115.0,1.0
32,2009,114.5,0.12663755
32,2009,977.0,1.0
32,2009,3040.0,1.0
32,2009,339.0,1.0
32,2009,403.0,0.75186104
32,2009,108.0,1.0
32,2009,58.0,1.0
32,2009,11.6,0.82758623
32,2009,100.5,0.0049751243
32,2009,935.0,0.57219249
32,2009,100.0,1.0
32,2009,410.0,0.43902439
32,2009,500.0,1.0
32,2009,100.0,1.0
32,2009,100.0,1.0
32,2009,50.0,0.0
37,2009,335.0,1.0
37,2009,145.0,1.0
37,2009,1586.0,1.0
37,2009,334.0,1.0
37,2009,205.0,1.0
37,2009,432.5,1.0
37,2009,280.0,1.0
37,2009,655.0,1.0
37,2009,135.0,0.18518518
37,2009,320.7,0.99688184
37,2009,472.0,0.68220341
37,2009,300.0,1.0
37,2009,180.0,0.72222221
37,2009,305.0,0.67213112
37,2009,1318.0,1.0
37,2009,80.0,1.0
37,2009,440.0,1.0
37,2009,265.0,1.0
37,2009,240.0,1.0
37,2009,300.0,1.0
37,2009,134.0,1.0
37,2009,800.0,1.0
37,2009,913.0,1.0
37,2009,970.0,1.0
37,2009,530.0,1.0
37,2009,230.0,1.0
37,2009,75.0,1.0
37,2009,145.0,1.0
37,2009,1225.0,1.0
37,2009,1398.5,1.0
37,2009,260.0,1.0
37,2009,520.0,1.0
37,2009,130.0,1.0
37,2009,1740.0,0.97126436
37,2009,731.0,1.0
37,2009,569.0,1.0
37,2009,355.0,1.0
37,2009,1929.5,1.0
37,2009,220.0,1.0
37,2009,302.5,1.0
37,2009,850.0,1.0
37,2009,250.0,0.60000002
37,2009,1182.0,1.0
37,2009,160.0,1.0
37,2009,1270.0,1.0
37,2009,1270.0,1.0
37,2009,320.0,1.0
37,2009,302.0,1.0
37,2009,1500.0,1.0
37,2009,614.0,1.0
37,2009,1262.0,1.0
37,2009,1418.1,1.0
37,2009,125.0,1.0
37,2009,450.0,1.0
37,2009,540.0,1.0
37,2009,1150.0,1.0
37,2009,489.5,0.99795711
37,2009,291.5,1.0
37,2009,106.0,1.0
37,2009,89.0,1.0
37,2009,1928.0,1.0
37,2009,770.0,1.0
37,2009,716.0,1.0
37,2009,135.0,1.0
37,2009,970.0,0.93814433
37,2009,1835.0,1.0
37,2009,725.0,0.62758619
37,2009,660.0,1.0
37,2009,577.5,0.72294372
37,2009,810.0,1.0
37,2009,231.0,1.0
37,2009,1112.0,1.0
37,2009,1950.0,1.0
37,2009,74.0,1.0
37,2009,265.0,1.0
37,2009,531.0,1.0
37,2009,300.0,1.0
37,2009,200.0,1.0
37,2009,290.0,1.0
37,2009,2620.0,1.0
37,2009,70.0,1.0
37,2009,320.0,1.0
37,2009,140.5,1.0
37,2009,220.0,1.0
37,2009,1694.0,1.0
37,2009,2341.0,1.0
37,2009,1040.0,1.0
37,2009,150.0,1.0
37,2009,1036.8,1.0
37,2009,280.0,1.0
37,2009,1115.3,1.0
37,2009,215.0,1.0
37,2009,265.0,1.0
37,2009,382.0,1.0
37,2009,525.5,1.0
37,2009,169.0,1.0
37,2009,360.0,1.0
37,2009,1362.0,1.0
37,2009,300.0,1.0
37,2009,225.0,1.0
37,2009,1022.0,1.0
37,2009,1022.0,1.0
37,2009,1040.0,1.0
37,2009,1283.0,1.0
37,2009,418.0,1.0
37,2009,40.0,1.0
37,2009,447.7,1.0
37,2009,460.0,1.0
37,2009,200.0,1.0
37,2009,305.0,1.0
37,2009,300.0,1.0
37,2009,399.0,1.0
37,2009,555.0,1.0
37,2009,1901.0,1.0
37,2009,50.0,1.0
37,2009,40.0,1.0
37,2009,150.0,0.0
37,2009,3055.0,1.0
37,2009,3066.2,1.0
37,2009,356.0,1.0
37,2009,1497.4,1.0
37,2009,160.0,1.0
37,2009,315.2,1.0
37,2009,889.0,1.0
37,2009,11.0,1.0
37,2009,703.0,1.0
37,2009,190.0,1.0
37,2009,1033.7,0.85489023
37,2009,1880.0,1.0
37,2009,224.0,1.0
37,2009,690.0,1.0
37,2009,90.0,1.0
37,2009,1170.0,1.0
37,2009,380.0,0.7368421
37,2009,539.4000000000001,1.0
37,2009,110.0,1.0
37,2009,110.0,1.0
37,2009,304.5,0.50738919
37,2009,150.0,1.0
37,2009,630.0,1.0
37,2009,658.0,1.0
37,2009,409.0,1.0
37,2009,591.0,1.0
37,2009,587.4,1.0
37,2009,450.0,1.0
37,2009,624.0,1.0
37,2009,550.0,1.0
37,2009,153.0,1.0
37,2009,870.0,1.0
37,2009,200.0,1.0
37,2009,120.0,1.0
37,2009,315.0,1.0
37,2009,799.6,1.0
37,2009,310.0,1.0
37,2009,300.0,1.0
37,2009,450.2,0.99111503
37,2009,245.0,1.0
37,2009,120.0,1.0
37,2009,807.1,0.81414944
37,2009,1263.0,1.0
37,2009,2424.0,1.0
37,2009,1013.0,1.0
37,2009,260.0,1.0
37,2009,260.0,1.0
37,2009,150.0,1.0
37,2009,2160.0,1.0
37,2009,350.0,1.0
37,2009,719.0,0.99721837
37,2009,978.0,1.0
37,2009,515.0,1.0
37,2009,290.0,1.0
37,2009,351.5,1.0
37,2009,780.0,0.71794873
37,2009,1030.0,1.0
37,2009,405.0,1.0
37,2009,340.0,1.0
37,2009,32.2,1.0
37,2009,400.0,1.0
37,2009,1006.0,1.0
37,2009,100.0,0.5
37,2009,200.0,0.0
37,2009,350.0,1.0
37,2009,70.0,1.0
37,2009,250.5,1.0
37,2009,422.9,1.0
37,2009,270.0,1.0
37,2009,92.0,1.0
37,2009,920.0,1.0
37,2009,220.0,1.0
37,2009,76.0,1.0
37,2009,1620.0,1.0
37,2009,1534.0,1.0
37,2009,980.0,1.0
37,2009,1326.4,1.0
37,2009,329.0,1.0
37,2009,550.0,1.0
37,2009,690.0,1.0
37,2009,126.0,0.20634921
37,2009,650.0,1.0
37,2009,290.0,1.0
37,2009,305.0,1.0
37,2009,1228.0,1.0
37,2009,680.0,1.0
37,2009,1219.0,1.0
37,2009,1125.0,1.0
37,2009,340.0,1.0
37,2009,550.0,1.0
37,2009,694.0,1.0
37,2009,1859.0,1.0
37,2009,410.0,1.0
37,2009,530.0,1.0
37,2009,2521.0,1.0
37,2009,760.0999999999999,1.0
37,2009,560.0,1.0
37,2009,260.0,0.0
37,2009,1236.0,0.99983817
37,2009,1111.3,1.0
37,2009,720.0,1.0
37,2009,440.0,1.0
37,2009,950.0,1.0
41,2009,180.0,0.11111111
41,2009,310.0,1.0
41,2009,470.0,0.0
41,2009,1608.3,0.81346762
41,2009,316.0,1.0
41,2009,500.0,1.0
41,2009,2140.0,0.64953274
41,2009,580.0,1.0
41,2009,160.0,1.0
41,2009,210.0,0.88095236
41,2009,521.8,1.0
41,2009,770.0,1.0
41,2009,924.3,0.94482309
41,2009,210.0,1.0
41,2009,370.0,1.0
41,2009,57.0,1.0
41,2009,30.0,1.0
41,2009,953.0,1.0
41,2009,1821.0,1.0
41,2009,430.0,1.0
41,2009,682.0,0.96334308
41,2009,300.0,1.0
41,2009,355.0,1.0
41,2009,307.0,1.0
41,2009,523.0,1.0
41,2009,1505.0,1.0
41,2009,210.0,0.52380955
41,2009,330.0,0.27272728
41,2009,882.0,1.0
41,2009,400.0,1.0
41,2009,87.0,1.0
41,2009,898.5,0.88703394
41,2009,190.0,1.0
41,2009,1680.0,1.0
41,2009,2.2,1.0
41,2009,250.0,1.0
41,2009,1292.6,1.0
41,2009,250.0,1.0
41,2009,21.0,0.0
41,2009,2170.0,1.0
41,2009,109.3,1.0
41,2009,288.0,1.0
41,2009,25.0,1.0
41,2009,1560.0,1.0
41,2009,640.0,1.0
41,2009,525.0,1.0
41,2009,374.0,1.0
41,2009,15.0,1.0
41,2009,1100.0,1.0
41,2009,400.0,1.0
41,2009,200.0,0.85000002
41,2009,2474.0,1.0
41,2009,879.0,0.74971557
41,2009,418.0,1.0
41,2009,400.0,1.0
41,2009,10.0,1.0
41,2009,790.0,0.62025315
41,2009,400.0,1.0
41,2009,500.0,1.0
41,2009,324.4,0.6300863
41,2009,435.0,1.0
41,2009,450.0,1.0
41,2009,497.0,1.0
41,2009,531.0,1.0
41,2009,390.0,1.0
41,2009,690.0,1.0
41,2009,900.0,1.0
41,2009,80.0,1.0
41,2009,346.9,1.0
41,2009,150.0,1.0
41,2009,1032.0,1.0
41,2009,90.0,0.0
41,2009,960.0,1.0
41,2009,700.0,1.0
41,2009,102.0,1.0
41,2009,950.0,1.0
41,2009,425.0,1.0
41,2009,770.0,1.0
41,2009,785.0,1.0
41,2009,150.0,1.0
41,2009,566.5,0.73521626
41,2009,1290.0,1.0
41,2009,1820.0,0.98351645
41,2009,200.0,1.0
41,2009,50.0,1.0
41,2009,200.0,1.0
41,2009,200.0,1.0
41,2009,601.0,1.0
41,2009,11.0,1.0
41,2009,330.0,1.0
41,2009,1165.0,1.0
41,2009,45.0,1.0
41,2009,470.0,1.0
41,2009,150.0,1.0
41,2009,180.0,1.0
41,2009,1164.5,1.0
41,2009,837.0,1.0
41,2009,440.0,1.0
41,2009,100.0,1.0
41,2009,360.0,0.8611111
41,2009,175.0,0.60000002
41,2009,300.0,1.0
41,2009,1000.1,0.95000499
41,2009,750.0,1.0
41,2009,850.0,0.94117647
41,2009,40.0,1.0
41,2009,200.0,0.60000002
41,2009,160.0,1.0
41,2009,3676.0,1.0
41,2009,910.0,0.74725276
41,2009,250.0,1.0
41,2009,200.0,1.0
41,2009,689.5,1.0
41,2009,2092.4,1.0
41,2009,450.0,1.0
41,2009,320.0,1.0
41,2009,770.0,1.0
41,2009,210.0,1.0
41,2009,284.5,1.0
41,2009,803.0,1.0
41,2009,141.0,1.0
41,2009,310.0,1.0
41,2009,880.0,0.625
41,2009,310.0,1.0
41,2009,128.0,1.0
41,2009,350.0,1.0
41,2009,100.0,1.0
41,2009,401.0,1.0
41,2009,800.0,1.0
41,2009,105.0,0.38095239
41,2009,150.0,0.86666667
41,2009,687.0,1.0
41,2009,227.0,1.0
41,2009,823.5999999999999,0.99757165
41,2009,152.0,0.5131579
41,2009,282.0,1.0
41,2009,400.0,1.0
41,2009,200.0,0.0
41,2009,40.0,1.0
41,2009,835.0,1.0
41,2009,770.0,1.0
41,2009,632.0,0.85759491
41,2009,1495.0,1.0
41,2009,350.0,1.0
41,2009,600.0,1.0
41,2009,201.0,1.0
41,2009,425.0,1.0
41,2009,542.0,1.0
41,2009,235.0,1.0
41,2009,978.6,1.0
41,2009,410.0,1.0
41,2009,1125.0,1.0
41,2009,541.0,1.0
41,2009,1000.0,1.0
41,2009,550.0,1.0
41,2009,280.0,1.0
41,2009,1187.9,0.99898982
41,2009,16.5,1.0
41,2009,1365.0,1.0
41,2009,1080.0,1.0
41,2009,280.0,1.0
41,2009,383.0,1.0
41,2009,544.0,1.0
41,2009,560.0,0.91071427
41,2009,355.0,1.0
42,2009,206.0,1.0
42,2009,925.0,0.94594592
42,2009,40.0,1.0
42,2009,2.0,1.0
42,2009,330.0,1.0
42,2009,110.0,1.0
42,2009,100.0,0.0
42,2009,260.0,1.0
42,2009,635.0,1.0
42,2009,152.0,1.0
42,2009,200.0,1.0
42,2009,310.0,1.0
42,2009,160.5,0.065420561
42,2009,810.0,1.0
42,2009,70.0,1.0
42,2009,983.0,1.0
42,2009,366.0,0.99726778
42,2009,350.0,1.0
42,2009,6.0,1.0
42,2009,330.0,1.0
42,2009,926.0,1.0
42,2009,1106.7,0.99304235
42,2009,220.0,1.0
42,2009,369.0,0.72899729
42,2009,206.0,0.27184466
42,2009,52.0,1.0
42,2009,21.0,0.76190478
42,2009,500.0,1.0
42,2009,400.0,1.0
42,2009,662.0,0.99848944
42,2009,810.0,1.0
42,2009,615.5,0.83103168
42,2009,455.0,0.78021979
42,2009,350.0,0.0
42,2009,312.0,1.0
42,2009,230.0,1.0
42,2009,150.0,0.0
42,2009,346.0,1.0
42,2009,150.0,1.0
42,2009,213.0,1.0
42,2009,80.0,1.0
42,2009,200.0,1.0
42,2009,625.0,0.51999998
42,2009,203.0,1.0
42,2009,1040.0,1.0
42,2009,394.0,1.0
42,2009,1408.5,1.0
42,2009,100.0,1.0
42,2009,241.0,1.0
42,2009,374.0,1.0
42,2009,1.0,1.0
42,2009,580.0,1.0
42,2009,314.0,0.955414
42,2009,200.0,1.0
42,2009,130.0,1.0
42,2009,101.0,1.0
42,2009,360.0,1.0
42,2009,281.0,1.0
42,2009,360.0,0.72222221
42,2009,380.0,1.0
42,2009,260.0,1.0
42,2009,8.0,1.0
42,2009,117.0,0.05982906
42,2009,530.0,1.0
42,2009,166.0,1.0
42,2009,404.0,1.0
42,2009,46.0,0.13043478
42,2009,169.0,1.0
42,2009,2200.0,1.0
42,2009,60.0,1.0
42,2009,8.0,1.0
42,2009,93.0,1.0
42,2009,278.0,1.0
42,2009,122.5,0.020408163
42,2009,113.5,1.0
42,2009,360.5,1.0
42,2009,3.0,1.0
42,2009,307.0,1.0
42,2009,144.5,1.0
42,2009,275.0,1.0
42,2009,20.5,1.0
42,2009,300.0,1.0
42,2009,184.2,0.98805648
42,2009,52.0,1.0
42,2009,150.0,0.0
42,2009,100.0,1.0
42,2009,6.0,1.0
42,2009,134.0,0.96268654
42,2009,3.0,1.0
42,2009,965.0,1.0
42,2009,150.0,0.0
42,2009,200.0,1.0
42,2009,56.0,0.10714286
42,2009,120.0,1.0
42,2009,259.5,0.99614644
42,2009,160.0,0.375
42,2009,1590.0,1.0
42,2009,200.0,0.0
42,2009,108.3,0.076638967
42,2009,250.0,1.0
42,2009,124.0,0.032258064
42,2009,1250.0,1.0
42,2009,100.0,1.0
42,2009,907.0,0.75744212
42,2009,100.5,1.0
42,2009,199.0,0.34673366
42,2009,188.0,0.68085104
42,2009,711.0,0.50070322
42,2009,200.0,1.0
42,2009,340.0,0.70588237
42,2009,2.0,1.0
42,2009,285.0,1.0
42,2009,429.0,1.0
42,2009,340.3,0.70614165
42,2009,455.0,1.0
42,2009,6.0,1.0
42,2009,13.1,1.0
42,2009,420.0,1.0
42,2009,150.0,1.0
42,2009,540.2,1.0
42,2009,385.0,0.93506491
42,2009,20.6,1.0
42,2009,450.0,1.0
42,2009,370.0,1.0
42,2009,150.0,1.0
42,2009,205.0,0.31707317
42,2009,12.0,1.0
42,2009,688.2,0.99709386
42,2009,126.0,1.0
42,2009,600.0,1.0
42,2009,480.0,1.0
42,2009,386.0,1.0
42,2009,574.0,0.91289198
43,2009,2.0,1.0
43,2009,134.5,1.0
43,2009,300.0,1.0
43,2009,840.0,1.0
43,2009,265.0,0.24528302
43,2009,105.0,1.0
43,2009,100.0,1.0
43,2009,160.0,1.0
43,2009,34.4,1.0
43,2009,190.0,1.0
43,2009,50.0,0.0
43,2009,85.8,1.0
43,2009,350.0,1.0
43,2009,100.0,1.0
43,2009,100.0,1.0
43,2009,268.01,1.0
43,2009,425.5,1.0
43,2009,130.0,1.0
43,2009,7.5,0.56
43,2009,120.0,1.0
43,2009,4.0,1.0
43,2009,20.0,1.0
43,2009,300.0,1.0
43,2009,11.6,1.0
43,2009,80.0,1.0
43,2009,4.0,1.0
43,2009,80.0,1.0
43,2009,8.0,1.0
43,2009,1.0,1.0
43,2009,369.5,0.99188089
43,2009,100.0,1.0
43,2009,2.0,1.0
43,2009,443.1,0.65696234
43,2009,125.0,1.0
43,2009,404.6,1.0
43,2009,397.0,1.0
43,2009,2.2,1.0
43,2009,1211.0,1.0
43,2009,5.1,1.0
43,2009,145.0,0.31034482
43,2009,210.0,0.52380955
43,2009,111.5,1.0
43,2009,124.5,1.0
43,2009,61.0,1.0
43,2009,500.0,1.0
43,2009,50.0,0.0
43,2009,344.0,0.70930231
43,2009,150.0,1.0
43,2009,52.6,1.0
43,2009,650.0,0.69230771
43,2009,8.0,1.0
43,2009,150.0,1.0
43,2009,137.0,0.270073
43,2009,52.6,1.0
43,2009,607.5,1.0
43,2009,120.0,1.0
43,2009,500.0,1.0
43,2009,7.0,1.0
43,2009,400.0,1.0
43,2009,334.0,1.0
43,2009,100.0,1.0
43,2009,79.60000000000001,1.0
43,2009,195.0,0.9948718
43,2009,100.0,1.0
43,2009,354.5,0.99858958
43,2009,150.0,1.0
43,2009,290.0,1.0
43,2009,410.0,1.0
43,2009,200.0,1.0
43,2009,150.0,1.0
43,2009,150.0,1.0
43,2009,120.0,1.0
43,2009,38.10000000000001,0.88451445
43,2009,117.8,1.0
43,2009,4.1,1.0
43,2009,100.0,1.0
43,2009,175.0,1.0
43,2009,360.0,0.027777778
43,2009,304.0,1.0
43,2009,396.0,1.0
43,2009,6.600000000000001,1.0
43,2009,1432.5,0.85933685
43,2009,300.0,0.33333334
43,2009,37.0,0.86486489
43,2009,305.5,1.0
43,2009,100.0,1.0
43,2009,10.0,1.0
43,2009,102.0,0.019607844
43,2009,6.0,1.0
43,2009,19.2,1.0
43,2009,630.0,1.0
43,2009,7.5,1.0
43,2009,329.5,1.0
43,2009,484.5,1.0
43,2009,157.0,1.0
43,2009,5.5,1.0
43,2009,1200.0,0.041666668
43,2009,77.0,1.0
43,2009,2.0,1.0
43,2009,100.0,1.0
43,2009,29.0,1.0
43,2009,102.0,1.0
43,2009,6.199999999999999,1.0
43,2009,220.0,1.0
43,2009,6.0,1.0
43,2009,3.0,1.0
43,2009,5.5,1.0
43,2009,350.0,1.0
43,2009,175.0,1.0
43,2009,42.59999999999999,1.0
43,2009,9.7,1.0
43,2009,2.0,1.0
43,2009,105.0,1.0
43,2009,320.0,1.0
43,2009,1.0,1.0
43,2009,89.5,1.0
43,2009,150.0,1.0
43,2009,361.0,1.0
43,2009,200.0,1.0
43,2009,200.0,1.0
43,2009,7.6,0.7368421
43,2009,13.0,1.0
43,2009,50.0,1.0
43,2009,136.0,0.97058821
43,2009,5.5,1.0
43,2009,1014.0,0.95069033
43,2009,13.7,1.0
43,2009,150.0,1.0
43,2009,9.9,1.0
43,2009,1.0,1.0
43,2009,170.0,1.0
43,2009,486.0,1.0
43,2009,180.0,1.0
43,2009,100.0,1.0
43,2009,17.0,1.0
43,2009,370.0,1.0
45,2009,80.0,1.0
45,2009,6.7,1.0
45,2009,100.0,1.0
45,2009,115.0,1.0
45,2009,79.2,1.0
45,2009,5.0,1.0
45,2009,311.0,0.80064309
45,2009,6.0,0.0
45,2009,4.0,1.0
45,2009,75.0,0.33333334
45,2009,150.0,0.0
45,2009,5.0,1.0
45,2009,90.2,0.046563193
45,2009,1.0,1.0
45,2009,9.0,0.33333334
45,2009,486.0,0.9835391
45,2009,2.0,1.0
45,2009,74.0,1.0
45,2009,228.0,1.0
45,2009,100.8,0.50396824
45,2009,4.5,1.0
45,2009,270.0,0.97777778
45,2009,200.0,1.0
45,2009,15.0,1.0
45,2009,169.0,1.0
45,2009,109.9,0.96360326
45,2009,12.0,1.0
45,2009,100.0,1.0
45,2009,224.0,0.4642857
45,2009,100.0,1.0
45,2009,174.0,0.97126436
45,2009,131.0,0.045801528
45,2009,11.5,1.0
45,2009,15.5,1.0
45,2009,11.5,1.0
45,2009,5.5,1.0
45,2009,395.0,1.0
45,2009,12.2,1.0
45,2009,250.0,0.40000001
45,2009,402.2,0.50273496
45,2009,5.0,1.0
45,2009,6.0,0.66666669
45,2009,650.0,1.0
45,2009,3.0,1.0
45,2009,150.0,1.0
45,2009,12.5,1.0
45,2009,5.5,0.45454547
45,2009,318.0,0.98113209
45,2009,416.0,1.0
45,2009,7.0,1.0
45,2009,3.0,1.0
45,2009,214.3,0.98366773
45,2009,55.0,0.92727274
45,2009,154.5,1.0
45,2009,10.0,1.0
45,2009,110.0,1.0
45,2009,90.0,1.0
45,2009,13.6,1.0
45,2009,215.0,1.0
45,2009,14.0,0.5714286
45,2009,15.0,1.0
45,2009,6.0,1.0
45,2009,276.0,1.0
45,2009,343.0,0.99125367
45,2009,208.0,1.0
45,2009,357.0,1.0
45,2009,506.0,1.0
45,2009,896.0,0.9598214
45,2009,100.0,1.0
45,2009,100.0,1.0
45,2009,7.0,1.0
45,2009,300.0,0.0
45,2009,80.0,1.0
45,2009,265.5,0.99435025
45,2009,557.0,0.89228004
45,2009,16.0,1.0
45,2009,13.0,1.0
45,2009,180.0,1.0
45,2009,184.0,1.0
45,2009,16.3,1.0
45,2009,200.0,1.0
45,2009,390.0,0.84615386
45,2009,11.0,1.0
45,2009,4.0,1.0
45,2009,200.0,0.25
45,2009,400.0,1.0
45,2009,70.0,1.0
45,2009,400.0,1.0
45,2009,1.0,1.0
45,2009,100.0,1.0
45,2009,258.3,1.0
45,2009,14.0,1.0
45,2009,50.0,1.0
45,2009,5.5,1.0
45,2009,350.0,1.0
45,2009,211.0,1.0
45,2009,11.7,1.0
45,2009,125.0,1.0
45,2009,7.2,0.8611111
45,2009,8.0,0.75
45,2009,180.0,0.0
45,2009,10.5,1.0
45,2009,30.0,1.0
45,2009,600.0,1.0
45,2009,708.9000000000001,1.0
45,2009,100.0,1.0
45,2009,8.5,0.41176471
45,2009,80.0,1.0
45,2009,100.0,1.0
45,2009,790.1,1.0
45,2009,200.0,1.0
45,2009,9.0,1.0
45,2009,19.0,0.52631581
45,2009,153.0,1.0
45,2009,10.5,1.0
45,2009,38.0,1.0
45,2009,9.5,1.0
45,2009,6.0,1.0
45,2009,8.0,0.75
45,2009,120.0,1.0
45,2009,563.0,1.0
45,2009,100.0,1.0
45,2009,444.0,1.0
45,2009,184.0,1.0
45,2009,250.0,1.0
45,2009,13.3,1.0
45,2009,400.0,1.0
45,2009,1.0,1.0
45,2009,50.0,1.0
45,2009,200.0,1.0
45,2009,192.0,1.0
45,2009,1.0,1.0
45,2009,9.0,1.0
45,2009,114.2,0.99124342
45,2009,350.0,1.0
45,2009,100.0,1.0
45,2009,8.0,1.0
45,2009,8.0,1.0
45,2009,2.3,1.0
45,2009,450.0,1.0
45,2009,108.1,1.0
45,2009,720.0,1.0
45,2009,63.6,1.0
45,2009,354.0,0.89971751
45,2009,100.0,0.0
45,2009,303.0,1.0
45,2009,60.0,1.0
45,2009,322.0,1.0
45,2009,6.0,1.0
45,2009,3.5,1.0
45,2009,10.0,1.0
45,2009,113.5,1.0
45,2009,416.5,0.71188474
45,2009,1.0,1.0
45,2009,13.0,1.0
45,2009,192.0,0.8125
45,2009,307.0,1.0
45,2009,290.0,0.68965518
45,2009,80.0,1.0
45,2009,4.0,1.0
45,2009,100.0,1.0
45,2009,8.5,0.70588237
45,2009,8.0,1.0
45,2009,8.9,1.0
45,2009,263.9,0.99242139
45,2009,15.0,1.0
45,2009,13.0,0.88461536
45,2009,264.0,1.0
45,2009,111.3,0.96406108
45,2009,50.0,1.0
45,2009,302.3,0.6692028
45,2009,105.9,1.0
45,2009,95.0,1.0
45,2009,3.0,0.33333334
45,2009,202.0,1.0
45,2009,17.5,0.65714288
45,2009,644.0,0.92546582
45,2009,336.0,1.0
45,2009,150.0,1.0
45,2009,134.7,1.0
45,2009,19.0,0.42105263
45,2009,199.0,1.0
45,2009,214.0,1.0
45,2009,150.0,1.0
45,2009,3.0,0.66666669
45,2009,160.6,0.99003738
45,2009,200.0,1.0
45,2009,420.0,1.0
45,2009,539.0,1.0
45,2009,100.0,1.0
45,2009,120.0,1.0
45,2009,0.5,1.0
45,2009,70.0,1.0
45,2009,70.0,1.0
45,2009,4.0,1.0
45,2009,217.3,0.07961344
45,2009,10.2,0.11764706
45,2009,158.0,1.0
45,2009,9.4,1.0
52,2009,5.0,0.0
52,2009,1560.0,1.0
52,2009,495.0,1.0
52,2009,2020.0,1.0
52,2009,1120.0,1.0
52,2009,2070.0,1.0
52,2009,1390.0,1.0
52,2009,352.0,1.0
52,2009,100.0,0.0
52,2009,590.0,1.0
52,2009,931.0,0.97851771
52,2009,415.0,0.3253012
52,2009,2320.0,1.0
52,2009,415.0,1.0
52,2009,1350.5,0.99985188
52,2009,810.0,1.0
52,2009,402.0,1.0
52,2009,200.0,1.0
52,2009,308.0,0.97402596
52,2009,2892.0,0.93084371
52,2009,415.0,1.0
52,2009,108.0,0.96296299
52,2009,52.0,0.0
52,2009,100.0,1.0
52,2009,746.0,1.0
52,2009,300.0,1.0
52,2009,852.0,0.88028169
52,2009,955.0,0.86387432
52,2009,20.0,1.0
52,2009,300.0,1.0
52,2009,347.7,1.0
52,2009,150.0,1.0
52,2009,650.0,1.0
52,2009,2041.1,0.99951005
52,2009,332.0,0.8493976
52,2009,1949.0,1.0
52,2009,150.0,1.0
52,2009,1207.0,1.0
52,2009,1460.0,1.0
52,2009,413.0,1.0
52,2009,750.0,1.0
52,2009,524.0,0.96183205
52,2009,130.0,0.76923078
52,2009,50.0,1.0
52,2009,752.0,1.0
52,2009,1014.0,1.0
52,2009,400.0,1.0
52,2009,1590.0,1.0
52,2009,300.0,1.0
52,2009,1650.0,1.0
52,2009,350.0,0.0
52,2009,150.0,0.66666669
52,2009,38.0,1.0
52,2009,150.0,1.0
52,2009,150.0,0.0
52,2009,100.0,1.0
52,2009,610.0,1.0
52,2009,200.0,1.0
52,2009,1070.0,1.0
52,2009,550.0,1.0
52,2009,302.0,0.99337751
52,2009,1300.0,1.0
52,2009,52.0,0.96153843
52,2009,600.0,1.0
52,2009,505.0,1.0
52,2009,780.0,1.0
52,2009,840.0,0.4642857
52,2009,494.6,1.0
52,2009,72.0,1.0
52,2009,721.0,0.87517339
52,2009,100.0,0.5
52,2009,145.0,1.0
52,2009,1183.0,1.0
52,2009,1054.0,0.85768503
52,2009,210.0,1.0
52,2009,468.2,0.98547632
52,2009,750.0,1.0
52,2009,2.0,1.0
52,2009,975.0,1.0
52,2009,40.0,0.0
52,2009,1160.0,1.0
52,2009,1531.0,1.0
52,2009,232.0,0.87068963
52,2009,360.0,0.72222221
52,2009,410.0,1.0
52,2009,50.0,1.0
52,2009,80.0,0.0
52,2009,100.0,0.0
52,2009,890.0,0.94382024
52,2009,360.0,1.0
52,2009,901.0,0.9988901
52,2009,264.5,0.98487711
52,2009,281.2,0.99573255
52,2009,250.0,1.0
52,2009,160.0,1.0
52,2009,50.0,0.0
52,2009,100.0,1.0
52,2009,656.0,0.99085367
52,2009,200.0,1.0
52,2009,272.0,0.63235295
52,2009,850.0,1.0
52,2009,154.7,1.0
52,2009,220.0,1.0
52,2009,900.0,1.0
52,2009,280.0,1.0
52,2009,610.0,0.81967211
52,2009,504.5,1.0
52,2009,470.0,1.0
52,2009,185.0,0.54054052
52,2009,930.0,1.0
52,2009,380.0,1.0
52,2009,450.0,1.0
52,2009,100.0,1.0
52,2009,400.0,1.0
52,2009,440.0,1.0
52,2009,410.0,1.0
52,2009,1530.0,1.0
52,2009,1010.0,0.8019802
52,2009,140.0,1.0
52,2009,520.0,1.0
52,2009,690.0,1.0
52,2009,390.0,1.0
52,2009,100.0,1.0
52,2009,1.5,1.0
52,2009,170.0,1.0
52,2009,220.0,0.90909094
52,2009,1060.0,1.0
52,2009,370.0,1.0
52,2009,563.0,1.0
52,2009,1435.0,0.99790943
52,2009,13.0,0.84615386
52,2009,253.0,0.79051381
52,2009,2034.0,0.8770895
52,2009,470.5,0.78746015
52,2009,372.0,1.0
11,2011,1050.0,1.0
11,2011,370.0,1.0
11,2011,150.0,1.0
11,2011,80.0,0.0
11,2011,140.0,1.0
11,2011,240.0,0.5
11,2011,150.0,1.0
11,2011,150.0,1.0
11,2011,100.0,1.0
11,2011,305.0,1.0
11,2011,430.0,1.0
11,2011,240.0,0.95833331
11,2011,220.0,0.0
11,2011,100.0,1.0
11,2011,30.0,0.0
11,2011,350.0,1.0
11,2011,430.0,0.46511629
11,2011,250.0,0.80000001
11,2011,29.0,1.0
11,2011,430.0,0.69767439
11,2011,100.0,1.0
11,2011,50.0,0.0
11,2011,100.0,1.0
11,2011,260.0,0.30769232
11,2011,80.0,1.0
11,2011,150.0,1.0
11,2011,350.0,1.0
11,2011,490.0,0.0
11,2011,380.0,1.0
11,2011,110.0,1.0
11,2011,650.0,1.0
11,2011,30.0,1.0
11,2011,300.0,1.0
11,2011,50.0,1.0
11,2011,540.0,1.0
11,2011,500.0,0.2
11,2011,200.0,0.25
11,2011,200.0,1.0
11,2011,50.0,1.0
11,2011,100.0,1.0
11,2011,150.0,1.0
11,2011,100.0,1.0
11,2011,100.0,1.0
11,2011,600.0,1.0
11,2011,200.0,1.0
11,2011,100.0,1.0
11,2011,60.0,1.0
11,2011,100.0,1.0
11,2011,130.0,1.0
11,2011,210.0,1.0
11,2011,120.0,1.0
11,2011,100.0,1.0
11,2011,100.0,0.0
11,2011,245.0,1.0
11,2011,300.0,0.0
11,2011,200.0,1.0
11,2011,650.0,0.30769232
11,2011,330.0,1.0
11,2011,155.0,1.0
11,2011,100.0,1.0
11,2011,40.0,1.0
11,2011,100.0,1.0
11,2011,620.0,0.17741935
11,2011,315.0,1.0
11,2011,250.0,1.0
11,2011,200.0,1.0
11,2011,100.0,1.0
11,2011,500.0,1.0
11,2011,230.0,0.43478259
11,2011,150.0,0.0
11,2011,200.0,1.0
11,2011,460.0,1.0
11,2011,230.0,1.0
11,2011,350.0,0.85714287
11,2011,50.0,1.0
11,2011,320.0,0.6875
11,2011,150.0,1.0
11,2011,50.0,1.0
11,2011,310.0,1.0
11,2011,100.0,0.0
11,2011,400.0,1.0
11,2011,270.0,0.25925925
11,2011,655.0,0.22900763
11,2011,625.0,1.0
11,2011,700.0,1.0
11,2011,425.0,1.0
11,2011,90.0,1.0
11,2011,160.0,1.0
11,2011,400.0,0.375
11,2011,200.0,1.0
11,2011,400.0,0.75
11,2011,150.0,1.0
11,2011,220.0,1.0
11,2011,180.0,1.0
11,2011,500.0,1.0
11,2011,200.0,0.0
11,2011,30.0,1.0
11,2011,150.0,0.0
11,2011,400.0,1.0
11,2011,100.0,1.0
11,2011,200.0,1.0
11,2011,50.0,1.0
11,2011,130.0,0.0
11,2011,350.0,0.0
11,2011,105.0,1.0
11,2011,160.0,1.0
11,2011,190.0,1.0
11,2011,130.0,1.0
11,2011,150.0,0.0
11,2011,150.0,0.33333334
11,2011,325.0,1.0
11,2011,150.0,1.0
11,2011,100.0,1.0
11,2011,120.0,0.58333331
11,2011,300.0,1.0
11,2011,100.0,1.0
11,2011,470.0,1.0
11,2011,340.0,1.0
11,2011,450.0,1.0
11,2011,280.0,0.5
11,2011,100.0,1.0
11,2011,100.0,1.0
11,2011,380.0,0.52631581
11,2011,175.0,0.057142857
11,2011,800.0,0.0
11,2011,200.0,0.5
11,2011,60.0,1.0
11,2011,137.0,1.0
11,2011,150.0,1.0
11,2011,200.0,1.0
11,2011,600.0,1.0
11,2011,470.0,1.0
11,2011,100.0,0.0
11,2011,320.0,1.0
11,2011,100.0,1.0
11,2011,480.0,1.0
11,2011,550.0,1.0
11,2011,100.0,1.0
11,2011,390.0,0.0
11,2011,280.0,0.2857143
11,2011,100.0,1.0
11,2011,100.0,1.0
11,2011,1000.0,0.85000002
11,2011,10.0,1.0
11,2011,375.0,1.0
11,2011,200.0,0.0
11,2011,50.0,0.0
11,2011,200.0,1.0
11,2011,50.0,1.0
11,2011,275.0,1.0
11,2011,100.0,1.0
11,2011,170.0,1.0
11,2011,100.0,1.0
11,2011,200.0,1.0
11,2011,700.0,1.0
11,2011,100.0,1.0
11,2011,700.0,1.0
11,2011,180.0,1.0
11,2011,100.0,1.0
11,2011,180.0,1.0
11,2011,200.0,1.0
11,2011,150.0,0.66666669
11,2011,650.0,1.0
11,2011,80.0,1.0
11,2011,150.0,1.0
11,2011,150.0,1.0
11,2011,160.0,1.0
11,2011,150.0,1.0
11,2011,100.0,0.0
11,2011,100.0,1.0
11,2011,200.0,1.0
11,2011,595.0,0.73949581
11,2011,50.0,1.0
11,2011,608.0,0.77796054
11,2011,530.0,1.0
11,2011,300.0,1.0
11,2011,145.0,1.0
11,2011,120.0,0.0
11,2011,200.0,1.0
11,2011,400.0,0.55000001
11,2011,175.0,1.0
11,2011,335.0,0.85074627
11,2011,290.0,1.0
11,2011,430.0,1.0
11,2011,100.0,1.0
11,2011,100.0,1.0
11,2011,200.0,1.0
11,2011,200.0,1.0
11,2011,100.0,1.0
11,2011,120.0,1.0
11,2011,30.0,1.0
11,2011,225.0,1.0
11,2011,30.0,0.0
11,2011,250.0,1.0
11,2011,10.0,1.0
11,2011,60.0,1.0
11,2011,250.0,1.0
11,2011,120.0,1.0
11,2011,85.0,1.0
11,2011,350.0,1.0
11,2011,50.0,1.0
11,2011,400.0,1.0
11,2011,100.0,1.0
11,2011,350.0,0.5714286
11,2011,80.0,1.0
11,2011,160.0,1.0
11,2011,215.0,1.0
11,2011,60.0,0.0
11,2011,350.0,1.0
11,2011,500.0,1.0
11,2011,300.0,1.0
11,2011,350.0,1.0
11,2011,250.0,1.0
11,2011,230.0,1.0
11,2011,450.0,0.44444445
11,2011,280.0,0.2857143
11,2011,450.0,1.0
11,2011,200.0,1.0
11,2011,500.0,1.0
11,2011,310.0,1.0
11,2011,400.0,1.0
11,2011,180.0,1.0
11,2011,75.0,1.0
11,2011,15.0,1.0
11,2011,250.0,1.0
11,2011,390.0,1.0
11,2011,150.0,0.66666669
11,2011,280.0,1.0
11,2011,180.0,0.72222221
11,2011,300.0,0.0
11,2011,210.0,1.0
11,2011,50.0,1.0
11,2011,270.0,1.0
11,2011,60.0,1.0
11,2011,220.0,1.0
11,2011,100.0,0.0
11,2011,220.0,1.0
11,2011,100.0,1.0
11,2011,280.0,0.64285713
11,2011,650.0,1.0
11,2011,60.0,1.0
11,2011,120.0,1.0
11,2011,260.0,0.0
11,2011,80.0,1.0
11,2011,250.0,0.2
11,2011,250.0,1.0
11,2011,110.0,1.0
11,2011,100.0,0.0
11,2011,70.0,1.0
11,2011,20.0,0.0
11,2011,100.0,1.0
11,2011,50.0,0.0
11,2011,600.0,1.0
11,2011,200.0,0.0
11,2011,150.0,0.66666669
11,2011,180.0,1.0
11,2011,370.0,1.0
11,2011,280.0,1.0
11,2011,730.0,1.0
11,2011,800.0,1.0
11,2011,480.0,0.0
11,2011,320.0,1.0
11,2011,175.0,1.0
11,2011,80.0,0.0
11,2011,150.0,1.0
11,2011,200.0,1.0
11,2011,110.0,1.0
11,2011,200.0,1.0
11,2011,320.0,1.0
11,2011,480.0,0.79166669
11,2011,325.0,1.0
11,2011,80.0,1.0
11,2011,150.0,1.0
11,2011,100.0,1.0
11,2011,1350.0,1.0
11,2011,600.0,1.0
11,2011,850.0,1.0
11,2011,300.0,1.0
11,2011,50.0,1.0
11,2011,150.0,0.66666669
11,2011,150.0,1.0
11,2011,270.0,1.0
11,2011,230.0,1.0
11,2011,30.0,1.0
11,2011,350.0,1.0
11,2011,100.0,0.0
11,2011,195.0,0.0
11,2011,100.0,1.0
11,2011,400.0,0.5
11,2011,300.0,1.0
11,2011,300.0,1.0
11,2011,300.0,0.0
11,2011,150.0,0.66666669
11,2011,250.0,1.0
11,2011,100.0,0.0
11,2011,50.0,1.0
11,2011,600.0,1.0
11,2011,130.0,0.76923078
11,2011,100.0,1.0
11,2011,200.0,0.0
11,2011,100.0,1.0
11,2011,310.0,1.0
11,2011,10.0,0.0
11,2011,470.0,0.38297874
11,2011,100.0,1.0
11,2011,150.0,0.0
11,2011,200.0,1.0
11,2011,350.0,0.42857143
11,2011,280.0,1.0
11,2011,150.0,0.0
11,2011,180.0,1.0
11,2011,100.0,1.0
11,2011,200.0,1.0
11,2011,290.0,1.0
11,2011,220.0,0.31818181
11,2011,80.0,0.0
11,2011,300.0,0.66666669
11,2011,180.0,1.0
11,2011,200.0,1.0
11,2011,100.0,1.0
11,2011,160.0,0.375
11,2011,100.0,1.0
11,2011,320.0,1.0
11,2011,110.0,1.0
11,2011,100.0,1.0
11,2011,50.0,0.0
11,2011,200.0,1.0
11,2011,350.0,0.85714287
11,2011,470.0,0.25531915
11,2011,150.0,0.66666669
11,2011,400.0,1.0
11,2011,30.0,1.0
11,2011,110.0,1.0
11,2011,250.0,0.2
11,2011,100.0,1.0
11,2011,30.0,1.0
11,2011,100.0,1.0
11,2011,60.0,1.0
11,2011,120.0,1.0
11,2011,405.0,0.49382716
11,2011,100.0,0.0
11,2011,300.0,1.0
11,2011,20.0,1.0
11,2011,356.0,1.0
11,2011,100.0,1.0
11,2011,50.0,1.0
11,2011,290.0,0.65517241
11,2011,100.0,1.0
11,2011,30.0,0.0
11,2011,100.0,0.5
11,2011,500.0,0.69999999
11,2011,100.0,1.0
11,2011,200.0,1.0
11,2011,180.0,0.8888889
11,2011,20.0,1.0
11,2011,100.0,1.0
11,2011,450.0,1.0
11,2011,50.0,0.0
11,2011,60.0,0.0
11,2011,350.0,1.0
11,2011,260.0,1.0
11,2011,40.0,0.0
11,2011,100.0,1.0
11,2011,600.0,0.86666667
11,2011,400.0,0.75
11,2011,105.0,1.0
11,2011,250.0,0.0
11,2011,300.0,1.0
11,2011,100.0,1.0
11,2011,190.0,0.94736844
11,2011,20.0,1.0
11,2011,150.0,0.0
11,2011,200.0,1.0
11,2011,380.0,0.78947371
11,2011,420.0,1.0
11,2011,25.0,0.40000001
11,2011,190.0,0.2631579
11,2011,70.0,1.0
11,2011,500.0,1.0
11,2011,360.0,1.0
11,2011,90.0,1.0
11,2011,350.0,0.85714287
11,2011,220.0,0.72727275
11,2011,250.0,1.0
11,2011,250.0,1.0
11,2011,350.0,1.0
11,2011,50.0,1.0
11,2011,130.0,1.0
11,2011,100.0,1.0
11,2011,100.0,1.0
11,2011,100.0,1.0
11,2011,240.0,0.25
11,2011,100.0,0.5
11,2011,50.0,0.0
11,2011,100.0,0.0
11,2011,75.0,1.0
11,2011,650.0,0.84615386
11,2011,100.0,0.0
11,2011,625.0,1.0
11,2011,250.0,0.0
11,2011,90.0,0.0
11,2011,500.0,0.30000001
11,2011,150.0,1.0
11,2011,60.0,1.0
11,2011,150.0,1.0
11,2011,40.0,1.0
11,2011,200.0,0.0
11,2011,200.0,1.0
11,2011,395.0,0.87341774
11,2011,80.0,0.3125
11,2011,350.0,1.0
11,2011,400.0,1.0
11,2011,20.0,1.0
11,2011,100.0,1.0
11,2011,270.0,1.0
11,2011,500.0,1.0
11,2011,320.0,0.6875
11,2011,480.0,1.0
11,2011,748.0,0.63903743
11,2011,100.0,0.0
11,2011,150.0,1.0
11,2011,68.0,1.0
11,2011,530.0,1.0
11,2011,460.0,0.67391306
11,2011,400.0,1.0
11,2011,100.0,1.0
11,2011,110.0,1.0
11,2011,70.0,1.0
11,2011,200.0,1.0
11,2011,1100.0,0.72727275
11,2011,150.0,1.0
11,2011,100.0,1.0
11,2011,330.0,0.45454547
11,2011,550.0,0.27272728
11,2011,420.0,1.0
11,2011,250.0,1.0
11,2011,70.0,1.0
11,2011,100.0,1.0
11,2011,150.0,1.0
11,2011,100.0,0.5
11,2011,500.0,1.0
11,2011,125.0,0.0
11,2011,160.0,1.0
11,2011,400.0,1.0
11,2011,200.0,1.0
11,2011,450.0,0.55555558
11,2011,100.0,1.0
11,2011,40.0,1.0
11,2011,400.0,1.0
11,2011,130.0,0.76923078
11,2011,458.0,0.73799127
11,2011,290.0,1.0
11,2011,200.0,1.0
11,2011,550.0,0.90909094
11,2011,280.0,1.0
11,2011,350.0,1.0
11,2011,120.0,0.58333331
11,2011,180.0,1.0
11,2011,150.0,1.0
11,2011,150.0,1.0
11,2011,400.0,1.0
11,2011,150.0,1.0
11,2011,200.0,1.0
11,2011,180.0,1.0
11,2011,350.0,1.0
11,2011,160.0,1.0
11,2011,10.0,1.0
11,2011,230.0,1.0
11,2011,30.0,1.0
11,2011,280.0,0.8214286
11,2011,520.0,0.80769229
11,2011,250.0,1.0
11,2011,300.0,1.0
11,2011,300.0,1.0
11,2011,450.0,1.0
11,2011,450.0,1.0
11,2011,230.0,0.30434781
11,2011,80.0,1.0
11,2011,305.0,1.0
11,2011,250.0,1.0
11,2011,90.0,1.0
11,2011,260.0,1.0
11,2011,200.0,1.0
11,2011,1000.0,0.80000001
11,2011,740.0,0.0
11,2011,240.0,1.0
11,2011,100.0,0.0
11,2011,210.0,0.047619049
11,2011,130.0,1.0
11,2011,140.0,0.35714287
11,2011,30.0,0.0
11,2011,10.0,1.0
11,2011,50.0,0.0
11,2011,100.0,1.0
11,2011,570.0,0.3508772
11,2011,50.0,1.0
11,2011,50.0,1.0
11,2011,100.0,1.0
11,2011,50.0,1.0
11,2011,150.0,0.0
11,2011,230.0,0.0
11,2011,80.0,0.75
11,2011,380.0,1.0
11,2011,40.0,1.0
11,2011,130.0,1.0
11,2011,100.0,1.0
11,2011,650.0,1.0
11,2011,150.0,1.0
11,2011,50.0,1.0
11,2011,260.0,0.38461539
11,2011,500.0,1.0
11,2011,400.0,0.5
11,2011,150.0,1.0
11,2011,30.0,1.0
11,2011,100.0,1.0
11,2011,150.0,0.33333334
11,2011,558.0,0.4265233
11,2011,200.0,1.0
11,2011,300.0,0.66666669
11,2011,250.0,0.80000001
11,2011,200.0,1.0
11,2011,1440.0,1.0
11,2011,140.0,0.42857143
11,2011,185.0,1.0
11,2011,300.0,1.0
11,2011,310.0,1.0
11,2011,30.0,1.0
11,2011,350.0,1.0
11,2011,476.0,1.0
11,2011,225.0,1.0
11,2011,130.0,1.0
11,2011,200.0,1.0
11,2011,350.0,1.0
11,2011,300.0,0.66666669
11,2011,40.0,1.0
11,2011,200.0,1.0
11,2011,210.0,0.2857143
11,2011,150.0,1.0
11,2011,550.0,0.090909094
11,2011,80.0,0.0
11,2011,340.0,1.0
11,2011,250.0,1.0
11,2011,175.0,1.0
11,2011,75.0,1.0
11,2011,550.0,1.0
11,2011,250.0,0.40000001
11,2011,80.0,1.0
11,2011,150.0,0.0
11,2011,200.0,1.0
11,2011,325.0,1.0
11,2011,120.0,0.0
11,2011,410.0,0.2682927
11,2011,270.0,0.55555558
11,2011,150.0,1.0
11,2011,455.0,0.56043959
11,2011,700.0,1.0
11,2011,450.0,0.55555558
11,2011,30.0,1.0
11,2011,300.0,1.0
11,2011,300.0,0.33333334
11,2011,100.0,1.0
11,2011,100.0,1.0
11,2011,205.0,1.0
11,2011,50.0,1.0
11,2011,100.0,0.0
11,2011,100.0,1.0
11,2011,331.0,1.0
11,2011,350.0,0.42857143
11,2011,100.0,1.0
11,2011,520.0,0.80769229
11,2011,140.0,1.0
11,2011,400.0,0.5
11,2011,480.0,1.0
11,2011,100.0,1.0
11,2011,100.0,1.0
11,2011,200.0,0.5
11,2011,640.0,1.0
11,2011,350.0,1.0
11,2011,480.0,1.0
11,2011,100.0,1.0
11,2011,50.0,1.0
11,2011,130.0,0.23076923
11,2011,210.0,1.0
11,2011,300.0,1.0
11,2011,150.0,1.0
11,2011,320.0,1.0
11,2011,50.0,1.0
11,2011,200.0,1.0
11,2011,100.0,1.0
11,2011,60.0,0.5
11,2011,300.0,1.0
11,2011,100.0,1.0
11,2011,230.0,1.0
11,2011,200.0,1.0
11,2011,150.0,1.0
11,2011,340.0,0.7647059
11,2011,510.0,1.0
11,2011,100.0,1.0
11,2011,250.0,1.0
11,2011,100.0,1.0
11,2011,200.0,1.0
11,2011,150.0,1.0
11,2011,140.0,0.0
11,2011,250.0,0.0
11,2011,150.0,1.0
11,2011,130.0,1.0
11,2011,150.0,1.0
11,2011,80.0,0.375
11,2011,260.0,1.0
11,2011,356.0,1.0
11,2011,600.0,0.41666666
11,2011,185.0,1.0
11,2011,50.0,1.0
11,2011,150.0,1.0
11,2011,500.0,0.60000002
11,2011,100.0,0.0
11,2011,110.0,1.0
11,2011,250.0,1.0
11,2011,980.0,1.0
11,2011,150.0,1.0
11,2011,125.0,1.0
11,2011,110.0,0.45454547
11,2011,230.0,0.43478259
11,2011,20.0,1.0
11,2011,450.0,1.0
11,2011,330.0,1.0
11,2011,100.0,1.0
11,2011,305.0,0.32786885
11,2011,100.0,1.0
11,2011,100.0,0.0
11,2011,200.0,1.0
11,2011,455.0,1.0
11,2011,40.0,1.0
11,2011,300.0,0.26666668
11,2011,186.0,1.0
11,2011,50.0,1.0
11,2011,150.0,1.0
11,2011,100.0,1.0
11,2011,310.0,1.0
11,2011,230.0,1.0
11,2011,250.0,1.0
11,2011,630.0,1.0
11,2011,140.0,1.0
11,2011,100.0,1.0
11,2011,330.0,1.0
11,2011,380.0,1.0
11,2011,150.0,1.0
11,2011,50.0,1.0
11,2011,150.0,0.66666669
11,2011,300.0,0.33333334
11,2011,100.0,0.0
11,2011,150.0,0.0
11,2011,50.0,1.0
11,2011,150.0,1.0
11,2011,220.0,1.0
11,2011,300.0,0.33333334
11,2011,260.0,1.0
11,2011,30.0,1.0
11,2011,455.0,1.0
11,2011,350.0,1.0
11,2011,100.0,1.0
11,2011,500.0,1.0
11,2011,80.0,1.0
11,2011,150.0,0.0
11,2011,180.0,1.0
11,2011,150.0,0.0
11,2011,100.0,1.0
11,2011,350.0,1.0
11,2011,100.0,1.0
11,2011,200.0,1.0
11,2011,100.0,1.0
11,2011,80.0,1.0
11,2011,550.0,1.0
11,2011,375.0,1.0
11,2011,640.0,1.0
11,2011,10.0,0.0
11,2011,200.0,1.0
11,2011,330.0,1.0
11,2011,100.0,0.0
11,2011,200.0,0.0
11,2011,130.0,0.23076923
11,2011,100.0,0.0
11,2011,250.0,1.0
11,2011,437.0,1.0
11,2011,100.0,1.0
11,2011,600.0,0.0
11,2011,250.0,1.0
11,2011,240.0,0.58333331
11,2011,70.0,0.0
11,2011,430.0,1.0
11,2011,100.0,1.0
11,2011,110.0,0.45454547
11,2011,400.0,1.0
11,2011,300.0,1.0
11,2011,100.0,1.0
11,2011,200.0,1.0
11,2011,200.0,1.0
11,2011,600.0,1.0
11,2011,60.0,1.0
11,2011,200.0,1.0
11,2011,50.0,1.0
11,2011,200.0,1.0
11,2011,100.0,1.0
11,2011,100.0,1.0
11,2011,630.0,0.44444445
11,2011,441.0,1.0
11,2011,100.0,0.0
11,2011,40.0,1.0
11,2011,230.0,1.0
11,2011,100.0,1.0
21,2011,800.0,1.0
21,2011,625.0,1.0
21,2011,492.0,1.0
21,2011,606.0,1.0
21,2011,2110.0,0.95260662
21,2011,547.0,1.0
21,2011,450.0,1.0
21,2011,1574.0,0.93011433
21,2011,500.0,1.0
21,2011,250.0,1.0
21,2011,160.0,1.0
21,2011,824.0,1.0
21,2011,1000.0,1.0
21,2011,355.0,1.0
21,2011,800.0,0.5625
21,2011,331.0,0.98489428
21,2011,1518.5,0.93414551
21,2011,1729.5,0.9979763
21,2011,2118.5,0.95279682
21,2011,1025.0,1.0
21,2011,270.0,1.0
21,2011,680.1,1.0
21,2011,250.0,1.0
21,2011,573.5,1.0
21,2011,750.0,1.0
21,2011,680.0,0.85294116
21,2011,4.5,0.77777779
21,2011,940.0,1.0
21,2011,660.0,1.0
21,2011,150.0,1.0
21,2011,304.0,0.99013156
21,2011,400.0,1.0
21,2011,843.0,1.0
21,2011,1149.0,1.0
21,2011,2232.0,0.95430106
21,2011,810.0,1.0
21,2011,1601.0,0.9993754
21,2011,107.0,0.046728972
21,2011,2839.5,1.0
21,2011,1263.0,1.0
21,2011,409.0,1.0
21,2011,250.0,1.0
21,2011,1355.0,1.0
21,2011,1115.0,0.39013454
21,2011,1524.5,0.9016071
21,2011,350.0,1.0
21,2011,50.0,1.0
21,2011,670.0,1.0
21,2011,720.0,1.0
21,2011,1360.0,1.0
21,2011,90.0,1.0
21,2011,1150.0,1.0
21,2011,454.0,1.0
21,2011,263.0,1.0
21,2011,870.0,1.0
21,2011,50.0,1.0
21,2011,1210.0,1.0
21,2011,1135.0,1.0
21,2011,1250.0,1.0
21,2011,300.0,1.0
21,2011,209.0,1.0
21,2011,1960.0,1.0
21,2011,300.0,1.0
21,2011,400.0,1.0
21,2011,380.5,0.027595269
21,2011,600.0,0.83333331
21,2011,720.0,1.0
21,2011,355.0,0.74647886
21,2011,50.0,1.0
21,2011,1280.0,1.0
21,2011,385.0,1.0
21,2011,439.5,1.0
21,2011,600.0,1.0
21,2011,702.0,1.0
21,2011,1732.0,1.0
21,2011,1480.0,0.8108108
21,2011,850.0,1.0
21,2011,2265.0,0.91169977
21,2011,350.0,1.0
21,2011,390.0,1.0
21,2011,1025.0,1.0
21,2011,1150.0,1.0
21,2011,510.0,1.0
21,2011,550.0,1.0
21,2011,450.0,1.0
21,2011,1050.0,1.0
21,2011,1550.0,1.0
21,2011,1446.0,0.99515903
21,2011,1710.0,1.0
21,2011,301.5,1.0
21,2011,1047.0,0.90448904
21,2011,110.0,1.0
21,2011,1470.0,1.0
21,2011,1290.0,0.80620158
21,2011,580.0,1.0
21,2011,100.0,1.0
21,2011,660.8,0.93946731
21,2011,100.0,1.0
21,2011,2000.0,1.0
21,2011,650.0,0.61538464
21,2011,320.0,1.0
21,2011,380.0,1.0
21,2011,728.0,1.0
21,2011,10.0,1.0
21,2011,1691.0,1.0
21,2011,930.0,1.0
21,2011,850.0,1.0
21,2011,800.0,0.625
21,2011,559.0,1.0
21,2011,1480.0,1.0
21,2011,162.0,0.93827158
21,2011,200.0,1.0
21,2011,350.0,1.0
21,2011,1160.0,1.0
21,2011,770.0,1.0
21,2011,455.0,1.0
21,2011,823.5,1.0
21,2011,500.0,1.0
21,2011,950.0,1.0
21,2011,678.0,0.7758112
21,2011,1350.0,1.0
21,2011,500.0,1.0
21,2011,530.0,1.0
21,2011,205.0,0.41463414
21,2011,2027.0,0.62259495
21,2011,350.0,0.5714286
21,2011,740.0,1.0
21,2011,3816.0,1.0
21,2011,564.0,1.0
21,2011,1076.0,1.0
21,2011,600.0,1.0
21,2011,434.6,0.70087439
21,2011,528.0,1.0
21,2011,950.0,1.0
21,2011,1660.0,1.0
21,2011,1013.5,1.0
21,2011,825.0,1.0
21,2011,109.5,0.97260273
21,2011,302.0,1.0
21,2011,1269.0,1.0
21,2011,150.0,1.0
21,2011,950.0,0.7368421
21,2011,960.0,1.0
21,2011,230.0,1.0
21,2011,300.0,1.0
21,2011,3540.0,0.75988698
21,2011,400.0,0.5
21,2011,1522.4,0.37322649
21,2011,1500.0,1.0
21,2011,150.0,1.0
21,2011,1171.0,1.0
21,2011,1580.0,1.0
21,2011,300.0,1.0
21,2011,1206.0,0.97512436
21,2011,800.5,1.0
21,2011,505.5,1.0
21,2011,1500.0,1.0
21,2011,1050.0,1.0
21,2011,405.0,1.0
21,2011,1050.0,0.85714287
21,2011,1506.0,0.9667995
21,2011,620.0,1.0
21,2011,230.0,1.0
21,2011,681.0,0.70631427
21,2011,1680.0,1.0
21,2011,965.0,1.0
21,2011,1050.0,1.0
21,2011,720.7,1.0
21,2011,290.0,1.0
21,2011,795.0,1.0
21,2011,1050.0,0.80952382
21,2011,550.0,1.0
21,2011,973.0,1.0
21,2011,870.0,1.0
21,2011,1005.0,1.0
21,2011,750.0,0.80000001
21,2011,1070.0,1.0
21,2011,780.0,0.25641027
21,2011,1530.0,1.0
21,2011,430.0,1.0
21,2011,1151.0,1.0
21,2011,1315.0,1.0
21,2011,470.0,1.0
21,2011,700.0,1.0
21,2011,1920.0,1.0
21,2011,400.0,0.75
21,2011,400.0,1.0
21,2011,1162.0,1.0
21,2011,800.0,1.0
21,2011,520.0,0.1923077
21,2011,1753.0,1.0
21,2011,320.0,1.0
21,2011,284.0,1.0
21,2011,860.0,1.0
21,2011,1265.0,1.0
21,2011,200.0,1.0
21,2011,1320.0,1.0
21,2011,50.0,0.0
21,2011,220.0,1.0
21,2011,923.0,1.0
21,2011,827.0,1.0
21,2011,300.0,1.0
21,2011,490.0,1.0
21,2011,900.0,1.0
21,2011,400.0,1.0
21,2011,400.0,1.0
21,2011,400.0,1.0
21,2011,456.0,0.88157892
21,2011,1250.0,1.0
21,2011,725.0,1.0
21,2011,905.5,1.0
21,2011,1300.5,1.0
21,2011,904.0,0.99557525
21,2011,710.0,0.63380283
21,2011,350.0,1.0
21,2011,994.0,1.0
23,2011,903.4,1.0
23,2011,1435.0,0.99581879
23,2011,880.0,1.0
23,2011,460.0,1.0
23,2011,450.0,1.0
23,2011,730.0,1.0
23,2011,2108.0,1.0
23,2011,783.0,1.0
23,2011,1928.0,1.0
23,2011,500.0,1.0
23,2011,1270.0,1.0
23,2011,900.0,1.0
23,2011,2050.0,1.0
23,2011,942.0,1.0
23,2011,1755.0,1.0
23,2011,1107.5,0.99909705
23,2011,1000.0,1.0
23,2011,150.0,1.0
23,2011,240.0,1.0
23,2011,2832.4,1.0
23,2011,430.0,1.0
23,2011,100.0,1.0
23,2011,100.0,1.0
23,2011,2175.0,1.0
23,2011,1451.0,1.0
23,2011,812.0,0.99753696
23,2011,950.0,1.0
23,2011,1150.0,0.65217394
23,2011,450.0,1.0
23,2011,3251.5,0.98462248
23,2011,572.0,1.0
23,2011,770.0,1.0
23,2011,1263.0,1.0
23,2011,1050.0,1.0
23,2011,1000.0,1.0
23,2011,483.7,1.0
23,2011,450.0,1.0
23,2011,1070.0,1.0
23,2011,400.0,1.0
23,2011,660.0,0.68181819
23,2011,3011.4,1.0
23,2011,2100.0,1.0
23,2011,501.0,1.0
23,2011,150.0,1.0
23,2011,1420.0,1.0
23,2011,1760.0,1.0
23,2011,1580.0,1.0
23,2011,149.1,0.97183096
23,2011,500.0,1.0
23,2011,1250.0,1.0
23,2011,1500.0,1.0
23,2011,300.0,1.0
23,2011,255.0,1.0
23,2011,550.0,0.63636363
23,2011,150.0,1.0
23,2011,230.0,1.0
23,2011,2120.0,1.0
23,2011,2144.0,1.0
23,2011,789.0,0.9112801
23,2011,381.0,0.99475068
23,2011,400.0,1.0
23,2011,2042.0,1.0
23,2011,1050.0,0.95238096
23,2011,2405.0,1.0
23,2011,351.0,1.0
23,2011,260.0,0.57692307
23,2011,100.0,1.0
23,2011,435.0,1.0
23,2011,1950.0,1.0
23,2011,1459.7,0.82681376
23,2011,450.0,1.0
23,2011,260.0,1.0
23,2011,100.0,1.0
23,2011,262.0,1.0
23,2011,3169.0,1.0
23,2011,330.0,1.0
23,2011,280.0,1.0
23,2011,800.0,1.0
23,2011,1160.0,0.87931037
23,2011,214.5,1.0
23,2011,1035.0,1.0
23,2011,1000.0,1.0
23,2011,432.0,0.53703701
23,2011,571.5999999999999,0.8250525
23,2011,2250.0,1.0
23,2011,543.5,1.0
23,2011,793.0,0.95712483
23,2011,750.0,1.0
23,2011,685.0,1.0
23,2011,1045.5,1.0
23,2011,2464.5,1.0
23,2011,200.0,1.0
23,2011,312.4,1.0
23,2011,1220.0,1.0
23,2011,150.0,1.0
23,2011,884.0,1.0
23,2011,2222.0,1.0
23,2011,200.0,1.0
23,2011,700.0,1.0
23,2011,401.0,1.0
23,2011,1375.5,1.0
23,2011,1222.0,1.0
23,2011,2075.0,1.0
23,2011,555.0,1.0
23,2011,1000.0,1.0
23,2011,2246.0,1.0
23,2011,59.0,0.89830506
23,2011,400.0,1.0
23,2011,1450.0,1.0
23,2011,693.5,1.0
23,2011,1163.7,1.0
23,2011,503.0,1.0
23,2011,2300.0,1.0
23,2011,699.0,1.0
23,2011,840.0,0.95238096
23,2011,2618.5,0.94271529
23,2011,250.0,1.0
23,2011,300.0,0.66666669
23,2011,2550.0,1.0
23,2011,50.0,1.0
23,2011,70.0,0.0
23,2011,555.0,1.0
23,2011,450.0,1.0
23,2011,490.0,0.93877554
23,2011,150.0,1.0
23,2011,550.0,1.0
23,2011,1200.0,1.0
23,2011,1440.0,1.0
23,2011,20.0,1.0
23,2011,3890.0,1.0
23,2011,1252.0,1.0
23,2011,174.0,1.0
23,2011,1252.6,0.97604984
23,2011,716.7,1.0
23,2011,983.0,1.0
23,2011,565.0,1.0
23,2011,3413.8,1.0
23,2011,430.0,1.0
23,2011,1851.0,1.0
23,2011,697.0,0.8809182
23,2011,250.0,1.0
23,2011,799.0,0.87484354
23,2011,507.3,0.98955256
23,2011,1180.0,1.0
23,2011,250.0,1.0
23,2011,350.0,1.0
23,2011,2130.0,1.0
23,2011,1011.0,0.9960435
23,2011,2292.0,1.0
23,2011,575.0,0.82608694
23,2011,290.0,1.0
23,2011,300.0,1.0
23,2011,1957.0,0.66785896
23,2011,200.0,1.0
23,2011,775.0,1.0
23,2011,20.0,0.0
23,2011,400.0,1.0
23,2011,80.0,1.0
23,2011,3703.2,1.0
23,2011,2900.0,1.0
23,2011,740.0,1.0
23,2011,2200.0,1.0
23,2011,650.0,1.0
23,2011,2773.9,1.0
23,2011,1215.0,1.0
23,2011,2582.0,1.0
23,2011,325.0,1.0
23,2011,1371.0,1.0
23,2011,1253.0,1.0
23,2011,684.5,1.0
23,2011,1760.0,1.0
23,2011,610.0,1.0
23,2011,1040.0,1.0
23,2011,1200.0,1.0
23,2011,380.0,1.0
23,2011,1150.0,1.0
23,2011,1307.0,1.0
23,2011,1354.0,1.0
23,2011,200.0,0.25
23,2011,1315.4,1.0
23,2011,180.0,0.55555558
23,2011,550.0,1.0
23,2011,500.0,1.0
23,2011,1734.1,1.0
23,2011,1953.0,1.0
23,2011,480.0,0.20833333
23,2011,1020.0,1.0
23,2011,1414.0,1.0
23,2011,3620.0,1.0
23,2011,751.0,1.0
23,2011,955.0,1.0
23,2011,620.0,1.0
23,2011,800.0,1.0
23,2011,1752.0,1.0
23,2011,339.9,0.84054136
23,2011,101.0,1.0
23,2011,1250.0,1.0
23,2011,1000.0,1.0
23,2011,5.0,1.0
23,2011,1050.0,0.95238096
23,2011,2230.0,1.0
23,2011,800.0,1.0
23,2011,1646.0,1.0
23,2011,50.0,1.0
23,2011,1061.0,1.0
23,2011,1000.0,1.0
23,2011,1020.0,0.95098037
23,2011,600.0,1.0
23,2011,1996.5,0.89982468
23,2011,1800.0,1.0
23,2011,500.0,1.0
23,2011,1418.0,1.0
23,2011,2380.0,0.86554623
23,2011,572.0,0.65034968
23,2011,433.7,0.98385984
23,2011,2000.0,1.0
23,2011,2150.0,1.0
23,2011,1303.5,1.0
23,2011,912.5,1.0
23,2011,250.0,1.0
23,2011,350.0,1.0
32,2011,29.0,1.0
32,2011,75.0,0.97333336
32,2011,207.4,0.49180329
32,2011,519.0,1.0
32,2011,513.6,1.0
32,2011,413.4,1.0
32,2011,5.3,1.0
32,2011,300.0,0.0
32,2011,7.0,0.35714287
32,2011,200.0,1.0
32,2011,70.0,1.0
32,2011,24.1,1.0
32,2011,320.0,0.0
32,2011,50.0,1.0
32,2011,130.0,1.0
32,2011,35.0,1.0
32,2011,65.5,1.0
32,2011,230.0,0.52173913
32,2011,1.0,1.0
32,2011,240.0,0.0
32,2011,200.0,0.0
32,2011,900.0,1.0
32,2011,800.0,1.0
32,2011,850.0,1.0
32,2011,200.0,1.0
32,2011,346.0,1.0
32,2011,13.1,0.92366409
32,2011,415.0,1.0
32,2011,200.0,1.0
32,2011,300.0,1.0
32,2011,110.0,0.090909094
32,2011,230.0,0.28260869
32,2011,50.0,1.0
32,2011,104.5,1.0
32,2011,8.7,0.86206895
32,2011,100.0,1.0
32,2011,340.0,1.0
32,2011,979.0,1.0
32,2011,250.0,1.0
32,2011,190.0,1.0
32,2011,100.0,1.0
32,2011,1613.0,0.90576565
32,2011,1069.0,0.69130027
32,2011,1039.2,0.57659739
32,2011,334.0,0.52694613
32,2011,100.0,1.0
32,2011,2320.0,1.0
32,2011,50.0,1.0
32,2011,781.0,0.99103713
32,2011,77.0,0.22077923
32,2011,356.0,0.71910113
32,2011,210.0,1.0
32,2011,904.1,0.88939279
32,2011,60.0,0.0
32,2011,975.0,0.94871795
32,2011,20.0,1.0
32,2011,971.0,0.89701337
32,2011,678.5,0.85261607
32,2011,660.0,1.0
32,2011,625.0,0.99199998
32,2011,200.0,1.0
32,2011,625.8,0.68839884
32,2011,75.0,1.0
32,2011,195.0,0.2820513
32,2011,210.0,1.0
32,2011,220.0,1.0
32,2011,124.5,1.0
32,2011,220.0,1.0
32,2011,306.0,1.0
32,2011,130.0,1.0
32,2011,2.5,1.0
32,2011,290.0,1.0
32,2011,100.0,1.0
32,2011,100.0,1.0
32,2011,210.0,1.0
32,2011,450.0,1.0
32,2011,180.0,1.0
32,2011,200.0,1.0
32,2011,325.0,1.0
32,2011,249.7,0.97797358
32,2011,1365.0,0.6849817
32,2011,248.0,0.97983873
32,2011,900.0,1.0
32,2011,632.8000000000001,0.99557525
32,2011,6.0,0.16666667
32,2011,136.1,0.14621602
32,2011,321.1,1.0
32,2011,354.8,1.0
32,2011,17.6,0.85227275
32,2011,496.0,0.99596775
32,2011,622.4,1.0
32,2011,80.0,1.0
32,2011,100.0,1.0
32,2011,140.0,1.0
32,2011,400.0,0.625
32,2011,75.0,1.0
32,2011,2751.0,0.99963647
32,2011,250.0,1.0
32,2011,300.0,0.0
32,2011,158.0,1.0
32,2011,575.0,0.89565217
32,2011,60.0,0.0
32,2011,200.0,1.0
32,2011,1530.0,0.88235295
32,2011,54.0,1.0
32,2011,262.2,0.046529368
32,2011,60.0,1.0
32,2011,166.7,0.54289144
32,2011,170.0,1.0
32,2011,300.0,1.0
32,2011,121.8,1.0
32,2011,2.0,1.0
32,2011,80.0,1.0
32,2011,1261.0,0.92862809
32,2011,13.2,1.0
32,2011,607.0,0.99670511
32,2011,320.9,1.0
32,2011,200.0,1.0
32,2011,213.0,1.0
32,2011,275.0,1.0
32,2011,1453.1,1.0
32,2011,250.0,1.0
32,2011,50.0,1.0
32,2011,120.0,0.0
32,2011,80.0,1.0
32,2011,860.0,0.76744187
32,2011,190.0,1.0
32,2011,190.0,1.0
32,2011,1590.0,1.0
32,2011,100.0,1.0
32,2011,50.0,1.0
32,2011,150.0,0.0
32,2011,45.0,1.0
32,2011,183.0,0.16393442
32,2011,293.1,1.0
32,2011,357.0,1.0
32,2011,111.0,1.0
32,2011,2195.3,1.0
32,2011,704.5,1.0
32,2011,1920.0,1.0
32,2011,723.6999999999999,0.99723643
32,2011,119.3,0.94132441
32,2011,50.0,0.0
32,2011,200.0,1.0
32,2011,1305.0,1.0
32,2011,6.0,1.0
32,2011,155.0,1.0
32,2011,250.0,1.0
32,2011,100.0,1.0
32,2011,209.0,0.96172249
32,2011,28.5,1.0
32,2011,272.2,0.81631154
32,2011,50.0,1.0
32,2011,320.0,0.921875
32,2011,150.0,1.0
32,2011,150.0,1.0
32,2011,440.0,0.19772728
32,2011,9.0,1.0
32,2011,460.0,1.0
32,2011,640.0,1.0
32,2011,293.0,1.0
32,2011,32.0,1.0
32,2011,80.0,1.0
32,2011,21.5,1.0
32,2011,636.7,0.68242502
32,2011,300.0,1.0
32,2011,115.0,0.078260869
32,2011,100.0,1.0
32,2011,1.0,1.0
32,2011,870.0,1.0
32,2011,230.0,0.34782609
32,2011,140.0,0.0
32,2011,40.0,1.0
32,2011,333.0,0.6996997
32,2011,180.0,1.0
32,2011,165.0,1.0
32,2011,150.0,1.0
32,2011,20.0,0.0
32,2011,180.0,0.44444445
32,2011,308.0,1.0
32,2011,50.0,1.0
32,2011,30.0,1.0
32,2011,14.0,1.0
32,2011,90.0,1.0
32,2011,37.6,0.81382978
32,2011,200.0,0.0
32,2011,220.0,0.86363637
32,2011,50.0,0.0
32,2011,30.0,1.0
32,2011,39.2,0.85969388
32,2011,400.0,0.875
32,2011,53.0,0.056603774
32,2011,50.0,1.0
32,2011,385.0,0.84415585
32,2011,80.0,1.0
32,2011,158.8,0.98740554
32,2011,215.0,1.0
32,2011,812.0,1.0
32,2011,495.0,1.0
32,2011,30.0,1.0
32,2011,765.0,0.90196079
32,2011,97.0,1.0
32,2011,40.0,1.0
32,2011,699.5,0.71408147
32,2011,140.0,1.0
32,2011,180.0,1.0
32,2011,339.0,0.55752212
32,2011,50.0,1.0
32,2011,190.0,1.0
32,2011,100.0,0.0
32,2011,420.0,0.52380955
32,2011,51.9,1.0
32,2011,300.0,0.33333334
32,2011,200.0,1.0
32,2011,15.0,0.5
32,2011,59.5,1.0
32,2011,310.0,0.19354838
32,2011,275.0,1.0
32,2011,127.5,1.0
32,2011,820.0,0.48780489
32,2011,320.0,1.0
32,2011,126.0,1.0
32,2011,240.0,1.0
32,2011,300.0,1.0
32,2011,801.0,1.0
32,2011,69.8,0.24355301
32,2011,397.7,1.0
32,2011,670.0,1.0
32,2011,109.3,0.0
37,2011,500.0,1.0
37,2011,736.0,1.0
37,2011,330.0,0.18181819
37,2011,430.0,1.0
37,2011,190.0,1.0
37,2011,550.0,1.0
37,2011,1536.0,0.99674481
37,2011,1225.0,1.0
37,2011,861.0,1.0
37,2011,120.0,1.0
37,2011,200.0,0.0
37,2011,310.0,1.0
37,2011,450.0,1.0
37,2011,750.0,1.0
37,2011,400.0,1.0
37,2011,900.0,1.0
37,2011,450.0,1.0
37,2011,1754.0,1.0
37,2011,1563.5,1.0
37,2011,60.0,1.0
37,2011,430.0,1.0
37,2011,131.0,1.0
37,2011,690.0,1.0
37,2011,270.0,1.0
37,2011,850.0,1.0
37,2011,950.0,1.0
37,2011,241.0,0.79253113
37,2011,580.0,1.0
37,2011,1243.0,1.0
37,2011,80.0,1.0
37,2011,100.0,1.0
37,2011,330.0,1.0
37,2011,120.0,1.0
37,2011,100.0,1.0
37,2011,70.0,1.0
37,2011,1186.4,1.0
37,2011,264.5,1.0
37,2011,2800.0,1.0
37,2011,200.0,1.0
37,2011,899.0,1.0
37,2011,650.0,1.0
37,2011,40.0,1.0
37,2011,852.0,0.81220657
37,2011,1545.0,1.0
37,2011,100.0,1.0
37,2011,778.7,1.0
37,2011,3050.0,1.0
37,2011,2450.0,1.0
37,2011,50.0,1.0
37,2011,100.0,1.0
37,2011,190.0,1.0
37,2011,1124.0,1.0
37,2011,80.0,1.0
37,2011,3446.0,1.0
37,2011,120.0,1.0
37,2011,1220.0,1.0
37,2011,80.0,1.0
37,2011,195.0,1.0
37,2011,330.0,1.0
37,2011,770.0,1.0
37,2011,475.0,1.0
37,2011,549.0,1.0
37,2011,1240.0,1.0
37,2011,80.0,0.375
37,2011,300.0,1.0
37,2011,360.0,1.0
37,2011,20.0,1.0
37,2011,365.0,1.0
37,2011,282.0,1.0
37,2011,150.0,1.0
37,2011,62.0,1.0
37,2011,300.0,1.0
37,2011,108.0,1.0
37,2011,100.0,1.0
37,2011,210.0,1.0
37,2011,120.0,1.0
37,2011,1350.0,1.0
37,2011,370.0,1.0
37,2011,290.0,1.0
37,2011,150.0,0.33333334
37,2011,1156.0,1.0
37,2011,90.0,1.0
37,2011,400.0,0.5
37,2011,2055.3,0.85403591
37,2011,450.0,1.0
37,2011,185.0,0.83783782
37,2011,1082.5,0.99722862
37,2011,230.0,1.0
37,2011,170.0,1.0
37,2011,670.0,1.0
37,2011,70.0,0.2857143
37,2011,65.0,1.0
37,2011,40.0,1.0
37,2011,980.0,1.0
37,2011,500.0,1.0
37,2011,1798.0,1.0
37,2011,506.0,1.0
37,2011,1293.4,1.0
37,2011,1608.6,1.0
37,2011,214.0,1.0
37,2011,1050.0,1.0
37,2011,440.0,1.0
37,2011,1090.3,1.0
37,2011,1677.0,0.23971377
37,2011,1038.0,1.0
37,2011,685.0,1.0
37,2011,945.0,1.0
37,2011,810.0,1.0
37,2011,473.0,0.97885835
37,2011,1495.0,1.0
37,2011,250.0,1.0
37,2011,200.0,1.0
37,2011,2915.0,1.0
37,2011,75.0,1.0
37,2011,200.0,1.0
37,2011,1009.1,1.0
37,2011,681.0,1.0
37,2011,80.0,0.25
37,2011,1350.0,1.0
37,2011,300.0,1.0
37,2011,1075.3,1.0
37,2011,474.5,1.0
37,2011,325.0,1.0
37,2011,1170.0,1.0
37,2011,1690.0,1.0
37,2011,408.0,1.0
37,2011,160.0,1.0
37,2011,450.0,1.0
37,2011,200.0,1.0
37,2011,570.0,1.0
37,2011,1691.0,0.97043169
37,2011,100.0,1.0
37,2011,1508.0,1.0
37,2011,730.0,1.0
37,2011,800.0,1.0
37,2011,2755.0,1.0
37,2011,200.0,1.0
37,2011,180.0,1.0
37,2011,716.0,1.0
37,2011,730.0,1.0
37,2011,51.0,1.0
37,2011,240.0,0.58333331
37,2011,220.0,0.90909094
37,2011,200.0,1.0
37,2011,30.0,1.0
37,2011,120.0,0.25
37,2011,320.0,1.0
37,2011,752.0,1.0
37,2011,535.3,1.0
37,2011,150.0,1.0
37,2011,350.0,1.0
37,2011,1245.0,1.0
37,2011,384.0,0.42708334
37,2011,450.0,1.0
37,2011,1721.6,1.0
37,2011,150.0,1.0
37,2011,730.0,1.0
37,2011,400.0,1.0
37,2011,972.8,1.0
37,2011,470.0,1.0
37,2011,301.0,1.0
37,2011,584.3,1.0
37,2011,350.8,1.0
37,2011,660.0,1.0
37,2011,190.0,1.0
37,2011,990.0,1.0
37,2011,270.0,0.55555558
37,2011,135.0,1.0
37,2011,100.0,1.0
37,2011,1255.0,1.0
37,2011,180.0,0.83333331
37,2011,540.0,1.0
37,2011,780.0,1.0
37,2011,175.0,1.0
37,2011,1113.0,1.0
37,2011,1655.0,1.0
37,2011,195.5,1.0
37,2011,206.1,1.0
37,2011,130.5,0.77011496
37,2011,90.0,0.22222222
37,2011,200.0,1.0
37,2011,890.0,1.0
37,2011,80.0,1.0
37,2011,100.0,1.0
37,2011,510.0,0.74509805
37,2011,325.0,1.0
37,2011,469.0,1.0
37,2011,100.0,1.0
37,2011,300.0,0.66666669
37,2011,265.0,1.0
37,2011,108.0,1.0
37,2011,395.0,1.0
37,2011,471.0,1.0
37,2011,604.0,1.0
37,2011,430.0,1.0
37,2011,1287.0,1.0
37,2011,1297.0,1.0
37,2011,200.0,1.0
37,2011,200.0,1.0
37,2011,1157.1,0.6543082
37,2011,400.0,1.0
37,2011,140.0,0.71428573
37,2011,3767.0,1.0
37,2011,750.0,1.0
37,2011,15.0,1.0
37,2011,2125.0,1.0
37,2011,1140.0,1.0
37,2011,1059.1,1.0
37,2011,192.6,0.92211837
37,2011,60.0,1.0
37,2011,2300.0,1.0
37,2011,382.0,1.0
37,2011,937.0,1.0
37,2011,312.3,1.0
37,2011,446.0,0.97757846
37,2011,140.0,1.0
37,2011,520.0,1.0
37,2011,100.0,1.0
37,2011,170.0,1.0
37,2011,2960.0,1.0
37,2011,560.0,1.0
37,2011,212.0,1.0
37,2011,30.0,1.0
37,2011,152.0,1.0
37,2011,20.0,1.0
37,2011,330.0,1.0
37,2011,863.0,1.0
37,2011,230.0,1.0
37,2011,1037.0,0.99980712
37,2011,275.0,1.0
37,2011,1480.0,1.0
37,2011,650.0,1.0
37,2011,325.8,1.0
37,2011,550.0,1.0
37,2011,880.0,1.0
37,2011,1097.0,1.0
37,2011,243.0,0.99382716
37,2011,200.0,1.0
37,2011,150.0,1.0
37,2011,450.0,1.0
37,2011,200.0,1.0
37,2011,614.0,1.0
37,2011,150.0,1.0
37,2011,743.7,1.0
37,2011,472.6,1.0
37,2011,740.5,1.0
37,2011,180.0,0.16666667
37,2011,384.2,0.79177511
37,2011,200.0,0.0
37,2011,284.8,1.0
37,2011,80.0,1.0
37,2011,450.0,1.0
37,2011,80.0,1.0
37,2011,60.0,1.0
37,2011,300.0,1.0
37,2011,829.0,1.0
37,2011,1020.0,1.0
37,2011,285.0,1.0
37,2011,275.0,1.0
41,2011,760.0,1.0
41,2011,435.0,1.0
41,2011,190.0,1.0
41,2011,490.0,1.0
41,2011,1508.0,1.0
41,2011,4.0,1.0
41,2011,68.0,1.0
41,2011,45.0,1.0
41,2011,20.0,1.0
41,2011,100.0,1.0
41,2011,13.0,1.0
41,2011,435.0,0.19540229
41,2011,820.0,0.92682928
41,2011,1400.0,1.0
41,2011,850.0,1.0
41,2011,290.0,1.0
41,2011,170.0,1.0
41,2011,370.0,1.0
41,2011,270.0,1.0
41,2011,270.0,1.0
41,2011,160.0,1.0
41,2011,625.0,1.0
41,2011,720.0,1.0
41,2011,790.0,1.0
41,2011,500.0,1.0
41,2011,115.0,1.0
41,2011,830.0,1.0
41,2011,720.0,0.94444442
41,2011,190.0,1.0
41,2011,265.0,1.0
41,2011,250.0,1.0
41,2011,770.0,1.0
41,2011,200.0,1.0
41,2011,410.0,1.0
41,2011,180.0,0.55555558
41,2011,1030.0,1.0
41,2011,148.0,0.94594592
41,2011,455.5,1.0
41,2011,190.0,1.0
41,2011,1.0,1.0
41,2011,510.9999999999999,1.0
41,2011,820.0,1.0
41,2011,615.5,0.75629568
41,2011,1000.0,0.0
41,2011,120.0,0.0
41,2011,80.0,1.0
41,2011,682.7,0.63380694
41,2011,360.0,1.0
41,2011,727.0,1.0
41,2011,375.0,1.0
41,2011,389.4,0.87159735
41,2011,176.0,1.0
41,2011,2056.0,1.0
41,2011,290.0,0.96551722
41,2011,70.0,0.2857143
41,2011,400.0,1.0
41,2011,70.0,1.0
41,2011,130.0,1.0
41,2011,915.0,0.41530055
41,2011,600.0,0.75
41,2011,316.0,1.0
41,2011,500.0,1.0
41,2011,700.0,1.0
41,2011,210.0,1.0
41,2011,1057.0,0.81078523
41,2011,1370.0,1.0
41,2011,2145.0,0.92074591
41,2011,170.0,1.0
41,2011,310.0,1.0
41,2011,300.0,0.89999998
41,2011,1006.0,1.0
41,2011,420.0,1.0
41,2011,590.0,1.0
41,2011,110.0,1.0
41,2011,406.0,1.0
41,2011,150.0,1.0
41,2011,130.0,1.0
41,2011,20.0,1.0
41,2011,1305.0,1.0
41,2011,44.0,1.0
41,2011,950.0,1.0
41,2011,480.0,1.0
41,2011,303.0,1.0
41,2011,921.0,1.0
41,2011,110.0,1.0
41,2011,202.5,1.0
41,2011,300.0,1.0
41,2011,906.0,1.0
41,2011,105.0,0.52380955
41,2011,1190.0,0.91596639
41,2011,530.0,1.0
41,2011,560.0,1.0
41,2011,315.0,1.0
41,2011,120.0,1.0
41,2011,106.0,0.056603774
41,2011,200.0,1.0
41,2011,450.0,1.0
41,2011,850.0,0.94117647
41,2011,1155.0,1.0
41,2011,760.0,1.0
41,2011,501.0,1.0
41,2011,33.0,0.090909094
41,2011,3460.0,1.0
41,2011,312.0,1.0
41,2011,100.0,0.5
41,2011,1450.0,1.0
41,2011,107.5,1.0
41,2011,852.2,1.0
41,2011,1300.0,1.0
41,2011,945.0,1.0
41,2011,340.0,1.0
41,2011,120.0,1.0
41,2011,650.0,1.0
41,2011,350.0,1.0
41,2011,90.0,1.0
41,2011,530.0,1.0
41,2011,12.0,1.0
41,2011,674.0,1.0
41,2011,257.0,0.027237354
41,2011,435.0,1.0
41,2011,450.0,1.0
41,2011,350.0,1.0
41,2011,776.0,1.0
41,2011,90.0,1.0
41,2011,577.0,1.0
41,2011,355.5,1.0
41,2011,635.0,1.0
41,2011,310.0,1.0
41,2011,404.5,0.50556242
41,2011,100.0,1.0
41,2011,100.0,0.5
41,2011,760.0,1.0
41,2011,223.0,1.0
41,2011,880.0,1.0
41,2011,140.0,1.0
41,2011,180.0,0.72222221
41,2011,120.0,1.0
41,2011,186.0,1.0
41,2011,100.0,1.0
41,2011,100.0,0.0
41,2011,158.7,0.94959044
41,2011,230.0,1.0
41,2011,103.0,1.0
41,2011,875.0,1.0
41,2011,950.0,0.89473683
41,2011,300.0,1.0
41,2011,100.0,0.5
41,2011,665.0,1.0
41,2011,826.0,1.0
41,2011,70.0,0.9285714
41,2011,550.0,1.0
41,2011,1.0,1.0
41,2011,250.0,1.0
41,2011,540.0,1.0
41,2011,340.0,1.0
41,2011,415.0,1.0
41,2011,857.0,1.0
41,2011,765.0,1.0
41,2011,672.0,0.85119045
41,2011,225.0,1.0
41,2011,130.0,1.0
41,2011,68.0,0.9852941
41,2011,390.0,1.0
41,2011,300.0,1.0
41,2011,690.0,1.0
41,2011,475.0,1.0
41,2011,375.0,1.0
41,2011,1162.0,1.0
41,2011,863.0,0.50173813
41,2011,350.0,1.0
41,2011,180.0,1.0
41,2011,61.0,1.0
41,2011,1038.0,1.0
41,2011,30.0,1.0
41,2011,100.0,0.0
41,2011,835.0,1.0
41,2011,895.0,1.0
41,2011,2250.0,1.0
41,2011,400.0,1.0
41,2011,830.0,1.0
41,2011,206.0,0.80582523
41,2011,380.0,1.0
41,2011,8.0,1.0
41,2011,4.0,0.5
41,2011,635.0,1.0
41,2011,240.0,1.0
41,2011,1.0,1.0
41,2011,460.0,1.0
41,2011,0.5,1.0
41,2011,350.0,1.0
41,2011,331.0,1.0
41,2011,460.0,0.86956519
41,2011,145.0,1.0
42,2011,17.0,1.0
42,2011,210.0,1.0
42,2011,262.0,1.0
42,2011,150.0,1.0
42,2011,320.0,1.0
42,2011,61.0,0.98360658
42,2011,8.0,1.0
42,2011,150.0,0.0
42,2011,304.0,1.0
42,2011,315.0,0.51746035
42,2011,500.0,1.0
42,2011,473.5,1.0
42,2011,315.0,0.95873016
42,2011,685.0,0.44525549
42,2011,1100.0,1.0
42,2011,382.0,1.0
42,2011,40.0,1.0
42,2011,170.0,1.0
42,2011,7.0,1.0
42,2011,250.0,1.0
42,2011,150.0,1.0
42,2011,313.0,1.0
42,2011,384.4,0.47970864
42,2011,350.0,1.0
42,2011,14.0,1.0
42,2011,210.0,1.0
42,2011,250.0,1.0
42,2011,800.0,1.0
42,2011,220.0,0.0
42,2011,102.5,1.0
42,2011,50.0,0.0
42,2011,53.0,0.9245283
42,2011,3.0,1.0
42,2011,74.2,0.97035038
42,2011,455.0,1.0
42,2011,200.0,1.0
42,2011,50.0,1.0
42,2011,460.0,0.56521738
42,2011,450.0,1.0
42,2011,1800.0,1.0
42,2011,130.0,1.0
42,2011,100.0,1.0
42,2011,979.0,1.0
42,2011,80.0,1.0
42,2011,388.7,1.0
42,2011,200.0,1.0
42,2011,250.0,1.0
42,2011,67.0,0.91044778
42,2011,425.0,1.0
42,2011,162.1,0.66687232
42,2011,279.8,0.69621158
42,2011,256.0,1.0
42,2011,400.0,1.0
42,2011,100.0,1.0
42,2011,840.0,1.0
42,2011,210.5,1.0
42,2011,216.0,0.62962961
42,2011,10.0,0.0
42,2011,340.0,0.70588237
42,2011,760.0,1.0
42,2011,75.0,1.0
42,2011,4.0,1.0
42,2011,600.0,1.0
42,2011,200.0,1.0
42,2011,482.0,1.0
42,2011,150.0,0.0
42,2011,110.0,1.0
42,2011,300.0,1.0
42,2011,653.0,1.0
42,2011,400.0,1.0
42,2011,310.0,1.0
42,2011,180.0,1.0
42,2011,270.0,0.0
42,2011,525.0,1.0
42,2011,6.0,1.0
42,2011,150.0,1.0
42,2011,1926.0,1.0
42,2011,40.0,1.0
42,2011,100.0,0.0
42,2011,100.0,1.0
42,2011,529.0,0.66918713
42,2011,12.0,1.0
42,2011,550.0,1.0
42,2011,650.0,1.0
42,2011,100.0,1.0
42,2011,135.0,1.0
42,2011,150.0,1.0
42,2011,150.0,1.0
42,2011,510.0,0.99019605
42,2011,150.0,1.0
42,2011,621.5,0.67819792
42,2011,350.0,1.0
42,2011,1108.9,0.81964111
42,2011,295.0,0.98983049
42,2011,150.0,1.0
42,2011,220.0,0.54545456
42,2011,3.8,0.47368422
42,2011,300.0,0.0
42,2011,7.0,1.0
42,2011,320.0,1.0
42,2011,850.0,1.0
42,2011,14.0,0.71428573
42,2011,250.0,1.0
42,2011,4.0,0.25
42,2011,4.0,1.0
42,2011,366.0,0.99726778
42,2011,3.0,1.0
42,2011,164.0,1.0
42,2011,100.0,1.0
42,2011,250.0,1.0
42,2011,100.0,1.0
42,2011,875.0,1.0
42,2011,100.0,1.0
42,2011,766.5000000000001,1.0
42,2011,1048.5,0.99980927
42,2011,80.0,1.0
42,2011,200.0,0.5
42,2011,950.0,1.0
42,2011,150.0,0.0
42,2011,670.0,1.0
42,2011,116.0,1.0
42,2011,200.0,0.0
42,2011,460.0,1.0
42,2011,283.0,1.0
42,2011,433.5,1.0
42,2011,900.0,1.0
42,2011,10.0,1.0
42,2011,100.0,0.0
42,2011,321.0,1.0
42,2011,420.0,0.76190478
42,2011,810.0,0.55555558
42,2011,152.5,0.016393442
42,2011,20.0,1.0
42,2011,659.0,1.0
42,2011,565.0,1.0
42,2011,250.0,1.0
42,2011,40.0,1.0
42,2011,100.0,1.0
42,2011,100.0,1.0
42,2011,152.8,0.018324608
42,2011,106.0,0.056603774
42,2011,320.0,1.0
42,2011,300.0,1.0
42,2011,942.51,0.88700384
42,2011,550.0,1.0
42,2011,202.0,1.0
42,2011,203.0,0.98522168
43,2011,160.0,1.0
43,2011,8.0,1.0
43,2011,150.0,1.0
43,2011,80.0,0.0
43,2011,360.0,0.41666666
43,2011,70.0,0.0
43,2011,150.0,1.0
43,2011,350.0,1.0
43,2011,690.0,1.0
43,2011,50.0,1.0
43,2011,32.4,1.0
43,2011,16.0,1.0
43,2011,261.0,1.0
43,2011,80.0,0.0
43,2011,181.4,0.22822492
43,2011,401.8,1.0
43,2011,180.0,1.0
43,2011,200.0,1.0
43,2011,4.0,1.0
43,2011,50.0,0.0
43,2011,200.0,1.0
43,2011,250.0,1.0
43,2011,378.0,0.81481481
43,2011,48.0,0.83333331
43,2011,301.0,1.0
43,2011,50.0,0.0
43,2011,9.0,0.55555558
43,2011,100.0,0.0
43,2011,100.0,1.0
43,2011,3.0,1.0
43,2011,655.5,0.9969489
43,2011,5.5,1.0
43,2011,169.2,1.0
43,2011,80.0,0.0
43,2011,69.5,0.56834531
43,2011,80.0,1.0
43,2011,100.0,1.0
43,2011,304.0,1.0
43,2011,89.2,1.0
43,2011,200.0,1.0
43,2011,17.0,1.0
43,2011,10.0,1.0
43,2011,53.2,1.0
43,2011,179.0,0.44134077
43,2011,454.5,1.0
43,2011,200.0,1.0
43,2011,14.0,0.5714286
43,2011,250.0,1.0
43,2011,50.0,1.0
43,2011,9.4,1.0
43,2011,8.2,1.0
43,2011,9.0,1.0
43,2011,2.0,1.0
43,2011,150.0,1.0
43,2011,200.0,0.0
43,2011,10.0,1.0
43,2011,80.0,1.0
43,2011,2.0,1.0
43,2011,100.0,1.0
43,2011,2.0,1.0
43,2011,169.0,0.70414203
43,2011,50.0,1.0
43,2011,440.0,1.0
43,2011,100.0,0.0
43,2011,8.0,1.0
43,2011,13.1,1.0
43,2011,145.0,0.82758623
43,2011,161.0,1.0
43,2011,2.0,1.0
43,2011,45.0,1.0
43,2011,170.0,1.0
43,2011,100.0,1.0
43,2011,50.0,1.0
43,2011,50.0,0.0
43,2011,152.1,0.013806706
43,2011,1.0,1.0
43,2011,600.0,0.16666667
43,2011,300.0,0.33333334
43,2011,111.0,1.0
43,2011,410.0,0.78048778
43,2011,200.0,1.0
43,2011,281.0,0.46619216
43,2011,281.0,0.57295376
43,2011,120.0,1.0
43,2011,19.0,0.57894737
43,2011,130.0,1.0
43,2011,50.0,1.0
43,2011,150.0,1.0
43,2011,110.0,1.0
43,2011,50.0,1.0
43,2011,80.0,0.0
43,2011,50.0,1.0
43,2011,50.0,1.0
43,2011,420.0,0.71428573
43,2011,180.0,0.11111111
43,2011,200.0,1.0
43,2011,134.5,1.0
43,2011,400.0,1.0
43,2011,20.0,1.0
43,2011,96.8,1.0
43,2011,300.0,1.0
43,2011,420.0,0.95238096
43,2011,6.0,1.0
43,2011,18.0,1.0
43,2011,100.0,1.0
43,2011,60.0,1.0
43,2011,0.5,1.0
43,2011,165.0,1.0
43,2011,134.0,1.0
43,2011,7.6,1.0
43,2011,3.0,0.0
43,2011,11.6,1.0
43,2011,190.0,0.68421054
43,2011,447.1,1.0
43,2011,45.0,1.0
43,2011,120.0,1.0
43,2011,1.0,1.0
43,2011,12.5,1.0
43,2011,300.0,1.0
43,2011,200.0,1.0
43,2011,200.0,0.5
43,2011,7.0,1.0
43,2011,370.0,0.1891892
43,2011,325.0,1.0
43,2011,305.5,0.34206221
43,2011,50.0,1.0
43,2011,100.0,1.0
43,2011,200.0,1.0
43,2011,70.3,1.0
43,2011,309.5,0.030694669
43,2011,180.0,1.0
43,2011,370.0,0.43243244
45,2011,170.5,1.0
45,2011,6.0,1.0
45,2011,1.5,1.0
45,2011,6.0,1.0
45,2011,140.0,1.0
45,2011,273.1,1.0
45,2011,188.0,0.93617022
45,2011,462.0,1.0
45,2011,5.699999999999999,1.0
45,2011,312.0,1.0
45,2011,7.0,1.0
45,2011,15.0,1.0
45,2011,8.2,1.0
45,2011,75.0,1.0
45,2011,50.0,1.0
45,2011,537.0,0.9962756
45,2011,509.0,1.0
45,2011,250.0,0.40000001
45,2011,364.5,1.0
45,2011,9.5,0.89473683
45,2011,4.5,0.55555558
45,2011,170.0,1.0
45,2011,8.0,1.0
45,2011,3.0,1.0
45,2011,375.0,1.0
45,2011,126.1,0.99603492
45,2011,200.0,1.0
45,2011,100.0,1.0
45,2011,150.0,1.0
45,2011,192.0,1.0
45,2011,303.0,1.0
45,2011,3.5,1.0
45,2011,11.2,1.0
45,2011,100.0,1.0
45,2011,6.0,0.66666669
45,2011,150.0,1.0
45,2011,9.0,0.8888889
45,2011,374.1,1.0
45,2011,80.0,1.0
45,2011,7.0,1.0
45,2011,5.0,0.2
45,2011,6.0,0.5
45,2011,30.0,0.73333335
45,2011,150.0,1.0
45,2011,120.0,0.083333336
45,2011,6.0,1.0
45,2011,220.5,1.0
45,2011,110.0,1.0
45,2011,100.0,1.0
45,2011,49.5,1.0
45,2011,557.0,0.99640936
45,2011,4.5,1.0
45,2011,114.0,1.0
45,2011,150.0,1.0
45,2011,7.2,1.0
45,2011,330.0,1.0
45,2011,212.2,1.0
45,2011,16.0,1.0
45,2011,837.5,0.84477609
45,2011,272.6,1.0
45,2011,100.0,0.0
45,2011,250.0,0.60000002
45,2011,167.0,1.0
45,2011,100.0,1.0
45,2011,180.0,1.0
45,2011,5.0,1.0
45,2011,64.0,1.0
45,2011,300.0,0.0
45,2011,264.0,1.0
45,2011,3.5,1.0
45,2011,500.0,1.0
45,2011,361.0,1.0
45,2011,100.0,1.0
45,2011,3.8,1.0
45,2011,900.0,1.0
45,2011,100.0,1.0
45,2011,28.0,1.0
45,2011,200.0,1.0
45,2011,50.0,1.0
45,2011,4.0,1.0
45,2011,120.0,1.0
45,2011,1.0,1.0
45,2011,288.0,1.0
45,2011,8.0,0.0
45,2011,60.0,1.0
45,2011,200.0,1.0
45,2011,0.5,1.0
45,2011,476.0,1.0
45,2011,654.0,1.0
45,2011,50.0,1.0
45,2011,500.0,1.0
45,2011,292.0,1.0
45,2011,4.0,0.125
45,2011,463.0,1.0
45,2011,9.0,0.0
45,2011,4.8,0.0625
45,2011,100.0,1.0
45,2011,9.0,1.0
45,2011,300.0,0.0
45,2011,357.0,1.0
45,2011,50.0,1.0
45,2011,104.0,1.0
45,2011,411.2,1.0
45,2011,100.0,1.0
45,2011,7.8,1.0
45,2011,297.7,1.0
45,2011,230.0,1.0
45,2011,255.0,1.0
45,2011,7.0,1.0
45,2011,356.0,1.0
45,2011,12.5,0.75999999
45,2011,13.1,1.0
45,2011,103.2,1.0
45,2011,230.0,1.0
45,2011,500.0,1.0
45,2011,5.0,1.0
45,2011,72.0,1.0
45,2011,695.0,0.8705036
45,2011,5.0,1.0
45,2011,113.0,1.0
45,2011,13.0,1.0
45,2011,100.0,1.0
45,2011,5.0,1.0
45,2011,115.0,0.47826087
45,2011,5.0,1.0
45,2011,167.0,1.0
45,2011,298.5,1.0
45,2011,613.5,0.82885087
45,2011,654.0,1.0
45,2011,420.0,0.71428573
45,2011,465.0,1.0
45,2011,46.0,0.95652175
45,2011,159.5,1.0
45,2011,81.3,1.0
45,2011,150.0,1.0
45,2011,103.5,1.0
45,2011,210.0,0.97619045
45,2011,150.0,1.0
45,2011,10.4,1.0
45,2011,236.0,1.0
45,2011,7.5,0.46666667
45,2011,27.0,0.77777779
45,2011,10.0,0.69999999
45,2011,210.9,0.98814607
45,2011,3.2,1.0
45,2011,7.8,0.70512819
45,2011,100.0,1.0
45,2011,4.0,1.0
45,2011,409.0,1.0
45,2011,1.0,0.0
45,2011,100.0,0.0
45,2011,425.0,1.0
45,2011,150.0,1.0
45,2011,9.5,1.0
45,2011,100.0,1.0
45,2011,181.0,1.0
45,2011,25.0,1.0
45,2011,380.0,1.0
45,2011,80.0,1.0
45,2011,8.0,1.0
45,2011,250.0,1.0
45,2011,80.0,1.0
45,2011,705.0,0.85815603
45,2011,240.0,1.0
45,2011,9.5,1.0
45,2011,110.0,1.0
45,2011,255.0,1.0
45,2011,10.5,1.0
45,2011,50.0,1.0
45,2011,807.0,0.94547707
45,2011,9.0,0.33333334
52,2011,610.0,1.0
52,2011,250.0,1.0
52,2011,2433.0,0.99958897
52,2011,150.0,1.0
52,2011,300.0,1.0
52,2011,565.0,0.73008847
52,2011,300.0,0.33333334
52,2011,180.0,1.0
52,2011,100.0,1.0
52,2011,303.6,0.67061925
52,2011,10.0,1.0
52,2011,260.0,1.0
52,2011,400.0,1.0
52,2011,565.5,0.8938992
52,2011,75.0,1.0
52,2011,265.5,0.99811673
52,2011,200.0,1.0
52,2011,650.0,0.84615386
52,2011,100.0,1.0
52,2011,175.0,1.0
52,2011,200.0,1.0
52,2011,34.0,1.0
52,2011,150.0,1.0
52,2011,576.5,0.99566346
52,2011,200.0,1.0
52,2011,6.4,0.15625
52,2011,100.0,1.0
52,2011,102.0,1.0
52,2011,300.0,1.0
52,2011,160.0,0.9375
52,2011,290.0,1.0
52,2011,1350.0,1.0
52,2011,1700.0,1.0
52,2011,1220.0,1.0
52,2011,352.0,0.97727275
52,2011,485.0,0.44329897
52,2011,100.0,1.0
52,2011,851.0,1.0
52,2011,95.0,1.0
52,2011,100.0,1.0
52,2011,150.0,1.0
52,2011,1000.0,1.0
52,2011,185.0,1.0
52,2011,400.0,1.0
52,2011,350.0,1.0
52,2011,200.0,1.0
52,2011,250.5,0.99800402
52,2011,50.0,1.0
52,2011,110.0,0.54545456
52,2011,313.0,1.0
52,2011,401.5,1.0
52,2011,70.0,1.0
52,2011,732.3,0.99822479
52,2011,300.0,1.0
52,2011,50.0,1.0
52,2011,1040.0,1.0
52,2011,40.0,1.0
52,2011,80.0,1.0
52,2011,230.0,0.56521738
52,2011,500.0,1.0
52,2011,350.0,1.0
52,2011,500.0,1.0
52,2011,514.0,0.60311282
52,2011,300.0,1.0
52,2011,100.0,1.0
52,2011,1047.5,0.99331743
52,2011,600.0,1.0
52,2011,1450.0,1.0
52,2011,100.0,1.0
52,2011,50.0,1.0
52,2011,100.0,1.0
52,2011,299.5,0.9699499
52,2011,200.0,1.0
52,2011,230.0,1.0
52,2011,890.0,1.0
52,2011,50.0,1.0
52,2011,1142.0,1.0
52,2011,100.0,1.0
52,2011,150.0,1.0
52,2011,1100.0,1.0
52,2011,18.5,1.0
52,2011,357.9,1.0
52,2011,290.0,1.0
52,2011,1210.0,1.0
52,2011,301.0,0.99667776
52,2011,200.5,1.0
52,2011,500.0,0.60000002
52,2011,100.0,1.0
52,2011,330.0,1.0
52,2011,1660.0,0.93975902
52,2011,400.0,1.0
52,2011,500.0,1.0
52,2011,2962.0,1.0
52,2011,400.0,1.0
52,2011,50.0,1.0
52,2011,100.0,1.0
52,2011,300.0,1.0
52,2011,3.5,0.42857143
52,2011,220.0,1.0
52,2011,500.0,0.89999998
52,2011,190.0,1.0
52,2011,635.0,1.0
52,2011,75.0,1.0
52,2011,150.0,1.0
52,2011,612.0,0.81699347
52,2011,54.0,0.0
52,2011,300.0,1.0
52,2011,40.0,1.0
52,2011,410.0,1.0
52,2011,80.0,1.0
52,2011,80.0,1.0
52,2011,450.0,0.33333334
52,2011,180.0,1.0
52,2011,100.0,1.0
52,2011,300.0,1.0
52,2011,100.0,1.0
52,2011,100.0,1.0
52,2011,95.0,1.0
52,2011,150.0,1.0
52,2011,400.0,1.0
52,2011,485.0,1.0
52,2011,200.0,1.0
52,2011,380.0,1.0
52,2011,180.0,1.0
52,2011,2621.0,1.0
52,2011,410.0,1.0
52,2011,306.3,0.98694092
52,2011,125.0,1.0
52,2011,139.0,0.9856115
52,2011,290.0,1.0
52,2011,660.0,1.0
52,2011,1737.0,1.0
52,2011,1094.0,0.99817187
52,2011,200.0,1.0
52,2011,761.5,1.0
52,2011,100.0,1.0
52,2011,207.3,0.99276412
52,2011,50.0,1.0
52,2011,200.0,1.0
52,2011,195.0,0.79487181
52,2011,50.0,0.0
52,2011,100.0,1.0
52,2011,150.0,1.0
52,2011,225.0,1.0
52,2011,1215.0,1.0
52,2011,420.0,1.0
52,2011,400.0,1.0
52,2011,620.0,1.0
52,2011,135.0,0.97777778
52,2011,1003.0,0.90029913
52,2011,300.0,1.0
52,2011,3435.0,1.0
52,2011,380.0,1.0
52,2011,352.0,0.91477275
52,2011,45.0,1.0
52,2011,780.0,1.0
52,2011,30.0,1.0
52,2011,652.0,1.0
52,2011,200.0,1.0
52,2011,474.5,1.0
52,2011,204.0,1.0
52,2011,300.0,1.0
52,2011,400.0,1.0
52,2011,2000.0,1.0
52,2011,262.5,0.61142856
52,2011,250.0,1.0
52,2011,652.0,1.0
52,2011,314.0,1.0
52,2011,160.0,1.0
52,2011,270.0,0.81481481
52,2011,205.0,0.97560978
52,2011,160.0,1.0
52,2011,1251.6,0.76030684
52,2011,316.0,1.0
52,2011,100.0,1.0
52,2011,180.0,1.0
52,2011,520.0,0.92307693
52,2011,100.0,1.0
