Province,Year,q_daogu_coef,q_xiaomai_coef,q_doulei_coef,q_zaliang_coef,q_shucai_coef,q_zhurou_coef,q_niurou_coef,q_yangrou_coef,q_qinlei_coef,q_shuichanpin_coef,q_danlei_coef,q_nailei_coef,q_guaguo_coef,q_youliao_coef,q_tang_coef,pop,q_liangshi,q_shucai,q_zhurou,q_niurou,q_yangrou,q_qinlei,q_shuichanpin,q_danlei,q_nailei,q_guaguo,q_tang,q_niurou,q_yangrou,q_niuyangrou,稻谷占比,小麦占比,豆类占比,杂粮占比,户内消费量_daogu,户内外消费量_daogu,户内消费量_xiaomai,户内外消费量_xiaomai,户内消费量_doulei,户内外消费量_doulei,户内消费量_zaliang,户内外消费量_zaliang,户内消费量_shucai,户内外消费量_shucai,户内消费量_zhurou,户内外消费量_zhurou,户内消费量_niurou,户内外消费量_niurou,户内消费量_yangrou,户内外消费量_yangrou,户内消费量_qinlei,户内外消费量_qinlei,户内消费量_shuichanpin,户内外消费量_shuichanpin,户内消费量_danlei,户内外消费量_danlei,户内消费量_nailei,户内外消费量_nailei,户内消费量_guaguo,户内外消费量_guaguo,户内消费量_tang,户内外消费量_tang
11,2015,1.2962388399992255,1.249778087137697,1.3106456381453346,1.232212738457103,1.210369915070206,1.3060942941622644,1.529483062122739,2.809246275656436,1.5149375464176091,1.3980433123131133,1.1740337706792068,1.068996797243708,1.0858749361458837,1.0,1.255206276282992,2188,90.8,100.6,14.2,3.3,3.0,6.0,9.6,13.7,26.9,68.9,0.8,3.3,3.0,6.3,0.4189793060121467,0.2979321695680725,0.132253798097478,0.1508347263223027,38.04332098590292,49.313230264485,27.05224099678098,33.809298005744914,12.008644867251002,15.739078015298887,13.695793150065084,16.876130782783733,100.6,121.76321345606273,14.2,18.546538977104152,3.3,5.047294105005038,3.0,8.427738826969307,6.0,9.089625278505654,9.6,13.421215798205887,13.7,16.084262658305132,26.9,28.756013845855744,68.9,74.81678310045139,0.8,1.0041650210263937
11,2016,1.2785083573684766,1.2161871901718315,1.2795446645697923,1.1980240851728092,1.186707370966208,1.2935390119865755,1.5010823037818029,2.662436726428519,1.485556901577053,1.3820573111053427,1.1598654649098783,1.0686744177216558,1.0822093636394237,1.0,1.1996283592207864,2195,83.8,95.4,13.1,2.9,3.1,5.7,8.5,12.0,23.2,63.2,1.2,2.9,3.1,6.0,0.4174159248382453,0.2952026712659592,0.1346035190811947,0.1527778848146007,34.979454501444955,44.721524916287756,24.737983852087382,30.086019071586293,11.279774899004115,14.432975789568983,12.802786747463538,15.33804688079257,95.4,113.21188319017624,13.1,16.94536105702414,2.9,4.353138680967228,3.1,8.253553851928409,5.7,8.467674338989202,8.5,11.747487144395413,12.0,13.918385578918539,23.2,24.793246491142416,63.2,68.39563178201158,1.2,1.4395540310649435
11,2017,1.291744831835471,1.2197255817085626,1.2859660570525762,1.2024737767850766,1.1898348001327046,1.2974706630923163,1.5075814516803383,2.959335085725753,1.498424659075705,1.4010132087046456,1.1614688717076378,1.067857232154058,1.0856126975879432,1.0,1.2037838996777928,2194,75.7,91.9,12.7,2.9,2.8,5.5,8.6,12.1,22.5,63.9,1.1,2.9,2.8,5.699999999999999,0.4049368730984506,0.30423333346284376,0.13648902040373093,0.15434077303497473,30.653721293552714,39.59678605747165,23.030463343137274,28.09084529822584,10.332218844562432,13.286882728146274,11.683596518747589,14.049218432331386,91.9,109.34581813219556,12.7,16.477877421272417,2.9,4.371986209872981,2.8,8.286138240032107,5.5,8.241335624916378,8.6,12.048713594859953,12.1,14.053773347662418,22.5,24.026787723466306,63.9,69.37065137586957,1.1,1.324162289645572
11,2018,1.314883279420061,1.239617154721298,1.308012886376116,1.2239605248984256,1.2045944173487515,1.3061283227477596,1.5384918983334022,3.148735856747696,1.5109869406123906,1.4247796903594865,1.1699726689140906,1.068634655944335,1.0910132202720946,1.0,1.2366648352466283,2192,91.9,106.3,16.3,3.3,2.7,5.8,8.9,14.6,26.0,74.7,1.1,3.3,2.7,6.0,0.38062874536418995,0.3338080822835612,0.13421722806066444,0.15134594429158443,34.979781698969056,45.99433007373826,30.676962761859276,38.027689294347205,12.334563258775063,16.133767690299162,13.908692280396611,17.023690304164916,106.3,128.0483865641723,16.3,21.28989166078848,3.3,5.077023264500227,2.7,8.50158681321878,5.8,8.763724255551866,8.9,12.68053924419943,14.6,17.08160096614572,26.0,27.78450105455271,74.7,81.49868755432547,1.1,1.3603313187712913
11,2019,1.3351927981315863,1.2371062098177816,1.3124773318168512,1.2248228188081864,1.204505299630307,1.3054915120773003,1.537327968454327,3.156804509674254,1.5031638436505634,1.4446032150626131,1.1689555318391136,1.0684104148361795,1.0966849840413786,1.0,1.238243044234664,2190,97.3,114.9,14.6,3.6,2.6,6.5,10.1,14.5,28.9,85.5,1.1,3.6,2.6,6.2,0.33793795911385194,0.37420248297150394,0.13544314668088223,0.15241641123376193,32.88136342177779,43.902959633505084,36.40990159312733,45.04291535971216,13.17861817204984,17.296637615485043,14.830116813045036,18.1642654782085,114.9,138.3976589275223,14.6,19.060176076328585,3.6,5.534380686435577,2.6,8.207691725153062,6.5,9.770564983728661,10.1,14.590492472132393,14.5,16.94985521166715,28.9,30.877060988765585,85.5,93.76656613553787,1.1,1.3620673486581305
11,2020,1.2921439149286675,1.224468115222266,1.2903925931578974,1.2076787409701462,1.1928290665481722,1.297142518419211,1.5007244895611591,2.670360842804851,1.480493604759863,1.394850078079265,1.1635799510622815,1.0709509556573342,1.085742296098449,1.0,1.2187207314755708,2189,107.2,122.7,15.3,3.9,3.1,7.9,9.5,16.9,30.1,81.9,1.2,3.9,3.1,7.0,0.41265467934979194,0.29348262802757064,0.13832625586006891,0.15553643676256862,44.2365816262977,57.16002976566587,31.461337724555573,38.52340490595774,14.828574628199387,19.13468286731761,16.673506020947357,20.136238758935857,122.7,146.36012646546072,15.3,19.846280531813928,3.9,5.85282550928852,3.1,8.278118612695039,7.9,11.695899477602918,9.5,13.251075741753017,16.9,19.664501172952555,30.1,32.23562376528576,81.9,88.92229405046298,1.2,1.462464877770685
11,2021,1.343326058853529,1.2476035818615885,1.322968903645933,1.236029804867024,1.2121673481057242,1.307310928962609,1.5158638414565593,2.991661840423059,1.5088513410886375,1.4453948629444409,1.1733016701431631,1.0703355952058766,1.098374918268421,1.0,1.2553717585480764,2189,109.9,119.0,18.5,4.0,3.4,7.6,10.0,16.2,29.8,77.2,1.1,4.0,3.4,7.4,0.35288785273001594,0.34584441931237225,0.14174652300460444,0.15952120495300742,38.782375015028755,52.09737498191815,38.00830168242971,47.419293319475145,15.577942878206029,20.6091340106392,17.531380424335516,21.669308724940993,119.0,144.24791442458118,18.5,24.185252185808267,4.0,6.063455365826237,3.4,10.1716502574384,7.6,11.467270192273645,10.0,14.453948629444408,16.2,19.007487056319242,29.8,31.896000737135125,77.2,84.7945436903221,1.1,1.3809089344028842
11,2022,1.3201642227528314,1.2362136299452573,1.307655793335152,1.2226665104001933,1.2030209836039971,1.3017412146472065,1.5007108486003131,2.779421987540192,1.489752160496878,1.4218225398889406,1.168463904295541,1.070476007249792,1.0928771556690866,1.0,1.237708092092715,2184,94.5,109.9,17.5,3.8,2.9,6.9,9.4,16.3,22.0,62.9,0.9,3.8,2.9,6.699999999999999,0.3846174630699904,0.3106317466069112,0.1433578099382353,0.161392980384863,36.34635026011409,47.9831512410457,29.354700054353106,36.2886803101461,13.547313039163235,17.71522237978665,15.251636646369553,18.647665356308366,109.9,132.21200609807929,17.5,22.780471256326113,3.8,5.7027012246811895,2.9,8.060323763866556,6.9,10.279289907428458,9.4,13.365131874956042,16.3,19.045961640017318,22.0,23.550472159495428,62.9,68.74197309158555,0.9,1.1139372828834435
11,2023,1.360537460203169,1.2279965211945385,1.3126065201435,1.22007299103053,1.200603977544804,1.298862138910381,1.4894308802961502,2.793733104413484,1.4874338087173482,1.4574844971309533,1.1649929696402297,1.070149202121539,1.103578236116953,1.0,1.223107139972816,2186,91.5,112.0,18.2,3.8,3.4,7.3,10.2,17.4,20.7,70.6,0.9,3.8,3.4,7.199999999999999,0.29858463419956754,0.38899427751179333,0.14696433779961712,0.16545675048902203,27.32049402926043,37.17055555806583,35.59297639232909,43.70805118873946,13.447236908664967,17.650930844227958,15.139292669745515,18.471042089662987,112.0,134.46764548501807,18.2,23.639290928168933,3.8,5.6598373451253705,3.4,9.498692555005846,7.3,10.858266803636642,10.2,14.866341870735722,17.4,20.270877671739996,20.7,22.152088483915858,70.6,77.91262346985688,0.9,1.1007964259755343
11,2024,1.3693493134111203,1.2251830224147418,1.3128028108208178,1.2190554652876655,1.1995578073253166,1.2992307265195635,1.4881818445332256,2.987624737859314,1.4907281112091106,1.4706025381199204,1.16372926988168,1.0684312139720595,1.1057926383289698,1.0,1.215642096629187,2183,86.3,103.9,15.68,4.09,3.26,6.9,9.1,15.6,17.1,65.2,0.8,4.09,3.26,7.35,0.28116481452704445,0.4021738049926311,0.14891017709436313,0.16775120338596142,24.264523493683935,33.2266085863241,34.70759937086407,42.52316149795523,12.850948283243538,16.87076102795508,14.47692885220847,17.648179237865424,103.9,124.6340561811004,15.68,20.371937791826756,4.09,6.086663744140893,3.26,9.739656645421363,6.9,10.286023967342864,9.1,13.382483096891274,15.6,18.154176610154206,17.1,18.27017375892222,65.2,72.09768001904884,0.8,0.9725136773033496
12,2015,1.1926008096681828,1.2066824068749151,1.2253512619879088,1.177666441474817,1.150917564223478,1.2097454946036352,1.4234816818033678,2.330485302578075,1.3572558786440094,1.2697528015291883,1.126530403415566,1.0823799381626449,1.074393530817911,1.0602302034511135,1.3353484550148806,1439,127.4,115.1,15.8,2.6,3.0,4.9,16.6,16.8,17.1,72.7,1.3,2.6,3.0,5.6,0.18337147726643263,0.2949596983753859,0.06746134026826031,0.45420748408992123,23.36152620374352,27.860975065668992,37.57786557302416,45.34454927487881,8.594574750176363,10.531373016378023,57.866033473055964,68.14688572247647,115.1,132.4706116421223,15.8,19.113978814737436,2.6,3.701052372688756,3.0,6.991455907734225,4.9,6.6505538053556466,16.6,21.07789650538453,16.8,18.92571077738151,17.1,18.508696942581228,72.7,78.10840969046212,1.3,1.7359529915193448
12,2016,1.1767773984960543,1.1790540476071794,1.200370635337496,1.1493811333083388,1.1313583616999416,1.2000903363969495,1.3989136187159472,2.251407921698791,1.3327201146895693,1.2543196400972811,1.115201346495554,1.0819452706399573,1.070580447794235,1.021713064128451,1.285031738172807,1443,126.9,127.5,16.1,2.8,3.3,5.6,16.9,17.8,17.0,80.8,1.3,2.8,3.3,6.1,0.181423051527727,0.2826605832105342,0.0679093229058412,0.4680070423558976,23.022585238868558,27.092457964049405,35.86962800941679,42.29223009066672,8.617693076751248,10.344425713683437,59.3900936749634,68.26185317541784,127.5,144.24819111674256,16.1,19.32145441599089,2.8,3.916958132404652,3.3,7.42964614160601,5.6,7.463232642261588,16.9,21.19800191764405,17.8,19.85058396762086,17.0,18.393069600879272,80.8,86.50290018177418,1.3,1.670541259624649
12,2017,1.178618969505363,1.1652270310295718,1.189742526123777,1.1411201723606563,1.1258948964458575,1.195202161980505,1.4022349655218918,2.5276227546775147,1.3372423969074922,1.2677200143375085,1.1077635642148358,1.0748141815499284,1.070516883614269,1.0122014815511513,1.2349612242428267,1410,120.1,116.3,15.8,3.0,3.2,5.6,16.9,18.3,17.2,85.3,1.4,3.0,3.2,6.2,0.19054840140027943,0.27826156600939067,0.07073004840363882,0.46045998418669115,22.884863008173557,26.97253365596492,33.419214077727815,38.94097159913245,8.494678813277021,10.106480629918332,55.301244100821606,63.10536520008828,116.3,130.94157645665322,15.8,18.884194159291983,3.0,4.206704896565675,3.2,8.088392814968048,5.6,7.488557422681956,16.9,21.42446824230389,18.3,20.272073225131496,17.2,18.486803922658765,85.3,91.31509017229715,1.4,1.7289457139399573
12,2018,1.1897392693494082,1.1855817400236452,1.2090584020707384,1.1615688107962996,1.140213565886404,1.201348800644496,1.4249218263113226,2.7280249969633568,1.3425589080500318,1.2797192045377748,1.1164813301181962,1.0745291221200928,1.074481148206933,1.029132138599543,1.3064127212125138,1383,118.3,116.8,16.8,2.9,2.7,5.7,16.7,17.7,18.6,86.2,1.4,2.9,2.7,5.6,0.2105137711042582,0.2696644480579112,0.073167853875267,0.4466539269625636,24.903779121633743,29.629003976211578,31.90130420525089,37.821603748684986,8.655757113444086,10.465315864293133,52.83915955967127,61.37631973320329,116.8,133.17694449553198,16.8,20.18265985082753,2.9,4.132273296302835,2.7,7.365667491801064,5.7,7.652585775885181,16.7,21.371310715780837,17.7,19.76171954309207,18.6,19.986241671433728,86.2,92.62027497543762,1.4,1.8289778096975193
12,2019,1.193506167037356,1.1742347302439882,1.202334480219075,1.1515603596080717,1.1327747490375115,1.1976142503554656,1.4086678289497727,2.720831445386326,1.3285443008134423,1.282446892727602,1.1118189018891471,1.0738666886278925,1.07540320537418,1.0075518177746277,1.284768991120447,1385,105.2,114.1,15.0,2.8,2.6,6.1,17.4,18.5,17.0,90.1,1.1,2.8,2.6,5.4,0.21243278278043537,0.2725298729199373,0.07345078267179272,0.44158656162783466,22.3479287485018,26.672390781848318,28.670142631177406,33.665477198577264,7.727022337072595,9.29046538528536,46.45490628324821,53.495628585096576,114.1,129.24959886518005,15.0,17.964213755331986,2.8,3.9442699210593632,2.6,7.074161758004448,6.1,8.104120234961998,17.4,22.314575933460272,18.5,20.56864968494922,17.0,18.25573370667417,90.1,96.89382880421361,1.1,1.4132458902324918
12,2020,1.1748078291635649,1.1667922593626188,1.1914941140539026,1.142446064832241,1.126624303737166,1.1919012832734284,1.3865323251755115,2.2381899987447387,1.3130000578643748,1.2557058150503884,1.108389839297926,1.076179326782622,1.0705842831963874,1.007224992861833,1.284189533920472,1387,111.1,117.2,14.1,2.9,2.7,7.0,16.8,21.5,16.8,85.8,1.2,2.9,2.7,5.6,0.23746637254930375,0.27121994982192626,0.07350039249330731,0.41781328513546273,26.382513990227647,30.994383988736722,30.132536425216006,35.158410255904194,8.165893606006442,9.729614167547073,46.419055978549906,53.03126783592185,117.2,132.04036839799585,14.1,16.80580809415534,2.9,4.020943743008983,2.7,6.043112996610795,7.0,9.191000405050623,16.8,21.095857692846526,21.5,23.830381544905407,16.8,18.079812689948053,85.8,91.85613149825004,1.2,1.5410274407045665
12,2021,1.1979312493396552,1.173315053445025,1.203174747734922,1.1510288896821264,1.1319372180795189,1.1941417509328067,1.3863812315465769,2.367352135867145,1.325365135685036,1.2775825998563854,1.1109694575019209,1.0762031786115194,1.0767134670999634,1.000232078621187,1.294726155348089,1373,107.2,116.3,17.6,2.6,2.7,6.7,17.3,20.0,17.2,85.5,1.1,2.6,2.7,5.300000000000001,0.2292995476857944,0.2863247926795376,0.0735196255804949,0.4108560340541731,24.58091151191716,29.44624203737844,30.69401777524643,36.01375310640581,7.8813038622290525,9.482585786259706,44.043766850607355,50.69564805547303,116.3,131.64429846264804,17.6,21.0168948164174,2.6,3.6045912020211,2.7,6.391850766841292,6.7,8.879946409089742,17.3,22.102178977515468,20.0,22.219389150038417,17.2,18.51069467211813,85.5,92.05900143704687,1.1,1.424198770882898
12,2022,1.1875750939935503,1.1661091919355129,1.19512923693172,1.143700949022498,1.127163475932374,1.1900498656245202,1.3723709625306266,2.1970095843206967,1.3110465512206986,1.2650766547066956,1.1077160927634222,1.0758131241991882,1.074533714655087,1.000692103163366,1.2872297745833436,1363,101.2,113.5,18.3,2.8,2.9,6.5,17.2,20.2,14.7,75.2,1.0,2.8,2.9,5.699999999999999,0.2225919722151721,0.2807177242712498,0.0738030391329781,0.4228872643806001,22.526307588175417,26.75168185135505,28.40863369625048,33.12756888352663,7.468867560257384,8.926261988034485,42.796191155316734,48.94604443888399,113.5,127.93305451832445,18.3,21.77791254092872,2.8,3.8426386950857543,2.9,6.37132779453002,6.5,8.52180258293454,17.2,21.759318460955164,20.2,22.375865073821128,14.7,15.814452925728066,75.2,80.80493534206255,1.0,1.2872297745833436
12,2023,1.212033948488017,1.1628630662594517,1.1997189209556165,1.1443493002008978,1.126788648469575,1.18746304164051,1.368187238413126,2.254515802428977,1.30956929532022,1.286703999852405,1.1058675401524851,1.074460530885885,1.0819569815914916,1.0,1.290094977004686,1364,98.1,109.3,18.3,2.9,3.1,6.6,16.7,19.9,15.2,79.7,0.9,2.9,3.1,6.0,0.2097698912567182,0.2928559863162967,0.07441976927414103,0.4229543531528442,20.578426332284053,24.941751321188022,28.729172257628708,33.40809334260209,7.300579365793234,8.758643199080298,41.49182204429401,47.48113752044804,109.3,123.15799927772456,18.3,21.730573662021335,2.9,3.9677429913980653,3.1,6.988998987529829,6.6,8.643157349113451,16.7,21.487956797535162,19.9,22.00676404903445,15.2,16.33180006946545,79.7,86.23197143284187,0.9,1.1610854793042173
12,2024,1.220817790200712,1.164042210059541,1.2030700404727177,1.1465021730428424,1.1278773420218535,1.188003752019377,1.3635688648231907,2.315700063484602,1.3100049168269003,1.294739912314677,1.106351077210769,1.0745787387138432,1.0846032899717035,1.0001412702547772,1.3013727775412336,1364,91.9,104.6,17.3,3.48,3.31,6.6,14.9,19.6,13.8,78.1,0.9,3.48,3.31,6.79,0.20344154168742554,0.29743594550578845,0.07445445033024992,0.42466806247653616,18.69627768107441,22.824748403588153,27.33436339198196,31.818352773373288,6.842363985349968,8.231843116784052,39.02699494159368,44.74453450786917,104.6,117.97596997548587,17.3,20.55246490993522,3.48,4.745219649584704,3.31,7.664967210134033,6.6,8.646032451057541,14.9,19.29162469348869,19.6,21.684481113331074,13.8,14.829186594251038,78.1,84.70751694679004,0.9,1.1712354997871102
13,2015,1.159842405566873,1.1972574173917825,1.1981161461832996,1.1597732331225878,1.129428686220342,1.1790756575828132,1.42828999300729,2.255584998772574,1.3067345429938158,1.228977613178056,1.1114619501307068,1.0927047106708847,1.0705151245173512,1.0839913095375506,1.3532283742123337,7345,131.5,88.2,12.4,1.2,1.3,4.0,5.3,12.5,13.9,53.8,1.1,1.2,1.3,2.5,0.17140252404880843,0.36715586008354095,0.05991031134395621,0.4015313045236944,22.53943191241831,26.142188929409997,48.280995600985634,57.80478010234007,7.878205941730242,9.43900574174421,52.801366544865814,61.23761159102987,88.2,99.61561012463416,12.4,14.620538154026884,1.2,1.7139479916087481,1.3,2.932260498404346,4.0,5.226938171975263,5.3,6.513581349843697,12.5,13.893274376633835,13.9,15.188595478325297,53.8,57.59371369903349,1.1,1.488551211633567
13,2016,1.1461147061901804,1.1736319546172664,1.1770940499905662,1.1354798376883168,1.1126730134112808,1.1712985255061568,1.4021327799730463,2.2091391021818207,1.2852052521341093,1.2149197542493932,1.1020075618481344,1.0927126696373386,1.0670484866134395,1.034744715778727,1.308818218210208,7375,130.6,94.4,12.1,1.4,1.5,4.4,6.0,13.3,15.2,59.3,1.2,1.4,1.5,2.9,0.17010727884973453,0.35920098927938793,0.06007833033822391,0.4106134015326537,22.21601061777533,25.462096481909498,46.91164919988806,55.05701054478415,7.846229942172043,9.235750579788537,53.62611024016457,60.89136695135785,94.4,105.03633246602492,12.1,14.172712158624497,1.4,1.9629858919622647,1.5,3.313708653272731,4.4,5.654903109390081,6.0,7.2895185254963595,13.3,14.656700572580188,15.2,16.609232578487546,59.3,63.27597525617696,1.2,1.5705818618522496
13,2017,1.1435977640637656,1.155047411039026,1.1619727465608851,1.123977496613363,1.1050375365412377,1.163691635412155,1.4027659617771089,2.4693754713001,1.2860409013845857,1.2251837344122254,1.092322880638546,1.083891799641833,1.0659982596617088,1.0173307410178076,1.264797432700797,7409,124.8,87.4,12.3,1.4,1.4,4.1,5.7,14.0,14.4,60.8,1.1,1.4,1.4,2.8,0.18698918555418823,0.33222721807721556,0.058523188731496215,0.4222604076371,23.33625035716269,26.687283730083504,41.4619568160365,47.890525876974856,7.303693953690727,8.486693323410144,52.69809887311008,59.23147724768175,87.4,96.58028069370418,12.3,14.313407115569506,1.4,1.9638723464879524,1.4,3.45712565982014,4.1,5.272767695676801,5.7,6.983547286149685,14.0,15.292520328939645,14.4,15.608041914842394,60.8,64.81269418743189,1.1,1.3912771759708766
13,2018,1.151585685718232,1.1747919300295389,1.179681918103241,1.1434424955646874,1.1187465412127016,1.1690873075195556,1.4328777859560684,2.73456855114756,1.290684067827912,1.2351601087655446,1.1005050556617952,1.0825727354872223,1.0694167396246677,1.048265201329319,1.338594072543701,7426,130.8,95.5,15.8,1.5,1.4,4.9,5.9,13.7,14.4,66.8,1.1,1.5,1.4,2.9,0.1880686855601744,0.3313483267666304,0.058938584763844,0.4216444029093512,24.599384071270812,28.328298573960552,43.34036114107526,50.915906513101035,7.709166887110795,9.094364780364854,55.15108790054314,63.06209758210448,95.5,106.84029468581299,15.8,18.47157945880898,1.5,2.1493166789341025,1.4,3.8283959716065836,4.9,6.324351932356769,5.9,7.287444641716713,13.7,15.076919262566594,14.4,15.589047391016003,66.8,71.4370382069278,1.1,1.4724534797980713
13,2019,1.1503321607613504,1.1607374477315893,1.1696172903858315,1.1299550345659044,1.1090137004175282,1.1647193696691052,1.4113458301278576,2.7190842143918545,1.2747599900052535,1.2324356036300284,1.09483998051395,1.0823146277326885,1.0688519984523135,1.0116209411327588,1.3090405585108054,7447,143.9,97.7,13.7,1.5,1.3,5.4,7.4,15.7,14.5,76.2,1.2,1.5,1.3,2.8,0.1790826565457093,0.3353275719063169,0.0594754552616059,0.4261143162863679,25.76999427692757,29.644053199385723,48.253637597319006,56.00980414847712,8.55851801214509,10.010190647083473,61.317850113608344,69.28641344462926,97.7,108.35063853079251,13.7,15.956655364466739,1.5,2.1170187451917863,1.3,3.534809478709411,5.4,6.883703946028369,7.4,9.12002346686221,15.7,17.188987694069013,14.5,15.693562102123984,76.2,81.4465222820663,1.2,1.5708486702129665
13,2020,1.1383466069983037,1.1540539275866006,1.161388969047851,1.1224343479553491,1.103950186418578,1.159176261707095,1.3965838853653525,2.192308741453132,1.2614033900843906,1.2122502534679191,1.0915429724304355,1.0842818927761602,1.0657467358408017,1.0092766338602324,1.3098144537092775,7464,161.8,108.3,12.9,1.7,1.6,7.2,7.6,18.7,16.5,79.1,1.3,1.7,1.6,3.3,0.18509167626170953,0.32130427580043175,0.059370535112764904,0.43423351282509387,29.947833219144602,34.091014331964345,51.98703182450986,59.99583826064521,9.606152581245363,11.156479642848904,70.25898237510019,78.86109507020194,108.3,119.55780518913198,12.9,14.953373776021527,1.7,2.3741926051210993,1.6,3.507693986325011,7.2,9.082104408607613,7.6,9.213101926356185,18.7,20.411853584449144,16.5,17.890651230806643,79.1,84.3005668050074,1.3,1.7027587898220609
13,2021,1.1544277242686831,1.158047522677602,1.1689056608376929,1.1270576886740546,1.1065074467541884,1.1607665613843086,1.3953947985997306,2.272249673263563,1.2718012827580458,1.226422831805548,1.0932961927692766,1.0857022853359828,1.0701137347766585,1.0003436289596586,1.3161781788378268,7448,173.8,123.7,20.0,1.5,1.6,8.1,8.4,20.2,17.6,86.5,1.5,1.5,1.6,3.1,0.16800498998318542,0.33306924867956283,0.060052002072586715,0.4388737592646651,29.199267259077626,33.70844365221005,57.88743542050803,67.03640118287899,10.437037960215571,12.199912754073868,76.2762593601988,85.96774457520837,123.7,136.87497116349311,20.0,23.21533122768617,1.5,2.0930921978995958,1.6,3.6355994772217013,8.1,10.30159039034017,8.4,10.301951787166603,20.2,22.084583093939386,17.6,19.108360221913298,86.5,92.56483805818095,1.5,1.9742672682567401
13,2022,1.1472135692575522,1.1508304545906012,1.1619937725341396,1.1205473378578863,1.1023296904228177,1.156330557600831,1.383121603338243,2.1017344357831904,1.2581642852674315,1.21702128583242,1.089811737145935,1.0842900523541807,1.0688014417417817,1.0008923487489012,1.309260709575366,7420,181.4,137.8,21.6,1.5,1.6,8.1,8.8,22.1,15.8,77.3,1.6,1.5,1.6,3.1,0.16857586416168902,0.33007661651513115,0.060380785538893915,0.4409667337842859,30.57966175893039,35.08140291315121,59.875898235844794,68.90700718577784,10.953074496755356,12.72740435533223,79.99136550846947,89.63411167213262,137.8,151.9010313402643,21.6,24.976740044177948,1.5,2.0746824050073647,1.6,3.3627750972531048,8.1,10.191130710666195,8.8,10.709787315325297,22.1,24.084839390925165,15.8,17.131782827196055,77.3,82.61835144663972,1.6,2.0948171353205858
13,2023,1.1663695671761791,1.149513339042222,1.1665769949714806,1.12239996775635,1.102872369255095,1.1539878253316225,1.382883042399797,2.174088846910436,1.2571349599539865,1.2337361700397167,1.088602783010448,1.082527475619956,1.0750379090351754,1.0,1.3167243576474637,7393,171.4,139.7,24.5,2.0,2.3,9.1,10.2,23.4,17.8,81.0,1.5,2.0,2.3,4.3,0.14426487141606392,0.3496343091021978,0.06176228008685632,0.44433853939488194,24.726998960713356,28.84081907537307,59.9273205801167,68.88725437990362,10.586054806887173,12.349448005221836,76.15962565228277,85.48156137645788,139.7,154.07126998493675,24.5,28.272701720624752,2.0,2.765766084799594,2.3,5.000404347894002,9.1,11.439928135581276,10.2,12.58410893440511,23.4,25.473305122444483,17.8,19.268989066035218,81.0,87.0780706318492,1.5,1.9750865364711956
13,2024,1.1751956400374706,1.1523780677255768,1.1711459444665766,1.125698078191811,1.1047568868247426,1.1550551500776265,1.3777227423799137,2.196750196307648,1.2571552374728028,1.240339155891559,1.089844870900372,1.0835626988549596,1.0777517727030426,1.000209172867503,1.332908729908585,7378,147.3,119.6,19.55,2.76,2.42,8.5,8.8,19.6,15.5,79.0,1.2,2.76,2.42,5.18,0.13704862289131525,0.3488567508765676,0.06217324833265052,0.4519213778994667,20.18726215189074,23.72398246519544,51.38659940411841,59.21679012830625,9.158119479399423,10.72549448723899,66.56801896459145,74.93549101747661,119.6,132.1289236642392,19.55,22.5813281840176,2.76,3.802514768968561,2.42,5.316135475064509,8.5,10.685819518518823,8.8,10.914984571845721,19.6,21.360959469647295,15.5,16.795221832251872,79.0,85.14239004354036,1.2,1.5994904758903021
14,2015,1.1525171483931156,1.2006082407339147,1.1926547219711705,1.1569796105652774,1.1237157240178277,1.1724131028628204,1.4512290790760354,2.3015243451578105,1.2971605367594743,1.2206866045286446,1.1090334171441962,1.10319621997471,1.069346035182126,1.0986845512405634,1.3571942892318698,3519,131.6,76.0,9.5,0.6,1.2,2.1,3.0,10.3,14.7,46.9,0.9,0.6,1.2,1.7999999999999998,0.2705899690885611,0.1900930838399305,0.0535640542700232,0.4857528928014851,35.60963993205464,41.04072066979723,25.016249833334854,30.034715702160245,7.049029541935052,8.407058368503117,63.92508069267544,73.96001496516556,76.0,85.4023950253549,9.5,11.137924477196794,0.6,0.8707374474456212,1.2,2.7618292141893725,2.1,2.724037127194896,3.0,3.662059813585934,10.3,11.423044196585222,14.7,16.216984433628237,46.9,50.15232905004171,0.9,1.221474860308683
14,2016,1.1394490267694195,1.178181994806046,1.172845742890188,1.133826756373906,1.1077668453838263,1.1653220311156756,1.4240073782550464,2.2771775436092527,1.2768310264575866,1.2070038867935156,1.1001924842701338,1.1033848390996626,1.0659756944552652,1.0428619321026051,1.3143516559830897,3514,134.6,78.4,9.0,0.7,1.5,2.1,2.2,10.0,14.1,47.2,0.9,0.7,1.5,2.2,0.26797110105489397,0.18753928561892083,0.05446469528402781,0.4900249180421575,36.06891020198873,41.098684626289646,25.242787844306743,29.740598136871128,7.330947985230143,8.598071135826574,65.9573539684744,74.78421270908089,78.4,86.84892067809199,9.0,10.48789828004108,0.7,0.9968051647785324,1.5,3.415766315413879,2.1,2.681345155560932,2.2,2.6554085509457344,10.0,11.001924842701339,14.1,15.557726231305242,47.2,50.31405277828852,0.9,1.1829164903847806
14,2017,1.1357497323506358,1.160307082026312,1.158258345787437,1.1230128565524085,1.100561422756862,1.1574497139912894,1.4207473872095255,2.5363230067531366,1.2760618837211448,1.2152087860437033,1.0909402685830647,1.094846502593544,1.0649486812609956,1.0218121268098663,1.2924942578419625,3510,135.7,77.4,9.4,0.8,1.3,2.3,2.4,10.9,15.0,51.2,1.0,0.8,1.3,2.1,0.28877294758903554,0.16237964751645273,0.051218717207010114,0.4976286876875016,39.18648898783212,44.50604437969147,22.034918167982635,25.567271602180497,6.950379924991272,8.0503355545146,67.52821291919396,75.83505128826326,77.4,85.18345412138113,9.4,10.88002731151812,0.8,1.1365979097676204,1.3,3.297219908779078,2.3,2.934942332558633,2.4,2.916501086504888,10.9,11.891248927555406,15.0,16.42269753890316,51.2,54.52537248056298,1.0,1.2924942578419625
14,2018,1.143345204090794,1.1783315082710406,1.1741646263575882,1.1405901378845522,1.112975618896458,1.1626513652997517,1.455465734195577,2.8944266718183504,1.281779145530051,1.225794726349771,1.098204283576503,1.0930848936281368,1.068025065069052,1.057329902230419,1.35472664031451,3502,137.6,83.7,10.8,0.7,1.1,2.4,2.6,11.3,15.7,55.9,1.0,0.7,1.1,1.8,0.2915332357220844,0.1590159408655655,0.051994657462295,0.497456165950055,40.11497323535881,45.86526226087806,21.880593463101814,25.782592697242233,7.154464866811792,8.40051956712856,68.44996843472757,78.07335893515916,83.7,93.15605930163353,10.8,12.556634745237318,0.7,1.0188260139369039,1.1,3.1838693390001858,2.4,3.076269949272122,2.6,3.187066288509405,11.3,12.409708404414484,15.7,17.161432829961747,55.9,59.70260113736,1.0,1.35472664031451
14,2019,1.1408869998627285,1.16392073513323,1.1635921011405443,1.126625339899716,1.1029645722201138,1.1581358001274031,1.4329782424313768,2.8827363388377854,1.2650261597229902,1.2216773438476751,1.0924297258723294,1.0929538862207928,1.0671701679747534,1.0143060298778566,1.324015830357003,3497,139.4,93.6,10.2,0.7,1.1,2.9,3.0,13.4,16.8,62.4,1.0,0.7,1.1,1.8,0.19515500788113796,0.18239765267136762,0.058830921070038816,0.5636164183774556,27.204608098630633,31.037383716087987,25.42623278238865,29.594119551746427,8.20103039716341,9.542654191352845,78.56812872181732,88.51684472650207,93.6,103.23748395980265,10.2,11.812985161299512,0.7,1.0030847697019638,1.1,3.171009972721564,2.9,3.668575863196671,3.0,3.665032031543025,13.4,14.638558326689216,16.8,18.36162528850932,62.4,66.59141848162461,1.0,1.324015830357003
14,2020,1.13064244984733,1.1571889202921226,1.155860213553928,1.1191952773973644,1.0979622212376612,1.152492468021216,1.4203896347426537,2.2638219277696274,1.251738283648098,1.202807566729446,1.0890467261124608,1.0949879714731297,1.0644735517918806,1.011103444410634,1.3209981840576337,3490,159.3,98.9,9.7,0.8,1.3,4.1,3.1,16.3,17.9,63.0,1.1,0.8,1.3,2.1,0.19543472549179955,0.17801048206372064,0.058334087292860215,0.5682207051516196,31.13275177084367,35.20001073267549,28.3570697927507,32.81448697612155,9.292620105752633,10.740969859910763,90.517558330653,101.3068238052073,98.9,108.5884636804047,9.7,11.179176939805796,0.8,1.136311707794123,1.3,2.9429685061005157,4.1,5.132126962957201,3.1,3.728703456861283,16.3,17.751461635633113,17.9,19.60028468936902,63.0,67.06183376288848,1.1,1.4530980024633973
14,2021,1.1450943107144245,1.161477437162821,1.1629909159421528,1.1236039303230698,1.1003642769993445,1.1542879068925405,1.4203653232220317,2.333677102117343,1.262585764217885,1.2152052268383453,1.0910373990112692,1.0969429643366744,1.068412161524349,1.0004312831135675,1.3284712390944349,3480,154.9,108.2,12.7,0.8,1.5,4.0,2.9,17.1,19.2,70.2,1.1,0.8,1.5,2.3,0.18019994039637943,0.18516610258335392,0.05798557305314931,0.5766483839671174,27.912970767399177,31.96298402088684,28.682229290161523,33.3137621680532,8.981965265932828,10.445944011587821,89.32283467650649,100.36348811012049,108.2,119.05941477132907,12.7,14.659456417535264,0.8,1.1362922585776254,1.5,3.500515653176014,4.0,5.05034305687154,2.9,3.5240951578312014,17.1,18.656739523092703,19.2,21.06130491526415,70.2,75.0025337390093,1.1,1.4613183630038784
14,2022,1.1385440926235653,1.1540663956011874,1.1562092242912272,1.117107203601256,1.0962474488942169,1.1496927687909444,1.4098602868869363,2.145042605573055,1.2489025736323605,1.2065358904689365,1.0873801056597845,1.0950586639415942,1.0672614327359022,1.0010707547524622,1.320708633840086,3481,133.4,98.5,14.6,0.8,1.3,3.7,3.1,16.5,17.3,57.3,1.1,0.8,1.3,2.1,0.25974954296946556,0.16481124425122834,0.052595533340727016,0.5228436794385791,34.65058903212671,39.45122344845477,21.98581998311386,25.37309602224877,7.016244147652984,8.112246203395719,69.74734683710646,77.9152635838069,98.5,107.98037371608036,14.6,16.785514424347788,0.8,1.1278882295095491,1.3,2.7885553872449713,3.7,4.620939522439734,3.1,3.7402612604537033,16.5,17.941771743386443,17.3,18.94451488618958,57.3,61.15408009576719,1.1,1.4527794972240946
14,2023,1.1555787049686417,1.1534635747591857,1.1606783603426023,1.1192384592032063,1.0969726320591613,1.1475063227364195,1.412077595202412,2.238533709538167,1.2483242683233065,1.221510246277122,1.086409837940585,1.0929999395241394,1.0728633624839656,1.0,1.328606465548351,3466,113.6,88.6,14.3,1.0,1.4,4.0,3.6,15.0,16.3,59.4,0.9,1.0,1.4,2.4,0.15944659136353592,0.19104292584262095,0.05929659808675211,0.590213884707091,18.11313277889768,20.931150519563634,21.702476375721737,25.03301598146677,6.7360935426550395,7.818438008203242,67.04829730272553,75.04303296530101,88.6,97.19177520044168,14.3,16.4093404151308,1.0,1.412077595202412,1.4,3.1339471933534337,4.0,4.993297073293226,3.6,4.397436886597639,15.0,16.296147569108776,16.3,17.815899014243474,59.4,63.72808373154756,0.9,1.195745818993516
14,2024,1.164326719996775,1.1570700218508363,1.1657060165605264,1.1229706091024856,1.0991500468128832,1.1488930283807288,1.407457275456857,2.250281273312192,1.248521124391707,1.2277364887988371,1.087984904107109,1.0944131507056525,1.075496370113174,1.0002625294610217,1.3447159190759408,3446,116.8,88.1,13.02,1.23,1.45,4.0,3.5,15.1,16.2,62.4,0.8,1.23,1.45,2.6799999999999997,0.15211653185288604,0.19508881668938186,0.05954852348599781,0.5932461279717343,17.76721092041709,20.686838414460112,22.7863737893198,26.365430018309585,6.955267543164544,8.10779722185506,69.29114774709856,77.8119223909696,88.1,96.835119124215,13.02,14.95858722951709,1.23,1.7311724488119342,1.45,3.2629078463026784,4.0,4.994084497566828,3.5,4.29707771079593,15.1,16.428572052017344,16.2,17.72949304143157,62.4,67.11097349506205,0.8,1.0757727352607527
15,2015,1.1616118046447104,1.2051481877103127,1.2009105375096392,1.1636375075048309,1.1306893977608377,1.1810991755205045,1.4360709741561486,2.331635722031101,1.313327977899038,1.2329576673580818,1.1142000438790125,1.1044766511906874,1.0703807513530204,1.0969425762751834,1.362347463617963,2440,156.5,90.0,16.9,3.8,8.6,5.1,4.9,9.3,21.9,51.8,1.3,3.8,8.6,12.399999999999999,0.19008545499386914,0.15990568236845681,0.060302479322104204,0.5897063833155699,29.74837370654052,34.556062066499784,25.025239290663492,30.15912177816002,9.437338013909308,11.333398666943978,92.28904898888669,107.39099893541933,90.0,101.76204579847538,16.9,19.960576066296525,3.8,5.4570697017933645,8.6,20.052067209467467,5.1,6.697972687285094,4.9,6.041492570054601,9.3,10.362060408074816,21.9,24.188038661076053,51.8,55.44572292008645,1.3,1.771051702703352
15,2016,1.147093192252775,1.180310562369289,1.1788385326659714,1.1380749983359828,1.1130502789492087,1.1730583919524946,1.4107288174396453,2.307340783297476,1.2915723055549664,1.2181621150116289,1.1043165835775886,1.104182369507337,1.066651914880422,1.0388469038901962,1.314920704684167,2436,156.1,99.8,16.5,4.3,9.9,5.9,5.2,9.3,22.7,55.3,1.5,4.3,9.9,14.2,0.1891216030010967,0.1607682955999924,0.0627727653269662,0.5873373360719448,29.521882228471195,33.86435012676749,25.095930943158812,29.620992364700623,9.798828667539423,11.55123680828743,91.68335816083058,104.34253768632458,99.8,111.08241783913103,16.5,19.35546346721616,4.3,6.066133914990474,9.9,22.842673754645016,5.9,7.620276602774302,5.2,6.33444299806047,9.3,10.270144227271574,22.7,25.06493978781655,55.3,58.98585089288734,1.5,1.9723810570262508
15,2017,1.1453745786083789,1.1654156024172797,1.166654747256584,1.1292807553849145,1.1071378300287578,1.1664704886346946,1.4068336151260747,2.5922494378511938,1.292194261208746,1.2274334131481686,1.096290014864778,1.096626488418282,1.0661086512782332,1.0233447162723086,1.2901397521001834,2433,152.3,87.5,17.0,4.3,8.9,5.3,4.9,9.1,22.7,56.2,1.5,4.3,8.9,13.2,0.20145292882512544,0.15128601879962583,0.06709133593643331,0.5801697164388153,30.681281060066606,35.14155936533903,23.040860663183015,26.852178509996037,10.218010463118793,11.920890414314986,88.35984781363157,99.78307568467395,87.5,96.8745601275163,17.0,19.829998306789808,4.3,6.0493845450421215,8.9,23.071019996875627,5.3,6.848629584406353,4.9,6.014423724426027,9.1,9.97623913526948,22.7,24.893421287095,56.2,59.91530620183671,1.5,1.935209628150275
15,2018,1.1532654468832455,1.1821688771823915,1.1817812147710145,1.14552955331668,1.1186269026495477,1.1716199371016467,1.4321928730469005,2.9694809594337133,1.2975922587750264,1.2377977576396255,1.103233741511363,1.0955805429803092,1.0691215256819564,1.0472344235077993,1.3477129498479636,2422,153.0,94.0,20.0,3.3,7.5,5.6,5.2,9.2,22.2,58.0,1.4,3.3,7.5,10.8,0.1988868762063545,0.1526807887083665,0.0679265817515455,0.5805057533337334,30.42969205957224,35.09351241160213,23.360160672380072,27.61565491286781,10.392767007986462,12.281976819530364,88.81738026006121,101.74293393606564,94.0,105.15092884905748,20.0,23.432398742032934,3.3,4.726236481054771,7.5,22.27110719575285,5.6,7.266516649140147,5.2,6.436548339726053,9.2,10.14975042190454,22.2,24.321888054162862,58.0,62.00904848955347,1.4,1.886798129787149
15,2019,1.152217251064398,1.169007344414145,1.1725197593792247,1.1331598069625384,1.1096494592228128,1.1671714579739183,1.4116810797995345,2.974660184160103,1.2812351185820132,1.2353009469993643,1.097895455382692,1.0949832071547851,1.0687626457091026,1.01349950585514,1.321118774385437,2415,169.8,100.3,19.5,3.5,6.4,6.5,6.7,11.0,24.0,69.1,1.3,3.5,6.4,9.9,0.18908168116594185,0.15945968991790183,0.07217346886919741,0.5792851600469588,32.10606946197693,36.993167097961674,27.076255348059732,31.6523413611146,12.255055013989722,14.36929415618239,98.36262017597362,111.46056769093575,100.3,111.29784076004812,19.5,22.759843430491408,3.5,4.940883779298371,6.4,19.037825178624658,6.5,8.328028270783086,6.7,8.276516344895741,11.0,12.076850009209613,24.0,26.279596971714845,69.1,73.85149881849898,1.3,1.717454406701068
15,2020,1.1412635412447405,1.1629039663645726,1.1650369757653722,1.126181305814123,1.1049926648723876,1.1620535409618526,1.3948761641388674,2.302054011053167,1.2671580806237903,1.2151575588664827,1.0949164022080315,1.0974791634262084,1.065838822446687,1.012349348905615,1.3188915900649725,2403,173.1,100.9,18.3,3.9,6.4,8.0,6.5,14.3,24.8,67.3,1.3,3.9,6.4,10.3,0.19698070567444062,0.14591290897850903,0.07271867262950202,0.5843877127175484,34.09736015224567,38.9140739944492,25.257524544179912,29.372075472977365,12.587602232166798,14.665022036701055,101.15751307140762,113.92170016366705,100.9,111.49375988562392,18.3,21.265579799601905,3.9,5.440017040141583,6.4,14.733145670740269,8.0,10.137264644990323,6.5,7.898524132632137,14.3,15.657304551574851,24.8,27.21748325296997,67.3,71.73095275066204,1.3,1.7145590670844644
15,2021,1.1561815258417334,1.166406263563593,1.171811135804618,1.1304011726576122,1.1071683818259872,1.1627562295696678,1.3925172904688723,2.377462604435693,1.276681674780881,1.2286052215003294,1.0963199427756658,1.0982083723735356,1.070017294038413,1.000434152749999,1.3260876303881364,2400,158.7,105.1,26.8,4.1,7.1,7.4,6.4,13.7,23.8,67.5,1.3,4.1,7.1,11.2,0.18000125383937962,0.15393015720655062,0.06520739508393092,0.6008611938701389,28.566198984309544,33.02771152917758,24.42871594867958,28.493807293355705,10.348413599819835,12.126386294180836,95.35667146719103,107.79129324723941,105.1,116.36339692991125,26.8,31.1618669524671,4.1,5.709320890922376,7.1,16.87998449149342,7.4,9.44744439337852,6.4,7.863073417602108,13.7,15.019583216026621,23.8,26.13735926249015,67.5,72.22616734759288,1.3,1.7239139195045774
15,2022,1.1494474797299847,1.159847257725095,1.165497821323522,1.1243280512910612,1.1034186219663789,1.1588997782513604,1.3817417754959131,2.177296341582999,1.2633188248640346,1.2194623137049363,1.0932039443382415,1.0971196263197958,1.0687376618321156,1.001187163975187,1.319429150166424,2401,153.2,92.6,24.9,4.0,6.6,6.8,6.6,14.2,20.9,57.8,1.2,4.0,6.6,10.6,0.18259386875903552,0.14940617705091502,0.07075395325072191,0.5972460009393277,27.97338069388424,32.153931938112656,22.88902632420018,26.54777441412109,10.839505638010596,12.633420205325384,91.498087343905,102.87386624023202,92.6,102.17656439408668,24.9,28.85660447845887,4.0,5.526967101983653,6.6,14.370155854447791,6.8,8.590568009075435,6.6,8.04845127045258,14.2,15.52349600960303,20.9,22.92980019008373,57.8,61.77303685389628,1.2,1.5833149801997086
15,2023,1.1675101247236064,1.158753238775111,1.169890026144419,1.1260665018887224,1.10366609764226,1.1566419222329474,1.3825874413614658,2.288185542187559,1.2627455814541515,1.23572014858916,1.0920917374324572,1.0951404199950443,1.0745001224058208,1.0000000000000002,1.3266693573074388,2396,168.6,122.4,27.4,4.3,7.4,8.3,8.0,16.5,25.4,77.6,1.4,4.3,7.4,11.7,0.1607618105438212,0.1650668268018948,0.0705333514056387,0.6036380112486452,27.10444125768825,31.64470959332727,27.830266998799463,32.24841202083496,11.891923046990684,13.91224216435135,101.77336869652159,114.60358127352326,122.4,135.08873035141264,27.4,31.691988669182756,4.3,5.945125997854303,7.4,16.932573012187937,8.3,10.480788326069458,8.0,9.88576118871328,16.5,18.019513667635543,25.4,27.816566667874124,77.6,83.38120949869169,1.4,1.8573371002304142
15,2024,1.176054838896056,1.1617008027727915,1.1744219893412682,1.1294007649130091,1.1055302897219037,1.1575486490882796,1.378261508496094,2.30606542394079,1.26275156269762,1.242132930847003,1.0933400016975878,1.0960714934450673,1.0770770125215314,1.0002642762581533,1.341282938626689,2388,164.8,116.4,25.46,6.14,8.45,9.2,8.0,16.9,29.3,80.3,1.5,6.14,8.45,14.59,0.15295860312993112,0.17025285024690012,0.06982176563867852,0.6069667809844903,25.20757779581265,29.645493843614247,28.05766972068914,32.59461743845842,11.506626977254221,13.513635745234806,100.02812550624401,112.97184145956646,116.4,128.6837257236296,25.46,29.4711886057876,6.14,8.462525662166017,8.45,19.486252832299673,9.2,11.617314376818102,8.0,9.937063446776024,16.9,18.477446028689233,29.3,32.11489475794047,80.3,86.48928410547897,1.5,2.0119244079400334
21,2015,1.1437751974465766,1.1633973547150225,1.1973073871820248,1.164759495795561,1.157678303972924,1.1869722199763972,1.257155613420173,1.5458212029724927,1.3250077781008895,1.2242533792665866,1.1148461322753538,1.0294525329194686,1.0653400949331686,1.062701077250979,1.2480317901190878,4338,135.8,123.3,18.1,2.1,1.3,4.7,13.9,12.3,14.4,60.5,1.3,2.1,1.3,3.4000000000000004,0.5087304804035974,0.21893845131822964,0.12471649221905312,0.14761457605911993,69.08559923880853,79.01839491008329,29.73184168901559,34.589945971806564,16.936499643347414,20.27819613598559,20.04605942882849,23.34883807301012,123.3,142.74173487986153,18.1,21.484197181572792,2.1,2.640026788182363,1.3,2.0095675638642407,4.7,6.227536557074181,13.9,17.017121971805555,12.3,13.712607426986853,14.4,14.824116474040348,60.5,64.45307574345671,1.3,1.6224413271548142
21,2016,1.1109864739175297,1.119729437646144,1.1543889479877216,1.117087862768367,1.1237487736458944,1.1668332648589994,1.2847856366046635,1.440631097451313,1.2922353669060604,1.1945666486690223,1.0936665698254404,1.0258536459828833,1.0568158399074168,1.0,1.1621409586713525,4327,134.7,119.3,18.3,2.6,1.8,5.3,14.8,13.3,14.8,65.7,1.3,2.6,1.8,4.4,0.506560205391874,0.21745347156599257,0.12623922018819392,0.14974710285393963,68.23365966628542,75.8066729551352,29.290982619939196,32.797975497127496,17.004422959349718,19.629717931181982,20.170934754425666,22.532706394861542,119.3,134.0632286959552,18.3,21.35304874691969,2.6,3.3404426551721254,1.8,2.5931359754123635,5.3,6.84884744460212,14.8,17.67958640030153,13.3,14.54576537867836,14.8,15.182633960546674,65.7,69.43280068191729,1.3,1.5107832462727582
21,2017,1.1110188472648574,1.0945996860049576,1.1339959083970004,1.1020640313823111,1.1136056862286847,1.156447886937077,1.2893071111285568,1.659823676484571,1.303305609567169,1.2072748509683375,1.080396945055456,1.0107373272989093,1.0555287823044397,1.0,1.1079104191564106,4312,128.6,113.8,18.5,2.6,1.5,5.2,14.5,13.6,15.0,65.1,1.3,2.6,1.5,4.1,0.523492981766604,0.19438019964766445,0.12822282057368622,0.15390399801204543,67.32119745518527,74.79511919314979,24.997293674689647,27.362029807289,16.48945472577605,18.698974190727622,19.79205414434904,21.812110979658282,113.8,126.72832709282432,18.5,21.394285908335924,2.6,3.3521984889342478,1.5,2.4897355147268567,5.2,6.7771891697492785,14.5,17.505485339040895,13.6,14.693398452754202,15.0,15.16105990948364,65.1,68.71492372801902,1.3,1.440283544903334
21,2018,1.1225156128805736,1.1271867671475764,1.1641914214283664,1.1330985929742277,1.135853104614995,1.1687563870151558,1.2900172590624273,1.5875595557908466,1.30654889214368,1.2158008629765733,1.096260858688672,1.0150311595201262,1.0604872879093992,1.0,1.213274548708541,4291,127.8,107.7,19.0,2.6,1.3,5.1,13.7,12.1,14.9,61.8,1.2,2.6,1.3,3.9000000000000004,0.5339915966260957,0.18099039548419724,0.12961441078489733,0.15540359710480972,68.24412604881503,76.60509697718472,23.130572542880405,26.072475286881858,16.564721698309878,19.28450689952068,19.86057970999468,22.50399492504747,107.7,122.33137936703496,19.0,22.20637135328796,2.6,3.354044873562311,1.3,2.063827422528101,5.1,6.663399349932768,13.7,16.656471822779054,12.1,13.26475639013293,14.9,15.12396427684988,61.8,65.53811439280086,1.2,1.4559294584502491
21,2019,1.1102890708725557,1.107385954757286,1.1462020363394871,1.1173563223049172,1.1249845807696366,1.1540180155891422,1.2836666886289707,1.5107020500094437,1.2787077957299369,1.2056394171358422,1.0848873767070744,1.0052977399246807,1.0588848550861394,1.0,1.1812628958982925,4277,127.9,110.3,17.9,2.7,1.1,5.6,15.4,13.1,16.0,67.4,1.2,2.7,1.1,3.8000000000000003,0.536683920729221,0.17421737319095112,0.13075592714003262,0.15834277893979523,68.64187346126737,76.21232190826208,22.28240203112265,24.675219047520443,16.723683081210172,19.16871960277933,20.25204142639981,22.62874652736892,110.3,124.08579925889092,17.9,20.656922479045644,2.7,3.465900059298221,1.1,1.6617722550103882,5.6,7.160763656087646,15.4,18.56684702389197,13.1,14.212024634862674,16.0,16.084763838794892,67.4,71.3688392328058,1.2,1.4175154750779508
21,2020,1.0950006217594126,1.0888242212210228,1.1271567807370917,1.09393509746985,1.107694615326889,1.144788513005917,1.2414700929703657,1.3082799027368976,1.248164079987114,1.1764132955960394,1.0768744446603444,1.0128626968230094,1.0537501178366653,1.0,1.139580765586715,4255,145.9,117.1,16.5,3.1,1.4,7.1,15.1,16.6,17.7,69.6,1.2,3.1,1.4,4.5,0.5562157962845258,0.14912560337655492,0.13359266614935664,0.16106593418956272,81.15188467791232,88.86136417926214,21.757425532639363,23.690011911350453,19.491169991191136,21.969604420070407,23.4995197982572,25.70694948100116,117.1,129.7110394547787,16.5,18.889010464597632,3.1,3.848557288208134,1.4,1.8315918638316566,7.1,8.86196496790851,15.1,17.763840763500195,16.6,17.87611578136172,17.7,17.927669733767267,69.6,73.3410082014319,1.2,1.367496918704058
21,2021,1.0855415541537514,1.0726330353968885,1.1134144536466952,1.0826145253884845,1.0998034393679657,1.1325557927709076,1.2430173036661818,1.3005569074034282,1.2400452066503351,1.1714572248325374,1.0674547601903042,1.001966236193115,1.0529801188278527,1.0,1.124307801735117,4229,161.3,128.1,26.3,3.8,1.6,7.5,17.1,17.5,19.3,78.7,1.1,3.8,1.6,5.4,0.5570295943513445,0.1393459189468441,0.1366899681387272,0.1669345185630842,89.84887356887187,97.53468585291708,22.47649672612595,24.109032908432706,22.048091860776697,24.548664153118835,26.926537844225482,29.151060988581236,128.1,140.8848205830364,26.3,29.78621734987487,3.8,4.723465753931491,1.6,2.080891051845485,7.5,9.300339049877513,17.1,20.03191854463639,17.5,18.680458303330322,19.3,19.337948358527118,78.7,82.869535351752,1.1,1.2367385819086287
21,2022,1.0879036570081768,1.0779684072610576,1.1180309132979696,1.0869512396323129,1.1028791933366386,1.1328504419040863,1.2197398323216453,1.2056997762076764,1.229573569607134,1.163478371480373,1.0703799327368362,1.0075277090255328,1.0533143773112377,1.0,1.1315811842771784,4197,149.3,119.2,27.5,3.8,1.5,6.8,17.0,18.7,15.6,68.7,1.1,3.8,1.5,5.3,0.5736339400265534,0.1180440862920659,0.1391089817379764,0.1692129919434044,85.64354724596443,93.17192824803728,17.62398208340544,18.998095896045978,20.768970973479878,23.220351585738726,25.263499697150277,27.460192313268053,119.2,131.46319984572733,27.5,31.153387152362374,3.8,4.635011362822252,1.5,1.8085496643115146,6.8,8.36110027332851,17.0,19.77913231516634,18.7,20.016104742178836,15.6,15.717432260798311,68.7,72.36269772128203,1.1,1.2447393027048963
21,2023,1.0863385986073966,1.0689040028787231,1.111385638337125,1.08017055565719,1.097980964972442,1.1283306815810734,1.2229965468726745,1.256891457585852,1.2291132916788383,1.168671250685161,1.065069541166007,1.000342711913193,1.0541919522878649,1.0,1.126617123994596,4182,145.7,129.5,30.7,3.9,1.9,7.5,18.1,19.4,15.6,74.6,1.1,3.9,1.9,5.8,0.5606236802355968,0.12384336243603093,0.14189035738263991,0.17364259994573233,81.68287021032646,88.7352547545159,18.043977906929705,19.287280212572405,20.673425070650634,22.97614771875978,25.299726812093198,27.328019968593814,129.5,142.18853496393123,30.7,34.639751924538956,3.9,4.76968653280343,1.9,2.388093769413119,7.5,9.218349687591287,18.1,21.152949637401417,19.4,20.662349098620535,15.6,15.605346305845808,74.6,78.64271964067471,1.1,1.2392788363940557
21,2024,1.0927742720317692,1.077564490669496,1.1200835635643596,1.0881555729726085,1.1036588368559346,1.132234443866018,1.2195861558930976,1.2484578766024652,1.2322921388316794,1.1716080541193454,1.0694894635979366,1.003237351071983,1.056098989148241,1.0,1.1402844976459792,4155,144.5,117.1,27.01,4.76,2.09,7.6,16.6,19.3,14.2,75.9,1.1,4.76,2.09,6.85,0.5532244163103814,0.12670829114087992,0.14418147201377593,0.17588582053496282,79.94092815685012,87.35738957214585,18.309348069857148,19.729503327386134,20.834222705990623,23.33607041261947,25.415501067302127,27.65601912627609,117.1,129.23844979582992,27.01,30.581652328821146,4.76,5.805230102051144,2.09,2.6092769620991523,7.6,9.365420255120764,16.6,19.448693698381135,19.3,20.641146647440177,14.2,14.245970385222158,75.9,80.15791327635151,1.1,1.2543129474105772
22,2015,1.1292159291256407,1.152263743849525,1.1613549522230262,1.1376934138767782,1.1242283583879291,1.1530502422792703,1.3374806604960938,2.116639709287007,1.3028134304332983,1.2220388064784444,1.0908481675696469,1.060075635344564,1.0644711448406994,1.1422489296111755,1.243783129952119,2613,129.7,94.7,14.9,1.7,0.7,3.8,7.0,9.7,9.5,47.1,1.1,1.7,0.7,2.4,0.20750485974105276,0.16921695423215452,0.061127860485083216,0.5621503255417095,26.913380308414542,30.39101775087805,21.94743896391044,25.28923818846438,7.928283504915292,9.207551311061506,72.91089722275971,82.95024757018041,94.7,106.46442553933689,14.9,17.18044860996113,1.7,2.2737171228433595,0.7,1.481647796500905,3.8,4.950691035646534,7.0,8.554271645349111,9.7,10.581227225425573,9.5,10.070718535773358,47.1,50.13659092199694,1.1,1.368161442947331
22,2016,1.1113621177543576,1.125916907382413,1.1361935329644537,1.106274431569494,1.1017237348135882,1.1454072452043844,1.3221806620952747,2.0322463221532363,1.279686400669273,1.2015444938015256,1.0800413314031665,1.0589949951499902,1.058841869413247,1.0315537669641195,1.1973591835546311,2567,137.6,101.3,14.2,2.1,1.0,4.8,7.4,10.3,9.5,50.8,1.2,2.1,1.0,3.1,0.210801202565725,0.1626178708229483,0.0623778092677259,0.5642031173436007,29.00624547304376,32.23644239702466,22.376219025237685,25.193763323807122,8.583186555239084,9.752161056290094,77.63434894647946,85.88489525103431,101.3,111.60461433661648,14.2,16.264782881902256,2.1,2.776579390400077,1.0,2.0322463221532363,4.8,6.14249472321251,7.4,8.89142925413129,10.3,11.124425713452615,9.5,10.060452453924906,50.8,53.78916696619295,1.2,1.4368310202655572
22,2017,1.1040968933535178,1.1053864018736894,1.1171100756427288,1.0918735021276684,1.091817510221554,1.1322710304048835,1.3046792132300211,2.21952567498526,1.272569812703897,1.2047289090813302,1.0673204459296648,1.052283488279538,1.0574922955978654,1.022962833963596,1.1707315069336417,2526,142.2,109.4,15.7,2.2,0.8,5.0,7.3,10.9,9.7,50.9,1.3,2.2,0.8,3.0,0.22260291842226995,0.13641859692008962,0.06298289936663311,0.5779955852910073,31.654134999646786,34.94923211490287,19.39872448203674,21.443086256137644,8.956168289935228,10.005025835838552,82.19097222838123,89.74214469028054,109.4,119.444835618238,15.7,17.77665517735667,2.2,2.8702942691060467,0.8,1.7756205399882081,5.0,6.3628490635194845,7.3,8.79452103629371,10.9,11.633792860633347,9.7,10.207149836311517,50.9,53.82635784593135,1.3,1.5219509590137343
22,2018,1.108114847115019,1.11972238812184,1.127765964594583,1.104196460630118,1.100632606879285,1.1342189013956887,1.3161866877637178,2.3623568363605454,1.2722831600189537,1.2107286571155598,1.0732700641819344,1.0528384901513592,1.059844641831866,1.0364561420246612,1.2215137714944522,2484,132.6,92.3,18.9,2.3,0.7,4.9,8.0,10.1,10.0,53.9,1.3,2.3,0.7,3.0,0.22611216479746685,0.13307893730912332,0.06405531815268171,0.576753579740728,29.9824730521441,33.22402354230684,17.646267087189752,19.758920324303936,8.493735187045594,9.578945456229425,76.47752467362054,84.44621206236431,92.3,101.58838961495802,18.9,21.436737236378516,2.3,3.027229381856551,0.7,1.6536497854523817,4.9,6.234187484092874,8.0,9.685829256924478,10.1,10.840027648237538,10.0,10.528384901513592,53.9,57.125626194737585,1.3,1.5879679029427878
22,2019,1.1031846270114505,1.1087000458355876,1.1188520461244604,1.0925394536983786,1.0913198782622442,1.1279692269434631,1.2994931928340476,2.3299137669947303,1.2514673656206934,1.2054492020276315,1.0680741805034744,1.0503064756687508,1.0586911887687986,1.0171336258697974,1.2011896708569254,2448,140.6,95.9,16.7,2.5,0.6,5.6,9.9,11.1,10.8,63.7,1.4,2.5,0.6,3.1,0.22837514470029202,0.12096859645412962,0.06501351605718551,0.5856427427883929,32.109545344861054,35.4227568047778,17.008184661450624,18.856975113730446,9.140900357640282,10.227315068565641,82.34136963604804,89.96119499894418,95.9,104.65757632534923,16.7,18.837086089955832,2.5,3.248732982085119,0.6,1.397948260196838,5.6,7.008217247475883,9.9,11.933947100073553,11.1,11.855623403588565,10.8,11.343309937222509,63.7,67.43862872457248,1.4,1.6816655391996955
22,2020,1.0992609527993484,1.1030636040203112,1.1148643337011492,1.08806651285362,1.088985871229022,1.1267224696609754,1.2735443896069272,1.888649542894272,1.2364049876424108,1.1882973889023964,1.0659491363070004,1.0533035349082904,1.0569973371165122,1.0295029430886535,1.1927415649192503,2399,157.5,105.6,14.2,2.7,0.8,7.1,10.2,14.0,11.6,64.0,1.4,2.7,0.8,3.5,0.23858433488536143,0.09657312839941101,0.06670595013849431,0.5981365865767333,37.57703274444442,41.306964818030295,15.210267722907234,16.777892732543865,10.506187146812854,11.71297333317109,94.2065123858355,102.5029514197574,105.6,114.9969080017847,14.2,15.99945906918585,2.7,3.438569851938704,0.8,1.5109196343154176,7.1,8.778475412261116,10.2,12.120633366804443,14.0,14.923287908298006,11.6,12.218321004936168,64.0,67.64782957545678,1.4,1.6698381908869504
22,2021,1.0990155526637198,1.099813885093623,1.1116151605454885,1.0838079138653367,1.083293758672666,1.1171900536143076,1.2648848562550692,1.8833685765957613,1.232802560893628,1.1900103375305846,1.0634622949735877,1.0510109710773583,1.058131941884354,1.0002211390418914,1.1916361290506596,2375,156.1,109.4,22.8,2.9,0.8,7.2,9.9,14.4,11.3,67.0,1.5,2.9,0.8,3.7,0.236290661182208,0.0915391992731824,0.0662163979906269,0.6059537415539826,36.88497221054267,40.537158118955496,14.28926900654377,15.7155364612348,10.336379726336858,11.49007640895108,94.58937905657669,102.51671758912595,109.4,118.51233719878968,22.8,25.471933222406214,2.9,3.6681660831397007,0.8,1.5066948612766091,7.2,8.876178438434122,9.9,11.781102341552788,14.4,15.313857047619663,11.3,11.87642397317415,67.0,70.89484010625172,1.5,1.7874541935759893
22,2022,1.0978503981304917,1.09849368955967,1.110117081533876,1.082374243268721,1.084028216748688,1.117243059567922,1.255318548692376,1.7857742235949088,1.2241620517159892,1.184588353842262,1.062930050190608,1.0519461915928126,1.0579578640540372,1.0027431365693529,1.1913387490052447,2348,147.1,99.9,23.1,2.9,0.8,6.0,9.7,14.4,9.0,53.9,1.4,2.9,0.8,3.7,0.23811791937318436,0.08167572295733862,0.06770001924429331,0.6125063384251836,35.02714593979542,38.45456611537924,12.01449884702451,13.197851166678356,9.958672830835544,11.055292818917856,90.09968238234451,97.52157553734224,99.9,108.29441885319395,23.1,25.808314676019,2.9,3.64042379120789,0.8,1.4286193788759272,6.0,7.344972310295935,9.7,11.49050703226994,14.4,15.306192722744756,9.0,9.467515724335312,53.9,57.023928872512606,1.4,1.6678742486073426
22,2023,1.105756816440584,1.096118196793969,1.1111390441509057,1.0819392850227252,1.0799315997538266,1.110942745540966,1.2555177311878205,1.8491363016516584,1.2193373506933955,1.1926635101550906,1.061305144657157,1.0494569829262526,1.0606322721652046,0.9999999999999998,1.1942015240424322,2339,140.7,102.0,24.7,3.2,1.1,6.0,10.1,15.1,8.4,57.7,1.2,3.2,1.1,4.300000000000001,0.23163861915145886,0.08649228214796952,0.06749478918494141,0.6143743095156302,32.59155371461026,36.038332678319726,12.16946409821931,13.339171043289094,9.496516838321256,10.55195064249526,86.44246534884917,93.52549915513556,102.0,110.15302317489031,24.7,27.44028581486186,3.2,4.0176567398010254,1.1,2.0340499318168246,6.0,7.316024104160373,10.1,12.045901452566415,15.1,16.02570768432307,8.4,8.815438656580522,57.7,61.19848210393231,1.2,1.4330418288509186
22,2024,1.1116539127848108,1.0993454516787229,1.1152920909345452,1.0853330555819876,1.0811867690756158,1.109944964639557,1.2513528435866976,1.851478662064112,1.218281508335752,1.19618488054358,1.0628157519408374,1.0504380757019751,1.0623438427995435,1.000134611144402,1.204432500710762,2317,144.3,96.6,22.2,4.43,1.19,6.2,10.2,16.2,7.8,56.8,1.1,4.43,1.19,5.619999999999999,0.2327929876356174,0.0807422853871486,0.0678212617425732,0.6186434652346607,33.592028115819595,37.34270949332823,11.651111781365545,12.808596743844594,9.786608069453314,10.914926576937479,89.27025203336156,96.88795541194244,96.6,104.44264189270449,22.2,24.640778214998164,4.43,5.54349309708907,1.19,2.203259607856293,6.2,7.5533453516816635,10.2,12.201085781544515,16.2,17.217615181441566,7.8,8.193416990475406,56.8,60.341130271014066,1.1,1.3248757507818383
23,2015,1.0517570906331497,1.0399450312377625,1.054050290835163,1.0614186219315136,1.0790259115554377,1.0715337038958488,1.253524234602852,2.228704329799728,1.257045156654102,1.191255756673043,1.0259958497617765,1.0,1.0516682000254014,1.269975154648897,1.0,3529,138.6,91.4,13.9,1.5,1.2,4.5,7.9,9.6,10.4,54.5,1.6,1.5,1.2,2.7,0.5589996846086714,0.17389639983878652,0.11553757730737153,0.15156633824517052,77.47735628676186,81.48735883811263,24.10204101765581,25.064797798999905,16.013508214801693,16.879042991102995,21.007094480780633,22.297321274575285,91.4,98.62296831616702,13.9,14.894318484152299,1.5,1.8802863519042778,1.2,2.6744451957596733,4.5,5.65670320494346,7.9,9.41092047771704,9.6,9.849560157713054,10.4,10.4,54.5,57.31591690138438,1.6,1.6
23,2016,1.0431445992455737,1.0305199872462087,1.0425394238615409,1.0381869001642048,1.0607935501450685,1.076126601658842,1.225051335006051,2.081562056712691,1.242961224436178,1.171401141125401,1.0238022082816851,1.0,1.045865430359823,1.045771667863752,1.0,3463,142.6,89.7,14.2,1.8,1.5,5.5,8.3,9.9,9.8,57.4,1.8,1.8,1.5,3.3,0.574872740451577,0.15952972201678603,0.11710597910502991,0.14849155842660702,81.97685278839488,85.51371124936357,22.748938359593687,23.443235668193275,16.699312620377267,17.409691758131874,21.17489623163416,21.98349988001897,89.7,95.15318144801265,14.2,15.280997743555556,1.8,2.205092403010892,1.5,3.122343085069036,5.5,6.836286734398979,8.3,9.722629471340829,9.9,10.135641861988683,9.8,9.8,57.4,60.03267570265383,1.8,1.8
23,2017,1.0206549593988086,1.0030437727761572,1.0123007375157898,1.014681421295456,1.044326089859954,1.0493899473179968,1.1740456595542537,2.107202652115164,1.2102856137265854,1.1582213860907962,1.0030808623519805,1.0,1.0430082426273182,1.0382136868720933,1.0,3399,141.2,92.5,15.4,1.9,1.4,5.7,8.2,11.1,10.4,60.2,1.8,1.9,1.4,3.3,0.6378660062012281,0.11410643846875117,0.11261048829608147,0.13541706703393908,90.0666800756134,91.92700369576067,16.111829111787664,16.16086985861222,15.900600947406703,16.09619006600407,19.120889865192197,19.4016117048471,92.5,96.60016331204575,15.4,16.16060518869715,1.9,2.230686753153082,1.4,2.9500837129612294,5.7,6.898627998241537,8.2,9.497415365944528,11.1,11.134197572106983,10.4,10.4,60.2,62.78909620616456,1.8,1.8
23,2018,1.011890901979038,1.0,1.000948749324791,1.006916523932419,1.0390171316724832,1.037897502767877,1.1809330341330926,2.0335824893841825,1.196817643711206,1.1544563044278546,1.0,1.0,1.0422429731510985,1.0549706912557155,1.0,3327,139.9,95.8,18.5,2.0,1.1,5.3,9.0,10.9,10.4,64.3,1.8,2.0,1.1,3.1,0.6353159282693333,0.11254102825429892,0.11312072686763572,0.13902231660873213,88.88069836487972,89.93757003696496,15.74448985277642,15.74448985277642,15.825589688782237,15.84060420631389,19.449222093561627,19.583743103638678,95.8,99.53784121422389,18.5,19.201103801205722,2.0,2.361866068266185,1.1,2.236940738322601,5.3,6.343133511669391,9.0,10.390106739850692,10.9,10.9,10.4,10.4,64.3,67.01622317361563,1.8,1.8
23,2019,1.0058034799705045,1.0,1.0,1.0,1.0306846559625036,1.0354160727797468,1.1628804068788945,1.970975629376768,1.1744494149528846,1.1479428110616732,1.0,1.0,1.0399507831343522,1.0366884823280544,1.0,3255,138.8,96.1,15.1,1.9,1.1,6.0,10.3,12.2,9.8,67.3,1.6,1.9,1.1,3.0,0.6568222455098149,0.08801256929349852,0.11427121559654982,0.14089396960013673,91.16692767676233,91.69601311550684,12.216144617937594,12.216144617937594,15.860844724801115,15.860844724801115,19.556082980498978,19.556082980498978,96.1,99.04879543799659,15.1,15.634782698974176,1.9,2.2094727730698995,1.1,2.168073192314445,6.0,7.046696489717307,10.3,11.823810953935235,12.2,12.2,9.8,9.8,67.3,69.9886877049419,1.6,1.6
23,2020,1.0184261749665586,1.0018465178748543,1.0098499398630372,1.010658494494998,1.0411695676265131,1.045302211765465,1.1341889886209158,1.699257651664559,1.168131529602242,1.1417360146803996,1.002339787603825,1.0,1.0419418757784893,1.079276114106296,1.0,3171,167.1,108.0,15.0,2.3,1.4,8.2,10.3,16.4,10.6,70.2,1.8,2.3,1.4,3.6999999999999997,0.6908792690802521,0.053768674042711906,0.11571247662611961,0.13963958025091644,115.44592586331012,117.57315269244383,8.984745432537158,9.001335925579355,19.335554844224585,19.526008896658656,23.333773859928137,23.582476760161708,108.0,112.44631330366342,15.0,15.679533176481973,2.3,2.608634673828106,1.4,2.3789607123303824,8.2,9.578678542738384,10.3,11.759880951208117,16.4,16.438372516702728,10.6,10.6,70.2,73.14431967964995,1.8,1.8
23,2021,1.0,1.0,1.0,1.0,1.025761445796476,1.022326240970872,1.1113896157286822,1.577385612170742,1.1489601376674532,1.1290219873129927,1.0,1.0,1.0392966067064544,1.0,1.0,3125,169.7,121.3,24.4,2.5,1.6,8.6,10.7,16.7,12.4,79.5,2.0,2.5,1.6,4.1,0.6926444168255025,0.04566766024121591,0.11707338104375081,0.14461454188953082,117.54175753528776,117.54175753528776,7.749801942934339,7.749801942934339,19.86735276312451,19.86735276312451,24.54108775865338,24.54108775865338,121.3,124.42486337511255,24.4,24.944760279689277,2.5,2.7784740393217056,1.6,2.523816979473187,8.6,9.881057183940097,10.7,12.080535264249022,16.7,16.7,12.4,12.4,79.5,82.62408023316313,2.0,2.0
23,2022,1.0047381903539074,1.0,1.0,1.0,1.0308165184248277,1.0274663451461563,1.1139734319507484,1.6356120888026795,1.1481839726651646,1.1314199900665078,1.0,1.0,1.0404696511582223,1.0072948306514276,1.0,3099,148.0,108.1,23.0,2.6,1.6,6.9,11.2,16.0,10.6,65.1,1.8,2.6,1.6,4.2,0.6920244634358607,0.03961278931656781,0.11926555325285272,0.14909719399471874,102.41962058850737,102.9049042468307,5.862692818852036,5.862692818852036,17.651301881422203,17.651301881422203,22.066384711218372,22.066384711218372,108.1,111.43126564172387,23.0,23.631725938361594,2.6,2.896330923071946,1.6,2.6169793420842873,6.9,7.922469411389636,11.2,12.671903888744888,16.0,16.0,10.6,10.6,65.1,67.73457429040026,1.8,1.8
23,2023,1.0,1.0,1.0,1.0,1.0197353419376012,1.0124820493311788,1.110786283379671,1.6097688856872128,1.1315059468490658,1.124903124291831,1.0,1.0,1.038674521639366,1.0,1.0,3062,144.1,115.1,27.0,2.9,2.0,6.9,11.8,16.5,10.5,67.9,1.6,2.9,2.0,4.9,0.6800884104274145,0.040368151424387,0.1214391171938299,0.1581043209543685,98.00073994259043,98.00073994259043,5.817050620254167,5.817050620254167,17.499376787630887,17.499376787630887,22.782832649524497,22.782832649524497,115.1,117.37153785701788,27.0,27.337015331941828,2.9,3.2212802218010457,2.0,3.2195377713744255,6.9,7.807391033258554,11.8,13.273856866643607,16.5,16.5,10.5,10.5,67.9,70.52600001931296,1.6,1.6
23,2024,1.0,1.0,1.0,1.0,1.0166725725308106,1.005167572884482,1.1062263272620674,1.609156437228259,1.125715085224172,1.1234744208538012,1.0,1.0,1.0384868422365052,1.0,1.0,3029,134.6,107.6,22.54,3.9,2.04,7.1,11.9,17.1,10.0,69.6,1.5,3.9,2.04,5.9399999999999995,0.6982734028056786,0.0246320954566807,0.1214662089897311,0.1556282927479096,93.98760001764434,93.98760001764434,3.315480048469222,3.315480048469222,16.349351730017805,16.349351730017805,20.94756820386863,20.94756820386863,107.6,109.39396880431521,22.54,22.656477092816225,3.9,4.314282676322063,2.04,3.2826791319456485,7.1,7.992577105091621,11.9,13.369345608160234,17.1,17.1,10.0,10.0,69.6,72.27868421966076,1.5,1.5
31,2015,1.340439411502919,1.298037025171204,1.3589339783358685,1.279090995566768,1.242288592597246,1.3187901106946078,1.5203241865356607,2.414754517616018,1.5267814458840496,1.4197341615320405,1.1932264612328634,1.0810154936362375,1.095936247233068,1.0,1.3440084079910282,2458,102.7,102.8,20.6,2.6,1.0,12.1,25.2,10.4,21.7,51.1,1.4,2.6,1.0,3.6,0.42549894628339036,0.28529538984044384,0.13664315725574694,0.15256250662041893,43.69874178330419,58.57551571943029,29.299836536613583,38.03227265598844,14.03325225016521,19.070263309307787,15.668169429917024,20.041014434821363,102.8,127.70726731899688,20.6,27.167076280308923,2.6,3.952842884992718,1.0,2.414754517616018,12.1,18.474055495197,25.2,35.77730087060742,10.4,12.40955519682178,21.7,23.458036211906354,51.1,56.00234223360978,1.4,1.8816117711874394
31,2016,1.3037744367468436,1.2373983172097751,1.301683966539639,1.2175358440678807,1.2003105567240755,1.2959867482004603,1.481856174957892,2.1816561216230954,1.475662406982363,1.3854892383818316,1.1683884514745717,1.0794827541747287,1.0884069388728532,1.0,1.2385893640122585,2467,105.4,102.8,20.2,2.8,1.1,13.3,25.7,11.1,21.0,54.8,1.4,2.8,1.1,3.9,0.4153652350665503,0.2943410282111529,0.13719036525336753,0.15310337146892933,43.77949577601441,57.078587446434,31.023544373455515,38.38848160159664,14.459864497704938,18.822173774998266,16.137095352825153,19.64749201120585,102.8,123.39192523123496,20.2,26.178932313649298,2.8,4.149197289882097,1.1,2.399821733785405,13.3,19.626310012865428,25.7,35.60707342641307,11.1,12.969111811367746,21.0,22.669137837669304,54.8,59.644700250232354,1.4,1.7340251096171617
31,2017,1.3019284719113335,1.2214737983804058,1.2887495545248944,1.202282953795523,1.1896634014850678,1.2898901666017122,1.462168486593409,2.1512095411600622,1.4658763305431586,1.3835845839685332,1.1615973026777735,1.078417085116018,1.088471788455587,1.0,1.2109910119131015,2466,98.1,99.8,19.5,2.9,0.9,12.8,25.1,10.7,20.8,56.3,1.3,2.9,0.9,3.8,0.4059814678936141,0.29595212829694395,0.14058259153120764,0.15748381227823433,39.82678200036354,51.85162143087911,29.0329037859302,35.462931265413026,13.791152229211468,17.773341291781282,15.449161984494786,18.574264104383897,99.8,118.72840746820977,19.5,25.152858248733388,2.9,4.240288611120886,0.9,1.936088587044056,12.8,18.76321703095243,25.1,34.727973057610185,10.7,12.429091138652176,20.8,22.431075370413176,56.3,61.280961690049544,1.3,1.574288315487032
31,2018,1.3262451029511848,1.2447809060934147,1.3136397484367903,1.2269788515055693,1.206787282154229,1.3003877860761477,1.4753223677439165,2.334789820613351,1.4844968762042463,1.4099747056761074,1.1714395230900678,1.0781328039941056,1.0940451297315554,1.0,1.249927722578477,2475,110.5,103.6,22.4,3.0,1.1,12.3,24.5,12.0,20.8,63.5,1.5,3.0,1.1,4.1,0.3970104425562252,0.30130203306874986,0.14239687571593582,0.15929064865908912,43.869653902462886,58.18191365630474,33.29387465409686,41.443579459287264,15.734854766610908,20.669930657300185,17.601616676829348,21.59681141477735,103.6,125.02316243117811,22.4,29.128686408105708,3.0,4.425967103231749,1.1,2.568268802674686,12.3,18.259311577312232,24.5,34.544380289064634,12.0,14.057274277080815,20.8,22.425162323077398,63.5,69.47186573795376,1.5,1.8748915838677156
31,2019,1.3368737472790644,1.225567849564512,1.302347789271776,1.211592936261907,1.1950053106605645,1.293361671020759,1.4561954754526183,2.283539531711076,1.4645631765912217,1.420011771821556,1.1633258797190678,1.077341865989838,1.0975712969219409,1.0,1.2183134158867204,2481,105.3,102.4,19.8,3.5,1.0,13.1,27.2,12.3,20.8,61.1,1.4,3.5,1.0,4.5,0.35058436841095075,0.33893473773529864,0.14666269332705864,0.16381820052669194,36.91653399367311,49.35274513667674,35.689827883526945,43.740305610541675,15.443581607339274,20.112914364756566,17.25005651546066,20.90004662425082,102.4,122.36854381164181,19.8,25.60856108621103,3.5,5.096684164084164,1.0,2.283539531711076,13.1,19.185777613345003,27.2,38.62432019354632,12.3,14.308908320544534,20.8,22.40871081258863,61.1,67.06160624193059,1.4,1.7056387822414085
31,2020,1.3313246695889849,1.229856931117524,1.3042269323420723,1.2151574212900622,1.197443170888019,1.291615749465357,1.4461773526185295,2.053527802555115,1.4546127623654472,1.4037319407465645,1.1651885331459668,1.0806356617699933,1.0959016448666212,1.0,1.2233291759202762,2488,111.4,105.3,19.1,4.2,1.0,14.0,27.1,13.9,23.1,60.2,1.5,4.2,1.0,5.2,0.37187960079340365,0.31845297565517444,0.14627628835201792,0.16339113519940413,41.42738752838517,55.153303013162216,35.475661487986436,43.62998816697913,16.295178522414798,21.252610696255473,18.201772461213622,22.118018886876815,105.3,126.09076589450841,19.1,24.669860814788322,4.2,6.073944880997824,1.0,2.053527802555115,14.0,20.364578673116263,27.1,38.041135594231896,13.9,16.19612061072894,23.1,24.962683786886846,60.2,65.9732790209706,1.5,1.8349937638804144
31,2021,1.368419675427616,1.2269953728973533,1.3123326089850706,1.2172775285965414,1.1983241630527754,1.291406798041182,1.4416110979526375,2.1236267933620083,1.4600499863147385,1.4381450964338565,1.1639784619063471,1.0797952900294585,1.1054933514209575,1.0,1.2177625883333818,2489,117.1,110.2,23.1,4.4,1.2,14.2,27.9,14.0,24.0,60.6,1.5,4.4,1.2,5.6000000000000005,0.30279057760761935,0.3778680290871459,0.15084151036536841,0.16849988293986634,35.45677663785222,48.519750778479214,44.248346206104785,54.29251605325073,17.66354086378464,23.180440665684905,19.731336292258348,24.018512277747487,110.2,132.05532276841586,23.1,29.831497034751308,4.4,6.343088830991606,1.2,2.54835215203441,14.2,20.732709805669284,27.9,40.124248190504595,14.0,16.29569846668886,24.0,25.915086960707004,60.6,66.99289709611003,1.5,1.8266438825000728
31,2022,1.3397500361509491,1.230611567355982,1.307067886528188,1.2166135528454312,1.1986382947729262,1.290261646777478,1.4249601659537194,1.9548115008804168,1.4466172887473177,1.4055741545757685,1.1655474849407212,1.082070679726984,1.0980745159352014,1.0,1.225375005670542,2475,102.1,101.0,23.3,4.3,1.1,12.6,24.6,14.3,20.6,54.6,1.3,4.3,1.1,5.4,0.37439677138336913,0.3019676946645389,0.15282547505472843,0.17081005889736361,38.22591035824199,51.213164784357645,30.830901625249417,37.94086417204628,15.603481003087772,20.394808937188664,17.439707013420826,21.217383910181294,101.0,121.06246777206555,23.3,30.063096369915236,4.3,6.127328713600994,1.1,2.1502926509684586,12.6,18.227377838216203,24.6,34.57712420256391,14.3,16.667329034652315,20.6,22.29065600237587,54.6,59.954868570062,1.3,1.5929875073717046
31,2023,1.391285050795188,1.2289316265290848,1.3199004226111803,1.2216249698163348,1.201210300331851,1.293202704160058,1.4313346665420372,2.211389753670901,1.464564758250235,1.4611508981589405,1.1647826613906027,1.078889507956688,1.1111028774710152,1.0,1.2216152957394937,2487,99.1,101.7,24.1,4.9,1.3,12.7,24.5,15.0,21.9,54.1,1.2,4.9,1.3,6.2,0.27279298148754955,0.39356583049176014,0.15756313797429702,0.17607805004639332,27.033784465416158,37.61170019315268,39.00237380173343,47.93125067465962,15.614506973252833,20.609594352861638,17.449334759597576,21.316543049008512,101.7,122.16308754374926,24.1,31.1661851702574,4.9,7.013539866055983,1.3,2.8748066797721714,12.7,18.599972429777985,24.5,35.79819700489404,15.0,17.47173992085904,21.9,23.627680224251467,54.1,60.11066567118193,1.2,1.4659383548873923
31,2024,1.4091340723062116,1.2311960897476837,1.3267348496535016,1.2264663579741557,1.2040320917269731,1.293759312392788,1.4265098991341147,2.183580725844194,1.4714564528427116,1.4747980812351955,1.1657913046122932,1.0791349327099282,1.115346992230561,1.0,1.2253366654669515,2480,93.6,102.8,23.27,5.4,1.48,13.0,23.9,14.5,20.5,55.0,1.2,5.4,1.48,6.880000000000001,0.24090698039207192,0.41932094690333244,0.16038274457998752,0.17938932812460823,22.548893364697932,31.77441393299531,39.24844063015191,48.32252663253715,15.011824892686832,19.916711242023556,16.79084111246333,20.593401746525622,102.8,123.77449902953283,23.27,30.105779199380176,5.4,7.7031534553242205,1.48,3.231699474249407,13.0,19.128933886955252,23.9,35.24767414152117,14.5,16.90397391687825,20.5,22.12226612055353,55.0,61.344084572680856,1.2,1.4704039985603419
32,2015,1.217008069172924,1.3306332135909296,1.288417462556024,1.2411079528326137,1.1849625003661464,1.2349704127014165,1.3660191835687117,1.898851373101376,1.3496136910605363,1.272039437386841,1.161992571596294,1.1615939382345517,1.0822348680717615,1.2248503282447178,1.7311028744239112,8315,122.0,104.1,19.6,1.7,0.8,9.9,17.4,10.2,16.4,40.4,1.1,1.7,0.8,2.5,0.5995777084526068,0.2015284813323527,0.1078240613221381,0.0910697488929024,73.14848043121803,89.02229093253007,24.58647472254703,32.71557987093492,13.154535481300849,16.948533225920826,11.110509364934092,13.789341532840934,104.1,123.35459628811583,19.6,24.205420088947765,1.7,2.3222326120668098,0.8,1.519081098481101,9.9,13.36117554149931,17.4,22.133486210531032,10.2,11.852324230282198,16.4,19.050140587046645,40.4,43.72228867009916,1.1,1.9042131618663025
32,2016,1.174185969548288,1.2503220050183608,1.2225952054757403,1.1685066794641257,1.1364955584103318,1.2091335668067729,1.30742904206806,1.658843393527112,1.2976971780009268,1.2297208569801696,1.1327492555423235,1.16123117640103,1.0713283537826048,1.0,1.5207087788093598,8381,116.9,104.8,19.1,1.8,1.0,11.1,17.9,10.3,15.8,43.7,1.1,1.8,1.0,2.8,0.6064948297335814,0.19196533523368292,0.10920293179247131,0.09233690324026442,70.89924559585566,83.24889943021196,22.440747688817535,28.058160644393485,12.765822726539897,15.60743365942092,10.79418398878691,12.613076090262224,104.8,119.10473452140276,19.1,23.094451126009364,1.8,2.353372275722508,1.0,1.658843393527112,11.1,14.404438675810287,17.9,22.012003339945036,10.3,11.667317332085933,15.8,18.347452587136274,43.7,46.81704906029984,1.1,1.672779656690296
32,2017,1.1715218863723025,1.2342685218029088,1.2129243742101248,1.1617594233480648,1.132178400978222,1.2044372883674874,1.2370100133049602,1.6525672682620989,1.287769213373517,1.2294379718681534,1.1278927941029504,1.1550118700141927,1.0713041514456128,1.0,1.505467454622422,8423,114.8,108.2,19.5,1.9,0.8,10.3,18.1,10.7,15.6,46.2,1.1,1.9,0.8,2.7,0.6207466624980036,0.17907957297290203,0.10819178280660412,0.09198198172249031,71.26171685477081,83.48466095583001,20.558334977289153,25.37450572314772,12.420416666198152,15.065026112277398,10.559531501741887,12.267635228289379,108.2,122.50170298584364,19.5,23.486527123166006,1.9,2.350319025279424,0.8,1.3220538146096792,10.3,13.264022897747227,18.1,22.252827290813578,10.7,12.068452896901569,15.6,18.018185172221404,46.2,49.49425179678731,1.1,1.6560142000846645
32,2018,1.1935478170809766,1.2641967864882413,1.2385484036032692,1.188535790376411,1.149943033080319,1.2177188131690102,1.2600948726251595,1.9053865985508676,1.3150619769416918,1.258403322601288,1.1390219554738088,1.1550850588925747,1.0769832259979812,1.0,1.5683908491343308,8446,121.9,100.1,21.2,2.1,0.9,10.7,17.8,10.5,15.1,45.1,1.1,2.1,0.9,3.0,0.6126240024310456,0.18623448132560744,0.10919232898281232,0.09194918726053461,74.67886589634446,89.13279737266492,22.701983273591548,28.699774301384238,13.310544903004823,16.485754140706256,11.20860592705917,13.321829304534996,100.1,115.10929761133994,21.2,25.815638839183016,2.1,2.646199232512835,0.9,1.714847938695781,10.7,14.071163153276101,17.8,22.39957914230293,10.5,11.959730532474993,15.1,17.441784389277878,45.1,48.57194349250896,1.1,1.725229934047764
32,2019,1.1880479224595022,1.2423829444306025,1.222054003502682,1.1690070021122572,1.1366343635498322,1.2102625907371778,1.2452401396035968,1.8547626859504065,1.2943483762204655,1.2523569152202685,1.130160563322015,1.152888195013355,1.0759818442326596,1.0,1.5121024960438938,8469,120.3,101.4,17.8,2.3,0.8,12.4,19.6,11.3,14.7,45.7,1.0,2.3,0.8,3.0999999999999996,0.6058343168300236,0.1892762528248065,0.110812413972985,0.0940770163721848,72.88186831465184,86.58715223618914,22.76993321482422,28.28897667192149,13.330733400950095,16.290876122257984,11.317465069573831,13.230195912492693,101.4,115.25472446395298,17.8,21.542674115121766,2.3,2.8640523210882725,0.8,1.4838101487603252,12.4,16.049919865133774,19.6,24.546195538317264,11.3,12.77081436553877,14.7,16.947456466696316,45.7,49.17237028143255,1.0,1.5121024960438938
32,2020,1.196311733449917,1.2476977595806602,1.228146845995071,1.1745695670495235,1.140370503911672,1.2093572631096186,1.233365528988467,1.7167495193400066,1.2869673341561567,1.251533538625324,1.132245934432517,1.1564353386064292,1.0784597060236938,1.0,1.528770115254187,8477,122.1,104.5,18.1,2.2,0.8,13.2,19.5,13.2,15.4,44.2,1.1,2.2,0.8,3.0,0.6075360934781988,0.1836601190420919,0.1129635791490365,0.0958402083306727,74.18015701368807,88.74259222463219,22.42490053503942,27.979498156387834,13.792853014097355,16.939648926537277,11.702089437175136,13.744918123797602,104.5,119.16871765876972,18.1,21.889366462284098,2.2,2.713404163774628,0.8,1.3733996154720054,13.2,16.98796881086127,19.5,24.404904003193817,13.2,14.945646334509224,15.4,17.809104214539012,44.2,47.66791900624727,1.1,1.6816471267796058
32,2021,1.2180318744121472,1.2449490056768229,1.2325959311406085,1.1744549884295823,1.1398784507234196,1.20838457252897,1.2327160118167195,1.7323229548015089,1.2929814946128153,1.2695206646356074,1.13088032899164,1.1570838913131891,1.0853065806737168,1.0,1.519336559625672,8505,134.1,121.6,25.1,2.6,1.1,14.0,22.1,14.1,15.0,53.3,1.2,2.6,1.1,3.7,0.5610202599400204,0.2259873974316436,0.1153345620944601,0.0976577805338758,75.23281685795672,91.63596893480282,30.304909995583404,37.72806756612717,15.466364776867097,19.06377829350281,13.095908369592745,15.380554912684918,121.6,138.60921960796782,25.1,30.330452770477148,2.6,3.205061630723471,1.1,1.90555525028166,14.0,18.101740924579413,22.1,28.056406688446927,14.1,15.945412638782123,15.0,17.356258369697837,53.3,57.8468407499091,1.2,1.8232038715508063
32,2022,1.233111173181228,1.250757903515776,1.2412167812218406,1.1816464206149833,1.1444174837799594,1.2099733669433574,1.2204280405672725,1.7107900925287531,1.2897893335875,1.2803059163444854,1.133163092869556,1.1577183082767415,1.0898041651562256,1.0,1.5407402576218303,8515,131.8,130.2,27.1,2.5,1.1,14.2,23.0,15.2,14.4,51.7,1.2,2.5,1.1,3.6,0.5398596396894532,0.24413202940529574,0.11690750595112363,0.09910082495412743,71.15350051106994,87.74017649115656,32.17660147561798,40.24513860390657,15.408409284358097,19.125176175679684,13.061488728953996,15.434061404471437,130.2,149.0031563881507,27.1,32.79027824416499,2.5,3.051070101418181,1.1,1.8818691017816287,14.2,18.315008536942496,23.0,29.447036075923165,15.2,17.22407901161725,14.4,16.67114363918508,51.7,56.34287533857687,1.2,1.8488883091461963
32,2023,1.263279936621105,1.2485709893938743,1.2486076242463509,1.1835763529103955,1.1451364225151135,1.2081486675481752,1.218746570063675,1.6801077395551602,1.285759546936558,1.303151411841732,1.1319120875556463,1.157812079497128,1.0991454846735893,1.0,1.5396611095064052,8526,136.7,128.3,30.9,4.0,1.4,15.9,25.5,17.4,16.8,59.8,1.3,4.0,1.4,5.4,0.47880873281033653,0.30101809301905963,0.11909832228701633,0.10107485188358753,65.45315377517299,82.68565595275197,41.14917331570545,51.377664039530366,16.280740656635132,20.328256912252165,13.816932252486414,16.353394283807887,128.3,146.92100300868907,30.9,37.33179382723861,4.0,4.8749862802547,1.4,2.3521508353772242,15.9,20.44357679629127,25.5,33.23036100196417,17.4,19.695270323468243,16.8,19.45124293555175,59.8,65.72889998348063,1.3,2.0015594423583267
32,2024,1.2816021107544855,1.251283993162145,1.2560995676907376,1.1885116188167972,1.148049466420596,1.2087347821195626,1.219028686706571,1.6672560783450276,1.28476305709197,1.317033421288972,1.1329642737701051,1.1582001950192142,1.104528048884889,1.0,1.5498030142095442,8526,131.3,131.6,29.62,4.58,1.44,16.6,26.8,17.4,15.8,62.0,1.2,4.58,1.44,6.02,0.44614507236511836,0.33155421201778723,0.12029229295912772,0.10200842265796671,58.578848001540045,75.07477524433989,43.533068037935465,54.47223120910723,15.79437806553347,19.83931146006066,13.39370589499103,15.91857507521187,131.6,151.08330978095043,29.62,35.802724246381445,4.58,5.583151385116095,1.44,2.40084875281684,16.6,21.327066747726704,26.8,35.296495690544454,17.4,19.713578363599826,15.8,18.299563081303585,62.0,68.48073903086312,1.2,1.859763617051453
33,2015,1.2129859971420394,1.25812634405863,1.255565617776282,1.20740336145664,1.1658704397877058,1.2216063066992624,1.4459597692973851,2.2493663655083096,1.3656322352697214,1.2806856256190375,1.1428060502918655,1.1212358375762588,1.0787256306895503,1.107355563206853,1.448368036557731,5985,130.6,91.8,21.9,1.7,0.5,9.8,24.3,7.6,12.5,46.1,1.4,1.7,0.5,2.2,0.6590144507996076,0.1414420764422188,0.0768533556899304,0.1226901170682431,86.06728727442875,104.39841427588331,18.472335183353774,23.240531530458487,10.03704825310491,12.602172690560018,16.02332928911255,19.346621645401125,91.8,107.02690637251139,21.9,26.753178116713844,1.7,2.4581316078055546,0.5,1.1246831827541548,9.8,13.383195905643271,24.3,31.12066070254261,7.6,8.685325982218178,12.5,14.015447969703235,46.1,49.72925157478827,1.4,2.0277152511808234
33,2016,1.1877553203769862,1.214192180679128,1.2169342983457034,1.1645854109556668,1.1368009214782966,1.2067459346060658,1.4109159641950446,2.138988232800572,1.3312838124408286,1.2561136304555227,1.1257709382392365,1.120340288134538,1.0727332939378869,1.0308427630502586,1.3567130434813173,6072,135.6,94.9,21.5,1.8,0.7,10.6,23.3,8.1,12.0,48.5,1.5,1.8,0.7,2.5,0.6656850320026354,0.14077736249908604,0.07482328104384302,0.11871432445443553,90.26689033955736,107.21497925469524,19.089410354876065,23.178212786665696,10.146036909545114,12.347060307506892,16.097662396021455,18.74710277689623,94.9,107.88240744829035,21.5,25.945037594030417,1.8,2.53964873555108,0.7,1.4972917629604003,10.6,14.111608411872783,23.3,29.26744758961368,8.1,9.118744599737814,12.0,13.444083457614454,48.5,52.02756475598751,1.5,2.035069565221976
33,2017,1.1853738526558664,1.199221648878832,1.205002196389186,1.154442730090342,1.1299072360641014,1.2007799725669035,1.3882303468250528,2.280233088322204,1.326894418379688,1.259898380559534,1.1188204783887927,1.1152245421926137,1.0723282265646337,1.0180823203751828,1.3332630426564942,6170,134.1,96.5,21.9,2.0,0.6,10.6,23.7,8.5,12.0,50.7,1.5,2.0,0.6,2.6,0.6708877247974819,0.140889529243369,0.0783569380596008,0.1098658078995482,89.96604389534232,106.64339606042871,18.893285871535785,22.657237435602287,10.507665393792466,12.661759878442563,14.733004839329412,17.008410329149665,96.5,109.03604828018578,21.9,26.297081399215184,2.0,2.7764606936501055,0.6,1.3681398529933224,10.6,14.065080834824693,23.7,29.859591619260957,8.5,9.509974066304737,12.0,13.382694506311363,50.7,54.36704108682693,1.5,1.9998945639847414
33,2018,1.199739118365898,1.21960256646583,1.2240111434079044,1.1741375154103488,1.143490021093908,1.2088702568627534,1.4064271134444866,2.6037342557083187,1.3401805306638923,1.2776301496271096,1.127061674692016,1.1145209345010925,1.0763657014670356,1.0325583184185718,1.385909853815095,6273,132.9,91.7,23.7,2.5,0.7,10.7,22.9,8.4,13.2,52.6,1.5,2.5,0.7,3.2,0.6846388178546439,0.13891370329955352,0.07755629100146871,0.09889118784433393,90.98849889288218,109.16246144318296,18.461631168510664,22.515852754261168,10.307231074095192,12.61616569237274,13.14263886451198,15.431265342313585,91.7,104.85803493431138,23.7,28.650225087647254,2.5,3.5160677836112164,0.7,1.822613978995823,10.7,14.339931678103646,22.9,29.25773042646081,8.4,9.467318067412934,13.2,14.71167633541442,52.6,56.61683589716608,1.5,2.0788647807226424
33,2019,1.199454064244711,1.201905845652024,1.211685780196634,1.158524408947177,1.132297525399,1.2027454996138691,1.3866930977788032,2.576773035653944,1.3212214657426282,1.2762337379056634,1.119901683877116,1.1133676309342009,1.0765433243490306,1.0099451624237406,1.349392584865818,6375,132.9,95.4,22.0,2.7,0.7,11.9,25.9,9.2,13.5,55.6,1.6,2.7,0.7,3.4000000000000004,0.6666896849347507,0.14550735517054036,0.07908251657609813,0.10872044331861094,88.60305912782837,106.27529937538817,19.337927502164817,23.242368107646936,10.510066452963443,12.73489806997748,14.448946917043395,16.739457686976834,95.4,108.0211839230646,22.0,26.46040099150512,2.7,3.744071364002769,0.7,1.8037411249577606,11.9,15.722535442337277,25.9,33.05445381175668,9.2,10.303095491669467,13.5,15.030463017611712,55.6,59.8558088338061,1.6,2.159028135785309
33,2020,1.1955935234344983,1.2017091594458258,1.2105175002890014,1.1577168296279257,1.1318036126456177,1.1996416827489609,1.3736996066431346,2.113048483062986,1.3098682258031642,1.2624560316072693,1.1195422096842738,1.1165151868940415,1.075460030179075,1.0095260680778348,1.354110767705901,6468,137.3,96.9,20.0,2.9,0.6,13.0,25.9,10.6,14.7,56.0,1.6,2.9,0.6,3.5,0.6682754675307406,0.14120420309651213,0.07997686540779621,0.11054346396495111,91.7542216919707,109.70075320269332,19.387337085151117,23.297940552489834,10.98082362049042,13.292479160190487,15.17761760238779,17.57138333194139,96.9,109.67177006536036,20.0,23.99283365497922,2.9,3.9837288592650903,0.6,1.2678290898377915,13.0,17.028286935441134,25.9,32.697611218628275,10.6,11.867147422653302,14.7,16.412773247342408,56.0,60.22576169002821,1.6,2.1665772283294418
33,2021,1.2153856753405807,1.2009594545078377,1.2154828445839656,1.1590490440848846,1.1321085902616197,1.199096545167763,1.3691057755312444,2.163717695158524,1.3164821188699227,1.280062472951493,1.1190659081342005,1.1165789247611575,1.0810814675626217,1.0004034572893343,1.3534081260679705,6540,152.1,109.9,29.4,3.5,0.8,143.0,30.5,12.4,16.9,68.3,1.8,3.5,0.8,4.3,0.6495829882381146,0.15742923487811586,0.07938174897811773,0.11360602790565194,98.80157251101723,120.08201593101403,23.94498662496142,28.756958075311136,12.073964019571706,14.675696131913469,17.27947684444966,20.02776111884628,109.9,124.418734069752,29.4,35.25343842793223,3.5,4.7918702143593555,0.8,1.7309741561268195,143.0,188.25694299839896,30.5,39.04190542502053,12.4,13.876417260864086,16.9,18.87018382846356,68.3,73.83786423452706,1.8,2.436134626922347
33,2022,1.2080426898915686,1.20003799441951,1.2130789282654049,1.1575050193785483,1.131406617967556,1.197364612203187,1.358355287937715,2.009520570155508,1.3055767116021464,1.269500932583503,1.1185011439643566,1.1168176857276249,1.0795211118685424,1.000932442665808,1.3567015606897472,6577,146.5,108.4,31.7,3.7,0.9,13.8,30.5,12.4,14.1,64.8,1.6,3.7,0.9,4.6000000000000005,0.6565139327447429,0.1480727737874627,0.0807816691177813,0.114631624350013,96.17929114710483,116.18868958921286,21.692661359863283,26.032017831911936,11.83451452575496,14.356200197444194,16.793532967276906,19.438598702722146,108.4,122.64447738768307,31.7,37.95645820684103,3.7,5.025914565369546,0.9,1.8085685131399571,13.8,18.01695862010962,30.5,38.71977844379684,12.4,13.869414185158023,14.1,15.74712936875951,64.8,69.95296804908155,1.6,2.1707224971035957
33,2023,1.2361821550790018,1.199643994576928,1.2206956186883178,1.1608317994566335,1.132841459991632,1.1970096614496182,1.3618484387494054,2.144888715456696,1.3100924770012865,1.296658829596107,1.117833684891408,1.1148938268560489,1.0876317617394744,1.0,1.3623798074232834,6627,133.8,106.3,31.9,4.7,1.1,13.2,29.6,13.2,14.3,68.3,1.4,4.7,1.1,5.800000000000001,0.6506309084095188,0.1705148781824369,0.0793515079879354,0.0995027054201089,87.05441554519362,107.6151150178004,22.81489070081006,27.369746616155787,10.617231768785757,12.960408302755193,13.313461985210573,15.454690033289474,106.3,120.4210471971105,31.9,38.18460820024282,4.7,6.4006876621222055,1.1,2.3593775870023657,13.2,17.29322069641698,29.6,38.381101356044766,13.2,14.755404640566587,14.3,15.9429817240415,68.3,74.2852493268061,1.4,1.9073317303925965
33,2024,1.2489731880905268,1.2025641818627768,1.226533692001864,1.165008820112705,1.1352588120532785,1.1976589793956225,1.3584510603433946,2.131337162734514,1.311352578725456,1.3059626844649157,1.1190139549562543,1.115565638371667,1.091214093938467,1.0002455914024504,1.3747736878739374,6670,128.5,107.6,31.04,5.65,1.45,14.1,32.1,13.4,13.6,72.2,1.4,5.65,1.45,7.1000000000000005,0.6445589847555238,0.17780674288082574,0.07909246536173262,0.09854180700191781,82.8258295410848,103.44724037817122,22.848166460186107,27.47638660625824,10.163381798982641,12.465730201130725,12.662622199746439,14.752066548459542,107.6,122.15384817693275,31.04,37.17533472044012,5.65,7.67524849094018,1.45,3.0904388859650456,14.1,18.49007136002893,32.1,41.9214021713238,13.4,14.994786996413808,13.6,15.17169268185467,72.2,78.78565758235732,1.4,1.9246831630235122
34,2015,1.1754417771430707,1.249624687388909,1.22603553826997,1.186613247435206,1.1427237520582736,1.1926544386495324,1.4381530038649994,2.1753871970279457,1.315208576769059,1.2380853327449528,1.1281880176182997,1.1353816607263698,1.0738917933559176,1.1402467489156771,1.4860773102294271,6011,142.0,93.4,18.1,1.5,0.7,10.8,10.8,10.5,10.7,38.2,1.5,1.5,0.7,2.2,0.431529414559028,0.36247007449975444,0.07263879313330951,0.13336171780790804,61.277176867381975,72.02775367530573,51.47075057896513,64.3191206019118,10.31470862492995,12.646199341063893,18.93736392872294,22.47132690932426,93.4,106.73039844224276,18.1,21.587045339556536,1.5,2.157229505797499,0.7,1.5227710379195618,10.8,14.204252629105836,10.8,13.371321593645492,10.5,11.845974184992146,10.7,12.148583769772156,38.2,41.02266650619605,1.5,2.229115965344141
34,2016,1.153928609285732,1.2109504445190942,1.1934012389888733,1.1499555487266266,1.117936188583645,1.1803451166028909,1.4023818653207292,2.0935128137201238,1.2860577337529655,1.2166652455124851,1.1137141593248685,1.1347979824898542,1.0684606395252654,1.0422127857311816,1.3989687139328464,6033,140.9,97.6,17.8,1.8,1.0,11.9,11.2,11.3,10.5,43.5,1.0,1.8,1.0,2.8,0.4304955951824907,0.36744731046853407,0.07331715863455641,0.12873993571441883,60.65682936121294,69.99365074846641,51.773326045016454,62.69493218844467,10.330387651609,12.328297422665537,18.139456942161615,20.859569161526476,97.6,109.11057200576374,17.8,21.01014307553146,1.8,2.5242873575773124,1.0,2.0935128137201238,11.9,15.30408703166029,11.2,13.626650749739833,11.3,12.584970000371015,10.5,11.91537881614347,43.5,46.47803781934904,1.0,1.3989687139328464
34,2017,1.1505982424976209,1.195213221994886,1.1808963854013608,1.1403978046536007,1.111582945076271,1.1741036459701295,1.377070671253292,2.261621042804158,1.2827136139679614,1.2214034930110895,1.1063734014116355,1.1285332065934317,1.0677129001278598,1.0215232697598489,1.376803816225875,6057,137.3,99.8,18.4,1.9,0.9,10.2,10.8,11.6,11.0,48.2,1.0,1.9,0.9,2.8,0.43094786152797243,0.36304985075588847,0.06856692320258422,0.13743536451355493,59.16914138779062,68.07991009088512,49.846744508783495,59.577488110299015,9.414238555714814,11.117240281749751,18.869875547711093,21.519164648696393,99.8,110.93597791861185,18.4,21.60350708585038,1.9,2.6164342753812546,0.9,2.035458938523742,10.2,13.083678862473205,10.8,13.191157724519767,11.6,12.833931456374971,11.0,12.41386527252775,48.2,51.46376178616285,1.0,1.376803816225875
34,2018,1.1632652334070472,1.2170230688931718,1.1999614319314211,1.160730931431636,1.1254714687488323,1.1822538736557866,1.400559354612102,2.611255343161747,1.2961207666862653,1.238124852254992,1.1149214962412888,1.1275199717089337,1.0716362945377371,1.0496157543274267,1.439167876202334,6076,139.5,95.3,22.1,2.2,0.9,12.0,12.0,11.3,11.7,52.6,1.0,2.2,0.9,3.1,0.437917934732111,0.3580301169027623,0.0691166021407052,0.1349353462244215,61.08955189512948,71.06335184401972,49.94520130793534,60.78446217227073,9.641765998628374,11.569747334061793,18.823480798306797,21.848996399804165,95.3,107.25743097176371,22.1,26.127810607792885,2.2,3.0812305801466247,0.9,2.350129808845572,12.0,15.553449200235184,12.0,14.857498227059903,11.3,12.598612907526563,11.7,13.191983668994524,52.6,56.368069092684976,1.0,1.439167876202334
34,2019,1.1587363291432828,1.1977589416248444,1.185770019455935,1.1432072212532016,1.1132955998038596,1.1759659057671814,1.380283762852375,2.5736369023468284,1.276766755868084,1.232325116940208,1.1073582057003537,1.1263731894284823,1.070513899687974,1.0121248180984663,1.395380032209099,6092,147.3,102.7,20.6,2.3,0.9,14.7,15.2,12.5,12.0,63.7,1.0,2.3,0.9,3.1999999999999997,0.4212996739720787,0.3652285286198494,0.0690366720357511,0.1444351253723208,62.0574419760872,71.90821251139356,53.798162265703816,64.43722989673104,10.169101790866138,12.058216028404726,21.275293967342858,24.322069697751033,102.7,114.33545809985638,20.6,24.22489765880394,2.3,3.1746526545604623,0.9,2.3162732121121454,14.7,18.768471311260832,15.2,18.731341777491163,12.5,13.841977571254422,12.0,13.516478273141788,63.7,68.19173541012394,1.0,1.395380032209099
34,2020,1.1553859377875215,1.196337052069444,1.1837309376658398,1.141139176060689,1.1119433938964316,1.1722947960638788,1.368412957719479,2.0945101869196017,1.265291256956158,1.2195851440980143,1.106318213784551,1.1293523951730071,1.0696231094919937,1.0111752857046965,1.4003201502484577,6105,148.3,104.8,18.1,2.3,0.9,15.7,14.6,14.2,11.3,55.9,0.9,2.3,0.9,3.1999999999999997,0.41077065925339223,0.36906655170761726,0.06911641784045812,0.15104637119853243,60.91728876727807,70.38297880985483,54.732569618239644,65.47860098927043,10.24996476573994,12.133200403191159,22.400176848742362,25.56171935278758,104.8,116.53166768034603,18.1,21.218535808756208,2.3,3.1473498027548015,0.9,1.8850591682276416,15.7,19.86507273421168,14.6,17.80594310383101,14.2,15.709718635740625,11.3,12.76168206545498,55.9,59.79193182060244,0.9,1.260288135223612
34,2021,1.1707040315655224,1.1966775518779391,1.1882878423978784,1.1426129159272052,1.1124106868518449,1.1722100017416788,1.3647575587720675,2.1396663430373044,1.273083762331707,1.232553115395708,1.106335203651842,1.130131868254599,1.074208177221104,1.0004926959450586,1.401263091080508,6113,151.6,112.6,24.0,2.6,1.1,15.5,15.1,13.8,13.3,57.3,0.9,2.6,1.1,3.7,0.403446455180293,0.37572438579365264,0.06911420403544151,0.15171495499061302,61.162482605332414,71.60316496661879,56.95981688631774,68.16253422693441,10.477713331772932,12.450539368275944,22.999987176576933,26.280082414116897,112.6,125.25744333951772,24.0,28.133040041800292,2.6,3.548369652807376,1.1,2.353632977341035,15.5,19.73279831614146,15.1,18.611552042475193,13.8,15.26742581039542,13.3,15.030753847786169,57.3,61.55212855476926,0.9,1.2611367819724573
34,2022,1.1699083411951428,1.194325368766298,1.1867592218204328,1.1408065346098533,1.1113332775602127,1.1701434140255915,1.3565753497001152,2.00331925558742,1.263002411403735,1.228924190735502,1.105040529683886,1.1295500027243284,1.0744843410685323,1.0010720116643363,1.403173972972226,6127,139.5,112.4,26.3,2.7,1.0,15.0,14.1,13.8,11.5,55.7,0.9,2.7,1.0,3.7,0.39918803919020096,0.38100837381929215,0.06954303653247411,0.15026055045803294,55.686731467033034,65.14837163717597,53.15066814779125,63.47919133578591,9.701253596280138,11.51305216860409,20.961346788895593,23.912841390995357,112.4,124.91386039776792,26.3,30.774771788873057,2.7,3.662753444190311,1.0,2.00331925558742,15.0,18.945036171056024,14.1,17.327831089370576,13.8,15.249559309637629,11.5,12.989825031329776,55.7,59.84877779751725,0.9,1.2628565756750034
34,2023,1.191705097535547,1.1946944247856972,1.1932524020887822,1.1439970121633147,1.112798380475739,1.1690199790075837,1.3601928064374753,2.0900325121661583,1.2637765337447773,1.2480055699965678,1.1045321921507514,1.128085959825318,1.0813519418619189,1.0000000000000002,1.4120241683969663,6121,147.1,123.5,31.1,3.2,1.4,17.1,16.0,17.1,13.3,67.6,0.9,3.2,1.4,4.6,0.3906036418090033,0.3899604119352931,0.06994923920169832,0.14948670705400527,57.457795710104385,68.47274804088748,57.363176595681615,68.53146726685821,10.289533086569822,12.278010071921441,21.989494607644176,25.155916130126258,123.5,137.43059998875378,31.1,36.35652134713585,3.2,4.3526169805999215,1.4,2.9260455170326214,17.1,21.610578727035694,16.0,19.968089119945084,17.1,18.88750048577785,13.3,15.00354326567673,67.6,73.0993912698657,0.9,1.2708217515572697
34,2024,1.2033368202479575,1.1979120724620231,1.1989575567705306,1.1480488669063855,1.115165685050756,1.1698338247450792,1.3575041784297983,2.080535516236119,1.2634586940291963,1.2562898075304512,1.105798796038488,1.1289706617269313,1.084849753083467,1.0002999125095209,1.4275027009486478,6123,134.3,128.7,30.25,4.15,1.6,17.8,17.2,15.6,13.2,69.5,0.9,4.15,1.6,5.75,0.3874673168207425,0.39534552515404187,0.07008124367501038,0.14710591435020506,52.03686064902572,62.617870429084675,53.09490402818783,63.6030265215787,9.411911025553895,11.284481847739716,19.756324297232542,22.681225723672913,128.7,143.5218236660323,30.25,35.38747319853865,4.15,5.6336423404836635,1.6,3.3288568259777906,17.8,22.489564753719694,17.2,21.60818468952376,15.6,17.250461218200414,13.2,14.902412734795492,69.5,75.39705783930096,0.9,1.284752430853783
35,2015,1.1712010166205695,1.2389637377878568,1.2173622179563397,1.1800973177899396,1.13623407967973,1.1877859735303813,1.441636310714119,2.3254708446641974,1.3164752571350795,1.2367529215558553,1.12472287484296,1.139568042760249,1.0724074836096886,1.1281482427215286,1.445738945012162,3984,126.7,88.7,25.5,1.5,0.7,10.6,26.0,8.2,10.8,37.4,1.6,1.5,0.7,2.2,0.5674720459659024,0.20145370585890823,0.058758012567393006,0.17231623560779644,71.89870822387984,84.20784016551377,25.524184532323673,31.62353907215474,7.444640192288694,9.062823696371476,21.83246705150781,25.7644358082216,88.7,100.78396286759204,25.5,30.28854232502472,1.5,2.1624544660711784,0.7,1.627829591264938,10.6,13.954637725631843,26.0,32.15557596045224,8.2,9.222727573712271,10.8,12.307334861810691,37.4,40.108039887002356,1.6,2.3131823120194595
35,2016,1.1532962024325102,1.2075299134479531,1.1902693154525048,1.1494333790482076,1.1153925105589488,1.1777460080636128,1.41190966877251,2.299859596832612,1.291359043403446,1.2191197006753616,1.1126778076662305,1.138614281285417,1.0679391278753376,1.0531300261214585,1.3810806844382877,4016,128.4,91.7,25.8,1.9,0.8,12.2,26.6,8.8,11.0,40.1,1.7,1.9,0.8,2.7,0.561201554565413,0.20064550953709404,0.059207382529385906,0.17894555336810714,72.05827960619904,83.10454022364934,25.762883424562876,31.109452391832114,7.602227916773151,9.0486986184115,22.97660905246496,26.410081382244435,91.7,102.2814932182556,25.8,30.385847008041214,1.9,2.6826283706677687,0.8,1.8398876774660895,12.2,15.75458032952204,26.6,32.42858403796462,8.8,9.791564707462829,11.0,12.524757094139586,40.1,42.82435902780104,1.7,2.347837163545089
35,2017,1.151760708115515,1.1959876098211848,1.180644650661458,1.1425175376247807,1.1106576809810107,1.1727839215641924,1.3965866592625469,2.54930255608944,1.2902656841955535,1.225603736674188,1.1066812292202004,1.1331388053319555,1.0676716735237723,1.0340295856052146,1.3677766823610047,4065,122.0,89.5,25.9,1.9,0.8,11.8,25.8,8.7,10.8,41.2,1.8,1.9,0.8,2.7,0.6271193983165182,0.18835671021444883,0.05646153563635431,0.12806235583267883,76.50856659461522,88.11956083791706,22.979518646162756,27.483219580465544,6.888307347635226,8.132643222097546,15.623607411586818,17.850245468702443,89.5,99.40386244780046,25.9,30.375103568512582,1.9,2.653514652598839,0.8,2.039442044871552,11.8,15.225135073507532,25.8,31.620576406194054,8.7,9.628126694215743,10.8,12.237899097585121,41.2,43.988072949179426,1.8,2.4619980282498086
35,2018,1.1605011764200674,1.210278232889316,1.1938329168057225,1.156056335571012,1.120146584765195,1.1785063465714454,1.411896301484561,3.006072503608225,1.298790304928566,1.2376896396100818,1.112531120235291,1.132057586736584,1.0704294482718184,1.0486393257988729,1.4106362537507433,4104,125.1,90.8,29.1,1.9,0.7,11.5,23.9,8.6,11.7,47.2,1.7,1.9,0.7,2.5999999999999996,0.6209394304494826,0.1887769792338287,0.0567809432532049,0.1335026470634838,77.67952274923027,90.14717753423112,23.61600010215197,28.58193087154639,7.1032960009759325,8.480148583779522,16.701181147641822,19.307506277250475,90.8,101.7093098966797,29.1,34.29453468522906,1.9,2.6826029728206655,0.7,2.104250752525757,11.5,14.93608850667851,23.9,29.580782386680955,8.6,9.567767634023502,11.7,13.245073764818033,47.2,50.524269958429834,1.7,2.3980816313762636
35,2019,1.1583801629848582,1.1952177350634543,1.1831581466895418,1.1425508457710971,1.110546045186567,1.1733763159326966,1.3910049289348003,3.009072253200165,1.280971127129554,1.2340082535256098,1.1065932941389571,1.1309942128225745,1.06998828838188,1.0179513763863126,1.3804296722765652,4137,120.2,86.4,22.3,2.2,0.7,13.0,25.3,9.1,10.7,44.8,1.6,2.2,0.7,2.9000000000000004,0.6071577641259281,0.19481771465049205,0.05682383524213371,0.14120068598144603,72.98036324793657,84.53900507383892,23.417089300989144,27.988520436106892,6.830224996104472,8.08123634786355,16.972322454969813,19.391741375625543,86.4,95.9511783041194,22.3,26.166291845299135,2.2,3.060210843656561,0.7,2.106350577240115,13.0,16.652624652684203,25.3,31.22040881419793,9.1,10.06999897666451,10.7,12.101638077201546,44.8,47.93547531950823,1.6,2.2086874756425043
35,2020,1.1534253936202374,1.193104336156603,1.1801993500659045,1.1396424946113106,1.108661027435731,1.1695447756590098,1.3763880102695203,2.3059617830307717,1.2683644283123356,1.2189061110234614,1.1052913112879257,1.1342705498609376,1.0685916920650247,1.016903140999061,1.3824774300463918,4161,124.4,89.6,19.3,2.1,0.6,15.7,26.4,10.7,11.7,45.0,1.6,2.1,0.6,2.7,0.6113620544364756,0.1823705691510856,0.0578107956144625,0.1484565807979763,76.05343957189757,87.7219684743889,22.68689880239505,27.067837335083574,7.191662974439136,8.487595968326097,18.467998651268253,21.04691605340967,89.6,99.33602805824148,19.3,22.572214170218892,2.1,2.890414821565993,0.6,1.383577069818463,15.7,19.91332152450367,26.4,32.17912133101938,10.7,11.826617030780804,11.7,13.270965433372968,45.0,48.086626142926114,1.6,2.211963888074227
35,2021,1.1669750724981307,1.1934138168834505,1.1841543327465882,1.1410384188279783,1.109016302817337,1.1690514215633785,1.3700805923397374,2.3594221296511915,1.2756007691300804,1.2307739672402398,1.1052087574902851,1.1343298736514416,1.0726283186449792,1.000784904478886,1.3860685682398042,4187,129.2,94.5,27.7,2.4,0.8,15.0,26.8,11.4,13.4,48.6,1.6,2.4,0.8,3.2,0.5952869543939553,0.19820945628988781,0.05713790934633291,0.14936567996982414,76.91107450769901,89.75330674953119,25.608661752653504,30.561730767511452,7.3822178875462106,8.741685296817211,19.29804585210128,22.019811725551467,94.5,104.80204061623834,27.7,32.382724377305586,2.4,3.28819342161537,0.8,1.8875377037209533,15.0,19.134011536951206,26.8,32.98474232203843,11.4,12.59937983538925,13.4,15.200020306929318,48.6,52.12973628614599,1.6,2.2177097091836866
35,2022,1.1622170374902172,1.1896876308511752,1.180569986354924,1.1374310405570012,1.1069153231705866,1.166606676331367,1.3626236823728235,2.16166576840618,1.2639370907374097,1.2232809574395638,1.103424928895904,1.1338387072824625,1.0717630237117135,1.0016912604036614,1.3842785747839488,4188,120.9,90.2,29.9,2.5,0.8,13.6,25.7,11.1,11.4,41.7,1.5,2.5,0.8,3.3,0.5993627030939325,0.19047074789793733,0.057762799012987406,0.15240374999514283,72.46295080405643,84.21767601128983,23.027913420860624,27.39602376110966,6.983522400670178,8.244536945268498,18.42561337441277,20.957864593359314,90.2,99.84376214998692,29.9,34.88153962230787,2.5,3.4065592059320586,0.8,1.7293326147249442,13.6,17.18954443402877,25.7,31.43832060619679,11.1,12.248016710744533,11.4,12.925761263020073,41.7,44.692518088778456,1.5,2.0764178621759233
35,2023,1.1820232539815978,1.1905687249514805,1.1867436509585618,1.1407570798061304,1.1083470525282653,1.165848605061403,1.3667324938783618,2.3171422461356954,1.2663528745118784,1.2419079576585943,1.1031177055369903,1.1319161869911305,1.0778657073457465,1.0000000000000002,1.395656982812803,4183,129.0,104.7,35.7,3.5,0.9,14.6,31.5,14.0,13.0,55.0,1.4,3.5,0.9,4.4,0.5781336395790563,0.21443393190500756,0.056611062731861915,0.15082136578407423,74.57923950569825,88.15439535999838,27.661977215745974,32.93348494338759,7.302827092410187,8.666583685965964,19.455956186145578,22.194519763743447,104.7,116.04393639970938,35.7,41.620795200692086,3.5,4.783563728574267,0.9,2.085428021522126,14.6,18.488751967873423,31.5,39.12010066624572,14.0,15.443647877517865,13.0,14.714910430884697,55.0,59.28261390401606,1.4,1.9539197759379239
35,2024,1.1919539911858288,1.1937140263214203,1.1918502598399183,1.1445267913337305,1.110514430929549,1.1664717403775635,1.363308695844044,2.30274313952247,1.2660458562245678,1.2487394722426182,1.1043228657581976,1.132699864454596,1.0808332637587013,1.000477784877991,1.411158457309557,4193,117.0,96.9,33.53,4.23,1.23,14.5,30.7,13.1,12.1,53.1,1.4,4.23,1.23,5.460000000000001,0.5714471269295672,0.22303779751114078,0.05617712264704252,0.14933795291224955,66.85931385075936,79.69322599235859,26.09542230880347,31.150471632799604,6.572723349703975,7.833702032200581,17.4725404907332,19.99779070430755,96.9,107.6088483570733,33.53,39.111797454859705,4.23,5.7667957834203065,1.23,2.8323740616126383,14.5,18.357664915256233,30.7,38.33630179784838,13.1,14.466629541432388,12.1,13.705668359900612,53.1,57.39224630558704,1.4,1.9756218402333796
36,2015,1.1579048668117349,1.2463702053060757,1.208559132935109,1.1739557793243591,1.1257048107370509,1.1770596046904658,1.4694147449324098,2.2989759813260133,1.2965540897378058,1.220046051810478,1.1210749222862069,1.1599648850241402,1.070777135504471,1.1519986453182298,1.4689680222702557,4485,150.9,108.8,20.6,1.6,0.2,8.1,12.2,7.5,11.2,35.8,1.2,1.6,0.2,1.8,0.772662307958079,0.12204160012395865,0.05485447324500753,0.05044161867295482,116.59474227087412,135.00561952010506,18.41607745870536,22.95325024313919,8.277540012671636,10.003896580550105,7.611640257748882,8.935729070722255,108.8,122.47668340819114,20.6,24.247427856623595,1.6,2.351063591891856,0.2,0.4597951962652027,8.1,10.502088126876227,12.2,14.884561832087831,7.5,8.40806191714655,11.2,12.99160671227037,35.8,38.33382145106006,1.2,1.7627616267243067
36,2016,1.1431967270012386,1.2197698919139606,1.1864906157612405,1.1488299621368938,1.108695893715108,1.1691442674717174,1.4388434556523522,2.286056699850607,1.275392113327479,1.2056288180453094,1.1112709912913328,1.1588225018212386,1.0670261031687898,1.07688161174284,1.4148959355997877,4496,146.2,112.2,19.9,1.8,0.3,8.5,12.2,6.8,10.1,38.2,1.0,1.8,0.3,2.1,0.772741528332517,0.1207767401603525,0.0550827962700879,0.0513989352370425,112.97481144221398,129.1524346743211,17.657559411443536,21.53815933476082,8.05310481468685,9.554933290367613,7.514524331655614,8.632910703412685,112.2,124.3956792748351,19.9,23.265970922687174,1.8,2.589918220174234,0.3,0.6858170099551821,8.5,10.840832963283571,12.2,14.708671580152775,6.8,7.556642740781062,10.1,11.704107268394509,38.2,40.760397141047775,1.0,1.4148959355997877
36,2017,1.1405455959513853,1.2082619576465643,1.1765045104270149,1.1413785085521695,1.1037209617820696,1.1643717007217729,1.4199578088469764,2.5112133557689518,1.2744095299214395,1.2111205402592384,1.105349584256804,1.1543629875931634,1.066446573524762,1.0416148644517254,1.40468367548907,4511,140.4,110.0,20.6,2.1,0.4,8.4,12.6,7.0,11.1,39.4,1.1,2.1,0.4,2.5,0.7893964873903618,0.10951760541506021,0.05456048505140151,0.04652542214317651,110.8312668296068,126.40811327622089,15.376271800274454,18.578564266705275,7.660292101216772,9.012368208269967,6.532169268901982,7.45567761774966,110.0,121.40930579602765,20.6,23.986057034868523,2.1,2.9819113985786507,0.4,1.0044853423075808,8.4,10.705040051340092,12.6,15.260118807266403,7.0,7.7374470897976275,11.1,12.813429162284113,39.4,42.017994996875615,1.1,1.545152043037977
36,2018,1.1500573835089067,1.2242736182287728,1.1907130496236888,1.1562438008811349,1.1138934542764285,1.1708425165133287,1.4377223741113816,2.966759546736005,1.284997889131832,1.2244929875000536,1.111679966727518,1.1529256244682775,1.069408213269198,1.070802345352003,1.4521618260623153,4513,134.5,97.0,25.5,2.2,0.4,8.7,12.7,7.2,10.8,41.5,1.1,2.2,0.4,2.6,0.787287166980975,0.11105675895927505,0.05476738691316293,0.04688868714658702,105.89012395894113,121.77971889965363,14.937134080022494,18.28713918611745,7.366213539820414,8.771046588178873,6.306528421215954,7.291884392111637,97.0,108.04766506481356,25.5,29.856484171089882,2.2,3.16298922304504,0.4,1.1867038186944021,8.7,11.179481635446939,12.7,15.55106094125068,7.2,8.00409576043813,10.8,12.451596744257397,41.5,44.38044085067172,1.1,1.597378008668547
36,2019,1.1452140298933406,1.2061591595643364,1.177685357605837,1.140179293329444,1.1028463688915413,1.1650212319558308,1.4176411366336177,2.936051654086792,1.266042004539237,1.2180973974129552,1.104840378015447,1.1516783600585208,1.0682061419142634,1.02339672662573,1.4124550389832782,4516,134.0,90.4,23.5,2.5,0.3,10.6,15.5,7.7,11.0,45.9,1.0,2.5,0.3,2.8,0.7817109558844567,0.11427981582218151,0.05493097831958061,0.049078249973781206,104.7492680885172,119.96033143602868,15.313495320172322,18.470512645371446,7.360751094823802,8.668648785355126,6.576485496486682,7.498372585975522,90.4,99.69731174779534,23.5,27.377998950962024,2.5,3.5441028415840443,0.3,0.8808154962260375,10.6,13.420045248115914,15.5,18.880509659900806,7.7,8.507270910718942,11.0,12.668461960643729,45.9,49.03066191386469,1.0,1.4124550389832782
36,2020,1.1401514097136545,1.2041525391415646,1.1745839969605965,1.136956125574812,1.1007512562851536,1.160937087012001,1.4052779004443636,2.289510091998862,1.2533973127527076,1.2031750290433365,1.1034104655011698,1.1550448068252015,1.0667620428024125,1.0222411139953826,1.4136885958055163,4519,154.0,105.5,24.9,2.6,0.3,12.8,15.7,9.5,11.2,46.7,1.0,2.6,0.3,2.9,0.7909248619695224,0.10341440452418063,0.055875346538595716,0.049785386967701316,121.80242874330645,138.8732108382278,15.925818296723817,19.177114539907173,8.60480336694374,10.107064331804775,7.666949593026002,8.716985304264226,105.5,116.1292575380837,24.9,28.907333466598825,2.6,3.6537225411553456,0.3,0.6868530275996585,12.8,16.043485603234657,15.7,18.889847955980382,9.5,10.482399422261114,11.2,12.936501836442256,46.7,49.81778739887267,1.0,1.4136885958055163
36,2021,1.1520660908793323,1.205288671949962,1.1786521289594052,1.138780911364517,1.1015282435853024,1.160923283620942,1.399034230447747,2.344697354863692,1.2619649780940558,1.2132762544319429,1.1036475132594792,1.1554588970240596,1.07042706194812,1.0011481589083036,1.4187324328153703,4517,174.3,123.8,31.3,3.0,0.5,13.7,18.4,11.2,12.4,58.0,1.2,3.0,0.5,3.5,0.7818315502851988,0.11227672797884891,0.05578695236707211,0.050104769368880205,136.27323921471015,156.99577799355524,19.569833686713366,23.587298854540382,9.723665797580669,11.460819393608208,8.73326130099582,9.945271263532488,123.8,136.36919655586044,31.3,36.336898777335485,3.0,4.197102691343241,0.5,1.172348677431846,13.7,17.288920199888565,18.4,22.324283081547748,11.2,12.360852148506167,12.4,14.32769032309834,58.0,62.08476959299096,1.2,1.7024789193784444
36,2022,1.1494589779772693,1.2011073572728048,1.175427280755173,1.134973919477119,1.0991629109828107,1.1584722120452404,1.3960478024679757,2.171460770974833,1.2507860023767037,1.2084649621499783,1.1016361456126178,1.1546128902264932,1.0701677573897266,1.0022417229711889,1.415392026616794,4528,160.9,124.9,33.2,3.1,0.5,13.4,18.2,11.1,10.4,53.4,1.1,3.1,0.5,3.6,0.7807474791619367,0.1131829699627951,0.0559041985835692,0.050165352291699,125.6222693971556,144.39764539243967,18.21113986701373,21.873534078594282,8.994985552096285,10.572951407932607,8.07160518373437,9.161061371854828,124.9,137.28544758175306,33.2,38.461277439901984,3.1,4.327748187650725,0.5,1.0857303854874165,13.4,16.760532431847828,18.2,21.994062311129603,11.1,12.228161216300057,10.4,12.00797405835553,53.4,57.1469582446114,1.1,1.5569312292784736
36,2023,1.1672435410953863,1.203640882676427,1.18210652219836,1.1391913453952969,1.1013542217190615,1.1581275534871245,1.4029990864624362,2.307100555332123,1.25328803527346,1.224654962347831,1.1018549374037974,1.152961047011881,1.0758896611165636,1.0000000000000002,1.430496548483548,4515,158.4,129.6,39.4,4.1,0.7,14.6,19.6,13.1,11.6,59.2,1.1,4.1,0.7,4.8,0.7661141661755835,0.12710153521724116,0.05594380926701302,0.05084048934016231,121.35248392221243,141.64790305408417,20.132883178411,24.232761279684006,8.861499387894863,10.475236222887293,8.053133511481711,9.174059999592801,129.6,142.73550713479037,39.4,45.6302256073927,4.1,5.752296254495988,0.7,1.614970388732486,14.6,18.298005314992515,19.6,24.003237262017493,13.1,14.434299679989746,11.6,13.37434814533782,59.2,63.69266793810057,1.1,1.5735462033319028
36,2024,1.176763388096984,1.2069095748231429,1.1871480457114374,1.142836613324622,1.103471164305072,1.1587627301133188,1.400362628169613,2.2870122901792014,1.252231794122247,1.2310591586655526,1.103016327505998,1.1538337432996728,1.0788728777401897,1.0006989041070282,1.44725145453505,4502,143.2,129.9,36.57,4.92,0.79,15.6,19.3,10.7,10.6,62.7,1.0,4.92,0.79,5.71,0.7599690437728576,0.13331827631099386,0.05599629209074693,0.05071638782540172,108.8275670682732,128.06429654161295,19.09117716773432,23.04132451838352,8.01866902739496,9.519347265078759,7.262586736597526,8.299950030029434,129.9,143.34090424322886,36.57,42.37595304024407,4.92,6.889784130594497,0.79,1.8067397092415691,15.6,19.534815988307052,19.3,23.759441762245167,10.7,11.80227470431418,10.6,12.230637678976532,62.7,67.6453294343099,1.0,1.44725145453505
37,2015,1.0696129962156484,1.0915849591572326,1.1116208032754424,1.0918669271358563,1.0788818834084113,1.0936424217197338,1.1220345089755208,1.447248888095425,1.1551871988142868,1.1093237956141786,1.0586220132434343,1.0219683692209112,1.063148029147291,1.0,1.4018336975257792,9866,127.4,88.9,12.9,1.0,1.0,5.9,11.2,15.7,18.2,60.7,0.9,1.0,1.0,2.0,0.14871480102406104,0.609996003877738,0.10658343077331231,0.13470576432488873,18.946265650465378,20.265171969491895,77.71349089402382,84.83087778351896,13.578729080519988,15.09439772794724,17.161514374990826,18.73808996561906,88.9,95.91259943500776,12.9,14.107987240184567,1.0,1.1220345089755208,1.0,1.447248888095425,5.9,6.815604473004292,11.2,12.4244265108788,15.7,16.62036560792192,18.2,18.599824319820584,60.7,64.53308536924057,0.9,1.2616503277732014
37,2016,1.062796642448491,1.081096782125788,1.1022807999552926,1.0812627086122788,1.0714483970607434,1.0892955245896008,1.109702144268072,1.3917636806848903,1.1391741649857308,1.1028979706239517,1.053811998910226,1.021110832222516,1.0613984268470809,1.0,1.3879428817304975,9973,125.7,94.4,12.8,1.1,1.3,6.3,11.7,16.7,17.7,68.3,1.0,1.1,1.3,2.4000000000000004,0.15372827607776343,0.6076889459463581,0.10551049263417103,0.13307228534170742,19.323644302974863,20.537104285070594,76.38650050545722,82.58119989429967,13.2626689241153,14.619185311216013,16.727186267452623,18.086482731007937,94.4,101.14472868253418,12.8,13.94298271474689,1.1,1.2206723586948791,1.3,1.8092927848903575,6.3,7.176797239410104,11.7,12.903906256300234,16.7,17.598660381800773,17.7,18.073661730338532,68.3,72.49351255365562,1.0,1.3879428817304975
37,2017,1.0578391181691265,1.0353974705508244,1.0618786092164676,1.0492735348194202,1.0503455085938282,1.0741534671355055,1.1613535577613707,1.7933278773031038,1.1480042592232598,1.129899484603824,1.0291174965758023,1.0,1.0556922710534729,1.0,1.066751930835555,10033,122.8,93.6,13.0,1.2,1.1,5.9,11.6,17.2,17.3,69.8,1.0,1.2,1.1,2.3,0.24300791498688024,0.5219482375934372,0.10325807971309221,0.13178576770659034,29.84137196038889,31.56737059953468,64.09524357647409,66.36405307342025,12.680092188767723,13.464718658145264,16.183292274369293,16.980700289743282,93.6,98.31233960438232,13.0,13.963995072761572,1.2,1.393624269313645,1.1,1.9726606650334144,5.9,6.773225129417233,11.6,13.106834021404357,17.2,17.7008209411038,17.3,17.3,69.8,73.6873205195324,1.0,1.066751930835555
37,2018,1.0489036117052557,1.0667738763570969,1.0887353439809802,1.0808912736735032,1.072968507565613,1.0757158615275286,1.1477897552069332,1.4272691483794882,1.1285698967929796,1.1139212932299325,1.0440694969667104,1.0,1.0594090834669714,1.0194350880653336,1.2965855587758723,10077,117.2,92.8,15.9,1.2,1.0,6.0,12.1,16.0,16.4,74.2,0.9,1.2,1.0,2.2,0.26786617998844964,0.4899132125550595,0.10660060186760303,0.13562000558888782,31.3939162946463,32.929192187026985,57.417828511452974,61.251839493169726,12.493590538883076,13.602213592908384,15.894664655017653,17.180404323575246,92.8,99.57147750208888,15.9,17.103882198287707,1.2,1.3773477062483197,1.0,1.4272691483794882,6.0,6.7714193807578775,12.1,13.478447648082183,16.0,16.705111951467366,16.4,16.4,74.2,78.60815399324927,0.9,1.1669270028982852
37,2019,1.0392694435452303,1.047900792914,1.0717389213199904,1.06009085231966,1.0580125854044946,1.0715860220941344,1.1103875795264413,1.4187677734797652,1.1167667323329111,1.1027876082578212,1.0365771893253803,1.0001295517460558,1.0553755911697995,1.0,1.2543043083317753,10106,117.6,94.2,14.6,1.1,1.0,6.5,13.8,17.5,16.9,78.1,0.8,1.1,1.0,2.1,0.2664132448340155,0.4879998951818372,0.1082687995019404,0.1373180604822068,31.330197592480225,32.56051701809904,57.38878767338405,60.13775610731234,12.732410821428191,13.645820239560422,16.148603912707518,17.11898728559471,94.2,99.6647855451034,14.6,15.645155922574363,1.1,1.2214263374790855,1.0,1.4187677734797652,6.5,7.258983760163923,13.8,15.218468993957933,17.5,18.140100813194156,16.9,16.90218942450834,78.1,82.42483367036134,0.8,1.0034434466654203
37,2020,1.0381093073869794,1.046295246081144,1.0705018538578883,1.0599260694354853,1.0580264242700457,1.0685166505446717,1.0984615489467888,1.390260806737422,1.1130503605959052,1.097726443618672,1.0353961257076532,1.0,1.0555068469749076,1.0,1.317872053384506,10165,124.0,95.9,12.4,1.1,1.0,8.2,15.7,20.1,17.6,81.1,0.7,1.1,1.0,2.1,0.26530717752285543,0.48834204090191013,0.10822198585904712,0.13812879571618744,32.898090012834075,34.15181343757769,60.554413071836855,63.35779452629679,13.419526246521842,14.365627724796221,17.127970668807244,18.15438262839514,95.9,101.46473408749739,12.4,13.24960646675393,1.1,1.2083077038414678,1.0,1.390260806737422,8.2,9.127012956886421,15.7,17.23430516481315,20.1,20.81146212672383,17.6,17.6,81.1,85.601605289665,0.7,0.9225104373691542
37,2021,1.035608840723831,1.031504338040129,1.0594025641630882,1.0454722807417254,1.0474580272142666,1.0628277950873484,1.0674178105943486,1.3487847644022442,1.1050344728502848,1.0925312689883502,1.0287025067908402,1.0,1.0555423982352206,1.0,1.2878992793443789,10170,133.9,98.1,20.4,1.1,1.1,9.3,11.9,21.3,17.1,80.6,0.8,1.1,1.1,2.2,0.24043436019427225,0.50702130145066,0.10972436729109263,0.14281997106397512,32.194160830013054,33.34055757524639,67.89015226424338,70.02898657077193,14.692092780277303,15.564840764347771,19.12359412546627,19.99318756633028,98.1,102.75563246971954,20.4,21.681687019781904,1.1,1.1741595916537835,1.1,1.4836632408424686,9.3,10.27682059750765,11.9,13.001122100961368,21.3,21.911363394644898,17.1,17.1,80.6,85.07671729775878,0.8,1.030319423475503
37,2022,1.035004580869361,1.0248374633919912,1.0550858055564454,1.040976912421018,1.044236574190358,1.058539300017029,1.040379264017665,1.2965874981727583,1.094194747457926,1.0887052200877212,1.0257078820023382,1.0,1.0562725358075338,1.0,1.291666239724531,10163,131.6,92.2,20.9,1.1,1.2,8.1,12.6,22.4,14.0,68.6,0.7,1.1,1.2,2.3,0.22649026370153905,0.5162594022992141,0.11117176538230662,0.14607856861694032,29.806118703122536,30.849469395667764,67.93973734257656,69.62718808168431,14.630204324311551,15.436120914971644,19.223939629989346,20.011677320594355,92.2,96.27861214035102,20.9,22.1234713703559,1.1,1.1444171904194316,1.2,1.5559049978073098,8.1,8.8629774544092,12.6,13.717685773105286,22.4,22.975856556852374,14.0,14.0,68.6,72.4602959563968,0.7,0.9041663678071717
37,2023,1.0517061661308866,1.0244774554897222,1.0605913796993416,1.0453970136231223,1.0471613269709448,1.0557292249210053,1.0254457233068293,1.2750554034353714,1.0893741107109711,1.100634785520693,1.0248477010688075,1.0,1.0640121652236632,1.0,1.3225716821143878,10123,127.7,107.2,25.6,1.9,1.9,9.5,15.1,25.1,15.8,83.5,0.8,1.9,1.9,3.8,0.17070700552603293,0.5662022114269498,0.11304086616793503,0.15004991687908223,21.799284605674405,22.926442037029886,72.3040223992215,74.07384088922632,14.435318609645304,15.309974480603294,19.1613743854588,20.031243559473218,107.2,112.25569425128528,25.6,27.02666815797774,1.9,1.9483468742829755,1.9,2.4226052665272055,9.5,10.349054051754226,15.1,16.619585261362463,25.1,25.72367729682707,15.8,15.8,83.5,88.84501579617587,0.8,1.0580573456915103
37,2024,1.0595257599439325,1.025309291136724,1.0640810920443855,1.048029927367632,1.048738454760655,1.054538343774778,1.009342956277251,1.2402320887399296,1.0833833178204024,1.1030842753911736,1.025049401389993,1.0,1.067703645850556,1.0,1.3678210233150536,10080,98.8,113.2,22.14,2.54,2.06,9.9,13.4,24.7,15.0,84.6,0.7,2.54,2.06,4.6,0.1599053819143002,0.5750893496717969,0.1139439221793537,0.1510613462345491,15.798651733132859,16.73907848363712,56.818827747573536,58.256872001084254,11.257659511320146,11.979062626669403,14.92486100797345,15.641700998158415,113.2,118.71719307890616,22.14,23.347478931173583,2.54,2.5637311089442174,2.06,2.5548781028042553,9.9,10.725494846421984,13.4,14.781329290241727,24.7,25.318720214332824,15.0,15.0,84.6,90.32772843895702,0.7,0.9574747163205375
41,2015,1.085768206466632,1.134563710253807,1.1186279003213888,1.0941442186148187,1.0721142404061608,1.1105139741272816,1.6587634705677028,2.3097859818181337,1.202093757150507,1.1486487070935234,1.0614062270055111,1.0500607086862064,1.058687130072192,1.1061031679363915,1.1292247959645294,9701,127.3,80.8,11.3,1.2,0.9,5.1,3.7,12.3,10.9,48.3,1.2,1.2,0.9,2.1,0.23005910571088745,0.5559308988912112,0.09693571827151642,0.11707427712638493,29.28652415699597,31.798376807583207,70.77000342885118,80.29307766491205,12.339916935964041,13.803775372217801,14.903555478188801,16.306639063265486,80.8,86.62683062481779,11.3,12.548807907638283,1.2,1.9905161646812433,0.9,2.0788073836363203,5.1,6.130678161467586,3.7,4.250000216246037,12.3,13.055296592167787,10.9,11.445661724679649,48.3,51.134588382486875,1.2,1.3550697551574353
41,2016,1.0855123382880347,1.1357510446161596,1.118688054873278,1.090540825973754,1.0693720029457694,1.1125397979552345,1.6175368224765216,2.270342986952728,1.1947920088648931,1.142915587677507,1.0619307825714042,1.0560911004967248,1.0581829896774082,1.064490939039566,1.1359962969707147,9778,125.1,86.3,10.8,1.2,1.1,5.7,4.1,12.8,11.0,55.0,1.3,1.2,1.1,2.3,0.2208180763228777,0.5669246327061588,0.0969359080511507,0.1153213829198128,27.624341347991997,29.986563370325634,70.92227155154046,80.55004400121302,12.126682097198952,13.5659744073821,14.42670500326858,15.732910790344205,86.3,92.2868038542199,10.8,12.015429817916534,1.2,1.9410441869718258,1.1,2.497377285648001,5.7,6.810314450529891,4.1,4.685953909477778,12.8,13.592714016913973,11.0,11.617002105463973,55.0,58.20006443225745,1.3,1.476795186061929
41,2017,1.0625512113465567,1.0937874394639833,1.0859138114534383,1.0647712883181228,1.0525404576693524,1.0912365448402837,1.6172305450855191,2.257177467251321,1.177295200244915,1.1368640715418916,1.042839725483978,1.0392808275357304,1.0539443707789249,1.0,1.2390754841728877,9829,124.5,84.4,10.9,1.2,1.1,5.3,3.8,14.3,11.5,57.6,1.2,1.2,1.1,2.3,0.28336891626203453,0.5071658208564146,0.09717149358565691,0.11229376929589402,35.2794300746233,37.48620116140713,63.14214469662362,69.06408476998428,12.097850951414285,13.137223437045892,13.980574277338805,14.886114084709249,84.4,88.83441462729336,10.9,11.894478338759091,1.2,1.9406766541026228,1.1,2.4828952139764535,5.3,6.239664561298049,3.8,4.320083471859188,14.3,14.912608074420888,11.5,11.9517295166609,57.6,60.70719575686608,1.2,1.4868905810074653
41,2018,1.0689740711122702,1.116905338810462,1.1033396145240628,1.0886316931115796,1.0697125533774563,1.0950151016024532,1.7675268679353362,2.499401380379095,1.1860941691750506,1.1531656866646578,1.049872805494713,1.0302650500159272,1.056908863831193,1.1426438482316814,1.2885234931256673,9864,123.4,84.7,12.9,1.2,1.1,6.0,4.0,12.8,12.5,56.0,1.3,1.2,1.1,2.3,0.30300673123239336,0.4877577661436938,0.09668183254637273,0.11255367007754002,37.39103063407734,39.97004223999326,60.18930834213182,67.22575982663611,11.930538136222395,13.16343534828425,13.88912288756844,15.120139364928423,84.7,90.60465327107055,12.9,14.125694810671646,1.2,2.1210322415224034,1.1,2.7493415184170047,6.0,7.116565015050304,4.0,4.612662746658631,12.8,13.438371910332329,12.5,12.878313125199089,56.0,59.186896374546805,1.3,1.6750805410633676
41,2019,1.0594527346144118,1.0999371386612549,1.0881190659077316,1.067667408671943,1.05482956193459,1.0913553097187747,1.7320302376673886,2.3441910958482697,1.1661919946909032,1.1401314172340309,1.042885690400264,1.034848981593072,1.053338079628763,1.022565896145626,1.2436466950851874,9901,132.2,89.3,12.0,1.4,1.0,6.9,4.7,14.6,13.1,62.5,1.2,1.4,1.0,2.4,0.289804497080757,0.500474104052051,0.0973115411037078,0.1124098577634842,38.31215451407607,40.58991686890777,66.16267655568113,72.774785136826,12.86458573391017,13.998201012072263,14.860583196332609,15.866160352582257,89.3,94.19627988075888,12.0,13.096263716625296,1.4,2.424842332734344,1.0,2.3441910958482697,6.9,8.046724763367232,4.7,5.358617660999945,14.6,15.226131079843853,13.1,13.556521658869242,62.5,65.8336299767977,1.2,1.492376034102225
41,2020,1.0470287534897824,1.079826300769863,1.070563131067022,1.0485227306589575,1.0415634075836966,1.0789997770180857,1.7535079062330658,2.113888709938384,1.1549471198251875,1.1227771351401017,1.032779584925744,1.0322583941032757,1.050233229361326,1.0,1.2005615719167724,9941,150.9,94.1,10.3,1.5,1.1,8.7,5.2,18.9,13.5,62.7,1.2,1.5,1.1,2.6,0.265705601622886,0.5131787737742345,0.10211676377268562,0.11899886083019383,40.09497528489349,41.98059199374567,77.43867696253199,83.62032008096332,15.409419653298261,16.496756551960694,17.95692809927625,18.8282472848997,94.1,98.01111665362585,10.3,11.113697703286283,1.5,2.6302618593495986,1.1,2.3252775809322226,8.7,10.04803994247913,5.2,5.838441102728529,18.9,19.519534155096558,13.5,13.935488320394223,62.7,65.84962348095513,1.2,1.4406738863001267
41,2021,1.062175272301895,1.1004755403872424,1.0887193555976349,1.0627800073243163,1.050965893978708,1.0929701307436828,1.791719391697315,2.1819415199769727,1.184345358202146,1.13173899916834,1.0443645906730146,1.0466637128444063,1.0528507387185786,1.0,1.2263817086252815,9883,146.7,103.2,18.2,1.9,1.4,9.5,5.9,20.0,16.0,73.0,1.1,1.9,1.4,3.3,0.24637706121095465,0.5280270694642134,0.10489668280671263,0.12069918651811933,36.14351487964704,38.39074775923669,77.4615710904001,85.24456430495285,15.388343367744742,16.753587275046193,17.706570662208104,18.818189298070052,103.2,108.45968025860267,18.2,19.892056379535024,1.9,3.4042668442248987,1.4,3.0547181279677615,9.5,11.251280902920387,5.9,6.677260095093207,20.0,20.88729181346029,16.0,16.7466194055105,73.0,76.85810392645624,1.1,1.3490198794878097
41,2022,1.0512202481352313,1.0825068335924322,1.073579074991069,1.049468795443818,1.0420976291110309,1.0801293242156442,1.7821417132552984,2.061918663871216,1.1647861532640935,1.1213725807120491,1.0343089101586689,1.0363061375314415,1.0511941112908745,1.0,1.2000846598287185,9872,137.0,104.5,19.6,1.7,1.3,8.7,5.7,20.1,13.1,67.7,1.1,1.7,1.3,3.0,0.23866746732354766,0.532629815292448,0.10555297285269062,0.12314974453131373,32.69744302332603,34.37221416836838,72.97028469506537,78.99083183159352,14.460757280818616,15.524766425211615,16.87151500078998,17.706128525191367,104.5,108.89920224210273,19.6,21.17053475462663,1.7,3.029640912534007,1.3,2.680494263032581,8.7,10.133639533397613,5.7,6.391823710058681,20.1,20.789609094189245,13.1,13.575610401661883,67.7,71.16584133439221,1.1,1.3200931258115904
41,2023,1.054800845803169,1.0825484897158368,1.074792485749948,1.051346131181604,1.0435644537352189,1.0758134311339451,1.797557431250754,1.9779826799878704,1.1615366810884773,1.121852261821751,1.0331387698210237,1.032137474815732,1.0533493972681456,1.0,1.1972514414710926,9815,151.0,117.3,24.8,2.1,1.6,10.6,7.7,24.3,13.4,73.8,1.1,2.1,1.6,3.7,0.22574481980690045,0.5404511340063132,0.10690619216033433,0.12689785402645212,34.08746779084197,35.95548985706839,81.60812123495329,88.34474839144559,16.142835016210483,17.35019777412417,19.16157595799427,20.14544875077971,117.3,122.41011042314118,24.8,26.68017309212184,2.1,3.7748706056265835,1.6,3.164772287980593,10.6,12.312288819537859,7.7,8.638262416027484,24.3,25.105272106650876,13.4,13.830642162530808,73.8,77.73718551838914,1.1,1.316976585618202
41,2024,1.063618258680051,1.0935453761647869,1.0845426734502608,1.059062582845722,1.0486402139512918,1.082837560810154,1.7919439047651176,1.982495489035819,1.166761133335496,1.126356838075525,1.0386818639808166,1.0390733117239157,1.055320701260172,1.0,1.2138398827744188,9785,141.9,111.5,21.71,3.17,1.96,10.4,7.2,22.9,12.7,74.7,1.0,3.17,1.96,5.13,0.20958064212345032,0.5581646538671006,0.10692433795654172,0.12533036605290754,29.7394931173176,31.631467883468712,79.20356438374158,86.6126916076106,15.17256355603327,16.45529264215432,17.78437894290758,18.834770297582775,111.5,116.92338385556904,21.71,23.508403445188442,3.17,5.680462178105422,1.96,3.8856911585102054,10.4,12.134315786689157,7.2,8.10976923414378,22.9,23.785814685160698,12.7,13.196231058893728,74.7,78.83245638413484,1.0,1.2138398827744188
42,2015,1.1426869209647492,1.2774056471240218,1.2056611510604918,1.1701152388814815,1.1102580996523506,1.1622541311565449,1.64981292107586,1.9685339251575935,1.2615870392375148,1.1953934131863837,1.1208497710291407,1.2106506601096017,1.070577587809097,1.1605707008431316,1.5524748939768342,5850,123.1,117.3,22.4,1.6,0.6,5.5,14.9,8.5,8.0,33.4,0.9,1.6,0.6,2.2,0.6238145947849602,0.2210640270514001,0.092159353941168,0.0629620242224718,76.79157661802859,87.74873024168372,27.21298173002735,34.762016537019775,11.344816470157781,13.678004483980455,7.750625181786278,9.069124636066677,117.3,130.2332750892207,22.4,26.034492537906605,1.6,2.6397006737213764,0.6,1.1811203550945562,5.5,6.938728715806332,14.9,17.811361856477117,8.5,9.527223053747697,8.0,9.685205280876813,33.4,35.75729143282384,0.9,1.3972274045791508
42,2016,1.1354859881301105,1.2633863068618394,1.196874747662913,1.1600846343004934,1.1035005764720427,1.1601779073186709,1.612217260025609,1.920762052028692,1.250255951363073,1.187903893551041,1.117454329625237,1.2087587875501726,1.068412329563242,1.1025471933949569,1.5336669189760246,5885,115.3,119.7,20.8,1.6,0.8,6.1,15.8,8.4,7.6,37.6,0.9,1.6,0.8,2.4000000000000004,0.6254949155083183,0.2174051335622522,0.0926131482778935,0.064486802651536,72.1195637581091,81.89075411738901,25.06681189972768,31.66906691079736,10.67829599644112,12.78058282621036,7.435328345722101,8.625610164851116,119.7,132.08901900370353,20.8,24.131700472228356,1.6,2.5795476160409745,0.8,1.5366096416229538,6.1,7.6265613033147455,15.8,18.76888151810645,8.4,9.38661636885199,7.6,9.186566785381311,37.6,40.1723035915779,0.9,1.3803002270784221
42,2017,1.1277500748780096,1.2531831221334315,1.185052638132568,1.1495664385653357,1.0968274769918631,1.1553889287530568,1.5636469913653317,1.9702379248512212,1.2497002514794446,1.1858982960963484,1.1118062934033608,1.2105382749904274,1.0666185471745508,1.0221517847419102,1.54149703541808,5904,112.2,116.6,20.7,1.7,0.6,5.4,15.1,7.6,6.9,40.3,0.9,1.7,0.6,2.3,0.6552903672930985,0.19038050911094256,0.09259411908741702,0.06173500450854191,73.52357921028566,82.91622195969893,21.360693122247756,26.76886009787256,10.38906016160819,12.311583152231748,6.926667505858402,7.96266449583588,116.6,127.89008381725124,20.7,23.916550825188274,1.7,2.6581998853210638,0.6,1.1821427549107326,5.4,6.748381357989001,15.1,17.90706427105486,7.6,8.449727829865541,6.9,8.35271409743395,40.3,42.9847274511344,0.9,1.387347331876272
42,2018,1.1569711028635403,1.3036345034033738,1.2248177185768934,1.19316188153311,1.124775123264405,1.1747883407038209,1.591785512809356,2.484530551928304,1.2868117783073665,1.2220830078228078,1.1302293160404977,1.2103369803431756,1.0744736841133673,1.198329966159485,1.6680023559162005,5917,110.9,111.4,22.9,1.9,0.6,5.6,15.4,7.1,6.8,43.7,0.8,1.9,0.6,2.5,0.6504623868616005,0.19519226661374306,0.09303326662654561,0.06131207989811081,72.1362787029515,83.45958992742551,21.646822367464107,28.219544527270116,10.31738926888391,12.63692118598411,6.7995096607004895,8.112915740263954,111.4,125.29994873165472,22.9,26.902653002117496,1.9,3.0243924743377764,0.6,1.4907183311569823,5.6,7.206145958521252,15.4,18.82007832047124,7.1,8.024628143887533,6.8,8.230291466333593,43.7,46.954499995754155,0.8,1.3344018847329604
42,2019,1.1314212202217515,1.2489352020280702,1.1840931603007634,1.145687268816425,1.0940713175883203,1.1584479361448932,1.570157803513205,2.211666101472888,1.2511587953047945,1.1956831878651533,1.1108458287314649,1.207765666688173,1.0676920715809934,1.0,1.532180401046803,5927,117.7,104.9,20.4,2.3,0.6,7.0,17.6,7.6,7.4,43.1,0.7,2.3,0.6,2.9,0.6385017373935262,0.203232674915431,0.0947618017671996,0.0635037859238432,75.15165449121804,85.02817662613738,23.92048583754623,29.875136812125394,11.153464067999394,13.206740516578412,7.474395603236346,8.563319884725344,104.9,114.7680812150148,20.4,23.632337897355818,2.3,3.6113629480803713,0.6,1.3269996608837327,7.0,8.758111567133561,17.6,21.0440241064267,7.6,8.442428298359133,7.4,8.937465933492481,43.1,46.01752828514082,0.7,1.072526280732762
42,2020,1.123209354880777,1.2492140747860054,1.1811362484022387,1.142573241705802,1.0922080431014354,1.153799199922524,1.5688994543290866,1.8967453748717469,1.2347219527232816,1.1761219660143587,1.109949925843567,1.2125154789238382,1.0649504610847482,1.0079980325814206,1.534399485657023,5745,132.9,126.8,19.4,2.5,0.7,7.7,18.1,9.7,7.7,42.5,0.8,2.5,0.7,3.2,0.6663900757345964,0.17141394736091362,0.09699586988370883,0.06520010702078112,88.56324106512787,99.475060862913,22.78091360426542,28.458237910932354,12.890751107544904,15.225733402252592,8.66509422306181,9.900504796129951,126.8,138.491979865262,19.4,22.383704478496966,2.5,3.9222486358227164,0.7,1.3277217624102227,7.7,9.507359035969268,18.1,21.287807584859895,9.7,10.7665142806826,7.7,9.336369187713554,42.5,45.2603945961018,0.8,1.2275195885256185
42,2021,1.1331886270080953,1.2511849771111343,1.1854081788590356,1.1451861555541076,1.0937402068391469,1.153495245276669,1.5625752326266449,1.9419743797982916,1.2455115557847574,1.1838447771688712,1.1100688172818023,1.212362584861969,1.068679553819572,1.0,1.545583720820105,5830,134.9,133.8,28.1,2.5,0.7,8.5,19.5,9.6,10.9,49.2,0.8,2.5,0.7,3.2,0.6423178338938886,0.19310084012844714,0.09865964798098452,0.06592167799667982,86.64867579228559,98.18929395312969,26.04930333332752,32.59249699487039,13.309186512634811,15.77681854603767,8.892834361752108,10.183950794714363,133.8,146.34243967507786,28.1,32.4132163922744,2.5,3.906438081566612,0.7,1.359382065858804,8.5,10.586848224170438,19.5,23.084973154792987,9.6,10.656660645905301,10.9,13.214752174995462,49.2,52.57903404792294,0.8,1.236466976656084
42,2022,1.1363502646300356,1.2488069282461356,1.1850585786380596,1.1424843830502254,1.0917756154032243,1.152428051046312,1.5802911919478064,1.9014576566880872,1.237195466677136,1.185777328116956,1.1087227403238724,1.2121915750429284,1.0700598275537203,1.0,1.5420766660731835,5844,117.2,124.7,26.9,2.5,0.7,8.0,17.9,9.9,9.1,44.6,0.8,2.5,0.7,3.2,0.6258326660124129,0.20659956635191312,0.10037144300931461,0.06719632462635941,73.3475884566548,83.34855155269463,24.213469176444217,30.23794806441779,11.763533120691672,13.940475839768611,7.8754092462093235,8.9975320739235,124.7,136.14441924078207,26.9,31.000314573145793,2.5,3.950727979869516,0.7,1.331020359681661,8.0,9.897563733417089,17.9,21.225414173293508,9.9,10.976355129206338,9.1,11.030943332890647,44.6,47.72466830889593,0.8,1.2336613328585468
42,2023,1.1550152893633434,1.258079669297733,1.196524480470774,1.1513517657648924,1.0972784682170718,1.1546725101511377,1.6042209647928878,1.9685265303880024,1.2431760872374102,1.2025659336032797,1.1112427111023266,1.2113440075178687,1.076499789873219,1.0,1.5690995656964155,5838,116.7,128.1,30.6,2.9,1.0,9.6,17.6,10.8,9.2,49.6,1.1,2.9,1.0,3.9,0.5867321492883615,0.2429938045910327,0.1020937041077943,0.0681803420128115,68.47164182195179,79.08579319216486,28.357376995773517,35.675839472993886,11.914335269379594,14.255793818349037,7.956645912895103,9.160898321377791,128.1,140.56137177860688,30.6,35.332978810624816,2.9,4.652240797899374,1.0,1.9685265303880024,9.6,11.934490437479138,17.6,21.165160431417725,10.8,12.001421279905129,9.2,11.144364869164392,49.6,53.394389577711664,1.1,1.7260095222660572
42,2024,1.1642183263336987,1.2610063727583976,1.2012634885154412,1.1542356511671137,1.0989152313275417,1.1550775676268583,1.610991719597734,1.974973778498701,1.2419554770554493,1.209986650962597,1.1118490263117653,1.2114462882294088,1.0798338509667245,1.0,1.5948189393856704,5834,99.3,111.3,25.89,3.43,1.01,8.3,16.8,9.0,8.2,47.3,0.9,3.43,1.01,4.44,0.5669026501364439,0.2613284760976018,0.1031557957768209,0.0686130779891335,56.29343315854888,65.53784653542371,25.949917676491857,32.72301156261202,10.243370520638315,12.304987005778214,6.813278644320957,7.864129112610789,111.3,122.30926524675539,25.89,29.904958225859364,3.43,5.525701598220228,1.01,1.994723516283688,8.3,10.30823045956023,16.8,20.32777573617163,9.0,10.006641236805887,8.2,9.933859563481152,47.3,51.076141150726066,0.9,1.4353370454471035
43,2015,1.13189278268302,1.3025377276967465,1.1957166776256372,1.171002541516319,1.101491925861498,1.1591238426579642,1.4434478260287258,2.45727334910896,1.2644984264500891,1.1878465705195085,1.121639680342821,1.2662194562015436,1.065937606326056,1.3295432662200235,1.541196148310157,6615,148.4,102.0,25.9,1.5,0.5,9.7,11.5,7.2,5.8,50.5,1.8,1.5,0.5,2.0,0.7577390552225423,0.1190501578912052,0.0833341592351827,0.0398766276510699,112.44847579502527,127.27961817609538,17.66704343105485,23.011990605805916,12.366789230501112,14.7871761315913,5.917691543418773,6.9296318372530115,102.0,112.35217643787279,25.9,30.021307524841273,1.5,2.165171739043089,0.5,1.22863667455448,9.7,12.265634736565863,11.5,13.660235560974348,7.2,8.075805698468312,5.8,7.344072845968953,50.5,53.82984911946583,1.8,2.7741530669582826
43,2016,1.126250864040992,1.2881933769449914,1.1863034018478225,1.1599506193381042,1.0944406136478342,1.15640324770467,1.417940465235143,2.4858776877742703,1.2538564273483104,1.1847825571762387,1.1169820821051752,1.2624267365549946,1.0645752213106263,1.250091794522888,1.5175835514971618,6625,144.4,101.4,25.1,1.8,0.6,10.7,12.3,7.6,5.4,52.2,1.4,1.8,0.6,2.4,0.7588173717582161,0.11673016916141722,0.08381181804731902,0.040640641033047806,109.5732284818864,123.40694325348561,16.85583642690865,21.71357684801185,12.102426526032867,14.357149758446113,5.868508565172103,6.80718014476235,101.4,110.97627822389039,25.1,29.02572151738722,1.8,2.5522928374232574,0.6,1.491526612664562,10.7,13.41626377262692,12.3,14.572825453267736,7.6,8.48906382399933,5.4,6.817104377396971,52.2,55.570826552414694,1.4,2.1246169720960264
43,2017,1.123525112014948,1.2797434558937717,1.1783147634516735,1.151537843232515,1.0891284888440391,1.15530892519544,1.4021724876160562,2.586605796367272,1.2524732321017575,1.1892679298429003,1.1131957884527792,1.263832602792747,1.0636564192198985,1.1378385884523796,1.4950208644333944,6633,146.6,104.9,27.1,1.9,0.7,10.7,11.8,8.0,5.7,53.0,1.4,1.9,0.7,2.5999999999999996,0.7724078940758167,0.10643023729577612,0.08280805028744981,0.03835381834095751,113.23499727151471,127.2223629934909,15.60267278756078,19.96741839433274,12.139660172140141,14.304340804119013,5.6226697687843705,6.4747170187546175,104.9,114.24957847973971,27.1,31.308871872796427,1.9,2.6641277264705066,0.7,1.8106240574570904,10.7,13.401463583488805,11.8,14.033361572146225,8.0,8.905566307622234,5.7,7.203845835918657,53.0,56.37379021865462,1.4,2.093029210206752
43,2018,1.1178469768974029,1.262550689244598,1.1673376222395448,1.1382240739182328,1.0804909072998186,1.1514369135171374,1.398263172516354,2.679169802873495,1.2463293780968123,1.1858625024892628,1.1072891928320194,1.2591265688207074,1.0623391226021466,1.0654526445779222,1.4607712482001092,6635,137.6,94.4,29.8,1.9,0.6,10.8,11.9,7.8,6.7,57.5,1.3,1.9,0.6,2.5,0.7595077933260218,0.11719279735052732,0.08369865693794572,0.03960075238550521,104.5082723616606,116.8242563202527,16.125728915432557,20.359550156750917,11.51693519466133,13.444151745622888,5.449063528245516,6.202255288158871,94.4,101.99834164910288,29.8,34.3128200228107,1.9,2.6567000277810724,0.6,1.6075018817240971,10.8,13.460357283445575,11.9,14.111763779622228,7.8,8.63685570408975,6.7,8.436148011098739,57.5,61.08449954962343,1.3,1.899002622660142
43,2019,1.122952041573319,1.2674303181476634,1.172930843294184,1.1444144375747984,1.0844344638280952,1.152473278772292,1.3933778976579798,2.626472669819228,1.238183990016478,1.189381066693459,1.109337418652661,1.256278780697355,1.0641447185575423,1.104595755123197,1.4763029752134973,6640,144.1,97.9,25.7,2.2,0.6,13.7,14.8,8.7,6.9,60.6,1.2,2.2,0.6,2.8000000000000003,0.7519091077506201,0.12281664549175031,0.08443735482415461,0.04083689193347491,108.35010242686435,121.67196872492555,17.69787861536122,22.430827924006,12.16742283016068,14.271545520897273,5.884596127613734,6.734416767737908,97.9,106.16613400877053,25.7,29.618563264447904,2.2,3.065431374847556,0.6,1.5758836018915365,13.7,16.963120663225748,14.8,17.602839787063193,8.7,9.65123554227815,6.9,8.66832358681175,60.6,64.48716994458707,1.2,1.7715635702561967
43,2020,1.1215936656675496,1.268005729701254,1.172067496430442,1.142592045100968,1.0832660215714756,1.149615824988661,1.379004042002318,2.398778173464083,1.2294138053788184,1.180289200003832,1.1085063438703493,1.2600500583653227,1.0638361159787144,1.0963937800890753,1.471953120299709,6645,157.2,104.5,22.7,2.2,0.6,15.8,14.6,10.3,7.4,57.0,1.2,2.2,0.6,2.8000000000000003,0.7617108012145498,0.11003023022085563,0.08669336336400112,0.041565605200593506,119.74093795092722,134.30067752685108,17.296752190718504,21.932380883053778,13.628196720820975,15.973166411434201,6.534113137533299,7.465825692735274,104.5,113.2012992542192,22.7,26.096279227242604,2.2,3.0338088924050997,0.6,1.4392669040784498,15.8,19.424738124985332,14.6,17.232222320055946,10.3,11.417615341864598,7.4,9.324370431903388,57.0,60.63865861078672,1.2,1.7663437443596506
43,2021,1.1262153951608245,1.2701119013582511,1.1742149869780738,1.1442736989106892,1.084330336065313,1.1496943521202108,1.3670832249527023,2.49254854160778,1.24033575034985,1.1843093558004745,1.108690726616237,1.2602769155562603,1.0655941174226395,1.0061668975038605,1.4764714997048145,6622,161.5,104.4,32.0,2.2,0.7,15.3,14.6,10.9,8.9,61.9,1.1,2.2,0.7,2.9000000000000004,0.7532996403369441,0.1176965236247981,0.0875183805322646,0.0414854555059932,121.65789191441647,137.01299081682743,19.007988565404894,24.142272497802306,14.134218455960733,16.59661114021118,6.699901064217903,7.666520573088283,104.4,113.20408708521867,32.0,36.790219267846744,2.2,3.007583094895945,0.7,1.744783979125446,15.3,18.977136980352707,14.6,17.290916594686927,10.9,12.084728920116982,8.9,11.216464548450718,61.9,65.96027586846138,1.1,1.6241186496752962
43,2022,1.126928201134423,1.2660659082722423,1.1724847215657066,1.140831412457734,1.0820390474700796,1.14875952168825,1.3763682649273643,2.4346731703251683,1.2313525993455712,1.1849041468453267,1.1072011131644457,1.2587992481897297,1.0660154744265622,1.010971854485371,1.4681999323500403,6604,159.1,104.9,33.9,2.4,0.6,14.3,14.6,10.7,8.0,55.8,1.1,2.4,0.6,3.0,0.7462319172956917,0.12288370281812591,0.08840179425386101,0.04248258563232141,118.72549804174454,133.79511193697164,19.550797118363832,24.752597711107644,14.064725465789286,16.490675721654053,6.758979374102336,7.710855986129858,104.9,113.50589607961136,33.9,38.942947785231674,2.4,3.3032838358256744,0.6,1.460803902195101,14.3,17.60834217064167,14.6,17.29960054394177,10.7,11.847051910859568,8.0,10.070393985517837,55.8,59.48366347300217,1.1,1.6150199255850444
43,2023,1.136824608233933,1.274097101530958,1.1799684866060285,1.147508342095351,1.0862046802940837,1.1500904960722933,1.3862918786764835,2.52021982069521,1.237058394795138,1.1931912580595865,1.1091731837919652,1.2582935233971857,1.0695121182199805,1.0,1.4991131138712257,6568,143.9,117.1,39.8,3.1,0.8,13.1,14.6,12.3,7.9,58.9,1.1,3.1,0.8,3.9000000000000004,0.7319217316834998,0.13593367835022313,0.08937288748723822,0.04277170247903891,105.32353718925563,119.73438890298762,19.56085631459711,24.922430333891715,12.86075850941358,15.175289754958346,6.154847986733699,7.062739409105696,117.1,127.1945680624372,39.8,45.77360174367727,3.1,4.297504823897099,0.8,2.0161758565561683,13.1,16.205464971816305,14.6,17.42059236766996,12.3,13.642830160641171,7.9,9.940518834837768,58.9,62.99426376315685,1.1,1.6490244252583484
43,2024,1.144722322895782,1.2772652051958469,1.1842567880295434,1.150547574155698,1.0879674134685204,1.1495560484106566,1.3781299504427522,2.402930061701169,1.2310867605834264,1.195934383703556,1.109889414227131,1.25980528361149,1.0723226598305753,1.0037538967488728,1.5090471741278166,6539,138.6,103.2,35.87,3.85,0.91,13.5,15.3,10.7,7.9,60.1,1.0,3.85,0.91,4.76,0.7244415389291782,0.14286121537274693,0.08980019451355352,0.042897051184521404,100.4075972955841,114.93881801258526,19.800564450662723,25.290572016069312,12.446306959578518,14.739623502780207,5.945531294174666,6.84061660757945,103.2,112.27823706995132,35.87,41.23457545649025,3.85,5.305800309204596,0.91,2.186666356148064,13.5,16.619671267876257,15.3,18.297796070664408,10.7,11.8758167322303,7.9,9.95246174053077,60.1,64.44659185581757,1.0,1.5090471741278166
44,2015,1.1460137757540414,1.2339335289235684,1.1955638411545697,1.1667031045628846,1.1160019836961277,1.1670693304537283,1.423237511210546,2.474985785460994,1.2841743368017955,1.2077563237083189,1.1163110078756049,1.1668648544684803,1.0684353197800982,1.139728027952564,1.4767075172893809,11678,118.3,98.9,29.7,1.8,0.6,18.6,22.0,6.9,8.3,36.0,1.5,1.8,0.6,2.4,0.6559218776249045,0.15966670068421912,0.050199870968279416,0.13421155072259694,77.5955581230262,88.92557854631143,18.888570690943123,23.307240688997734,5.938644735547455,7.100028911283479,15.877226450483217,18.52400939162672,98.9,110.37259618754703,29.7,34.66195911447573,1.8,2.5618275201789826,0.6,1.4849914712765961,18.6,23.885642664513398,22.0,26.570639121583014,6.9,7.702545954341674,8.3,9.684978292088388,36.0,38.463671512083536,1.5,2.2150612759340715
44,2016,1.1324398469696582,1.209537160969849,1.1751244689316187,1.1431365612389106,1.1001279290295265,1.1596872395162008,1.396709694889949,2.5358032708265648,1.264565828958662,1.1944163249830309,1.1070445346704985,1.1657708059091716,1.0649343864871958,1.0641494701663323,1.425771701395976,11908,118.1,98.7,29.1,1.8,0.8,20.1,22.0,7.0,7.5,38.1,1.5,1.8,0.8,2.6,0.6538656855463176,0.16016621910465534,0.05028120855125091,0.13568688679777624,77.22153746302011,87.44874606738422,18.915630476259796,22.87915798421003,5.938210729902732,6.978136730380988,16.02462133081737,18.318330523266265,98.7,108.58262659521426,29.1,33.74689866992144,1.8,2.514077450801908,0.8,2.028642616661252,20.1,25.41777316206911,22.0,26.27715914962668,7.0,7.749311742693489,7.5,8.743281044318786,38.1,40.574000125162165,1.5,2.138657552093964
44,2017,1.1344806174102928,1.206302928592835,1.1722749346772825,1.1435607861364725,1.1001403653680524,1.1580347725259896,1.3893372345087194,2.9241477883271907,1.2678080715192226,1.204578213147914,1.1045311407347411,1.1604117815697537,1.0656384491897026,1.0520153250923387,1.4350291383257194,12141,116.8,100.8,29.1,2.0,0.7,20.6,22.8,7.3,7.7,40.1,1.5,2.0,0.7,2.7,0.7098282451174235,0.14978119484357372,0.049431625958717314,0.09095893408028541,82.90793902971507,94.05744985864607,17.49444355772941,21.103598497791044,5.773613911978182,6.768262871516073,10.624003500577336,12.149193795036854,100.8,110.89414882909968,29.1,33.6988118805063,2.0,2.7786744690174388,0.7,2.046903451829033,20.6,26.116846273295987,22.8,27.46438325977244,7.3,8.06307732736361,7.7,8.935170718087104,40.1,42.732101812507075,1.5,2.1525437074885794
44,2018,1.1365818905281238,1.2093609486061896,1.1760008993515314,1.1462964682658456,1.1025218997240676,1.1605557323502604,1.3940187281739882,3.5940452658250197,1.270701092063895,1.2100916191514857,1.1060486145535378,1.1589652550075824,1.0664737194493037,1.0478727803416743,1.4488451180611803,12348,108.7,100.6,34.0,2.2,0.7,21.1,22.0,7.4,8.6,39.4,1.6,2.2,0.7,2.9000000000000004,0.7076853654985186,0.15125408405072932,0.049497917874064004,0.09156263257668822,76.92539922968898,87.43201568611057,16.44131893631428,19.883489065157942,5.380423672910758,6.327383078235321,9.95285816108601,11.40892615920379,100.6,110.9137031122412,34.0,39.458894899908856,2.2,3.066841201982774,0.7,2.515831686077514,21.1,26.81179304254819,22.0,26.622015621332686,7.4,8.18475974769618,8.6,9.967101193065208,39.4,42.019064546302566,1.6,2.3181521888978884
44,2019,1.1355390525807674,1.1998309287994915,1.1695207573804511,1.1378199391918065,1.0963976881538169,1.1573559433675027,1.3702985254242082,3.6633535109163886,1.255144078648875,1.2066307697402776,1.1024134588863324,1.1582297939341035,1.066297812384858,1.023953186913452,1.435599304280358,12489,115.9,109.4,30.7,3.1,0.7,25.9,28.6,8.4,8.8,47.2,1.5,3.1,0.7,3.8,0.7037267298712793,0.15680243825644793,0.049316604789636016,0.09015422708263672,81.56192799208127,92.61675443878873,18.173402593922315,21.8050105137129,5.715794495118814,6.684740306962369,10.448874918877596,11.888938224820098,109.4,119.94590708402757,30.7,35.53082746138233,3.1,4.247925428815045,0.7,2.564347457641472,25.9,32.50823163700586,28.6,34.50964001457194,8.4,9.260273054645193,8.8,10.192422186620112,47.2,50.329256744565306,1.5,2.153398956420537
44,2020,1.1309601819028732,1.1973060213477558,1.166295661132497,1.1344609677505852,1.094209575647333,1.153122447320304,1.3532936570597252,2.5978716375644124,1.2415229546163182,1.1910258017695845,1.1008935164245548,1.1620075195053097,1.0650252072961024,1.0208316780696896,1.437618414157227,12624,128.2,113.0,26.0,3.2,0.6,31.1,30.0,9.9,9.6,47.5,1.6,3.2,0.6,3.8000000000000003,0.7142183625091587,0.1448881469809019,0.0500069089385718,0.0908865815713676,91.56279407367414,103.55387424109783,18.57466044295162,22.239552792835948,6.410885725924904,7.476988206162474,11.651659757449325,13.21835320433651,113.0,123.64568204814861,26.0,29.9811836303279,3.2,4.33053970259112,0.6,1.5587229825386475,31.1,38.611363888567496,30.0,35.730774053087536,9.9,10.898845812603092,9.6,11.155272187250972,47.5,50.588697346564864,1.6,2.3001894626515633
44,2021,1.140379300274673,1.1978407715220252,1.169290633185618,1.135710932244363,1.0946090947148486,1.1529567772305735,1.3441993826302412,2.660944826015633,1.2489616769633276,1.1991250974312206,1.1009103948634755,1.1615615607043257,1.0679676287364894,1.0010567640583343,1.4461063188059635,12684,111.6,97.9,29.6,3.0,0.7,24.6,27.5,8.4,12.9,44.8,1.1,3.0,0.7,3.7,0.7024545859090195,0.15431168739220663,0.04958164807512921,0.09365207862364472,78.39393178744658,89.39881707754877,17.22118431297026,20.628236703971293,5.533311925184419,6.470049804612421,10.45157197439875,11.869964550463463,97.9,107.16223037258368,29.6,34.12752060602498,3.0,4.032598147890724,0.7,1.862661378210943,24.6,30.72445725329786,27.5,32.97594017935857,8.4,9.247647316853195,12.9,14.984144133085803,44.8,47.84494976739472,1.1,1.59071695068656
44,2022,1.136327751989248,1.1920339193882528,1.1645443535685596,1.1303806100747331,1.0913338982616674,1.1500276624490111,1.3385923258195582,2.383436073654001,1.2361564992284402,1.1924863801614725,1.0982853373736547,1.1606928906226286,1.0672393056016027,1.002123680965211,1.4415984025996895,12657,106.5,101.2,34.2,3.4,0.7,24.3,24.4,8.8,9.3,40.8,1.0,3.4,0.7,4.1,0.6994462670757768,0.15395015389875283,0.049726224500897205,0.09687735452457322,74.49102744357023,84.64622175832154,16.395691390217177,19.544220268960814,5.295842909345552,6.167243957464456,10.317438256867048,11.662632151205765,101.2,110.44299050408074,34.2,39.330946055756186,3.4,4.551213907786498,0.7,1.6684052515578005,24.3,30.0386029312511,24.4,29.096667675939926,8.8,9.664910968888163,9.3,10.794443882790446,40.8,43.54336366854539,1.0,1.4415984025996895
44,2023,1.1505516072757274,1.1941430661768393,1.1699664436221973,1.1339936139325535,1.0931118179078123,1.1497010917323407,1.3424680317174995,2.607357084634093,1.2381987368210987,1.205814008066923,1.0984613680947517,1.158676730999813,1.0718430787920934,0.9999999999999998,1.4592067046569968,12706,114.3,107.0,40.7,4.2,0.9,24.9,27.7,10.0,9.6,47.7,1.0,4.2,0.9,5.1000000000000005,0.6859414167439616,0.1653056273884508,0.0493904136843223,0.0993625421832653,78.40310393383481,90.20681724647955,18.894433210499926,22.562656407659883,5.645324284118039,6.604839975783609,11.357138571547225,12.878922612681636,107.0,116.96296451613591,40.7,46.79283443350627,4.2,5.638365733213498,0.9,2.346621376170684,24.9,30.831148546845355,27.7,33.40104802345377,10.0,10.984613680947517,9.6,11.123296617598204,47.7,51.12691485838286,1.0,1.4592067046569968
44,2024,1.1582250915724794,1.1972901592233602,1.1743540519826006,1.1374032842867452,1.0950926797974043,1.1502625632504977,1.3390512141900106,2.588277860361688,1.2368081417712091,1.210619879308679,1.0995829443105103,1.159307101295088,1.0742591400197696,1.000643270487376,1.477984814238004,12780,105.8,106.3,38.44,5.04,0.94,25.0,27.5,10.0,8.6,47.8,1.0,5.04,0.94,5.98,0.682538932135579,0.17080695129670204,0.04915755811734291,0.09749655845037611,72.21261901994426,83.63846727706351,18.071375447191073,21.636679986552522,5.20086964881488,6.1076623459190795,10.315135884049791,11.732469432382292,106.3,116.40835186246407,38.44,44.21609293134913,5.04,6.7488181195176535,0.94,2.4329811887399866,25.0,30.920203544280227,27.5,33.292046680988676,10.0,10.995829443105103,8.6,9.970041071137755,47.8,51.349586892944984,1.0,1.477984814238004
45,2015,1.108379450448944,1.2388850291949671,1.1716129882205206,1.1634132439801024,1.0883043728543311,1.1354584877284744,1.1255905670940574,1.9754054026231,1.1841290573443315,1.1431531214245405,1.1134145691985973,1.2360768613335416,1.0632650901136764,1.1506716897559126,1.737736356678607,4811,143.4,93.0,27.9,1.3,0.4,18.6,10.2,5.7,5.7,37.3,1.4,1.3,0.4,1.7000000000000002,0.7751449924774247,0.10211115130931875,0.07519436746325933,0.04754948874999722,111.15579192126272,123.20279556390634,14.642739097756309,18.14067025461811,10.782872294231389,12.633353230244698,6.8185966867496015,7.932845690723332,93.0,101.2123066754528,27.9,31.679291807624434,1.3,1.4632677372222747,0.4,0.7901621610492401,18.6,22.024800466604567,10.2,11.660161838530312,5.7,6.346463044432005,5.7,7.045638109601187,37.3,39.659787861240126,1.4,2.4328308993500496
45,2016,1.090866897708383,1.2063143170717496,1.1458157159913973,1.1328073869496866,1.0689229660280786,1.1247685168106447,1.088312324365716,1.8269386146011863,1.158920279999357,1.1233007975753742,1.1006631670220048,1.235647782244753,1.0583825060637375,1.0176098791939878,1.6549156968911771,4857,139.0,88.9,27.0,1.6,0.7,19.5,10.5,5.3,5.6,39.7,1.4,1.6,0.7,2.3,0.7698699452136188,0.10814579608589563,0.07474589309085422,0.047238365609631315,107.01192238469302,116.73576378960036,15.032265655939492,18.133637278785766,10.389679139628736,11.904657642294586,6.566132819738753,7.4381637618928345,88.9,95.0272516798962,27.0,30.368749953887406,1.6,1.7412997189851458,0.7,1.2788570302208304,19.5,22.598945459987462,10.5,11.794658374541429,5.3,5.833514785216625,5.6,6.919627580570616,39.7,42.01778549073038,1.4,2.316881975647648
45,2017,1.111258200621824,1.2377185204963654,1.1732471473665738,1.1648582337108024,1.0891737463602014,1.1390727118090784,1.102017767213607,2.1177560067708527,1.1808987665180504,1.14925631662577,1.1141351166839784,1.2297169162879649,1.063797394687897,1.0725785492069977,1.7669652919136267,4907,133.9,87.5,27.6,1.8,0.8,19.6,10.6,5.6,5.6,40.2,1.3,1.8,0.8,2.6,0.7725753190184153,0.10527257494104732,0.07409898231032512,0.048053123730212303,103.4478352165658,114.95725522098387,14.095997784606237,17.446877522882875,9.921853731352535,11.640786586897757,6.434313267475428,7.495062787893409,87.5,95.30270280651762,27.6,31.438406845930565,1.8,1.9836319809844924,0.8,1.6942048054166823,19.6,23.14561582375379,10.6,12.182116956233163,5.6,6.239156653430278,5.6,6.886414731212603,40.2,42.76465526645346,1.3,2.297054879487715
45,2018,1.0916800641599798,1.2007688139682358,1.144018385503262,1.1304613403492607,1.0673843126648317,1.1294262084790625,1.0611557076419291,2.153789023070202,1.1611600285011532,1.133420139377038,1.0996979030735703,1.2250568689628525,1.0583131620903476,1.0,1.6693912692169042,4947,128.3,85.2,31.3,1.9,0.7,18.5,9.9,5.5,5.6,39.0,1.2,1.9,0.7,2.5999999999999996,0.7682785462692255,0.10951605832478115,0.07407697892776882,0.048128416478224516,98.57013748634165,107.60705401534747,14.050910283069422,16.871894875775357,9.50407639643274,10.872838134746644,6.174875834156206,6.980458411970483,85.2,90.94114343904366,31.3,35.351040325394656,1.9,2.016195844519665,0.7,1.5076523161491413,18.5,21.481460527271334,9.9,11.220859379832676,5.5,6.048338466904637,5.6,6.860318466191973,39.0,41.27421332152356,1.2,2.003269523060285
45,2019,1.0975265105160792,1.2098898420110449,1.1519625487733365,1.1389300869419072,1.0727257538309631,1.1323645608758677,1.0167062600893133,2.1208208129783186,1.1476611729341255,1.1316117695338157,1.1034385768523602,1.2255108349090582,1.0601333368175891,1.017835672096836,1.7387719614038086,4982,133.6,86.1,25.0,2.0,0.6,24.8,13.4,6.3,5.0,40.6,1.2,2.0,0.6,2.6,0.7573582172806833,0.12106099355006243,0.07358271278324881,0.04799807638600551,101.18305782869929,111.05108838207899,16.17374873828834,19.568454305694015,9.83065042784204,11.324541122956607,6.4125430051703365,7.30343816239737,86.1,92.36168740484592,25.0,28.309114021896693,2.0,2.0334125201786266,0.6,1.2724924877869912,24.8,28.461997088766314,13.4,15.16359771175313,6.3,6.9516630341698695,5.0,6.127554174545291,40.6,43.04141347479412,1.2,2.08652635368457
45,2020,1.0963895130143335,1.2078058596968386,1.1500591902586397,1.136864893022251,1.0713898882170878,1.1268289742805926,1.0,1.8047092110160936,1.128689057679179,1.11322806966922,1.1022481027784023,1.2316126340006444,1.0599693088377575,1.0,1.7565590365457853,5019,141.8,89.7,20.7,1.9,0.5,30.7,13.5,7.6,5.6,39.2,1.2,1.9,0.5,2.4,0.7690302037764289,0.10690186568841571,0.07511463456327862,0.04895329597187681,109.04848289549763,119.55961305674653,15.158684554617349,18.308748030362796,10.651255181072909,12.24957390878285,6.9415773688121325,7.891635612800283,89.7,96.10367297307278,20.7,23.325359767608266,1.9,1.9,0.5,0.9023546055080468,30.7,34.65075407075079,13.5,15.028578940534471,7.6,8.377085581115857,5.6,6.897030750403608,39.2,41.5507969064401,1.2,2.107870843854942
45,2021,1.098249939127005,1.2072676927102073,1.1504159602024413,1.136972183646947,1.0714189737192314,1.1284372802703988,1.0,1.995583684746835,1.1352960767605542,1.1152653500617264,1.101839968703184,1.227198663529544,1.0608847142700844,1.0,1.7937700593967745,5037,146.7,96.6,30.4,1.8,0.5,26.1,12.8,6.4,6.3,41.4,1.1,1.8,0.5,2.3,0.7577238340830632,0.11839084166726281,0.07492617774905021,0.04895914650062381,111.15808645998537,122.0793616881533,17.367936472587452,20.96774859239811,10.991670275785664,12.644992914546597,7.182306791641512,8.166083036514948,96.6,103.49907286127775,30.4,34.304493320220125,1.8,1.8,0.5,0.9977918423734174,26.1,29.631227603450466,12.8,14.2753964807901,6.4,7.051775799700377,6.3,7.731351580236127,41.4,43.92062717078149,1.1,1.973147065336452
45,2022,1.0969789598669712,1.203642568235574,1.147727530691576,1.1334586739392771,1.0690925094743815,1.127225171383878,1.0,1.9649064124736533,1.1235392751656714,1.109264130266112,1.1003314222632017,1.227487399635789,1.0606913505222266,1.0,1.809325553660865,5047,134.3,93.1,33.0,1.7,0.5,22.9,12.0,6.2,5.0,36.6,1.1,1.7,0.5,2.2,0.7530299556848942,0.12321006089926412,0.07493911805637872,0.048820865359463006,101.1319230484813,110.93959175506959,16.54711117877117,19.91680739609571,10.064323554971663,11.55110122182869,6.556642217775882,7.431682993654532,93.1,99.53251263206491,33.0,37.19843065566797,1.7,1.7,0.5,0.9824532062368266,22.9,25.729049401293874,12.0,13.311169563193342,6.2,6.822054818031851,5.0,6.137436998178945,36.6,38.8213034291135,1.1,1.9902581090269518
45,2023,1.1020296545073829,1.211095246695621,1.1540645538240135,1.1402168376332469,1.0733758202811878,1.1297555948598423,1.0,2.027389562676484,1.1263361482406549,1.11211362553384,1.1031101284422835,1.227029089157215,1.0624123967779622,1.0,1.858819499617543,5027,122.1,90.2,34.9,2.3,0.6,21.7,12.4,6.7,6.4,41.1,1.0,2.3,0.6,2.9,0.7514077949558394,0.1239830827597755,0.0754569470899,0.049152175194485,91.74689176410799,101.10779543292618,15.138334404968587,18.33396484074624,9.213293239676789,10.632735151897393,6.001480591246618,6.842989220868527,90.2,96.81849898936315,34.9,39.4284702606085,2.3,2.3,0.6,1.2164337376058902,21.7,24.44149441682221,12.4,13.790208956619615,6.7,7.3908378605633,6.4,7.852986170606177,41.1,43.66514950757425,1.0,1.858819499617543
45,2024,1.1037207461047112,1.213002718432035,1.155832020229966,1.141933212421873,1.074417850753402,1.1302226644267426,1.0,2.048645392561228,1.123899538992989,1.111154419900455,1.1036720077146938,1.2266578340480463,1.063122848912924,1.0,1.90258312672836,5013,118.7,91.6,33.98,2.96,0.68,22.3,12.9,6.5,5.9,41.7,0.9,2.96,0.68,3.64,0.7467178325400349,0.1287900671247542,0.0754129436820997,0.0490791566531113,88.63540672250214,97.82873723905459,15.287380967708323,18.543634671536353,8.951516415065235,10.346449302146553,5.825695894724311,6.652555627655451,91.6,98.41667512901161,33.98,38.40496613722071,2.96,2.96,0.68,1.3930788669416352,22.3,25.062959719543652,12.9,14.33389201671587,6.5,7.17386805014551,5.9,7.237281220883474,41.7,44.33222279966894,0.9,1.712324814055524
46,2015,1.138609840166032,1.2283526499670665,1.1888367627755942,1.1636614320419183,1.1103265044678805,1.1607140536435074,1.3849251757366483,2.494177555807149,1.2710900806404255,1.1978667306678263,1.1141914212290949,1.1729517907463525,1.0672427040220198,1.1297900417105982,1.502671973710237,945,100.9,88.3,25.2,1.5,0.6,18.9,26.8,4.8,4.3,27.7,1.0,1.5,0.6,2.1,0.46103133444092026,0.47279070256058214,0.031440401505561204,0.034737561492936504,46.518061645088856,52.96592273454825,47.70458188836274,58.59804957814129,3.1723365119111255,3.771390269255243,3.5050199546372935,4.078656539748732,88.3,98.04183034451384,25.2,29.249994151816388,1.5,2.0773877636049725,0.6,1.4965065334842893,18.9,24.02360252410404,26.8,32.102828381897744,4.8,5.348118821899655,4.3,5.0436927002093155,27.7,29.56262290140995,1.0,1.502671973710237
46,2016,1.1249152015830803,1.20379981921773,1.1683017960927204,1.139812006631223,1.0943880448923442,1.1531563194434586,1.358665344985226,2.5666941610614447,1.2514031126310476,1.1840796070685575,1.1047451350261217,1.1720217317942334,1.0636524146540265,1.0489052555763734,1.4492683956457717,957,99.4,95.3,27.0,1.9,0.7,21.5,26.7,5.0,4.4,30.0,1.1,1.9,0.7,2.5999999999999996,0.462028903184232,0.4719489241998252,0.031390025520254605,0.03463214709568821,45.925672976512665,51.66248767421237,46.91172306546263,56.472323745396125,3.120168536713308,3.645298505554153,3.442435421311408,3.9237292252633553,95.3,104.2951806782404,27.0,31.135220624973382,1.9,2.581464155471929,0.7,1.796685912743011,21.5,26.905166921567524,26.7,31.614925508730487,5.0,5.523725675130608,4.4,5.156895619894628,30.0,31.909572439620796,1.1,1.594195235210349
46,2017,1.1302802940799417,1.2067269707986197,1.1707816875662789,1.1460799349350304,1.0981172726361914,1.1539702234652238,1.3566630350060032,3.016411406515453,1.2579044584987245,1.1973078131739965,1.104891508503833,1.1661450266652404,1.0652602780411982,1.053835253364226,1.4758634672115472,972,96.0,93.0,24.9,1.8,0.8,20.4,25.6,4.5,4.2,29.3,1.0,1.8,0.8,2.6,0.4761205685661973,0.4591413656088886,0.03073635944739421,0.034001706377520015,45.70757458235494,51.66237084062501,44.077571098453305,53.18959385179734,2.950690506949844,3.4546144112125377,3.2641638122419216,3.7409926495515022,93.0,102.1249063551658,24.9,28.73385856428407,1.8,2.4419934630108058,0.8,2.413129125212363,20.4,25.661250953373976,25.6,30.651080017254312,4.5,4.972011788267249,4.2,4.89780911199401,29.3,31.21212614660711,1.0,1.4758634672115472
46,2018,1.1286161121881817,1.2032647768378948,1.1690590642339744,1.1425292851807134,1.0964435607731984,1.154592807690079,1.353329559761838,3.743093419763424,1.2571233835810711,1.1990596099671995,1.1038729718897402,1.1645921244171136,1.0649821132912385,1.037379334754713,1.4716443468415852,982,94.8,90.7,29.2,2.1,1.0,18.8,27.0,4.8,4.7,28.4,1.1,2.1,1.0,3.1,0.4746769176092866,0.4604311392540339,0.0308171503083725,0.034074792828307,44.99937178936037,50.78701603981844,43.64887200128241,52.52115022784891,2.9214658492337127,3.4153661318966777,3.2302903601235036,3.690701336078056,90.7,99.44743096212909,29.2,33.71410998455031,2.1,2.84199207549986,1.0,3.743093419763424,18.8,23.63391961132414,27.0,32.37460946911439,4.8,5.298590265070753,4.7,5.473582984760434,28.4,30.24549201747117,1.1,1.618808781525744
46,2019,1.1288184875464422,1.1970741021804732,1.16509645862262,1.1369851368396628,1.0922602537549428,1.1524789694772262,1.3258136229139257,3.841945393409666,1.242364486857207,1.1960791283926755,1.1015335522560572,1.164198537193007,1.0651412611173954,1.0199973188244975,1.4716039240599763,995,99.9,95.9,20.3,2.4,0.9,24.7,31.6,4.9,4.5,30.9,0.9,2.4,0.9,3.3,0.46988560993149187,0.46478071566262985,0.030884693583372504,0.034448980822505706,46.94157243215604,52.98851479591815,46.43159349469673,55.58205809547278,3.0853808889789134,3.594766347251243,3.4414531841683202,3.912881119528911,95.9,104.74775833509902,20.3,23.39532308038769,2.4,3.1819526949934214,0.9,3.4577508540686996,24.7,30.686402825373012,31.6,37.796100457208546,4.9,5.397514406054681,4.5,5.238893417368532,30.9,32.912864968527515,0.9,1.3244435316539787
46,2020,1.1246198342674114,1.1943780668148367,1.1619143110557075,1.1336860470130636,1.0901134741535217,1.1480329525124449,1.307262746744754,2.650954981711384,1.2277221122371087,1.1797686189882308,1.1000147332990673,1.168351457314754,1.0639911860422686,1.015327866978403,1.475595068404309,1012,107.7,99.4,16.8,2.4,0.8,30.4,30.8,5.6,4.9,30.2,1.0,2.4,0.8,3.2,0.46929786196848744,0.46500505642289236,0.031120696054585503,0.03457638555403471,50.5433797340061,56.84208733977278,50.081044576745505,59.815701205640956,3.351698965078859,3.89438699387573,3.7238767241695383,4.221707082987721,99.4,108.35727933086007,16.8,19.286953602209074,2.4,3.1374305921874095,0.8,2.1207639853691074,30.4,37.322752212008105,30.8,36.33687346483751,5.6,6.160082506474777,4.9,5.724922140842295,30.2,32.13253381847651,1.0,1.475595068404309
46,2021,1.1326437030434484,1.194544838691939,1.1643275620834763,1.1346178472516717,1.0903311549151853,1.147952364508568,1.2979141932291185,2.725479882573909,1.234596149539296,1.1867184539212248,1.0999028226378975,1.167239805122256,1.0665523317383574,1.0007145723668478,1.4879091227621777,1020,114.3,107.4,28.4,2.9,1.1,28.2,33.6,5.8,5.7,33.3,0.8,2.9,1.1,4.0,0.46861980369315137,0.46604376957465893,0.030725535382867902,0.034610891349321805,53.5632435621272,60.6680705352259,53.26880286238352,63.63197352255862,3.511928694261801,4.089035374800849,3.9560248812274823,4.488576434412376,107.4,117.1015660378909,28.4,32.601847152043334,2.9,3.7639511603644435,1.1,2.9980278708313004,28.2,34.81561141700815,33.6,39.87374005175315,5.8,6.379436371299805,5.7,6.653266889196859,33.3,35.5161926468873,0.8,1.1903272982097421
46,2022,1.1283895547590317,1.1882974917974785,1.1591900386279173,1.1288577186248958,1.0867842286972795,1.14494754286904,1.2916516576561563,2.422626925927099,1.2212219548614105,1.1794866287881574,1.0971164810255798,1.1664864590615245,1.0657300630739903,1.0015111134067964,1.48481049940242,1027,104.6,102.1,30.4,2.7,0.9,26.3,30.0,5.3,4.5,28.3,0.7,2.7,0.9,3.6,0.468880223840053,0.4659686406183155,0.0304896625087875,0.0346614730328439,49.04487141366954,55.34172061768454,48.7403198086758,57.917999778056405,3.189218698419172,3.696910546213396,3.625590079235472,4.09277534551481,102.1,110.96066974999223,30.4,34.80640530321882,2.7,3.4874594756716224,0.9,2.180364233334389,26.3,32.1181374128551,30.0,35.38459886364472,5.3,5.814717349435573,4.5,5.24918906577686,28.3,30.160160784993927,0.7,1.039367349581694
46,2023,1.140727705622661,1.190598283371868,1.1642447702766616,1.1324816256057226,1.0885985679701733,1.144852510793232,1.2941705108185846,2.6705437818843896,1.2230319143537551,1.191057661680473,1.0974687032743755,1.1644328122789322,1.0697484065334353,1.0,1.5056675099783912,1043,100.0,109.9,38.7,3.5,1.1,25.8,33.5,6.0,5.8,35.7,0.7,3.5,1.1,4.6,0.46723066402091773,0.46751555781307397,0.030426120268809705,0.034827657897198605,46.723066402091774,53.29829633651339,46.751555781307395,55.662322058188714,3.0426120268809704,3.5423451402770434,3.4827657897198607,3.9441682631459463,109.9,119.63698261992205,38.7,44.30579216769808,3.5,4.529596787865046,1.1,2.9375981600728287,25.8,31.554223390326882,33.5,39.900431666295844,6.0,6.584812219646253,5.8,6.753710311217807,35.7,38.190018113243646,0.7,1.0539672569848737
46,2024,1.147251618983516,1.193591771101067,1.168185787818828,1.1356706037360311,1.0904562864178355,1.1454174984478964,1.2911494669148953,2.659271118618196,1.2215784285012514,1.1949322193448109,1.0985319985591624,1.164837544665004,1.071821446039569,1.0004349725097694,1.5277666579720364,1048,100.2,110.7,37.03,4.16,1.2,26.3,33.9,5.8,5.0,36.3,0.7,4.16,1.2,5.36,0.4661284446058384,0.4686999781161042,0.030367692429971307,0.034803884848086206,46.70607014950501,53.58361459537729,46.96373780723364,56.055530986862145,3.042842781483125,3.5546056918956985,3.487349261778238,3.9604800415620938,110.7,120.7135109064544,37.03,42.414809967525606,4.16,5.371181782365965,1.2,3.1911253423418353,26.3,32.12751266958291,33.9,40.508202235789085,5.8,6.371485591643141,5.0,5.8241877233250205,36.3,38.90711849123635,0.7,1.0694366605804253
50,2015,1.1346265615584168,1.2176525422876354,1.1811552709770872,1.1554213210465691,1.1046945167058402,1.1570610539134087,1.4772294339804706,2.9283480367758523,1.2858586169209576,1.200526917746757,1.1094279716173678,1.166193494470633,1.0662125167937182,1.1080626509349742,1.437502102932145,3070,149.8,132.9,33.7,1.3,0.5,10.2,9.9,10.1,14.6,39.6,2.9,1.3,0.5,1.8,0.441421598787263,0.11260852645972283,0.05952403694040041,0.3864458378126138,66.124955498332,75.02713089027576,16.86875726366648,20.540285167336506,8.916700733671982,10.532008071301922,57.88958650432956,66.8868625136721,132.9,146.81390127020617,33.7,38.99295751688188,1.3,1.9203982641746118,0.5,1.4641740183879262,10.2,13.115757892593766,9.9,11.885216485692895,10.1,11.205222513335414,14.6,17.02642501927124,39.6,42.22201566503124,2.9,4.168756098503221
50,2016,1.1250344976440616,1.2005417692777238,1.1666121036466552,1.1385113375286768,1.0931560403230698,1.1522197929310642,1.458163956403137,3.200453831100146,1.2718531018097583,1.1917810945815874,1.102904566050588,1.165178099053595,1.0637637763632033,1.0498660918547915,1.402424154932833,3110,151.1,139.2,33.6,1.4,0.8,11.3,10.0,9.9,16.6,41.5,2.8,1.4,0.8,2.2,0.43955252234194847,0.11289235410104795,0.05937824098861042,0.3881768825683931,66.41638612586841,74.7207256004504,17.058034704668344,20.478883164743348,8.972052213379035,10.466904706677745,58.6535269560842,66.77770542554572,139.2,152.1673208129713,33.6,38.71458504248376,1.4,2.0414295389643917,0.8,2.560363064880117,11.3,14.37194005045027,10.0,11.917810945815875,9.9,10.918755203900822,16.6,19.34195644428968,41.5,44.14619671907294,2.8,3.926787633811932
50,2017,1.1289309761117543,1.2015870289523711,1.167146019270906,1.1433285494846377,1.0959517330099022,1.151244936947616,1.4585979475705897,3.917691994256695,1.2767288893937132,1.2041283294614369,1.1017851606603952,1.1587618784518745,1.0651628648008171,1.0557212505205864,1.4216500969769974,3144,152.6,142.8,33.9,1.4,0.8,11.6,10.5,9.8,17.2,42.7,2.7,1.4,0.8,2.2,0.4519574395122326,0.1047070913872387,0.0576908808816947,0.3856445882188339,68.9687052695667,77.86090776113582,15.978302145692625,19.1993206029461,8.80362842254661,10.275119868515482,58.84936416219405,67.28415816565455,142.8,156.50190747381404,33.9,39.02720336252418,1.4,2.0420371265988253,0.8,3.134153595405356,11.6,14.810055116967073,10.5,12.643347459345087,9.8,10.797494574471873,17.2,19.930704309372242,42.7,45.4824543269949,2.7,3.8384552618378933
50,2018,1.1288724497283065,1.2016722344508617,1.1681686446833253,1.1423596015971988,1.0959746310763956,1.1535764328600755,1.4595159443181678,5.292120428759131,1.2793686279689462,1.2075879098851772,1.1023488165487692,1.1585739004679698,1.0652071507794942,1.043931099233284,1.426952408601275,3163,135.7,132.0,38.8,1.3,0.6,10.0,9.9,9.8,12.6,43.7,2.8,1.3,0.6,1.9,0.4514338622595348,0.10253134155608003,0.05815512198885522,0.38787967419553,61.25957510861887,69.15424662218177,13.913503049160058,16.719470298123046,7.891650053887652,9.218778147765029,52.63527178833341,60.128408110080834,132.0,144.6686513020842,38.8,44.758765594970924,1.3,1.8973707276136182,0.6,3.1752722572554783,10.0,12.793686279689462,9.9,11.955120307863254,9.8,10.803018402177939,12.6,14.59803114589642,43.7,46.5495524890639,2.8,3.99546674408357
50,2019,1.1282638280397626,1.1940738365261832,1.1630057485232326,1.135427458622288,1.0908623097648795,1.1511940163367262,1.4339874497394065,5.553904010286678,1.2662778124381353,1.2046758483391549,1.0995302766327075,1.1585095044561706,1.0650563682163317,1.0178247059005603,1.414377608246968,3188,138.1,132.4,33.7,1.7,0.5,11.9,12.1,10.3,13.3,46.0,2.6,1.7,0.5,2.2,0.4503826244814987,0.10458023802627912,0.058181411332497615,0.3868557261597247,62.197840440894964,70.1755735516505,14.442530871429147,17.24544824679524,8.034852905017921,9.344580117074436,53.424775782657974,60.65995739436891,132.4,144.43016981287005,33.7,38.79523835054768,1.7,2.437778664556991,0.5,2.776952005143339,11.9,15.068705968013811,12.1,14.576577764903773,10.3,11.325161849316888,13.3,15.408176409267071,46.0,48.99259293795126,2.6,3.677381781442117
50,2020,1.1234416648998171,1.190970607507278,1.159364938129098,1.1316251881465031,1.0883613116306203,1.1467594038807538,1.411669988285135,3.4235807140213628,1.2522785616827132,1.1886720969036817,1.0978531254236323,1.1624175665253873,1.0637125041566369,1.0166172584915294,1.4139824982098208,3209,149.5,130.3,29.9,1.9,0.5,13.6,12.5,11.8,14.0,46.5,2.7,1.9,0.5,2.4,0.4502472933924871,0.10195022020307942,0.058508796910060515,0.3892936894943731,67.31197036217682,75.62107205137107,15.241557920360373,18.152247495768957,8.747065138054047,10.14104063259122,58.19940657940878,65.8599144204383,130.3,141.81347890546985,29.9,34.28810617603454,1.9,2.682172977741756,0.5,1.7117903570106814,13.6,17.0309884388849,12.5,14.858401211296021,11.8,12.954666879998863,14.0,16.27384593135542,46.5,49.46263144328361,2.7,3.8177527451665165
50,2021,1.1315421681885351,1.191209986663569,1.161914268476775,1.1326939761135988,1.0887105156778372,1.1465128858179772,1.3950144165504712,3.4538996183743813,1.2591095947783288,1.1952705870854448,1.0978833432110868,1.1621171132854289,1.066245393515803,1.0007436223497033,1.4204756573027617,3212,161.0,147.4,39.6,2.3,0.7,14.6,14.9,14.2,17.5,54.9,2.3,2.3,0.7,3.0,0.4474087649394376,0.1047217672566417,0.0584816824496578,0.3893877853542628,72.03281115524945,81.50816331532626,16.860204528319315,20.0840440113243,9.415550874394905,10.940062906528414,62.69143344203631,71.01020901372115,147.4,160.4759300109132,39.6,45.401910278391895,2.3,3.2085331580660834,0.7,2.4177297328620666,14.6,18.3830000837636,14.9,17.80953174757313,14.2,15.589943473597431,17.5,20.337049482495004,54.9,58.53687210401758,2.3,3.2670940117963516
50,2022,1.125436931032638,1.1815937487677264,1.154087388316661,1.1239984112591368,1.0833073429652902,1.141967124779378,1.3853168958038673,2.8986009314213894,1.2431528095475644,1.1867579445691825,1.0936113218544654,1.1606329255687662,1.0649495791468864,1.0015501259610369,1.4072866935211403,3213,158.2,147.3,45.8,2.7,0.7,14.5,15.0,14.7,15.7,53.1,2.2,2.7,0.7,3.4000000000000004,0.4492960231067899,0.10316256920837313,0.05932110800453051,0.3882202996803065,71.07863085549415,79.99451617200911,16.320318448764628,19.28398625695888,9.384599286316726,10.83064768074367,61.41645140942449,69.0319938093671,147.3,159.57117161878725,45.8,52.302094314895506,2.7,3.740355618670442,0.7,2.0290206519949723,14.5,18.025715738439683,15.0,17.801369168537736,14.7,16.07608643126064,15.7,18.221936931429628,53.1,56.54882265269967,2.2,3.096030725746509
50,2023,1.136974913557282,1.1821038329069984,1.157823343720931,1.1262573725456535,1.084292079112381,1.1413242757168902,1.3876131714924158,3.3410935116959344,1.244418520968239,1.1986968381861038,1.0931922033565982,1.1575393645564012,1.0688249361088913,1.0,1.4201877553092022,3191,149.7,146.4,48.5,3.3,1.0,14.1,15.6,15.3,17.4,60.0,2.2,3.3,1.0,4.3,0.4437747682859,0.10679083158170062,0.05996803498415351,0.3894663651482459,66.43308281239922,75.53274858797135,15.986587487780582,18.89780634440849,8.97721483712778,10.394028900024441,58.303114862692404,65.66431295648339,146.4,158.74036038205256,48.5,55.35422737226918,3.3,4.5791234659249715,1.0,3.3410935116959344,14.1,17.54630114565217,15.6,18.69967067570322,15.3,16.725840711355954,17.4,20.141184943281377,60.0,64.12949616653347,2.2,3.124413061680245
50,2024,1.1436942668865966,1.185546180320881,1.1620874691387328,1.1298541384583851,1.0864262343064146,1.1420304366416365,1.3836393801634932,3.318030498940145,1.2429758972700573,1.2031439804761357,1.0944177831382869,1.1579613625964813,1.0709638579249063,1.0004526557347828,1.4368193212068312,3190,135.3,136.8,45.26,3.54,0.88,13.9,14.9,14.0,16.3,57.7,2.0,3.54,0.88,4.42,0.44161625921890924,0.10800145537706803,0.06008102822202671,0.3903012571819961,59.75067987231842,68.33651001254694,14.612596912517304,17.32390845420359,8.128963118440215,9.44656617703029,52.807760096724074,59.66506628800126,136.8,148.62310885311754,45.26,51.688297562400464,3.54,4.898083405778766,0.88,2.9198668390673275,13.9,17.277364972053796,14.9,17.92684530909442,14.0,15.321848963936016,16.3,18.874770210322644,57.7,61.794614602267096,2.0,2.8736386424136624
51,2015,1.1389881224925098,1.2165808915215308,1.1848357249974,1.1573733423923984,1.1095387996339838,1.1608369159730196,1.4622177450782936,2.77097189113164,1.288092145274609,1.2051113076313742,1.1103318289593442,1.156023854485677,1.066978106410846,1.1103459931744957,1.4306270942705317,8196,160.7,130.2,34.9,1.2,0.4,10.7,6.8,8.7,10.7,33.8,1.8,1.2,0.4,1.6,0.4664500407390824,0.15022124384377952,0.05996000465188071,0.32336871076525736,74.95852154677054,85.37686572137052,24.14055388569537,29.368936568082827,9.63557274755723,11.41657082211716,51.96535181997685,60.14331292448352,130.2,144.46195171234467,34.9,40.51320836745838,1.2,1.7546612940939523,0.4,1.108388756452656,10.7,13.782585954438316,6.8,8.194756891893345,8.7,9.659886911946295,10.7,12.369455242996741,33.8,36.06385999668659,1.8,2.575128769686957
51,2016,1.1280265322122391,1.1972602579707456,1.1682838244045215,1.1381286022336985,1.096399829641116,1.1551621039169186,1.441168316946288,2.969511782443666,1.2721035433751222,1.1946626502147917,1.1029067550652083,1.1551460947576553,1.0641531038130658,1.0486724152192863,1.3912636663312037,8251,155.8,130.0,33.0,1.3,0.6,11.3,7.3,8.6,11.1,37.6,1.9,1.3,0.6,1.9,0.4627263892999369,0.1480702694841188,0.0603140501089514,0.3288892911069928,72.09277145293018,81.32255897961834,23.06934798562571,27.62001352048714,9.396929006974629,10.978280157926102,51.240951554469476,58.318792569813006,130.0,142.53197785334507,33.0,38.12034942925832,1.3,1.8735188120301747,0.6,1.7817070694661996,11.3,14.374770040138882,7.3,8.721037346567979,8.6,9.48499809356079,11.1,12.822121651809974,37.6,40.012156703371275,1.9,2.643400966029287
51,2017,1.1306758903135683,1.1951965778001266,1.166314153746862,1.140261125089964,1.0974703196633728,1.153100801093955,1.4397034390187229,3.576666485679192,1.275945721283955,1.2061202277792162,1.100471954425014,1.1485867496341835,1.0651472451931017,1.0497173414587453,1.4035284433568256,8289,160.2,132.5,36.2,1.5,0.5,10.9,7.6,8.9,12.3,40.7,2.0,1.5,0.5,2.0,0.4405670103064746,0.12397971888295922,0.060430080942857116,0.3750231898677091,70.57883505109723,79.80178715869384,19.861550965050068,23.738457743230644,9.680898967045708,11.290969486258785,60.078715016806996,68.50542317902365,132.5,145.4148173553969,36.2,41.74224899960117,1.5,2.159555158528084,0.5,1.788333242839596,10.9,13.907808361995109,7.6,9.166513731122043,8.9,9.794200394382626,12.3,14.127617020500457,40.7,43.35149287935924,2.0,2.807056886713651
51,2018,1.1320038014163152,1.1982434340096326,1.1697873108323087,1.1423801532826996,1.099541083952566,1.1558572418382425,1.4450566023287588,4.708000381322715,1.2790093497764785,1.210852072660831,1.1021255748915253,1.1480938782883774,1.0657274623419444,1.045190651273126,1.4178990297308358,8321,146.6,120.7,38.9,1.7,0.5,10.4,7.2,8.4,12.5,40.6,1.9,1.7,0.5,2.2,0.4405597641714105,0.12234226589210932,0.060840725409355714,0.3762572445271245,64.58606142752878,73.11166705447022,17.935376179783226,21.49094674391802,8.919250345011548,10.4336258757312,55.15931204767645,63.01290335199288,120.7,132.7146088330747,38.9,44.96284670750763,1.7,2.45659622395889,0.5,2.3540001906613575,10.4,13.301697237675377,7.2,8.718134923157983,8.4,9.257854829088814,12.5,14.351173478604718,40.6,43.26853497108294,1.9,2.694008156488588
51,2019,1.1310285722635214,1.189395043401943,1.163645748606353,1.1342180252798997,1.0935633735860568,1.1529862895369776,1.4201748363774915,4.904899438727758,1.264907294073017,1.207663967130137,1.0987489383483544,1.1478754992079676,1.065473633981927,1.0174454490939646,1.4028677500712088,8351,142.7,122.6,33.4,1.9,0.4,13.2,9.4,9.0,11.6,46.0,1.8,1.9,0.4,2.3,0.4363098089344279,0.1244255809065182,0.0616744827727565,0.3775901273862973,62.26140973494285,70.41943335962652,17.755530395360147,21.1183398452139,8.800948691672351,10.241186528767177,53.88211117802462,61.114061738251095,122.6,134.07086960165057,33.4,38.50974207053505,1.9,2.6983321891172336,0.4,1.9619597754911031,13.2,16.696776281763825,9.4,11.352041291023289,9.0,9.88874044513519,11.6,13.315355790812424,46.0,49.01178716316865,1.8,2.525161950128176
51,2020,1.1256111838803906,1.1859132062596858,1.1595889297926103,1.1300616481023102,1.090829658427453,1.1485034434744956,1.3995821957871264,3.135480682091884,1.2509592024377243,1.191293415578113,1.096901005122728,1.1515487322197062,1.0639700358566235,1.0160457239174163,1.40251168774891,8371,146.9,119.6,28.0,1.9,0.4,14.5,9.2,9.9,10.0,45.8,1.7,1.9,0.4,2.3,0.4363182925217488,0.12093246995602122,0.06279463635686691,0.3799546011653631,64.0951571714449,72.1462257447498,17.764979836539517,21.067724197089248,9.22453208082375,10.696665283440012,55.81533091119184,63.07476483887728,119.6,130.4632271479234,28.0,32.158096417285876,1.9,2.65920617199554,0.4,1.2541922728367538,14.5,18.138908435347002,9.2,10.959899423318639,9.9,10.859319950715006,10.0,11.515487322197062,45.8,48.72982764223335,1.7,2.384269869173147
51,2021,1.1345699599564638,1.1865240183201289,1.1626045436561647,1.1314094806888295,1.0912841101412216,1.1482936718003365,1.3861253271250211,3.174498485021674,1.2580572164537416,1.1987856035183089,1.0970736500349825,1.1513968608146938,1.0667254603535965,1.0006916357570748,1.4092615907620984,8372,147.4,123.3,36.3,1.9,0.5,13.1,9.9,10.0,11.5,49.4,1.7,1.9,0.5,2.4,0.4323222927461038,0.12370040880963802,0.06294375080557661,0.3810335476386817,63.7243059507757,72.29968325082504,18.233440258540647,21.634414803363658,9.277908868741992,10.786539006427267,56.164344921941684,63.54487232136234,123.3,134.55533078041262,36.3,41.68306028635221,1.9,2.63363812153754,0.5,1.587249242510837,13.1,16.480549535544014,9.9,11.867977474831259,10.0,10.970736500349824,11.5,13.24106389936898,49.4,52.69623774146766,1.7,2.3957447042955673
51,2022,1.128764241737291,1.1779395719943917,1.1554940957151163,1.1236399128338794,1.0864873607897187,1.144084063900079,1.3767575239575918,2.7103881158133944,1.242959771684307,1.1904973678164126,1.0932133944263018,1.1500448196156754,1.06553756943254,1.001510214266586,1.3984150646685969,8374,134.3,121.6,38.3,1.9,0.5,12.6,9.8,9.8,11.9,44.6,1.6,1.9,0.5,2.4,0.4332480743408283,0.12325636093854513,0.06367118428865821,0.3798243804319684,58.18521638397324,65.67739165197575,16.55332927404661,19.4988216001527,8.5510400499668,9.88067628996013,51.010414292013365,57.31733746869798,121.6,132.1168630720298,38.3,43.81841964737303,1.9,2.6158392955194243,0.5,1.3551940579066972,12.6,15.661293123222269,9.8,11.666874204600845,9.8,10.713491265377758,11.9,13.685533353426537,44.6,47.52297559669128,1.6,2.237464103469755
51,2023,1.1413941946282788,1.1784277791721152,1.1595033003181003,1.12599713703584,1.087435017250426,1.1431962910283366,1.3791343443700554,3.0738686907902792,1.244002642015979,1.2030620678501374,1.0927735799940612,1.1472303094731136,1.069727506656533,1.0,1.4111070857404102,8368,126.1,119.6,42.5,2.6,0.5,12.4,10.1,11.4,12.8,46.6,1.5,2.6,0.5,3.1,0.4268656161940036,0.1286977192753392,0.0652851868375729,0.3791514776930843,53.82775420206385,61.43868615611362,16.228782400620275,19.12444800303046,8.23246206021794,9.54556692856625,47.811001337097935,53.83505062438899,119.6,130.05722806315094,42.5,48.585842368704306,2.6,3.5857492953621444,0.5,1.5369343453951396,12.4,15.425632760998141,10.1,12.150926885286387,11.4,12.457618811932297,12.8,14.684547961255854,46.6,49.84930181019444,1.5,2.1166606286106155
51,2024,1.1484916992030745,1.181825873056824,1.163870244091029,1.1295788032187786,1.089535440789953,1.1439296235484957,1.3752191832923248,3.0569482581432914,1.2428166651771717,1.2077898626008037,1.0940268809945166,1.1477875656254797,1.071957210326309,1.0004210106002671,1.4279475202976624,8364,117.9,109.3,40.11,2.72,0.65,11.9,9.8,9.7,12.3,47.9,1.3,2.72,0.65,3.37,0.4249194204003427,0.131049115897125,0.0650982864059163,0.378933177296616,50.097999665200405,57.53713676216107,15.45069076427104,18.26002610181563,7.675087967257533,8.932806505872144,44.67622160327103,50.46531293095983,109.3,119.08622367834185,40.11,45.88301720053016,2.72,3.740596178555124,0.65,1.9870163677931394,11.9,14.789518315608344,9.8,11.836340653487877,9.7,10.61206074564681,12.3,14.1177870571934,47.9,51.346750374630204,1.3,1.8563317763869611
52,2015,1.089593459282154,1.1841195293811275,1.1311142692217926,1.1234741932114425,1.0546885266029526,1.1176220420090237,1.664269226464316,5.128274104186586,1.2938108658248266,1.1672422236077684,1.092221028157296,1.2251863962360614,1.0571347271212963,1.0,1.3961834495822454,3708,135.8,90.9,29.8,1.2,0.3,5.1,2.2,4.4,5.3,27.8,1.1,1.2,0.3,1.5,0.6914916384326967,0.16893818236252933,0.08351587367328941,0.056054305531484605,93.90456449916022,102.31779927502411,22.941805164831486,27.16583953493378,11.341455644832703,12.828482313616316,7.61217469117561,8.552081819753079,90.9,95.8711870682084,29.8,33.30513685186891,1.2,1.997123071757179,0.3,1.5384822312559756,5.1,6.598435415706615,2.2,2.5679328919370907,4.4,4.805772523892102,5.3,6.493487900051125,27.8,29.388345413972036,1.1,1.53580179454047
52,2016,1.0951552421268804,1.19361483646664,1.1386847201454835,1.1321675957392217,1.0601553968331536,1.122153047470518,1.678513137515472,6.409152988331755,1.3026641170912632,1.1775706127950527,1.0958296383690866,1.2231452233047764,1.0588614391567437,1.0,1.4144556525147978,3758,129.5,89.2,28.0,1.2,0.3,5.4,2.4,4.3,5.5,31.4,1.0,1.2,0.3,1.5,0.6900077857821354,0.17055013535781374,0.08353875872533492,0.05590332013471592,89.35600825878653,97.85870086014289,22.08624252883688,26.36246676422018,10.818269254930872,12.318597899009449,7.239479957445711,8.196304617823595,89.2,94.56586139751731,28.0,31.4202853291745,1.2,2.0142157650185664,0.3,1.9227458964995263,5.4,7.034386232292822,2.4,2.8261694707081264,4.3,4.712067444987072,5.5,6.72729872817627,31.4,33.24824918952175,1.0,1.4144556525147978
52,2017,1.1150000708826946,1.2299330120751633,1.167743677679215,1.1692426689809217,1.0834874478921517,1.131630944604803,1.7125317060534495,8.72589602790842,1.3200342604175823,1.2032823319862247,1.108559180308115,1.2150719376583603,1.0654682380887777,1.1025043946064623,1.5031208402795937,3803,121.1,85.1,27.6,1.2,0.3,5.0,2.4,4.2,5.4,32.3,1.0,1.2,0.3,1.5,0.7030768849740715,0.15923445927473656,0.08217694037497333,0.05551171537621872,85.14261077036005,94.93401704408913,19.283293018170596,23.717158664566526,9.95162747940927,11.620950071698916,6.722468732060086,7.8601972824147275,85.1,92.2047818156221,27.6,31.233014071092562,1.2,2.0550380472641394,0.3,2.6177688083725257,5.0,6.600171302087912,2.4,2.887877596766939,4.2,4.655948557294083,5.4,6.561388463355146,32.3,34.414624090267516,1.0,1.5031208402795937
52,2018,1.0988803350027847,1.1989561807206572,1.1428246707051737,1.1347049161916076,1.0615932380274269,1.1296500583026885,1.6612997128569342,13.504987469208883,1.3167974272829983,1.1910205084571373,1.0982103534703551,1.220862481937592,1.059459705031326,1.0,1.4157419102013655,3822,111.3,75.2,29.1,1.0,0.2,4.6,2.2,3.4,4.4,33.2,0.8,1.0,0.2,1.2,0.7036721094381322,0.1545754426332686,0.085221404171459,0.0565310437571402,78.31870578046411,86.06288564502094,17.204246765082797,20.62713799363939,9.485142284283386,10.83985460762788,6.291905170169704,7.1394557288029565,75.2,79.8318114996625,29.1,32.87281669660824,1.0,1.6612997128569342,0.2,2.700997493841777,4.6,6.0572681655017915,2.2,2.6202451186057023,3.4,3.733915201799207,4.4,5.371794920525405,33.2,35.17406220704002,0.8,1.1325935281610924
52,2019,1.104459772290255,1.2079241909763347,1.1502554035429704,1.1431072759642686,1.066772744774931,1.1331905738513472,1.6266351475888092,14.720536666236764,1.3175435204698214,1.193928755625152,1.102260381265527,1.2232472582608307,1.060898412620787,1.0,1.4331209342676736,3848,108.9,73.6,26.0,1.0,0.2,5.6,2.8,3.7,4.6,35.1,0.7,1.0,0.2,1.2,0.7013042498431488,0.15616450157410414,0.08581682088232162,0.056714427700425604,76.3720328079189,84.34983796437798,17.00631422141994,20.54233834739802,9.345451794084825,10.749656424696417,6.176201176576349,7.060060502763501,73.6,78.51447401543491,26.0,29.46295492013503,1.0,1.6266351475888092,0.2,2.944107333247353,5.6,7.378243714630999,2.8,3.343000515750426,3.7,4.07836341068245,4.6,5.626937387999821,35.1,37.23753428298963,0.7,1.0031846539873714
52,2020,1.104013134018042,1.2069931303326726,1.1495833155006443,1.1419652409848862,1.0660396073624572,1.1294126860772142,1.574695166916307,7.429289544697739,1.301788348855262,1.1793154170955311,1.102042374267225,1.2295370478173742,1.0606865212597203,1.0064030452056558,1.4297900631501004,3858,119.3,79.4,22.3,1.0,0.2,6.6,3.0,4.8,5.1,34.1,0.8,1.0,0.2,1.2,0.6897714170802177,0.16687251771257341,0.08630479474966311,0.05705127045754581,82.28973005766997,90.84894277846689,19.907891363110007,24.028688114682925,10.29616201363481,11.836296064566094,6.806216565585215,7.772462740513845,79.4,84.64354482457911,22.3,25.185902899521878,1.0,1.574695166916307,0.2,1.4858579089395478,6.6,8.591803102444729,3.0,3.537946251286593,4.8,5.28980339648268,5.1,6.270638943868608,34.1,36.16941037495646,0.8,1.1438320505200803
52,2021,1.10329612354303,1.2018534930950917,1.1464715045555705,1.13929001833077,1.0644059891485864,1.1270873810768152,1.514890153245251,7.318704672114625,1.3023798265377748,1.1770083379571066,1.1000253154861777,1.227093490510928,1.0608849546359798,1.0,1.428149190901287,3852,132.8,88.9,28.2,1.1,0.2,6.9,3.5,4.8,6.4,41.9,0.9,1.1,0.2,1.3,0.6954119737759539,0.16247968933957152,0.08540483051338012,0.05670350637109441,92.35071011744668,101.890180479025,21.5773027442951,25.932756674801375,11.34176149217688,13.00300636224646,7.530225646081338,8.579110914358841,88.9,94.62569243530933,28.2,31.783864146366188,1.1,1.6663791685697762,0.2,1.463740934422925,6.9,8.986420803110647,3.5,4.119529182849873,4.8,5.280121514333652,6.4,7.8533983392699405,41.9,44.45107959924755,0.9,1.2853342718111582
52,2022,1.0893654457001996,1.1772986382159016,1.1269052815631648,1.1169760305910552,1.0504544298381164,1.117146827284014,1.489761674010808,5.437583464926114,1.273113129319718,1.160822720377665,1.0897055059929144,1.2242115140958538,1.0571552727620537,1.0,1.3812248051699016,3856,121.2,81.0,30.7,1.1,0.4,6.9,3.6,5.2,6.7,36.8,0.9,1.1,0.4,1.5,0.7009742750968629,0.15616848719519014,0.08550242020833242,0.05735481749961451,84.9580821417398,92.55039901817054,18.927620648057044,22.28346201362474,10.36289332924989,11.677999225007389,6.951403880953279,7.76455151398245,81.0,85.08680881688743,30.7,34.29640759761923,1.1,1.638737841411889,0.4,2.1750333859704454,6.9,8.784480592306055,3.6,4.178961793359594,5.2,5.666468631163155,6.7,8.202217144442221,36.8,38.903314037643575,0.9,1.2431023246529116
52,2023,1.0884632974402189,1.172824102240349,1.1243120283175403,1.1145310904835055,1.0489647617793003,1.1171809933592571,1.484477736389786,6.985713710714746,1.273930697811556,1.1671554900563226,1.087643515679808,1.216499933791725,1.0573361943279278,1.0,1.3825615756515592,3865,122.2,83.7,30.3,1.2,0.3,7.0,3.7,5.2,6.7,39.3,1.0,1.2,0.3,1.5,0.704197972199364,0.15137812843039222,0.08598335868921071,0.058440540681033014,86.05299220276228,93.66552364761608,18.49840729419393,21.69537792768932,10.507166431821549,11.813333602831259,7.141434071222235,7.959350303015378,83.7,87.79835056092745,30.3,33.85058409878549,1.2,1.7813732836677432,0.3,2.0957141132144237,7.0,8.917514884680893,3.7,4.318475313208394,5.2,5.655746281535002,6.7,8.150549556404558,39.3,41.55331243708756,1.0,1.3825615756515592
52,2024,1.0902693577504805,1.1766802734313573,1.1272072281146874,1.1184785022146528,1.051500444586582,1.1175819388545312,1.478588833468813,6.916668949504477,1.2707766433393817,1.1689876078680403,1.0886924519897094,1.2149749325008277,1.058107169268533,1.0,1.3919589275857382,3860,119.5,77.8,30.93,1.64,0.25,7.4,3.9,5.3,6.7,41.5,1.0,1.64,0.25,1.89,0.7106063882934026,0.1457768949885567,0.0855037669413423,0.0581129497766983,84.91746340106161,92.58290828407537,17.420338951132525,20.498169200285542,10.217700149490405,11.517465463214107,6.944497498315447,7.767271160549265,77.8,81.80673458883608,30.93,34.56680936877065,1.64,2.4248856868888535,0.25,1.7291672373761193,7.4,9.403747160711426,3.9,4.559051670685357,5.3,5.77006999554546,6.7,8.140332047755546,41.5,43.911447524644124,1.0,1.3919589275857382
53,2015,1.1338538206340305,1.217704489264131,1.181005167909607,1.1565441465712396,1.1045414937060238,1.1564574994119596,1.4472701651194226,2.8835371383839763,1.2815541660923226,1.1983986926016346,1.11005045395151,1.1693328735798485,1.0660890877368832,1.1073580935269156,1.4568485116825112,4663,134.5,98.5,25.9,1.6,0.4,7.4,3.7,5.0,5.5,26.8,1.3,1.6,0.4,2.0,0.3956493992771194,0.10942994820312493,0.07479707964372312,0.42012357287603264,53.21484420277256,60.33785441375836,14.718328033320303,17.92257412063624,10.06020721208076,11.881156707708877,56.50662055182639,65.35240124173691,98.5,108.79733713004335,25.9,29.952249234769752,1.6,2.3156322641910765,0.4,1.1534148553535906,7.4,9.483500829083187,3.7,4.434075162626048,5.0,5.55025226975755,5.5,6.431330804689167,26.8,28.57118755134847,1.3,1.8939030651872646
53,2016,1.1232990964573282,1.198937115726934,1.165058239548315,1.1379897074159648,1.0919672455610738,1.1509605108003087,1.4276192318387146,3.134288490540129,1.266383710810583,1.188501092149642,1.1028170840223277,1.1683129765311515,1.0633648643618354,1.0432856925851235,1.4170899551354887,4677,135.1,98.6,26.2,1.8,0.5,7.9,3.9,4.8,5.3,29.1,1.3,1.8,0.5,2.3,0.3959427649494507,0.11000145656529582,0.07478965924812891,0.4192661192371246,53.49186754467078,60.08736648074377,14.861196781971465,17.817640406027262,10.104082964422217,11.771845110779866,56.64285270893553,64.45898338144713,98.6,107.66797041232188,26.2,30.155165382968086,1.8,2.5697146173096863,0.5,1.5671442452700646,7.9,10.004431315403608,3.9,4.6351542593836035,4.8,5.293522003307173,5.3,6.192058775615103,29.1,30.943917552929413,1.3,1.8422169416761354
53,2017,1.12884857639936,1.2028230472454016,1.1680682027024738,1.145369869249392,1.096387878440206,1.1512540683405132,1.4295305436995072,3.843495589202869,1.2727300984182528,1.2021789091438708,1.1029725833425998,1.1618782418911484,1.0651848659343297,1.0565064388183234,1.442794610356671,4693,126.8,90.4,26.9,1.7,0.5,7.6,3.7,4.5,5.3,29.4,1.4,1.7,0.5,2.2,0.3194598046889648,0.1070237402657305,0.0731335017198597,0.500382953325445,40.50750323456074,45.72683735982636,13.570610265694627,16.32304279276254,9.27332801807821,10.831879591147109,63.448558481666424,72.67206713220868,90.4,99.11346421099462,26.9,30.968734438359803,1.7,2.430201924289162,0.5,1.9217477946014345,7.6,9.672748747978721,3.7,4.448061963832322,4.5,4.9633766250416995,5.3,6.157954682023086,29.4,31.316435058469292,1.4,2.019912454499339
53,2018,1.127109215590966,1.199667616774643,1.166458449181039,1.1413815997620216,1.0944527851585364,1.1525858601203989,1.4252951966090033,5.159217094227036,1.2734026148186428,1.2038628080219935,1.1022821731122303,1.1615793423013654,1.0647366470517827,1.0368177163747347,1.4391315954512232,4703,117.3,83.8,27.5,2.0,0.4,6.7,3.5,4.3,5.1,29.6,1.1,2.0,0.4,2.4,0.31684680285152317,0.10535942003299531,0.07295060173663902,0.5048431753788426,37.16612997448367,41.89028760209218,12.358659969870349,14.826284152582542,8.557105583707756,9.981508108650159,59.21810447193823,67.59045481705539,83.8,91.71514339628534,27.5,31.69611115331097,2.0,2.8505903932180066,0.4,2.0636868376908146,6.7,8.531797519284908,3.5,4.2135198280769774,4.3,4.73981334438259,5.1,5.924054645736963,29.6,31.51620475273277,1.1,1.5830447549963456
53,2019,1.1273188212361571,1.1938053524890746,1.1626537799244312,1.1360485980135375,1.090384540883644,1.150678090783649,1.3983307826001437,5.415102582362671,1.2604881561170358,1.2014040775569157,1.1001084894654167,1.161529884520944,1.0648372694815256,1.016656777720217,1.4340212088554194,4714,124.0,82.5,27.7,2.1,0.4,7.9,4.5,4.5,5.8,34.2,1.2,2.1,0.4,2.5,0.31661915609409425,0.10760096297961402,0.07377427589730821,0.5020056050289835,39.26077535566769,44.25941099476887,13.342519409472139,15.928371086717206,9.148010211266218,10.635968650915963,62.24869502359395,70.71754270972617,82.5,89.95672462290062,27.7,31.873783114707074,2.1,2.9364946434603016,0.4,2.1660410329450683,7.9,9.957856433324583,4.5,5.406318349006121,4.5,4.950488202594375,5.8,6.736873330221475,34.2,36.417434616268174,1.2,1.7208254506265033
53,2020,1.1228979440245832,1.190890339257178,1.159295155824133,1.1325501920262775,1.0880993354980315,1.1463033352191347,1.375335415936151,3.348896697000473,1.2460240491284222,1.185179844342163,1.098562209088702,1.165673412311402,1.0636048068209216,1.0147368681699402,1.4352425666230977,4722,139.1,90.0,24.7,1.7,0.3,9.6,4.8,5.4,6.2,38.2,1.4,1.7,0.3,2.0,0.31095557722910755,0.10405075062707293,0.07369337561231211,0.5113002965315074,43.253920792568856,48.56973872897774,14.473459412225845,17.236302989650632,10.250748547672615,11.883643134888128,71.12187124753268,80.54908893866133,90.0,97.92894019482283,24.7,28.313692379912627,1.7,2.3380702070914565,0.3,1.004669009100142,9.6,11.961830871632854,4.8,5.688863252842382,5.4,5.932235929078991,6.2,7.227175156330693,38.2,40.62970362055921,1.4,2.009339593272337
53,2021,1.1304237373151065,1.1906916464613044,1.161387634964809,1.1332737332837295,1.0881966635172484,1.1458592516348298,1.3590058606565054,3.388198882015117,1.2522702374799946,1.1914315639918172,1.098364919872037,1.1648370444420666,1.0660103333838116,1.0006202765990428,1.443522407168864,4690,141.0,96.8,30.8,1.9,0.4,10.2,5.2,6.0,7.2,42.1,1.4,1.9,0.4,2.3,0.2938056020482046,0.1052464896073587,0.0687142521437463,0.5322336562006904,41.42658988879685,46.829600566313935,14.839755034637577,17.669572355275047,9.688709552268227,11.252347472769749,75.04494552429735,85.04646557839456,96.8,105.33743702846964,30.8,35.29246495035276,1.9,2.5821111352473602,0.4,1.3552795528060468,10.2,12.773156422295944,5.2,6.19544413275745,6.0,6.590189519232222,7.2,8.38682671998288,42.1,44.87903503545847,1.4,2.0209313700364095
53,2022,1.1244833240426133,1.181560816579428,1.1539070865190169,1.124948103628827,1.083054778173452,1.141626519772526,1.3493297150974184,2.8536093335930537,1.2365282815995384,1.1827945196910232,1.0943444387878505,1.1636194384366862,1.0647257045838716,1.0013538578237269,1.4324977174752394,4693,135.8,97.4,33.4,2.0,0.4,10.0,5.5,6.2,6.6,40.9,1.5,2.0,0.4,2.4,0.2839422180123418,0.1030112126187873,0.068144584771008,0.5449019845978629,38.559353206076025,43.359349666101565,13.988922673631317,16.528762897322295,9.254034611902888,10.678296117567003,73.99768950838978,83.24356048537783,97.4,105.48953539409423,33.4,38.130325760402364,2.0,2.698659430194837,0.4,1.1414437334372216,10.0,12.365282815995384,5.5,6.505369858300628,6.2,6.784935520484673,6.6,7.679888293682128,40.9,43.54728131748035,1.5,2.148746576212859
53,2023,1.135599459918673,1.1822872832148688,1.157668184116355,1.127332556709983,1.084082204871846,1.1411277328567284,1.3509057855233395,3.284219736918604,1.237817543906197,1.1942776566242463,1.0940673860579957,1.1606446009425704,1.0684286374758745,1.0,1.4474996544558751,4673,125.8,108.8,35.4,2.3,0.5,11.2,6.3,7.8,8.0,45.7,1.3,2.3,0.5,2.8,0.2776776768681909,0.1048492537469483,0.0662849857304811,0.5511880836543797,34.93185175001841,39.66859198128006,13.190036121366095,15.594411971435905,8.338651204894521,9.653391198349896,69.33946092372096,78.16863176403031,108.8,117.94814389005683,35.4,40.395921743128184,2.3,3.1070833067036805,0.5,1.642109868459302,11.2,13.863556491749405,6.3,7.523949236732752,7.8,8.533725611252367,8.0,9.285156807540563,45.7,48.827188732647464,1.3,1.8817495507926378
53,2024,1.1418915056610432,1.1855407087708012,1.161687198923467,1.1307699366066266,1.0861086843910026,1.1417371648058632,1.3471716089590244,3.265026722194925,1.236319369893312,1.1983318535369207,1.0952141799045152,1.1609197521769448,1.0704355653880255,1.000377573051456,1.465839167890786,4655,118.2,106.3,34.36,3.0,0.56,11.2,6.1,6.0,7.7,44.5,1.2,3.0,0.56,3.56,0.2754975545879867,0.1058262294463231,0.0662750415622702,0.55240117440342,32.56381095230003,37.184339118383456,12.508660320555391,14.829526022204435,7.833709912660337,9.100320525617384,65.29381881448424,73.83228736165891,106.3,115.45335315076358,34.36,39.230088982729455,3.0,4.041514826877073,0.56,1.828414964429158,11.2,13.846776942805093,6.1,7.309824306575216,6.0,6.571285079427091,7.7,8.939082091762474,44.5,47.634382659767134,1.2,1.7590070014689432
54,2015,1.1462797526684678,1.21527366991513,1.1909954663227051,1.1611486066499113,1.1177432202583848,1.16719846085425,1.43365188618104,2.540723903225117,1.2936875392577718,1.2135422841899584,1.112197319400461,1.1412491627606174,1.0681759851053367,1.115318056467365,1.4213173412059357,330,276.9,24.7,6.7,26.4,5.8,0.9,0.5,3.1,21.4,6.1,3.2,26.4,5.8,32.199999999999996,0.27469921289165244,0.18666591296189683,0.050198687122474814,0.488436187023976,76.06421204969855,87.19086617525035,51.687791299149225,62.81481182192441,13.900016464213275,16.554856590688967,135.24798018693895,157.04300374627897,24.7,27.608257540382105,6.7,7.820229687723476,26.4,37.84840979517945,5.8,14.736198638705678,0.9,1.1643187853319947,0.5,0.6067711420949792,3.1,3.4478116901414295,21.4,24.42273208307721,6.1,6.515873509142554,3.2,4.548215491858994
54,2016,1.1328605201470745,1.1920387384835445,1.170852298291821,1.1377378323942902,1.1017325302418173,1.1600703076836296,1.4101941348957958,2.6305429903150075,1.2743819475864977,1.2001717071412588,1.103166136570862,1.140447001056644,1.0646673922064218,1.0464112314469955,1.374314230713273,340,283.3,27.4,9.3,21.8,9.6,0.9,0.4,2.9,20.4,6.8,3.5,21.8,9.6,31.4,0.2729765835403427,0.1824674994863966,0.0492032234577803,0.4953526935154804,77.3342661169791,87.60893693847322,51.693042604496156,61.62010929463972,13.939273205589158,16.320830069281666,140.3334180729356,159.66263889078343,27.4,30.18747132862579,9.3,10.788653861457757,21.8,30.74223214072835,9.6,25.253212707024073,0.9,1.1469437528278479,0.4,0.4800686828565035,2.9,3.1991817960555,20.4,23.26511882155554,6.8,7.239738267003668,3.5,4.810099807496456
54,2017,1.1339346490100743,1.1858992053780268,1.1655412034652086,1.1362227795705138,1.1004445404853829,1.1565384468959763,1.4054379893254585,3.0790318628577795,1.2767356978168387,1.2103536476421235,1.0989577334147904,1.1338868111171865,1.065142615102346,1.0417353783444208,1.3756470469342907,349,284.5,32.1,7.6,13.9,7.9,1.4,0.7,3.7,22.5,10.1,1.1,13.9,7.9,21.8,0.2859164487002193,0.1665443098935807,0.0540865779762961,0.4934526634299039,81.3432296552124,92.23790656842914,47.381856164723715,56.190105575081816,15.38763143425624,17.93491846036209,140.38728274580765,159.5112286177932,32.1,35.32426974958079,7.6,8.789692196409419,13.9,19.535588051623872,7.9,24.32435171657646,1.4,1.787429976943574,0.7,0.8472475533494864,3.7,4.066143613634725,22.5,25.512453250136694,10.1,10.757940412533694,1.1,1.51321175162772
54,2018,1.1370939821121069,1.1926872421237156,1.1721145525273946,1.1422482770729163,1.1050987195674324,1.1597509159727806,1.4147254995814258,3.8538619288995113,1.280102999504729,1.2166416494906875,1.1020118262357548,1.1331006922339273,1.0664336979484283,1.044369514346979,1.4015514326424354,354,208.9,42.7,6.7,17.9,4.5,1.5,0.5,3.6,14.3,6.0,4.3,17.9,4.5,22.4,0.2811897594787254,0.1537316982156292,0.0503365154177046,0.5147420268879408,58.740540755105734,66.79351539864169,32.11455175724494,38.30261616738779,10.51529807075849,12.325133892899263,107.52960941689084,122.8255110907672,42.7,47.18771532552937,6.7,7.77033113701763,17.9,25.32358644250752,4.5,17.3423786800478,1.5,1.9201544992570936,0.5,0.6083208247453438,3.6,3.967242574448717,14.3,16.20333989894516,6.0,6.39860218769057,4.3,6.026671160362472
54,2019,1.1357883389356107,1.1824113694691074,1.1648705888545368,1.1327052542157128,1.0981060243189444,1.1561720947526408,1.3911421079766504,3.959159488120304,1.2645281881982064,1.2133037304034875,1.097946848517891,1.1325238509453908,1.0661152815917068,1.0171242755704175,1.3842342627920898,361,187.6,52.4,5.7,17.5,3.7,1.7,0.6,3.2,11.6,8.8,5.2,17.5,3.7,21.2,0.27565513731896335,0.15407982542896523,0.04966305120326012,0.5206019860488114,51.71290376103752,58.734913064285905,28.905375250473877,34.17804433493126,9.316788405731598,10.852852796417688,97.664932582757,110.62558228911222,52.4,57.540755674312685,5.7,6.590180940090053,17.5,24.344986889591382,3.7,14.648890106045124,1.7,2.149697919936951,0.6,0.7279822382420925,3.2,3.5134299152572512,11.6,13.137276670966532,8.8,9.381814478007021,5.2,7.198018166518867
54,2020,1.129820646216689,1.1786454722560362,1.160521101139675,1.1283414214334038,1.0952647475439852,1.151859487409835,1.3721593214383714,2.7114756162061013,1.2505880278128854,1.1964939864975062,1.0960047169605351,1.1359645369309002,1.0644412140561554,1.0160746070626656,1.3842332551465315,366,193.6,55.7,6.7,17.4,5.5,1.2,0.4,2.4,8.5,11.2,4.0,17.4,5.5,22.9,0.2755770754301331,0.1443168757709907,0.0500412095363462,0.5300648392625299,53.35172180327377,60.27787680454779,27.9397471492638,32.93105647345827,9.687978166236624,11.243103089298057,102.62055288122579,115.79102050628408,55.7,61.00624643819998,6.7,7.717458565645894,17.4,23.87557219302766,5.5,14.913115889133557,1.2,1.5007056333754625,0.4,0.4785975945990025,2.4,2.630411320705284,8.5,9.655698563912651,11.2,11.921741597428941,4.0,5.536933020586126
54,2021,1.1396367965492615,1.1793256081937054,1.1637505867021796,1.1296947642954638,1.0955332021071238,1.1512041361364933,1.3625922638929058,2.761205453919131,1.257380243524221,1.2050747998259324,1.0961126619960528,1.1357161277248904,1.067466460366454,1.000629470550074,1.3908860289441969,366,161.0,52.2,6.2,21.9,6.6,1.2,0.5,2.7,9.3,11.6,3.5,21.9,6.6,28.5,0.26809316464441063,0.15800323920822712,0.050304068180711106,0.5235995279666512,43.162999507750115,49.1901424884697,25.438521512524567,30.000299854306693,8.098954977094488,9.425163606268248,84.29952400263085,95.23273089837184,52.2,57.18683314999186,6.2,7.137465644046259,21.9,29.840770579254634,6.6,18.223955995866262,1.2,1.5088562922290651,0.5,0.6025373999129662,2.7,2.959504187389343,9.3,10.562159987841481,11.6,12.382610940250867,3.5,4.868101101304689
54,2022,1.1344071115779326,1.1726149295698864,1.1579671186369278,1.1235467552220495,1.0918521566597352,1.1477521411558949,1.3536840113941693,2.4304666525769494,1.243755970842458,1.1971378345097703,1.0930552837315877,1.1347652972928457,1.066445640275824,1.0015391125856976,1.384011799211359,364,176.0,58.2,6.8,23.0,6.6,1.0,0.5,3.3,9.6,12.3,3.5,23.0,6.6,29.6,0.26627888623747975,0.14881478766938733,0.04935690674014281,0.5355494193529902,46.86508397779644,53.164084549109305,26.19140262981217,30.712429750093737,8.686815586265134,10.059046814557792,94.25669780612627,105.90180697801844,58.2,63.545795517596595,6.8,7.804714559860085,23.0,31.134732262065892,6.6,16.041079907007866,1.0,1.243755970842458,0.5,0.5985689172548851,3.3,3.607082436314239,9.6,10.893746854011319,12.3,13.117281375392636,3.5,4.844041297239756
54,2023,1.1485995427067053,1.1730092197574349,1.1623274560923853,1.125976874782011,1.092595611374214,1.1464435958508938,1.355935690312627,2.682397499098175,1.2444716367738526,1.2107046644012278,1.0925726657770056,1.132360207158975,1.0710540433665097,0.9999999999999998,1.3963787856563352,365,168.7,64.1,7.1,25.8,6.7,1.2,0.6,3.0,7.6,13.1,2.3,25.8,6.7,32.5,0.25409237912621846,0.15380163265270272,0.049475362714486104,0.5426306255065928,42.865384358593055,49.23516087222714,25.946335428510945,30.435290676562314,8.346493689933805,9.701358777911906,91.5417865229622,103.07393470108698,64.1,70.03537868908711,7.1,8.139749530541346,25.8,34.98314081006578,6.7,17.972063243957773,1.2,1.4933659641286232,0.6,0.7264227986407367,3.0,3.277717997331017,7.6,8.605937574408209,13.1,14.030807968101277,2.3,3.2116712070095708
54,2024,1.1561878540976644,1.17624091812513,1.1667667806713262,1.129486552846121,1.0945900674523872,1.1470720315019076,1.3521168930802197,2.6735922275699417,1.2435771281841408,1.2157902915357908,1.0938154570127274,1.133029218874092,1.073396692488145,1.0003831695678345,1.4132489175444338,370,124.0,57.8,6.56,25.88,5.12,1.0,0.7,3.2,10.5,15.8,1.7,25.88,5.12,31.0,0.25013113082308785,0.14991440823195912,0.049699039782040315,0.5502554211629127,31.016260222062893,35.86062334828165,18.58938662076293,21.8655971861892,6.162680932972999,7.190411392469471,68.23167222420118,77.06675625543942,57.8,63.26730589874798,6.56,7.524792526652513,25.88,34.99278519291608,5.12,13.688792205158101,1.0,1.2435771281841408,0.7,0.8510532040750535,3.2,3.500209462440728,10.5,11.896806798177966,15.8,16.959667741312693,1.7,2.4025231598255377
61,2015,1.1453224265488753,1.2136976316021777,1.1898038099418304,1.1579985087172762,1.1168416386353135,1.1660687976586908,1.4640255700628595,2.4395559245192304,1.2883739819033675,1.2111009773642336,1.1098783650457875,1.1324989831767815,1.0683044597956228,1.1177119094878656,1.399959558175493,3846,132.7,77.6,10.4,0.6,1.0,2.3,2.1,7.6,12.6,40.1,0.9,0.6,1.0,1.6,0.22035760877975302,0.32484832533656854,0.05686962669092771,0.39792443919275083,29.241454685073222,33.49089383572704,43.10737277216264,52.319316238165996,7.546599461886107,8.978972791857057,52.80457308087803,61.14761688110918,77.6,86.66691115810032,10.4,12.127115495650385,0.6,0.8784153420377157,1.0,2.4395559245192304,2.3,2.963260158377745,2.1,2.543312052464891,7.6,8.435075574347985,12.6,14.269487188027448,40.1,42.83900883780448,0.9,1.2599636023579437
61,2016,1.133070727502082,1.1923107820027672,1.1713928981877608,1.1364840633294382,1.1021146116729676,1.1596557879255494,1.4376397792743338,2.4869403038958096,1.269850653193323,1.1985915006584966,1.1016776490302675,1.132205616195426,1.065115922641528,1.0548676780271435,1.357822524955891,3874,131.1,81.9,10.0,0.6,1.2,2.8,2.2,7.0,13.4,44.9,0.9,0.6,1.2,1.7999999999999998,0.21968811531125143,0.31844357997866285,0.05819189220612301,0.40367641250396274,28.80111191730506,32.63369683300973,41.747953335202695,49.77653488811056,7.628957068222726,8.936506130295422,52.92197767926951,60.14498423236604,81.9,90.26318669601606,10.0,11.596557879255494,0.6,0.8625838675646003,1.2,2.984328364674971,2.8,3.5555818289413037,2.2,2.6369013014486926,7.0,7.711743543211873,13.4,15.171555257018708,44.9,47.82370492660461,0.9,1.222040272460302
61,2017,1.1308405195135631,1.1801142469468613,1.1611883313098903,1.1300062712539112,1.0976924442603972,1.153833988393159,1.4310742541893822,2.834603934039096,1.269839570919387,1.2065658050200807,1.0949957836914337,1.1250174694653805,1.0646977954170882,1.035349742744416,1.3543091350390268,3904,132.4,86.1,10.2,0.7,1.2,2.7,2.5,8.0,14.6,51.4,1.0,0.7,1.2,1.9,0.23349448879755355,0.29230705447727084,0.05758175849529131,0.41661669822988423,30.91467031679609,34.95956184163622,38.70145401279066,45.672137258053034,7.62382482477657,8.852696426481222,55.160050845636675,62.33120337825405,86.1,94.5113194508202,10.2,11.769106681610221,0.7,1.0017519779325674,1.2,3.401524720846915,2.7,3.428566841482345,2.5,3.0164145125502015,8.0,8.75996626953147,14.6,16.425255054194555,51.4,54.72546668443833,1.0,1.3543091350390268
61,2018,1.1366427360552842,1.1928751929545376,1.172560855512405,1.142018821282297,1.106296500806575,1.1584112689813322,1.4560090262578065,3.448695016975571,1.2758070615689117,1.2159485414351894,1.100160402757512,1.123462516566972,1.06690348366148,1.0605494786635576,1.3969890202830475,3931,131.7,83.5,11.8,1.0,1.1,2.9,2.8,7.8,13.8,46.6,1.0,1.0,1.1,2.1,0.23354525788082278,0.28199928822622733,0.05740060060692592,0.42705485328602405,30.75791046290436,34.960755503899065,37.13930625939414,44.30255712037245,7.559659099932143,8.864160341598572,56.24312417776936,64.23070637873002,83.5,92.37575781734901,11.8,13.66925297397972,1.0,1.4560090262578065,1.1,3.7935645186731284,2.9,3.6998404785498438,2.8,3.40465591601853,7.8,8.581251141508593,13.8,15.503782728624214,46.6,49.71770233862497,1.0,1.3969890202830475
61,2019,1.1335934177217672,1.1791972170421985,1.1625547651024415,1.1290797599074205,1.0971010880523155,1.154079555092513,1.4328064996961154,3.490302315692768,1.2590957071548892,1.2110144435107328,1.0948257339724412,1.1231533208220912,1.066000696957795,1.0182443404930794,1.368618758315028,3944,132.2,89.3,10.9,1.2,1.4,3.5,3.3,8.9,14.5,51.5,1.0,1.2,1.4,2.5999999999999996,0.22805886416565602,0.27246960537456655,0.057550333323805505,0.44192119713597194,30.14938184269972,34.17714080526457,36.020481830517696,42.47525193106554,7.608154065407087,8.844895762372522,58.42198226137548,65.9630777049894,89.3,97.97112716307177,10.9,12.57946715050839,1.2,1.7193677996353385,1.4,4.886423241969875,3.5,4.406834975042112,3.3,3.9963476635854183,8.9,9.743949032354728,14.5,16.285723151920322,51.5,54.89903589332645,1.0,1.368618758315028
61,2020,1.1263147974339818,1.1742008171489264,1.156870424564474,1.1233515360678503,1.0932783697760642,1.1489965017545198,1.4189810751824268,2.525814728629732,1.2458072699962612,1.1941072344929624,1.0921795847768152,1.1258957617053913,1.0640255849849136,1.01553275848534,1.3660393093361345,3955,142.3,90.0,10.5,1.2,1.3,4.0,3.1,10.3,14.7,50.4,1.0,1.2,1.3,2.5,0.2272137523891089,0.2798046124102049,0.0575883413589524,0.4353932938417337,32.332516964970196,36.41659229593119,39.81619634597216,46.75221028520261,8.194820975378926,9.480346021016476,61.95646571367871,69.59889092879608,90.0,98.39505327984578,10.5,12.064463268422458,1.2,1.702777290218912,1.3,3.283559147218652,4.0,4.983229079985045,3.1,3.7017324269281837,10.3,11.249449723201197,14.7,16.55066769706925,50.4,53.626889483239644,1.0,1.3660393093361345
61,2021,1.137884805011958,1.1769381169202702,1.1620236156398915,1.126252034843698,1.0947131437433206,1.149958021341323,1.4144005160780555,2.580612072126802,1.2553056487680214,1.2037832422605628,1.093402463886581,1.1271868610421574,1.0673536272160349,1.0006895971454526,1.3732519364539495,3954,153.5,100.9,14.5,1.2,1.2,4.1,3.2,11.4,15.4,55.7,0.9,1.2,1.2,2.4,0.21941593870433365,0.29012450155340147,0.05848845100573991,0.431971108736525,33.68034659111522,38.32435461356631,44.534110988447125,52.413892725461274,8.977977229381077,10.432621561218015,66.30756519105658,74.67903022195863,100.9,110.45655620370106,14.5,16.674391309449184,1.2,1.6972806192936665,1.2,3.0967344865521627,4.1,5.146753159948887,3.2,3.852106375233801,11.4,12.464788088307023,15.4,17.358677660049224,55.7,59.45159703593315,0.9,1.2359267428085545
61,2022,1.132595158295385,1.1696756724545314,1.1558463715653615,1.119875180421551,1.0907296930187906,1.1457946894963709,1.4063817015219238,2.3153868302318976,1.2416957419973809,1.1963023176865557,1.0899064037859574,1.1254498390043663,1.0664413722445594,1.001511670606812,1.3651139708474738,3956,148.2,99.1,15.8,1.3,1.2,4.1,3.4,12.3,14.7,52.8,1.0,1.3,1.2,2.5,0.2176550678966167,0.2886075637288978,0.0595529424414749,0.4341844259330105,32.256481062278596,36.53353427478351,42.771640944622646,50.028947883885266,8.82574606982658,10.201206571166303,64.34613192327215,72.05963609700332,99.1,108.09131257816215,15.8,18.10355609404266,1.3,1.828296211978501,1.2,2.7784641962782772,4.1,5.090952542189261,3.4,4.067427880134289,12.3,13.405848766567276,14.7,16.544112633364186,52.8,56.30810445451273,1.0,1.3651139708474738
61,2023,1.1475331381847012,1.1703232027624573,1.1605627418020472,1.122621535175067,1.0919037317824942,1.1443744592163905,1.410444850230412,2.4963696793134607,1.242278633010494,1.2099361590897764,1.0894260604460295,1.123171213100624,1.071396597761502,1.0,1.3762994681157614,3952,145.8,106.4,18.6,1.4,1.4,4.5,3.7,12.8,13.7,55.3,1.0,1.4,1.4,2.8,0.20571747364395135,0.28314501284693944,0.06033643707315911,0.45080107643595013,29.99360765728811,34.418658720448505,41.28254287308377,48.31391779340585,8.797052525266599,10.209531398500028,65.72679694436154,73.78631768781905,106.4,116.17855706165739,18.6,21.285364941424863,1.4,1.9746227903225768,1.4,3.494917551038845,4.5,5.590253848547223,3.7,4.476763788632173,12.8,13.944653573709179,13.7,15.387445619478548,55.3,59.24823185621106,1.0,1.3762994681157614
61,2024,1.1558494217763848,1.174080949032955,1.1655533462398402,1.1264383541517382,1.094146613867567,1.1455462771676097,1.4065152607880778,2.489675864787432,1.2418472421792528,1.2155298563089625,1.0909538113196031,1.1243936420380911,1.073941083492128,1.0004197696622534,1.393039589072149,3953,137.7,98.2,16.05,1.79,1.52,4.3,3.5,12.4,13.7,57.2,1.0,1.79,1.52,3.31,0.20052828239614665,0.2854738108844356,0.060269322674133714,0.4537285840452842,27.612744485949392,31.916174747743664,39.30974375878677,46.15282125855865,8.299085732228212,9.673027145929908,62.47842602303563,70.37809537937939,98.2,107.44519748179509,16.05,18.386017748540137,1.79,2.517662316810659,1.52,3.7843073144768966,4.3,5.339943141370787,3.5,4.254354497081369,12.4,13.527827260363079,13.7,15.404192895921847,57.2,61.42942997574972,1.0,1.393039589072149
62,2015,1.1472766308679447,1.2133314886101343,1.1912702792427603,1.1599995785275403,1.118479229629208,1.1680433569026796,1.4475121675468494,2.504273796887389,1.2944292218649032,1.214677941830115,1.1114402972878952,1.134467944519338,1.068397337222421,1.1132959606269552,1.4060376977348688,2523,159.9,73.8,12.6,1.4,2.4,4.0,2.0,7.6,13.4,49.0,1.7,1.4,2.4,3.8,0.2559507237937553,0.2003422368849501,0.0547307321203898,0.4889763072009048,40.92652073462147,46.9540408215636,32.03472367790352,38.868738967324994,8.751444066050329,10.425335216341173,78.18731152142468,90.69724841105412,73.8,82.54376714663556,12.6,14.717346296973762,1.4,2.026517034565589,2.4,6.010257112529733,4.0,5.177716887459613,2.0,2.42935588366023,7.6,8.446946259388003,13.4,15.20187045655913,49.0,52.35146952389862,1.7,2.3902640861492768
62,2016,1.134320696901897,1.190877878912776,1.1717804168409136,1.1373265174333331,1.102938815890389,1.1611753470302928,1.423267119061778,2.577553997193913,1.2753961320973115,1.201694622847286,1.1027273615165385,1.1338702352327903,1.065026445329722,1.0486083455544588,1.3614051829052165,2520,157.4,79.4,11.9,1.4,2.8,4.2,2.1,7.1,13.8,56.0,1.8,1.4,2.8,4.199999999999999,0.25437954827606596,0.19700844776026097,0.053968727189045815,0.4946432767746272,40.03934089865278,45.41745307165245,31.00912967746508,36.92808657723083,8.494677659555812,9.953896928843506,77.85685176432632,88.54866207544451,79.4,87.5733419816969,11.9,13.817986629660485,1.4,1.9925739666864892,2.8,7.217151192142956,4.2,5.356663754808708,2.1,2.523558707979301,7.1,7.829364266767423,13.8,15.647409246212506,56.0,59.64148093846443,1.8,2.45052932922939
62,2017,1.1339831307355657,1.181757194308099,1.1640608152701877,1.1333600728236852,1.1001003298088223,1.1565161002488964,1.418191296075379,2.988636421656452,1.2767755474386835,1.21107009167603,1.0972546345657317,1.1269699833217035,1.0650906843817574,1.037921243144737,1.357556322847107,2522,151.0,75.0,11.4,1.4,2.4,4.4,2.2,7.3,13.9,54.9,1.9,1.4,2.4,3.8,0.26583223256626776,0.19758510503075852,0.052165330585043905,0.48441733181792984,40.14066711750643,45.51883936772412,29.835350859644535,35.25814052309125,7.8769649183416295,9.169266204699424,73.14701710450741,82.90190863239987,75.0,82.50752473566168,11.4,13.18428354283742,1.4,1.9854678145055307,2.4,7.172727411975485,4.4,5.617812408730208,2.2,2.6643542016872663,7.3,8.009958832329842,13.9,15.66488276817168,54.9,58.47347857255848,1.9,2.579357013409503
62,2018,1.138550832924865,1.1917040448383835,1.1732324817420736,1.142535483563651,1.1068418191199172,1.160457166618603,1.4342823291236593,3.6980344767104585,1.2813313165976754,1.2188301795754013,1.1014853245015177,1.1259730305680704,1.0668753961101378,1.0501978632344986,1.3929116082368274,2515,151.8,79.9,14.3,1.2,2.4,4.8,2.4,8.7,13.6,75.6,1.9,1.2,2.4,3.5999999999999996,0.26458463174403346,0.19780608420425255,0.053174040627609116,0.484435243424105,40.16394709874428,45.72869542282552,30.02696358220554,35.78325395512918,8.071819367271065,9.470120668437165,73.53726995177914,84.01894028430672,79.9,88.4366613476814,14.3,16.594537482646025,1.2,1.7211387949483912,2.4,8.8752827441051,4.8,6.150390319668841,2.4,2.925192430980963,8.7,9.582922323163203,13.6,15.313233215725758,75.6,80.65577994592641,1.9,2.646532055649972
62,2019,1.1366556444507845,1.1799460956607055,1.1648157320991392,1.1315270338699197,1.0988850031737534,1.156529522314233,1.4112475769924078,3.779513382173727,1.2653963631693133,1.2150538113999123,1.0968496442212254,1.1254874378002542,1.0663449960362943,1.0170696818710432,1.3704269071642905,2509,158.0,83.4,13.6,1.5,2.2,5.6,3.1,8.1,15.9,60.5,1.7,1.5,2.2,3.7,0.2588225614111683,0.1987091680372748,0.0539300426660577,0.4885382278854992,40.89396470296459,46.482355803595844,31.39604854988942,37.04564490561598,8.520946741237116,9.925332816571887,77.18904000590888,87.34148548515265,83.4,91.64700926469104,13.6,15.728801503473568,1.5,2.1168713654886115,2.2,8.3149294407822,5.6,7.086219633748153,3.1,3.7666668153397285,8.1,8.884482118191926,15.9,17.895250261024042,60.5,64.51387226019581,1.7,2.329725742179294
62,2020,1.129717671942363,1.175532152148218,1.1596908849994731,1.1264298451322698,1.09552117724448,1.1518819318306142,1.3939827726392031,2.6424335435970527,1.2516916291454356,1.1978968848938192,1.0945676251193612,1.1285953338840615,1.0644364323457174,1.0156130230461504,1.3692683676108572,2501,159.0,82.5,11.9,1.6,1.8,6.3,2.8,9.3,15.7,59.8,1.7,1.6,1.8,3.4000000000000004,0.2594576993831595,0.1849819557706717,0.0547930309995221,0.5007673138466466,41.25377420192236,46.60511775023164,29.4121309675368,34.57490561553379,8.712091928924014,10.103333599250657,79.62200290161681,89.68860039758937,82.5,90.3804971226696,11.9,13.707394988784309,1.6,2.230372436222725,1.8,4.756380378474695,6.3,7.8856572636162445,2.8,3.3541112777026934,9.3,10.17947891361006,15.7,17.718946741979764,59.8,63.6532986542739,1.7,2.327756224938457
62,2021,1.140616499077577,1.1771452250797363,1.1638941408637855,1.1285669128316431,1.09636261930314,1.151881778382332,1.386394128722622,2.6944750596835148,1.259631108548476,1.207301020232071,1.0951622615182894,1.128974277250462,1.067674768950517,1.0006364800108445,1.3758330691941731,2490,165.3,93.3,16.8,1.6,1.8,6.5,2.8,10.4,17.4,63.9,1.8,1.6,1.8,3.4000000000000004,0.24962391737307102,0.19070714206445402,0.05490069978198571,0.5047682407804893,41.26283354176864,47.06506873643296,31.523890583254254,37.108197276013804,9.075085673962239,10.562439043761527,83.43819020101489,94.16558072741883,93.3,102.29063238098296,16.8,19.35161387682318,1.6,2.218230605956195,1.8,4.850055107430327,6.5,8.187602205565094,2.8,3.380442856649799,10.4,11.389687519790211,17.4,19.644152424158037,63.9,68.22441773593803,1.8,2.476499524549512
62,2022,1.1351616235303217,1.1701246439147244,1.15782171326203,1.1222277487387582,1.092492830145391,1.1480909583191412,1.3774247894491445,2.387495587280813,1.245931238396915,1.19936326305357,1.0918937050009232,1.12772747434648,1.0666503839338477,1.0015014494846235,1.3681341158464675,2492,152.5,86.5,17.6,1.6,2.3,5.7,2.8,10.3,14.7,51.7,1.6,1.6,2.3,3.9,0.24830156255910396,0.19572636233260657,0.055164527706280414,0.5008075474020091,37.86598829026335,42.9840167441555,29.8482702557225,34.92619660444775,8.412590475207763,9.740279916976888,76.37315097880638,85.70806928703117,86.5,94.50062980757632,17.6,20.206400866416885,1.6,2.2038796631186313,2.3,5.491239850745869,5.7,7.1018080588624155,2.8,3.358217136549996,10.3,11.246505161509509,14.7,16.577593872893257,51.7,55.14582484937993,1.6,2.189014585354348
62,2023,1.1499645880452172,1.1703749051589225,1.1622481887317213,1.1246350138920276,1.093300572087451,1.1466326185073727,1.3800905557882297,2.6102580717727566,1.2464465931141402,1.2132417431644409,1.0913137976210294,1.1253670548995582,1.0714910718688504,1.0,1.3792948115632233,2465,138.0,87.3,17.9,2.0,2.4,5.2,3.0,9.5,11.6,56.5,1.3,2.0,2.4,4.4,0.23457251285761901,0.20104021806760272,0.05573508633405181,0.5086521827407265,32.37100677435142,37.22551146987597,27.743550093329176,32.47035480925195,7.6914419140991495,8.93936443339698,70.19400121822027,78.94263153519015,87.3,95.44513994323447,17.9,20.52472387128197,2.0,2.7601811115764594,2.4,6.264619372254615,5.2,6.481522284193529,3.0,3.6397252294933224,9.5,10.367481077399779,11.6,13.054257836834875,56.5,60.53924556059005,1.3,1.7930832550321905
62,2024,1.1578998580756423,1.1737615370443708,1.1668879378512016,1.128241575845962,1.0953746830443898,1.1474696291776223,1.376125411028886,2.6042317673912003,1.2457777104075398,1.218653641772872,1.0926525225383272,1.1262395084644956,1.0739311300071548,1.0003874363473586,1.3956873768500884,2458,131.4,78.2,15.85,2.47,2.33,5.3,2.9,9.6,12.1,56.4,1.3,2.47,2.33,4.800000000000001,0.22982698619477634,0.20209229944423865,0.056109942519653615,0.5119707718413314,30.199265985993613,34.96772579917058,26.55492814697296,31.169153277893805,7.372846447082486,8.60328558672964,67.27295941995095,75.90014974778691,78.2,85.65830021407129,15.85,18.18739362246531,2.47,3.399029765241349,2.33,6.067860018021497,5.3,6.602621865159961,2.9,3.5340955611413287,9.6,10.48946421636794,12.1,13.627498052420396,56.4,60.56971573240353,1.3,1.814393589905115
63,2015,1.1475526376429916,1.2132060960026745,1.1914759254606448,1.1603333704564778,1.1188392968985357,1.168314229225594,1.443787482577976,2.507454354059208,1.2952474764029729,1.2152469656743443,1.111648870500071,1.1345572870729324,1.0684090753633424,1.1131728200019284,1.4069720265785668,577,117.6,62.7,10.3,4.5,6.9,3.2,2.1,4.3,17.4,27.9,1.3,4.5,6.9,11.4,0.6495847122633863,0.23086271492621263,0.054182499883943705,0.06537007292645741,76.39116216217423,87.66287963181654,27.149455275322605,32.937884643173355,6.37186198635178,7.5919201570959896,7.687520576151392,8.920086660579269,62.7,70.1512239155382,10.3,12.033636561023618,4.5,6.497043671600892,6.9,17.301435043008535,3.2,4.144791924489513,2.1,2.552018627916123,4.3,4.780090143150305,17.4,19.741296795069022,27.9,29.80861320263725,1.3,1.829063634552137
63,2016,1.134402769533684,1.1904620831413868,1.171705056279618,1.1373389131398068,1.1030749683806509,1.1613369539024685,1.419806732486496,2.5817344742832424,1.276039724612121,1.202079926436351,1.1028074118105018,1.133911958652149,1.0649821416977292,1.047623317931335,1.361683160146765,582,123.8,65.3,12.3,5.0,8.0,3.2,2.0,4.6,18.2,30.9,1.3,5.0,8.0,13.0,0.6536038877391847,0.2251769742399239,0.0556296834087413,0.0655894546121501,80.91616130211106,91.7915174811491,27.876909410902577,33.18640364884681,6.886954806002173,8.069479768561962,8.119974480984181,9.235162950925517,65.3,72.0307954352565,12.3,14.284444533000363,5.0,7.09903366243248,8.0,20.65387579426594,3.2,4.083327118758787,2.0,2.404159852872702,4.6,5.072914094328308,18.2,20.63719764746911,30.9,32.90794817845983,1.3,1.7701881081907944
63,2017,1.1343061579677332,1.181755252306539,1.164310675429983,1.1336998897781705,1.1004398939353586,1.1568175362558475,1.4147654689791118,2.9979646903064894,1.2775652017971295,1.2116016927071214,1.0974905447076235,1.1270698275413815,1.0651116287182183,1.038218962946336,1.357911273568305,586,116.8,61.8,11.4,5.3,7.1,3.5,2.0,4.8,17.9,30.0,1.3,5.3,7.1,12.399999999999999,0.6286567420521186,0.26346752065758094,0.045743515965605504,0.06213222132469501,73.42710747168745,83.28882016689363,30.773006412805454,36.36616195759566,5.342842664782722,6.220728751749301,7.257043450724376,8.22730936020162,61.8,68.00718544520515,11.4,13.187719913316661,5.3,7.498256985589292,7.1,21.285549301176072,3.5,4.471478206289953,2.0,2.4232033854142427,4.8,5.267954614596593,17.9,20.174549912990727,30.0,31.953348861546548,1.3,1.7652846556387964
63,2018,1.1386891912111583,1.1912806538940368,1.173139870271236,1.1424485094118957,1.106900064362574,1.160646366415919,1.42949201277117,3.7127905904303447,1.2818878417257542,1.2191233740242915,1.101576591726377,1.1261490778080272,1.0668348873820714,1.048597693935012,1.3920960719067172,587,113.2,52.3,9.8,9.4,6.6,2.9,1.7,3.7,17.6,24.8,1.4,9.4,6.6,16.0,0.6282739826304872,0.2636878781087554,0.0459121964060294,0.062125942854728,71.12061483377114,80.98427538350717,29.84946780191111,35.55909352144967,5.197260633162529,6.09711366495409,7.0326567311552095,8.034448199713804,52.3,57.890873366162616,9.8,11.374334390876006,9.4,13.437224920049,6.6,24.504417896840273,2.9,3.717474741004687,1.7,2.0725097358412956,3.7,4.075833389387594,17.6,19.82022376942128,24.8,26.45750520707537,1.4,1.948934500669404
63,2019,1.1369372063461096,1.1797963372884013,1.1649435371888084,1.1317110155556742,1.099112070823013,1.156757996804716,1.406487678263176,3.797860462790618,1.2660032491216586,1.215490307193866,1.0970352611134393,1.1256213771017674,1.0663553667811223,1.0169202432941102,1.3705468394639786,590,108.1,54.7,8.7,9.0,5.5,3.4,2.0,4.2,18.8,28.0,1.5,9.0,5.5,14.5,0.6377712750314584,0.25142863320510894,0.047431149860998216,0.06336894190243451,68.94307483090064,78.38394689515496,27.179435249472274,32.06619815689465,5.127307299973907,5.973023502285602,6.850182619653171,7.752427129229519,54.7,60.12143027401882,8.7,10.063794572201028,9.0,12.658389104368585,5.5,20.888232545348398,3.4,4.304411047013639,2.0,2.430980614387732,4.2,4.607548096676445,18.8,21.161681889513225,28.0,29.857950269871424,1.5,2.055820259195968
63,2020,1.1301125713174769,1.175483773399459,1.1599371498155755,1.1267356737345011,1.0958389845406835,1.1521993278997762,1.3887337433953513,2.6479336453572944,1.252230801181098,1.1983261237651144,1.0948169237760557,1.1287883530497955,1.064469468197877,1.015692415819433,1.369592832077297,593,112.2,58.4,8.1,10.0,4.7,3.7,1.9,5.2,16.7,29.1,1.6,10.0,4.7,14.7,0.6509500695163078,0.23555713035560316,0.048756556356987814,0.06473624377110111,73.03659779972975,82.53957733973296,26.429510025898676,31.06746017434221,5.470485623254032,6.345419501944365,7.263406551117545,8.183939273981016,58.4,63.996996697175916,8.1,9.332814555988186,10.0,13.887337433953512,4.7,12.445288133179284,3.7,4.633253964370063,1.9,2.2768196351537173,5.2,5.693048003635489,16.7,18.850765495931583,29.1,30.976061524558222,1.6,2.1913485313236754
63,2021,1.1408390714775951,1.1768872338968444,1.1639412999199863,1.1287063985981265,1.096543711144358,1.151999667139409,1.3807613285530118,2.6994577438539227,1.2598651352838577,1.207637585846594,1.0952938204564036,1.1290108828619,1.0676814187950647,1.0006261045287386,1.376056260288168,594,122.4,66.0,13.0,10.2,5.1,3.9,1.8,5.6,17.0,31.1,1.5,10.2,5.1,15.299999999999999,0.6466558338163412,0.24002501573515425,0.04854655920127891,0.06477259124722562,79.15067405912016,90.29818150043242,29.37906192598288,34.57584292455409,5.942098846236539,6.916254255341608,7.928165168660416,8.948570755009806,66.0,72.37188493552762,13.0,14.975995672812317,10.2,14.08376555124072,5.1,13.767234493655005,3.9,4.9134740276070445,1.8,2.1737476545238694,5.6,6.1336453945558596,17.0,19.1931850086523,31.1,33.204892124526516,1.5,2.064084390432252
63,2022,1.1354104529041416,1.1699831308144608,1.1579510073456214,1.122443524807872,1.0927450141169843,1.1483061861897974,1.3717011890825883,2.389892782386985,1.246213654427179,1.1996650232411354,1.0920952199963188,1.127856380703554,1.0666515772154632,1.0015064381993366,1.368585238113073,595,120.4,67.8,13.1,9.9,5.6,3.8,2.1,7.0,17.5,27.5,1.6,9.9,5.6,15.5,0.650807402031224,0.23463166891683881,0.048934697163516006,0.06562623188842132,78.35721120455938,88.96759666207424,28.249652937587395,33.05161738834043,5.891737538487328,6.822343417707413,7.901398319365927,8.868873380500085,67.8,74.08811195713153,13.1,15.042811039086345,9.9,13.579841771917625,5.6,13.383399581367115,3.8,4.735611886823279,2.1,2.5192965488063845,7.0,7.6446665399742315,17.5,19.737486662312193,27.5,29.332918373425237,1.6,2.189736380980917
63,2023,1.1501678342651167,1.1701878073723972,1.1623369208912062,1.1248062777135917,1.0934848766277003,1.1468276792668466,1.374182462406275,2.6163477980600627,1.246713525749659,1.2135556575815931,1.0915063092471615,1.125490469760565,1.0714647721292034,1.0,1.3797795881005614,594,106.5,65.6,12.6,10.3,6.6,3.9,2.4,6.6,17.8,34.8,1.5,10.3,6.6,16.9,0.6481291057228366,0.23659355186834213,0.04891300077104339,0.06636434163777788,69.0257497594821,79.39119710938942,25.197213273978438,29.485471752971492,5.209234582116121,6.054885684376841,7.067802384423344,7.949908491638469,65.6,71.73260790677713,12.6,14.450028758762267,10.3,14.154079362784634,6.6,17.267895467196414,3.9,4.8621827504236705,2.4,2.9125335781958235,6.6,7.203941641031266,17.8,20.03373036173806,34.8,37.28697407009628,1.5,2.0696693821508423
63,2024,1.1580438733953289,1.1735212895511369,1.1669269288681827,1.1283831673102338,1.0955311396844165,1.1476052548735056,1.370229471917482,2.6103774748669677,1.2460114694644495,1.2189280018873037,1.092819322228754,1.1263140043792377,1.0738868113796889,1.0003811206126605,1.3961400715674868,593,102.3,60.3,11.54,10.76,6.07,4.1,2.5,6.3,18.4,36.1,1.8,10.76,6.07,16.83,0.6528359952926323,0.2283626989295423,0.0520413219080494,0.0667599838697761,66.78512231843628,77.34010173482278,23.361504100492176,27.415222417863752,5.323827231193453,6.212517360721377,6.829546349878094,7.70634514156749,60.3,66.0605277229703,11.54,13.243364641240253,10.76,14.743669117832106,6.07,15.844991272442496,4.1,5.108647024804243,2.5,3.047320004718259,6.3,6.88476173004115,18.4,20.72417768057797,36.1,38.76731389080677,1.8,2.513052128821476
64,2015,1.1505478727110103,1.210300357849171,1.1932953822144436,1.1603489645451424,1.1217938588013947,1.170928974960899,1.4448512429745244,2.4213042258430133,1.2978726821517426,1.218832087942906,1.1115183933693,1.124071398316545,1.0689108560715612,1.1107383016999686,1.3909536721819296,684,131.1,87.6,7.1,3.5,5.4,6.0,2.6,6.0,15.5,64.9,1.2,3.5,5.4,8.9,0.21842325550076375,0.16940035488716304,0.05941039097073782,0.5527659986413355,28.635288796150125,32.946270608875956,22.208386525707073,26.878818159315976,7.788702256263727,9.294222435842725,72.46762242187907,84.08773064027572,87.6,98.26914203100218,7.1,8.313595722222383,3.5,5.056979350410836,5.4,13.075042819552273,6.0,7.787236092910455,2.6,3.168963428651556,6.0,6.6691103602158,15.5,17.423106673906446,64.9,69.37231455904433,1.2,1.6691444066183154
64,2016,1.1370638934799946,1.1870799041991422,1.1729985215703702,1.1367264424639711,1.105564746098948,1.163722623298883,1.4197469243127765,2.4540965374964747,1.2779191641145276,1.205136239188308,1.1024548157601597,1.1236302757222854,1.0654010497811668,1.0469509719078431,1.3453764586743595,695,123.1,89.4,6.7,3.5,5.3,6.1,2.8,5.5,14.4,72.0,1.4,3.5,5.3,8.8,0.22062351227315305,0.17124072898818524,0.059837800956356414,0.5482979577823053,27.15875436082514,30.881238975586616,21.0797337384456,25.02332830677743,7.3660332977274745,8.640346168072446,67.49547860300177,76.72389527479329,89.4,98.83748830124595,6.7,7.796941576102517,3.5,4.969114235094718,5.3,13.006711648731315,6.1,7.795306901098618,2.8,3.3743814697272625,5.5,6.063501486680878,14.4,16.18027597040091,72.0,76.70887558424401,1.4,1.8835270421441033
64,2017,1.1356390654120874,1.1751422073302171,1.1630178628001888,1.1304157910366055,1.1012255174790582,1.1580055888835905,1.414191531433989,2.803741651029596,1.2784760502473538,1.2139307908938295,1.0957465949061955,1.1164318085153728,1.065115873425579,1.0326388019700066,1.334736787906899,705,111.2,87.2,6.3,3.6,4.7,6.0,2.6,5.5,13.4,71.2,1.3,3.6,4.7,8.3,0.23224581523972573,0.16087406313741612,0.05932802308125551,0.5475520985416027,25.825734654657502,29.328713166795804,17.889195820880673,21.02234906431221,6.597276166635613,7.672750027623173,60.88779335782622,68.8285230930605,87.2,96.02686512417388,6.3,7.29543520996662,3.6,5.091089513162361,4.7,13.177585759839102,6.0,7.670856301484123,2.6,3.156220056323957,5.5,6.026606271984075,13.4,14.960186234105997,71.2,75.83625018790123,1.3,1.7351578242789687
64,2018,1.1414651008989538,1.1879202152777368,1.1745490239947318,1.142483051415302,1.1098980435050314,1.162436322609005,1.43508459117124,3.374484379247996,1.2835626864273613,1.2228265647864562,1.1010550595447666,1.115287229447745,1.0673801233086349,1.0516386479644495,1.3789762819809055,710,112.1,87.5,7.0,4.1,4.1,6.8,2.5,5.9,13.5,78.7,1.4,4.1,4.1,8.2,0.22714946543667203,0.15965511115234063,0.05953754925933421,0.5536578741516532,25.463455075450934,29.065645316935576,17.897337960177385,21.260609562552332,6.674159271971364,7.839127258879356,62.06504769240033,70.90826507384978,87.5,97.11607880669025,7.0,8.137054258263035,4.1,5.883846823802084,4.1,13.835385954916783,6.8,8.728226267706056,2.5,3.0570664119661406,5.9,6.496224851314123,13.5,15.056377597544557,78.7,84.00281570438956,1.4,1.9305667947732676
64,2019,1.1393665299222373,1.1751708235049845,1.1653616029524314,1.1304659619256945,1.1012308828416073,1.15817235148831,1.4127318141003258,3.4194208153575905,1.267133504477873,1.2189913250988889,1.0959797423946929,1.1147666042522593,1.066768311576778,1.0163085681570767,1.3536537970771805,717,106.7,88.8,6.3,4.8,4.1,7.7,3.0,6.2,14.6,79.2,1.4,4.8,4.1,8.899999999999999,0.21579419723834006,0.15691068892012514,0.058191960063102614,0.5691031537784322,23.025240845330885,26.23418876256841,16.742370507777352,19.675145337050274,6.2090821387330495,7.235825914057258,60.72330650815872,68.64563110305443,88.8,97.78930239633472,6.3,7.296485814376353,4.8,6.781112707681563,4.1,14.019625342966119,7.7,9.756927984479622,3.0,3.6569739752966663,6.2,6.795074402847096,14.6,16.275592422082983,79.2,84.48805027688083,1.4,1.8951153159080525
64,2020,1.1314671976923352,1.1701810433999722,1.1595612833606597,1.1247794519213776,1.0974634471914422,1.1533656292081076,1.3965214455142307,2.486504543360234,1.2534747672874256,1.2012543182489923,1.0934397222987318,1.117605065079693,1.0646135486505994,1.0148070377999967,1.351927744136259,721,115.6,88.8,5.8,4.9,4.4,8.4,2.9,7.4,13.5,73.3,1.5,4.9,4.4,9.3,0.21184104429175635,0.14407403265454802,0.05689864747332391,0.5871862755803717,24.48882472012703,27.708301880860915,16.65495817486575,19.489316334847302,6.577483647916244,7.626995380061514,67.87873345709097,76.34860461498407,88.8,97.45475411060006,5.8,6.689520649407024,4.9,6.842955083019731,4.4,10.94061999078503,8.4,10.529188045214376,2.9,3.4836375229220775,7.4,8.091453945010615,13.5,15.087668378575854,73.3,78.03617311608893,1.5,2.0278916162043883
64,2021,1.1433869719351748,1.1723859944296748,1.164466939007099,1.127440280151836,1.0986171361456334,1.1535935033559412,1.3911884606455742,2.543877982617028,1.261941168033686,1.211631712056521,1.0943078023257806,1.1182680797813194,1.0680856959331193,1.0005817305052118,1.3584788906771073,725,121.0,97.7,8.0,5.7,5.0,9.2,2.8,7.6,15.4,80.6,1.6,5.7,5.0,10.7,0.19892419828052935,0.14574601164401424,0.05509748104926721,0.6002323090261892,24.069827991944052,27.521127742709417,17.635267408925724,20.67534051824662,6.666795206961333,7.763262607637462,72.6281093921689,81.88385600000508,97.7,107.33489420142838,8.0,9.22874802684753,5.7,7.929774225679774,5.0,12.71938991308514,9.2,11.60985874590991,2.8,3.3925687937582585,7.6,8.316739297675932,15.4,17.22132842863232,80.6,86.08770709220941,1.6,2.1735662250833716
64,2022,1.137780432452919,1.16566002928172,1.158497248568242,1.1213774715998714,1.0949151061448923,1.1497966133067885,1.381925563440839,2.285755757775254,1.2485318370917786,1.2035773699321066,1.0911249280181652,1.116995225882536,1.067056788612136,1.0014275455891994,1.3513857845881598,728,117.1,96.7,8.7,6.0,5.9,8.7,3.0,8.4,14.8,68.2,1.6,6.0,5.9,11.9,0.20425246143271364,0.13981532754134943,0.05503660420365241,0.6008956068222846,23.917963233770767,27.21339055151272,16.372374855092016,19.084622952997858,6.444786352247697,7.466267256689115,70.36487555888952,78.90558624366713,96.7,105.87829076421109,8.7,10.00323053576906,6.0,8.291553380645034,5.9,13.485958970874,8.7,10.862226982698473,3.0,3.61073210979632,8.4,9.165449395352589,14.8,16.531529343061532,68.2,72.77327298334768,1.6,2.162217255341056
64,2023,1.1534606550187447,1.165618308928112,1.1629655772952483,1.1236706726031946,1.0956008048277588,1.1480549763037529,1.3844413982459751,2.46075533896674,1.2487113574890245,1.218005266904438,1.0904141655369877,1.1147653770332184,1.0721652211868848,1.0,1.3614097482548706,729,109.4,86.9,7.9,6.5,5.5,8.3,3.2,7.6,14.5,74.3,1.3,6.5,5.5,12.0,0.1911389868182221,0.1457768794905015,0.0538119727159844,0.6092721609752919,20.9106051579135,24.11956032228525,15.947990616260865,18.58926985292739,5.887029815128694,6.846413027505481,66.65437441069693,74.89756572601299,86.9,95.20770993953225,7.9,9.069634312799648,6.5,8.998869088598838,5.5,13.534154364317068,8.3,10.364304267158904,3.2,3.897616854094202,7.6,8.287147658081105,14.5,16.164097966981668,74.3,79.66187593418555,1.3,1.7698326727313318
64,2024,1.1616890021754969,1.1689989678813744,1.1676961017492238,1.1272816285914882,1.0976663801749578,1.1489709849879757,1.380366679890639,2.4605791883786945,1.2482947845560224,1.2237198370438882,1.0917920479102774,1.1157606971172949,1.0746747673059136,1.0003541093801005,1.377427303088134,729,107.7,78.2,7.34,8.36,5.78,8.4,3.1,7.5,14.6,72.7,1.3,8.36,5.78,14.14,0.184847783181734,0.1504443038015812,0.053982218101601,0.6107256949150839,19.908106248672752,23.127028083224424,16.202851519430293,18.94111670294917,5.813884889542427,6.7888507215374085,65.77515734235453,74.1471264897508,78.2,85.8375109296817,7.34,8.433447029811742,8.36,11.539865443885741,5.78,14.222147708828855,8.4,10.485676190270588,3.1,3.7935314948360537,7.5,8.18844035932708,14.6,16.290106177912506,72.7,78.12885558313992,1.3,1.7906554940145745
65,2015,1.1500305550457457,1.2112798840811212,1.1931406023490605,1.1616298062489645,1.1221825551668207,1.1704982840664593,1.428350392967657,2.4450195436863607,1.2993376302360853,1.219375026991687,1.112155600766177,1.128539875674739,1.0687238317148655,1.1149787902044077,1.4009212027523512,2385,181.9,103.5,4.2,4.6,13.2,5.2,3.2,6.8,19.5,58.2,1.2,4.6,13.2,17.799999999999997,0.24390496184924246,0.35666284080175625,0.05462862017162661,0.34480357717737453,44.3663125603772,51.02261505914363,64.87697074183946,78.58416959970958,9.93694600921888,11.856173746949509,62.71977068856443,72.85715507293658,103.5,116.14589445976594,4.2,4.916092793079129,4.6,6.570411807651222,13.2,32.27425797665996,5.2,6.756555677227643,3.2,3.9020000863733983,6.8,7.562658085210003,19.5,22.006527575657408,58.2,62.19972700580517,1.2,1.6811054433028214
65,2016,1.1357009317645494,1.186794860858518,1.171682203199256,1.136644110753691,1.105011447113217,1.162895107729328,1.40444512439241,2.489095571464068,1.2787773768357549,1.2048723297303232,1.1025754621256292,1.127808364196669,1.064946879702281,1.0449126513388711,1.352274849195791,2428,168.1,105.4,3.8,4.8,13.1,5.8,3.5,6.6,20.5,63.6,1.2,4.8,13.1,17.9,0.24375626629518626,0.3682369011250656,0.054204376470369714,0.3338024561093785,40.97542836422081,46.53583217269712,61.90062307912352,73.46334135424397,9.111755684669149,10.676081975626493,56.11219287198652,63.77959356941872,105.4,116.46820652573308,3.8,4.419001409371446,4.8,6.741336597083568,13.1,32.60715198617929,5.8,7.416908785647378,3.5,4.217053154056131,6.6,7.276998050029152,20.5,23.120071466031714,63.6,67.73062154906508,1.2,1.622729819034949
65,2017,1.1353305190877196,1.1772724951059068,1.1635285249598368,1.1321783325180426,1.1018178395926597,1.157926253102112,1.398012167160988,2.866845580145267,1.2797993914655097,1.2140252272703618,1.0967986918105834,1.1210969189074504,1.0649955815601115,1.0360902253635254,1.3446385407269148,2480,159.1,98.2,3.9,4.6,11.7,6.0,3.3,6.5,21.0,59.7,1.2,4.6,11.7,16.299999999999997,0.25259559904532364,0.31879810952344967,0.05359887767516441,0.37500741375606234,40.18795980811099,45.62661727001906,50.72077922518084,59.712178312144495,8.527581438118657,9.922084252169086,59.66367952858952,67.54992520056935,98.2,108.19851184799919,3.9,4.515912387098236,4.6,6.430855968940544,11.7,33.54209328769962,6.0,7.678796348793059,3.3,4.006283249992194,6.5,7.129191496768792,21.0,23.54303529705646,59.7,63.58023621913866,1.2,1.6135662488722977
65,2018,1.140007881799545,1.1873804808609294,1.17279608520614,1.1414889761649911,1.108647561531734,1.1617044234038465,1.4113684252165897,3.4868066338798416,1.283832278328719,1.2216461446869822,1.101132601521214,1.1203009756177245,1.0668504389536662,1.0452883533188264,1.3807156261814448,2520,156.2,91.8,3.7,5.1,14.0,4.9,2.9,5.6,19.9,52.3,1.2,5.1,14.0,19.1,0.24950761697833257,0.29892907533406654,0.05395460902653772,0.3976086986610632,38.97308977201554,44.42962951817895,46.69272156718119,55.44202618714509,8.427709929945191,9.883985213092634,62.106478730858065,70.89386081969997,91.8,101.77384614861317,3.7,4.2983063665942325,5.1,7.197978968604607,14.0,48.815292874317784,4.9,6.290778163810724,2.9,3.5427738195922482,5.6,6.166342568518798,19.9,22.293989414792716,52.3,55.796277957276736,1.2,1.6568587514177338
65,2019,1.138308506618178,1.1758947932104529,1.1645884816336936,1.1307368514842748,1.100776564200732,1.1575917891101264,1.3890336674036492,3.5518285606761024,1.2674864080475248,1.218185063698242,1.0965107372533949,1.1195401238308675,1.0664201239377178,1.0165433130391537,1.3597742688469043,2559,133.6,88.2,3.1,5.0,12.2,5.3,3.2,6.4,21.1,57.8,1.8,5.0,12.2,17.2,0.24851481010455093,0.29411027410407364,0.053335676031811906,0.40403923975956363,33.201578629968004,37.79363938764489,39.293132620304235,46.20459005714355,7.12564631785007,8.298445625963733,53.9796424318777,61.03677092766836,88.2,97.08849296250457,3.1,3.588534546241392,5.0,6.945168337018246,12.2,43.33230844024845,5.3,6.717677962651881,3.2,3.898192203834375,6.4,7.017668718421728,21.1,23.622296612831306,57.8,61.639083163600084,1.8,2.4475936839244277
65,2020,1.1316704837824598,1.1717041075990584,1.1597981014647556,1.1259915558008906,1.0977001288650057,1.1533565132020742,1.37061001846485,2.5302052889137383,1.253609707849076,1.2009617364644398,1.094407350591772,1.122741339645045,1.0645463255349543,1.0162944244185446,1.3590616909890665,2590,156.0,106.2,3.4,5.3,12.7,6.9,3.1,8.5,18.7,58.6,1.3,5.3,12.7,18.0,0.2521059237053714,0.2816911726043823,0.0523800046415416,0.4138228990487047,39.32852409803794,44.50692989247673,43.94382292628364,51.48915782633221,8.17128072408049,9.477035870324105,64.55637225159794,72.6899300284382,106.2,116.57575368546361,3.4,3.9214121448870523,5.3,7.264233097863705,12.7,32.133607169204474,6.9,8.649906984158624,3.1,3.7229813830397633,8.5,9.302462480030062,18.7,20.99526305136234,58.6,62.382414676348326,1.3,1.7667801982857865
65,2021,1.1420779856635022,1.1725850110131162,1.1632913806189715,1.127467919246123,1.0979138588266617,1.1523970746272256,1.362850519804213,2.581040454993206,1.260272795865876,1.2102386622352204,1.094557879959953,1.1226014483043143,1.0677442616034043,1.0005829843694751,1.3648881232085035,2589,132.0,96.4,5.0,5.4,13.3,6.5,2.9,8.4,18.4,61.4,1.2,5.4,13.3,18.700000000000003,0.24322734675872115,0.28631853917261796,0.05269229829660321,0.41776181577205773,32.10600977215119,36.667566968271146,37.79404717078557,44.31673321798583,6.955383375151624,8.091137529214375,55.14455968191162,62.17372196230854,96.4,105.8388959908902,5.0,5.761985373136128,5.4,7.3593928069427506,13.3,34.32783805140964,6.5,8.191773173128194,2.9,3.5096921204821387,8.4,9.194286191663604,18.4,20.655866648799382,61.4,65.55949766244902,1.2,1.6378657478502041
65,2022,1.1369387956549573,1.1665635854475227,1.1579351383449683,1.1219211637815192,1.094677434190398,1.1491878318633546,1.353697263042535,2.3060586669487244,1.2472420674543547,1.202343877529814,1.0917814468480849,1.1217806989539507,1.0667648324820678,1.001563671436056,1.3590287031296997,2587,130.4,91.7,4.9,6.1,13.9,6.0,3.1,9.0,17.2,51.4,1.3,6.1,13.9,20.0,0.24430107914379182,0.27876806163323786,0.052786877288721105,0.42414398193424924,31.856860720350454,36.21930086074296,36.35135523697422,42.40616730112123,6.883408798449232,7.970540919317284,55.308375244226106,62.051636720867116,91.7,100.3819207152595,4.9,5.631020376130438,6.1,8.257553304559464,13.9,32.05421547058727,6.0,7.483452404726128,3.1,3.727266020342424,9.0,9.826033021632764,17.2,19.294628022007952,51.4,54.83171238957828,1.3,1.7667373140686096
65,2023,1.1519587416793289,1.166566308177665,1.1622666163900963,1.1241408830343875,1.0951017242024503,1.1474285183956845,1.355787361520422,2.507050541381993,1.2475170437595946,1.2165003916782022,1.0911263891501293,1.1194992429971933,1.0716113114188202,1.0,1.369784761732924,2598,133.5,92.9,4.1,6.9,16.6,5.2,2.9,8.6,19.6,59.4,1.3,6.9,16.6,23.5,0.23071305916924476,0.26692212090675516,0.053969762812539214,0.44839505711146094,30.800193399094177,35.4805520315005,35.63410314105181,41.56954414647895,7.204963335473985,8.374088357136051,59.86074012438004,67.29190526251257,92.9,101.73495017840764,4.1,4.704456925422306,6.9,9.354932794490912,16.6,41.61703898694109,5.2,6.487088627549892,2.9,3.5278511358667863,8.6,9.383686946691112,19.6,21.94218516274499,59.4,63.65371189827792,1.3,1.7807201902528011
65,2024,1.1598634030758044,1.1697623403075252,1.166795898907355,1.1276549924592345,1.0970562985624308,1.1480185595227737,1.3518653418465094,2.5030685951261846,1.2468366044695276,1.2218951745388806,1.0923973535389069,1.120269427087075,1.0740266504625853,1.0003548726288782,1.3857785411845074,2623,124.3,80.6,3.62,8.04,16.29,5.5,2.8,9.6,24.1,67.7,1.6,8.04,16.29,24.33,0.22668420290142588,0.2481510411757113,0.05392872048964072,0.4712360354332222,28.176846420647237,32.681292977396204,30.845174418140914,36.081523414558326,6.703339956862342,7.821429570648787,58.574639204349516,66.05198433028313,80.6,88.42273766413192,3.62,4.1558271854724405,8.04,10.868997348445934,16.29,40.77498741460555,5.5,6.857601324582402,2.8,3.421306488708866,9.6,10.487014593973505,24.1,26.99849319279851,67.7,72.71160423631703,1.6,2.217245665895212
