Province,Year,q_daogu_coef,q_xiaomai_coef,q_doulei_coef,q_zaliang_coef,q_shucai_coef,q_zhurou_coef,q_niurou_coef,q_yangrou_coef,q_qinlei_coef,q_shuichanpin_coef,q_danlei_coef,q_nailei_coef,q_guaguo_coef,q_youliao_coef,q_tang_coef,pop,q_liangshi,q_shucai,q_zhurou,q_niurou,q_yangrou,q_qinlei,q_shuichanpin,q_danlei,q_nailei,q_guaguo,q_tang,q_niurou,q_yangrou,q_niuyangrou,稻谷占比,小麦占比,豆类占比,杂粮占比,户内消费量_daogu,户内外消费量_daogu,户内消费量_xiaomai,户内外消费量_xiaomai,户内消费量_doulei,户内外消费量_doulei,户内消费量_zaliang,户内外消费量_zaliang,户内消费量_shucai,户内外消费量_shucai,户内消费量_zhurou,户内外消费量_zhurou,户内消费量_niurou,户内外消费量_niurou,户内消费量_yangrou,户内外消费量_yangrou,户内消费量_qinlei,户内外消费量_qinlei,户内消费量_shuichanpin,户内外消费量_shuichanpin,户内消费量_danlei,户内外消费量_danlei,户内消费量_nailei,户内外消费量_nailei,户内消费量_guaguo,户内外消费量_guaguo,户内消费量_tang,户内外消费量_tang
11,2015,1.3951869041561265,1.3997595818512998,1.3950102231804693,1.3298564261827024,1.3048519381161112,1.3385395578145187,1.4598712855098872,1.6723365092067035,1.5545339557566262,1.3018876079696502,1.2579195162309416,1.099566542908857,1.150430910611565,1.2090525645356018,1.250284472012567,2188,90.8,100.6,14.2,3.3,3.0,6.0,9.6,13.7,26.9,68.9,0.8,3.3,3.0,6.3,0.3775262296879566,0.3504087286722356,0.13603383778873746,0.13603120385107045,34.27938165566646,47.8261443685556,31.817112563438993,44.5363081775151,12.35187247121736,17.230988372769623,12.351633309677197,16.425898930726543,100.6,131.2681049744808,14.2,19.007261720966167,3.3,4.8175752421826274,3.0,5.017009527620111,6.0,9.327203734539758,9.6,12.49812103650864,13.7,17.2334973723639,26.9,29.578340004248254,68.9,79.26468974113685,0.8,1.0002275776100535
11,2016,1.366764609944724,1.308100834664717,1.3454973215508732,1.276576369283063,1.2453279278023432,1.3157272673730895,1.3333324856233688,1.7552811552377996,1.5605600568368805,1.43225940729281,1.2095648477598715,1.0815157941367604,1.1349139395631778,1.2130792510805284,1.1165477270590063,2195,83.8,95.4,13.1,2.9,3.1,5.7,8.5,12.0,23.2,63.2,1.2,2.9,3.1,6.0,0.35656929681343646,0.3851721758789099,0.12498060001496472,0.13327792729268892,29.880507072965976,40.839619594532905,32.27742833865265,42.222130950622116,10.473374281254044,14.091897043027117,11.168690307127331,14.257686121919546,95.4,118.80428431234355,13.1,17.236027202587472,2.9,3.8666642083077694,3.1,5.441371581237179,5.7,8.89519232397022,8.5,12.174204961988886,12.0,14.514778173118458,23.2,25.09116642397284,63.2,71.72656098039283,1.2,1.3398572724708075
11,2017,1.3751985475231252,1.3253118909998918,1.3644998424627666,1.2844781121683997,1.2551519707846697,1.290931135092969,1.3150436168414967,1.7372282697048147,1.56931753852762,1.4052970397171185,1.1409930885014172,1.0857740769906616,1.147051676894532,1.2478417420559798,1.1333735191500638,2194,75.7,91.9,12.7,2.9,2.8,5.5,8.6,12.1,22.5,63.9,1.1,2.9,2.8,5.699999999999999,0.34412057766857723,0.4028769544065102,0.12307184454707273,0.12993062337783992,26.049927729511296,35.823822776706315,30.497785448572824,40.41907770415703,9.316538632213407,12.712415495953472,9.835748189702482,12.633803266472798,91.9,115.34846611511115,12.7,16.394825415680707,2.9,3.8136264888403404,2.8,4.864239155173481,5.5,8.63124646190191,8.6,12.085554541567218,12.1,13.806016370867148,22.5,24.429916732289886,63.9,73.2966021535606,1.1,1.2467108710650703
11,2018,1.378386500941451,1.4211278681814778,1.3995251168855782,1.326372333385169,1.3080000751562162,1.3101733097150634,1.4251933079893386,1.690771140741356,1.5834861238869162,1.2983327894340582,1.2063023724024695,1.0940813030779435,1.1622736792634256,1.2801162214892252,1.2134393275128728,2192,91.9,106.3,16.3,3.3,2.7,5.8,8.9,14.6,26.0,74.7,1.1,3.3,2.7,6.0,0.35153708127299643,0.3834932331600388,0.12976037020551373,0.13520931536145112,32.306257768988374,44.530509604708456,35.24302812740757,50.08484943096258,11.924978021886712,16.689306259938952,12.425736081717359,16.48115256073574,106.3,139.04040798910577,16.3,21.355824948355533,3.3,4.703137916364817,2.7,4.565082080001662,5.8,9.184219518544113,8.9,11.555161825963118,14.6,17.612014637076054,26.0,28.44611388002653,74.7,86.82184384097789,1.1,1.33478326026416
11,2019,1.3793091654929357,1.4327984584014697,1.4113734185031306,1.3294009920023024,1.3108176968814709,1.302928588830092,1.4178424260453042,1.690498386807491,1.5901219412677536,1.3119375395337596,1.1890870753916294,1.1009162416094522,1.1775487984763162,1.3483204436726437,1.1947745079977363,2190,97.3,114.9,14.6,3.6,2.6,6.5,10.1,14.5,28.9,85.5,1.1,3.6,2.6,6.2,0.33292863284471924,0.39977365738550547,0.12734370244049753,0.13995400732927782,32.39395597579118,44.68128038398343,38.89797686360968,55.732961285115984,12.39054224746041,17.48768196890566,13.617524913138732,18.1031511281427,114.9,150.61295337168102,14.6,19.022757396919346,3.6,5.104232733763095,2.6,4.395295805699477,6.5,10.335792618240399,10.1,13.250569149290971,14.5,17.241762593178628,28.9,31.81647938251317,85.5,100.68042226972504,1.1,1.3142519587975101
11,2020,1.3661508225095955,1.3451304331581728,1.358881081090713,1.2904188880988867,1.2667592002327357,1.28903342254597,1.3135299278503436,1.7072382121740992,1.607880419782013,1.362110071885556,1.140056638551249,1.0887880031734547,1.173100796148794,1.238934124216593,1.1325426405893817,2189,107.2,122.7,15.3,3.9,3.1,7.9,9.5,16.9,30.1,81.9,1.2,3.9,3.1,7.0,0.35139159186727786,0.40095385288925195,0.11833763771461692,0.12931691752885333,37.669178648172185,51.46177939346132,42.98225302972781,57.81673663599195,12.685794763006934,17.238486502049767,13.862773559093077,17.888784842091535,122.7,155.43135386855667,15.3,19.722211364953342,3.9,5.12276671861634,3.1,5.292438457739708,7.9,12.702255316277903,9.5,12.940045682912784,16.9,19.266957191516106,30.1,32.77251889552099,81.9,96.07695520458624,1.2,1.359051168707258
11,2021,1.43611923924752,1.5014148126531028,1.4730498649538757,1.3436469072412642,1.3297334218806929,1.3470954716832968,1.433720567639044,1.6678563962021042,1.6250085961528369,1.3428705234790408,1.2655008850924605,1.1271780720900946,1.2329575593795503,1.3291988758403843,1.2373970699062449,2189,109.9,119.0,18.5,4.0,3.4,7.6,10.0,16.2,29.8,77.2,1.1,4.0,3.4,7.4,0.3272587319379718,0.41841517008591617,0.11925026657899111,0.13507583139712104,35.9657346399831,51.6510834701507,45.98382719244219,69.04079928921325,13.105604297031125,19.305208639880632,14.844833870543603,19.946215118666277,119.0,158.23827720380245,18.5,24.92126622614099,4.0,5.734882270556176,3.4,5.670711747087155,7.6,12.35006533076156,10.0,13.428705234790408,16.2,20.50111433849786,29.8,33.589906548284816,77.2,95.18432358410129,1.1,1.3611367768968694
11,2022,1.4065732411793936,1.4320252965970697,1.4204616487489186,1.3187409326428945,1.2995309371056658,1.330151328631787,1.4101924408371074,1.6830308892432069,1.6351459955958738,1.3192691734476534,1.20222139735926,1.1008553451262073,1.2216326312464512,1.279623548248135,1.1873874563759097,2184,94.5,109.9,17.5,3.8,2.9,6.9,9.4,16.3,22.0,62.9,0.9,3.8,2.9,6.699999999999999,0.3340234275955719,0.41705141765248865,0.11694732923389015,0.13197782551804946,31.565213907781544,44.39878523478916,39.41135896816018,56.438063015673166,11.05152261260262,15.698264031483474,12.471904511455675,16.44721098727018,109.9,142.8184499879127,17.5,23.277648251056274,3.8,5.3587312751810074,2.9,4.8807895788053,6.9,11.28250736961153,9.4,12.401130230407942,16.3,19.596208776955937,22.0,24.21881759277656,62.9,76.84069250540178,0.9,1.0686487107383187
11,2023,1.4092171205454356,1.4439977177951644,1.4657988885513555,1.318949212657913,1.3027921029311318,1.3083842275013569,1.349807906069962,1.689666698726648,1.6252264602874242,1.3322112739021923,1.1725169807304203,1.1138172169613252,1.235135315404163,1.4016695166996784,1.194456205485685,2186,91.5,112.0,18.2,3.8,3.4,7.3,10.2,17.4,20.7,70.6,0.9,3.8,3.4,7.199999999999999,0.30514479284737517,0.44091679412918816,0.11685423592979112,0.13708417709364562,27.920748545534828,39.346396868811745,40.343886662820715,58.256480268099885,10.692162587575888,15.672560037079123,12.543202204068574,16.543846671265246,112.0,145.91271552828675,18.2,23.812592940524695,3.8,5.129270043065855,3.4,5.744866775670603,7.3,11.864153160098196,10.2,13.58855499380236,17.4,20.401795464709313,20.7,23.05601639109943,70.6,87.2005532675339,0.9,1.0750105849371165
11,2024,1.420679963208614,1.4515073697419332,1.481043208793242,1.3204740737615803,1.3035840991671528,1.312194578657767,1.3247540092895036,1.7030771834143918,1.6321158757195318,1.3538460247333357,1.170198781968276,1.1222225566706066,1.24734345360919,1.4295983636136669,1.1908101613829716,2183,86.3,103.9,15.68,4.09,3.26,6.9,9.1,15.6,17.1,65.2,0.8,4.09,3.26,7.35,0.2999842151755188,0.4463041666923301,0.1146420265842991,0.1390695915478519,25.888637769647275,36.77946895410363,38.51604958554808,55.90632982676877,9.893606894225012,14.652859301161953,12.001705750579617,15.847941284555652,103.9,135.4423879034672,15.68,20.575210993353785,4.09,5.41824389799407,3.26,5.5520316179309175,6.9,11.26159954246477,9.1,12.319998825073354,15.6,18.255100998705103,17.1,19.190005719067372,65.2,81.3267931753192,0.8,0.9526481291063773
12,2015,1.2869839564289731,1.327741061884826,1.285896504453657,1.2495997787518005,1.2105673067898326,1.2492072086923554,1.3606647532252114,1.6421237318079085,1.3825117192775354,1.23267449992988,1.17868490362515,1.0997128014897837,1.1129004312326838,1.114054688039737,1.3693725787149125,1439,127.4,115.1,15.8,2.6,3.0,4.9,16.6,16.8,17.1,72.7,1.3,2.6,3.0,5.6,0.17878199847405524,0.29993783582623806,0.07655170911007621,0.4447284565896305,22.77682660559464,29.313410419764885,38.21208028426273,50.735748053455225,9.75268774062371,12.540947074696062,56.65840536951893,70.80033081418068,115.1,139.3362970115097,15.8,19.737473897339214,2.6,3.5377283583855497,3.0,4.926371195423726,4.9,6.7743074244599235,16.6,20.46239669883601,16.8,19.801906380902523,17.1,18.8050889054753,72.7,80.90786135061612,1.3,1.7801843523293863
12,2016,1.2438982728864385,1.2629983948980754,1.256978068759317,1.2131500829238098,1.172962942114612,1.2237638018479218,1.278312528085542,1.63737700864305,1.3803106196794568,1.2835443731981615,1.1384677591958974,1.070712176489269,1.0977473787100285,1.1161116603166494,1.1920482374226329,1443,126.9,127.5,16.1,2.8,3.3,5.6,16.9,17.8,17.0,80.8,1.3,2.8,3.3,6.1,0.17713992383994884,0.29381028574162965,0.07482321701190921,0.45422657340651235,22.47905633528951,27.961659351583574,37.2845252606128,47.09029555869072,9.49506623881128,11.935090023602795,57.64135216528642,69.92761115915775,127.5,149.55277511961302,16.1,19.70259720975154,2.8,3.5792750786395175,3.3,5.403344128522065,5.6,7.729739470204957,16.9,21.691899907048928,17.8,20.264726113686976,17.0,18.202107000317575,80.8,88.6979881997703,1.3,1.5496627086494228
12,2017,1.2699673280227175,1.273568147410414,1.2729819165578362,1.21732516238089,1.1810497483095506,1.2248664093797432,1.3591230046990443,1.6380913437367386,1.3868420568599558,1.2913190641003576,1.1218031102744432,1.0802318957880357,1.1087543926636465,1.1368748269639324,1.1963207188034275,1410,120.1,116.3,15.8,3.0,3.2,5.6,16.9,18.3,17.2,85.3,1.4,3.0,3.2,6.2,0.1887260884009524,0.282778507397989,0.0786717989672523,0.4498236052338062,22.666003216954383,28.785083542389877,33.96169873849848,43.252537745300096,9.448483055967,12.027748069149112,54.02381498858012,65.76454935340846,116.3,137.35608572840073,15.8,19.352889268199945,3.0,4.077369014097133,3.2,5.241892299957564,5.6,7.766315518415752,16.9,21.82329218329604,18.3,20.52899691802231,17.2,18.579988607554213,85.3,94.57674969420904,1.4,1.6748490063247985
12,2018,1.3041548218880863,1.344963619398302,1.291465366128567,1.253570141882787,1.2125904596452226,1.2498325704173687,1.3579090807314702,1.6125908516380028,1.4059178560918286,1.2351786667565658,1.1601086908965934,1.093242135514127,1.128906780819714,1.1508502002675736,1.2483276484316397,1383,118.3,116.8,16.8,2.9,2.7,5.7,16.7,17.7,18.6,86.2,1.4,2.9,2.7,5.6,0.2091229753036761,0.2727975096612894,0.0821122550134989,0.4359672600215356,24.73924797842488,32.263809540947896,32.27194539293053,43.4045924807002,9.71387976809692,12.545139291234168,51.574926860547656,64.65278838217108,116.8,141.630565686562,16.8,20.997187183011796,2.9,3.9379363341212636,2.7,4.353995299422608,5.7,8.013731779723424,16.7,20.627483734834648,17.7,20.533923828869703,18.6,20.334303720562765,86.2,97.31176450665934,1.4,1.7476587078042956
12,2019,1.2774923797323394,1.317785551899661,1.291049313746916,1.2366576555762407,1.20184656094904,1.2406182015371838,1.303106507854489,1.639481579461332,1.4128204937616566,1.2391029375310405,1.130220619242033,1.080598741648824,1.1343257012741204,1.182192958461407,1.1841466691416562,1385,105.2,114.1,15.0,2.8,2.6,6.1,17.4,18.5,17.0,90.1,1.1,2.8,2.6,5.4,0.21333417639488525,0.27410573435590063,0.08209821248306691,0.4304618767661472,22.44275535674193,28.670448948434956,28.835923254240747,37.99956304012591,8.63673195321864,11.150446861218985,45.28458943579869,56.0015342054074,114.1,137.13069260428546,15.0,18.609273023057757,2.8,3.6486982219925688,2.6,4.262652106599464,6.1,8.618205011946104,17.4,21.560391113040104,18.5,20.90908145597761,17.0,18.37017860803001,90.1,102.20274568479823,1.1,1.302561336055822
12,2020,1.2615991884288602,1.2772162357684644,1.2712314351204166,1.2156844866207317,1.1795192485265935,1.230323019779787,1.2756274251507185,1.631320358914639,1.4216208876399097,1.2512455069955246,1.11164894164949,1.0765308836144285,1.1381283438925842,1.1382279434923328,1.1566450507602477,1387,111.1,117.2,14.1,2.9,2.7,7.0,16.8,21.5,16.8,85.8,1.2,2.9,2.7,5.6,0.23394139325227595,0.27913453224066465,0.08098529018390072,0.4059387843231587,25.990888790327855,32.790084204422385,31.01184653193784,39.60883389175096,8.99746573943137,11.43786128438412,45.09979893830293,54.82712591900902,117.2,138.23965592731676,14.1,17.347554578894997,2.9,3.6993195329370834,2.7,4.404564969069526,7.0,9.951346213479368,16.8,21.020924517524815,21.5,23.900452245464034,16.8,18.0857188447224,85.8,97.65141190598372,1.2,1.3879740609122972
12,2021,1.2927991477498963,1.351572876499204,1.328653191548539,1.2442918757916903,1.2063341373874246,1.2469071821724629,1.3080169135905149,1.5698031331688052,1.4260514440968033,1.254545313429007,1.1617358793836083,1.0897849947124716,1.167998365492006,1.1866880502691584,1.1962841537363529,1373,107.2,116.3,17.6,2.6,2.7,6.7,17.3,20.0,17.2,85.5,1.1,2.6,2.7,5.300000000000001,0.2291212613772046,0.2907128271022002,0.0812533764955427,0.3989125350250525,24.561799219636335,31.75347309834992,31.16441506535586,42.120978114298154,8.710361960322178,11.573050218125049,42.763423754685626,53.210180758992706,116.3,140.29666017815748,17.6,21.945566406235347,2.6,3.4008439753353388,2.7,4.238468459555774,6.7,9.554544675448582,17.3,21.70363392232182,20.0,23.234717587672165,17.2,18.74430190905451,85.5,99.86386024956651,1.1,1.3159125691099882
12,2022,1.2845015430066662,1.326655512339307,1.306665998988628,1.2343572712215367,1.1938280123263287,1.2480132812130122,1.3137549593330098,1.5634611733322543,1.4387629206401502,1.240897017546475,1.1361905151726284,1.079284629115307,1.172725359234188,1.1663078420208297,1.167539724728002,1363,101.2,113.5,18.3,2.8,2.9,6.5,17.2,20.2,14.7,75.2,1.0,2.8,2.9,5.699999999999999,0.2226971442103686,0.2876351963392859,0.0809796254463852,0.4086880340039602,22.536950994089302,28.948748326573327,29.108681869535737,38.617193259150824,8.195138095174183,10.708308305980536,41.35922904120077,51.05206509912312,113.5,135.4994793990383,18.3,22.838643046198126,2.8,3.678513886132427,2.9,4.534037402663538,6.5,9.351958984160976,17.2,21.343428701799372,20.2,22.951048406487093,14.7,15.865484047995013,75.2,88.18894701441094,1.0,1.167539724728002
12,2023,1.2958150696578898,1.3463166756965586,1.3437808733944707,1.2438140630534924,1.2047873748561484,1.2419803776974456,1.258337838769447,1.5908334854086523,1.43841662153044,1.2537051684059135,1.126759931460651,1.086236581422714,1.186968823046883,1.2395812311826304,1.1930500426143935,1364,98.1,109.3,18.3,2.9,3.1,6.6,16.7,19.9,15.2,79.7,0.9,2.9,3.1,6.0,0.2163771356500708,0.2942705117536843,0.0822737819427511,0.4070785706534938,21.226597007271945,27.50574427957805,28.867937203036426,38.86538524940901,8.071058008583883,10.845733379992287,39.93440778110774,49.670977997854614,109.3,131.68326007177703,18.3,22.728240911863256,2.9,3.649179732431396,3.1,4.931583804766823,6.6,9.493549702100903,16.7,20.936876312378754,19.9,22.42252263606695,15.2,16.51079603762525,79.7,94.60141519683657,0.9,1.073745038352954
12,2024,1.3081661967176987,1.3586197550252332,1.3600997159703323,1.251917124943421,1.2129974453119,1.2487108786179677,1.251374066732048,1.6028679247626345,1.4468121428097898,1.2630975600471777,1.1289926378010615,1.0899965633596949,1.198372554528968,1.2652189349833285,1.203692595416079,1364,91.9,104.6,17.3,3.48,3.31,6.6,14.9,19.6,13.8,78.1,0.9,3.48,3.31,6.79,0.2129894396195764,0.2971040634103739,0.0819867062450548,0.4079197907249949,19.57372950103907,25.6056912769553,27.30386342741336,37.095568240994766,7.5345783039205365,10.24777781111855,37.487828767627036,46.931654811138905,104.6,126.87953277962472,17.3,21.602698200090842,3.48,4.354781752227527,3.31,5.305492830964321,6.6,9.548960142544612,14.9,18.82015364470295,19.6,22.12825570090081,13.8,15.04195257436379,78.1,93.5928965087124,0.9,1.0833233358744712
13,2015,1.2500190818585013,1.3118355109510176,1.257874746932638,1.225619053837482,1.1785110864752686,1.2244678905850512,1.3451793224159394,1.6551932877936448,1.3292007378232311,1.2108738386408506,1.1529843232299049,1.1022411106164878,1.10154739432987,1.0838637507460405,1.3965883567908728,7345,131.5,88.2,12.4,1.2,1.3,4.0,5.3,12.5,13.9,53.8,1.1,1.2,1.3,2.5,0.1666136719690165,0.3666019047484469,0.0705995347578949,0.3961848885246417,21.90969786392567,27.387540407661533,48.20815047442077,63.24116370961531,9.28383882066318,11.677906407105096,52.09831284099038,63.85268489070377,88.2,103.9446778271187,12.4,15.183401843254636,1.2,1.6142151868991272,1.3,2.151751274131738,4.0,5.3168029512929245,5.3,6.417631344796508,12.5,14.41230404037381,13.9,15.321151437569181,53.8,59.263249814946995,1.1,1.53624719246996
13,2016,1.2072803860894803,1.257994973019594,1.2365051513814185,1.1968617115259734,1.149306181870591,1.2001939490021707,1.2690619722644267,1.619545344155387,1.3265310874854936,1.238868015551392,1.1179809893159574,1.0703074181739003,1.0878388586647978,1.0853692068037295,1.2114620469175172,7375,130.6,94.4,12.1,1.4,1.5,4.4,6.0,13.3,15.2,59.3,1.2,1.4,1.5,2.9,0.1665624999385834,0.3604148839610309,0.0703741547300879,0.4026484613702977,21.75306249197899,26.26204568394499,47.07018384531063,59.21405465650888,9.190864607749479,11.36455143313139,52.58588905496087,62.93803717643542,94.4,108.4945035685838,12.1,14.522346782926265,1.4,1.7766867611701973,1.5,2.4293180162330805,4.4,5.836736784936172,6.0,7.433208093308352,13.3,14.869147157902233,15.2,16.268672756243284,59.3,64.50884431882251,1.2,1.4537544563010207
13,2017,1.2367600012044655,1.267978423511206,1.251883799402818,1.2009403430975507,1.1573386322311847,1.206729284653269,1.3940346716859626,1.6266113701212337,1.3307460368981745,1.255054918833808,1.1162942840331709,1.082357471716751,1.0975308586343362,1.1007295025130928,1.223246739199631,7409,124.8,87.4,12.3,1.4,1.4,4.1,5.7,14.0,14.4,60.8,1.1,1.4,1.4,2.8,0.1826788447905299,0.3398664882815006,0.0674782373137969,0.4099764296141726,22.79831982985813,28.19605006023513,42.415337737531274,53.78173307713026,8.421284016761852,10.542469030754052,51.16505841584873,61.4461828085356,87.4,101.15139645700555,12.3,14.842770201235208,1.4,1.9516485403603476,1.4,2.277255918169727,4.1,5.456058751282515,5.7,7.153813037352706,14.0,15.628119976464392,14.4,15.585947592721215,60.8,66.72987620496764,1.1,1.3455714131195942
13,2018,1.2829805587224448,1.330287309472546,1.265105340151324,1.2358672929006542,1.1816657437148816,1.23404971629397,1.3626082281136698,1.606082591224662,1.3527066326199988,1.21334509170785,1.147424315901029,1.0977311538342858,1.1184312353023378,1.1100382090990168,1.250569668917886,7426,130.8,95.5,15.8,1.5,1.4,4.9,5.9,13.7,14.4,66.8,1.1,1.5,1.4,2.9,0.1896097265074625,0.3355679056097806,0.0667558559911788,0.408066511891578,24.800952227176097,31.81913954527105,43.89228205375931,58.38934579990559,8.731665963646186,11.046477239026347,53.375099755418404,65.96454004303132,95.5,112.8490785247712,15.8,19.49798551744473,1.5,2.0439123421705045,1.4,2.2485156277145264,4.9,6.628262499837994,5.9,7.158736041076316,13.7,15.719713127844095,14.4,15.807328615213715,66.8,74.71120651819616,1.1,1.3756266358096747
13,2019,1.2461356966806174,1.291769078524659,1.2611587919260228,1.2125975932880413,1.1672916157990432,1.2227319092919229,1.270895329713355,1.6419128498156337,1.3593333006929882,1.2149664388791683,1.1134690137626124,1.0760075620657814,1.1204222064296427,1.129374645068367,1.1786586410445397,7447,143.9,97.7,13.7,1.5,1.3,5.4,7.4,15.7,14.5,76.2,1.2,1.5,1.3,2.8,0.18481258095293024,0.33738852058656993,0.06766785611443941,0.4101310423460604,26.59453039912666,33.14039366680956,48.55020811240742,62.715657595544954,9.737404494867832,12.280413289242539,59.017856993598095,71.56491135145484,97.7,114.04439086356652,13.7,16.751427157299343,1.5,1.9063429945700325,1.3,2.1344867047603238,5.4,7.340399823742136,7.4,8.990751647705846,15.7,17.481463516073013,14.5,15.60210964995383,76.2,85.37617212993878,1.2,1.4143903692534476
13,2020,1.2281265305382074,1.263823406035528,1.251307768350214,1.1964796814075844,1.1504493718045954,1.2142918704815229,1.2867957257869929,1.6300150712878003,1.3653671866914905,1.2163258848957972,1.1054734971582232,1.0755262955705425,1.127182721966506,1.1048797936878736,1.1586271207347958,7464,161.8,108.3,12.9,1.7,1.6,7.2,7.6,18.7,16.5,79.1,1.3,1.7,1.6,3.3,0.1903457139174014,0.3298893695053865,0.0657651298435436,0.4139997867336684,30.797936511835548,37.82376291601658,53.37609998597154,67.45796448516346,10.640798008685355,13.314913209713474,66.98516549350755,80.14638946870623,108.3,124.59366696643768,12.9,15.664365129211646,1.7,2.187552733837888,1.6,2.6080241140604805,7.2,9.830643744178731,7.6,9.244076725208059,18.7,20.672354396858772,16.5,17.74618387691395,79.1,89.16015330755062,1.3,1.5062152569552345
13,2021,1.2490514156912509,1.3161381247871695,1.2931999124550622,1.2188392602076734,1.1677355444674535,1.2188629591954885,1.287337712791318,1.5608999145685498,1.3669719049087714,1.2285683050536726,1.13278904044689,1.0799666948772604,1.147719498423165,1.139367418249165,1.1840005124453834,7448,173.8,123.7,20.0,1.5,1.6,8.1,8.4,20.2,17.6,86.5,1.5,1.5,1.6,3.1,0.17872761116125102,0.34126914765005406,0.06621042714965052,0.4137928140390444,31.06285881982543,38.79910778432041,59.3125778615794,78.06354500303209,11.50737223860926,14.88133277155731,71.91719107998593,87.65549597214394,123.7,144.448886850624,20.0,24.37725918390977,1.5,1.9310065691869769,1.6,2.4974398633096797,8.1,11.072472429761048,8.4,10.31997376245085,20.2,22.88233861702718,17.6,19.007413829839784,86.5,99.27773661360376,1.5,1.7760007686680752
13,2022,1.2457869315678876,1.30434705595446,1.2797633199863077,1.212828624864388,1.1596714716026757,1.2244937890447174,1.3105604289748765,1.5392847190470695,1.379412855189917,1.217751927909807,1.1185013094598724,1.0742089612599344,1.1568994844463971,1.1281020267471655,1.1599469955908477,7420,181.4,137.8,21.6,1.5,1.6,8.1,8.8,22.1,15.8,77.3,1.6,1.5,1.6,3.1,0.18173172666885593,0.34037548075547885,0.06467773402126471,0.4132150585544005,32.96613521773047,41.068780438548515,61.74411220904386,80.5357509823882,11.73254095145742,15.01487555991246,74.95721162176825,90.91025189489811,137.8,159.80272878684872,21.6,26.449065843365897,1.5,1.9658406434623146,1.6,2.4628555504753114,8.1,11.173244127038327,8.8,10.716216965606302,22.1,24.71887893906318,15.8,16.972501587906965,77.3,89.42833014770649,1.6,1.8559151929453563
13,2023,1.258914442491596,1.325575621720906,1.3135680061984285,1.2245667174269432,1.173518244214918,1.222627730695312,1.23782410113207,1.583259232363085,1.381870554268863,1.2305326271969583,1.114283108567356,1.078231169613722,1.170961082569134,1.1838855752237778,1.1910307589667437,7393,171.4,139.7,24.5,2.0,2.3,9.1,10.2,23.4,17.8,81.0,1.5,2.0,2.3,4.3,0.17154653469314593,0.3507839030846376,0.06781529899095341,0.4098542632312631,29.403076046405214,37.01595708849822,60.12436098870688,79.69938719817732,11.623542247049416,15.268313214419903,70.2490207178385,86.02461270290082,139.7,163.940498716824,24.5,29.954379402035144,2.0,2.47564820226414,2.3,3.641496234435095,9.1,12.575022043846653,10.2,12.551432797408975,23.4,26.074224740476126,17.8,19.192514819124252,81.0,94.84784768809985,1.5,1.7865461384501156
13,2024,1.2708274738338998,1.3392097419803388,1.32965200719343,1.2342558112570483,1.1834298588943188,1.2298558008929945,1.2316717583979364,1.5962932073954064,1.390766763919122,1.2359660442283695,1.117676200659196,1.080335573959426,1.182010002140923,1.2071459455591098,1.2055913171687458,7378,147.3,119.6,19.55,2.76,2.42,8.5,8.8,19.6,15.5,79.0,1.2,2.76,2.42,5.18,0.17062131959221263,0.34704359857256695,0.06826543764619951,0.4140696441890209,25.132520375932923,31.939097380425853,51.11952206973911,68.45976196117356,10.055498965285189,13.370314382522908,60.99245858904278,75.28029645638092,119.6,141.53821112376053,19.55,24.043680907458043,2.76,3.399414053178304,2.42,3.8630295618968833,8.5,11.821517493312536,8.8,10.876501189209653,19.6,21.906453532920246,15.5,16.745201396371105,79.0,93.37879016913291,1.2,1.446709580602495
14,2015,1.244119148578186,1.317146915000753,1.2555013909091337,1.2239925843706567,1.1712702435810285,1.221786363348606,1.3554042531773878,1.676965203457828,1.318710192772246,1.2084795800808703,1.1499347494960368,1.1100176822935053,1.09896383758403,1.074918643482475,1.4082111244176525,3519,131.6,76.0,9.5,0.6,1.2,2.1,3.0,10.3,14.7,46.9,0.9,0.6,1.2,1.7999999999999998,0.26476903517657213,0.19082024081816382,0.062329134675514805,0.48208158932974926,34.84360502923689,43.349596222368795,25.11194369167036,33.076119163156235,8.202514123297748,10.298267890752136,63.441937155795,77.65246061680232,76.0,89.01653851215816,9.5,11.606970451811756,0.6,0.8132425519064327,1.2,2.0123582441493935,2.1,2.7692914048217165,3.0,3.625438740242611,10.3,11.84432791980918,14.7,16.317259929714528,46.9,51.54140398269101,0.9,1.2673900119758872
14,2016,1.2019921219135563,1.2657813675617773,1.235582442237014,1.1970681954393263,1.144265519847498,1.1982253151087836,1.2816342936351253,1.6196618552934483,1.3160231985639763,1.2294163966999452,1.1157535005401682,1.074760412543366,1.0854462580542026,1.076158374467241,1.2175071218830102,3514,134.6,78.4,9.0,0.7,1.5,2.1,2.2,10.0,14.1,47.2,0.9,0.7,1.5,2.2,0.26476757381112925,0.18929782546013177,0.06319893730900471,0.48273566341973423,35.637715434978,42.836253195840705,25.479487306933734,32.25146028814353,8.506576961792033,10.51057713752812,64.97622029629622,77.78096677655545,78.4,89.71041675604386,9.0,10.784027835979053,0.7,0.8971440055445876,1.5,2.4294927829401725,2.1,2.7636487169843504,2.2,2.70471607273988,10.0,11.157535005401682,14.1,15.154121816861462,47.2,51.23306338015836,0.9,1.0957564096947092
14,2017,1.2310260076503798,1.2765688988554555,1.2504093004356989,1.2024897789259648,1.152459649899771,1.2043266815475675,1.4527452315323486,1.6303305504516965,1.3193270518684863,1.245954077762149,1.1184087590134637,1.089287930346778,1.0944928803458716,1.089170592158659,1.25184080383998,3510,135.7,77.4,9.4,0.8,1.3,2.3,2.4,10.9,15.0,51.2,1.0,0.8,1.3,2.1,0.2869241377713823,0.1712825738443799,0.0585660899618083,0.4832271984224294,38.935605495576574,47.93074298866982,23.243045270682348,29.67134870724247,7.947418407817386,9.937525891588733,65.57393082592367,78.85198158217146,77.4,89.20037690224228,9.4,11.320670806547135,0.8,1.1621961852258789,1.3,2.1194297155872057,2.3,3.0344522192975183,2.4,2.9902897866291576,10.9,12.190655473246755,15.0,16.33931895520167,51.2,56.038035473708625,1.0,1.25184080383998
14,2018,1.2794829414949822,1.3345080619228489,1.2629192894406136,1.2356753741692144,1.1752129026440528,1.2323191083473504,1.3821432854173747,1.6081633299411553,1.3427216490997709,1.2081554704966735,1.147902113727613,1.1038487866558877,1.114491003814983,1.0978005365272925,1.2481095993764837,3502,137.6,83.7,10.8,0.7,1.1,2.4,2.6,11.3,15.7,55.9,1.0,0.7,1.1,1.8,0.29929519891229395,0.16514619912117534,0.05713083129305992,0.4784277706734708,41.18301937033164,52.69297076359676,22.724116999073726,30.325517335341942,7.861202385925044,9.928064131381314,65.83166124466958,81.34656264068805,83.7,98.36531995130721,10.8,13.309046370151385,0.7,0.9675002997921622,1.1,1.768979662935271,2.4,3.22253195783945,2.6,3.1412042232913513,11.3,12.971293885122028,15.7,17.330425950497435,55.9,62.30004711325754,1.0,1.2481095993764837
14,2019,1.2410273268758725,1.2928771815230002,1.2577293044995763,1.2112555667128369,1.1591360429635704,1.2200557290260725,1.2743005995088093,1.6484059822401074,1.349548349634594,1.2104355726509006,1.1119229869258775,1.0787380357740606,1.1158832335403948,1.1136527394376514,1.1799036629658155,3497,139.4,93.6,10.2,0.7,1.1,2.9,3.0,13.4,16.8,62.4,1.0,0.7,1.1,1.8,0.20370053300211116,0.18998114316941236,0.06557608896984021,0.5407422348586364,28.395854300494296,35.240031156899185,26.483371357816086,34.23974651832021,9.141306802395727,11.497289446794424,75.37946753929391,91.30379967281934,93.6,108.49513362139018,10.2,12.44456843606594,0.7,0.8920104196561665,1.1,1.8132465804641182,2.9,3.9136902139403222,3.0,3.631306717952702,13.4,14.89976802480676,16.8,18.122799001004218,62.4,69.63111377292063,1.0,1.1799036629658155
14,2020,1.221515551683816,1.2669921856021709,1.2506987693759328,1.1957396184024816,1.1428903557851589,1.2126382571997183,1.3055002216652951,1.633316474975544,1.3548378470337856,1.2089145685545646,1.1073442492707173,1.0794623093583118,1.1239741041518616,1.0948828814908522,1.157807528579739,3490,159.3,98.9,9.7,0.8,1.3,4.1,3.1,16.3,17.9,63.0,1.1,0.8,1.3,2.1,0.20498683708979962,0.19455870119509394,0.06297527051557451,0.537479191199532,32.65440314840508,39.88786127672977,30.993201100378467,39.268143600976124,10.031960593131021,12.546960768256822,85.62043515808546,102.37974646338351,98.9,113.03185618715221,9.7,11.762591094837267,0.8,1.0444001773322362,1.3,2.1233114174682073,4.1,5.554835172838521,3.1,3.7476351625191504,16.3,18.04971126311269,17.9,19.32237533751378,63.0,70.81036856156729,1.1,1.2735882814377129
14,2021,1.241810844796241,1.3158046493542968,1.2892796879445343,1.216987457602115,1.159018414403751,1.214701482231309,1.2949649456164167,1.5643799135995455,1.3559529977076017,1.2248961123081197,1.1282361873059927,1.0801646278730022,1.142082213364639,1.1248530333558358,1.187226643456348,3480,154.9,108.2,12.7,0.8,1.5,4.0,2.9,17.1,19.2,70.2,1.1,0.8,1.5,2.3,0.1940416439411969,0.2037090806378466,0.0630566377247909,0.5391926376961655,30.0570506464914,37.32517145540289,31.55453659080244,41.51960595439813,9.767473183570111,12.59300477811988,83.52093957913604,101.64393591495262,108.2,125.40579243848586,12.7,15.426708824337622,0.8,1.0359719564931333,1.5,2.3465698703993185,4.0,5.423811990830407,2.9,3.5521987256935468,17.1,19.292838802932476,19.2,20.73916085516164,70.2,80.17417137819767,1.1,1.305949307801983
14,2022,1.2389690289553952,1.3078320025906571,1.278280396967345,1.2119215664710905,1.1520441839945177,1.2205714447372822,1.3234371287612126,1.5361833650593435,1.3684746151039535,1.2154755097373593,1.1172354916203606,1.075604731835726,1.152350528534268,1.115816024608072,1.161927961075869,3481,133.4,98.5,14.6,0.8,1.3,3.7,3.1,16.5,17.3,57.3,1.1,0.8,1.3,2.1,0.2809686429439323,0.1834341028262609,0.054760685515654,0.4808365687141527,37.481216968720574,46.43806699180221,24.470109317023205,32.002792071694756,7.305075447788244,9.337934743275163,64.14359826646798,77.7370100901902,98.5,113.47635212345999,14.6,17.82034309316432,0.8,1.05874970300897,1.3,1.9970383745771467,3.7,5.063356075884628,3.1,3.7679740801858137,16.5,18.43438561173595,17.3,18.60796186075806,57.3,66.02968528501354,1.1,1.278120757183456
14,2023,1.2523668384843007,1.3288604333970466,1.3099277610905975,1.223462855265975,1.1664388040453952,1.220286984525007,1.2404986559287647,1.5885908522765813,1.3715990139165644,1.2275653759484773,1.1140032957256951,1.0781355168280833,1.1664744157466036,1.1643440898886035,1.1955785267277592,3466,113.6,88.6,14.3,1.0,1.4,4.0,3.6,15.0,16.3,59.4,0.9,1.0,1.4,2.4,0.1854689189382415,0.209838789237255,0.0643968623982691,0.5402954294262344,21.069269191384233,26.38645404638855,23.837686457352167,31.67695835689991,7.315483568443369,9.582755012106077,61.377560782820225,75.09316576461016,88.6,103.346478038422,14.3,17.4501038787076,1.0,1.2404986559287647,1.4,2.2240271931872138,4.0,5.486396055666257,3.6,4.419235353414519,15.0,16.710049435885427,16.3,17.57360892429776,59.4,69.28858029534825,0.9,1.0760206740549834
14,2024,1.2641178345769506,1.342725534959166,1.3254922953378234,1.2334890018035116,1.1768782204114547,1.227732457517888,1.2342719238968554,1.6035344103436353,1.3807168595285153,1.2314789191081543,1.1175489904866842,1.0793458312857342,1.1774105878173715,1.1855032796675211,1.2116614193046793,3446,116.8,88.1,13.02,1.23,1.45,4.0,3.5,15.1,16.2,62.4,0.8,1.23,1.45,2.6799999999999997,0.1836994824169775,0.211293389230816,0.0649769303544062,0.5400301979978003,21.456099546302973,27.123038096940007,24.679067862159307,33.13721459751142,7.589305465394644,10.059565921345834,63.07552712614307,77.80296899305654,88.1,103.68297121824915,13.02,15.985076596882902,1.23,1.5181544663931321,1.45,2.3251248949982712,4.0,5.522867438114061,3.5,4.31017621687854,15.1,16.87498975634893,16.2,17.485402466828894,62.4,73.47042067980398,0.8,0.9693291354437434
15,2015,1.2588317944751803,1.3244165409194693,1.2613740344867357,1.2337691921495966,1.182144180293228,1.2283496946936876,1.3579432171755024,1.6795418372811826,1.334411310385143,1.2170688995481005,1.1605587368292518,1.115129968734937,1.1013858449121694,1.0818716682167624,1.428634846548718,2440,156.5,90.0,16.9,3.8,8.6,5.1,4.9,9.3,21.9,51.8,1.3,3.8,8.6,12.399999999999999,0.18519796373929742,0.16998909116305372,0.06725317752952381,0.5775597675681251,28.983481325200046,36.48532780673945,26.60329276701791,35.23384098356179,10.525122283370477,13.276115958041263,90.38810362441158,111.5180575886243,90.0,106.39297622639052,16.9,20.75910984032332,3.8,5.160184225266908,8.6,14.44405980061817,5.1,6.805497682964228,4.9,5.963637607785693,9.3,10.793196252512043,21.9,24.421346315295118,51.8,57.05178676645037,1.3,1.8572253005133335
15,2016,1.2136366839381825,1.2680728016085705,1.238309554429847,1.2030208500680883,1.1519300228518028,1.2032422774262932,1.2920548253305424,1.6154490194563988,1.3305296182795685,1.2409360120881792,1.122373400420317,1.077646722467257,1.086404782005291,1.0830952932667703,1.2251458364885903,2436,156.1,99.8,16.5,4.3,9.9,5.9,5.2,9.3,22.7,55.3,1.5,4.3,9.9,14.2,0.1843288538852955,0.1792307152444384,0.0687623039995456,0.5676781268707205,28.773734091494624,34.92085922732057,27.97791464965683,35.47803261295581,10.733795654329068,13.291761714053257,88.61455560451947,106.6051580117549,99.8,114.96261628060992,16.5,19.853497577533837,4.3,5.555835748921332,9.9,15.99294529261835,5.9,7.8501247478494545,5.2,6.452867262858532,9.3,10.43807262390895,22.7,24.462580600006735,55.3,60.078184444892585,1.5,1.8377187547328855
15,2017,1.242319070531129,1.2787928034921312,1.2526807584807176,1.209104393209069,1.1599002673941792,1.2083132356841422,1.4873998674181608,1.625607472361251,1.3352640256621178,1.2549598089409384,1.1223735142814075,1.093294005217774,1.0964111324663657,1.097605277881493,1.272166373175192,2433,152.3,87.5,17.0,4.3,8.9,5.3,4.9,9.1,22.7,56.2,1.5,4.3,8.9,13.2,0.1940639631992705,0.1842926009746302,0.0707892299351184,0.5508542058909809,29.5559415952489,36.71790989128195,28.067763128436184,35.89285349876598,10.781199719118533,13.505401441477503,83.8950955571964,101.43792860690081,87.5,101.49127339699068,17.0,20.541325006630416,4.3,6.395819429898091,8.9,14.467906504015135,5.3,7.076899336009224,4.9,6.149303063810598,9.1,10.213598979960809,22.7,24.817773918443468,56.2,61.618305644609755,1.5,1.908249559762788
15,2018,1.2839459661870347,1.337385109523314,1.2670875577419864,1.2400543245552662,1.184778914146886,1.2348978803988888,1.3734528986491823,1.600212696460611,1.3572440150371197,1.215777612688104,1.1529169622434696,1.103515405318816,1.1156269536887822,1.1069082521854912,1.2582248725165643,2422,153.0,94.0,20.0,3.3,7.5,5.6,5.2,9.2,22.2,58.0,1.4,3.3,7.5,10.8,0.19688209715422492,0.18083103367352302,0.07111817836932792,0.5511686908029242,30.12296086459641,38.67625409170847,27.667148152049023,37.00163196152584,10.881081290507172,13.787282717980755,84.3288096928474,104.57230514421347,94.0,111.36921792980729,20.0,24.697957607977777,3.3,4.532394565542301,7.5,12.001595223454583,5.6,7.60056648420787,5.2,6.3220435859781405,9.2,10.60683605263992,22.2,24.498041998077717,58.0,64.70636331394937,1.4,1.76151482152319
15,2019,1.2503982795530868,1.2975859011347126,1.2622238008304276,1.2180387738200842,1.1683191511312527,1.2240130433478609,1.290232107459574,1.6402547366856084,1.3648067534652892,1.2187014589099856,1.1171652021251814,1.0825674290252052,1.1184350560441636,1.1258886185314785,1.1918951564537914,2415,169.8,100.3,19.5,3.5,6.4,6.5,6.7,11.0,24.0,69.1,1.3,3.5,6.4,9.9,0.18985413312805333,0.19073964333672522,0.07439709175666871,0.5450091317785528,32.23723180514346,40.309379186705435,32.387591438575946,42.02568202240747,12.632626180282347,15.945201431745952,92.54255057599828,112.72041482977207,100.3,117.18241085846465,19.5,23.868254345283287,3.5,4.515812376108509,6.4,10.497630314787894,6.5,8.87124389752438,6.7,8.165299774696903,11.0,12.288817223376995,24.0,25.981618296604925,69.1,77.2838623726517,1.3,1.5494637033899288
15,2020,1.2325623207936225,1.2702047480485912,1.253343299440395,1.201836166906576,1.1518359302425727,1.2166047534879914,1.2968763910661254,1.6186627966095388,1.3711377632282171,1.218701371314135,1.1095377524090095,1.081989621840212,1.1260617685369645,1.1035694077873552,1.165858014501779,2403,173.1,100.9,18.3,3.9,6.4,8.0,6.5,14.3,24.8,67.3,1.3,3.9,6.4,10.3,0.19317255983139336,0.19874933099559855,0.07232982577035471,0.5357482834026535,33.43817010681419,41.21462854994683,34.40350919533811,43.699500729451835,12.5202928408484,15.69222513910889,92.73802785699931,111.45591592613133,100.9,116.22024536147559,18.3,22.26386698883024,3.9,5.057817925157889,6.4,10.35944189830105,8.0,10.969102105825737,6.5,7.921558913541878,14.3,15.866389859448837,24.8,26.83334262163726,67.3,75.7839570225377,1.3,1.5156154188523128
15,2021,1.255923388990284,1.3236087912133925,1.2946386838591288,1.2239818657941122,1.170061408955494,1.221434401916421,1.296093992455062,1.5545079312975318,1.3720479685155842,1.2322292812941058,1.1352746909052482,1.0841879471995155,1.1464399676237622,1.1370884165226816,1.2019252469620136,2400,158.7,105.1,26.8,4.1,7.1,7.4,6.4,13.7,23.8,67.5,1.3,4.1,7.1,11.2,0.1805460209551537,0.2123364308914151,0.0654514937960814,0.5416660543573498,28.652653525582892,35.98553771941448,33.69779158246757,44.60269318303074,10.387152065438116,13.447608879043434,85.96240282651141,105.21642219973849,105.1,122.9734540812224,26.8,32.734441971360084,4.1,5.313985369065754,7.1,11.037006312212476,7.4,10.153154967015324,6.4,7.886267400282278,13.7,15.5532632654019,23.8,25.80367314334847,67.5,77.38469781460395,1.3,1.5625028210506178
15,2022,1.2520898656985224,1.313136896494402,1.282483194315092,1.2183513931409382,1.1626675291665498,1.2259664175189096,1.3116039503957642,1.5370592936455216,1.3856494177323369,1.2231634520408212,1.1219722591686891,1.078572891723495,1.1559190459320623,1.125699076215749,1.1730947961062026,2401,153.2,92.6,24.9,4.0,6.6,6.8,6.6,14.2,20.9,57.8,1.2,4.0,6.6,10.6,0.18278375825815624,0.21938630346407295,0.06804234146770402,0.5297875968100667,28.002471765149533,35.061611111652745,33.609981690695975,44.134507048554184,10.424086712852255,13.368716025316267,81.16345983130222,98.88561435760563,92.6,107.6630132008225,24.9,30.526563796220845,4.0,5.246415801583057,6.6,10.144591338060442,6.8,9.42241604057989,6.6,8.07287878346942,14.2,15.932006080195386,20.9,22.54217343702104,57.8,66.8121208548732,1.2,1.407713755327443
15,2023,1.2655899213645077,1.33402934319387,1.3144015777285276,1.2292569248827758,1.1757683632108784,1.2258997019479636,1.2455628881410208,1.5790447302702506,1.3882089897222416,1.2346402869636106,1.1184045542287395,1.0819809778541627,1.1704835520888996,1.1781836468698264,1.2080616746687536,2396,168.6,122.4,27.4,4.3,7.4,8.3,8.0,16.5,25.4,77.6,1.4,4.3,7.4,11.7,0.17310719164039323,0.22771299851495436,0.06867851137822331,0.530501298466429,29.1858725105703,36.93734609560721,38.3924115496213,51.21660356317005,11.57919701836845,15.219714829772954,89.44251892143993,109.94783576313874,122.4,143.91404765701154,27.4,33.5896518333742,4.3,5.355920419006389,7.4,11.684931003999855,8.3,11.522134614694606,8.0,9.877122295708885,16.5,18.453675144774202,25.4,27.48231683749573,77.6,90.82952364209861,1.4,1.691286344536255
15,2024,1.2780039391030606,1.347687592467124,1.3300720515980666,1.2392045986233158,1.1863514574881058,1.2335615957378172,1.243513985696073,1.5956552770679742,1.3971421406660052,1.2391176968989923,1.1217652997100305,1.0833648739560051,1.1815336058224628,1.2000561648097197,1.2244119032109675,2388,164.8,116.4,25.46,6.14,8.45,9.2,8.0,16.9,29.3,80.3,1.5,6.14,8.45,14.59,0.16960392257865503,0.23274477406015842,0.06791907213172542,0.5297322312294612,27.950726440962352,35.72113849234196,38.35633876511411,51.69236184621006,11.19306308730835,14.887580384202806,87.29987170661522,108.18240247806308,116.4,138.09130965161552,25.46,31.406478227484826,6.14,7.635175872173888,8.45,13.48328709122438,9.2,12.853707694127246,8.0,9.912941575191939,16.9,18.957833565099513,29.3,31.74259080691095,80.3,94.87714854754375,1.5,1.8366178548164513
21,2015,1.2559273249870924,1.211283906145008,1.1763397283171904,1.1747742928215192,1.1527236447117448,1.150511143500227,1.2757572738976135,1.2684130729010972,1.287921179041078,1.1914646297147182,1.1169700296106095,1.0860107920002486,1.072804896280663,1.0341395412712957,1.0842503436344946,4338,135.8,123.3,18.1,2.1,1.3,4.7,13.9,12.3,14.4,60.5,1.3,2.1,1.3,3.4000000000000004,0.5235798145351964,0.21475975084165902,0.12211666109213071,0.13954377353101394,71.10213881387968,89.29911900137681,29.164374164297296,35.32633705800458,16.583442576311352,19.507762334781823,18.950044445511693,22.26202506241236,123.3,142.13082539295814,18.1,20.82425169735411,2.1,2.6790902751849885,1.3,1.6489369947714263,4.7,6.053229541493067,13.9,16.561358353034585,12.3,13.738731364210498,14.4,15.638555404803581,60.5,64.9046962249801,1.3,1.409525446724843
21,2016,1.1674914225940258,1.1627721428414994,1.1603319985456788,1.1230704566520937,1.1258593483776145,1.1493316568666117,1.2536673613544844,1.2441107018097028,1.2593412387248488,1.2266543132754502,1.11400854515956,1.0370328521374117,1.056531550508888,1.030500885653035,1.0253081064055294,4327,134.7,119.3,18.3,2.6,1.8,5.3,14.8,13.3,14.8,65.7,1.3,2.6,1.8,4.4,0.513460757184722,0.22944116092386235,0.12058067795717682,0.13651740393423892,69.16316399278205,80.74740072103701,30.905724376444255,35.93631535926685,16.242217320831717,18.846364484693908,18.388894309941982,20.65202392999363,119.3,134.3150202614494,18.3,21.032769320658993,2.6,3.2595351395216596,1.8,2.2393992632574653,5.3,6.674508565241698,14.8,18.154483836476665,13.3,14.816313650622149,14.8,15.348086211633694,65.7,69.41412286843394,1.3,1.3329005383271884
21,2017,1.2258337874956042,1.1752637794699186,1.1768823632239975,1.1319528908012486,1.139691020475318,1.176435494727285,1.2954087743067466,1.3234544232129828,1.301998643461687,1.2472324575114178,1.1353772974564953,1.0452469537801448,1.06947228529841,1.0386916158290924,1.0227760272481534,4312,128.6,113.8,18.5,2.6,1.5,5.2,14.5,13.6,15.0,65.1,1.3,2.6,1.5,4.1,0.5217967220815313,0.24075848906955494,0.11529471540043182,0.12215007344848211,67.10305845968492,82.25719630417451,30.961541694344763,36.38797850991109,14.826900400495532,17.44951758262202,15.708499445474798,17.781281357455008,113.8,129.69683813009118,18.5,21.764056652454773,2.6,3.3680628131975414,1.5,1.9851816348194742,5.2,6.770392946000773,14.5,18.084870633915557,13.6,15.441131245408336,15.0,15.678704306702171,65.1,69.62264577292649,1.3,1.3296088354225994
21,2018,1.2757983104197776,1.2416652709799467,1.1854694142653863,1.1734621492860766,1.1727137618498344,1.2126443560903062,1.3186705532245744,1.299673888852006,1.3132723653619618,1.2090711236282188,1.1413679285523897,1.0885436489548053,1.093139398987616,1.0404385351344878,1.0633027429904174,4291,127.8,107.7,19.0,2.6,1.3,5.1,13.7,12.1,14.9,61.8,1.2,2.6,1.3,3.9000000000000004,0.5075075892425959,0.24771195785679576,0.11248745939624973,0.13229299350435872,64.85946990520375,82.74760211978136,31.657588214098496,39.308127848430175,14.375897310840715,17.042186564621684,16.907044569857042,19.839776859019935,107.7,126.30127215122717,19.0,23.040242765715817,2.6,3.4285434383838935,1.3,1.689576055507608,5.1,6.6976890633460044,13.7,16.564274393706597,12.1,13.810551935483915,14.9,16.2193003694266,61.8,67.55601485743466,1.2,1.2759632915885009
21,2019,1.2725507354523429,1.2371426789040725,1.1794570293208384,1.1572733316530082,1.168829813478008,1.2303731714779451,1.3583832265756803,1.3359094068087585,1.3282914276783646,1.2188630523244917,1.12945272099208,1.075583912031101,1.1026644478270358,1.0454034618441683,1.0461608070069237,4277,127.9,110.3,17.9,2.7,1.1,5.6,15.4,13.1,16.0,67.4,1.2,2.7,1.1,3.8000000000000003,0.48502858676493765,0.27302270647891175,0.10784756653188451,0.13410114022426614,62.03515624723553,78.94288370632057,34.91960415865282,43.20053263510554,13.79370375942803,16.269080859426666,17.15153583468364,19.84901501837029,110.3,128.92192842662428,17.9,22.023679769455217,2.7,3.6676347117543373,1.1,1.4695003474896344,5.6,7.438431994998841,15.4,18.770491005797172,13.1,14.795830644996247,16.0,17.209342592497617,67.4,74.31958378354221,1.2,1.2553929684083085
21,2020,1.2024231916116277,1.15573104885875,1.1610554208763064,1.111914175672755,1.1109892219473867,1.1839388348249815,1.2127548038986924,1.3186597741243566,1.3078552860425956,1.227600242546158,1.115046648652374,1.0505466284975686,1.1052555784153486,1.0461306695599035,1.0248178401648045,4255,145.9,117.1,16.5,3.1,1.4,7.1,15.1,16.6,17.7,69.6,1.2,3.1,1.4,4.5,0.471879463866848,0.29895913929416834,0.10066524051356102,0.12849615632542283,68.84721377817313,82.78348652471897,43.61813842301916,50.41083686890208,14.687058590928553,17.05248899372552,18.74758920787919,20.84571019993043,117.1,130.09683789003898,16.5,19.534990774612194,3.1,3.7595398920859466,1.4,1.846123683774099,7.1,9.285772530902427,15.1,18.536763662446987,16.6,18.50977436762941,17.7,18.594675324406964,69.6,76.92578825770826,1.2,1.2297814081977654
21,2021,1.214531391073349,1.1817192769269975,1.173342083805493,1.1200176562231612,1.117971793249115,1.18282659697689,1.2110843725206275,1.247470979775943,1.3090691410878563,1.221769367547873,1.1208608036008183,1.0559027109293806,1.1223105398701088,1.052771359666481,1.0295523183437634,4229,161.3,128.1,26.3,3.8,1.6,7.5,17.1,17.5,19.3,78.7,1.1,3.8,1.6,5.4,0.450131812050414,0.33160096028439634,0.09742351154262673,0.12084371612256292,72.60626128373178,88.1825835175658,53.487234893873136,63.20689654361223,15.714412411825691,18.438381405070462,19.4920914105694,21.83148653655355,128.1,143.21218671521163,26.3,31.10833950049221,3.8,4.602120615578384,1.6,1.9959535676415088,7.5,9.818018558158922,17.1,20.89225618506863,17.5,19.61506406301432,19.3,20.378922320937047,78.7,88.32583948777756,1.1,1.1325075501781399
21,2022,1.2261991465904143,1.1887096357077345,1.182051063638507,1.1257610632598176,1.1250180968200492,1.1996934338992946,1.2073275787935356,1.1967060727432712,1.330019202068515,1.2256376692919,1.1199842348410547,1.0549757466229517,1.139700852927089,1.0550885339759666,1.036462666480097,4197,149.3,119.2,27.5,3.8,1.5,6.8,17.0,18.7,15.6,68.7,1.1,3.8,1.5,5.3,0.45011016442632396,0.33468845202118636,0.09618379442108782,0.11901758913140181,67.20144754885017,82.40235763404057,49.96898588676313,59.398615010139125,14.360240507068413,16.974537565484994,17.769326057318292,20.004015395697024,119.2,134.10215714094986,27.5,32.991569432230605,3.8,4.587844799415435,1.5,1.7950591091149068,6.8,9.044130574065903,17.0,20.8358403779623,18.7,20.943705191527723,15.6,16.457621647318046,68.7,78.29744859609102,1.1,1.140108933128107
21,2023,1.2479073628338595,1.1970636678123665,1.195880527249858,1.1291494209490494,1.1283808028019695,1.205777856132006,1.2140459919015918,1.255350134321558,1.3376836261483525,1.226142330511593,1.10660038362796,1.0625628468033623,1.1596772880227484,1.0679816266493285,1.039267926722798,4182,145.7,129.5,30.7,3.9,1.9,7.5,18.1,19.4,15.6,74.6,1.1,3.9,1.9,5.8,0.4212608380178585,0.36659029228267703,0.09314720088072591,0.11900166881873853,61.377704099201985,76.59368885923212,53.41220558558604,63.93781072422979,13.571547168321764,16.22994898324895,17.338543146890203,19.57780595441118,129.5,146.12531396285505,30.7,37.017380183252584,3.9,4.734779368416208,1.9,2.38516525521096,7.5,10.032627196112644,18.1,22.193176182259837,19.4,21.468047442382424,15.6,16.575980410132452,74.6,86.51192568649702,1.1,1.143194719395078
21,2024,1.26526085780369,1.205579612464715,1.2120254319062798,1.1436340783434813,1.146843578756659,1.2228474259272823,1.22672202991695,1.2094457382743231,1.3563997279635784,1.2396856262160614,1.1049248905083386,1.0600809927593553,1.1740384443130722,1.0768048427546286,1.0520371364265222,4155,144.5,117.1,27.01,4.76,2.09,7.6,16.6,19.3,14.2,75.9,1.1,4.76,2.09,6.85,0.41022286047335044,0.37738218691204894,0.09533233788210191,0.11706261473249871,59.27720333839914,75.00112514414664,54.531726008791075,65.74233710871036,13.775522823963726,16.69628400044945,16.915547828846062,19.345196950917444,117.1,134.29538307240477,27.01,33.0291089742959,4.76,5.839196862404681,2.09,2.527741592993335,7.6,10.308637932523196,16.6,20.57878139518662,19.3,21.325050386810936,14.2,15.053150097182845,75.9,89.10951792336219,1.1,1.1572408500691744
22,2015,1.2619041662866572,1.2574375154137485,1.2013228677962076,1.2060271189907754,1.1711589876511863,1.1861340790189392,1.2682559351716012,1.570155371959148,1.2886015803718207,1.1850132400472304,1.1403843223005914,1.0899433893157138,1.084245969628313,1.0697738236402738,1.2561786772264942,2613,129.7,94.7,14.9,1.7,0.7,3.8,7.0,9.7,9.5,47.1,1.1,1.7,0.7,2.4,0.20049102941293934,0.20069060635593483,0.06095745708406611,0.5378609071470598,26.00368651485823,32.81416035191177,26.029571644364744,32.730559895774164,7.906182183803374,9.497877454365952,69.76055965697365,84.13312678228405,94.7,110.90875613056734,14.9,17.673397777382196,1.7,2.1560350897917218,0.7,1.0991087603714034,3.8,4.896686005412919,7.0,8.295092680330614,9.7,11.061727926315736,9.5,10.35446219849928,47.1,51.06798516949355,1.1,1.3817965449491438
22,2016,1.1963935314101606,1.2044538860715688,1.1786364833780127,1.1665182030948358,1.1433884686614195,1.1737566831937587,1.2445667861125531,1.5252426979845473,1.2764186675422813,1.2142536298436344,1.106396795598651,1.0550551810254256,1.0683671308480749,1.0670090937465462,1.1279624024424184,2567,137.6,101.3,14.2,2.1,1.0,4.8,7.4,10.3,9.5,50.8,1.2,2.1,1.0,3.1,0.197501651879746,0.2176145123211365,0.0630649221046002,0.5218189136945173,27.17622729865305,32.51346254824073,29.94375689538838,36.06587435623287,8.677733281592987,10.2278930387091,71.80228252436558,83.75866958843066,101.3,115.82525187540179,14.2,16.667344901351374,2.1,2.6135902508363618,1.0,1.5252426979845473,4.8,6.12680960420295,7.4,8.985476860842894,10.3,11.395886994666105,9.5,10.023024219741544,50.8,54.2730502470822,1.2,1.353554882930902
22,2017,1.2287092783967597,1.2159085727208263,1.1897942830180217,1.1740056552661942,1.1578743762991348,1.1858870402501678,1.3450541306650892,1.5399750052972656,1.2886450177990918,1.230987786386358,1.113530198515618,1.0655013085357516,1.078265640549213,1.0815565071254631,1.1545322433762166,2526,142.2,109.4,15.7,2.2,0.8,5.0,7.3,10.9,9.7,50.9,1.3,2.2,0.8,3.0,0.19600025970258494,0.22886859159634035,0.06119576338008501,0.5139353853209897,27.871236929707578,34.24564741592612,32.545113724999595,39.57188277840123,8.702037552648088,10.353634530748833,73.08161179264474,85.79822554053351,109.4,126.67145676712535,15.7,18.618426531927632,2.2,2.9591190874631965,0.8,1.2319800042378126,5.0,6.443225088995459,7.3,8.986210840620414,10.9,12.137479163820238,9.7,10.33536269279679,50.9,54.88372110395494,1.3,1.5008919163890817
22,2018,1.2654089723651605,1.2651193528597586,1.2015256357570852,1.2006392798043413,1.1838569613074852,1.2086716089398373,1.300741403240584,1.520342338590547,1.3063974503029618,1.199745035561807,1.1314859767500949,1.0790320975883785,1.0944527191655806,1.0871570270889188,1.1588081220167827,2484,132.6,92.3,18.9,2.3,0.7,4.9,8.0,10.1,10.0,53.9,1.3,2.3,0.7,3.0,0.19787998131283055,0.23209865411342184,0.061346893576734014,0.5086744709970137,26.23888552208133,33.20292116450402,30.776281535439736,38.93566937954526,8.13459808827493,9.773928139642903,67.45023485420401,80.98340139798518,92.3,109.26999752868088,18.9,22.843893408962924,2.3,2.991705227453343,0.7,1.0642396370133829,4.9,6.401347506484513,8.0,9.597960284494455,10.1,11.428008365175957,10.0,10.790320975883784,53.9,58.991001563024795,1.3,1.5064505586218175
22,2019,1.2336048372930613,1.230552569349663,1.1945157275060008,1.172376083162856,1.15642582005107,1.207379215126768,1.2510767495482942,1.5588752319190882,1.3206561894119453,1.2092421063305363,1.1008589610758186,1.0675770782120912,1.1009807262737388,1.1000952726934965,1.1138525888124997,2448,140.6,95.9,16.7,2.5,0.6,5.6,9.9,11.1,10.8,63.7,1.4,2.5,0.6,3.1,0.1913191632373569,0.2584009234711015,0.0569750709232359,0.4933048423683056,26.89947435117238,33.18332168024688,36.33116984003687,44.70741439413636,8.010694971806966,9.568901132076661,69.35866083698376,81.314435125484,95.9,110.90123614289762,16.7,20.163232892617025,2.5,3.1276918738707353,0.6,0.9353251391514529,5.6,7.395674660706893,9.9,11.97149685267231,11.1,12.219534467941585,10.8,11.529832444690586,63.7,70.13247226363717,1.4,1.5593936243374995
22,2020,1.2166568981685362,1.204992485407554,1.1902097592774314,1.159200397035494,1.1414906768395523,1.201494859946197,1.2195753307158406,1.5336540072696314,1.3307229304162214,1.210487271554319,1.0957469422995498,1.061942197027016,1.1097328149031274,1.091654496261787,1.0988511316029574,2399,157.5,105.6,14.2,2.7,0.8,7.1,10.2,14.0,11.6,64.0,1.4,2.7,0.8,3.5,0.18815037188603514,0.27961269838561364,0.056595072006747016,0.47564185772160433,29.633683572050536,36.05402553607891,44.03899999573415,53.06666405972295,8.913723841062655,10.609201107136684,74.91359259115268,86.83986627501943,105.6,120.54141547425671,14.2,17.061227011235996,2.7,3.29285339293277,0.8,1.2269232058157051,7.1,9.44813280595517,10.2,12.346970169854051,14.0,15.340457192193698,11.6,12.318529485513386,64.0,71.02290015380015,1.4,1.5383915842441402
22,2021,1.2333157467242917,1.2414537110370365,1.2158025447843424,1.1778431641077316,1.1519368458262975,1.2028034197829636,1.2203498543722309,1.4764532655397415,1.324485038891184,1.2171995411693697,1.1075561873191535,1.064789604569668,1.1257044620377508,1.1130861776834835,1.11798711243567,2375,156.1,109.4,22.8,2.9,0.8,7.2,9.9,14.4,11.3,67.0,1.5,2.9,0.8,3.7,0.18165094795150852,0.29528297169657297,0.054362846938090806,0.46870323341382775,28.355712975230478,34.97154732194606,46.093671881835036,57.22316001302761,8.486040407035974,10.317349522017093,73.16457473589851,86.17639420752731,109.4,126.02189093339696,22.8,27.42391797105157,2.9,3.5390145776794695,0.8,1.1811626124317933,7.2,9.536292280016525,9.9,12.05027545757676,14.4,15.948809097395811,11.3,12.03212253163725,67.0,75.4221989565293,1.5,1.676980668653505
22,2022,1.240786711413712,1.239985144801924,1.2144563626652929,1.1807901600415405,1.1563768004384447,1.216383254339253,1.2274044787507012,1.4644319018392251,1.350584581181838,1.212832766905035,1.1041336851994856,1.0623082518959344,1.1375950404845518,1.1081370549863507,1.107151741857891,2348,147.1,99.9,23.1,2.9,0.8,6.0,9.7,14.4,9.0,53.9,1.4,2.9,0.8,3.7,0.18007675785057992,0.30594052282240264,0.05524603754736331,0.4587366817796541,26.489291079820305,32.86756036661082,45.003850907175426,55.804106583778115,8.126692123217143,9.869512956462978,67.48016588978712,79.67991588063143,99.9,115.52204236380064,23.1,28.098453175236745,2.9,3.5594729883770335,0.8,1.1715455214713801,6.0,8.103507487091028,9.7,11.764477838978838,14.4,15.899525066872593,9.0,9.56077426706341,53.9,61.31637268211734,1.4,1.5500124386010472
22,2023,1.2546197370266925,1.2547258367992835,1.2360438930602418,1.186994456730018,1.1621650838584967,1.221951591343027,1.2022270252150888,1.4864664567757009,1.3533575293859883,1.218528663345404,1.100406190410815,1.0670863520225835,1.152513261219467,1.141902824598158,1.1267788965285026,2339,140.7,102.0,24.7,3.2,1.1,6.0,10.1,15.1,8.4,57.7,1.2,3.2,1.1,4.300000000000001,0.17384705854250332,0.32229817365718183,0.05343762758745011,0.4504171402128647,24.460281136930217,30.688351487614355,45.34735303356548,56.89849548167298,7.51867420155423,9.293411330740696,63.37369162795006,75.22422066489426,102.0,118.54083855356666,24.7,30.182204306172768,3.2,3.8471264806882846,1.1,1.635113102453271,6.0,8.12014517631593,10.1,12.30713949978858,15.1,16.61613347520331,8.4,8.963525356989702,57.7,66.50001517236325,1.2,1.352134675834203
22,2024,1.271726984963683,1.26803358337169,1.2498108054227088,1.1982991886673018,1.1787072963602774,1.2339236864107592,1.2108516547133152,1.486823149331607,1.3647144453658864,1.2243024615413565,1.105251686082882,1.0676325134264075,1.1636582706340972,1.158225977812445,1.1397824294896357,2317,144.3,96.6,22.2,4.43,1.19,6.2,10.2,16.2,7.8,56.8,1.1,4.43,1.19,5.619999999999999,0.17127821675474583,0.32646291961333523,0.05477950500132522,0.4474793586305938,24.715446677709824,31.43130048547459,47.108599300204276,59.735285978259114,7.90468257169123,9.879357691536265,64.57127145039469,77.37570219022406,96.6,113.86312482840279,22.2,27.393105838318853,4.43,5.364072830379986,1.19,1.7693195477046124,6.2,8.461229561268496,10.2,12.487885107721835,16.2,17.905077314542687,7.8,8.327533604725978,56.8,66.09578977201672,1.1,1.2537606724385995
23,2015,1.2483756332297733,1.1513029483941977,1.104402293482985,1.164450061754551,1.1477207839317054,1.1213032374081249,1.0942350787409303,1.615588023328417,1.1977814662749646,1.1089728810476152,1.101055830496944,1.0381093275864426,1.052425113298751,1.071642159802867,1.0130026395573253,3529,138.6,91.4,13.9,1.5,1.2,4.5,7.9,9.6,10.4,54.5,1.6,1.5,1.2,2.7,0.5194031841248304,0.23660999582393963,0.11121224788350861,0.13277457216772143,71.98928131970149,89.86966465323864,32.79414542119803,37.75599631349337,15.414017556654294,17.023276341356,18.40255570244619,21.42885712415503,91.4,104.90167965135788,13.9,15.586114999972937,1.5,1.6413526181113953,1.2,1.9387056279941004,4.5,5.390016598237341,7.9,8.76088576027616,9.6,10.570135972770663,10.4,10.796337006899003,54.5,57.35716867478193,1.6,1.6208042232917206
23,2016,1.1809864266796863,1.1154739719331292,1.0858490583744602,1.1265224089260626,1.1318768289371377,1.1384500111387117,1.144065030227627,1.5952825050433743,1.190002434306356,1.1657056684235751,1.0742020293366004,1.0275540425098233,1.0438203544650573,1.0619971885953463,1.0093201335507602,3463,142.6,89.7,14.2,1.8,1.5,5.5,8.3,9.9,9.8,57.4,1.8,1.8,1.5,3.3,0.5019217464022749,0.25333636513695196,0.11587990813776801,0.12886198032300522,71.5740410369644,84.52797096726982,36.12576566852935,40.29735131939991,16.524474900445718,17.943085510781383,18.375718394060545,20.700658551024045,89.7,101.52935155566125,14.2,16.165990158169706,1.8,2.059317054409729,1.5,2.3929237575650615,5.5,6.545013388684958,8.3,9.675357047915675,9.9,10.634600090432343,9.8,10.070029616596269,57.4,59.91528834629429,1.8,1.8167762403913685
23,2017,1.200345768393844,1.1318539207402123,1.0900800484133033,1.1381731311562624,1.1617962383686835,1.147367104395795,1.1445698578744568,1.5714505293566727,1.1941152945217526,1.170713217333478,1.073552466521745,1.0304324671289395,1.0497734634676092,1.08145904654275,1.0117243820145376,3399,141.2,92.5,15.4,1.9,1.4,5.7,8.2,11.1,10.4,60.2,1.8,1.9,1.4,3.3,0.5051874549721209,0.26374877611846326,0.11208665634999133,0.11897711255942453,71.33246864206347,85.62362688358748,37.241327187927006,42.151742191224244,15.826635876618775,17.25230000260432,16.79956829339074,19.12081724656201,92.5,107.46615204910323,15.4,17.669453407695244,1.9,2.174682729961468,1.4,2.200030741099342,5.7,6.80645717877399,8.2,9.59984838213452,11.1,11.91643237839137,10.4,10.716497658140971,60.2,63.19636250075008,1.8,1.8211038876261678
23,2018,1.2214383884472069,1.1456600175264535,1.0960985157552414,1.1474895253686854,1.18047571637144,1.1538122595496043,1.1686732452015842,1.56301679879052,1.2077418879259905,1.1580867854659598,1.079742566737136,1.0311054011908356,1.0539334069910875,1.0844255498151614,1.0125298732298986,3327,139.9,95.8,18.5,2.0,1.1,5.3,9.0,10.9,10.4,64.3,1.8,2.0,1.1,3.1,0.5057183834934385,0.26124103257262465,0.11086249961400202,0.12217808431993502,70.75000185073205,86.41676824319505,36.54762045691019,41.8711474932139,15.509663695998883,17.00011935704733,17.09271399635891,19.613710270944573,95.8,113.08957362838396,18.5,21.34552680166768,2.0,2.3373464904031684,1.1,1.719318478669572,5.3,6.40103200600775,9.0,10.422781069193638,10.9,11.769193977434783,10.4,10.72349617238469,64.3,67.76791806952693,1.8,1.8225537718138176
23,2019,1.1700669796661896,1.111305367906097,1.087413658444896,1.101489055894811,1.1233955477227713,1.156860691342412,1.1045680017544346,1.5933108586673497,1.233901169149882,1.1740348294148026,1.053996109116374,1.0340624806813026,1.0645089039563538,1.091435299934295,1.0104863486419111,3255,138.8,96.1,15.1,1.9,1.1,6.0,10.3,12.2,9.8,67.3,1.6,1.9,1.1,3.0,0.488506771302942,0.2885031658061517,0.0942897746311328,0.1287002882597734,67.80473985684836,79.33608717135427,40.04423941389386,44.50137821437715,13.087420718801235,14.23144004343918,17.863600010456548,19.676559910400318,96.1,107.95831213615831,15.1,17.46859643927042,1.9,2.098679203333426,1.1,1.7526419445340848,6.0,7.403407014899292,10.3,12.092558742972468,12.2,12.858752531219762,9.8,10.133812310676767,67.3,71.6414492362626,1.6,1.616778157827058
23,2020,1.189369637954078,1.118780601526382,1.09743109451856,1.1129700839987384,1.136668289747834,1.1815297800194104,1.1014486321683592,1.5676882283239315,1.2719871949226098,1.180196367177668,1.0566924547448957,1.0338843101001685,1.0785503292470835,1.0938732930658572,1.012358189764905,3171,167.1,108.0,15.0,2.3,1.4,8.2,10.3,16.4,10.6,70.2,1.8,2.3,1.4,3.6999999999999997,0.47621282808376253,0.3048387084584396,0.09568301529376941,0.12326544816402851,79.57516357279671,94.64428348871375,50.93854818340525,56.989059577510716,15.988631855588867,17.546421757133203,20.597656388209163,22.924575360562304,108.0,122.76017529276606,15.0,17.722946700291157,2.3,2.533331853987226,1.4,2.194763519653504,8.2,10.4302949983654,10.3,12.156022581929982,16.4,17.32975625781629,10.6,10.959173687061785,70.2,75.71423311314527,1.8,1.822244741576829
23,2021,1.199831051774221,1.1408397770083727,1.1087280296807769,1.1367694129827328,1.138710718057241,1.181747827403222,1.111578092606375,1.5233594360128722,1.2500570740532115,1.1810881062643186,1.0568175254208996,1.0370743271744716,1.0874548911667872,1.1011912626517713,1.0138573424335382,3125,169.7,121.3,24.4,2.5,1.6,8.6,10.7,16.7,12.4,79.5,2.0,2.5,1.6,4.1,0.46887560912745774,0.31771688498907974,0.09392481291728881,0.11948269296617361,79.56819086892958,95.46838613803975,53.91655538264683,61.510151019798386,15.93904075206391,17.672061248037426,20.27621299635966,23.04937874538463,121.3,138.12561010034332,24.4,28.834646988638617,2.5,2.7789452315159373,1.6,2.4373750976205955,8.6,10.750490836857619,10.7,12.637642737028209,16.7,17.64885267452902,12.4,12.859721656963448,79.5,86.45266384775958,2.0,2.0277146848670764
23,2022,1.220599691816551,1.1426052726566915,1.1164548499746094,1.1503103062143245,1.158722174571055,1.206423552835307,1.1154629956215134,1.539755644833781,1.299096536721518,1.1803932431184072,1.062680156709893,1.0380142696818788,1.0972884759574155,1.1047969048963664,1.016555209773831,3099,148.0,108.1,23.0,2.6,1.6,6.9,11.2,16.0,10.6,65.1,1.8,2.6,1.6,4.2,0.45998304609262836,0.32872732438872104,0.09506061418442562,0.11622901533422501,68.07749082170899,83.09536431662207,48.65164400953071,55.58962496870613,14.06897089929499,15.707370794669535,17.201894269465303,19.787516264575068,108.1,125.25786707113103,23.0,27.747741715212058,2.6,2.900203788615935,1.6,2.46360903173405,6.9,8.963766103378473,11.2,13.22040432292616,16.0,17.002882507358287,10.6,11.002951258627915,65.1,71.43347978482774,1.8,1.829799377592896
23,2023,1.226940837158226,1.147198347541443,1.1228045378199965,1.149288432677651,1.1531591769448666,1.2190544395222869,1.1162390633000596,1.5110733310114064,1.298526029008839,1.179207087100089,1.062224993667063,1.0415091650322874,1.107505465997538,1.1158590211387946,1.01757191918556,3062,144.1,115.1,27.0,2.9,2.0,6.9,11.8,16.5,10.5,67.9,1.6,2.9,2.0,4.9,0.4503939011665608,0.3426188505477801,0.09147745964390232,0.11550978864175683,64.90176115810141,79.63062116836417,49.371376363935106,56.63876138055301,13.181901934686323,14.800699309363994,16.644960543277158,19.129860614764347,115.1,132.72862126635414,27.0,32.914469867101744,2.9,3.237093283570173,2.0,3.022146662022813,6.9,8.959829600160989,11.8,13.914643627781052,16.5,17.52671239550654,10.5,10.935846232839017,67.9,75.19962114123284,1.6,1.6281150706968959
23,2024,1.2506123463971952,1.1626735923060647,1.1304131806757287,1.1593742044391913,1.1773779050199429,1.2341196401686831,1.129871223142417,1.5182484288317428,1.3094893868879005,1.1852450512223154,1.0725448296486777,1.0430475221800948,1.116512060431028,1.1235578252481229,1.020310528730795,3029,134.6,107.6,22.54,3.9,2.04,7.1,11.9,17.1,10.0,69.6,1.5,3.9,2.04,5.9399999999999995,0.44579117979204896,0.34616473811134857,0.09533842050992851,0.11270566158667392,60.00349280000979,75.04110892264745,46.593773749787516,54.17335030476147,12.832551400636376,14.506085244978143,15.170182049566309,17.58791774491364,107.6,126.68586258014585,22.54,27.81705668940212,3.9,4.406497770255426,2.04,3.0972267948167556,7.1,9.297374646904093,11.9,14.104416109545554,17.1,18.34051658699239,10.0,10.430475221800947,69.6,77.70923940599954,1.5,1.5304657930961925
31,2015,1.4929871353988504,1.4815984171995669,1.4748059930308688,1.3695465167175258,1.3563949028601885,1.411827948212155,1.478081167521961,1.7058359947807804,1.6261749440073603,1.3896590388672947,1.3433154443096549,1.1400089190942475,1.240807202845958,1.2159405676021855,1.2806174852376329,2458,102.7,102.8,20.6,2.6,1.0,12.1,25.2,10.4,21.7,51.1,1.4,2.6,1.0,3.6,0.36691679798944526,0.36906054697175267,0.12864052584036711,0.13538212919843493,37.68235515351603,56.25927147573,37.902518173999,56.15631093447473,13.211382003805703,19.48422535543282,13.903744668679268,19.041825080319562,102.8,139.43739601402737,20.6,29.083655733170396,2.6,3.8430110355570988,1.0,1.7058359947807804,12.1,19.67671682248906,25.2,35.019407779455825,10.4,13.97048062082041,21.7,24.73819354434517,51.1,63.40524806542846,1.4,1.7928644793326858
31,2016,1.3677002071048243,1.3589562585662671,1.3745836954367474,1.2967963582883868,1.2775114880894547,1.3046347959980102,1.4112954165749412,1.658482375206418,1.5835565200262056,1.3066684091803158,1.1644064202892968,1.0753028540568683,1.1547355282225855,1.2320833396673514,1.1686891199487863,2467,105.4,102.8,20.2,2.8,1.1,13.3,25.7,11.1,21.0,54.8,1.4,2.8,1.1,3.9,0.3500988903694219,0.3882316199284842,0.1292388109660602,0.1324306787360336,36.90042304493707,50.468716240816065,40.919612740462235,55.607963831759115,13.621770675822747,18.72426387396435,13.958193538777941,18.100934549371726,102.8,131.32818097559593,20.2,26.353622879159808,2.8,3.951627166409835,1.1,1.82433061272706,13.3,21.061301716348535,25.7,33.581378115934115,11.1,12.924911265211193,21.0,22.581359935194236,54.8,63.279506946597685,1.4,1.6361647679283007
31,2017,1.3950341183185238,1.3457901343631058,1.387345130921207,1.276081369391023,1.2498866496957832,1.3510237837359027,1.3318671366709736,1.7122408900149688,1.5793884041416215,1.481994707217284,1.2444035936744138,1.0885798818986816,1.1739059399771434,1.249483124896433,1.1302548561528876,2466,98.1,99.8,19.5,2.9,0.9,12.8,25.1,10.7,20.8,56.3,1.3,2.9,0.9,3.8,0.33017149495048925,0.4210324429890482,0.11836715191433153,0.13042891014613112,32.389823654642996,45.18490908454736,41.30328265722562,55.58555031690501,11.611817602795922,16.109598612384083,12.795076085335461,16.327558212437204,99.8,124.73868763963917,19.5,26.3449637828501,2.9,3.862414696345823,0.9,1.541016801013472,12.8,20.21617157301276,25.1,37.198067151153836,10.7,13.315118452316227,20.8,22.64246154349258,56.3,66.09090442071317,1.3,1.469331312998754
31,2018,1.4123586228447431,1.428326142842013,1.4283368437542037,1.3127613438897483,1.29626822957552,1.3366755235450885,1.4185720371149202,1.6469058505584455,1.6096844245536222,1.3207304142656886,1.2133991329482696,1.092573028127093,1.2046935987411664,1.266373671662678,1.2033357296454943,2475,110.5,103.6,22.4,3.0,1.1,12.3,24.5,12.0,20.8,63.5,1.5,3.0,1.1,4.1,0.32976913067682223,0.4157529989249778,0.12242504261007653,0.13205282778812344,36.43948893978886,51.465626416166444,45.94070638121005,65.61831194491121,13.527967208413456,19.322493984875642,14.59183747058764,19.155600167709416,103.6,134.29338858402386,22.4,29.94153172740998,3.0,4.255716111344761,1.1,1.8115964356142902,12.3,19.799118422009553,24.5,32.35789514950937,12.0,14.560789595379235,20.8,22.725518985043532,63.5,76.49804352006407,1.5,1.8050035944682414
31,2019,1.40969193792125,1.3771090275939482,1.419841232362654,1.2862905290920104,1.2679600292026851,1.3312131951307915,1.3109199152870812,1.6995890222368053,1.6063487923623918,1.427686446752287,1.1386929423054513,1.0995049309641427,1.2153551631790882,1.3277166400947378,1.1373777641408396,2481,105.3,102.4,19.8,3.5,1.0,13.1,27.2,12.3,20.8,61.1,1.4,3.5,1.0,4.5,0.30587286117338774,0.44181633622582617,0.11532922552722892,0.13698157707355724,32.20841228155773,45.403939126555706,46.52326020457949,64.0676016208287,12.144167448017205,17.242789675411174,14.424160065845577,18.553660482804354,102.4,129.83910699035496,19.8,26.358021263589674,3.5,4.588219703504784,1.0,1.6995890222368053,13.1,21.04316917994733,27.2,38.833071351662205,12.3,14.005923190357052,20.8,22.86970256405417,61.1,74.25820047024229,1.4,1.5923288697971754
31,2020,1.393665412464244,1.3831384265731297,1.41155450644564,1.2872735196583478,1.2709212018546407,1.3124407328420746,1.316434663443299,1.6564731901533083,1.6155864675743827,1.3612802896584113,1.1447566664312634,1.093306802884802,1.2163211272629466,1.302188427662451,1.1492439521618725,2488,111.4,105.3,19.1,4.2,1.0,14.0,27.1,13.9,23.1,60.2,1.5,4.2,1.0,5.2,0.31671271415589314,0.4332997879139741,0.11660112507579903,0.13338637285433372,35.281796356966495,49.17101927231117,48.26959637361672,66.76353357952428,12.989365333444013,18.33519717229167,14.859241935972777,19.127908666374598,105.3,133.82800255529366,19.1,25.067617997283627,4.2,5.529025586461857,1.0,1.6564731901533083,14.0,22.618210546041357,27.1,36.89069584974295,13.9,15.912117663394561,23.1,25.25538714663893,60.2,73.22253186122938,1.5,1.7238659282428088
31,2021,1.4219308804882356,1.431206938837314,1.4791233990218358,1.2992934248792785,1.2873258694919898,1.3253115769219437,1.311698239953015,1.6777491150854873,1.6176908712286626,1.4064042753737147,1.1498208915044157,1.1108199635421094,1.2440030474975856,1.4012384727340397,1.1806403651218964,2489,117.1,110.2,23.1,4.4,1.2,14.2,27.9,14.0,24.0,60.6,1.5,4.4,1.2,5.6000000000000005,0.29252696583717147,0.4529331153882956,0.11598503541113173,0.13855488336340122,34.25490769953278,48.70811106623989,53.03846781196941,75.90902315779016,13.581847646643524,20.08922865610009,16.224776841854283,21.080745870754853,110.2,141.86331081801728,23.1,30.6146974268969,4.4,5.771472255793267,1.2,2.0132989381025848,14.2,22.971210371447008,27.9,39.23867928292664,14.0,16.09749248106182,24.0,26.659679125010626,60.6,75.38658467835369,1.5,1.7709605476828445
31,2022,1.4141877186327811,1.4024887857514257,1.4357537357613863,1.286898108467461,1.2715254273769534,1.331991382062403,1.3194033231202853,1.643780974810216,1.63853793161104,1.3523681857001622,1.1538412232581463,1.0992829690387795,1.2554964961869004,1.3012767969441756,1.161652406944372,2475,102.1,101.0,23.3,4.3,1.1,12.6,24.6,14.3,20.6,54.6,1.3,4.3,1.1,5.4,0.3115537197887105,0.44283874555687297,0.11247794627074954,0.13312958838366715,31.80963479042734,44.984794854816386,45.213835921356726,63.411897840507784,11.483998314243527,16.488193481152607,13.592530973972416,17.492202399690477,101.0,128.4240681650723,23.3,31.03539920205399,4.3,5.6734342894172265,1.1,1.8081590722912377,12.6,20.645577938299102,24.6,33.26825736822399,14.3,16.499929492591495,20.6,22.64522916219886,54.6,68.55010869180477,1.3,1.5101481290276837
31,2023,1.445079171265474,1.462746564481776,1.518914391711906,1.3057814935855876,1.2948259107868176,1.3359210016388052,1.3169696382630762,1.6700113247149238,1.6346396901814535,1.3872147035423834,1.1665372694020455,1.1228469952099085,1.279676448993533,1.4390366495451787,1.19894386818176,2487,99.1,101.7,24.1,4.9,1.3,12.7,24.5,15.0,21.9,54.1,1.2,4.9,1.3,6.2,0.28561072528835035,0.45973628867237004,0.11326622784960601,0.14138675818967364,28.304022876075518,40.901553921238225,45.55986620743187,66.64253777317033,11.224683179895955,17.049332824350525,14.011427736596657,18.295863037159712,101.7,131.68379512701935,24.1,32.195696139495205,4.9,6.453151227489074,1.3,2.171014722129401,12.7,20.759924065304457,24.5,33.98676023678839,15.0,17.498059041030682,21.9,24.590349195096994,54.1,69.23049589055015,1.2,1.438732641818112
31,2024,1.4660290566591043,1.4510191555068266,1.5433384878476422,1.320271753552026,1.303090810520282,1.3429506046761968,1.3300855256893789,1.666692926237792,1.6299414950151263,1.3570844729517222,1.1785272666056794,1.1213523266775354,1.2825145982865422,1.4983527441507882,1.21784053528255,2480,93.6,102.8,23.27,5.4,1.48,13.0,23.9,14.5,20.5,55.0,1.2,5.4,1.48,6.880000000000001,0.2843089582039036,0.45581831383102467,0.11503990455748274,0.14483282340758905,26.611318487885377,39.012966139249585,42.664594174583904,61.90714340924621,10.767735066580384,16.6182599552002,13.556352270950335,17.89806898453659,102.8,133.957735321485,23.27,31.250460570815097,5.4,7.182461838722646,1.48,2.4667055308319323,13.0,21.18923943519664,23.9,32.434318903546156,14.5,17.08864536578235,20.5,22.987722696889474,55.0,70.53830290575982,1.2,1.46140864233906
32,2015,1.3800708230362664,1.5561506021252307,1.3390624065922814,1.3600792965391102,1.3181678543407525,1.4271128730779905,1.6670274521914463,1.6238294607091466,1.322799328083046,1.349777390566419,1.3455396220507505,1.1489227712232963,1.1719004289322474,1.068937522785591,2.0932341198632782,8315,122.0,104.1,19.6,1.7,0.8,9.9,17.4,10.2,16.4,40.4,1.1,1.7,0.8,2.5,0.6022419530269724,0.20549769228741013,0.11839684066256091,0.07386351402305671,73.47351826929062,101.39865882927006,25.070718459064036,39.013813625784636,14.444414560832431,19.341972523644866,9.01134871081292,12.256148815471054,104.1,137.22127363687233,19.6,27.971412312328617,1.7,2.8339466687254586,0.8,1.2990635685673173,9.9,13.095713348022155,17.4,23.486126595855687,10.2,13.724504144917654,16.4,18.842333448062057,40.4,47.3447773288628,1.1,2.3025575318496063
32,2016,1.2152003182354043,1.328495266668018,1.2650852136312856,1.2638634475539203,1.1935329657571356,1.2374503702272257,1.3151115478821191,1.592486317816956,1.2808773587743436,1.213071707905175,1.1121578561038596,1.0515351513578148,1.1120814088525233,1.0672060153081058,1.3412111787637129,8381,116.9,104.8,19.1,1.8,1.0,11.1,17.9,10.3,15.8,43.7,1.1,1.8,1.0,2.8,0.5779488961847175,0.23577765978549822,0.11619931060717091,0.07007413342261341,67.56222596399347,82.10163849213716,27.562408428924744,36.61652913579721,13.58369940997828,17.18453726997554,8.191666197103508,10.353147481082152,104.8,125.08225481134781,19.1,23.635302071340014,1.8,2.3672007861878144,1.0,1.592486317816956,11.1,14.217738682395213,17.9,21.71398357150263,10.3,11.455225917869756,15.8,16.614255391453476,43.7,48.59795756685527,1.1,1.4753322966400844
32,2017,1.2263866590849066,1.3163360242409217,1.2604572011659136,1.2549715179663874,1.1866550310851944,1.2340485627936315,1.2822336762642017,1.4942889629249745,1.2626849015175656,1.22653504254034,1.1143916949030503,1.0542972097020236,1.126246687744893,1.0805487625405998,1.3746780789889343,8423,114.8,108.2,19.5,1.9,0.8,10.3,18.1,10.7,15.6,46.2,1.1,1.9,0.8,2.7,0.5682469761275618,0.2533106897526712,0.1101604190023459,0.0682819151174211,65.2347528594441,80.00303061552322,29.08006718360665,38.279140021127674,12.646416101469308,15.940266244037549,7.838763855479942,9.837425374691714,108.2,128.39607436341805,19.5,24.063946974475815,1.9,2.4362439849019832,0.8,1.1954311703399796,10.3,13.005654485630927,18.1,22.200284269980155,10.7,11.923991135462638,15.6,16.447036471351566,46.2,52.03259697381405,1.1,1.512145886887828
32,2018,1.3084045328532663,1.53499696792367,1.2988070977728965,1.3169547518792484,1.28336831309041,1.336554022990154,1.561520723087313,1.56671688836868,1.3161868024493923,1.238798367025306,1.2566797281675774,1.0698030999723451,1.1564755281775698,1.0949698735419735,1.8719233522137384,8446,121.9,100.1,21.2,2.1,0.9,10.7,17.8,10.5,15.1,45.1,1.1,2.1,0.9,3.0,0.5486098719760951,0.26142766213068835,0.11523255903213102,0.07472990686108551,66.875543393886,87.50026411358576,31.86803201373091,48.917332514771395,14.046848946016771,18.244147112430312,9.109575646366324,11.996898935085605,100.1,128.46516814035004,21.2,28.334945287391264,2.1,3.2791935184833574,0.9,1.410045199531812,10.7,14.083198786208497,17.8,22.050610933050447,10.5,13.195137145759563,15.1,16.15402680958241,45.1,52.1570463208084,1.1,2.059115687435112
32,2019,1.256507305166173,1.3299350681058772,1.2737956495773075,1.2712501652785793,1.2036338268333495,1.269087773873059,1.3218759097776351,1.650534166266672,1.310733004929033,1.2073990870030058,1.1159183972646285,1.0572636010891243,1.1535624385048504,1.1153786039006304,1.3195206875481778,8469,120.3,101.4,17.8,2.3,0.8,12.4,19.6,11.3,14.7,45.7,1.0,2.3,0.8,3.0999999999999996,0.5057065025513892,0.30576151799433593,0.11041983861716283,0.07811214083711211,60.83649225693211,76.44149694152051,36.78311061471861,48.91914872053181,13.283506585644687,16.920472899925716,9.396890542704586,11.945798655517924,101.4,122.04847004090165,17.8,22.589762374940452,2.3,3.0403145924885604,0.8,1.3204273330133376,12.4,16.25308926112001,19.6,23.665022105258917,11.3,12.609877889090303,14.7,15.541774936010126,45.7,52.71780343967167,1.0,1.3195206875481778
32,2020,1.272099168623343,1.3747224595063534,1.2867465052286011,1.2736278766428673,1.2176376870160577,1.2910120952047794,1.3771387567019424,1.634592548684451,1.320469396939623,1.1996809091514946,1.1341335461730129,1.0583523312185694,1.1780860144094418,1.12522438638435,1.405168746641965,8477,122.1,104.5,18.1,2.2,0.8,13.2,19.5,13.2,15.4,44.2,1.1,2.2,0.8,3.0,0.48572706408601013,0.32453336838993224,0.11091958473225903,0.07881998279179861,59.307274524901835,75.444734616444,39.62552428041072,54.474098197994955,13.543281295808827,17.426769876709887,9.62391989887861,12.257292665789802,104.5,127.24313829317802,18.1,23.36731892320651,2.2,3.0297052647442735,0.8,1.307674038947561,13.2,17.43019603960302,19.5,23.393777728454143,13.2,14.97056280948377,15.4,16.29862590076597,44.2,52.07140183689733,1.1,1.5456856213061616
32,2021,1.2891635735950242,1.4057001971742078,1.3247249298620205,1.2883658460354674,1.2390618582793518,1.2751267300956208,1.3272521700772213,1.609235436448536,1.3177213210408334,1.2280134837467624,1.1339166200487425,1.0663041054817126,1.1919493267850023,1.186933163937364,1.4324998324345994,8505,134.1,121.6,25.1,2.6,1.1,14.0,22.1,14.1,15.0,53.3,1.2,2.6,1.1,3.7,0.4488603619860614,0.35815698121840445,0.11056024109381343,0.08242241570172082,60.19217454233083,77.59755883544666,48.028851181388035,67.51416557572784,14.826128330680381,19.640541812985884,11.052845945600762,14.240109217803612,121.6,150.66992196676918,25.1,32.005680925400085,2.6,3.4508556422007755,1.1,1.7701589800933897,14.0,18.448098494571667,22.1,27.139097990803453,14.1,15.98822434268727,15.0,15.994561582225689,53.3,63.53089911764062,1.2,1.7189997989215193
32,2022,1.3089899856572371,1.477889508987068,1.3413793202699578,1.3039145845519082,1.2620214514556765,1.2986103569673453,1.4174101208217376,1.6324601725031938,1.3367460274207483,1.2223045969776236,1.1615483363909231,1.0693146219386984,1.2147810529612957,1.2174637067762226,1.518425412124512,8515,131.8,130.2,27.1,2.5,1.1,14.2,23.0,15.2,14.4,51.7,1.2,2.5,1.1,3.6,0.43315318757343335,0.36955694350613777,0.11132938718909131,0.08596048173133762,57.08959012217852,74.72970175520801,48.70760515410896,71.98445866514207,14.673213231522237,19.682344790675447,11.3295914921903,14.772819583682148,130.2,164.31519297952906,27.1,35.19234067381506,2.5,3.543525302054344,1.1,1.7957061897535134,14.2,18.981793589374625,23.0,28.113005730485344,15.2,17.655534713142032,14.4,15.398130555917257,51.7,62.80418043809899,1.2,1.8221104945494142
32,2023,1.3192002935747038,1.5022413345555024,1.3769611923869152,1.3116602964750357,1.270951240629251,1.2876708922277011,1.34534260207416,1.6296269098963034,1.3390176268861893,1.2292266881116105,1.1529959227477249,1.08068309474487,1.2373056303945669,1.31301541765632,1.5225128352885926,8526,136.7,128.3,30.9,4.0,1.4,15.9,25.5,17.4,16.8,59.8,1.3,4.0,1.4,5.4,0.40457835992122604,0.39230540080506976,0.11055888071513391,0.09255735855857031,55.30586180123159,72.95950912458672,53.62814829005303,80.56242105698965,15.113398993758803,20.810563899465325,12.65259091495656,16.595901150689265,128.3,163.0630441727329,30.9,39.789030569835965,4.0,5.38137040829664,1.4,2.2814776738548246,15.9,21.29038026749041,25.5,31.34528054684607,17.4,20.062129055810413,16.8,18.155475991713818,59.8,73.9908766975951,1.3,1.9792666858751704
32,2024,1.331886802907901,1.555317635491526,1.3996474772465315,1.3262325693609045,1.2871268640256242,1.2978668594656573,1.3956473201287736,1.6272252214819285,1.354357832603301,1.2293396368816194,1.171672580358266,1.0887012409814394,1.2577459042632066,1.364836847273168,1.581938543275603,8526,131.3,131.6,29.62,4.58,1.44,16.6,26.8,17.4,15.8,62.0,1.2,4.58,1.44,6.02,0.3969203727550926,0.3973831129879766,0.1102779616518409,0.0954185526050898,52.115644942743664,69.41213972427417,52.17640273532133,81.15087933075355,14.47949636488671,20.26619055891401,12.528455957048292,16.615646334041088,131.6,169.38589530577212,29.62,38.44281637737277,4.58,6.392064726189783,1.44,2.343204318933977,16.6,22.4823400212148,26.8,32.9463022684274,17.4,20.387102898233827,15.8,17.201479607506744,62.0,77.9802460643188,1.2,1.8983262519307236
33,2015,1.3386558577323822,1.4244144811185262,1.3319670692578127,1.294207124780498,1.2483673136298,1.3105291109214243,1.4528521071453984,1.676805745868709,1.4016633542295462,1.2827014476605478,1.239503049323035,1.1407380225485986,1.147541866697885,1.1062030877256537,1.5332571515068236,5985,130.6,91.8,21.9,1.7,0.5,9.8,24.3,7.6,12.5,46.1,1.4,1.7,0.5,2.2,0.6284008569563392,0.1738644520487045,0.0805575541892006,0.1171771368057557,82.0691519184979,109.86235095482597,22.706697437560805,32.34374864843854,10.5208165771096,14.013381222411686,15.303334066831694,19.80568398218969,91.8,114.60011939121563,21.9,28.70058752917919,1.7,2.469848582147177,0.5,0.8384028729343544,9.8,13.736300871449554,24.3,31.169645178151313,7.6,9.420223174855066,12.5,14.259225281857482,46.1,52.9016800547725,1.4,2.146560012109553
33,2016,1.2502751636998255,1.3214125189254524,1.2804295412581337,1.242142228677687,1.190185050452104,1.2334717461670055,1.3422052004626972,1.616095565030233,1.380133551688608,1.2415446308326643,1.1286344800483092,1.0806167823811783,1.1056766340762925,1.1108125812340892,1.2471811136974942,6072,135.6,94.9,21.5,1.8,0.7,10.6,23.3,8.1,12.0,48.5,1.5,1.8,0.7,2.5,0.6229792096085518,0.1869370834883517,0.078793862783002,0.1112898441200944,84.47598082291962,105.61822075207915,25.34866852102049,33.49604792176801,10.684447793375071,13.680682586667722,15.090902862684802,18.745047714613786,94.9,112.94856128790468,21.5,26.519642542590617,1.8,2.415969360832855,0.7,1.131266895521163,10.6,14.629415647899243,23.3,28.92798989840108,8.1,9.141939288391304,12.0,12.967401388574139,48.5,53.625316752700186,1.5,1.8707716705462412
33,2017,1.2746100608492752,1.3193525479626094,1.2889719227363623,1.2378606388845328,1.185140522154266,1.2479064502415789,1.4292232386404335,1.617458691841001,1.3771831668109356,1.300186297389628,1.1548753346887155,1.0927966430914435,1.118731796736771,1.1242812779851397,1.2792976225486783,6170,134.1,96.5,21.9,2.0,0.6,10.6,23.7,8.5,12.0,50.7,1.5,2.0,0.6,2.6,0.6211813866835344,0.19729883104272594,0.07912022409897453,0.10239955817476523,83.30042395426196,106.17555844511226,26.457773242829546,34.90713054134411,10.610022051672484,13.676020524219485,13.731780751236016,16.998030893747345,96.5,114.36606038788666,21.9,27.329151260290576,2.0,2.858446477280867,0.6,0.9704752151046006,10.6,14.598141568195917,23.7,30.814415248134186,8.5,9.816440344854081,12.0,13.113559717097322,50.7,56.719702094554286,1.5,1.9189464338230175
33,2018,1.318332458162851,1.4089127814727342,1.3157014333185628,1.2744422839005154,1.226485825385701,1.2778777614589696,1.4229057721411051,1.5999591236648685,1.4082248867263063,1.245770476460652,1.1877107039328183,1.1038391669283294,1.1435465614401692,1.134985905022264,1.3579912594527734,6273,132.9,91.7,23.7,2.5,0.7,10.7,22.9,8.4,13.2,52.6,1.5,2.5,0.7,3.2,0.6290512077305187,0.19811414676579522,0.07955474459375302,0.09327990090993311,83.60090550738595,110.21378726219234,26.329370105174185,37.095786069306016,10.572825556509777,13.910681738927044,12.39689883093011,15.7991320593742,91.7,112.46875018786878,23.7,30.28570294657758,2.5,3.5572644303527627,0.7,1.119971386565408,10.7,15.068006287971476,22.9,28.52814391094893,8.4,9.976769913035675,13.2,14.570677003453948,52.6,60.1505491317529,1.5,2.0369868891791603
33,2019,1.2861456212514135,1.3297870253384498,1.3041036133917874,1.2455736014476766,1.1928447835749618,1.2563071333581253,1.3032539802620726,1.6541396267931934,1.4097951493965868,1.2674665588905398,1.1193757674480678,1.0869529181307618,1.1459699432445538,1.1623363603936872,1.205459585576088,6375,132.9,95.4,22.0,2.7,0.7,11.9,25.9,9.2,13.5,55.6,1.6,2.7,0.7,3.4000000000000004,0.6033024884298009,0.2158467200719914,0.0782485711047021,0.1026022203935055,80.17890071232056,103.12174206790293,28.68602909756766,38.146309302426715,10.39923509981491,13.561680070179328,13.635835090296881,16.98443622216769,95.4,113.79739235305136,22.0,27.638756933878756,2.7,3.5187857467075965,0.7,1.1578977387552354,11.9,16.776562277819384,25.9,32.82738387526498,9.2,10.298257060522223,13.5,14.673864394765284,55.6,63.71592884439719,1.6,1.9287353369217408
33,2020,1.2759172570275554,1.3282966620710055,1.3027200524330895,1.238729810091271,1.1892696325980672,1.2525529204841086,1.3210490833514104,1.6214692411529463,1.4171317891948818,1.2443947045737176,1.1223629419716434,1.087669816964208,1.156181168962921,1.1507239195902026,1.209528707138495,6468,137.3,96.9,20.0,2.9,0.6,13.0,25.9,10.6,14.7,56.0,1.6,2.9,0.6,3.5,0.6008224943768736,0.21616485467273092,0.07957506271607001,0.10343758823432551,82.49292847794476,105.25415102774959,29.679434546565957,39.42309384035845,10.925656110916414,14.233071301678935,14.201980864572894,17.592417059292245,96.9,115.24022739875272,20.0,25.05105840968217,2.9,3.83104234171909,0.6,0.9728815446917678,13.0,18.422713259533463,25.9,32.229822848459285,10.6,11.89704718489942,14.7,15.988746309373857,56.0,64.74614546192358,1.6,1.9352459314215922
33,2021,1.297459873451746,1.37211668957721,1.3457162702847851,1.2543372342721253,1.2055265593659332,1.2520706802247312,1.3017669086114847,1.5835218512460634,1.4161017189315142,1.2714471633757214,1.131170303911667,1.0896743765802246,1.1754057008767012,1.2031597626698554,1.242450214693958,6540,152.1,109.9,29.4,3.5,0.8,143.0,30.5,12.4,16.9,68.3,1.8,3.5,0.8,4.3,0.5879226118950182,0.225539026503287,0.079133560629816,0.1074048009718789,89.42302926923226,116.02279223932986,34.30448593114995,47.069757673497435,12.036214571795012,16.197329781903367,16.33627022782278,20.49119201588929,109.9,132.48736887431608,29.4,36.8108779986071,3.5,4.556184180140196,0.8,1.2668174809968509,143.0,202.50254580720653,30.5,38.7791384829595,12.4,14.02651176850467,16.9,18.415496964205794,68.3,80.28020936987869,1.8,2.2364103864491245
33,2022,1.2986129155382764,1.3752145641023383,1.333374004206624,1.2518847645673938,1.202567957860735,1.2608167104131502,1.330911588710887,1.572415653376753,1.432993329399064,1.2523308289764652,1.1325368124814463,1.0848948324571654,1.189478351064114,1.177778117870732,1.2356804144508031,6577,146.5,108.4,31.7,3.7,0.9,13.8,30.5,12.4,14.1,64.8,1.6,3.7,0.9,4.6000000000000005,0.5855979059359535,0.22690562391181615,0.07986150730002241,0.10763496285220793,85.79009321961719,111.4081230802276,33.241673903081065,45.714434086657704,11.699710819453284,15.600090263393987,15.768522057848461,19.740372523965377,108.4,130.35836663210367,31.7,39.96788972009686,3.7,4.924372878230282,0.9,1.4151740880390777,13.8,19.775307945707084,30.5,38.19609028378219,12.4,14.043456474769934,14.1,15.297017137646032,64.8,77.07819714895459,1.6,1.9770886631212852
33,2023,1.317149135384156,1.409110960582092,1.378842368988242,1.265621247928795,1.2190737870487738,1.2625633293048923,1.282337928711894,1.6022232077769984,1.4343985614346844,1.2686255530262611,1.135361189296053,1.0933986704327918,1.2083254114403814,1.2558124628289236,1.2710307653241288,6627,133.8,106.3,31.9,4.7,1.1,13.2,29.6,13.2,14.3,68.3,1.4,4.7,1.1,5.800000000000001,0.5916236189830353,0.22957035820882882,0.07966933603312591,0.09913668677501011,79.15924021993013,104.26452481334768,30.7165139283413,43.28297644729822,10.659757161232248,14.698124817032852,13.264488690496353,16.787818729603384,106.3,129.58754356328464,31.9,40.27577020482607,4.7,6.026988264945902,1.1,1.7624455285546985,13.2,18.934061010937832,29.6,37.55131636957733,13.2,14.986767698707897,14.3,15.635600987188925,68.3,82.52862560137805,1.4,1.7794430714537803
33,2024,1.3318942756565584,1.423824455281969,1.3980596834523924,1.2781023745172817,1.2307359010171317,1.2706132006244892,1.297690721079472,1.6133724655173816,1.4403947495245333,1.26160907073437,1.14401577396778,1.0945771841715246,1.2189124841110146,1.292530424516457,1.297582045028692,6670,128.5,107.6,31.04,5.65,1.45,14.1,32.1,13.4,13.6,72.2,1.4,5.65,1.45,7.1000000000000005,0.5922183487513816,0.22785336830022027,0.08009791931977121,0.09983036362862703,76.10005781455253,101.35723138033565,29.279157826578306,41.688380943542654,10.292582632590602,14.389644817227207,12.828201726278573,16.395755087143336,107.6,132.42718294944336,31.04,39.43983374738414,5.65,7.331952574099017,1.45,2.3393900750002032,14.1,20.309565968295917,32.1,40.49765117057328,13.4,15.329811371168253,13.6,14.886249704732734,72.2,88.00548135281525,1.4,1.8166148630401686
34,2015,1.2927398942696722,1.4247069035110476,1.2971831790800403,1.2745306455566952,1.2179666399381015,1.2859410688963262,1.4612906775171326,1.6650928342253573,1.3352496641735203,1.251436408754642,1.2097218443045434,1.141815812941646,1.1206857270023374,1.0726041201266745,1.5822934619051052,6011,142.0,93.4,18.1,1.5,0.7,10.8,10.8,10.5,10.7,38.2,1.5,1.5,0.7,2.2,0.42694419648190607,0.36172590094818574,0.08105876811224241,0.13027113445766572,60.62607590043066,78.37374694950786,51.36507793464237,73.18018113286797,11.510345071938422,14.931026012725358,18.498501092988533,23.576906539877907,93.4,113.75808417021868,18.1,23.275533347023504,1.5,2.191936016275699,0.7,1.16556498395775,10.8,14.420696373074021,10.8,13.515513214550133,10.5,12.702079365197706,10.7,12.217429198475612,38.2,42.81019477148929,1.5,2.373440192857658
34,2016,1.2153582784610777,1.3267406653760383,1.2598256815321265,1.2292818504930147,1.165469482167734,1.21545944385812,1.3279854515929457,1.611229771215146,1.3200463785877992,1.2201487792103134,1.117223689672577,1.083208723435,1.0919398969993683,1.073908936466822,1.2563959301376373,6033,140.9,97.6,17.8,1.8,1.0,11.9,11.2,11.3,10.5,43.5,1.0,1.8,1.0,2.8,0.4226714054724084,0.37040959283187924,0.08250232595463242,0.12441667574108002,59.55440103106235,72.37993431189257,52.19071163001179,69.24353947445078,11.624577727007708,14.644941557450663,17.530309611918177,21.54969143945426,97.6,113.74982145957084,17.8,21.635178100674537,1.8,2.390373812867302,1.0,1.611229771215146,11.9,15.70855190519481,11.2,13.66566632715551,11.3,12.62462769330012,10.5,11.3736915960675,43.5,47.499385519472526,1.0,1.2563959301376373
34,2017,1.2370234524624266,1.3262485000068605,1.2663765781751677,1.22845364834787,1.1663330629502198,1.2192257896535,1.434118880643091,1.5923935259543385,1.3159465464670637,1.2449967282526575,1.1279817416892044,1.0925700244692054,1.1028558298835764,1.0857784611253802,1.2935131017913548,6057,137.3,99.8,18.4,1.9,0.9,10.2,10.8,11.6,11.0,48.2,1.0,1.9,0.9,2.8,0.4191263918260973,0.37230584613631995,0.07660401534023911,0.13196374669734373,57.546053597723166,71.18581789704335,51.117592674516736,67.79463060853949,10.51773130621483,13.319408581730174,18.118622421545297,22.25788781678484,99.8,116.40003968243192,18.4,22.433754529624398,1.9,2.7248258732218726,0.9,1.4331541733589046,10.2,13.422654773964048,10.8,13.445964665128702,11.6,13.084588203594771,11.0,12.01827026916126,48.2,53.15765100038839,1.0,1.2935131017913548
34,2018,1.2941641583579928,1.4219589851256602,1.2906145203642327,1.2683447225336713,1.207760882678192,1.2660778178607517,1.4422267577823953,1.5958553957058257,1.34951879033624,1.2251823955059034,1.1837539398480346,1.111828934174372,1.127467640040141,1.094814369171177,1.398226803984801,6076,139.5,95.3,22.1,2.2,0.9,12.0,12.0,11.3,11.7,52.6,1.0,2.2,0.9,3.1,0.4243352845927534,0.36711951142870913,0.07775599097892852,0.13078921299960902,59.194772200689094,76.60775254429791,51.213171844304924,72.82302986079387,10.846960741560528,13.999245034878802,18.24509521344546,23.141070226097895,95.3,115.0996121192317,22.1,27.980319774722613,2.2,3.17289886712127,0.9,1.4362698561352432,12.0,16.19422548403488,12.0,14.70218874607084,11.3,13.376419520282791,11.7,13.00839852984015,52.6,59.30479786611142,1.0,1.398226803984801
34,2019,1.247616013568262,1.3282788441976807,1.276512276533435,1.236175600436363,1.1699555298239146,1.2352752080831586,1.3035994108596656,1.64647427424851,1.3504575558866745,1.218521284091554,1.11303125313489,1.0829245498925093,1.125849706283966,1.1115448712241625,1.2124675162464202,6092,147.3,102.7,20.6,2.3,0.9,14.7,15.2,12.5,12.0,63.7,1.0,2.3,0.9,3.1999999999999997,0.4035754569066237,0.3790045101854788,0.0772712309048854,0.140148802003012,59.44666480234568,74.16661096063123,55.827364350321034,74.15430699384723,11.38205231228962,14.52932950878347,20.643918535043667,25.51950839041697,102.7,120.15443291291604,20.6,25.446669286513067,2.3,2.9982786449772307,0.9,1.4818268468236588,14.7,19.851726071534113,15.2,18.52152351819162,12.5,13.912890664186126,12.0,12.99509459871011,63.7,71.71662629028864,1.0,1.2124675162464202
34,2020,1.2393464261487606,1.3248693206561046,1.2775905316134994,1.2271473778933155,1.1647506943390382,1.2366985457108275,1.3347888979145708,1.6211782550398075,1.357036724013383,1.2075491623994985,1.1160503890399676,1.0878587312535863,1.1392088397908509,1.104609391487583,1.2195924340161648,6105,148.3,104.8,18.1,2.3,0.9,15.7,14.6,14.2,11.3,55.9,0.9,2.3,0.9,3.1999999999999997,0.3900472392774564,0.38707284886345217,0.07740358400274051,0.14547632785635103,57.844005584846784,71.68876159570881,57.40290348644996,76.05134574578089,11.47895150760642,14.665399758968466,21.57413942109686,26.474648620903825,104.8,122.0658727667312,18.1,22.38424367736598,2.3,3.0700144652035126,0.9,1.4590604295358267,15.7,21.30547656701011,14.6,17.630217771032676,14.2,15.847915524367538,11.3,12.292803663165527,55.9,63.68177414430856,0.9,1.0976331906145484
34,2021,1.258355941739746,1.368523709804549,1.3132962237204675,1.243419220057173,1.181007550978139,1.2310614836871283,1.3070848941209074,1.5604201480830002,1.3549056012900726,1.230445799113114,1.1247267125177325,1.0833120085095895,1.1559098053316854,1.1432382564133992,1.2489335042276326,6113,151.6,112.6,24.0,2.6,1.1,15.5,15.1,13.8,13.3,57.3,0.9,2.6,1.1,3.7,0.3828211311061561,0.3942582677398786,0.07716635794450472,0.14575424320946062,58.03568347569327,73.02954713456582,59.76955338936559,81.79605093777566,11.698419864386915,15.36349063139584,22.09634327055423,27.4750179155881,112.6,132.98145024013846,24.0,29.54547560849108,2.6,3.3984207247143594,1.1,1.7164621628913004,15.5,21.001036819996127,15.1,18.579731566608018,13.8,15.521228632744709,13.3,14.408049713177542,57.3,66.23363184550557,0.9,1.1240401538048694
34,2022,1.2628776871837757,1.3822777791624918,1.3103973789307712,1.244077805562929,1.1819366259609472,1.2405746699793696,1.3515250984862397,1.556508436631132,1.3702105013429289,1.2211943107936645,1.1258830486588272,1.0806631680144407,1.1711903832702524,1.140664131062523,1.2503452030812894,6127,139.5,112.4,26.3,2.7,1.0,15.0,14.1,13.8,11.5,55.7,0.9,2.7,1.0,3.7,0.37818385628878576,0.39999664852134215,0.07729633910782462,0.14452315608204752,52.75664795228561,66.62519354955113,55.79953246872723,77.13045381917763,10.782839305541534,14.129804363413324,20.16098027344563,25.08182809658574,112.4,132.84967675801047,26.3,32.627113820457424,2.7,3.6491177659128473,1.0,1.556508436631132,15.0,20.553157520143934,14.1,17.218839782190667,13.8,15.537186071491815,11.5,12.427626432166068,55.7,65.23530434815306,0.9,1.1253106827731605
34,2023,1.277651930243385,1.4092355590533274,1.345305870371778,1.2568561773991973,1.1974584470722756,1.2415961924038297,1.279156694240429,1.5879459983792863,1.3730802765390788,1.2322352133297674,1.1260484167837048,1.0843293792814177,1.1884211406306424,1.2015013226544715,1.2821647558242495,6121,147.1,123.5,31.1,3.2,1.4,17.1,16.0,17.1,13.3,67.6,0.9,3.2,1.4,4.6,0.3731785662360111,0.4039547664377408,0.078278933842579,0.144587733483669,54.89456709331723,70.13614960665177,59.42174614299167,83.73923764574377,11.51483116824337,15.490969966977724,21.268855595447707,26.731892541349936,123.5,147.88611821342604,31.1,38.613641583759104,3.2,4.0933014215693735,1.4,2.2231243977310005,17.1,23.47967272881825,16.0,19.715763413276278,17.1,19.255427927001353,13.3,14.421580744442856,67.6,80.33726910663142,0.9,1.1539482802418246
34,2024,1.2902388838866736,1.4324596020523246,1.3630748964416033,1.2687140030470927,1.2100204509141252,1.2497006938529085,1.2936030226172688,1.6044058807001258,1.381972797040124,1.231893623174062,1.133923079334271,1.0865435926918792,1.20144898545783,1.2320868183233535,1.310591515259865,6123,134.3,128.7,30.25,4.15,1.6,17.8,17.2,15.6,13.2,69.5,0.9,4.15,1.6,5.75,0.37277019127191485,0.40565398018725624,0.07858999995859961,0.14298582858222933,50.06303668781817,64.5932765800681,54.479329539148516,78.03943871172613,10.554636994439928,14.38676072817492,19.202996778593402,24.36311091346966,128.7,155.7296320326479,30.25,37.80344598905048,4.15,5.3684525438616655,1.6,2.5670494091202016,17.8,24.59911578731421,17.2,21.188570318593865,15.6,17.689200037614626,13.2,14.342375423532804,69.5,83.50070448931919,0.9,1.1795323637338786
35,2015,1.281531787348415,1.385757144269888,1.2854853590193926,1.2617936201412678,1.1988778812779144,1.2555791748316725,1.407357849789186,1.6988133861265782,1.3456973674718868,1.236732972012123,1.1876012138468746,1.1521291228094317,1.1118332448458046,1.0755049423048373,1.5700796211295516,3984,126.7,88.7,25.5,1.5,0.7,10.6,26.0,8.2,10.8,37.4,1.6,1.5,0.7,2.2,0.5445630748543958,0.22686560440769285,0.06268311255662622,0.16588820818128522,68.99614158405195,88.4207486443544,28.743872078454686,39.832026086698335,7.941950360924542,10.20926091102728,21.01803597656884,26.520423703134202,88.7,106.340468069351,25.5,32.01726895820765,1.5,2.1110367746837793,0.7,1.1891693702886046,10.6,14.264392095202,26.0,32.1550572723152,8.2,9.73832995354437,10.8,12.442994526341863,37.4,41.58256335723309,1.6,2.512127393807283
35,2016,1.2214528584676836,1.3135092491902145,1.2542778259581546,1.2255155067965915,1.1610146920699906,1.2105593596567603,1.3379732681757952,1.6085663685434402,1.335472707152925,1.225118319700095,1.1223620373387997,1.09628751959892,1.0877027474920695,1.0777079511856111,1.2888041988965573,4016,128.4,91.7,25.8,1.9,0.8,12.2,26.6,8.8,11.0,40.1,1.7,1.9,0.8,2.7,0.5272370433101894,0.24155876456032965,0.06280492659732362,0.16839926553215742,67.69723636102832,82.68898286354045,31.01614536954633,40.73999381712735,8.064152575096353,10.114687760086708,21.622465694329016,26.498667003577538,91.7,106.46504726281815,25.8,31.232431479144417,1.9,2.542149209534011,0.8,1.2868530948347523,12.2,16.292767027265686,26.6,32.58814730402253,8.8,9.876785928581437,11.0,12.05916271558812,40.1,43.61688017443199,1.7,2.1909671381241473
35,2017,1.2469339843180296,1.3175590009022016,1.2633550360670671,1.2289820749525964,1.163494153831411,1.2171316278037094,1.5512592274914063,1.615102913174179,1.3353692776952455,1.2532134912507498,1.1366945740990706,1.1130939568956757,1.0986511764977156,1.0892667070871611,1.378571444191438,4065,122.0,89.5,25.9,1.9,0.8,11.8,25.8,8.7,10.8,41.2,1.8,1.9,0.8,2.7,0.568092218714615,0.25724717855981494,0.05787843489344311,0.11678216783212683,69.30725068318303,86.42156623650989,31.384155784297423,41.350476939317964,7.061169057000059,8.920763488681969,14.247424475519473,17.50982929465433,89.5,104.13272676791128,25.9,31.523709160116073,1.9,2.947392532233672,0.8,1.2920823305393432,11.8,15.757357476803898,25.8,32.33290807426935,8.7,9.889242794661913,10.8,12.021414734473298,41.2,45.264428471705884,1.8,2.4814285995445884
35,2018,1.2865480877719968,1.3784187567101105,1.2830486851356264,1.2561191193084689,1.1901309190652989,1.2445167578918208,1.396225111862853,1.5881873225185648,1.3615313648406004,1.221979393057466,1.1664596329684396,1.1191537775246747,1.1188860934287748,1.0969839794091747,1.3277884495274117,4104,125.1,90.8,29.1,1.9,0.7,11.5,23.9,8.6,11.7,47.2,1.7,1.9,0.7,2.5999999999999996,0.5597266835597471,0.260985046064641,0.0577729607813919,0.12151530959422,70.02180811332435,90.08642333053514,32.64922926268659,45.0043100078158,7.227397393752127,9.27310272300632,15.20156523023692,19.09497672911544,90.8,108.06388745112913,29.1,36.215437654651986,1.9,2.6528277125394206,0.7,1.1117311257629952,11.5,15.657610695666905,23.9,29.205307494073438,8.6,10.03155284352858,11.7,13.094099197038693,47.2,52.81142360983817,1.7,2.2572403641966
35,2019,1.2520411536952556,1.315583176835594,1.2733366291888777,1.2321145379374223,1.1646155948360797,1.2283491230346766,1.3034080931538377,1.6438896471440367,1.3671571190178746,1.227496514249205,1.1150184333223414,1.0946458775818808,1.1202503001855786,1.11417729150437,1.2320386564254608,4137,120.2,86.4,22.3,2.2,0.7,13.0,25.3,9.1,10.7,44.8,1.6,2.2,0.7,2.9000000000000004,0.5359071112958426,0.28070466849964804,0.056854676043303916,0.12653354416120552,64.41603477776027,80.65152649962069,33.740701153657696,44.38869881238938,6.833932060405131,8.70189601390207,15.209332008176904,18.739639079591733,86.4,100.62278739383729,22.3,27.392185443673288,2.2,2.867497804938443,0.7,1.1507227530008257,13.0,17.77304254723237,25.3,31.055661810504887,9.1,10.146667743233307,10.7,11.712710890126123,44.8,50.18721344831392,1.6,1.9712618502807375
35,2020,1.2398394860957114,1.3046227409673117,1.2727100547992742,1.2214907239466937,1.1565861129483606,1.2255355066676608,1.3152061815578413,1.602536359111914,1.373761705679893,1.2142506274667642,1.1144325588047408,1.0976716798746924,1.1313284333261244,1.1041961763406551,1.2093231272402518,4161,124.4,89.6,19.3,2.1,0.6,15.7,26.4,10.7,11.7,45.0,1.6,2.1,0.6,2.7,0.5218262929345927,0.2936531056666742,0.0559812551006716,0.1285393462980614,64.91519084106334,80.484416852189,36.53044634493427,47.658451039287456,6.964068134523547,8.863239537115343,15.99029467947884,19.53199662415757,89.6,103.6301157201731,19.3,23.652835278685853,2.1,2.761932981271467,0.6,0.9615218154671483,15.7,21.56805877917432,26.4,32.056216565122575,10.7,11.924428379210726,11.7,12.8427586545339,45.0,50.9097794996756,1.6,1.934917003584403
35,2021,1.2613767142821306,1.3495310575481814,1.3083046470849256,1.238246323029586,1.1722695231170472,1.2236787651412488,1.2957274205749605,1.5469632349871476,1.3719155862810817,1.2364175800002055,1.125216310388017,1.0917481513885223,1.1484439583712038,1.138920877514682,1.2538143636180092,4187,129.2,94.5,27.7,2.4,0.8,15.0,26.8,11.4,13.4,48.6,1.6,2.4,0.8,3.2,0.5008685005341242,0.3170627092304611,0.0548177082052921,0.1272510820301226,64.71221026900885,81.62647516305674,40.96450203257557,55.28286774995633,7.082447900123739,9.26599950046876,16.440839798291837,20.357809427753345,94.5,110.77946993456096,27.7,33.895901794412595,2.4,3.109745809379905,0.8,1.237570587989718,15.0,20.578733794216227,26.8,33.13599114400551,11.4,12.827465938423394,13.4,14.6294252286062,48.6,55.81437637684051,1.6,2.006102981788815
35,2022,1.260763753582516,1.3496584205869306,1.300863298692879,1.2353001576770255,1.1680930947103745,1.2289191616106236,1.3139249381654945,1.5380930496416751,1.3869900438066616,1.2270240784337334,1.120701337851794,1.087558929975864,1.161777876015941,1.1266688459523972,1.2250150278415952,4188,120.9,90.2,29.9,2.5,0.8,13.6,25.7,11.1,11.4,41.7,1.5,2.5,0.8,3.3,0.4920658384781544,0.3272921190986562,0.0537313196411263,0.126910722782063,59.490759872008866,75.00379371971002,39.56961719902753,53.40546705206895,6.496116544612169,8.450559596917573,15.343506384351418,18.953835855907755,90.2,105.36199714287578,29.9,36.744682932157644,2.5,3.2848123454137363,0.8,1.2304744397133403,13.6,18.8630645957706,25.7,31.534518815746946,11.1,12.439784850154913,11.4,12.39817180172485,41.7,48.44613742986474,1.5,1.8375225417623928
35,2023,1.2772399783671096,1.3773566133258048,1.3353629156605855,1.24866764123771,1.1841085817130348,1.2337033009997476,1.2599216231348087,1.5771247626254743,1.390175229892254,1.2386553166154224,1.1237722066889593,1.0895605572696003,1.178368534143231,1.1797990838369852,1.2739426413137664,4183,129.0,104.7,35.7,3.5,0.9,14.6,31.5,14.0,13.0,55.0,1.4,3.5,0.9,4.4,0.479679711730956,0.3394843319914752,0.0540734604425018,0.1267624958350669,61.87868281329333,79.033927497836,43.793478826900305,60.31923768277475,6.9754763970827325,9.314792499729993,16.35236196272363,20.418665240659365,104.7,123.97616850535475,35.7,44.04320784569099,3.5,4.409725680971831,0.9,1.4194122863629268,14.6,20.29655835642691,31.5,39.017642473385806,14.0,15.73281089364543,13.0,14.164287244504804,55.0,64.8102693778777,1.4,1.7835196978392729
35,2024,1.2902968648431004,1.3932063270589257,1.352000382844596,1.2601449754939524,1.1960080709460228,1.241581725469733,1.2722594376927698,1.5990955550746808,1.397568750528092,1.236807387353759,1.1292715873093129,1.0896875129479553,1.1894582032870582,1.205405166703665,1.2986205843844227,4193,117.0,96.9,33.53,4.23,1.23,14.5,30.7,13.1,12.1,53.1,1.4,4.23,1.23,5.460000000000001,0.4776805364735016,0.34152939415748934,0.054326951920216415,0.12646311744879263,55.88862276739969,72.11291473717453,39.95893911642625,55.67104679956745,6.356253374665321,8.593656996004768,14.796184741508737,18.64533785849252,96.9,115.89318207466961,33.53,41.63023525500015,4.23,5.381657421440417,1.23,1.9668875327418573,14.5,20.264746882657334,30.7,37.969986791760405,13.1,14.793457793751998,12.1,13.185218906670258,53.1,63.160230594542796,1.4,1.8180688181381917
36,2015,1.266960249889414,1.4251004228822628,1.289625479023406,1.2625138373621878,1.1879416542962995,1.2502594091243295,1.4347474290180366,1.6977682892115098,1.3329096923070027,1.222161011814564,1.1750308756423524,1.1699158030774908,1.098710053703851,1.060339557036111,1.505391107695308,4485,150.9,108.8,20.6,1.6,0.2,8.1,12.2,7.5,11.2,35.8,1.2,1.6,0.2,1.8,0.7526025591131768,0.13365138007797472,0.061848344618505406,0.051897716190343106,113.56772617017837,143.88579472794171,20.167993253766387,28.741415714629102,9.332915202932465,12.03596523926661,7.831365373122775,9.887207149006597,108.8,129.24805198743738,20.6,25.75534382796119,1.6,2.295595886428859,0.2,0.33955365784230196,8.1,10.796568507686722,12.2,14.91036434413768,7.5,8.812731567317643,11.2,13.103056994467895,35.8,39.33381992259786,1.2,1.8064693292343694
36,2016,1.2174835628106224,1.3614163234426788,1.2650163657557312,1.2332081103820367,1.156732868774696,1.2129348076815147,1.3666431911259356,1.6273151181481795,1.3268193674865374,1.2172700326544783,1.122267198067968,1.1134459105657626,1.0814862168874797,1.061740401570983,1.2665623751822237,4496,146.2,112.2,19.9,1.8,0.3,8.5,12.2,6.8,10.1,38.2,1.0,1.8,0.3,2.1,0.7418753118181234,0.14356176917556562,0.06227453955058702,0.05228837945572391,108.46217058780962,132.05090987741997,20.98873065346769,28.574400519972638,9.10453768229582,11.517389170743966,7.644561076426836,9.427334719760406,112.2,129.7854278765209,19.9,24.13740267286214,1.8,2.459957744026684,0.3,0.48819453544445385,8.5,11.277964623635567,12.2,14.850694398384634,6.8,7.631416946862181,10.1,11.245803696714201,38.2,41.31277348510173,1.0,1.2665623751822237
36,2017,1.2369976313052886,1.3614681337406498,1.2702727013477642,1.2357162155218564,1.1600552735675735,1.2116097654733995,1.545293035343264,1.6178389715559511,1.3241141758733217,1.2339220442957617,1.132591223745737,1.1221744461268983,1.0907441908664235,1.071545649145007,1.3305433197005796,4511,140.4,110.0,20.6,2.1,0.4,8.4,12.6,7.0,11.1,39.4,1.1,2.1,0.4,2.5,0.7401121109099307,0.15280484350767443,0.060386953880739704,0.04669609170165521,103.91174037175428,128.53857670467016,21.45380002847749,29.20866508641635,8.478328324855855,10.769789024127912,6.556131274912391,8.101517727499223,110.0,127.60608009243309,20.6,24.959161168752033,2.1,3.2451153742208545,0.4,0.6471355886223805,8.4,11.122559077335902,12.6,15.547417758126597,7.0,7.9281385662201584,11.1,12.45613635200857,39.4,42.97532112013708,1.1,1.4635976516706377
36,2018,1.2830235800573249,1.417190127050445,1.2928176760850312,1.2646523649353407,1.1834730442928447,1.2443708000326124,1.4225685350987287,1.5983281925985973,1.352781938038893,1.2201367606630869,1.168329323329763,1.1415120361519857,1.112309582240024,1.0783459725509768,1.289273881098475,4513,134.5,97.0,25.5,2.2,0.4,8.7,12.7,7.2,10.8,41.5,1.1,2.2,0.4,2.6,0.7345808559863269,0.158401823762236,0.0582405607691347,0.0487767594823024,98.80112513016097,126.76417327819085,21.30504529602074,30.193299849883118,7.833355423448617,10.127100354490915,6.560474150369673,8.296719149362177,97.0,114.79688529640593,25.5,31.731455400831614,2.2,3.1296507772172033,0.4,0.6393312770394389,8.7,11.769202860938368,12.7,15.495736860421202,7.2,8.411971127974294,10.8,12.328329990441446,41.5,46.160847662961,1.1,1.4182012692083226
36,2019,1.2372027204980858,1.3460764494598398,1.2805009992718606,1.2384617647801155,1.154932049481253,1.2216958984671862,1.3183621240949868,1.6473570474511852,1.3562630258404245,1.21189282952123,1.1141390717855535,1.1029007726441575,1.110155942979893,1.0905607754390705,1.2023184421385886,4516,134.0,90.4,23.5,2.5,0.3,10.6,15.5,7.7,11.0,45.9,1.0,2.5,0.3,2.8,0.7146043299833572,0.17394883148696041,0.05905174960576281,0.05239508892391961,95.75698021776986,118.47079643210625,23.309143419252695,31.375889013737858,7.9129344471722165,10.13252046677675,7.020941915805228,8.695168115466828,90.4,104.40585727310527,23.5,28.709853613978876,2.5,3.295905310237467,0.3,0.4942071142353555,10.6,14.3763880739085,15.5,18.784338857579062,7.7,8.578870852748762,11.0,12.131908499085732,45.9,50.95615778277709,1.0,1.2023184421385886
36,2020,1.2257324752878669,1.3320244296173964,1.2818770143051712,1.2263373301667913,1.145791301146735,1.2214543227929355,1.3369561727135244,1.610946365032209,1.3624830665334038,1.2005235291752965,1.1132522283849955,1.1119771348435838,1.1230911907004175,1.0827652439491824,1.1840595298301968,4519,154.0,105.5,24.9,2.6,0.3,12.8,15.7,9.5,11.2,46.7,1.0,2.6,0.3,2.9,0.7011597875214804,0.1884930637890713,0.057733074759111,0.0526140739303373,107.97860727830799,132.35288557737692,29.02793182351698,38.66591433019288,8.890893512903094,11.397032030825434,8.102567385271945,9.936480854750915,105.5,120.88098227098055,24.9,30.414212637544093,2.6,3.4760860490551635,0.3,0.48328390950966266,12.8,17.43978325162757,15.7,18.848219408052152,9.5,10.575896169657458,11.2,12.454143910248138,46.7,52.4483586057095,1.0,1.1840595298301968
36,2021,1.246887368214635,1.3815695289567038,1.313979106287519,1.2420734952987975,1.162266342559549,1.2164609390849077,1.3096151046884,1.5371216146029525,1.359068972196819,1.2226232228952965,1.121903793635153,1.0965959240458287,1.1400904182726463,1.110566674901537,1.2252678099849468,4517,174.3,123.8,31.3,3.0,0.5,13.7,18.4,11.2,12.4,58.0,1.2,3.0,0.5,3.5,0.6782682366334036,0.2126948229820458,0.0572274855097063,0.0518094548748442,118.22215364520225,147.40971002333248,37.072707645770585,51.21852323931686,9.974750724341808,13.106614042211431,9.030387984685344,11.21640556804239,123.8,143.88857320887215,31.3,38.075227393357615,3.0,3.9288453140651995,0.5,0.7685608073014762,13.7,18.61924491909642,18.4,22.496267301273452,11.2,12.565322488713713,12.4,13.597789458168277,58.0,66.12524425981348,1.2,1.4703213719819361
36,2022,1.247856587504614,1.383266928588104,1.3098921008669056,1.239695582222091,1.158244155633494,1.2199231126324244,1.3393994695387277,1.5350119189190792,1.3735115183260187,1.2167379994328642,1.1158494568315642,1.0922158856856814,1.1544950806747976,1.105007917895968,1.1995136833530011,4528,160.9,124.9,33.2,3.1,0.5,13.4,18.2,11.1,10.4,53.4,1.1,3.1,0.5,3.6,0.6672094657553176,0.22442711005679195,0.05555164926429381,0.052811774923596615,107.3540030400306,133.96239988849254,36.11032200813783,49.95021421452423,8.938260366624874,11.708156649733654,8.497414585206696,10.534207321590303,124.9,144.6646950386234,33.2,40.50144733939649,3.1,4.152138355570056,0.5,0.7675059594595396,13.4,18.40505434556865,18.2,22.144631589678127,11.1,12.385928970830362,10.4,11.359045211131088,53.4,61.650037308034186,1.1,1.3194650516883013
36,2023,1.2633330328555608,1.411476472241361,1.341109105676007,1.2542736649341757,1.1764200448359228,1.2271242104653894,1.2699352539711284,1.5747294521454478,1.376605826410861,1.2259380686355872,1.1206969330398733,1.08938573354809,1.1704133739761209,1.1486559840299986,1.2472006858841598,4515,158.4,129.6,39.4,4.1,0.7,14.6,19.6,13.1,11.6,59.2,1.1,4.1,0.7,4.8,0.6524019773048648,0.235169031518334,0.05744027023417522,0.054988720942626024,103.34047320509059,130.5534334309159,37.25077459250411,52.57859191008582,9.098538805093355,12.202133239857194,8.710213397311962,10.924991280205232,129.6,152.4640378107356,39.4,48.34869389233634,4.1,5.206734541281626,0.7,1.1023106165018133,14.6,20.09844506559857,19.6,24.02838614525751,13.1,14.68112982282234,11.6,12.636874509157845,59.2,69.28847173938637,1.1,1.3719207544725758
36,2024,1.2752620153501144,1.429943443118692,1.356900006988011,1.2652568263927415,1.1886637536970637,1.2345694416823192,1.2829615548951527,1.6033852857844368,1.383553363578622,1.2256401651349438,1.1252480283796114,1.089165718902015,1.1822252838885974,1.1708137295162695,1.2700022747751911,4502,143.2,129.9,36.57,4.92,0.79,15.6,19.3,10.7,10.6,62.7,1.0,4.92,0.79,5.71,0.647472337120958,0.2381630865924714,0.05796715010602,0.0563974261805505,92.71803867572117,118.23979286091004,34.1049540000419,48.76815535022452,8.300895895182064,11.263485698179295,8.07611142905483,10.218355116320062,129.9,154.40742160524857,36.57,45.14820448232241,4.92,6.312170850084152,0.79,1.2666743757697052,15.6,21.5834324718265,19.3,23.654855187104417,10.7,12.04015390366184,10.6,11.54515662036136,62.7,74.12552529981505,1.0,1.2700022747751911
37,2015,1.107836456997488,1.1201171845008275,1.1163949710238117,1.104797123152442,1.0797792585551147,1.0929637868632749,1.076044938937144,1.522479261625668,1.1815273669680837,1.1134012107559663,1.033073568891025,1.0232142284288277,1.0566413433739736,1.0363561945653557,1.444159304292077,9866,127.4,88.9,12.9,1.0,1.0,5.9,11.2,15.7,18.2,60.7,0.9,1.0,1.0,2.0,0.13060261495011,0.5860602076814619,0.1350023948353351,0.1483347825330929,16.638773144644013,18.433039489347372,74.66407045861826,83.63250838547889,17.199305102021693,19.201217721001203,18.897851294716038,20.87829174416493,88.9,95.99237608554971,12.9,14.099232850536247,1.0,1.076044938937144,1.0,1.522479261625668,5.9,6.971011465111694,11.2,12.470093560466822,15.7,16.219255031589093,18.2,18.622498957404662,60.7,64.1381295428002,0.9,1.2997433738628694
37,2016,1.0806883851939415,1.1143791854688472,1.1261673842979771,1.1027535224131093,1.079954969090332,1.0893163639286592,1.0692675296241991,1.5346035519801955,1.1844354882434802,1.136736370738911,1.0457421694385929,1.0243039026654577,1.057684647977804,1.038272508089875,1.2944886295641287,9973,125.7,94.4,12.8,1.1,1.3,6.3,11.7,16.7,17.7,68.3,1.0,1.1,1.3,2.4000000000000004,0.13391393220412112,0.58266353182412,0.13437661929434863,0.14904591667741032,16.832981278058025,18.191207355384375,73.24080595029189,81.61802967796817,16.891141045299623,19.022252128793276,18.735071726350476,20.66016633889524,94.4,101.94774908212736,12.8,13.943249458286838,1.1,1.1761942825866192,1.3,1.9949846175742543,6.3,7.461943575933925,11.7,13.299815537645259,16.7,17.4638942296245,17.7,18.1301790771786,68.3,72.239861456884,1.0,1.2944886295641287
37,2017,1.1391566845474237,1.1166864770522784,1.1488801284987082,1.095294342610214,1.088622545220858,1.128466642290971,1.069660069632527,1.5401030718404725,1.1934864379515977,1.1761293609269998,1.0589701895239991,1.0280836582271584,1.069994071325727,1.057535173607005,1.0987936151986146,10033,122.8,93.6,13.0,1.2,1.1,5.9,11.6,17.2,17.3,69.8,1.0,1.2,1.1,2.3,0.1850474024324533,0.5693954879199937,0.1209735089853081,0.1245836006622448,22.723821018705266,25.885992611917352,69.92176591657523,78.08069045065446,14.855546903395835,17.067242635291993,15.298866161323662,16.756761554848648,93.6,101.8950702326723,13.0,14.670066349782623,1.2,1.2835920835590322,1.1,1.6941133790245197,5.9,7.041569983914427,11.6,13.643100586753198,17.2,18.214287259812785,17.3,17.78584728732984,69.8,74.68558617853574,1.0,1.0987936151986146
37,2018,1.2014652287463092,1.1590772048643447,1.1380152501712224,1.1320100966686526,1.0827523329988806,1.1478406103201426,1.0750868350368832,1.5458859709774864,1.203621133326317,1.1646080065439894,1.0621793306881229,1.0476195887916575,1.102189674566215,1.0489146683235349,1.2798608549714403,10077,117.2,92.8,15.9,1.2,1.0,6.0,12.1,16.0,16.4,74.2,0.9,1.2,1.0,2.2,0.19984018011666213,0.5532890178799438,0.11672598897789252,0.13014481302550163,23.421269109672803,28.1398404483819,64.84547289552941,75.16090947185685,13.680285908209004,15.568373990244318,15.252972086588791,17.266518406223636,92.8,100.47941650229612,15.9,18.250665704090267,1.2,1.2901042020442597,1.0,1.5458859709774864,6.0,7.221726799957901,12.1,14.091756879182272,16.0,16.994869291009966,16.4,17.18096125618318,74.2,81.78247385281315,0.9,1.1518747694742963
37,2019,1.141900533079705,1.125659094536769,1.135460285593315,1.0997024739087031,1.082565163105374,1.148238666858482,1.077847093518687,1.5704049911596238,1.2107855448342115,1.140755302604617,1.0509473312846274,1.0274230293873374,1.0957649104109255,1.0497611803726408,1.1781897600567424,10106,117.6,94.2,14.6,1.1,1.0,6.5,13.8,17.5,16.9,78.1,0.8,1.1,1.0,2.1,0.19846238542952502,0.5449155090380491,0.11810550380745372,0.13851660172497232,23.33917652651214,26.65101811726555,64.08206386287456,72.13455798393079,13.889207247756556,15.770643228202397,16.289552362856742,17.91366103229892,94.2,101.97763836452624,14.6,16.76428453613384,1.1,1.185631802870556,1.0,1.5704049911596238,6.5,7.870106041422375,13.8,15.742423175943717,17.5,18.39157829748098,16.9,17.363449196646002,78.1,85.57923950309328,0.8,0.942551808045394
37,2020,1.1323472628184184,1.1318022279830635,1.138566750424251,1.0994331671590034,1.0859622879416824,1.134346490420281,1.076854674886438,1.5585636428208662,1.2120940824893929,1.1254940199046928,1.0461027515696015,1.0290598793874175,1.0988246323484383,1.047481054959737,1.1986915946344006,10165,124.0,95.9,12.4,1.1,1.0,8.2,15.7,20.1,17.6,81.1,0.7,1.1,1.0,2.1,0.20929646780392586,0.5327418017616469,0.11780166556006373,0.14016006487436364,25.952762007686808,29.387539021981997,66.05998341844422,74.7668364135194,14.607406529447903,16.631507384359484,17.37984804442109,19.107981380220092,95.9,104.14378341360735,12.4,14.065896481211484,1.1,1.1845401423750819,1.0,1.5585636428208662,8.2,9.939171476413021,15.7,17.670256112503676,20.1,21.026665306548992,17.6,18.11145387721855,81.1,89.11467768345834,0.7,0.8390841162440803
37,2021,1.110639213393963,1.1170682731859594,1.1411830004897423,1.104859693449999,1.0683107713401196,1.1115085733858174,1.0726323274447256,1.4441998308852322,1.2045789061182943,1.1316192415017852,1.0462873118981797,1.0343841205677948,1.1030475924358352,1.0626450889004515,1.107426659918912,10170,133.9,98.1,20.4,1.1,1.1,9.3,11.9,21.3,17.1,80.6,0.8,1.1,1.1,2.2,0.17763269489532063,0.5712844113338474,0.11178634330449241,0.13929655046633954,23.785017846483434,26.416573511579735,76.49498267760218,85.45011820705894,14.968191368471535,17.081445537777007,18.651808107442864,20.607630987877528,98.1,104.80128666846574,20.4,22.674774897070673,1.1,1.1798955601891983,1.1,1.5886198139737555,9.3,11.202583826900138,11.9,13.466268973871244,21.3,22.28591974343123,17.1,17.687968461709293,80.6,88.9056359503283,0.8,0.8859413279351296
37,2022,1.1219087972178463,1.1125754420485767,1.1384423632719622,1.102935340105919,1.0640429280014287,1.1318867561104535,1.0739430035949775,1.4474244941067624,1.212642427815203,1.122943795033971,1.0387086572716655,1.0368719193829947,1.1190321527008,1.0695185774903948,1.0938694417745167,10163,131.6,92.2,20.9,1.1,1.2,8.1,12.6,22.4,14.0,68.6,0.7,1.1,1.2,2.3,0.1783775364799075,0.5735073998576247,0.104936194102749,0.1431788695597188,23.474483800755827,26.336229886215786,75.4735738212634,83.97004475717802,13.809603143921768,15.721437239014218,18.842339234058993,20.781881831507956,92.2,98.10475796173174,20.9,23.656433202708477,1.1,1.1813373039544754,1.2,1.736909392928115,8.1,9.822403665303144,12.6,14.149091817428033,22.4,23.267073922885306,14.0,14.516206871361927,68.6,76.76560567527487,0.7,0.7657086092421617
37,2023,1.1414213530196555,1.1429228528491295,1.1799735805227882,1.1302839437205745,1.0851623152823906,1.1341121564820735,1.0766928236911728,1.4559598428586813,1.2221470859885266,1.1436412504186264,1.0516641460358251,1.0430854589156329,1.1301361608939662,1.121161090136529,1.1366836149610218,10123,127.7,107.2,25.6,1.9,1.9,9.5,15.1,25.1,15.8,83.5,0.8,1.9,1.9,3.8,0.16644851989281903,0.5747611174768318,0.11289211735675511,0.14589824527359424,21.25547599031299,24.261454163939856,73.39699470179141,83.88710257512389,14.416323386457629,17.010880724292814,18.631205921437985,21.058552905153046,107.2,116.32940019827228,25.6,29.033271205941084,1.9,2.045716365013228,1.9,2.7663237014314945,9.5,11.610397316891003,15.1,17.268982881321257,25.1,26.39677006549921,15.8,16.480750250867,83.5,94.36636943464617,0.8,0.9093468919688175
37,2024,1.152973657189891,1.1573909293646036,1.200826890045125,1.1435326654757776,1.0965329365116454,1.1405285479926766,1.0786038595609897,1.4659381079235307,1.230170276339306,1.1501512480492,1.0562434028920185,1.047095537796498,1.1398936651957243,1.1548328170943067,1.1500929824186177,10080,98.8,113.2,22.14,2.54,2.06,9.9,13.4,24.7,15.0,84.6,0.7,2.54,2.06,4.6,0.17057347696025113,0.5665243356206827,0.11439699624995742,0.14850519116910882,16.852659523672813,19.430672484385088,55.97260435932345,64.78218457839463,11.302423229495792,13.57225373664921,14.672312887507951,16.77826906494657,113.2,124.12752841311827,22.14,25.25130205255786,2.54,2.739653803284914,2.06,3.0198325023224735,9.9,12.178685735759132,13.4,15.412026723859281,24.7,26.089212051432856,15.0,15.706433066947472,84.6,96.43500407555827,0.7,0.8050650876930323
41,2015,1.1328983308247422,1.1717995066170863,1.1946959798858998,1.1262819961136152,1.0791852690309205,1.1568948341176768,1.3049423676671537,1.645468766703838,1.2025549717234418,1.1343294642088064,1.055781843051557,1.0296914586483883,1.08445253659859,1.039632109935234,1.06573628584919,9701,127.3,80.8,11.3,1.2,0.9,5.1,3.7,12.3,10.9,48.3,1.2,1.2,0.9,2.1,0.225395202527551,0.5371117349139677,0.11817099632215904,0.11932206623632244,28.692809281757242,32.50603574197545,68.37432385454808,80.12099895803631,15.043167831810845,17.972012133413305,15.189699031883846,17.107884545995187,80.8,87.19816973769838,11.3,13.072911625529748,1.2,1.5659308412005843,0.9,1.4809218900334542,5.1,6.133030355789553,3.7,4.197019017572584,12.3,12.986116669534153,10.9,11.223636899267433,48.3,52.37905751771189,1.2,1.2788835430190277
41,2016,1.1225091533464788,1.1706458250619785,1.200520474059589,1.127836015279,1.0811631353443254,1.168213146403068,1.1564511351748312,1.6525867471282278,1.2124512084464203,1.1689033490945488,1.072759142297363,1.0253683259936233,1.0852683813388768,1.0396544006956303,1.0568635274585068,9778,125.1,86.3,10.8,1.2,1.1,5.7,4.1,12.8,11.0,55.0,1.3,1.2,1.1,2.3,0.22225525525124532,0.5367131855188905,0.12044452871148692,0.12058703051837741,27.80413243193079,31.210393155700004,67.1428195084132,78.60046134041387,15.067610541807014,18.088974950595414,15.085437517849012,17.013899738871157,86.3,93.30437858021529,10.8,12.616701981153136,1.2,1.3877413622097974,1.1,1.8178454218410507,5.7,6.910971888144596,4.1,4.79250373128765,12.8,13.731317021406248,11.0,11.279051585929857,55.0,59.68976097363822,1.3,1.3739225856960589
41,2017,1.1555414375805586,1.198015904979146,1.2260984226381466,1.1367577054878055,1.0995488152558288,1.1810332320324866,1.121006020627528,1.697937412628496,1.2104853798452342,1.1986521142252105,1.087068765269193,1.0379566011414345,1.0837290548172387,1.0405066111042338,1.038130396830244,9829,124.5,84.4,10.9,1.2,1.1,5.3,3.8,14.3,11.5,57.6,1.2,1.2,1.1,2.3,0.29872219604928063,0.4784918049490717,0.11256441696405091,0.11022158203759681,37.19091340813544,42.9756415445709,59.57222971615943,71.3684786950303,14.014269912024337,17.182874233558277,13.722586963680802,15.59925647019066,84.4,92.80192000759196,10.9,12.873262229154104,1.2,1.3452072247530336,1.1,1.867731153891346,5.3,6.415572513179741,3.8,4.5548780340557995,14.3,15.54508334334946,11.5,11.936500913126498,57.6,62.42279355747295,1.2,1.2457564761962927
41,2018,1.253486117653739,1.2437812479612838,1.216551059427069,1.187665260109289,1.1070682995664365,1.2105419769886705,1.4853490007289865,1.679405876153194,1.2409185267630958,1.1347120636729149,1.097255823173585,1.081778416435289,1.101763350294636,1.0503360349645898,1.053248275176701,9864,123.4,84.7,12.9,1.2,1.1,6.0,4.0,12.8,12.5,56.0,1.3,1.2,1.1,2.3,0.3499659250322133,0.438302447801582,0.1028158649838636,0.108915762182341,43.185795148975124,54.13279469907851,54.086522058715225,67.27180190407432,12.687477739008768,15.434964484848471,13.44020505330088,15.962464630550771,84.7,93.76868497327717,12.9,15.61599150315385,1.2,1.7824188008747837,1.1,1.8473464637685135,6.0,7.445511160578574,4.0,4.5388482546916595,12.8,14.044874536621888,12.5,13.522230205441113,56.0,61.69874761649962,1.3,1.3692227577297114
41,2019,1.1939016655272432,1.2294650397319409,1.2178183468428592,1.1497339000264524,1.1060677421345402,1.202579883047978,1.1377307118235804,1.7227441399010008,1.2491953712833064,1.1580753542069064,1.081055780394049,1.037566062273818,1.0998728315044313,1.0462366149290188,1.0372971439979528,9901,132.2,89.3,12.0,1.4,1.0,6.9,4.7,14.6,13.1,62.5,1.2,1.4,1.0,2.4,0.33394969391970747,0.4422745539161989,0.10695686439074693,0.11681888777334663,44.14814953618532,52.70854926119745,58.46869602772149,71.88521768479738,14.139697472456744,17.219583000765425,15.443456963636423,17.75586600469238,89.3,98.77184937261444,12.0,14.430958596575735,1.4,1.5928229965530125,1.0,1.7227441399010008,6.9,8.619448061854815,4.7,5.442954164772461,14.6,15.783414393753116,13.1,13.592115415787017,62.5,68.74205196902696,1.2,1.2447565727975434
41,2020,1.1458052369256646,1.1884589561558718,1.2148033067827977,1.1302969650802224,1.074826693874502,1.188278316880715,1.3972129387730967,1.7853387870047055,1.246531237327368,1.1612812483560784,1.0984979966763284,1.0375104966424658,1.1082923137677372,1.042540213434322,1.022339135694898,9941,150.9,94.1,10.3,1.5,1.1,8.7,5.2,18.9,13.5,62.7,1.2,1.5,1.1,2.6,0.30687411797589353,0.48060640160646784,0.09602350566624611,0.11649597475139252,46.30730440256234,53.05915189236681,72.523506002416,86.19121024039542,14.489947005036539,17.602435536825883,17.57924258998513,19.86976454786918,94.1,101.14119189359063,10.3,12.239266663871366,1.5,2.0958194081596453,1.1,1.9638726657051762,8.7,10.844821764748101,5.2,6.038662491451608,18.9,20.761612137182606,13.5,14.006391704673288,62.7,69.48992807323712,1.2,1.2268069628338776
41,2021,1.1522715053800363,1.2157381755278107,1.245733305127667,1.155072770988515,1.082964872678872,1.1835718365310597,1.3200804013584448,1.6998022005655669,1.2564997768556423,1.192142096221689,1.095785379052801,1.041341281447146,1.1119366523058554,1.0437937934979769,1.0262446596449608,9883,146.7,103.2,18.2,1.9,1.4,9.5,5.9,20.0,16.0,73.0,1.1,1.9,1.4,3.3,0.28530798249358824,0.5060687163252712,0.09776335306014632,0.11085994812099431,41.85468103180939,48.22795631972426,74.24028068491728,90.2567433905539,14.341883893923464,17.86616242493453,16.263154389349864,18.785126805520378,103.2,111.7619748604596,18.2,21.541007424865285,1.9,2.508152762581045,1.4,2.3797230807917935,9.5,11.936747880128602,5.9,7.033638367707966,20.0,21.91570758105602,16.0,16.661460503154338,73.0,81.17137561832745,1.1,1.128869125609457
41,2022,1.1506246089078884,1.2159720294519898,1.236130622776502,1.1522943769623764,1.07710708567735,1.199704757868988,1.4652299906368669,1.530922232579106,1.2619004244991312,1.1766866565928007,1.098520509599048,1.0431141889122189,1.122469425027675,1.045955032804361,1.024049502392938,9872,137.0,104.5,19.6,1.7,1.3,8.7,5.7,20.1,13.1,67.7,1.1,1.7,1.3,3.0,0.28357121457324735,0.511701712791161,0.09096994681840702,0.11375712581718482,38.84925639653489,44.70091044762524,70.10313465238904,85.24345091421162,12.462882714121761,15.405750970997836,15.584726236954321,17.95819240934048,104.5,112.55769045328307,19.6,23.514213254232164,1.7,2.490890984082674,1.3,1.990198902352838,8.7,10.97853369314244,5.7,6.707113942578964,20.1,22.080262242940865,13.1,13.664795874750066,67.7,75.9911800743736,1.1,1.1264544526322318
41,2023,1.1586178282310584,1.225048796503811,1.258860551155774,1.1590627112073917,1.0945760368245685,1.1904518997138256,1.2015068737525942,1.708330091923003,1.267629605468304,1.1923060331671005,1.0835651307456242,1.041168347499627,1.1315719967830504,1.055250525527117,1.0299288169169631,9815,151.0,117.3,24.8,2.1,1.6,10.6,7.7,24.3,13.4,73.8,1.1,2.1,1.6,3.7,0.2697692227439577,0.5189695403604287,0.0988169623734875,0.112444274522126,40.73515263433762,47.19647407785693,78.36440059442474,96.00021463694256,14.921361318396613,18.783913133271206,16.979085452841026,19.679824818791904,117.3,128.3937691195219,24.8,29.523207112902874,2.1,2.523164434880448,1.6,2.7333281470768047,10.6,13.436873817964022,7.7,9.180756455386675,24.3,26.33063267711867,13.4,13.951655856495002,73.8,83.51001336258912,1.1,1.1329216986086597
41,2024,1.165332805998723,1.2337803035985593,1.270306585383841,1.167418714377992,1.102565388278153,1.1973778925078666,1.1366830758761586,1.6886038072357306,1.281623736860222,1.1957617111438397,1.086637023799292,1.0404839611434449,1.1407173746418604,1.060589093805075,1.0350160605255434,9785,141.9,111.5,21.71,3.17,1.96,10.4,7.2,22.9,12.7,74.7,1.0,3.17,1.96,5.13,0.26458880846083943,0.5228062518124517,0.09961694294299442,0.11298799678371461,37.54515192059311,43.752597239273115,74.1862071321869,91.52948115837515,14.135644203610909,17.956601920489856,16.032996743609104,18.71722044605067,111.5,122.93604079301406,21.71,25.995074046345785,3.17,3.6032853505274227,1.96,3.309663462182032,10.4,13.328886863346309,7.2,8.609484320235646,22.9,24.883987845003784,12.7,13.21414630652175,74.7,85.21158788574698,1.0,1.0350160605255434
42,2015,1.2619145668436422,1.7406645524146809,1.3940297210256476,1.3059439182265609,1.1968032204627674,1.283970677753606,1.6544577729176728,1.6116883123121046,1.328047492146359,1.1925065465470674,1.1523928380157118,1.220797665342752,1.069481147999955,1.0318937605336134,1.0760141593097436,5850,123.1,117.3,22.4,1.6,0.6,5.5,14.9,8.5,8.0,33.4,0.9,1.6,0.6,2.2,0.5562609887177401,0.24316299980969996,0.12483812449973353,0.07573788697282641,68.47572771115381,86.41051827392384,29.933365276574065,52.10394787141295,15.367573125917197,21.422853677563587,9.32333388635493,12.175751186480827,117.3,140.3850177602826,22.4,28.760943181680773,1.6,2.6471324366682767,0.6,0.9670129873872627,5.5,7.304261206804974,14.9,17.768347543551304,8.5,9.79533912313355,8.0,9.766381322742015,33.4,35.7206703431985,0.9,0.9684127433787693
42,2016,1.2291253761341168,1.6992836401819045,1.3753278524774315,1.2904754645136507,1.1769935760423682,1.252530841971046,1.5505988541409617,1.6357109806008363,1.3268452120580103,1.1940081305661718,1.1229684485872211,1.1587957244255274,1.0669672477642596,1.0318261088190137,1.0577754732912137,5885,115.3,119.7,20.8,1.6,0.8,6.1,15.8,8.4,7.6,37.6,0.9,1.6,0.8,2.4000000000000004,0.5523390782189321,0.25092844462416286,0.12255604788407501,0.07417642927283011,63.68469571864287,78.2764755791637,28.932049665165977,49.16375867294689,14.130712321033847,19.43436223046386,8.552542295157311,11.036845991115776,119.7,140.88613105227148,20.8,26.052641512997756,1.6,2.480958166625539,0.8,1.308568784480669,6.1,8.093755793553862,15.8,18.865328462945516,8.4,9.432934968132658,7.6,8.806847505634007,37.6,40.11796851593616,0.9,0.9519979259620923
42,2017,1.2218825517753047,1.677329608070594,1.3675658668040438,1.2826988425200667,1.174059723369982,1.2220056367261538,1.48989341853362,1.593475808770928,1.3150475337669791,1.1879651481839455,1.1304781530177523,1.1470777925056863,1.0742181237223134,1.0361620020934192,1.0540453093545772,5904,112.2,116.6,20.7,1.7,0.6,5.4,15.1,7.6,6.9,40.3,0.9,1.7,0.6,2.3,0.551379131900771,0.26480897432943235,0.11676896053650802,0.06704293323328861,61.86473859926651,75.59144466458395,29.71156691976231,49.836090896688134,13.1014773721962,17.917133258921062,7.522217108774982,9.648739178610313,116.6,136.8953637449399,20.7,25.295516680231383,1.7,2.5328188115071537,0.6,0.9560854852625568,5.4,7.101256682341687,15.1,17.93827373757758,7.6,8.591633962934917,6.9,7.914836768289236,40.3,43.29099038600923,0.9,0.9486407784191195
42,2018,1.3468324717553752,1.7635257699860964,1.4284304835758577,1.3546318738184366,1.2218196393999827,1.3202102488607952,1.707399446438041,1.692182142498723,1.377929252863476,1.2619026075249105,1.2362497630066691,1.2632019924859386,1.118999685721009,1.0425405373529133,1.1019245040697514,5917,110.9,111.4,22.9,1.9,0.6,5.6,15.4,7.1,6.8,43.7,0.8,1.9,0.6,2.5,0.5448858766097928,0.27184080741673655,0.10842070985436171,0.07485260611910892,60.427843716026025,81.38618211490285,30.147145542516085,53.1652680557486,12.023856722848715,17.175243473065617,8.30115401860918,11.245007823084,111.4,136.1107078291581,22.9,30.232814698912208,1.9,3.244058948232278,0.6,1.0153092854992336,5.6,7.716403816035465,15.4,19.43330015588362,7.1,8.777373317347351,6.8,8.589773548904382,43.7,48.900286266008095,0.8,0.8815396032558012
42,2019,1.2007218695321589,1.6049349128207364,1.3792276375344033,1.2857456956965665,1.1413372583346242,1.2192209890802024,1.477247970978443,1.6435371771904623,1.343989730791356,1.1797410059882143,1.117694954548634,1.1259262918020845,1.08872208242851,1.0434186425047596,1.0341740916003732,5927,117.7,104.9,20.4,2.3,0.6,7.0,17.6,7.6,7.4,43.1,0.7,2.3,0.6,2.9,0.5059613845742603,0.30660796292467307,0.10971686217763202,0.07771379032343462,59.551654964390444,71.50497448257697,36.08775723623402,57.918501513831146,12.91367467830729,17.81089701844961,9.146913121068255,11.760604174323957,104.9,119.72627839930209,20.4,24.872108177236125,2.3,3.3976703332504186,0.6,0.9861223063142773,7.0,9.407928115539491,17.6,20.763441705392573,7.6,8.494481654569618,7.4,8.331854559335426,43.1,46.92392175266878,0.7,0.7239218641202612
42,2020,1.1925809723052812,1.565217375079265,1.3781715939137469,1.2661180251016724,1.12811956985557,1.2290500108567006,1.529899079209033,1.6178698010075658,1.3495307109000088,1.1669432878567263,1.11628964126225,1.177103075562281,1.106075617494348,1.0383498761416858,1.033938978233452,5745,132.9,126.8,19.4,2.5,0.7,7.7,18.1,9.7,7.7,42.5,0.8,2.5,0.7,3.2,0.4996418981002789,0.31891408011222155,0.10349415775003203,0.07794986403746751,66.40240825752707,79.19024860317387,42.38368124691424,66.33967430749138,13.754373564979257,18.95588693933257,10.359536930579432,13.116396439513071,126.8,143.04556145768626,19.4,23.84357021061999,2.5,3.8247476980225823,0.7,1.132508860705296,7.7,10.391386473930067,18.1,21.121673510206747,9.7,10.828009520243825,7.7,9.063693681829564,42.5,47.00821374350979,0.8,0.8271511825867617
42,2021,1.2180670627420975,1.657231097540678,1.4059502851250916,1.2757790044930386,1.1489449592803316,1.21066960200534,1.4666284475749365,1.4322049987638994,1.3367212117643656,1.1952053625895207,1.1164670345674426,1.1121233540179736,1.129949603158888,1.0524798450853927,1.050808442536168,5830,134.9,133.8,28.1,2.5,0.7,8.5,19.5,9.6,10.9,49.2,0.8,2.5,0.7,3.2,0.4611217141150166,0.36823912831629657,0.10093252981105713,0.06970662775762972,62.20531923411575,75.77025048643387,49.67545840986841,82.32371446142254,13.615798271511608,19.143135462037474,9.403424084504248,11.996691017354692,133.8,153.72883555170839,28.1,34.019815816350054,2.5,3.666571118937341,0.7,1.0025434991347295,8.5,11.362130299997109,19.5,23.306504570495655,9.6,10.718083531847448,10.9,12.122144558795913,49.2,55.59352047541729,0.8,0.8406467540289344
42,2022,1.2286656746852724,1.6620201631150198,1.408658879470243,1.2741649056653928,1.1440289881498342,1.206973551166581,1.5851241926028177,1.5085743593856764,1.3514537667714204,1.1948838519761873,1.1063349107046827,1.1081198505652547,1.1492921329818755,1.0568095370525803,1.046990137126671,5844,117.2,124.7,26.9,2.5,0.7,8.0,17.9,9.9,9.1,44.6,0.8,2.5,0.7,3.2,0.4349757005911212,0.3950239224109107,0.0960682891599613,0.0739320878380067,50.979152109279404,62.63633432123091,46.29680370655874,76.94622124807881,11.259203489547463,15.86037697131338,8.664840694614385,11.040435926258995,124.7,142.66041482228434,26.9,32.46758852638102,2.5,3.962810481507044,0.7,1.0560020515699735,8.0,10.811630134171363,17.9,21.38842095037375,9.9,10.95271561597636,9.1,10.083890640143817,44.6,51.25842913099165,0.8,0.8375921097013368
42,2023,1.2453583404382993,1.6982918200115256,1.4351704710270297,1.2959183846871491,1.1745075018189337,1.2255708780583268,1.4055526363763096,1.5098533831277654,1.3542210721899428,1.1995067907783088,1.117966801937775,1.098026731897747,1.1647859680401342,1.0840735128976724,1.0690355361647257,5838,116.7,128.1,30.6,2.9,1.0,9.6,17.6,10.8,9.2,49.6,1.1,2.9,1.0,3.9,0.40241746250632005,0.41928804238027223,0.10150674461292891,0.07678775050047881,46.962117874487554,58.48466517963961,48.93091454577777,83.09897191877735,11.845837096328804,17.00079560524767,8.961130483405878,11.612893741026117,128.1,150.4544109830054,30.6,37.5024688685848,2.9,4.076102645491297,1.0,1.5098533831277654,9.6,13.000522293023451,17.6,21.111319517698238,10.8,12.074041460927972,9.2,10.101845933459272,49.6,57.77338401479066,1.1,1.1759390897811983
42,2024,1.255547514793298,1.7208565913179763,1.4484598150170465,1.306282314051234,1.1880674441420045,1.2311074548441368,1.396717767990991,1.5882642068153332,1.3560065946155826,1.2028239651756942,1.1207790372861155,1.101383700085598,1.1788947875420317,1.1016739292027495,1.0800333900284016,5834,99.3,111.3,25.89,3.43,1.01,8.3,16.8,9.0,8.2,47.3,0.9,3.43,1.01,4.44,0.3861546241050664,0.4296357443023122,0.10288567660832003,0.08132395498430141,38.34515417363309,48.14416302707088,42.662829409219604,73.41661119312997,10.216547687206178,14.798258773123495,8.075468729941129,10.548841979595878,111.3,132.2319065330051,25.89,31.8733720059147,3.43,4.790741944209099,1.01,1.6041468488834865,8.3,11.254854735309337,16.8,20.207442614951663,9.0,10.08701133557504,8.2,9.031346340701901,47.3,55.761723450738096,0.9,0.9720300510255615
43,2015,1.2477468036986437,1.4079814914542406,1.2595115092134892,1.269571885773146,1.1492450542923445,1.2096115039155595,1.3863718190274663,1.722577872310541,1.3505636318834529,1.1807070850309986,1.1552940494342698,1.2918503059144069,1.0635911146116406,1.0206038013154468,1.4714936744654448,6615,148.4,102.0,25.9,1.5,0.5,9.7,11.5,7.2,5.8,50.5,1.8,1.5,0.5,2.0,0.7282058908847704,0.1514365647016524,0.0765584484686681,0.043799095944909,108.06575420729993,134.83869940144174,22.473186201725216,31.641830226033928,11.361273752750348,14.309655050914193,6.499785838224496,8.251945363756262,102.0,117.22299553781913,25.9,31.32893795141299,1.5,2.0795577285411992,0.5,0.8612889361552705,9.7,13.100467229269492,11.5,13.578131477856484,7.2,8.318117155926743,5.8,7.49273177430356,50.5,53.71135128788785,1.8,2.6486886140378005
43,2016,1.242392673672811,1.3732580649940425,1.2575108830592896,1.2653708868433442,1.148208254934128,1.21925793735637,1.425613657299873,1.7477905220281067,1.36026278995006,1.2121377812348142,1.1437943021137935,1.2212664319621336,1.0642738395824969,1.0217488970984765,1.3554772225072411,6625,144.4,101.4,25.1,1.8,0.6,10.7,12.3,7.6,5.4,52.2,1.4,1.8,0.6,2.4,0.7101844550451281,0.1699910011281871,0.0759823996888078,0.043842144137877,102.55063530851649,127.40815798779317,24.546700562910218,33.708954517010255,10.971858515063847,13.797231490079524,6.3308056135094395,8.010817113599261,101.4,116.42831705032057,25.1,30.603374227644885,1.8,2.5661045831397713,0.6,1.0486743132168639,10.7,14.55481185246564,12.3,14.909294709188215,7.6,8.69283669606483,5.4,6.594838732595521,52.2,55.55509442620634,1.4,1.8976681115101375
43,2017,1.242538422137977,1.3558333418861446,1.2414942790028036,1.2643250014205292,1.1564124751705716,1.2003162263465197,1.4085842521015148,1.662795186449796,1.3479624111577102,1.2127710221358765,1.1469365627894734,1.1805615240411853,1.0653960736878565,1.0269551285700418,1.296178297200424,6633,146.6,104.9,27.1,1.9,0.7,10.7,11.8,8.0,5.7,53.0,1.4,1.9,0.7,2.5999999999999996,0.6936648081217182,0.18601441374879632,0.07677748159872132,0.04354329653076431,101.69126087064387,126.35529882743123,27.26971305557354,36.9731861844145,11.255578802372545,13.973736690010742,6.383447271410048,8.070751980493382,104.9,121.30766864539297,27.1,32.528569733990686,1.9,2.676310078992878,0.7,1.1639566305148572,10.7,14.423197799387498,11.8,14.310698061203343,8.0,9.175492502315787,5.7,6.729200687034757,53.0,56.46599190545639,1.4,1.8146496160805936
43,2018,1.2089393054276618,1.3135671568123908,1.2513592329610506,1.244217082939198,1.1201714053172904,1.1643269042523652,1.221762338715903,1.5178259244261432,1.3488559514035414,1.1916821274842668,1.1055619852361238,1.1816241463761117,1.0692245981329949,1.0282875019781577,1.1376185408075477,6635,137.6,94.4,29.8,1.9,0.6,10.8,11.9,7.8,6.7,57.5,1.3,1.9,0.6,2.5,0.6667559295653157,0.2193252670572954,0.0717909014260292,0.0421279019513597,91.74561590818743,110.91488117207716,30.179156747083848,39.64234912326241,9.878428036221617,12.36146213026722,5.796799308507095,7.212476726014658,94.4,105.74418066195223,29.8,34.69694174672048,1.9,2.321348443560215,0.6,0.9106955546556859,10.8,14.567644275158248,11.9,14.181017317062775,7.8,8.623383484841765,6.7,7.916881780719948,57.5,61.480414392647205,1.3,1.478904103049812
43,2019,1.219525591244592,1.2998149586887755,1.2659426204954052,1.2617022751860794,1.133988510749636,1.2020683305107267,1.2510288213136715,1.647254151931294,1.383347471434659,1.2019258936293875,1.1114710925838134,1.1656218446824198,1.0798703734551365,1.030680867849517,1.1679524164893795,6640,144.1,97.9,25.7,2.2,0.6,13.7,14.8,8.7,6.9,60.6,1.2,2.2,0.6,2.8000000000000003,0.645805847841059,0.2326475649283129,0.0757056632238204,0.0458409240068077,93.0606226738966,113.48981088797363,33.52451410616989,43.57566491797249,10.909186070552519,13.810403601627227,6.605677149380989,8.334397888518689,97.9,111.01747520238936,25.7,30.893156094125676,2.2,2.7522634068900778,0.6,0.9883524911587763,13.7,18.951860358654827,14.8,17.788503225714937,8.7,9.669798505479175,6.9,8.042790728308697,60.6,65.44014463138127,1.2,1.4015428997872554
43,2020,1.2148502799760466,1.2959452121245827,1.28593205227729,1.2502138496157489,1.1246196907868578,1.205823873927228,1.2186068416880345,1.6136357340933365,1.3915019036383445,1.1903531621749983,1.105598558555804,1.1679478632892752,1.099664343529748,1.0314769487513122,1.1526073102268897,6645,157.2,104.5,22.7,2.2,0.6,15.8,14.6,10.3,7.4,57.0,1.2,2.2,0.6,2.8000000000000003,0.6067637216101457,0.27557425252957923,0.07163669465009892,0.046025331210176205,95.3832570371149,115.87637651656625,43.32027249764985,56.14069973126156,11.26128839899555,14.481251702206784,7.235182066239699,9.045524823704362,104.5,117.52275768722663,22.7,27.372201938148073,2.2,2.680935051713676,0.6,0.9681814404560019,15.8,21.985730077485844,14.6,17.379156167754974,10.3,11.38766515312478,7.4,8.642814188340637,57.0,62.680867581195635,1.2,1.3831287722722676
43,2021,1.232668309370561,1.3360979275418503,1.30269853201579,1.261371974911524,1.1441438314242351,1.199281541173814,1.1901013669284188,1.5634639660535965,1.3850806518191323,1.2051274831325989,1.1062369412048934,1.1391687509060373,1.1138657268984056,1.040480283037754,1.2139918776399932,6622,161.5,104.4,32.0,2.2,0.7,15.3,14.6,10.9,8.9,61.9,1.1,2.2,0.7,2.9000000000000004,0.5607271593537799,0.3192212205199806,0.0714781989046221,0.0485734212216173,90.55743623563546,111.62728182551315,51.554227113976864,68.88149600300636,11.54372912309647,15.037998982645695,7.844607527291194,9.894968089105099,104.4,119.44861600069015,32.0,38.37700931756205,2.2,2.6182230072425217,0.7,1.0944247762375174,15.3,21.191733972832726,14.6,17.594861253735942,10.9,12.057982659133337,8.9,10.138601883063732,61.9,68.9482884950113,1.1,1.3353910654039927
43,2022,1.2344911367517784,1.330860388537693,1.3072753295067496,1.2605977472130194,1.1393506280778778,1.194635750800069,1.1759576427991765,1.5305383024663088,1.4010283149880625,1.2076340897822673,1.091927074502936,1.127035415743549,1.1306850783705569,1.042476534948798,1.1698380488604876,6604,159.1,104.9,33.9,2.4,0.6,14.3,14.6,10.7,8.0,55.8,1.1,2.4,0.6,3.0,0.5402654088052937,0.34152227183158895,0.06891867104879372,0.04929364831432371,85.95622654092223,106.11219981339646,54.3361934484058,72.31388752440459,10.96496056386308,14.334222434152624,7.842619446808902,9.886388406896318,104.9,119.5178808853694,33.9,40.498151952122335,2.4,2.8222983427180233,0.6,0.9183229814797853,14.3,20.034704904329296,14.6,17.631457710821103,10.7,11.683619697181413,8.0,9.016283325948391,55.8,63.09222737307707,1.1,1.2868218537465363
43,2023,1.2469541732217568,1.3679129758617876,1.3325930575154596,1.2787367947373764,1.1620530193283978,1.214220754172134,1.1887475373502616,1.6061793212890745,1.400115399335277,1.2067705740512926,1.111338126084281,1.0969610314138605,1.145276646248279,1.052862268097316,1.2572725577736918,6568,143.9,117.1,39.8,3.1,0.8,13.1,14.6,12.3,7.9,58.9,1.1,3.1,0.8,3.9000000000000004,0.5142165200364875,0.35965593018583036,0.07244818605466681,0.053679363723015315,73.99575723325056,92.26931828270578,51.75448835374099,70.79563617817007,10.425293973266555,13.892674371332774,7.724460439741904,9.877551783791228,117.1,136.0764085633554,39.8,48.325986016050926,3.1,3.685117365785811,0.8,1.2849434570312597,13.1,18.34151173129213,14.6,17.61885038114887,12.3,13.669458950836656,7.9,8.665992148169499,58.9,67.45679446402363,1.1,1.382999813551061
43,2024,1.2562160253423365,1.3919178542589423,1.3464362193341002,1.287171795365566,1.1757839971669977,1.2211103438076083,1.253629890659057,1.6181731516537716,1.4038589096866858,1.2048123796558592,1.1113956968202978,1.087317249514871,1.1573984347141382,1.0612215827058722,1.2777009143017726,6539,138.6,103.2,35.87,3.85,0.91,13.5,15.3,10.7,7.9,60.1,1.0,3.85,0.91,4.76,0.5016671266323283,0.36773958330062345,0.07409713903404751,0.05649615103300081,69.5310637512407,87.34603654340819,50.96870624546641,70.94425223154396,10.269863470118985,13.827716143784388,7.830366533173912,10.079026948875907,103.2,121.34090850763417,35.87,43.80122803237891,3.85,4.82647507903737,0.91,1.4725375680049322,13.5,18.95209528077026,15.3,18.433629408734646,10.7,11.891933955977185,7.9,8.589806271167483,60.1,69.5596459263197,1.0,1.2777009143017726
44,2015,1.2413524052132383,1.3415346871662173,1.2473865781820015,1.2434959697051573,1.16193780967064,1.2137339813951054,1.3582934949957344,1.7343367207760096,1.3049212053150363,1.2072992868586212,1.1534297878160087,1.1751168477084764,1.0896712923648957,1.055233625286773,1.819290033666569,11678,118.3,98.9,29.7,1.8,0.6,18.6,22.0,6.9,8.3,36.0,1.5,1.8,0.6,2.4,0.6518831162351031,0.16285479315322862,0.051631934540054006,0.13363015607161433,77.1177726506127,95.73033256452575,19.265722030026946,25.8456343765835,6.108057856088389,7.619109388443788,15.808447463271975,19.657740707874417,98.9,114.91564937642632,29.7,36.04789924743463,1.8,2.444928290992322,0.6,1.0406020324656058,18.6,24.271534418859677,22.0,26.560584310889666,6.9,7.958665535930461,8.3,9.753469835980354,36.0,39.228166525136245,1.5,2.7289350504998535
44,2016,1.2005713013543595,1.2900032334890157,1.2294329151051089,1.2168839604922983,1.1378303285116729,1.1897565183442418,1.3330431315477491,1.5785507373473362,1.3024254033389295,1.2094580253470717,1.117767369271706,1.1130115768261857,1.0755083742284746,1.0563955053679783,1.4292578113555785,11908,118.1,98.7,29.1,1.8,0.8,20.1,22.0,7.0,7.5,38.1,1.5,1.8,0.8,2.6,0.6409863083706309,0.17378644475173063,0.052147057032534416,0.13308018984510403,75.7004830185715,90.88382741075998,20.524179125179387,26.476257436189165,6.158567435542314,7.571545515150182,15.716770420706785,19.125485835697877,98.7,112.30385342410212,29.1,34.62191468381744,1.8,2.3994776367859485,0.8,1.262840589877869,20.1,26.178750607112484,22.0,26.608076557635577,7.0,7.824371584901942,7.5,8.347586826196393,38.1,40.97686905810488,1.5,2.143886717033368
44,2017,1.2307202979149958,1.302615020360521,1.2404340705600445,1.230116999173023,1.1452815160387684,1.1940315994086668,1.7337112170385842,1.6109121097527417,1.3050025623221249,1.2183633889840864,1.1269520617598734,1.1469759563787307,1.086221966201931,1.066227271435953,1.6749623687766724,12141,116.8,100.8,29.1,2.0,0.7,20.6,22.8,7.3,7.7,40.1,1.5,2.0,0.7,2.7,0.6759230801309184,0.18621325963248853,0.05007980594341731,0.08778385429317581,78.94781575929127,97.16267933101315,21.749708725074658,28.331497273748525,5.849321334191141,7.255697472584428,10.253154181442934,12.612579253734914,100.8,115.44437681670784,29.1,34.74631954279221,2.0,3.4674224340771684,0.7,1.1276384768269192,20.6,26.883052783835772,22.8,27.77868526883717,7.3,8.226750050847075,7.7,8.831714864116227,40.1,43.55750084469744,1.5,2.5124435531650087
44,2018,1.2557483723389429,1.333769577887502,1.2528445308045897,1.2412747901229548,1.157798669208175,1.2120638717173509,1.355065548425607,1.561204880104886,1.3250806842132254,1.1999964459020371,1.1476477801367475,1.128529740443713,1.0998086402401666,1.0713728399869906,1.3888430375192498,12348,108.7,100.6,34.0,2.2,0.7,21.1,22.0,7.4,8.6,39.4,1.6,2.2,0.7,2.9000000000000004,0.6671758668490461,0.19627135846433366,0.049078308812084116,0.08747446587453611,72.52201672649132,91.06940446302906,21.334696665073068,28.455569365332405,5.334812167873544,6.683690247390146,9.508474440562075,11.802629615598171,100.6,116.4745461223424,34.0,41.21017163838993,2.2,2.9811442065363356,0.7,1.09284341607342,21.1,27.95920243689906,22.0,26.399921809844816,7.4,8.492593573011932,8.6,9.70535576781593,39.4,43.332460425462564,1.6,2.2221488600307997
44,2019,1.2299952442361886,1.2887518777928195,1.2457398245566975,1.2259281063390015,1.1421554451757023,1.20547002524402,1.2996225282288285,1.6356784271718794,1.3357868945074405,1.2016267377494074,1.1116268160973362,1.106036848245246,1.1025902511058978,1.0823096004656758,1.3479920095378424,12489,115.9,109.4,30.7,3.1,0.7,25.9,28.6,8.4,8.8,47.2,1.5,3.1,0.7,3.8,0.6543144447042873,0.20979527546776666,0.04942259254649831,0.08646768728144771,75.8350441412269,93.27674364015053,24.315272426714156,31.336352998971837,5.728078476139155,7.135695475912586,10.021604955919791,12.285767186088302,109.4,124.95180570222185,30.7,37.00792977499141,3.1,4.0288298375093685,0.7,1.1449748990203155,25.9,34.59688056774271,28.6,34.366524699633054,8.4,9.337665255217624,8.8,9.733124264558166,47.2,52.04225985219838,1.5,2.0219880143067637
44,2020,1.218975138212514,1.2760628864805923,1.2468481628474928,1.214559547310499,1.1337186913521986,1.2038998748765464,1.302165958669224,1.563707343559988,1.342759824938059,1.1930163094846715,1.1095273464909343,1.1084335197375192,1.114253586435932,1.074685434379067,1.277088247793443,12624,128.2,113.0,26.0,3.2,0.6,31.1,30.0,9.9,9.6,47.5,1.6,3.2,0.6,3.8000000000000003,0.6379704128676958,0.22981828685352781,0.04798570459707171,0.08422559568170461,81.7878069296386,99.69730325615463,29.462704374622263,37.596263587804856,6.151767329344593,7.670319792858533,10.79772136639453,13.114475574753044,113.0,128.11021212279843,26.0,31.301396746790207,3.2,4.166931067741517,0.6,0.9382244061359928,31.1,41.759830555573636,30.0,35.79048928454014,9.9,10.98432073026025,9.6,10.640961789480185,47.5,52.92704535570677,1.6,2.043341196469509
44,2021,1.2425764147550409,1.3185326492512262,1.27778249608539,1.2321895942022023,1.1487998298887958,1.2022384642160464,1.2834179414458178,1.5107709545611314,1.3412745635827772,1.213609330679276,1.1210059993509014,1.0981304357230577,1.1288705808891697,1.0979549058970866,1.3550688595312643,12684,111.6,97.9,29.6,3.0,0.7,24.6,27.5,8.4,12.9,44.8,1.1,3.0,0.7,3.7,0.6113568912898021,0.2562680795945221,0.047523310445003804,0.08485171867067211,68.22742906794191,84.77779419919712,28.59951768274866,37.709397817541884,5.303601445662424,6.776849093480616,9.469451803647006,11.668159975253117,97.9,112.46750334611312,29.6,35.58625854079497,3.0,3.8502538243374533,0.7,1.057539668192792,24.6,32.995354264136324,27.5,33.37425659368009,8.4,9.416450394547573,12.9,14.165882620827444,44.8,50.5734020238348,1.1,1.4905757454843909
44,2022,1.237948876558571,1.3155584305462795,1.273001127812064,1.2280205628001613,1.1425964121615582,1.203388082453376,1.278829236045366,1.5031141118161844,1.3543949662436463,1.2111880459464734,1.112997859358403,1.094519461854258,1.141313785854733,1.0916350769788292,1.2864470468499465,12657,106.5,101.2,34.2,3.4,0.7,24.3,24.4,8.8,9.3,40.8,1.0,3.4,0.7,4.1,0.5972666349386548,0.2701998018209494,0.0460233005976481,0.0865102626427476,63.60889662096674,78.74456211105607,28.77627889393111,37.85687629866204,4.9014815136495224,6.2395914948258255,9.213342971452619,11.314174621074155,101.2,115.6307569107497,34.2,41.155872419905464,3.4,4.348019402554244,0.7,1.052179878271329,24.3,32.91179767972061,24.4,29.55298832109395,8.8,9.794381162353947,9.3,10.1790309952446,40.8,46.56560246287311,1.0,1.2864470468499465
44,2023,1.2545183844691568,1.339434510981556,1.3000666534302276,1.241329736207933,1.1581165259488857,1.2115268593383148,1.2362421855380907,1.5546387038916682,1.359967074823256,1.220298559012427,1.1178219004811831,1.0927461469994406,1.1568928548593078,1.1272908309058856,1.3686299443131662,12706,114.3,107.0,40.7,4.2,0.9,24.9,27.7,10.0,9.6,47.7,1.0,4.2,0.9,5.1000000000000005,0.5796762604450478,0.28506617507846105,0.04677954468702611,0.08847801978946501,66.25699656886897,83.12062029535596,32.583063811468094,43.6428801425946,5.346901957727084,6.951328934401783,10.11303766193585,12.55361437315172,107.0,123.91846827653077,40.7,49.309143175069416,4.2,5.192217179259981,0.9,1.3991748335025014,24.9,33.863180163099074,27.7,33.80227008464423,10.0,11.178219004811831,9.6,10.49036301119463,47.7,55.183789176788984,1.0,1.3686299443131662
44,2024,1.2665186774975443,1.3543857195553362,1.314814636241674,1.2524078968922985,1.1696146338529223,1.21912344628127,1.249480540386747,1.5885221058962298,1.3681361771761038,1.2198822946512209,1.1212350204122343,1.0915952255428587,1.167803291512122,1.144993152117214,1.398069612594898,12780,105.8,106.3,38.44,5.04,0.94,25.0,27.5,10.0,8.6,47.8,1.0,5.04,0.94,5.98,0.5756359678848846,0.2900467102058079,0.04699714243930221,0.08732017947000542,60.902285402220784,77.13388196419866,30.686941939774478,41.56195594005428,4.972297670078174,6.537649752369156,9.238474987926573,11.570339030121222,106.3,124.33003557856564,38.44,46.863105275052014,5.04,6.297381923549205,0.94,1.4932107795424558,25.0,34.203404429402596,27.5,33.54676310290857,10.0,11.212350204122343,8.6,9.387718939668584,47.8,55.820997334279426,1.0,1.398069612594898
45,2015,1.1325959301870294,1.153071441880195,1.1044294839707391,1.2239147097742888,1.079019038520683,1.088448310626965,1.0844676778237134,1.1477315405865676,1.086537023060297,1.0489888426713938,1.0337223785351797,1.2860288489266316,1.0548781055219143,1.0227502770662311,4.142669764060747,4811,143.4,93.0,27.9,1.3,0.4,18.6,10.2,5.7,5.7,37.3,1.4,1.3,0.4,1.7000000000000002,0.8528002551650274,0.06247005348314811,0.04891767224851991,0.035812019103304504,122.29155659066494,138.5069192908239,8.958205669483439,10.329451127970607,7.0147942004377555,7.747345538950404,5.135443539413866,6.2853448891039685,93.0,100.34877058242353,27.9,30.36770786649232,1.3,1.4098079811708275,0.4,0.45909261623462705,18.6,20.209588628921527,10.2,10.699686195248216,5.7,5.8922175576505245,5.7,7.330364438881801,37.3,39.3469533359674,1.4,5.799737669685046
45,2016,1.094793815724631,1.1197312092374063,1.109140843736119,1.1874030872648995,1.0647642767775216,1.088080037869912,1.0778037472936406,1.0368236044436314,1.0908776442079804,1.0641337687153394,1.042202734863298,1.13409782047416,1.0480327915037535,1.0219314371227577,2.5363722542861487,4857,139.0,88.9,27.0,1.6,0.7,19.5,10.5,5.3,5.6,39.7,1.4,1.6,0.7,2.3,0.8498612925449844,0.06591952508661011,0.052237530285314006,0.03198165208309141,118.13071966375284,129.3287813349767,9.162813987038806,10.259888785724383,7.261016709658647,8.05349019973285,4.445449639549706,5.278540626281956,88.9,94.65754420552167,27.0,29.378161022487625,1.6,1.724485995669825,0.7,0.725776523110542,19.5,21.272114062055618,10.5,11.173404571511064,5.3,5.52367449477548,5.6,6.350947794655296,39.7,41.606901822699015,1.4,3.5509211560006078
45,2017,1.1512643158221083,1.164369327615734,1.1224446431907016,1.2368074221938945,1.0879090102956743,1.1103769435317354,1.086780336324289,1.2915324689561225,1.0994001704811742,1.0519406980690675,1.041751486015115,1.2686963176973711,1.063468345442171,1.0294184581550805,4.026593124747358,4907,133.9,87.5,27.6,1.8,0.8,19.6,10.6,5.6,5.6,40.2,1.3,1.8,0.8,2.6,0.8317047583329384,0.07673951709951932,0.051824858263602315,0.03973086630394001,111.36526714078046,128.21085808117692,10.275421339625638,11.96438543618827,6.93934852149635,7.789034575186893,5.319962998097568,6.579769721843955,87.5,95.19203840087151,27.6,30.6464036414759,1.8,1.95620460538372,0.8,1.033225975164898,19.6,21.548243341431018,10.6,11.150571399532115,5.6,5.833808321684643,5.6,7.104699379105278,40.2,42.75142748677528,1.3,5.234571062171566
45,2018,1.1224059706920473,1.1363258520928765,1.1229967864779995,1.198728679469851,1.0698784842344018,1.0958011246823005,1.0808134219360876,1.1813087355026268,1.1039420032910563,1.0717097251822096,1.0462413125111314,1.1259247050148136,1.0567049005798796,1.0281827659739806,2.2186273965284227,4947,128.3,85.2,31.3,1.9,0.7,18.5,9.9,5.5,5.6,39.0,1.2,1.9,0.7,2.5999999999999996,0.823645812388309,0.08642086056657182,0.053980443042335804,0.035952884002783306,105.67375772942006,118.60885662096595,11.087796410691166,12.599349704210976,6.925690842331685,7.777528560078592,4.612755017557099,5.529441730914151,85.2,91.15364685677103,31.3,34.29857520255601,1.9,2.0535455016785664,0.7,0.8269161148518387,18.5,20.42292706088454,9.9,10.609926279303876,5.5,5.7543272188112224,5.6,6.305178348082956,39.0,41.21149112261531,1.2,2.6623528758341073
45,2019,1.1294305190722322,1.1269860547599215,1.1153978096812918,1.2075640313074416,1.0795528931316882,1.1169451182031216,1.081081763770212,1.4038925069154016,1.1203277402251377,1.0873092162090137,1.0445611638815486,1.122298002172054,1.0659005479371115,1.0299778192647635,2.3557851071982863,4982,133.6,86.1,25.0,2.0,0.6,24.8,13.4,6.3,5.0,40.6,1.2,2.0,0.6,2.6,0.8111970000742162,0.09267649624101712,0.05674122227694721,0.039385281407819404,108.37591920991528,122.40307068818493,12.381579897799886,13.953867880716246,7.580627296200147,8.455415082191857,5.261873596084672,6.354049291918191,86.1,92.94950409863836,25.0,27.92362795507804,2.0,2.162163527540424,0.6,0.842335504149241,24.8,27.784127957583415,13.4,14.569943497200784,6.3,6.580735332453756,5.0,5.611490010860271,40.6,43.27556224624673,1.2,2.8269421286379433
45,2020,1.157094386291991,1.1249643864208616,1.1231259411840904,1.2050889626060903,1.0797447209226951,1.1273731850849178,1.092241138374435,1.1328587816560134,1.1431081116161168,1.1119460853930725,1.0495493258060191,1.1170383743715533,1.0785024199619055,1.0293148809578954,1.935925018574925,5019,141.8,89.7,20.7,1.9,0.5,30.7,13.5,7.6,5.6,39.2,1.2,1.9,0.5,2.4,0.78859993125385,0.11326140551162632,0.05662231442911251,0.041516348805411205,111.82347025179594,129.39030968404253,16.060467301548613,18.067453743518946,8.029044186048154,9.017627808263981,5.887018260607309,7.094380728518373,89.7,96.85310146676575,20.7,23.3366249312578,1.9,2.0752581629114264,0.5,0.5664293908280067,30.7,35.09341902661478,13.5,15.011272152806479,7.6,7.976574876125745,5.6,6.255414896480698,39.2,42.2772948625067,1.2,2.32311002228991
45,2021,1.1854089392687286,1.1492092361340105,1.1459653652018302,1.2242257712661704,1.0915513310092488,1.1316937419969804,1.0762913084100398,1.14509560780233,1.1497450884100582,1.1142035649007749,1.0594125990490983,1.1076168955846353,1.087458838394756,1.0337287478192128,2.2615868945308235,5037,146.7,96.6,30.4,1.8,0.5,26.1,12.8,6.4,6.3,41.4,1.1,1.8,0.5,2.3,0.7611267747608162,0.13599577381622563,0.05848190324355521,0.044395548179403006,111.65729785741173,132.35955901476692,19.9505800188403,22.92739082388191,8.579295205829549,9.831575163722771,6.512826917918421,7.973170556711754,96.6,105.44385857549344,30.4,34.403489756708204,1.8,1.9373243551380717,0.5,0.572547803901165,26.1,30.00834680750252,12.8,14.261805630729919,6.4,6.78024063391423,6.3,6.977986442183202,41.4,45.0207959095429,1.1,2.487745583983906
45,2022,1.1837925594829228,1.1474837961123254,1.152561226407732,1.2265851692942829,1.089320749049819,1.1312756433562736,1.0795690787907335,1.127009371986362,1.1629687297352171,1.1164176291765806,1.0560873553091767,1.1048204770508223,1.0984252855201166,1.032995713033705,1.9641443204273412,5047,134.3,93.1,33.0,1.7,0.5,22.9,12.0,6.2,5.0,36.6,1.1,1.7,0.5,2.2,0.7470157206969515,0.15093152113721503,0.05713322267790991,0.044919535487923504,100.3242112896006,118.76305486062184,20.27010328872798,23.259615069338516,7.672991805643302,8.843592845728722,6.032693616028127,7.3996125203164,93.1,101.41576173653813,33.0,37.33209623075703,1.7,1.835267433944247,0.5,0.563504685993181,22.9,26.63198391093647,12.0,13.397011550118968,6.2,6.547741602916896,5.0,5.524102385254111,36.6,40.20236545003627,1.1,2.1605587524700756
45,2023,1.2089773755447426,1.162871274295601,1.1633058790116444,1.240380539147893,1.103452412624196,1.1484387027279672,1.0967141423968592,1.2723760530033323,1.1805541306337364,1.122072971859318,1.0631192049438305,1.1056165546829972,1.1160222464532807,1.037852197571307,2.29607771555731,5027,122.1,90.2,34.9,2.3,0.6,21.7,12.4,6.7,6.4,41.1,1.0,2.3,0.6,2.9,0.7211795127190619,0.17222828197711954,0.058432328441090205,0.04815987686272841,88.05601850299745,106.45773415067315,21.029073229406293,24.45410518353521,7.134587302657113,8.29970735350285,5.880320964939139,7.293835688853867,90.2,99.53140761870249,34.9,40.080510725206054,2.3,2.522442527512776,0.6,0.7634256318019994,21.7,25.61802463475208,12.4,13.913704851055545,6.7,7.1228986731236645,6.4,7.0759459499711825,41.1,45.86851432922984,1.0,2.29607771555731
45,2024,1.2192451779862838,1.1728721526390578,1.1718306900022135,1.249740754946327,1.1103676840240155,1.155923350529226,1.1062947870691848,1.302284149200705,1.192152769813378,1.124727578693213,1.067316272651551,1.10901679130413,1.128854183011303,1.041048438999703,2.379055505711886,5013,118.7,91.6,33.98,2.96,0.68,22.3,12.9,6.5,5.9,41.7,0.9,2.96,0.68,3.64,0.707192260333836,0.1842892276754968,0.0585343586636996,0.0499841533269676,83.94372130162633,102.3479774192324,21.87513132508147,25.656732366510386,6.948028373381142,8.14191288293418,5.933118999911055,7.414860618135239,91.6,101.70967985659982,33.98,39.278275450983095,2.96,3.274632569724787,0.68,0.8855532214564794,22.3,26.58500676683833,12.9,14.508985765142448,6.5,6.937555772235082,5.9,6.543199068694367,41.7,47.07321943157134,0.9,2.141149955140697
46,2015,1.2226871922398646,1.300461571976641,1.2218721413102336,1.2351722029836607,1.1465106593141638,1.1916540763326673,1.3131234482718437,1.7006849716337649,1.2742666421320492,1.189927401970318,1.1358656369490692,1.182822607944,1.0839399290631586,1.0509570647716957,2.1328677427683083,945,100.9,88.3,25.2,1.5,0.6,18.9,26.8,4.8,4.3,27.7,1.0,1.5,0.6,2.1,0.4659890107726669,0.4732772144260146,0.028701209597853605,0.032032565203464904,47.018291186962095,57.488662435303056,47.75367093558488,62.10181397254595,2.895952048423429,3.5384831305388924,3.232085829029609,3.9921825736747736,88.3,101.23689121744067,25.2,30.029682723583214,1.5,1.9696851724077655,0.6,1.0204109829802588,18.9,24.083639536295728,26.8,31.890054372804524,4.8,5.452155057355532,4.3,5.0861372141592005,27.7,30.025136035049492,1.0,2.1328677427683083
46,2016,1.1839805749023449,1.253951894576264,1.2076535208211494,1.2079880317529876,1.124795162866907,1.1725883492330145,1.3005864362001731,1.5107499161422222,1.2732091913126242,1.193954055812069,1.108907747690712,1.1113032072223838,1.0711756711237137,1.051794547797866,1.5788281136610345,957,99.4,95.3,27.0,1.9,0.7,21.5,26.7,5.0,4.4,30.0,1.1,1.9,0.7,2.5999999999999996,0.4669083514680102,0.4720770162731337,0.029687500549170708,0.03132713170968541,46.41069013592021,54.9493555887414,46.924455417549495,58.84100977279562,2.9509375545875685,3.5637101275210297,3.11391689194273,3.7615743373402792,95.3,107.19297902121625,27.0,31.65988542929139,1.9,2.471114228780329,0.7,1.0575249412995555,21.5,27.37399761322142,26.7,31.87857329018224,5.0,5.544538738453561,4.4,4.889734111778489,30.0,32.13527013371141,1.1,1.736710925027138
46,2017,1.2207242217855847,1.2744847601868277,1.2216748912800004,1.228484657966031,1.1348689741832845,1.1805045127748888,1.766131509812496,1.5797179894183777,1.2784829795513877,1.1976368207134982,1.1168999875115435,1.1652952940481869,1.0831496828113647,1.0614797581451147,2.003291625221708,972,96.0,93.0,24.9,1.8,0.8,20.4,25.6,4.5,4.2,29.3,1.0,1.8,0.8,2.6,0.4774950461365339,0.4604199678044061,0.028885892346386593,0.033199093712673294,45.83952442910725,55.957417785743246,44.200316909222984,56.332630296232836,2.773045665253113,3.387760261612573,3.1871129964166363,3.915319419301983,93.0,105.54281459904546,24.9,29.39456236809473,1.8,3.1790367176624925,0.8,1.2637743915347022,20.4,26.081052782848307,25.6,30.659502610265555,4.5,5.0260499438019455,4.2,4.8942402350023855,29.3,31.736285706372986,1.0,2.003291625221708
46,2018,1.2378168080473464,1.2960075302707257,1.2303101423765923,1.231274829620553,1.1436006327170185,1.1944642648787267,1.3203563919104524,1.5206924463690266,1.2957537770649306,1.183276648402728,1.1354125130903878,1.1239507243957805,1.0930131246514052,1.0656356941671985,1.5027195217378502,982,94.8,90.7,29.2,2.1,1.0,18.8,27.0,4.8,4.7,28.4,1.1,2.1,1.0,3.1,0.4763473558193428,0.4616484514818463,0.029298808747877506,0.032705383950933406,45.15772933167369,55.896996379998356,43.764273200479025,56.71882762464613,2.7775270692987872,3.41721972408383,3.1004703985484867,3.8175311617163556,90.7,103.72457738743358,29.2,34.87835653445882,2.1,2.7727484230119503,1.0,1.5206924463690266,18.8,24.360171008820696,27.0,31.948469506873654,4.8,5.449980062833862,4.7,5.282568404660169,28.4,31.041572740099905,1.1,1.6529914739116354
46,2019,1.2184603553430675,1.2595349777564422,1.2233685065713396,1.2196316890895431,1.132228650708384,1.192333838933807,1.2807990232482618,1.612616239248669,1.3078410583075375,1.1872946421387949,1.1053831869056785,1.106595592446518,1.0971800820268798,1.0753292979223965,1.48808997339953,995,99.9,95.9,20.3,2.4,0.9,24.7,31.6,4.9,4.5,30.9,0.9,2.4,0.9,3.3,0.4694957741363675,0.4647736161726743,0.029953595750515805,0.03577701394044241,46.90262783622312,57.14899257984807,46.43088425565017,58.48132276815228,2.9923642154765293,3.6607641414050396,3.574123692650197,4.359114516281915,95.9,108.58072760293403,20.3,24.204376930356283,2.4,3.073917655795828,0.9,1.4513546153238022,24.7,32.30367414019617,31.6,37.51851069158592,4.9,5.416377615837825,4.5,4.979680166009331,30.9,33.90286453463058,0.9,1.3392809760595772
46,2020,1.2107405865237586,1.2477469091111053,1.2242779145516958,1.2091937670732602,1.1248783260592938,1.1914662134330642,1.2805332590904526,1.510051004659332,1.3163045393764294,1.182519617991543,1.1036702807428809,1.106837595168953,1.1083502451842018,1.0682847620516254,1.368239253473505,1012,107.7,99.4,16.8,2.4,0.8,30.4,30.8,5.6,4.9,30.2,1.0,2.4,0.8,3.2,0.4662373646997131,0.4667231026314688,0.030100490896261406,0.03693904177255661,50.2137641781591,60.79584229263005,50.2660781534092,62.719343649053584,3.2418228695273537,3.968892142050943,3.978334798904347,4.810577642165788,99.4,111.81290561029381,16.8,20.01663238567548,2.4,3.0732798218170863,0.8,1.2080408037274657,30.4,40.015657997043455,30.8,36.42160423413952,5.6,6.180553572160132,4.9,5.423504216327871,30.2,33.47217740456289,1.0,1.368239253473505
46,2021,1.2359213571481142,1.286971849921974,1.2544967830488172,1.2277548580254785,1.1391166856608104,1.191266699318852,1.264476981866161,1.46767360315865,1.316160862647484,1.20152176052667,1.1161966065339042,1.0981111919209556,1.1217038634517515,1.0885963061112034,1.4800167121615042,1020,114.3,107.4,28.4,2.9,1.1,28.2,33.6,5.8,5.7,33.3,0.8,2.9,1.1,4.0,0.46343315898708454,0.46748377867577817,0.030597439613582904,0.038485622723554505,52.970410072223764,65.46726110515493,53.43339590264144,68.76727637243569,3.497287347832526,4.387335727253234,4.39890667730228,5.4007790430585905,107.4,122.34113203997104,28.4,33.8319742606554,2.9,3.6669832474118667,1.1,1.614440963474515,28.2,37.115736326659054,33.6,40.37113115369611,5.8,6.473940317896644,5.7,6.259233793949448,33.3,37.35273865294332,0.8,1.1840133697292035
46,2022,1.2294884828637092,1.2830441168012876,1.2503905816668213,1.2234361242726246,1.1325057424846117,1.191561526857774,1.2502212520375555,1.4601150392737277,1.328660919585506,1.2008577234637328,1.1081812487829914,1.095270140247191,1.1333047654776127,1.0828142414488204,1.3770322998502371,1027,104.6,102.1,30.4,2.7,0.9,26.3,30.0,5.3,4.5,28.3,0.7,2.7,0.9,3.6,0.4624049068025733,0.4678815475454336,0.0298527428309014,0.0398608028210916,48.36755325154916,59.46734966707684,48.94040987325235,62.79270496172008,3.122596900112286,3.9044657542424144,4.169439975086181,5.101043483506786,102.1,115.62883630767884,30.4,36.223470416476324,2.7,3.3755973805014,0.9,1.3141035353463548,26.3,34.943782185098804,30.0,36.02573170391198,5.3,5.873360618549854,4.5,4.928715631112359,28.3,32.07252486301644,0.7,0.9639226098951659
46,2023,1.2472849101367178,1.3042166967521485,1.274458696578609,1.2362570902526353,1.1468776928368822,1.2005102774555472,1.217724471120616,1.5216039980916072,1.3363969081049654,1.2098749377665998,1.1127168612328249,1.095021937867107,1.1489675467229583,1.1136634403897316,1.4913215824267585,1043,100.0,109.9,38.7,3.5,1.1,25.8,33.5,6.0,5.8,35.7,0.7,3.5,1.1,4.6,0.45816883453049656,0.46881478018757383,0.030620274830658503,0.04239611045127101,45.816883453049655,57.146707360481514,46.881478018757385,61.14360640048221,3.0620274830658505,3.902427554955983,4.2396110451271,5.241249214451763,109.9,126.04185844277336,38.7,46.45974773752968,3.5,4.262035648922156,1.1,1.6737643979007681,25.8,34.47904022910811,33.5,40.530810415181094,6.0,6.676301167396949,5.8,6.351127239629221,35.7,41.01814141800961,0.7,1.0439251076987308
46,2024,1.2592084104092724,1.3174941017249813,1.288321363998508,1.2473427414962417,1.1576989021299486,1.2081437894248557,1.2285581348760763,1.559172825564744,1.3454233598481748,1.2098305473197062,1.115925255982408,1.0943302069194951,1.1597665975089253,1.1288845895620383,1.527927489644795,1048,100.2,110.7,37.03,4.16,1.2,26.3,33.9,5.8,5.0,36.3,0.7,4.16,1.2,5.36,0.4560121723514362,0.4695512123726318,0.030864387167442307,0.043572228108489604,45.69241966961391,57.536279139927906,47.04903147973771,61.98682146642739,3.0926115941777192,3.9842775873286396,4.365937256470659,5.445820146686692,110.7,128.1572684657853,37.03,44.73756452240241,4.16,5.110801841084478,1.2,1.8710073906776925,26.3,35.384634364007,33.9,41.01325555413804,5.8,6.472366484697966,5.0,5.471651034597476,36.3,42.09952748957399,0.7,1.0695492427513564
50,2015,1.227948181554624,1.3113199845049452,1.237850696829979,1.224157746431631,1.145440766205531,1.202206455526948,1.3639035281484546,2.005006686401736,1.3188701968550982,1.2352209746864378,1.1553754161880327,1.151239296018457,1.0831332528789583,1.0502910924515594,1.601846144841633,3070,149.8,132.9,33.7,1.3,0.5,10.2,9.9,10.1,14.6,39.6,2.9,1.3,0.5,1.8,0.4392960107467048,0.10548427742898223,0.07206161242621321,0.3831580993980998,65.80654240985639,80.8070240865804,15.801544758861539,20.720881428344512,10.79482954144674,13.362387270040688,57.39708328983536,70.26308413183348,132.9,152.22907782871508,33.7,40.51435755125815,1.3,1.773074586592991,0.5,1.002503343200868,10.2,13.452476007922002,9.9,12.228687649395734,10.1,11.66929170349913,14.6,16.808093721869472,39.6,42.89207681400675,2.9,4.645353820040736
50,2016,1.2011378132297337,1.2734336657642964,1.224056630889681,1.206337218628326,1.1289813979233172,1.187153989634432,1.3870577620031517,1.67231555480086,1.320554961351612,1.2373130229515767,1.1326154407163862,1.1066382892858602,1.0730223024627152,1.0514007298767238,1.3367491164665126,3110,151.1,139.2,33.6,1.4,0.8,11.3,10.0,9.9,16.6,41.5,2.8,1.4,0.8,2.2,0.4349542336337035,0.1097778760735499,0.0721445945563062,0.3831232957364404,65.7215847020526,78.94068053101617,16.58743707471339,21.123000799686867,10.901048237457866,13.34350037870857,57.88992998577614,69.83477712562973,139.2,157.15421059092574,33.6,39.88837405171692,1.4,1.9418808668044123,0.8,1.337852443840688,11.3,14.922271063273218,10.0,12.373130229515768,9.9,11.212892863092224,16.6,18.37019560214528,41.5,44.53042555220268,2.8,3.742897526106235
50,2017,1.2386185498629874,1.2962360140789824,1.2440724954426945,1.226154604682792,1.1369952431022237,1.1909930354379148,2.3387913484912084,1.7032879530108929,1.3285075151251335,1.2337519422779224,1.142621002014652,1.154994443599224,1.0849820558148564,1.0607978350664091,1.506044095637481,3144,152.6,142.8,33.9,1.4,0.8,11.6,10.5,9.8,17.2,42.7,2.7,1.4,0.8,2.2,0.4387785687499028,0.11530006720686632,0.06945631278659542,0.3764650512566356,66.95760959123517,82.93493729418776,17.5947902557678,22.807000789692175,10.59903333123446,13.18596584566915,57.44856682176259,70.44082474093128,142.8,162.36292071499756,33.9,40.37466390134531,1.4,3.2743078878876917,0.8,1.3626303624087144,11.6,15.410687175451548,10.5,12.954395393918185,9.8,11.197685819743592,17.2,19.865904429906653,42.7,46.328733783294375,2.7,4.0663190582211985
50,2018,1.2635883976376472,1.3178229917740416,1.2485591176872255,1.2315899055745363,1.1488655949478868,1.2115003621823637,1.3964256714954508,1.648354566403569,1.3468339716218816,1.21292531850983,1.1626326474945374,1.1236413521699515,1.0956489261799518,1.0653269545709716,1.30841778004966,3163,135.7,132.0,38.8,1.3,0.6,10.0,9.9,9.8,12.6,43.7,2.8,1.3,0.6,1.9,0.4353522873161884,0.12284494184856452,0.06840008669663061,0.37340268413861644,59.077305388806764,74.64939765299228,16.670058608850205,21.968186508963594,9.281891764732773,11.588990592243075,50.67074423761024,62.40557711098988,132.0,151.65025853312105,38.8,47.00621405267571,1.3,1.815353372944086,0.6,0.9890127398421413,10.0,13.468339716218816,9.9,12.007960653247318,9.8,11.393799945446467,12.6,14.157881037341388,43.7,47.8798580740639,2.8,3.6635697841390473
50,2019,1.2425134112337817,1.2842865253569091,1.242844855468618,1.2178636874016642,1.135967124078351,1.2057677044823742,1.3719468664707222,1.7020534933789748,1.3603091113880004,1.2117677716867024,1.130396764355763,1.1060388735514173,1.0992471872847314,1.0745451785564215,1.2683683441518605,3188,138.1,132.4,33.7,1.7,0.5,11.9,12.1,10.3,13.3,46.0,2.6,1.7,0.5,2.2,0.4313471524735836,0.1302622817630592,0.067970692765866,0.3704198729974913,59.56904175660189,74.015333276923,17.989221111478475,23.103314275137844,9.386752670966093,11.666277266666517,51.15498446095354,62.299798004591715,132.4,150.4020472279737,33.7,40.63437164105601,1.7,2.3323096730002275,0.5,0.8510267466894874,11.9,16.187678425517205,12.1,14.662390037409098,10.3,11.64308667286436,13.3,14.71031701823385,46.0,50.56537061509764,2.6,3.2977576947948375
50,2020,1.220283697365062,1.2692843768241873,1.2410298530452717,1.2044009680302603,1.126730239233407,1.2005848260572125,1.3606080439055224,1.6321194586930463,1.362689191177033,1.1962407425014017,1.12555508111921,1.1066754101724738,1.109472988170926,1.0667376844399228,1.2225549980833297,3209,149.5,130.3,29.9,1.9,0.5,13.6,12.5,11.8,14.0,46.5,2.7,1.9,0.5,2.4,0.4263437851074479,0.1403116902209271,0.066687726782792,0.366656797888833,63.73839587356346,77.77892538071002,20.9765976880286,26.62526772434107,9.969815154027405,12.372838235491153,54.81519128438053,66.0194694456718,130.3,146.81295017211295,29.9,35.89748629911065,1.9,2.5851552834204923,0.5,0.8160597293465232,13.6,18.53257300000765,12.5,14.953009281267521,11.8,13.28154995720668,14.0,15.493455742414634,46.5,51.59049394994806,2.7,3.3008984948249904
50,2021,1.2474816631053256,1.3109180358954755,1.2723912554927632,1.224179627920672,1.1408834582631653,1.1994732817065006,1.3461030930329094,1.5762434803514291,1.3609741922321423,1.2236595014135054,1.140470334028154,1.0975197159311532,1.1218668995837815,1.086648850279762,1.2813907954931243,3212,161.0,147.4,39.6,2.3,0.7,14.6,14.9,14.2,17.5,54.9,2.3,2.3,0.7,3.0,0.41714180533559614,0.15463700571487082,0.06663919979916781,0.36158198915036527,67.15983065903097,83.78065724439999,24.896557920094203,32.63734680916784,10.728911167666018,13.651372750696893,58.21470025320881,71.2652500954866,147.4,168.16622174799056,39.6,47.49914195557742,2.3,3.0960371139756915,0.7,1.1033704362460004,14.6,19.870223206589277,14.9,18.232526571061232,14.2,16.194678743199784,17.5,19.20659502879518,54.9,61.5904927871496,2.3,2.9471988296341856
50,2022,1.2328706456863037,1.3035682161821662,1.2643228122809065,1.2148501666576246,1.1296955939219602,1.1962962637354533,1.2958050753398291,1.576211103723606,1.3704521048916785,1.2273724845433382,1.1285973500947362,1.0963101904952293,1.1323621973159008,1.0813352967928496,1.2169619254935788,3213,158.2,147.3,45.8,2.7,0.7,14.5,15.0,14.7,15.7,53.1,2.2,2.7,0.7,3.4000000000000004,0.4142921537487162,0.1643551404027019,0.0650425588403495,0.3563101470082324,65.5410187230469,80.80359807202096,26.00098321170744,33.894055304267916,10.28973280854329,13.009543922116563,56.36826525670236,68.47899644130605,147.3,166.40416098470476,45.8,54.79036887908376,2.7,3.498673703417539,0.7,1.1033477726065242,14.5,19.871555520929338,15.0,18.410587268150074,14.7,16.590381046392622,15.7,17.2120699907751,53.1,60.128432677474336,2.2,2.6773162360858738
50,2023,1.2486419918928888,1.3229344101005445,1.2884979142943078,1.2267832207185476,1.142885914613065,1.2036017542501578,1.2531098567962051,1.611520389364738,1.377173396780457,1.23736194547395,1.1328094201162324,1.0958409298866787,1.1467141090705042,1.1119733214203376,1.2732599686044836,3191,149.7,146.4,48.5,3.3,1.0,14.1,15.6,15.3,17.4,60.0,2.2,3.3,1.0,4.3,0.4039324027776468,0.177620907218034,0.0653901982768887,0.3530564917274305,60.468680695813724,75.50373391115592,26.58984981053969,35.176627273768396,9.788912682050238,12.612993574030831,52.85255681159634,64.83862986854017,146.4,167.31849789935274,48.5,58.374685081132654,3.3,4.135262527427477,1.0,1.611520389364738,14.1,19.418144894604442,15.6,19.30284634939362,15.3,17.331984127778355,17.4,19.06763218002821,60.0,68.80284654423025,2.2,2.8011719309298644
50,2024,1.260678963690519,1.3352635235194064,1.3033298827650712,1.2388305708978664,1.154532805797953,1.211004838126362,1.2618084234889697,1.6677684441982494,1.3861518875934442,1.236097077415772,1.1342621893050857,1.0927299132663573,1.1560135502750866,1.1270373219172023,1.2976597164084,3190,135.3,136.8,45.26,3.54,0.88,13.9,14.9,14.0,16.3,57.7,2.0,3.54,0.88,4.42,0.4005741968394147,0.180818748573547,0.0656686990600116,0.3529383555270266,54.19768883237281,68.32588619161696,24.46477668200091,32.66692391452395,8.884974982819571,11.580053402728822,47.752559502806704,59.157330550696365,136.8,157.94008783315996,45.26,54.81007897359915,3.54,4.466801819150953,0.88,1.4676362308944595,13.9,19.267511237548874,14.9,18.417846453495002,14.0,15.8796706502712,16.3,17.811497586241625,57.7,66.7019818508725,2.0,2.5953194328168
51,2015,1.23313556575025,1.315070703688823,1.2408041002341166,1.226939550418313,1.15210924907198,1.206418301134354,1.3600943696527026,1.9170420927973055,1.3162593345467968,1.2276917310380138,1.154749681657706,1.1479827359396286,1.0865600452173547,1.0549047150057136,1.6128348316500405,8196,160.7,130.2,34.9,1.2,0.4,10.7,6.8,8.7,10.7,33.8,1.8,1.2,0.4,1.6,0.46204807121667857,0.14665395804956585,0.07138963808633393,0.3199083326474217,74.25112504452024,91.56170308936703,23.56729105856523,30.992654036426686,11.472314840473862,14.234895293236672,51.409269056440664,63.07606546344339,130.2,150.00462422917178,34.9,42.10399870958896,1.2,1.632113243583243,0.4,0.7668168371189222,10.7,14.083974879650725,6.8,8.348303771058493,8.7,10.046322230422042,10.7,12.283415274554025,33.8,36.725729528346584,1.8,2.903102696970073
51,2016,1.200970985890483,1.2726852754390998,1.225119465279644,1.205834295539618,1.1325636022978574,1.1884050004978597,1.363050428761852,1.64659857155191,1.3162713895823872,1.2319168669678977,1.1277747445919435,1.1018275601668903,1.0749838870355786,1.0559815860334738,1.335139935198487,8251,155.8,130.0,33.0,1.3,0.6,11.3,7.3,8.6,11.1,37.6,1.9,1.3,0.6,1.9,0.4563912237079336,0.14735663812790792,0.07216411390459751,0.32408802425956096,71.10575265369606,85.39594586699418,22.958164220328054,29.218517554324297,11.243168946336294,13.774225127584218,50.4929141796396,60.8860875995481,130.0,147.23326829872147,33.0,39.21736501642937,1.3,1.7719655573904076,0.6,0.987959142931146,11.3,14.873866702280976,7.3,8.992993128865653,8.6,9.698862803490714,11.1,12.230285917852482,37.6,40.419394152537755,1.9,2.536765876877125
51,2017,1.2366186999479212,1.2926162506963292,1.2432564540786124,1.2228913501458198,1.1405675831581363,1.1930566952035897,2.128537928279106,1.676523147458106,1.323141112673946,1.2332300698447631,1.1368804776837242,1.1442327414342346,1.086528956506395,1.0660452688311466,1.502030113800306,8289,160.2,132.5,36.2,1.5,0.5,10.9,7.6,8.9,12.3,40.7,2.0,1.5,0.5,2.0,0.4277154428439026,0.1358644814712915,0.0706523301946955,0.3657677454901104,68.5200139435932,84.73313056333966,21.765489931700895,28.134425990083912,11.318503297190217,14.071802274741792,58.59599282751568,71.65653278197543,132.5,151.12520476845307,36.2,43.18865236636995,1.5,3.192806892418659,0.5,0.838261573729053,10.9,14.422238128146013,7.6,9.372548530820199,8.9,10.118236251385147,12.3,14.074062719641086,40.7,44.22172852981028,2.0,3.004060227600612
51,2018,1.264892024311874,1.3213189113973938,1.250102643495169,1.2330589440702386,1.1546812634001216,1.214579376458663,1.3875625636442166,1.6276597710088774,1.3424696979686932,1.210467549946881,1.158670994538045,1.1205437510827378,1.0989127607548212,1.0712189851369385,1.315120588677044,8321,146.6,120.7,38.9,1.7,0.5,10.4,7.2,8.4,12.5,40.6,1.9,1.7,0.5,2.2,0.42675107112813754,0.13978399408101982,0.06975909662987072,0.36370583816097196,62.56170702738496,79.13380424627536,20.492333532277506,27.076907834861224,10.226683565939046,12.784404159969004,53.319275874398485,65.74581000827554,120.7,139.37002849239468,38.9,47.24713774424199,1.7,2.358856358195168,0.5,0.8138298855044387,10.4,13.96168485887441,7.2,8.715366359617544,8.4,9.732836354119577,12.5,14.006796888534224,40.6,44.615858086645744,1.9,2.498729118486384
51,2019,1.2407909071937475,1.2847168814354009,1.2439991176414615,1.217327310421502,1.140411679957101,1.2076713236237413,1.3480630675548908,1.682374241989965,1.3545461766664326,1.2104258881138872,1.124955485883457,1.101622648405236,1.10217208267003,1.0817509267448544,1.2704739017173765,8351,142.7,122.6,33.4,1.9,0.4,13.2,9.4,9.0,11.6,46.0,1.8,1.9,0.4,2.3,0.4201009867649839,0.14618820940578162,0.07030271023088311,0.36340809359835136,59.9484108113632,74.38344303545482,20.861057482205034,26.800552711983087,10.032196749947019,12.48004390493963,51.85833495648473,63.12856741551492,122.6,139.81447196274055,33.4,40.33622220903296,1.9,2.5613198283542924,0.4,0.672949696795986,13.2,17.880009531996908,9.4,11.37800334827054,9.0,10.124599372951113,11.6,12.778822721500738,46.0,50.69991580282139,1.8,2.2868530230912776
51,2020,1.220679919116168,1.2686034553093042,1.2417647021463525,1.2039691065041511,1.1304221643534351,1.202688579486967,1.3430276063614792,1.6185683883085724,1.3581081234530357,1.1978784640997069,1.1205670184982597,1.102323674758741,1.1122471545832675,1.0725722860960816,1.2233949016523304,8371,146.9,119.6,28.0,1.9,0.4,14.5,9.2,9.9,10.0,45.8,1.7,1.9,0.4,2.3,0.41547510080579325,0.15473430133143923,0.06969178261291462,0.36009881524985293,61.03329230837103,74.50211431837579,22.730468865588424,28.835951343686034,10.237722865837158,12.712842885153181,52.8985159602034,63.68817899600166,119.6,135.19849085667084,28.0,33.67528022563508,1.9,2.5517524520868102,0.4,0.647427355323429,14.5,19.692567790069017,9.2,11.020481869717303,9.9,11.09361348313277,10.0,11.023236747587411,45.8,50.94091967991365,1.7,2.0797713328089618
51,2021,1.246446549983759,1.3111143734762387,1.274001314475785,1.2236214542934236,1.144859102209828,1.20201260945329,1.328929270135317,1.5619714855104423,1.3567311116628673,1.2225718395354042,1.1357512960554357,1.094656748177952,1.125756324790356,1.0945240011154795,1.281472882151995,8372,147.4,123.3,36.3,1.9,0.5,13.1,9.9,10.0,11.5,49.4,1.7,1.9,0.5,2.4,0.4065679768522344,0.1668668759442239,0.0698794824984253,0.3566856647051165,59.92811978801935,74.69719815679015,24.596177514178603,32.24840187141263,10.300235720267889,13.122513847031723,52.57546697753417,64.33246936320623,123.3,141.16112730247178,36.3,43.63305772315442,1.9,2.5249656132571023,0.5,0.7809857427552211,13.1,17.773177562783562,9.9,12.103461211400502,10.0,11.357512960554356,11.5,12.588552604046448,49.4,55.61236244464358,1.7,2.1785038996583914
51,2022,1.2350693878268977,1.3045133336972707,1.2661041391021297,1.2157774157832495,1.135218333155012,1.2009209848481075,1.29554673998098,1.5577539390664994,1.367434960640591,1.2235857871972124,1.12481955206812,1.0927379808687585,1.1365064335350703,1.0884232632797537,1.2215693925240698,8374,134.3,121.6,38.3,1.9,0.5,12.6,9.8,9.8,11.9,44.6,1.6,1.9,0.5,2.4,0.4044558999325103,0.1743591300308067,0.0685260330331789,0.352658937003504,54.31842736093614,67.0870268283912,23.41643116313734,30.54704667991695,9.203046236355927,11.652014932198517,47.362095239570586,57.58176575644527,121.6,138.04254931164945,38.3,45.995273719682515,1.9,2.461538805963862,0.5,0.7788769695332497,12.6,17.229680504071446,9.8,11.991140714532683,9.8,11.023231610267576,11.9,13.003581972338226,44.6,50.688186935664135,1.6,1.9545110280385118
51,2023,1.2507347313555366,1.324580001647555,1.2916254777879816,1.2277090596718447,1.1486581610005289,1.2073246082501186,1.248688849119642,1.5968023409851626,1.3735518704745182,1.2337180408020627,1.1279690772641735,1.0928780534021811,1.1510803833226224,1.1224538523156735,1.2786606992007763,8368,126.1,119.6,42.5,2.6,0.5,12.4,10.1,11.4,12.8,46.6,1.5,2.6,0.5,3.1,0.3958844447462134,0.18431151341301422,0.07032982595630032,0.34947421588447203,49.92102848249751,62.437964148048614,23.24168184138109,30.785466971748516,8.86859105308947,11.454898156252906,44.06869862303192,54.10354054744444,119.6,137.37951605566326,42.5,51.31129585063004,2.6,3.246591007711069,0.5,0.7984011704925813,12.4,17.032043193884025,10.1,12.460552212100833,11.4,12.858847480811578,12.8,13.98883908354792,46.6,53.64034586283421,1.5,1.9179910488011644
51,2024,1.262885480560959,1.337405776046581,1.3065443257749008,1.2394023433875827,1.1602163476074898,1.2148687683280637,1.256035445435197,1.6439411034282716,1.3825103154109244,1.2332963152278311,1.1300825572405158,1.0907280275155606,1.160841722873789,1.1388419911692125,1.3028595845748452,8364,117.9,109.3,40.11,2.72,0.65,11.9,9.8,9.7,12.3,47.9,1.3,2.72,0.65,3.37,0.3936444183908054,0.18674051045915263,0.07057918921399742,0.34903588193604457,46.410676928275954,58.611370035725194,22.016706183134097,29.445270018844013,8.321286408330296,10.872129539951752,41.15133048025966,51.00305543075068,109.3,126.81164679349864,40.11,48.728386297638636,2.72,3.416416411583736,0.65,1.0685617172283766,11.9,16.45187275339,9.8,12.086303889232745,9.7,10.961800805233002,12.3,13.415954738441396,47.9,55.60431852565449,1.3,1.6937174599472988
52,2015,1.176579627404183,1.1857128005508613,1.1887391987815314,1.164263961758061,1.0722479509987013,1.1500303869527897,1.3788307941542337,3.2564336154264883,1.379004193756102,1.3673920997100208,1.1784572334125163,1.111316409772861,1.0533423742434516,1.0184232253109604,1.1589643881224154,3708,135.8,90.9,29.8,1.2,0.3,5.1,2.2,4.4,5.3,27.8,1.1,1.2,0.3,1.5,0.682474051505255,0.12247852519234523,0.12532716036959113,0.06972026293280871,92.67997619441363,109.04537185865175,16.632583721120483,19.721467424366434,17.019428378190476,20.231661654009805,9.468011706275425,11.023264819119925,90.9,97.46733874578196,29.8,34.27090553119314,1.2,1.6545969529850804,0.3,0.9769300846279465,5.1,7.03292138815612,2.2,3.0082626193620463,4.4,5.185211827015072,5.3,5.8899769717961625,27.8,29.282918003967954,1.1,1.274860826934657
52,2016,1.208192153153325,1.2006717721098925,1.1913773990301657,1.1814697062940884,1.0878000294364225,1.1682400718106405,1.6636191008818249,2.037761195244451,1.3977842692682545,1.346973583536256,1.202529544273189,1.114182328407206,1.0565996193972742,1.019979224961951,1.1891249168254083,3758,129.5,89.2,28.0,1.2,0.3,5.4,2.4,4.3,5.5,31.4,1.0,1.2,0.3,1.5,0.6748749269426942,0.12476258507903872,0.12592153521340102,0.07444095276486612,87.3963030390789,105.59152754642523,16.156754767735514,19.398959378521955,16.30683881013543,19.427599208023313,9.640103383050162,11.389490112616924,89.2,97.03176262572889,28.0,32.710722010697936,1.2,1.9963429210581898,0.3,0.6113283585733352,5.4,7.548035054048575,2.4,3.2327366004870144,4.3,5.170877040374712,5.5,6.128002806239634,31.4,33.17722804907441,1.0,1.1891249168254083
52,2017,1.2815564802252737,1.27164927156438,1.2485065294778293,1.2387267497150012,1.096676792455494,1.171548217662854,5.287118726777862,2.0908563009991727,1.4292220479175517,1.2854885709300965,1.2228801375684175,1.2497657976348542,1.0768039442980477,1.0257005694744388,1.2640727527529037,3803,121.1,85.1,27.6,1.2,0.3,5.0,2.4,4.2,5.4,32.3,1.0,1.2,0.3,1.5,0.6640721773690175,0.13321000803158733,0.12271882114150401,0.07999899345789122,80.41914067938801,103.06167087181763,16.131731972625225,20.513905212060685,14.861249240236134,18.55436671263224,9.687878107750626,12.000633760049048,85.1,93.32719503796254,27.6,32.33473080749477,1.2,6.344542472133434,0.3,0.6272568902997518,5.0,7.146110239587759,2.4,3.0851725702322317,4.2,5.136096577787354,5.4,6.748735307228213,32.3,34.78076740082694,1.0,1.2640727527529037
52,2018,1.2735541092219709,1.2250069347044006,1.2165425908782306,1.193034169603229,1.0953602750058613,1.18703914560885,1.52504825651605,1.974713354219961,1.433772028140437,1.2633103319488328,1.2267684941360169,1.1164998748553985,1.0666258424913293,1.0246738180979118,1.1446171790247048,3822,111.3,75.2,29.1,1.0,0.2,4.6,2.2,3.4,4.4,33.2,0.8,1.0,0.2,1.2,0.6504993363566977,0.15354561738394273,0.11965497402304183,0.07630007223631781,72.40057613650045,92.2060512486783,17.089627214832827,20.934911849683264,13.317598608764555,16.20142591578275,8.492198039902172,10.131482436640857,75.2,82.37109268044077,29.1,34.54283913721754,1.0,1.52504825651605,0.2,0.39494267084399226,4.6,6.595351329446009,2.2,2.7792827302874326,3.4,4.171012880062457,4.4,4.9125994493637535,33.2,35.41197797071214,0.8,0.9156937432197639
52,2019,1.2961135095593417,1.2444444840042692,1.217836115210154,1.2000175383270024,1.0991588794475986,1.1965212965853331,1.7068762410098164,1.9812054199092932,1.4654823813760265,1.2569205595528217,1.2144344208426896,1.1332047200472597,1.0778472320106165,1.0252319804217862,1.1298499939221762,3848,108.9,73.6,26.0,1.0,0.2,5.6,2.8,3.7,4.6,35.1,0.7,1.0,0.2,1.2,0.6416880115096697,0.15918363023979723,0.11545978073564911,0.08366857751488402,69.87982445340303,90.57218451969091,17.335097333113918,21.572566255870733,12.573570122112189,15.31254779183557,9.11150809137087,10.933969510253437,73.6,80.89809352734325,26.0,31.109553711218663,1.0,1.7068762410098164,0.2,0.39624108398185864,5.6,8.206701335705748,2.8,3.5193775667479006,3.7,4.493407357117952,4.6,5.212741712217394,35.1,37.83243784357264,0.7,0.7908949957455234
52,2020,1.2348882159749508,1.2357982810125063,1.2104639826126018,1.1826020660483596,1.0956206496462904,1.180558948798867,1.5956590870744811,1.856015045287976,1.4500687773364522,1.2034610626861215,1.1991117381643113,1.1240260369772137,1.08448218856121,1.0249649083707708,1.1377695988242271,3858,119.3,79.4,22.3,1.0,0.2,6.6,3.0,4.8,5.1,34.1,0.8,1.0,0.2,1.2,0.6411113466039726,0.16540733506317742,0.11293579421162231,0.08054552412122772,76.48458364985393,94.44991105295502,19.733095073037067,24.386124970315564,13.47324024944654,16.308872051041465,9.609081027662466,11.363719076139727,79.4,86.99227958191545,22.3,26.326464558214735,1.0,1.5956590870744811,0.2,0.37120300905759523,6.6,9.570453930420584,3.0,3.6103831880583646,4.8,5.755736343188694,5.1,5.732532788583789,34.1,36.98084262993726,0.8,0.9102156790593817
52,2021,1.2824382294217826,1.2662080391439436,1.2392688873056903,1.209054132887586,1.1053655361253605,1.1807015178262028,1.5989472263669169,1.8166467538671869,1.446036852477611,1.2648238889037993,1.223095882134063,1.1144100524510594,1.0844062743636007,1.028888476229468,1.1695343602498671,3852,132.8,88.9,28.2,1.1,0.2,6.9,3.5,4.8,6.4,41.9,0.9,1.1,0.2,1.3,0.6312389765831878,0.17716380855392383,0.11306004283321243,0.07853717202967592,83.82853609024735,107.50491939859683,23.527353775961085,29.790524490905543,15.014373688250611,18.606846174230167,10.429736445540962,12.610115954409581,88.9,98.26699616154455,28.2,33.295782802698916,1.1,1.7588419490036087,0.2,0.3633293507734374,6.9,9.977654282095516,3.5,4.426883611163298,4.8,5.870860234243502,6.4,7.1322243356867805,41.9,45.436622895834866,0.9,1.0525809242248805
52,2022,1.2203448810111777,1.2427395264969292,1.2205768699259536,1.177049479360331,1.0721059104565054,1.1535165162090808,1.3029328386647894,1.8696772499638368,1.439752163633789,1.3006513328694245,1.1965823133474731,1.1240215186013889,1.0876712556117072,1.0266362696005025,1.0729873336425773,3856,121.2,81.0,30.7,1.1,0.4,6.9,3.6,5.2,6.7,36.8,0.9,1.1,0.4,1.5,0.6227371234597951,0.18910347553009402,0.10555527719439152,0.08260412381571941,75.47573936332718,92.10643217257017,22.919341234247394,28.482771273070153,12.793299595960253,15.615205576862133,10.011619806465193,11.784171880753433,81.0,86.84057874697693,30.7,35.41295704761878,1.1,1.4332261225312684,0.4,0.7478708999855348,6.9,9.934289929073145,3.6,4.682344798329928,5.2,6.22222802940686,6.7,7.5309441746293055,36.8,40.02630220651082,0.9,0.9656886002783196
52,2023,1.2363096150445083,1.2457736353674866,1.230105605739842,1.184556496728973,1.0753736389747257,1.1642664663999605,1.316396961898186,1.832184860780533,1.4538586290819109,1.3128363331952462,1.2058782158464747,1.1269054360715924,1.0985748896659202,1.0297136411640542,1.0716941166174967,3865,122.2,83.7,30.3,1.2,0.3,7.0,3.7,5.2,6.7,39.3,1.0,1.2,0.3,1.5,0.6005856917760034,0.21406262933237397,0.10156796364245943,0.08378371524916321,73.39157153502762,90.73470555198149,26.1584533044161,32.58751146863309,12.411605157108543,15.267585079988752,10.238370003447745,12.127927703499065,83.7,90.00877358218455,30.3,35.2772739319188,1.2,1.579676354277823,0.3,0.54965545823416,7.0,10.177010403573377,3.7,4.857494432822411,5.2,6.270566722401669,6.7,7.5502664216796695,39.3,43.17399316387066,1.0,1.0716941166174967
52,2024,1.249042942566429,1.2468497327969357,1.2451588828106608,1.2019845349561145,1.0880921755330737,1.170849005691424,1.3276030659583993,2.0031575861885758,1.4653619345847515,1.3026449244670557,1.1989703437856871,1.1129502234329758,1.100511908229102,1.0322254838221645,1.0899331736708229,3860,119.5,77.8,30.93,1.64,0.25,7.4,3.9,5.3,6.7,41.5,1.0,1.64,0.25,1.89,0.5993587571846869,0.21840965708192572,0.10170085982651891,0.08053072590686851,71.62337148357008,89.46066667436683,26.099954021290124,32.542720697457895,12.15325274926901,15.132730615795392,9.623421745870786,11.567204111897055,77.8,84.65357125647313,30.93,36.21435974603575,1.64,2.1772690281717746,0.25,0.5007893965471439,7.4,10.843678315927162,3.9,5.080315205421517,5.3,6.354542822064142,6.7,7.456766497000938,41.5,45.67124419150773,1.0,1.0899331736708229
53,2015,1.2230638300770964,1.2944829219809586,1.2267593416016016,1.223914140062056,1.1417549972139152,1.193960639242318,1.340140398936979,1.9550343174996028,1.3040860521278406,1.2249967722726325,1.1487262366791842,1.158738463810073,1.0820572559561366,1.049799955040542,1.792517448574496,4663,134.5,98.5,25.9,1.6,0.4,7.4,3.7,5.0,5.5,26.8,1.3,1.6,0.4,2.0,0.39806841768970275,0.10058222260655611,0.08272709550144511,0.41862226420229603,53.540202179265016,65.48308474047397,13.528308940581796,17.51216488686545,11.126794344944367,13.649898904740375,56.30469453520882,68.91211179351684,98.5,112.46286722557065,25.9,30.923580556376038,1.6,2.1442246382991663,0.4,0.7820137269998412,7.4,9.65023678574602,3.7,4.532488057408741,5.0,5.743631183395921,5.5,6.373061550955402,26.8,28.99913445962446,1.3,2.3302726831468448
53,2016,1.1942363780449978,1.2560172635304443,1.2135089223903002,1.2038347517552752,1.1247188704299338,1.1792456664762974,1.364719106461742,1.6254372646930475,1.3054425449022895,1.2270470948176695,1.126950155669849,1.1066198353886971,1.0714372295823906,1.0507908478181287,1.425711386594667,4677,135.1,98.6,26.2,1.8,0.5,7.9,3.9,4.8,5.3,29.1,1.3,1.8,0.5,2.3,0.3968000768209085,0.10393950464459223,0.08308098853965411,0.4161794299948452,53.607690378504735,64.02025399298317,14.042227077484409,17.637279627735076,11.22424155170727,13.62071727006072,56.22584099230358,67.68662133320136,98.6,110.89728062439147,26.2,30.89623646167899,1.8,2.4564943916311357,0.5,0.8127186323465238,7.9,10.312996104728088,3.9,4.785483669788911,4.8,5.409360747215275,5.3,5.865085127560095,29.1,31.178823380847568,1.3,1.853424802573067
53,2017,1.2342480140310172,1.2814009283698296,1.2338125545064995,1.2264365229238294,1.1337943512750657,1.185295825615046,2.2837767473489934,1.6749045925723989,1.3142192488216649,1.2230879644158852,1.136578936692728,1.1634082295583728,1.084060082638434,1.0603379448020471,1.6953897677678835,4693,126.8,90.4,26.9,1.7,0.5,7.6,3.7,4.5,5.3,29.4,1.4,1.7,0.5,2.2,0.31379648133551047,0.11248778828232962,0.08111829703138401,0.49259743335077594,39.78939383334273,49.10998031830127,14.263451554199396,18.277200063309195,10.285800063579492,12.690749251588128,62.46135454887839,76.60488649003894,90.4,102.49500935526595,26.9,31.88445770904474,1.7,3.8824204704932885,0.5,0.8374522962861994,7.6,9.988066291044653,3.7,4.525425468338775,4.5,5.114605215117276,5.3,6.166063616659375,29.4,31.871366429569957,1.4,2.3735456748750368
53,2018,1.2539451454726749,1.2995543061751025,1.2375128275332854,1.2278462920089903,1.1441258365627922,1.2028893755592374,1.3709015512429483,1.6149963512015555,1.3310828977225868,1.2038673784911416,1.1551241048746832,1.1210378838314543,1.0930729654812532,1.0644591743989098,1.379188990815143,4703,117.3,83.8,27.5,2.0,0.4,6.7,3.5,4.3,5.1,29.6,1.1,2.0,0.4,2.4,0.30924787165047934,0.11945593192749533,0.08003125740523631,0.491264939016789,36.274775344601224,45.48657844647458,14.012180815095203,18.20958991716113,9.38766649363422,11.617357706476765,57.62537734666935,70.75510590072683,83.8,95.87774510396198,27.5,33.079457827879025,2.0,2.7418031024858966,0.4,0.6459985404806222,6.7,8.918255414741331,3.5,4.213535824718996,4.3,4.967033650961137,5.1,5.717293207540417,29.6,32.354959778245096,1.1,1.5171078898966572
53,2019,1.2366934383480184,1.2689009698722895,1.2318231077689288,1.2161539354183957,1.132930742745307,1.1998392579391957,1.3541825508578096,1.680918128983867,1.34518345451147,1.2050620785914885,1.1253213002053384,1.1066159855038236,1.097596536457892,1.0737097773670752,1.350802635323496,4714,124.0,82.5,27.7,2.1,0.4,7.9,4.5,4.5,5.8,34.2,1.2,2.1,0.4,2.5,0.3072818487232642,0.1255680419927907,0.08037320751004,0.4867769017739051,38.10294924168476,47.12166730889915,15.570437207106046,19.757342873432446,9.96627773124496,12.276691207790435,60.360335819964234,73.40745995062545,82.5,93.46678627648782,27.7,33.23554744491572,2.1,2.8437833568014,0.4,0.6723672515935468,7.9,10.626949290640614,4.5,5.422779353661698,4.5,5.063945850924023,5.8,6.418372715922176,34.2,37.5378015468599,1.2,1.6209631623881953
53,2020,1.217855344629908,1.2552612518879909,1.2303290223222174,1.2036298456594023,1.124666215672645,1.1954865656524478,1.339888904296323,1.5941707906710498,1.3490265554612273,1.191984679898935,1.120904689354504,1.1059942567606758,1.1077454234814734,1.0662286432393324,1.2774795983555245,4722,139.1,90.0,24.7,1.7,0.3,9.6,4.8,5.4,6.2,38.2,1.4,1.7,0.3,2.0,0.298537305457205,0.1341396247507542,0.0788570630330852,0.4884660067589556,41.526539189097214,50.573317695425374,18.65882180282991,23.42169601497521,10.969017467902152,13.49550053711938,67.94562154017072,81.78137796762785,90.0,101.21995941053805,24.7,29.52851817161546,1.7,2.277811137303749,0.3,0.4782512372013149,9.6,12.950654932427781,4.8,5.721526463514889,5.4,6.052885322514323,6.2,6.85716439191619,38.2,42.315875176992286,1.4,1.7884714376977342
53,2021,1.2455428192955806,1.2951293139707476,1.2613733161679588,1.2235352231772472,1.1385356328820957,1.1952065896470525,1.3271148531706791,1.5456198654028666,1.3479142269834037,1.217667467884722,1.1359739049386852,1.0978843660145776,1.1198774137693748,1.085712819533269,1.3561702008419505,4690,141.0,96.8,30.8,1.9,0.4,10.2,5.2,6.0,7.2,42.1,1.4,1.9,0.4,2.3,0.2789164868608688,0.1453955742847684,0.0744206221803584,0.5012673166740044,39.3272246473825,48.98374226237145,20.500775974152344,26.55115592327191,10.493307727430535,13.235978365719921,70.67869165103461,86.47786876312448,96.8,110.21024926298686,30.8,36.81236296112922,1.9,2.5215182210242904,0.4,0.6182479461611466,10.2,13.748725115230716,5.2,6.331870833000554,6.0,6.815843429632111,7.2,7.904767435304959,42.1,47.14683911969068,1.4,1.8986382811787306
53,2022,1.2312927894059142,1.2879216607868391,1.2540260900791986,1.2148378966239315,1.1279035617460773,1.192183152700552,1.275562374310873,1.5457635319604217,1.3577935719312515,1.2214190089789665,1.124716654748316,1.0967102327916076,1.130208615033257,1.0800987586542778,1.2739355607345464,4693,135.8,97.4,33.4,2.0,0.4,10.0,5.5,6.2,6.6,40.9,1.5,2.0,0.4,2.4,0.26766545826607463,0.15344112430437012,0.07175068282307981,0.5071427346064754,36.34896923253294,44.75622371835524,20.837304680533464,26.836816050474035,9.743742727374238,12.218907595146742,68.86998335955937,83.66586572505227,97.4,109.85780691406794,33.4,39.818917300198436,2.0,2.551124748621746,0.4,0.6183054127841687,10.0,13.577935719312515,5.5,6.717804549384316,6.2,6.97324325943956,6.6,7.23828753642461,40.9,46.22553235486021,1.5,1.9109033411018195
53,2023,1.247902365318578,1.3066549337368232,1.2772736717352982,1.2266453333780267,1.1406186842904371,1.200083402445181,1.2415003467398384,1.586626407528337,1.3654031797711683,1.2312532198669568,1.1289832658785948,1.097059685293537,1.1448863448801885,1.1097229924263796,1.3498741321195635,4673,125.8,108.8,35.4,2.3,0.5,11.2,6.3,7.8,8.0,45.7,1.3,2.3,0.5,2.8,0.2585155675681372,0.1656684083881156,0.069804290232187,0.5060117338115602,32.52125840007166,40.58335528058609,20.841085775224943,27.232107552629998,8.781379711209125,11.21622510663793,63.656276113494265,78.0836740348409,108.8,124.09931285079955,35.4,42.4829524465594,2.3,2.855450797501628,0.5,0.7933132037641685,11.2,15.292515613437084,6.3,7.756895285161828,7.8,8.80606947385304,8.0,8.776477482348296,45.7,52.32130596102461,1.3,1.7548363717554327
53,2024,1.260057784948601,1.31845945606351,1.2917389012562197,1.23864430288464,1.151994842973166,1.207603920166537,1.2507003705092463,1.6417286233606467,1.3746807640157173,1.2301018565247988,1.130672815789187,1.0943950528527897,1.1543186468858655,1.1242117994094387,1.3787980233968051,4655,118.2,106.3,34.36,3.0,0.56,11.2,6.1,6.0,7.7,44.5,1.2,3.0,0.56,3.56,0.25558149053037177,0.16896226742820372,0.06991345218416281,0.5055427898572616,30.209732180689944,38.06600821549064,19.97134001001368,26.33140208646205,8.263770048168045,10.674633242254648,59.75515776112833,74.01538572879448,106.3,122.45705180804754,34.36,41.49327069692221,3.0,3.7521011115277387,0.56,0.9193680290819622,11.2,15.396424556976033,6.1,7.503621324801272,6.0,6.784036894735122,7.7,8.42684190696648,44.5,51.36717978642101,1.2,1.654557628076166
54,2015,1.2436701940748591,1.320011342563471,1.2445191977057082,1.23242654356471,1.163591302271212,1.212901076975645,1.3522716461334223,1.78682929302621,1.3139813455770917,1.2177947973312706,1.1557451611755274,1.1445601682827853,1.091927685745869,1.0623260040733469,1.6374706610394725,330,276.9,24.7,6.7,26.4,5.8,0.9,0.5,3.1,21.4,6.1,3.2,26.4,5.8,32.199999999999996,0.27492533401659314,0.18535227323044123,0.056651379585669306,0.48307101316729634,76.12682498919463,94.67666320861453,51.324044457509174,67.74832083014395,15.686767007271829,19.52248269048631,133.76236354602435,164.85228736407294,24.7,28.740705166098937,6.7,8.126437215736821,26.4,35.699971457922345,5.8,10.363609899552017,0.9,1.1825832110193826,0.5,0.6088973986656353,3.1,3.582809999644135,21.4,24.493587601251605,6.1,6.660758883049801,3.2,5.2399061153263125
54,2016,1.202158550166166,1.2698832196860133,1.2253346109309982,1.2054974150961977,1.138880977906682,1.1900520986600376,1.3287382874766618,1.6051304802182134,1.3109237829660554,1.2244844893568718,1.1212054700250946,1.0951834929133497,1.0775788170108327,1.0633081445066916,1.3364487232843427,340,283.3,27.4,9.3,21.8,9.6,0.9,0.4,2.9,20.4,6.8,3.5,21.8,9.6,31.4,0.27401784578134203,0.18213049361003864,0.056515427862646316,0.4873362327459731,77.6292557098542,93.3226734946369,51.59756883972395,65.52288684615935,16.010820713487703,19.61861276964742,138.0623547369342,166.43381175746845,27.4,31.205338794643083,9.3,11.06748451753835,21.8,28.966494666991228,9.6,15.409252610094848,0.9,1.1798314046694498,0.4,0.4897937957427487,2.9,3.2514958630727744,20.4,22.341743255432334,6.8,7.327535955673662,3.5,4.677570531495199
54,2017,1.2352914618679909,1.285513983999229,1.2404738712362031,1.2186401239838085,1.1468320805011945,1.1962243643484152,1.8256865194473144,1.6339425303867532,1.3165373493457242,1.233322232737453,1.1293610166282857,1.12921399270306,1.0887354491921022,1.0745207301254678,1.50423804970216,349,284.5,32.1,7.6,13.9,7.9,1.4,0.7,3.7,22.5,10.1,1.1,13.9,7.9,21.8,0.2821872031382519,0.1720271336675359,0.0601204348264635,0.4856652283677487,80.28225929283266,99.17198944390836,48.94171952841396,62.915264854744294,17.104263708128865,21.21739221666751,138.1717574706245,168.38164765506255,32.1,36.81330978408835,7.6,9.091305169047954,13.9,25.37704262031767,7.9,12.90814599005535,1.4,1.8431522890840137,0.7,0.863325562916217,3.7,4.178635761524657,22.5,25.40731483581885,10.1,10.996228036840233,1.1,1.6546618546723761
54,2018,1.266538858712209,1.3241035724585524,1.2509360552831643,1.2347673768255458,1.1643596265124605,1.2184220628633586,1.369563685197536,1.5927220844435377,1.3368902647666148,1.2075619447231043,1.152969138224958,1.1152590945066951,1.1033333134565138,1.080542021076146,1.328003845583249,354,208.9,42.7,6.7,17.9,4.5,1.5,0.5,3.6,14.3,6.0,4.3,17.9,4.5,22.4,0.2812291975362984,0.1607878678243272,0.0559822863596908,0.5020006482796836,58.74877936533273,74.4076119681039,33.58858558850195,44.47476617156528,11.694699620539408,14.629321411039086,104.8679354256259,129.48750553861083,42.7,49.718156052082065,6.7,8.163427821184504,17.9,24.51518996503589,4.5,7.167249379995919,1.5,2.0053353971499224,0.5,0.6037809723615521,3.6,4.150688897609849,14.3,15.948205051445742,6.0,6.6199998807390825,4.3,5.710416536007971
54,2019,1.2393894874502016,1.2832592255644024,1.2442933820288613,1.216534671447624,1.1477974489740612,1.2105972562831897,1.313897170703819,1.650048037389437,1.3473545218525778,1.209939609289764,1.1171802669369593,1.0957494363937927,1.1065146706244298,1.0933177867982269,1.2769434818236616,361,187.6,52.4,5.7,17.5,3.7,1.7,0.6,3.2,11.6,8.8,5.2,17.5,3.7,21.2,0.2761263661596555,0.1628541009699108,0.0556278915738124,0.5053916412966213,51.80130629155138,64.20199445393676,30.551429341955263,39.20540355724307,10.435792459247205,12.985187493267992,94.81147190724614,115.34144282614731,52.4,60.144586326240805,5.7,6.900404360814181,17.5,22.99320048731683,3.7,6.105177738340918,1.7,2.2905026871493823,0.6,0.7259637655738584,3.2,3.57497685419827,11.6,12.710693462167995,8.8,9.737329101494982,5.2,6.64010610548304
54,2020,1.2229058607878174,1.2661241630023274,1.2416008061788084,1.203582623374045,1.1370967570341934,1.206037545746309,1.3128962500225116,1.5929369102577524,1.3529282624996075,1.2014865918612612,1.113269533793282,1.0961178721445852,1.1164020044177836,1.0823770785057032,1.2272877957872017,366,193.6,55.7,6.7,17.4,5.5,1.2,0.4,2.4,8.5,11.2,4.0,17.4,5.5,22.9,0.2756312796650735,0.1608207654038399,0.0550159924241092,0.5085319625069773,53.36221574315823,65.25696637693214,31.134900182183404,39.420649433327974,10.65109613330754,13.224409545802631,98.4517879413508,118.49486120631616,55.7,63.33628936680458,6.7,8.080451556500272,17.4,22.8443947503917,5.5,8.761153006417638,1.2,1.623513914999529,0.4,0.4805946367445045,2.4,2.671846881103877,8.5,9.317001913228975,11.2,12.503702449479176,4.0,4.909151183148807
54,2021,1.2467511285961697,1.3095565955332449,1.2748899111831928,1.2228995909173277,1.1518920651095268,1.2061495853443025,1.300577953943623,1.5371299175560549,1.3517615332376005,1.2218901838144227,1.1287286105661656,1.0908291683143532,1.1316127540159933,1.1076488511019638,1.2853964098089683,366,161.0,52.2,6.2,21.9,6.6,1.2,0.5,2.7,9.3,11.6,3.5,21.9,6.6,28.5,0.26970434215977274,0.17442076870475812,0.05588032659431371,0.49999456254115543,43.42239908772341,54.13692506897245,28.081743761466058,36.77463275690243,8.996732581684507,11.469843602002697,80.49912456912602,98.44234650478722,52.2,60.1287657987173,6.2,7.478127429134676,21.9,28.482657191365345,6.6,10.145057455869962,1.2,1.6221138398851205,0.5,0.6109450919072114,2.7,3.0475672485286474,9.3,10.144711265323485,11.6,13.12670794658552,3.5,4.498887434331389
54,2022,1.240289996233753,1.3041607629162526,1.267456334955534,1.2174299302862523,1.1448353570596264,1.208175348386155,1.2889725602623066,1.528691053507418,1.3647894993022016,1.2190897028534395,1.1193712110815168,1.0878372922979456,1.1427869773278754,1.1000406779711038,1.2314852878284992,364,176.0,58.2,6.8,23.0,6.6,1.0,0.5,3.3,9.6,12.3,3.5,23.0,6.6,29.6,0.26831582809402144,0.17129598876899602,0.053755521372611505,0.5066326617643712,47.223585744547776,58.57094098524947,30.148094023343297,39.31796130195431,9.460971761579625,11.991368594049513,89.16734847052932,108.55499883228647,58.2,66.62941778087026,6.8,8.215592369025854,23.0,29.646368886033052,6.6,10.089360953148958,1.0,1.3647894993022016,0.5,0.6095448514267198,3.3,3.6939249965690055,9.6,10.443238006060277,12.3,14.056279821132868,3.5,4.310198507399747
54,2023,1.2559721127710342,1.325326835310877,1.2948759012725963,1.2292420701184157,1.1583162940936456,1.2136074810330797,1.2412437197921646,1.5710708557776203,1.369987758878132,1.2292437219908774,1.1211961024518762,1.0890354891404204,1.1578385476587516,1.139274974859647,1.2905850917716508,365,168.7,64.1,7.1,25.8,6.7,1.2,0.6,3.0,7.6,13.1,2.3,25.8,6.7,32.5,0.2597425331763687,0.1763340306773719,0.0549401092535925,0.5089833268926669,43.8185653468534,55.03489609728308,29.747550975272638,39.425227592307074,9.268396431081054,12.001423182047796,85.8654872467929,105.54946929497412,64.1,74.24807445140267,7.1,8.616613115334866,25.8,32.02408797063785,6.7,10.526174733710056,1.2,1.6439853106537583,0.6,0.7375462331945264,3.0,3.3635883073556285,7.6,8.276669717467195,13.1,15.167684974329646,2.3,2.9683457110747966
54,2024,1.2685521898671277,1.338838247655417,1.3099433393450566,1.2405056689135658,1.169953625701494,1.2215135095776033,1.2482315979305862,1.6047615116528262,1.378899043870021,1.2299078604618126,1.1243612168753336,1.088227754700284,1.168268721062351,1.157737946439429,1.3148427267252625,370,124.0,57.8,6.56,25.88,5.12,1.0,0.7,3.2,10.5,15.8,1.7,25.88,5.12,31.0,0.2562852909078424,0.1748425639356441,0.0554187317439793,0.5134534134125341,31.779376072572457,40.313797109472794,21.68047792801987,29.026653077482067,6.871922736253433,9.001829416849041,63.66822326315423,78.98079188759739,57.8,67.62331956554635,6.56,8.013128622829077,25.88,32.30423375444357,5.12,8.216378939662471,1.0,1.378899043870021,0.7,0.8609355023232688,3.2,3.5979558940010676,10.5,11.426391424352984,15.8,18.45864579278515,1.7,2.235232635432946
61,2015,1.2404749116626208,1.3365984824570396,1.2548579022290005,1.2297453267755458,1.1641996208612213,1.21917509180286,1.3716392543634828,1.7514014966059297,1.3141545644131696,1.21272269419932,1.1520423359307546,1.134942050169652,1.0931734743855066,1.062226492981878,1.4901273094711442,3846,132.7,77.6,10.4,0.6,1.0,2.3,2.1,7.6,12.6,40.1,0.9,0.6,1.0,1.6,0.2151643418976398,0.3237067027929484,0.0662978379284341,0.3948311173809776,28.5523081698168,35.418421954717424,42.955879460624246,57.41476329967789,8.797723093103205,11.039892345003121,52.39408927645572,64.43138643838216,77.6,90.34189057883077,10.4,12.679420954749746,0.6,0.8229835526180896,1.0,1.7514014966059297,2.3,3.02255549815029,2.1,2.546717657818572,7.6,8.755521753073735,12.6,14.300269832137616,40.1,43.836256322858816,0.9,1.34111457852403
61,2016,1.201037695119543,1.2878492592961963,1.2366269196267747,1.2054027375954723,1.1402510729977529,1.1961956048734732,1.3227245461520616,1.626810084094122,1.3119841301721848,1.2226994625354304,1.118605502389453,1.091647661202656,1.0802125716290618,1.0633132899639857,1.2644794573410485,3874,131.1,81.9,10.0,0.6,1.2,2.8,2.2,7.0,13.4,44.9,0.9,0.6,1.2,1.7999999999999998,0.21566421669447194,0.31800035600060855,0.06807160180653102,0.3982638254983884,28.273578808645272,33.95763392511607,41.68984667167978,53.690238156294804,8.924186996836216,11.035889876070888,52.21238752283872,62.93695485642547,81.9,93.38656287851596,10.0,11.961956048734733,0.6,0.7936347276912369,1.2,1.9521721009129462,2.8,3.6735555644821174,2.2,2.689938817577947,7.0,7.830238516726171,13.4,14.628078660115591,44.9,48.50154446614487,0.9,1.1380315116069437
61,2017,1.230061108579492,1.299437279430332,1.2503201918601945,1.2140496340357514,1.1477552201228798,1.2003651908953366,1.6712494065200398,1.640813524036129,1.3148386229873126,1.2348095515565485,1.125949684217297,1.1135731068770685,1.0896611754948884,1.0739839852426034,1.3508899253475684,3904,132.4,86.1,10.2,0.7,1.2,2.7,2.5,8.0,14.6,51.4,1.0,0.7,1.2,1.9,0.22824915710501376,0.29730273180488287,0.06630942511436871,0.4081386859757348,30.220188400703822,37.172678445650845,39.362881690966496,51.149595895047526,8.779367885142419,10.977020938562498,54.03756202318729,65.60428239843475,86.1,98.82172445257994,10.2,12.243724947132431,0.7,1.1698745845640277,1.2,1.9689762288433548,2.7,3.550064282065744,2.5,3.087023878891371,8.0,9.007597473738375,14.6,16.2581673604052,51.4,56.00858442043726,1.0,1.3508899253475684
61,2018,1.2732042643511798,1.3458843913141096,1.2625928103946578,1.2391510202084437,1.166777701377869,1.2272693363215663,1.3949233354805977,1.6107702439852998,1.3383808242250383,1.2078381109450114,1.1531883783869914,1.1182585539489975,1.1074766182532851,1.0808496174418245,1.2720488227425109,3931,131.7,83.5,11.8,1.0,1.1,2.9,2.8,7.8,13.8,46.6,1.0,1.0,1.1,2.1,0.2333687691993678,0.2859771808465032,0.0640002391328944,0.4166538108212345,30.734666903556736,39.13150896502151,37.663194717484465,50.69030589728637,8.428831493802193,10.642182044102713,54.87330688515657,67.99631420895278,83.5,97.42593806505207,11.8,14.481778168594483,1.0,1.3949233354805977,1.1,1.77184726838383,2.9,3.881304390252611,2.8,3.3819467106460315,7.8,8.994869351418533,13.8,15.431968044496166,46.6,51.60841041060309,1.0,1.2720488227425109
61,2019,1.2364562255274,1.2996967584644104,1.2554411551158489,1.2164818950141525,1.1486911489750744,1.2145454851003974,1.3016369462584312,1.6585491152052576,1.3462033121444918,1.2073316182163405,1.1145001963849337,1.090677112116937,1.108395889431108,1.0928450785811168,1.2111765939279475,3944,132.2,89.3,10.9,1.2,1.4,3.5,3.3,8.9,14.5,51.5,1.0,1.2,1.4,2.5999999999999996,0.2281809138435865,0.277410550238387,0.0651407906207251,0.4292677452973014,30.16551681012213,37.29834105612695,36.67367474151476,47.66465618252485,8.611612520059857,10.811372769594053,56.74919592830324,69.03436940339175,89.3,102.57811960347414,10.9,13.238545787594331,1.2,1.5619643355101174,1.4,2.3219687612873603,3.5,4.711711592505721,3.3,3.9841943401139233,8.9,9.919051747825911,14.5,15.814818125695586,51.5,57.082388305702054,1.0,1.2111765939279475
61,2020,1.2178169658274396,1.2793618412317531,1.2525079841866578,1.202434985897073,1.1357033261203222,1.2095132020108927,1.3263432484267224,1.6245091300137926,1.350923581748535,1.2000385813521313,1.1118869360070491,1.0935613868590046,1.1184298889459376,1.0810778649350692,1.180934295283628,3955,142.3,90.0,10.5,1.2,1.3,4.0,3.1,10.3,14.7,50.4,1.0,1.2,1.3,2.5,0.22815932070424186,0.29035632006540774,0.06333688049103771,0.4181474787393127,32.46707133621362,39.53895030397071,41.317704345307526,52.860294306681844,9.012838093874667,11.288651672759677,59.5023862246042,71.54775094082414,90.0,102.213299350829,10.5,12.699888621114374,1.2,1.5916118981120668,1.3,2.1118618690179303,4.0,5.40369432699414,3.1,3.720119602191607,10.3,11.452435440872607,14.7,16.075352386827365,50.4,56.368866402875256,1.0,1.180934295283628
61,2021,1.239214410572736,1.324899254375666,1.2864038140830425,1.2216780388493418,1.1507416165483286,1.2083549511623182,1.3073939868181077,1.5572664999724102,1.3502451985365052,1.2207285962104997,1.1263091405596728,1.087216662205261,1.1340148170281383,1.1060734049112388,1.2218966787311758,3954,153.5,100.9,14.5,1.2,1.2,4.1,3.2,11.4,15.4,55.7,0.9,1.2,1.2,2.4,0.2215835286743198,0.3031844054466883,0.0644979705371161,0.4107340953418757,34.01307165150809,42.149488538391836,46.538806236066655,61.6592296816983,9.900438477447322,12.735961818482744,63.04768363497792,77.02397049717356,100.9,116.10982910972636,14.5,17.521146791853614,1.2,1.5688727841817292,1.2,1.868719799966892,4.1,5.536005313999671,3.2,3.906331507873599,11.4,12.83992420238027,15.4,16.74313659796102,55.7,63.16462530846731,0.9,1.0997070108580582
61,2022,1.235015684577039,1.320340787694375,1.278634981380058,1.216726695454083,1.1439546570565744,1.211937971935204,1.3211719774658168,1.5380021435921485,1.3626015721462836,1.2155255973496,1.1173338422596282,1.0838759902281092,1.1456287922570347,1.0996360105491585,1.1854921167868662,3956,148.2,99.1,15.8,1.3,1.2,4.1,3.4,12.3,14.7,52.8,1.0,1.3,1.2,2.5,0.22162737946927605,0.30404230482489925,0.06353866551868871,0.4107916501871361,32.84517763734671,40.564309544842196,45.05906957505007,59.49332741549725,9.416430229869666,12.040177091636016,60.879322557733566,74.07349695715438,99.1,113.36590651430652,15.8,19.148619956576223,1.3,1.7175235707055618,1.2,1.845602572310578,4.1,5.586666445799763,3.4,4.13278703098864,12.3,13.743206259793427,14.7,15.932977056353204,52.8,60.48920023117143,1.0,1.1854921167868662
61,2023,1.2495498014798316,1.3423818505080831,1.307517120145467,1.2290233059998326,1.1591288103551496,1.215680433671833,1.2470962118388187,1.5880526529838708,1.366874436871649,1.2262152720393125,1.117943621209892,1.0839390161420988,1.160150423313524,1.139738681690113,1.230255697533778,3952,145.8,106.4,18.6,1.4,1.4,4.5,3.7,12.8,13.7,55.3,1.0,1.4,1.4,2.8,0.21361990786083326,0.29730890640261226,0.06632612501234711,0.4227450607242073,31.145782566109492,38.91820642241612,43.34763855350087,58.18908325660403,9.67034902680021,12.644146910323329,61.636229853589434,75.75236298402406,106.4,123.33130542178792,18.6,22.611656066296096,1.4,1.745934696574346,1.4,2.223273714177419,4.5,6.150934965922421,3.7,4.5369965065454565,12.8,14.30967835148662,13.7,14.849964521146752,55.3,64.15631840923787,1.0,1.230255697533778
61,2024,1.261324399350308,1.3568589967889686,1.3226894992717178,1.2397831880120365,1.1704038589522483,1.2232089027226694,1.2480873916985755,1.615212386696944,1.3756033441861284,1.2276997223771036,1.1212495205222546,1.0835979850005368,1.1708772179177938,1.1586978287030902,1.2503112165011026,3953,137.7,98.2,16.05,1.79,1.52,4.3,3.5,12.4,13.7,57.2,1.0,1.79,1.52,3.31,0.21089802920008155,0.29808128701021674,0.06675970011755282,0.4242609836721488,29.040658620851225,36.62969129168252,41.045793221306845,55.693353812669855,9.192810706187023,12.1592341898662,58.42073745165489,72.42904812382687,98.2,114.9336589491108,16.05,19.632502888698845,1.79,2.2340764311404504,1.52,2.4551228277793546,4.3,5.915094380000352,3.5,4.296949028319863,12.4,13.903494054475956,13.7,14.845292394507354,57.2,66.9741768648978,1.0,1.2503112165011026
62,2015,1.2442548036936898,1.326543160684096,1.2502812018813736,1.2311670946269386,1.1655620941464018,1.2169326872714967,1.3614803309083872,1.7777151971412186,1.318057137237827,1.2180162788887363,1.1558191537007874,1.137115945228675,1.093150138234433,1.0641237138296986,1.543954394192944,2523,159.9,73.8,12.6,1.4,2.4,4.0,2.0,7.6,13.4,49.0,1.7,1.4,2.4,3.8,0.25358866559908905,0.19955751817282005,0.062398630263213614,0.4844551859648773,40.54882762929434,50.45307356189689,31.909247155833928,42.328993577149944,9.977540979087857,12.474731927154624,77.46438423578388,95.37160087663487,73.8,86.01848254800444,12.6,15.333351859620858,1.4,1.9060724632717418,2.4,4.266516473138925,4.0,5.272228548951308,2.0,2.4360325577774726,7.6,8.784225568125983,13.4,15.237353666064244,49.0,53.56435677348722,1.7,2.6247224701280047
62,2016,1.2036496300297672,1.2766362713682078,1.2310964728955112,1.2051636858117938,1.140806398447156,1.1940061161001574,1.3269617878802284,1.6206277174899373,1.3153560235112836,1.2275002071897687,1.121536967854755,1.0921636949928308,1.0793689234748016,1.0651752871871718,1.290722791990652,2520,157.4,79.4,11.9,1.4,2.8,4.2,2.1,7.1,13.8,56.0,1.8,1.4,2.8,4.199999999999999,0.25317695421856484,0.19709445332549966,0.06227867780918291,0.4874499146467525,39.85005259400211,47.9655010614374,31.022666953433646,39.60466186732925,9.80266388716539,12.068024936469513,76.72461656539885,92.46572169245269,79.4,90.58002803670419,11.9,14.208672781591874,1.4,1.8577465030323197,2.8,4.537757608971824,4.2,5.524495298747391,2.1,2.5777504350985145,7.1,7.962912471768761,13.8,15.071858990901067,56.0,60.444659714588894,1.8,2.3233010255831736
62,2017,1.2350046133784718,1.290472786187338,1.2459194712113038,1.2160438586570088,1.148513590350142,1.1991910925317752,1.7658712351295929,1.6407175331621684,1.320092295573208,1.237513308340256,1.1286197422330857,1.1199737953919249,1.089847802080057,1.0765444448770911,1.4072723444119468,2522,151.0,75.0,11.4,1.4,2.4,4.4,2.2,7.3,13.9,54.9,1.9,1.4,2.4,3.8,0.26186265561175637,0.20111216201704385,0.060053584798896914,0.4769715975723029,39.54126099737521,48.83363975056062,30.36793646457362,39.18899558019838,9.068091304633434,11.29811152316471,72.02271123341774,87.5827756792248,75.0,86.13851927626065,11.4,13.670778454862239,1.4,2.47221972918143,2.4,3.937722079589204,4.4,5.808406100522116,2.2,2.7225292783485635,7.3,8.238924118301526,13.9,15.567635755947757,54.9,59.83264433419513,1.9,2.6738174543826987
62,2018,1.2715404688150025,1.3336747059341476,1.2571902432276765,1.2367428334916488,1.1673692521546193,1.223686392127357,1.3813070183113934,1.6049747405759762,1.3416770974362555,1.2098439928870617,1.1542205987097671,1.115119820892969,1.1060324289347483,1.08316927747549,1.293894780540933,2515,151.8,79.9,14.3,1.2,2.4,4.8,2.4,8.7,13.6,75.6,1.9,1.2,2.4,3.5999999999999996,0.26569044369854594,0.20051017205980332,0.059643366246302704,0.47415601799534807,40.331809353439276,51.283527773429476,30.437444118678144,40.593649334365125,9.053862996188752,11.382428222328596,71.97688353169384,89.01689488488545,79.9,93.27280324715409,14.3,17.49871540742121,1.2,1.657568421973672,2.4,3.851939377382343,4.8,6.440050067694027,2.4,2.903625582928948,8.7,10.041719208774973,13.6,15.165629564144377,75.6,83.61605162746696,1.9,2.458400083027773
62,2019,1.2405032508664011,1.2912741017347338,1.2506298821205428,1.2166152253228375,1.1502921609610004,1.2137911869897064,1.3115862317705418,1.655676865140542,1.3510462896372164,1.2109407535986578,1.1174193611744718,1.0927747453294756,1.108390235348689,1.0962740016124803,1.2367182063886328,2509,158.0,83.4,13.6,1.5,2.2,5.6,3.1,8.1,15.9,60.5,1.7,1.5,2.2,3.7,0.26105993573471903,0.20190266531384624,0.06075782984389841,0.4762795691075364,41.24746984608561,51.16762043408305,31.900621119587704,41.19244588097569,9.599737115335948,12.005718096940797,75.25217191899075,91.55293809525584,83.4,95.93436622414744,13.6,16.507560143060008,1.5,1.9673793476558128,2.2,3.6424891033091926,5.6,7.565859221968411,3.1,3.7539163361558394,8.1,9.051096825513222,15.9,17.37511845073866,60.5,67.05760923859569,1.7,2.102420950860676
62,2020,1.222544760506155,1.2719150967167112,1.2471192179442463,1.202824730489108,1.1381694307384802,1.208585387204432,1.3189867981579362,1.611258507932339,1.3561215155958914,1.203264166999746,1.113370237649838,1.0939054771363164,1.1180582078073813,1.0838670011270872,1.1993217398743932,2501,159.0,82.5,11.9,1.6,1.8,6.3,2.8,9.3,15.7,59.8,1.7,1.6,1.8,3.4000000000000004,0.26239734245110147,0.19398324058028726,0.06029799784465401,0.4833214191239573,41.72117744972513,51.00600689330901,30.843335252265675,39.23010374045145,9.587381657299987,11.956607914584973,76.8481056407092,92.43480195588455,82.5,93.89897803592461,11.9,14.382166107732742,1.6,2.110378877052698,1.8,2.90026531427821,6.3,8.543565548254115,2.8,3.3691396675992884,9.3,10.354343210143494,15.7,17.174315991040167,59.8,66.8598808268814,1.7,2.0388469577864683
62,2021,1.245587072101913,1.3171433106989474,1.281426817068327,1.2224325611681832,1.1533779273265627,1.208682547873953,1.3057921394948393,1.550094887086295,1.3552421006943935,1.2233903604844814,1.1296624654822418,1.0889777699361047,1.133881005865909,1.109848862215837,1.247003488902667,2490,165.3,93.3,16.8,1.6,1.8,6.5,2.8,10.4,17.4,63.9,1.8,1.6,1.8,3.4000000000000004,0.25421672572775855,0.20117229906385944,0.06088380518642392,0.4837271700219581,42.022024762798495,52.342090788088264,33.25378103525597,43.79999524603492,10.064092997315875,12.89639865623012,79.96010120462968,97.74583130684259,93.3,107.6101606195683,16.8,20.30586680428241,1.6,2.089267423191743,1.8,2.790170796755331,6.5,8.809073654513558,2.8,3.4254930093565474,10.4,11.748489641015315,17.4,18.948213196888222,63.9,72.45499627483159,1.8,2.244606280024801
62,2022,1.2397889383428815,1.3113648467678896,1.273256563792369,1.2168930487821128,1.1461672619685768,1.2113090004532423,1.3035572303578633,1.5377012576861269,1.367950272276906,1.2193966944063757,1.1198167817851756,1.0856695012111026,1.1449912179195558,1.1023391823934103,1.203196117195173,2492,152.5,86.5,17.6,1.6,2.3,5.7,2.8,10.3,14.7,51.7,1.6,1.6,2.3,3.9,0.25524943930874533,0.20662800236019063,0.059843976977562705,0.4782785813535014,38.92553949458366,48.25945328441378,31.510770359929072,41.32211654458654,9.126206489078312,11.620002314743472,72.93748365640896,88.75711685714302,86.5,99.14346816028188,17.6,21.319038407977065,1.6,2.085691568572581,2.3,3.5367128926780915,5.7,7.797316551978364,2.8,3.4143107443378518,10.3,11.53411285238731,14.7,15.959341667803209,51.7,59.19604596644104,1.6,1.925113787512277
62,2023,1.254780392203643,1.3327354618747886,1.301625147202628,1.2287652601807089,1.1601325363816126,1.2155626985789436,1.2450933643780175,1.581243627682573,1.3725316722320922,1.2298912972243312,1.1207107470442692,1.0866753345734017,1.1597587713751554,1.1432030897267234,1.2525304443416811,2465,138.0,87.3,17.9,2.0,2.4,5.2,3.0,9.5,11.6,56.5,1.3,2.0,2.4,4.4,0.24647037657365042,0.21047834076418181,0.06169657133365531,0.48135471132851254,34.01291196716376,42.67873501814572,29.04601102545709,38.71064891963276,8.514126844044434,11.082201606681181,66.42695016333474,81.623128700461,87.3,101.27957042611477,17.9,21.75857230456309,2.0,2.490186728756035,2.4,3.794984706438175,5.2,7.137164695606879,3.0,3.6896738916729936,9.5,10.646752096920558,11.6,12.605433881051459,56.5,65.52637058269627,1.3,1.6282895776441855
62,2024,1.2670728008061989,1.3465796764499878,1.3168439573123043,1.2397727777613057,1.1715812261697085,1.223304028852816,1.2492096555529029,1.6119089997378648,1.3813799974457364,1.2311871013343905,1.1238527461654817,1.0861365713223103,1.1702944034262748,1.1621845008489875,1.274054495960523,2458,131.4,78.2,15.85,2.47,2.33,5.3,2.9,9.6,12.1,56.4,1.3,2.47,2.33,4.800000000000001,0.24376275495460886,0.21097581253049896,0.06240749932212671,0.48285393319276554,32.03042600103561,40.58488158414789,27.722221766507566,37.330180416818564,8.20034541092745,10.798575302253498,63.44700682152939,78.659871887768,78.2,91.61765188647121,15.85,19.389368857317134,2.47,3.0855478492156703,2.33,3.7557479693892253,5.3,7.321313986462402,2.9,3.5704425938697324,9.6,10.788986363188624,12.1,13.142252512999955,56.4,66.0046043532419,1.3,1.6562708447486798
63,2015,1.2450059727755605,1.324946081263812,1.24934609184301,1.231486397629872,1.165905078914156,1.2165115611414292,1.3593377931349029,1.7776592013019363,1.3180897590641425,1.2183148983552954,1.1562683260089224,1.137627875697928,1.0931913344399748,1.064402223232207,1.55577480259539,577,117.6,62.7,10.3,4.5,6.9,3.2,2.1,4.3,17.4,27.9,1.3,4.5,6.9,11.4,0.6419427968524347,0.22997981946085744,0.059861925374217306,0.06821545831249051,75.49247290984631,93.98857967235585,27.045626768596833,35.83399720237603,7.039762424007955,8.795099671937612,8.022137897548884,9.87915370074255,62.7,73.10224844791759,10.3,12.530069079756721,4.5,6.117020069107063,6.9,12.26584848898336,3.2,4.217887229005256,2.1,2.5584612865461205,4.3,4.971953801838366,17.4,19.794725037143944,27.9,30.500038230875298,1.3,2.022507243374007
63,2016,1.2038570077683346,1.2746733839854714,1.2299360638258154,1.2050336492369147,1.1409121564139446,1.1934773942839016,1.3265787628368475,1.617565147194344,1.3151790890002055,1.2275956468229376,1.1216379125052611,1.0921296352743932,1.0791817475029095,1.0654306209921778,1.2961229493505355,582,123.8,65.3,12.3,5.0,8.0,3.2,2.0,4.6,18.2,30.9,1.3,5.0,8.0,13.0,0.6430420615202667,0.22572106630165012,0.06155358095691501,0.06968329122116822,79.60860721620901,95.83737967591003,27.944268008144284,35.619814664938225,7.620333322466078,9.372522771674626,8.626791453180624,10.395573986032074,65.3,74.50156381383059,12.3,14.679771949691991,5.0,6.6328938141842375,8.0,12.940521177554752,3.2,4.2085730848006575,2.0,2.4551912936458753,4.6,5.159534397524201,18.2,19.876759361993955,30.9,33.3467159978399,1.3,1.6849598341556962
63,2017,1.2355404454572727,1.2887736673063028,1.2448244474856265,1.2162131942054473,1.1486705310031022,1.1989141543115478,1.7724098836694744,1.6389086037317349,1.3201812759853435,1.2375347110099668,1.128786825541616,1.1207828886723277,1.0898134995574704,1.0768961178986731,1.4192617067616868,586,116.8,61.8,11.4,5.3,7.1,3.5,2.0,4.8,17.9,30.0,1.3,5.3,7.1,12.399999999999999,0.6150725514302686,0.26730691986136645,0.051980003191080315,0.06564052551728461,71.84047400705538,88.76181125653882,31.2214482398076,40.23738034663075,6.071264372718181,7.5576583183080785,7.6668133804188425,9.324479590776264,61.8,70.98783881599171,11.4,13.667621359151646,5.3,9.393772383448214,7.1,11.636251086495317,3.5,4.620634465948703,2.0,2.4750694220199336,4.8,5.418176762599757,17.9,20.062013707234662,30.0,32.69440498672411,1.3,1.8450402187901929
63,2018,1.27107653187359,1.331578038814117,1.2560241020016234,1.2362779345134352,1.1675464925624166,1.223015995445517,1.3784664467489185,1.602420521511806,1.3414922164482386,1.2098348988043963,1.1540932048919748,1.1145413111606894,1.105764313197545,1.0834686456016882,1.2984726667967637,587,113.2,52.3,9.8,9.4,6.6,2.9,1.7,3.7,17.6,24.8,1.4,9.4,6.6,16.0,0.6142105107588441,0.2672842061281911,0.0512885249151054,0.0672167581978593,69.52862981790116,88.37620965486049,30.25657213371123,40.28898698304506,5.805861020389932,7.292301374481493,7.608937027997673,9.406760952815759,52.3,61.06268156101439,9.8,11.98555675536607,9.4,12.957584599439834,6.6,10.575975441977919,2.9,3.8903274276998916,1.7,2.056719327967474,3.7,4.2701448581003065,17.6,19.615927076428136,24.8,27.422954967299116,1.4,1.817861733515469
63,2019,1.2408534751139353,1.289585588239255,1.2494926371954924,1.2164550063615265,1.1504942770386617,1.2135624244469467,1.3119347714168894,1.6539102495911215,1.351078666957832,1.211300581248427,1.117498041518629,1.092986169595131,1.108347706467105,1.0967224915220726,1.2419522622124628,590,108.1,54.7,8.7,9.0,5.5,3.4,2.0,4.2,18.8,28.0,1.5,9.0,5.5,14.5,0.6183324556803989,0.25539899870700183,0.052876562040413515,0.07339198357218582,66.84173845905111,82.94080344957035,27.608631760226896,35.603693628993184,5.715956356568701,7.1420453820633645,7.9336734241532865,9.650956755648659,54.7,62.9320369540148,8.7,10.557993092688436,9.0,11.807412942752006,5.5,9.096506372751168,3.4,4.593667467656629,2.0,2.422601162496854,4.2,4.693491774378242,18.8,20.548139988388463,28.0,31.03373578107894,1.5,1.8629283933186942
63,2020,1.2231488213066193,1.2704596670131765,1.245969402889043,1.2027680521974629,1.1385469405076736,1.2083898640210635,1.3168347176019723,1.6076749692300516,1.3562865913767284,1.2036217027788747,1.1133256062526982,1.093842322225673,1.117986516471812,1.0843467239643714,1.202977320608255,593,112.2,58.4,8.1,10.0,4.7,3.7,1.9,5.2,16.7,29.1,1.6,10.0,4.7,14.7,0.6265523991004718,0.24488262649962342,0.05333146861057061,0.07523350578933422,70.29917917907294,85.9863581517059,27.47583069325775,34.906934713466654,5.983790778106022,7.4556202228097215,8.441199349563298,10.152804899884739,58.4,66.49114132564813,8.1,9.787957898570614,10.0,13.168347176019724,4.7,7.556072355381243,3.7,5.018260388093895,1.9,2.286881235279862,5.2,5.7892931525140305,16.7,18.26716678116874,29.1,32.53340762932973,1.6,1.924763712973208
63,2021,1.2463613115389252,1.3155035693021269,1.2802381020294376,1.2223767425049792,1.15373056931517,1.2086385081636388,1.304381146836293,1.5476026912696033,1.3553466653858317,1.223584250140713,1.129723513950868,1.0891196614128016,1.1338250762502116,1.110452090634465,1.2520121437819165,594,122.4,66.0,13.0,10.2,5.1,3.9,1.8,5.6,17.0,31.1,1.5,10.2,5.1,15.299999999999999,0.6194551672126579,0.2516918657092138,0.0534683792032739,0.0753845878748543,75.82131246682933,94.50075044876006,30.80708436280777,40.52682943906536,6.544529614480726,8.37855617231825,9.227073555882168,11.27896011609308,66.0,76.14621757480123,13.0,15.712300606127304,10.2,13.304687697730186,5.1,7.892773725474976,3.9,5.285851995004744,1.8,2.2024516502532836,5.6,6.32645167812486,17.0,18.515034244017627,31.1,35.26195987138158,1.5,1.8780182156728746
63,2022,1.2405045362607774,1.3096831910527824,1.2721149806225789,1.2168667300725304,1.1465924520830006,1.2112342396161384,1.300278300994686,1.5361417393296064,1.368222330596094,1.2197146271991006,1.1198993210197163,1.0858223288234512,1.1449031048620144,1.102782623376238,1.2069759342918684,595,120.4,67.8,13.1,9.9,5.6,3.8,2.1,7.0,17.5,27.5,1.6,9.9,5.6,15.5,0.6201567106626776,0.2487361136694484,0.0527165448540385,0.0783906308138354,74.66686796378639,92.62458841746152,29.94782808580159,39.222167052512766,6.347072000426235,8.074205374832333,9.438231949985783,11.485070450645281,67.8,77.73896825122745,13.1,15.867168538971413,9.9,12.872755179847394,5.6,8.602393740245795,3.8,5.199244856265158,2.1,2.5614007171181115,7.0,7.839295247138015,17.5,19.001890754410397,27.5,31.484835383705395,1.6,1.9311614948669895
63,2023,1.255596764920993,1.330972462095252,1.3003832873374948,1.228663095832076,1.1603627466859434,1.215613597966979,1.244354704538288,1.5788785262149023,1.372854693820009,1.230150124361632,1.1208458588544117,1.0869907461961352,1.159733449458091,1.1437127195436358,1.2574044529087405,594,106.5,65.6,12.6,10.3,6.6,3.9,2.4,6.6,17.8,34.8,1.5,10.3,6.6,16.9,0.6150701238007692,0.24991243489128417,0.05380870008899282,0.08120874121895383,65.50496818478192,82.24782613906474,26.615674315921765,35.42472957458776,5.730626559477735,7.452011003917215,8.648730939818583,10.62637653153616,65.6,76.11979618259788,12.6,15.316731334383936,10.3,12.816853456744367,6.6,10.420598273018355,3.9,5.354133305898035,2.4,2.9523602984679167,6.6,7.397582668439116,17.8,19.34843528229121,34.8,40.35872404114156,1.5,1.8861066793631107
63,2024,1.2679973371688138,1.3447348245645172,1.3155964263463074,1.239711565393049,1.1718678759656718,1.223416004710136,1.2490260103938768,1.6097308994174278,1.381728177087724,1.2314079247264116,1.124006492395514,1.086443813626773,1.170256654951495,1.162705122371906,1.2792586366251135,593,102.3,60.3,11.54,10.76,6.07,4.1,2.5,6.3,18.4,36.1,1.8,10.76,6.07,16.83,0.6183890876145984,0.24182076017239043,0.05671096511565531,0.08307918709735582,63.261203662973415,80.2150377907443,24.73826376563554,33.26640478491266,5.801531731331537,7.632474413074476,8.4990008400595,10.536309635707001,60.3,70.66363292073001,11.54,14.118220694354967,10.76,13.439519871838115,6.07,9.771066559463787,4.1,5.665085526059668,2.5,3.078519811816029,6.3,7.0812409020917375,18.4,19.99056617073262,36.1,42.24626524374897,1.8,2.3026655459252043
64,2015,1.2478909968661551,1.3275397388797288,1.2536257527647654,1.231252146881472,1.1702460769294305,1.2205200822049915,1.3612718953321967,1.7352519629651466,1.320339283669725,1.215670679998437,1.1561216998140171,1.1296879766240322,1.0957184012860637,1.0685338477748694,1.498588098027588,684,131.1,87.6,7.1,3.5,5.4,6.0,2.6,6.0,15.5,64.9,1.2,3.5,5.4,8.9,0.21421777807506856,0.17296063603544143,0.06870146285601292,0.5441201230334771,28.083950705641488,35.045709242002914,22.67513938424637,30.102148617223882,9.006761780423293,11.29110851695607,71.33414812968884,87.83032303064033,87.6,102.51355633901811,7.1,8.665692583655439,3.5,4.764451633662689,5.4,9.370360600011793,6.0,7.92203570201835,2.6,3.1607437679959363,6.0,6.936730198884103,15.5,17.5101636376725,64.9,71.11212424346554,1.2,1.7983057176331056
64,2016,1.2050408611799486,1.2755033387620198,1.2333035562477594,1.203806984497608,1.1437894938711557,1.1964104222234793,1.31326630447173,1.6164983345313388,1.3169597346651205,1.228511388994877,1.120063391858564,1.0869615307209,1.081417524218571,1.0695979883444795,1.2649464131414752,695,123.1,89.4,6.7,3.5,5.3,6.1,2.8,5.5,14.4,72.0,1.4,3.5,5.3,8.8,0.21567058715310922,0.17955786598203652,0.06955752528072191,0.5352140215841324,26.549049278547745,31.992689206130066,22.103573302388693,28.19318154576782,8.562531362056868,10.560200379307707,65.8848460570067,79.31263785597436,89.4,102.25478075208133,6.7,8.01594982889731,3.5,4.596432065651055,5.3,8.567441173016096,6.1,8.033454381457235,2.8,3.4398318891856556,5.5,6.160348655222102,14.4,15.652246042380959,72.0,77.86206174373712,1.4,1.7709249783980652
64,2017,1.2351433467228543,1.2876214632130072,1.2475249380630629,1.2125139043125646,1.151504598313844,1.2017839743491865,1.6465208954733732,1.6324538848499393,1.321232609605646,1.2411776639549394,1.1257754347987174,1.109465884020561,1.091512408790626,1.0816563768600471,1.3538578057560686,705,111.2,87.2,6.3,3.6,4.7,6.0,2.6,5.5,13.4,71.2,1.3,3.6,4.7,8.3,0.2235093024538631,0.1819777859729121,0.0677084303796441,0.5268044811935807,24.85423443286958,30.698542297648935,20.235929800187826,26.056217538793543,7.529177458216424,9.392836642227254,58.58065830872618,71.02986272311385,87.2,100.41120097296721,6.3,7.571239038399875,3.6,5.9274752237041435,4.7,7.672533258794715,6.0,7.927395657633875,2.6,3.227061926282843,5.5,6.191764891392946,13.4,14.866842845875517,71.2,77.71568350589259,1.3,1.7600151474828893
64,2018,1.2751015804543766,1.3365815804370833,1.2600096038887258,1.237495983344594,1.17234247613664,1.2275484920475153,1.3804930621788134,1.6017448818362778,1.343499623916652,1.210455787579098,1.152984531816326,1.111743900413024,1.1091021861631047,1.0889974669703597,1.2790320677776896,710,112.1,87.5,7.0,4.1,4.1,6.8,2.5,5.9,13.5,78.7,1.4,4.1,4.1,8.2,0.22126098588048954,0.17979518473660794,0.06647104629566371,0.5324727830872389,24.803356517202875,31.626799095658747,20.155040208973748,26.938855496283093,7.451404289743901,9.388840967534966,59.69019898407948,73.86638148783793,87.5,102.579966661956,7.0,8.592839444332608,4.1,5.6600215549331345,4.1,6.567154015528739,6.8,9.135797442633233,2.5,3.026139468947745,5.9,6.802608737716325,13.5,15.008542655575825,78.7,87.28634205103634,1.4,1.7906448948887654
64,2019,1.2417093675403263,1.29335414704298,1.2536246026284592,1.2158172809205885,1.1547515982003036,1.2166909602921083,1.3000887653902702,1.6490907658781513,1.3519505966290393,1.212022521472742,1.1156755382787065,1.0886102934623598,1.1112325766425135,1.1033720369938975,1.2170683036617804,717,106.7,88.8,6.3,4.8,4.1,7.7,3.0,6.2,14.6,79.2,1.4,4.8,4.1,8.899999999999999,0.2099859058028302,0.1823229276391422,0.0652980612409683,0.5423931053170592,22.405496149161984,27.821114452803144,19.453856379096475,25.160725823882956,6.967303134411319,8.734382623268408,57.87334433733022,70.36341214999376,88.8,102.54194192018696,6.3,7.665153049840282,4.8,6.240426073873297,4.1,6.76127214010042,7.7,10.410019594043602,3.0,3.636067564418226,6.2,6.91718833732798,14.6,15.893710284550453,79.2,88.00962007008707,1.4,1.7038956251264925
64,2020,1.2237915333233598,1.2719334573039711,1.2490021232529025,1.2015121669075872,1.1413728578063085,1.2109511833953803,1.3119005441969938,1.6138394139726,1.357369149570823,1.206445965578836,1.1113042767608026,1.0896026737754845,1.1204704856907983,1.0888890407493328,1.1851816350903974,721,115.6,88.8,5.8,4.9,4.4,8.4,2.9,7.4,13.5,73.3,1.5,4.9,4.4,9.3,0.20337821565484734,0.18908315686848495,0.06154947460391982,0.545989152872748,23.51052172970035,28.771977436822162,21.85801293399686,27.801937960933543,7.1151192642131305,8.88679906819983,63.11634607208966,75.83505773636563,88.8,101.35390977320019,5.8,7.023516863693206,4.9,6.42831266656527,4.4,7.100893421479441,8.4,11.401900856394915,2.9,3.4986933001786245,7.4,8.22365164802994,13.5,14.70963609596904,73.3,82.13048660113552,1.5,1.7777724526355962
64,2021,1.2460595109329309,1.3187262059006777,1.2847102916472246,1.2214979319083858,1.157052902224296,1.2117861638729497,1.3002507015539904,1.5506049887935311,1.3568963521002857,1.2247768953174336,1.1290638615935618,1.086418275759532,1.1373433070526169,1.1166776505920415,1.2271735351268875,725,121.0,97.7,8.0,5.7,5.0,9.2,2.8,7.6,15.4,80.6,1.6,5.7,5.0,10.7,0.19057162866453806,0.20354428510262465,0.05926856833864831,0.546615517894189,23.059167068409106,28.733094439782597,24.628858497417582,32.478721121964156,7.1714967689764455,9.213295705618858,66.14047766519687,80.79045668347077,97.7,113.04406854731371,8.0,9.694289310983597,5.7,7.411428998857745,5.0,7.753024943967656,9.2,12.483446439322627,2.8,3.4293753068888138,7.6,8.58088534811107,15.4,16.730841446696793,80.6,91.66987054844091,1.6,1.96347765620302
64,2022,1.241767159696366,1.3125044888835808,1.2758526411396471,1.2164270511567803,1.1503308663538028,1.2156417674088098,1.3082555683398436,1.5347005174358308,1.3700777994788222,1.2188920482068049,1.1190313730439965,1.0825575246639676,1.1482957666021822,1.1084296379345635,1.190358977972304,728,117.1,96.7,8.7,6.0,5.9,8.7,3.0,8.4,14.8,68.2,1.6,6.0,5.9,11.9,0.20016492632737903,0.19747118598884553,0.05738857955570001,0.5449753081280755,23.439312872936085,29.10616897146031,23.12387587929381,30.350190891959883,6.7202026659724705,8.573988320374674,63.81660858179764,77.62824899198257,96.7,111.23699477641273,8.7,10.576083376456644,6.0,7.8495334100390615,5.9,9.054733052871402,8.7,11.919676855465752,3.0,3.6566761446204143,8.4,9.39986353356957,14.8,16.02185136502672,68.2,78.31377128226883,1.6,1.9045743647556865
64,2023,1.2563168492906829,1.3339844008735608,1.3053691044405111,1.2281211830952248,1.1643024694141977,1.2186320268578943,1.2443919019331071,1.5794128365263165,1.374027101849091,1.2296927598693144,1.1186477369305432,1.0841318125933574,1.1630107408004444,1.1523515190319986,1.234404621894545,729,109.4,86.9,7.9,6.5,5.5,8.3,3.2,7.6,14.5,74.3,1.3,6.5,5.5,12.0,0.1935674580407336,0.2035361404382554,0.0574382162945088,0.5454581852265021,21.17627990965626,26.604117255796936,22.266853763945143,29.703635577635556,6.283740862619263,8.202601182373552,59.673125463779336,73.28582944356646,86.9,101.17788459209379,7.9,9.627193012177365,6.5,8.088547362565196,5.5,8.686770600894741,8.3,11.404424945347456,3.2,3.935016831581806,7.6,8.501722800672129,14.5,15.719911282603682,74.3,86.41169804147302,1.3,1.6047260084629087
64,2024,1.2686231882533463,1.3479946363951223,1.3207283415873412,1.2388287185597622,1.1755954183667987,1.2263994516970556,1.2462862001872734,1.6041978930360732,1.3829092610618587,1.2318554013665726,1.1220383691736282,1.0842208302061864,1.1737655527326885,1.1722949810622354,1.2542340228592057,729,107.7,78.2,7.34,8.36,5.78,8.4,3.1,7.5,14.6,72.7,1.3,8.36,5.78,14.14,0.18958908214263423,0.20694849033396723,0.058188324485850304,0.5452741030375483,20.418744146761707,25.90369229959419,22.288352408968272,30.044579501373534,6.266882547126078,8.276849393388478,58.726020897143954,72.75148121412266,78.2,91.93156171628367,7.34,9.001771975456387,8.36,10.418952633565604,5.78,9.272263821748503,8.4,11.616437792919614,3.1,3.818751744236375,7.5,8.415287768802212,14.6,15.82962412101032,72.7,85.33275568366645,1.3,1.6305042297169674
65,2015,1.2507709589628648,1.3232047448349729,1.2485895031063816,1.233338249168737,1.170605892069822,1.2178809867840907,1.3530359266813954,1.7413547899450958,1.3184301440200554,1.2167387059074375,1.1581500247778056,1.135898756949465,1.0949663292129777,1.0673687639862546,1.5637016820093133,2385,181.9,103.5,4.2,4.6,13.2,5.2,3.2,6.8,19.5,58.2,1.2,4.6,13.2,17.799999999999997,0.24220519754087985,0.35519899769702035,0.061761467156903914,0.3408343376051959,44.05712543268605,55.105373026587955,64.610697681088,85.49318173871362,11.234410875840823,14.027167493159022,61.997766010385135,76.46421618362143,103.5,121.15770982922656,4.2,5.115100144493181,4.6,6.223965262734418,13.2,22.985883227275263,5.2,6.855836748904289,3.2,3.8935638589038,6.8,7.875420168489078,19.5,22.150025760514566,58.2,63.7270403601953,1.2,1.8764420184111759
65,2016,1.2051773945006754,1.2697407801185017,1.2274203494226843,1.2040855787505271,1.1434986087527816,1.193159548810507,1.316466346113062,1.6016052265583385,1.3139087128703208,1.2262430045134396,1.1201350628073736,1.0891868675262038,1.079513411553622,1.0682641657027323,1.2958568146197924,2428,168.1,105.4,3.8,4.8,13.1,5.8,3.5,6.6,20.5,63.6,1.2,4.8,13.1,17.9,0.24271730361028435,0.36738867781061224,0.06201166953172271,0.32788234904738073,40.800778736888795,49.172176211722196,61.75803673996391,78.41669774878886,10.424161648282588,12.79482813277356,55.1170228748647,66.36561238728751,105.4,120.5247533625432,3.8,4.534006285479926,4.8,6.319038461342697,13.1,20.981028467914232,5.8,7.620670534647861,3.5,4.291850515797039,6.6,7.392891414528665,20.5,22.32833078428718,63.6,68.65705297481036,1.2,1.555028177543751
65,2017,1.2366624260390275,1.2828743334670845,1.241503176150584,1.2144230929237445,1.151333861234856,1.199627996142188,1.697369961944853,1.6235527637661555,1.319180114349947,1.2386746239638668,1.1274356058947952,1.1161712522330536,1.090305561477173,1.080294356838655,1.4218430193258544,2480,159.1,98.2,3.9,4.6,11.7,6.0,3.3,6.5,21.0,59.7,1.2,4.6,11.7,16.299999999999997,0.24753370698218205,0.32474234993262285,0.06072098228454141,0.36700296080065364,39.382612780865166,48.70299746534033,51.66650787428029,66.2816368517892,9.660708281470539,11.993800015309924,58.390171063383995,70.91037213914132,98.2,113.06098517326286,3.9,4.678549184954534,4.6,7.807901824946323,11.7,18.995567336064017,6.0,7.9150806860996825,3.3,4.087626259080761,6.5,7.328331438316169,21.0,23.439596296894123,59.7,65.09124202018724,1.2,1.7062116231910254
65,2018,1.2715084088245536,1.3282536369881133,1.2536844382934231,1.2353722310046826,1.171630360806661,1.2233618387922631,1.3683677557032448,1.588576636472238,1.340321869951481,1.2097167721497122,1.1525806640993703,1.111132362142311,1.106567691542354,1.0870078515433517,1.3025928814936845,2520,156.2,91.8,3.7,5.1,14.0,4.9,2.9,5.6,19.9,52.3,1.2,5.1,14.0,19.1,0.24799789618554202,0.30446853306606136,0.060271509790993806,0.38726206095740284,38.73727138418166,49.25476629990574,47.55798486491878,63.169066364654014,9.414409829353232,11.802699098776788,60.490333921546316,74.72807877087891,91.8,107.55566712205147,3.7,4.526438803531374,5.1,6.978675554086548,14.0,22.24007291061133,4.9,6.567577162762257,2.9,3.508178639234165,5.6,6.454451718956474,19.9,22.111534006631988,52.3,57.873490267665105,1.2,1.5631114577924212
65,2019,1.2417413676974902,1.2856026165728718,1.2469900890930614,1.2150166723966644,1.1534520584899106,1.2144487406441105,1.3033041068431972,1.6410953301269982,1.349927230996632,1.2127830839132063,1.1155308089218354,1.091066363147033,1.1096080220107731,1.10122323586002,1.2443248561147695,2559,133.6,88.2,3.1,5.0,12.2,5.3,3.2,6.4,21.1,57.8,1.8,5.0,12.2,17.2,0.24802600011799453,0.3005560288916553,0.059599339844238805,0.39181863114611143,33.13627361576407,41.14668172003714,40.15428545992514,51.62245445389378,7.962471803190304,9.929123423261267,52.34696912112049,63.60244023159476,88.2,101.73447155881011,3.1,3.7647910959967423,5.0,6.516520534215986,12.2,20.021363027549377,5.3,7.154614324282149,3.2,3.8809058685222606,6.4,7.139397177099747,21.1,23.021500262402398,57.8,64.13534367222269,1.8,2.239784741006585
65,2020,1.225316385554181,1.2666168164335057,1.243325095847695,1.2016749814385863,1.1416270901833228,1.2093943823717044,1.3037648522376688,1.5948211603569749,1.355961192134925,1.206030041061858,1.1112833109008704,1.0912156036083984,1.1191318854481658,1.0886063794475886,1.204566587531725,2590,156.0,106.2,3.4,5.3,12.7,6.9,3.1,8.5,18.7,58.6,1.3,5.3,12.7,18.0,0.25132977158523007,0.29340456952336286,0.057809885113978714,0.3974557737774284,39.20744436729589,48.04152401895164,45.77111284564461,57.97446123716911,9.01834207778068,11.212731028243963,62.00310070927883,74.50757489395744,106.2,121.24079697746888,3.4,4.111940900063795,5.3,6.909953716859644,12.7,20.25422873653358,6.9,9.356132225730983,3.1,3.7386931272917603,8.5,9.445908142657398,18.7,20.40573178747705,58.6,65.58112848726252,1.3,1.5659365637912426
65,2021,1.248117895159878,1.3113395994615895,1.2776120816046914,1.2211122314057454,1.156718925618907,1.210076200984323,1.2933253002593796,1.5368714660204172,1.3547557852713106,1.2244336624145633,1.1276854719636558,1.0876864565531386,1.1354606260209714,1.1159207370305857,1.2538769570373227,2589,132.0,96.4,5.0,5.4,13.3,6.5,2.9,8.4,18.4,61.4,1.2,5.4,13.3,18.700000000000003,0.24411992796900361,0.29981950867594226,0.058332297610967705,0.39772826574408643,32.22383049190848,40.219139487549505,39.576175145224376,51.89780566316025,7.699863284647737,9.837438359170331,52.50013107821941,64.10855221001863,96.4,111.50770442966264,5.0,6.050381004921615,5.4,6.98395662140065,13.3,20.44039049807155,6.5,8.805912604263519,2.9,3.5508576210022333,8.4,9.472557964494708,18.4,20.013430800577748,61.4,69.71728243768764,1.2,1.5046523484447871
65,2022,1.2438158188869914,1.3059672220793572,1.2698116145549536,1.216491499736231,1.1507131696732935,1.2137714043496863,1.2918231111032756,1.5261299677273208,1.3689323042556958,1.2196782178471763,1.118580478928193,1.0841611364065722,1.1466544749161898,1.1074884996004744,1.2104827730369798,2587,130.4,91.7,4.9,6.1,13.9,6.0,3.1,9.0,17.2,51.4,1.3,6.1,13.9,20.0,0.24673477429473525,0.29482000219983656,0.057203233854391314,0.4012419896510369,32.17421456803348,40.01879703998433,38.44452828685869,50.207293810940115,7.459301694612628,9.471907928288562,52.32195545049522,63.6492140551052,91.7,105.52039765904102,4.9,5.9474798813134635,6.1,7.880120977729981,13.9,21.21320655140976,6.0,8.213593825534176,3.1,3.781002475326247,9.0,10.067224310353737,17.2,18.647571546193042,51.4,58.938040010692156,1.3,1.5736276049480737
65,2023,1.2590586083856847,1.327360543706808,1.2984033722718344,1.2279852851676452,1.1639521091865537,1.2181286225853625,1.240952261355044,1.5670605363712466,1.3732971804976064,1.229945459754567,1.1191925912121208,1.0860382647168836,1.1617471022726569,1.1500629278302452,1.261231618652304,2598,133.5,92.9,4.1,6.9,16.6,5.2,2.9,8.6,19.6,59.4,1.3,6.9,16.6,23.5,0.23871688647086675,0.28202091100647403,0.059265476281609615,0.4199967262410497,31.86870434386071,40.12456654223609,37.64979161936428,49.97484787432739,7.911941083594884,10.27289098415567,56.06956295318014,68.85259825228614,92.9,108.13115094343084,4.1,4.994327352599986,6.9,8.562570603349805,16.6,26.013204903762695,5.2,7.141145338587553,2.9,3.566841833288244,8.6,9.625056284424238,19.6,21.28634998845092,59.4,69.00777787499581,1.3,1.6396011042479952
65,2024,1.2719286811101855,1.341162034520848,1.3136656809693397,1.2390352340233632,1.1757531429165242,1.2262546600312672,1.2467817018492802,1.5939344906318338,1.3822289452054075,1.231426255241845,1.1227461176221052,1.0858303499054665,1.17241978805148,1.1697382973445167,1.2832469816066,2623,124.3,80.6,3.62,8.04,16.29,5.5,2.8,9.6,24.1,67.7,1.6,8.04,16.29,24.33,0.23683158803793647,0.26371706070540246,0.05971736958657491,0.4397339816700862,29.4381663931155,37.443248154697585,32.78003064568153,43.963332592417984,7.422869039611261,9.751168311667156,54.65893392159171,67.72434498300693,80.6,94.76570331907185,3.62,4.439041869313187,8.04,10.024124882868211,16.29,25.965192852392573,5.5,7.602259198629741,2.8,3.4479935146771656,9.6,10.77836272917221,24.1,26.168511432721743,67.7,79.3728196510852,1.6,2.05319517057056
