Province,Year,q_daogu_coef,q_xiaomai_coef,q_doulei_coef,q_zaliang_coef,q_shucai_coef,q_zhurou_coef,q_niurou_coef,q_yangrou_coef,q_qinlei_coef,q_shuichanpin_coef,q_danlei_coef,q_nailei_coef,q_guaguo_coef,q_youliao_coef,q_tang_coef,pop,q_liangshi,q_shucai,q_zhurou,q_niurou,q_yangrou,q_qinlei,q_shuichanpin,q_danlei,q_nailei,q_guaguo,q_tang,q_niurou,q_yangrou,q_niuyangrou,稻谷占比,小麦占比,豆类占比,杂粮占比,户内消费量_daogu,户内外消费量_daogu,户内消费量_xiaomai,户内外消费量_xiaomai,户内消费量_doulei,户内外消费量_doulei,户内消费量_zaliang,户内外消费量_zaliang,户内消费量_shucai,户内外消费量_shucai,户内消费量_zhurou,户内外消费量_zhurou,户内消费量_niurou,户内外消费量_niurou,户内消费量_yangrou,户内外消费量_yangrou,户内消费量_qinlei,户内外消费量_qinlei,户内消费量_shuichanpin,户内外消费量_shuichanpin,户内消费量_danlei,户内外消费量_danlei,户内消费量_nailei,户内外消费量_nailei,户内消费量_guaguo,户内外消费量_guaguo,户内消费量_tang,户内外消费量_tang
11,2015,1.203410595087662,1.0265162693594592,1.2111863248942378,1.0858722660457043,1.2643599175252502,1.1519273303078827,1.582838757651741,1.3991541482280867,1.4272681402012828,1.1736884903751037,1.0446496116391903,1.0,1.0,1000000.0,1.0,2188,90.8,100.6,14.2,3.3,3.0,6.0,9.6,13.7,26.9,68.9,0.8,3.3,3.0,6.3,0.31733041072109186,0.25087992796165554,0.22502153478050096,0.20676812653675167,28.81360129347514,34.674593079199546,22.77989745891832,23.383935355919856,20.431955358069487,24.746904920543315,18.774545889537052,20.386758689050662,100.6,127.19460770304016,14.2,16.357368090371935,3.3,5.223367900250746,3.0,4.19746244468426,6.0,8.563608841207696,9.6,11.267409507600995,13.7,14.311699679456908,26.9,26.9,68.9,68.9,0.8,0.8
11,2016,1.380961722756589,1.0,1.3019231836989342,1.1299542999235213,1.2460891763037445,1.2985152719820143,2.103420651620868,1.5324930501997165,1.3702842942718825,1.3240176993431254,1.1685016991281088,1.0,1.0131800039980217,1000000.0,1.0,2195,83.8,95.4,13.1,2.9,3.1,5.7,8.5,12.0,23.2,63.2,1.2,2.9,3.1,6.0,0.32995339241259763,0.27294466593943334,0.18832124821657384,0.20878069343139521,27.65009428417568,38.183721837057355,22.87276300572451,22.87276300572451,15.781320600548888,20.546067159240184,17.495822109550918,19.769479423384073,95.4,118.87690741937723,13.1,17.010550062964388,2.9,6.099919889700518,3.1,4.750728455619122,5.7,7.8106204773497305,8.5,11.254150444416567,12.0,14.022020389537305,23.2,23.2,63.2,64.03297625267497,1.2,1.2
11,2017,1.1516681548204946,1.0,1.0770824990703636,1.0,1.0952483556834776,1.116757193028768,2.0000020359938127,1.162043355184808,1.392352610696411,1.2033091071867827,1.0344566351802928,1.0,1.0,1000000.0,1.0,2194,75.7,91.9,12.7,2.9,2.8,5.5,8.6,12.1,22.5,63.9,1.1,2.9,2.8,5.699999999999999,0.33411725546752247,0.27198138976456443,0.18644582000233154,0.20745553476558157,25.292676238891453,29.128769774516286,20.58899120517753,20.58899120517753,14.113948574176497,15.201887002024616,15.704383981754525,15.704383981754525,91.9,100.6533238873116,12.7,14.182816351465354,2.9,5.800005904382057,2.8,3.253721394517462,5.5,7.6579393588302604,8.6,10.348458321806332,12.1,12.516925285681543,22.5,22.5,63.9,63.9,1.1,1.1
11,2018,1.233502762489406,1.1644681928926488,1.226492267562972,1.086531217571763,1.346129599818546,1.295621788743324,1.7965880084522152,1.878561654381307,1.2880644608619924,1.122675959108776,1.1686678031047932,1.0,1.0,1000000.0,1.0,2192,91.9,106.3,16.3,3.3,2.7,5.8,8.9,14.6,26.0,74.7,1.1,3.3,2.7,6.0,0.3233929025780385,0.2876557687691816,0.1956217130862818,0.1933296155664982,29.719807746921738,36.65946495648201,26.43556514988779,30.78337477818572,17.9776354326293,22.04943084718594,17.766991670561186,19.304391092402216,106.3,143.09357646071143,16.3,21.11863515651618,3.3,5.9287404278923095,2.7,5.072116466829529,5.8,7.470773872999556,8.9,9.991816036068107,14.6,17.062549925329982,26.0,26.0,74.7,74.7,1.1,1.1
11,2019,1.0954356567784016,1.2010852064163828,1.1204553714917689,1.0,1.1763329482146008,1.146783733087846,1.587107662782148,2.785152433783665,1.1421291792272457,1.1159880356591314,1.0568682744394096,1.0,1.0,1000000.0,1.023373454264726,2190,97.3,114.9,14.6,3.6,2.6,6.5,10.1,14.5,28.9,85.5,1.1,3.6,2.6,6.2,0.36193857915723887,0.30607328493918295,0.15747670504378522,0.17451143085979293,35.21662375199934,38.57754536928926,29.7809306245825,35.76943520649865,15.322483400760301,17.168158830975347,16.97996222265785,16.97996222265785,114.9,135.16065574985763,14.6,16.743042503082552,3.6,5.713587586015733,2.6,7.2413963278375295,6.5,7.423839664977097,10.1,11.271479160157227,14.5,15.324589979371439,28.9,28.9,85.5,85.5,1.1,1.1257107996911986
11,2020,1.48353938345829,1.2553444856757168,1.4540222430969727,1.2090532737125914,1.4998653641535082,1.563888144252251,2.7957740862405447,1.5846583719550509,1.7583900511592363,1.4259811260013693,1.455157497716554,1.0,1.093449763936314,1000000.0,1.0,2189,107.2,122.7,15.3,3.9,3.1,7.9,9.5,16.9,30.1,81.9,1.2,3.9,3.1,7.0,0.3701164285520832,0.2863211891779766,0.1479240349667262,0.195638347303214,39.676481140783324,58.86162236939216,30.693631479879095,38.531081023628815,15.85745654843305,23.0570945403654,20.972430830904543,25.35678615381602,122.7,184.03348018163547,15.3,23.92748860705944,3.9,10.903518936338124,3.1,4.912440953060658,7.9,13.891281404157967,9.5,13.546820697013008,16.9,24.592161711409762,30.1,30.1,81.9,89.55353566638414,1.2,1.2
11,2021,1.0637471641942031,1.0,1.0,1.0,1.0,1.0,2.030759582588078,1.2173668323962037,1.3827710862666234,1.126991702424489,1.0,1.0,1.0,1000000.0,1.0,2189,109.9,119.0,18.5,4.0,3.4,7.6,10.0,16.2,29.8,77.2,1.1,4.0,3.4,7.4,0.40593054784913635,0.28171644691867825,0.12993429674734103,0.18241870848484432,44.61176720862009,47.45564085786156,30.96063751636274,30.96063751636274,14.27977921253278,14.27977921253278,20.04781606248439,20.04781606248439,119.0,119.0,18.5,18.5,4.0,8.123038330352312,3.4,4.139047230147092,7.6,10.509060255626338,10.0,11.26991702424489,16.2,16.2,29.8,29.8,77.2,77.2,1.1,1.1
11,2022,1.299358956904659,1.0474148455309773,1.172982597409909,1.0,1.163812026319494,1.1620795738637146,3.521785120693237,1.190687235915066,1.696776629251774,1.3818755115098065,1.1239258401624648,1.0,1.0,1000000.0,1.0,2184,94.5,109.9,17.5,3.8,2.9,6.9,9.4,16.3,22.0,62.9,0.9,3.8,2.9,6.699999999999999,0.43258087695178016,0.30095008848385724,0.09236066758333501,0.17410836698102763,40.87889287194322,53.11635560150545,28.43978336172451,29.788251296755135,8.728083086625158,10.237889569359075,16.45324067970711,16.45324067970711,109.9,127.9029416925124,17.5,20.336392542615005,3.8,13.3827834586343,2.9,3.452992984153691,6.9,11.707758741837242,9.4,12.98962980819218,16.3,18.319991194648175,22.0,22.0,62.9,62.9,0.9,0.9
11,2023,1.1107323271822347,1.067524885418885,1.0,1.0,1.0,1.0,2.122718738522716,1.3282318879273995,1.1965839780774243,1.148460197070015,1.0,1.0,1.0,1000000.0,1.0,2186,91.5,112.0,18.2,3.8,3.4,7.3,10.2,17.4,20.7,70.6,0.9,3.8,3.4,7.199999999999999,0.37759523353412205,0.29242999235011335,0.14399220636549792,0.18598256775026673,34.54996386837217,38.37576177157914,26.75734430003537,28.564130908008917,13.17528688244306,13.17528688244306,17.017404949149405,17.017404949149405,112.0,112.0,18.2,18.2,3.8,8.066331206386321,3.4,4.5159884189531585,7.3,8.735063039965198,10.2,11.714294010114152,17.4,17.4,20.7,20.7,70.6,70.6,0.9,0.9
11,2024,1.1043981611749965,1.03601333768463,1.0,1.0,1.0,1.0,2.191203135385538,1.2629440137389802,1.1778564549112118,1.1596588855736736,1.0,1.0,1.0,1000000.0,1.0,2183,86.3,103.9,15.68,4.09,3.26,6.9,9.1,15.6,17.1,65.2,0.8,4.09,3.26,7.35,0.33882484469640267,0.29766789379174746,0.16261800134642992,0.20088926016541994,29.24058409729955,32.29324730874047,25.688739234227803,26.613876474962456,14.033933516196901,14.033933516196901,17.33674315227574,17.33674315227574,103.9,103.9,15.68,15.68,4.09,8.962020823726851,3.26,4.1171974847890755,6.9,8.127209538887362,9.1,10.55289585872043,15.6,15.6,17.1,17.1,65.2,65.2,0.8,0.8
12,2015,1.0918251238791918,1.0363208149468617,1.094482430211114,1.0423422526045416,1.1094971921124692,1.075080252065027,1.349455960096486,1.2364941723739014,1.2253857907781402,1.0864631237594682,1.0293810608012572,1.0238913550898343,1.003566171079218,896720.977448357,1.0157676342551571,1439,127.4,115.1,15.8,2.6,3.0,4.9,16.6,16.8,17.1,72.7,1.3,2.6,3.0,5.6,0.21609405967236245,0.24508196714450076,0.17692963832985803,0.36189433485327877,27.530383202258978,30.05836405024803,31.223442614209397,32.35750349540405,22.540835923223913,24.670548880240087,46.10533826030772,48.057542139343504,115.1,127.7031268121452,15.8,16.986267982627428,2.6,3.5085854962508636,3.0,3.709482517121704,4.9,6.004390374812887,16.6,18.035287854407173,16.8,17.293601821461124,17.1,17.50854217203617,72.7,72.95926063745915,1.3,1.3204979245317043
12,2016,1.172233833851038,1.0161130912548124,1.1335320408757337,1.0572521857966648,1.1047678370480425,1.133406577392971,1.5688927611422074,1.3027482267049808,1.192592151473789,1.1553186133667452,1.080008844642482,1.0210369297905837,1.007963517395249,896720.4673164969,1.0205089506088596,1443,126.9,127.5,16.1,2.8,3.3,5.6,16.9,17.8,17.0,80.8,1.3,2.8,3.3,6.1,0.23396044779527975,0.23888548032121545,0.16434855392207162,0.3628055179614332,29.689580825221,34.80313115617908,30.314567452762244,30.803028844478767,20.85583149271089,23.640753236092976,46.040020229305874,48.6759120215563,127.5,140.85789922362542,16.1,18.247845896026835,2.8,4.39289973119818,3.3,4.299069148126437,5.6,6.6785160482532175,16.9,19.52488456589799,17.8,19.22415743463618,17.0,17.357627806439922,80.8,81.44345220553612,1.3,1.3266616357915175
12,2017,1.0810803626880985,1.021733131648571,1.0414358087691422,1.0072758337924703,1.0430550609110758,1.0636367512828253,1.521707097513497,1.1036828839771768,1.2209428887530929,1.1029104792884064,1.024423061211602,1.0121520891992604,1.0019290794985998,896720.4203175191,1.0037075236870625,1410,120.1,116.3,15.8,3.0,3.2,5.6,16.9,18.3,17.2,85.3,1.4,3.0,3.2,6.2,0.23052472602157095,0.21577544226500525,0.18562135872829502,0.36807847298512886,27.686019595190672,29.930812105358534,25.91463061602713,26.47783669482933,22.29312518326823,23.216858855228683,44.206224605513974,44.527861748336306,116.3,121.30730358395812,15.8,16.80546067026864,3.0,4.565121292540491,3.2,3.531785228726966,5.6,6.83728017701732,16.9,18.639187099974066,18.3,18.74694202017232,17.2,17.409015934227277,85.3,85.46455048123056,1.4,1.4051905331618875
12,2018,1.103166677859,1.0762309272576531,1.0926276746297283,1.035002607722976,1.1353626050575665,1.1255184078826133,1.4252790344568518,1.3871199225818311,1.169005431464926,1.0645607694477202,1.0712400942880285,1.0013749484081895,1.0011064637538711,896720.4191654196,1.0026118545261782,1383,118.3,116.8,16.8,2.9,2.7,5.7,16.7,17.7,18.6,86.2,1.4,2.9,2.7,5.6,0.21320920746139457,0.2238219309279707,0.19168732104202388,0.37128154056861096,25.222649242682976,27.8247861718534,26.478134428778933,28.49658716833754,22.676610079271423,24.777091739399395,43.92260624926668,45.46001200598049,116.8,132.61035227072375,16.8,18.908709252427904,2.9,4.13330919992487,2.7,3.7452237909709445,5.7,6.663330959350079,16.7,17.778164849776925,17.7,18.960949668898103,18.6,18.625574040392326,86.2,86.2953771755837,1.4,1.4036565963366494
12,2019,1.0703595581933305,1.0911004470008732,1.068519688153071,1.0068004374333113,1.076777707123294,1.0771198080519937,1.4715942240032427,1.7672204702800949,1.114903413717405,1.1011350399661255,1.0382234139728856,1.0023594788482082,1.004675623770877,934993.9019686478,1.0369856519731335,1385,105.2,114.1,15.0,2.8,2.6,6.1,17.4,18.5,17.0,90.1,1.1,2.8,2.6,5.4,0.22245733220450425,0.23966633112679064,0.14712151060277393,0.3907548260659311,23.402511347913848,25.04910170696747,25.212898034538377,27.50980431567226,15.477182915411817,16.53767466226387,41.10740770213595,41.38695605625995,114.1,122.86033638276784,15.0,16.156797120779906,2.8,4.120463827209079,2.6,4.5947732227282465,6.1,6.80091082367617,17.4,19.159749695410582,18.5,19.207133158498383,17.0,17.04011114041954,90.1,90.521273701756,1.1,1.140684217170447
12,2020,1.2191046610065532,1.120693490765441,1.202090427360472,1.0915884770102742,1.2060806409616402,1.2416192591472155,1.9908977267455008,1.2748898280399084,1.352281388361955,1.2208700066748002,1.1899860253221315,1.0050371930385718,1.0394422224854056,934993.9031088696,1.028158108336268,1387,111.1,117.2,14.1,2.9,2.7,7.0,16.8,21.5,16.8,85.8,1.2,2.9,2.7,5.6,0.2340884538641667,0.2317146260247839,0.1736938001639907,0.3605031199470586,26.00722722430892,31.705531929011528,25.74349495135349,28.850567221534845,19.297381198219366,23.197197211505454,40.05189662611821,43.72018883947731,117.2,141.35265112070425,14.1,17.506831553975736,2.9,5.773603407561952,2.7,3.442202535707753,7.0,9.465969718533685,16.8,20.510616112136642,21.5,25.584699544425828,16.8,16.884624843048005,85.8,89.1841426892478,1.2,1.2337897300035217
12,2021,1.0422900190285804,1.0138293444695017,1.0017884005236612,1.0009056433474053,1.00141458005348,1.0037419433246006,1.5854074294650855,1.106179265991147,1.191805114613001,1.071077385506079,1.00074491128492,1.0011709518435463,1.0009780342721448,817436.6350154493,1.0001100925593325,1373,107.2,116.3,17.6,2.6,2.7,6.7,17.3,20.0,17.2,85.5,1.1,2.6,2.7,5.300000000000001,0.24205730052771326,0.24146709192645335,0.16018197606663043,0.35629363147920295,25.94854261657086,27.045906977589574,25.8852722545158,26.243248601210336,17.171507834342783,17.202217367945774,38.19467729457056,38.22926804996868,116.3,116.46451566021972,17.6,17.665858202512972,2.6,4.1220593166092225,2.7,2.986684018176097,6.7,7.985094267907107,17.3,18.529638769255165,20.0,20.014898225698403,17.2,17.220140371708997,85.5,85.58362193026838,1.1,1.100121101815266
12,2022,1.140571636045019,1.0267327378149165,1.0707947572322771,1.001425809942474,1.0658327249128183,1.0658227443321668,3.2185770567618466,1.0819849736115643,1.30795931235011,1.1913166361834937,1.0496904718799156,1.0020860868017396,1.0020581858787223,817525.0990115637,1.00410708366054,1363,101.2,113.5,18.3,2.8,2.9,6.5,17.2,20.2,14.7,75.2,1.0,2.8,2.9,5.699999999999999,0.2516178831913773,0.2449597751272179,0.1344911223123131,0.3689312193690916,25.463729778967384,29.043207933805103,24.78992924287445,25.452631921774543,13.610501578006087,14.574053733030553,37.335839400152075,37.38907321117942,113.5,120.97201427760488,18.3,19.504556221278655,2.8,9.01201575893317,2.9,3.1377564234735362,6.5,8.501735530275715,17.2,20.49064614235609,20.2,21.203747531974294,14.7,14.730665475985571,75.2,75.35477557807992,1.0,1.00410708366054
12,2023,1.0573754432850018,1.0331895635877013,1.000003309027966,0.9999999999999996,1.0004314139324595,1.0008246155728333,1.7510657846107,1.128197574470743,1.0972533547315957,1.0818477933942692,0.9999999999999996,1.00048400919105,0.9999999999999996,896720.3904713246,1.0021746935517235,1364,98.1,109.3,18.3,2.9,3.1,6.6,16.7,19.9,15.2,79.7,0.9,2.9,3.1,6.0,0.25630423252758217,0.22690879150809465,0.17779450243666903,0.33899247352765416,25.143445210955807,26.586061525646553,22.259752446944084,22.998543916228424,17.441640689037232,17.441698403914046,33.25516165306287,33.255161653062856,109.3,109.34715354281782,18.3,18.315090464982852,2.9,5.07809077537103,3.1,3.4974124808593037,6.6,7.241872141228531,16.7,18.066858149684293,19.9,19.89999999999999,15.2,15.20735693970396,79.7,79.69999999999997,0.9,0.9019572241965512
12,2024,1.0498828915074827,1.015858634218957,0.9999999999999996,0.9999999999999996,1.0002965563377195,1.000629342399344,1.917165593917052,1.1027796866862676,1.0834027229254777,1.1234083571533169,0.9999999999999996,0.9999999999999996,0.9999999999999996,896720.3452011434,1.002066344932526,1364,91.9,104.6,17.3,3.48,3.31,6.6,14.9,19.6,13.8,78.1,0.9,3.48,3.31,6.79,0.25709510385604817,0.21753144412910655,0.19808808415918175,0.32728536785566364,23.62704004437083,24.80562511954713,19.991139715464893,20.308171887832515,18.204294934228805,18.2042949342288,30.07752530593549,30.077525305935477,104.6,104.63101979292546,17.3,17.310887623508652,3.48,6.671736266831341,3.31,3.650200762931546,6.6,7.150457971308152,14.9,16.73878452158442,19.6,19.599999999999994,13.8,13.799999999999995,78.1,78.09999999999997,0.9,0.9018597104392734
13,2015,1.0607529859355949,1.0441586562520997,1.0618022747056963,1.0309404307323091,1.0643888221379794,1.0551191702332674,1.2743964574887654,1.206416290869375,1.1667231577121897,1.0634500536871678,1.0269883061134837,1.035488008922465,1.0052200108340013,904397.827817179,1.0233347812720277,7345,131.5,88.2,12.4,1.2,1.3,4.0,5.3,12.5,13.9,53.8,1.1,1.2,1.3,2.5,0.20599867278537906,0.3153159117934754,0.13508532294420375,0.3436000924769418,27.088825471277346,28.734552504145643,41.46404240084202,43.295038796043286,17.763719967162793,18.86155826836845,45.18341216071784,46.58140639492591,88.2,93.87909411256979,12.4,13.083477710892517,1.2,1.5292757489865185,1.3,1.5683411781301875,4.0,4.666892630848759,5.3,5.636285284541989,12.5,12.837353826418546,13.9,14.393283324022264,53.8,54.08083658286927,1.1,1.1256682593992307
13,2016,1.1088202995983192,1.0237882683291746,1.0833496932344584,1.0366337746994536,1.0630490178772372,1.0852827524020623,1.4030879036212704,1.250013140209505,1.140192359100484,1.1041015255621252,1.0528735428451277,1.02692097683464,1.0068157074297583,904397.3156143113,1.0295176268114463,7375,130.6,94.4,12.1,1.4,1.5,4.4,6.0,13.3,15.2,59.3,1.2,1.4,1.5,2.9,0.22637541016743035,0.30210350497547617,0.13131517797363804,0.34020590688345553,29.564628567866404,32.781860306134654,39.45471774979718,40.393277162481205,17.149762243357127,18.579189665384842,44.43089143897929,46.058562705650736,94.4,100.3518272876112,12.1,13.131921304064953,1.4,1.9643230650697785,1.5,1.8750197103142574,4.4,5.01684638004213,6.0,6.6246091533727505,13.3,14.003218119840199,15.2,15.609198847886526,59.3,59.70417145058467,1.2,1.2354211521737355
13,2017,1.0605675241187127,1.0321765996456531,1.0324557949426434,1.0107364736687194,1.0285012602425934,1.0511667095840287,1.3774318998100403,1.092848178911575,1.175474578310049,1.0729367814226334,1.0231596562723446,1.0179511866394662,1.002758837888263,904397.2682037496,1.0054865824450694,7409,124.8,87.4,12.3,1.4,1.4,4.1,5.7,14.0,14.4,60.8,1.1,1.4,1.4,2.8,0.24338287736392916,0.28434901092062226,0.12988137511763892,0.34238673659780966,30.37418309501836,32.21387216221208,35.48675656289366,36.628599721540645,16.209195614681338,16.73527794373663,42.72986472740664,43.18863279492039,87.4,89.89101014520267,12.3,12.929350527883553,1.4,1.9284046597340563,1.4,1.5299874504762048,4.1,4.819445771071201,5.7,6.11573965410901,14.0,14.324235187812825,14.4,14.658497087608312,60.8,60.96773734360639,1.1,1.1060352406895764
13,2018,1.0637088970139656,1.0521825869396486,1.0529114674424385,1.0198198241337475,1.0724320400814629,1.0766764901364207,1.3081263563551138,1.2481441906503583,1.1363754246927786,1.045709986527852,1.0428590600525909,1.0019853631261637,1.0015730518661157,904397.2695758594,1.0038672620899771,7426,130.8,95.5,15.8,1.5,1.4,4.9,5.9,13.7,14.4,66.8,1.1,1.5,1.4,2.9,0.24823183656846465,0.27649433953244607,0.14401372262731163,0.33126010127177763,32.46872422315518,34.53727083086302,36.165459610843946,38.05266685119916,18.836994919652362,19.833687963056928,43.32882124634852,44.18759086337373,95.5,102.4172598277797,15.8,17.011488544155448,1.5,1.9621895345326705,1.4,1.7474018669105016,4.9,5.568239580994616,5.9,6.169688920514328,13.7,14.287169122720494,14.4,14.428589229016758,66.8,66.90507986465653,1.1,1.104253988298975
13,2019,1.0587781216327676,1.0579581025635516,1.0504726626732928,1.0085807840984815,1.046656376768557,1.0546597594419207,1.416411058255293,1.4702029943998172,1.1015253101826574,1.0868921506101372,1.0296535916141485,1.0033809705668146,1.0059602890003905,942914.8228040092,1.0447995130695185,7447,143.9,97.7,13.7,1.5,1.3,5.4,7.4,15.7,14.5,76.2,1.2,1.5,1.3,2.8,0.2586813901323633,0.2819463562965746,0.1215914468634165,0.3377808067076456,37.22425204004708,39.41222365414576,40.57208067107709,42.92356148382807,17.497009203645636,18.38012984697274,48.6066580852302,49.02374132400827,97.7,102.25832801028803,13.7,14.448838704354312,1.5,2.1246165873829392,1.3,1.9112638927197623,5.4,5.948236674986351,7.4,8.043001914515015,15.7,16.16556138834213,14.5,14.549024073218812,76.2,76.65417402182976,1.2,1.2537594156834222
13,2020,1.1369940919786277,1.0793849464567855,1.1236986722405824,1.0555909660583327,1.1173440342025178,1.1436908181530665,1.7291561478676354,1.1848759699595828,1.228578732565249,1.1504585895602306,1.1093167950930618,1.0071613425036172,1.0236654909296816,942914.8238052962,1.0403996292215256,7464,161.8,108.3,12.9,1.7,1.6,7.2,7.6,18.7,16.5,79.1,1.3,1.7,1.6,3.3,0.28413674371137027,0.26041520918463584,0.13310848390695362,0.32233956319704027,45.97332513249971,52.27139906426473,42.135180846074086,45.48007992148665,21.536952696145097,24.201045148766475,52.154541325281116,55.053862661882725,108.3,121.00835890413268,12.9,14.753611554174558,1.7,2.93956545137498,1.6,1.8958015519353326,7.2,8.845766874469794,7.6,8.743485280657753,18.7,20.744224068240253,16.5,16.618162151309683,79.1,80.97194033253781,1.3,1.3525195179879834
13,2021,1.033877054414828,1.0172181849722222,1.0022384671370386,1.0012875468832003,1.0020110986782091,1.0054261907550233,1.4430411266066578,1.0726849116542565,1.1397432979804392,1.0523980104798616,1.0010590352216553,1.0016647341371807,1.0013904645602172,736924.5365615312,1.0001565178301577,7448,173.8,123.7,20.0,1.5,1.6,8.1,8.4,20.2,17.6,86.5,1.5,1.5,1.6,3.1,0.27183688760523816,0.27092300630528143,0.12745766762267202,0.3297824384668084,47.2452510657904,48.84578100698839,47.08641849585791,47.89716115919906,22.1521426328204,22.20172947611896,57.3161878055313,57.38998508449723,123.7,123.94877290649447,20.0,20.108523815100465,1.5,2.164561689909987,1.6,1.7162958586468104,8.1,9.231920713641557,8.4,8.840143288030838,20.2,20.221392511477436,17.6,17.629299320814383,86.5,86.62027518445879,1.5,1.5002347767452364
13,2022,1.0904270583540108,1.0203663585226643,1.0401371350118869,1.0020270641337214,1.0367824011767242,1.0373690424177058,2.969800871094982,1.050762290002598,1.1935855294822062,1.1294052790600315,1.0276649323762153,1.00296577517779,1.002926108628511,737111.0095692324,1.0058390124338925,7420,181.4,137.8,21.6,1.5,1.6,8.1,8.8,22.1,15.8,77.3,1.6,1.5,1.6,3.1,0.2877132391864871,0.2647528827437556,0.1261241248184783,0.321409753251279,52.19118158842876,56.91067661149038,48.02617292971726,49.00429118607536,22.878916242071963,23.797210392205656,58.303729239782015,58.42191463818618,137.8,142.8686148821526,21.6,22.407171316222446,1.5,4.454701306642473,1.6,1.6812196640041568,8.1,9.66804278880587,8.8,9.938766455728278,22.1,22.71139500551436,15.8,15.846859247809084,77.3,77.5261881969839,1.6,1.609342419894228
13,2023,1.0395764289151477,1.0225040336312254,1.0000047044221727,1.0,1.0006133382039404,1.0011723502565135,1.6094929849180706,1.0684408404263612,1.0683065521929231,1.058803590029489,1.0,1.0006881125193074,1.0,904397.2391858412,1.0030917467814011,7393,171.4,139.7,24.5,2.0,2.3,9.1,10.2,23.4,17.8,81.0,1.5,2.0,2.3,4.3,0.3008339056938364,0.2588603723071149,0.1396921840459417,0.300613537953107,51.56293143592356,53.60360812655402,44.368667813439494,45.367141806085804,23.943240345474408,23.943352984585175,51.525160405162545,51.525160405162545,139.7,139.78568334709047,24.5,24.52872258128458,2.0,3.218985969836141,2.3,2.457413932980631,9.1,9.7215896249556,10.2,10.799796618300787,23.4,23.4,17.8,17.81224840284367,81.0,81.0,1.5,1.5046376201721017
13,2024,1.0323704988681646,1.010056351398542,1.0,1.0,1.0004216120942293,1.000894731736354,1.7871200851513402,1.05496584164577,1.0571174309690463,1.1040791059126591,1.0,1.0,1.0,904397.1926659036,1.0029377082988722,7378,147.3,119.6,19.55,2.76,2.42,8.5,8.8,19.6,15.5,79.0,1.2,2.76,2.42,5.18,0.31145116420342134,0.24807376729091574,0.14862285855522034,0.29185220995044264,45.876756487163966,47.36180998110677,36.54126592195189,36.90873773261061,21.89214706518396,21.89214706518396,42.98983052570021,42.98983052570021,119.6,119.65042480646981,19.55,19.567492005445718,2.76,4.932451435017699,2.42,2.553017336782763,8.5,8.985498163236894,8.8,9.715896132031402,19.6,19.6,15.5,15.5,79.0,79.0,1.2,1.2035252499586466
14,2015,1.0545583858289225,1.052201266220731,1.0550615572558226,1.0296750711845444,1.0527084399279432,1.0528511679631465,1.2670636486398976,1.2114177259904624,1.159272114438031,1.061936190016365,1.0291070059694245,1.0442226912161363,1.0065913988422983,900502.7180662018,1.029220924694506,3519,131.6,76.0,9.5,0.6,1.2,2.1,3.0,10.3,14.7,46.9,0.9,0.6,1.2,1.7999999999999998,0.3102881353708343,0.16739821837570454,0.10328026196107132,0.41903338429238995,40.83391861480179,43.061751301494965,22.029605538242716,23.179578841682215,13.591682474076984,14.340061676826336,55.14479337287852,56.781219041675676,76.0,80.00584143452367,9.5,10.002086095649892,0.6,0.7602381891839386,1.2,1.4537012711885549,2.1,2.434471440319865,3.0,3.1858085700490952,10.3,10.599802161485073,14.7,15.350073560877203,46.9,47.20913660570379,0.9,0.9262988322250555
14,2016,1.0927485320649548,1.0297871565603345,1.0707823692958671,1.032229288207862,1.0523038212951192,1.0741516124043342,1.3680654564074517,1.2494673263343865,1.1328956267621884,1.0933323758556384,1.0470046221553608,1.0322478308680187,1.007221630561823,900502.165459408,1.03667331371586,3514,134.6,78.4,9.0,0.7,1.5,2.1,2.2,10.0,14.1,47.2,0.9,0.7,1.5,2.2,0.33175142934549934,0.16331407210120832,0.09844629585953853,0.4064882026937539,44.65374238990421,48.79531144777447,21.98207410482264,22.636857587703865,13.250871422693885,14.188799497227055,54.71331208257927,56.47668318649542,78.4,82.50061958953735,9.0,9.667364511639008,0.7,0.9576458194852161,1.5,1.8742009895015799,2.1,2.3790808162005956,2.2,2.4053312268824047,10.0,10.47004622155361,14.1,14.554694415239064,47.2,47.540860962518046,0.9,0.9330059823442739
14,2017,1.0575947888927602,1.040474734301902,1.0322865088283502,1.0134701415715837,1.0256465774632832,1.0516917621075017,1.3494287054219254,1.097720759152537,1.1747341673161351,1.0678651855228225,1.025589760333001,1.0224535860746236,1.0035270177126976,900502.1142095429,1.006885449875957,3510,135.7,77.4,9.4,0.8,1.3,2.3,2.4,10.9,15.0,51.2,1.0,0.8,1.3,2.1,0.34566305647878426,0.15490721789414671,0.09387002888578401,0.40555969674128506,46.90647676417102,49.60804539110661,21.020909468235708,21.871725193746887,12.738162919800889,13.149433729368003,55.03445084779238,55.77577269202651,77.4,79.38504509565813,9.4,9.885902563810516,0.8,1.0795429643375403,1.3,1.4270369868982982,2.3,2.7018885848271106,2.4,2.562876445254774,10.9,11.178928387629712,15.0,15.336803791119353,51.2,51.38058330689012,1.0,1.006885449875957
14,2018,1.0532840152364271,1.0477407015187867,1.042034587464681,1.0156904733783243,1.0541434894082713,1.064598104516786,1.2827281503214027,1.2152833112753345,1.1354590683364083,1.0413792403256743,1.0356291434748846,1.0025251637227317,1.0020174492905116,900502.1168288188,1.004853737696627,3502,137.6,83.7,10.8,0.7,1.1,2.4,2.6,11.3,15.7,55.9,1.0,0.7,1.1,1.8,0.3590191497279729,0.1492802106579418,0.1052409616015498,0.3864596780125354,49.40103500256907,52.033320504341226,20.54095698653279,21.52159668293709,14.481156316373253,15.089865748143563,53.17685169452487,54.01122167038091,83.7,88.23181006347231,10.8,11.49765952878129,0.7,0.8979097052249818,1.1,1.336811642402868,2.4,2.72510176400738,2.6,2.707586024846753,11.3,11.702609321266197,15.7,15.739645070446887,55.9,56.0127754153396,1.0,1.004853737696627
14,2019,1.0578049611580322,1.0501285748531273,1.04735647366379,1.0104324321004592,1.0389228959028394,1.0506457531266369,1.4170493419094767,1.3939628847971033,1.1054676644601782,1.0869301098283004,1.0289163855504753,1.0043178576559502,1.0073068547311874,942097.9802329972,1.0544195099903868,3497,139.4,93.6,10.2,0.7,1.1,2.9,3.0,13.4,16.8,62.4,1.0,0.7,1.1,1.8,0.26821429788769685,0.17966477980466944,0.10090952244438822,0.4512113998632455,37.38907312554494,39.55034704530189,25.04527030477092,26.300754011960436,14.066787428747718,14.732940877151341,62.89886914093643,63.55505732244492,93.6,97.24318305650576,10.2,10.716586681891695,0.7,0.9919345393366337,1.1,1.5333591732768137,2.9,3.2058562269345168,3.0,3.260790329484901,13.4,13.78747956637637,16.8,16.872540008619964,62.4,62.855947735226096,1.0,1.0544195099903868
14,2020,1.1149720636602116,1.0697372034716586,1.1033003253070264,1.0468091359643612,1.0927086922414455,1.1180410756885728,1.6744780714338718,1.1680309297423648,1.2005727274021112,1.134129743000956,1.0871355942096916,1.0091844685253175,1.019894317077291,942097.9812486118,1.0515178472609352,3490,159.3,98.9,9.7,0.8,1.3,4.1,3.1,16.3,17.9,63.0,1.1,0.8,1.3,2.1,0.29257316991673094,0.17409016021780233,0.11049243572110913,0.4228442341443576,46.606905967735244,51.9653981276632,27.73256252269591,29.666553878131648,17.601445010372686,19.41968000581792,67.35908649919618,70.51210713757222,98.9,108.06888966267897,9.7,10.844998434179155,0.8,1.3395824571470976,1.3,1.5184402086650743,4.1,4.922348182348656,3.1,3.5158022033029637,16.3,17.720310185617976,17.9,18.064401986603183,63.0,64.25334197586933,1.1,1.1566696319870289
14,2021,1.0323420714813856,1.0195947891473376,1.0025789547639254,1.001651287285541,1.0025792471875197,1.0068859282214515,1.4158015051287685,1.0655775303674306,1.1329608221099368,1.0485886972520395,1.0013582195874005,1.0021350324018483,1.0017832798783797,692443.4586641539,1.0002007351392574,3480,154.9,108.2,12.7,0.8,1.5,4.0,2.9,17.1,19.2,70.2,1.1,0.8,1.5,2.3,0.27394496884956676,0.17583632551381662,0.10913975231420772,0.44107895332240893,42.434075674797896,43.80648158351873,27.237046822090196,27.770751011565213,16.905747633470778,16.94934679186784,68.32312986964115,68.43595098530325,108.2,108.47907454568963,12.7,12.787451288412434,0.8,1.1326412041030147,1.5,1.598366295551146,4.0,4.531843288439747,2.9,3.0409072220309143,17.1,17.12322555494455,19.2,19.24099262211549,70.2,70.32518624746226,1.1,1.1002208086531833
14,2022,1.0770981359776512,1.0196668303837528,1.0316212664891722,1.0025997229884709,1.0288434528034025,1.0297896817662568,2.9404040172320545,1.0437148287108404,1.1663757487862831,1.113499717200462,1.0216124222289111,1.0038036260323848,1.003752753423907,692675.0643895194,1.0074885715759212,3481,133.4,98.5,14.6,0.8,1.3,3.7,3.1,16.5,17.3,57.3,1.1,0.8,1.3,2.1,0.3973018094907829,0.14771208049010331,0.09786685112311563,0.35711925889599816,53.00006138607044,57.086267325637564,19.704791537379784,20.09232233029264,13.055437939823626,13.468267422051639,47.639709136726154,47.763559183732966,98.5,101.34108010113515,14.6,15.03492935378735,0.8,2.3523232137856436,1.3,1.3568292773240926,3.7,4.315590270509248,3.1,3.451849123321432,16.5,16.856604966777034,17.3,17.365802730360258,57.3,57.51503277118987,1.1,1.1082374287335135
14,2023,1.0349194834327216,1.0200932519175516,1.000006033452157,1.0,1.0007866102517258,1.001503546859567,1.584398614208233,1.0510356033647612,1.063814905453343,1.0529756261667946,1.0,1.0008825087994695,1.0,900502.0833302287,1.0039651854366258,3466,113.6,88.6,14.3,1.0,1.4,4.0,3.6,15.0,16.3,59.4,0.9,1.0,1.4,2.4,0.29807326175645316,0.17379371941298752,0.12483504315350233,0.403297975677057,33.86112253553308,35.04353544292598,19.74296652531538,20.139666925308333,14.181260902237863,14.181346464197043,45.814650036913676,45.814650036913676,88.6,88.6696936683029,14.3,14.321500720091809,1.0,1.584398614208233,1.4,1.4714498447106656,4.0,4.255259621813372,3.6,3.7907122542004608,15.0,15.0,16.3,16.314384893431352,59.4,59.4,0.9,0.9035686668929632
14,2024,1.0275859336509132,1.0088675205431077,1.0,1.0,1.0005407202640266,1.00114749929458,1.770821454777023,1.041046322049587,1.0533672181734035,1.1002597459767414,1.0,1.0,1.0,900502.0326605951,1.0037676300768923,3446,116.8,88.1,13.02,1.23,1.45,4.0,3.5,15.1,16.2,62.4,0.8,1.23,1.45,2.6799999999999997,0.3082299057919581,0.1702631792149268,0.1330006942404029,0.3885062207527121,36.0012529965007,36.99438117301191,19.886739332303453,20.063085401868083,15.534481087279058,15.534481087279058,45.37752658391677,45.37752658391677,88.1,88.14763745526074,13.02,13.03494044081543,1.23,2.178110389375738,1.45,1.509517166971901,4.0,4.213468872693614,3.5,3.850909110918595,15.1,15.1,16.2,16.2,62.4,62.4,0.8,0.8030141040615139
15,2015,1.0618390154747408,1.0531249679270136,1.0626402204511871,1.032809569726707,1.06194472575705,1.058124006150153,1.2999812165050375,1.2152506484040306,1.178766677636542,1.0702998398218893,1.03104063249567,1.0442943495897872,1.0068612900742788,867205.6922874181,1.0295307178403832,2440,156.5,90.0,16.9,3.8,8.6,5.1,4.9,9.3,21.9,51.8,1.3,3.8,8.6,12.399999999999999,0.2185394071790056,0.1715121343122062,0.1180204498831607,0.4919280086256274,34.201417223514376,36.31639919245735,26.84164901986027,28.267610763148504,18.47020040671465,19.62717783196886,76.9867333499107,79.51263494578599,90.0,95.57502531813451,16.9,17.882295703937583,3.8,4.939928622719142,8.6,10.451155576274664,5.1,6.011710055946364,4.9,5.244469215127258,9.3,9.588677882209732,21.9,22.870046256016337,51.8,52.15541482584764,1.3,1.3383899331924982
15,2016,1.108296941520841,1.030365985239208,1.0824857645283146,1.037144360906778,1.0613955824628745,1.085616774532118,1.4202136914622752,1.2608922097251816,1.1520928170237368,1.1089341886222055,1.0554168356292053,1.0362875983468864,1.0080969256270995,867204.937432131,1.0378905878716131,2436,156.1,99.8,16.5,4.3,9.9,5.9,5.2,9.3,22.7,55.3,1.5,4.3,9.9,14.2,0.23463631327400605,0.18208046455734814,0.11157682458964693,0.4717063975789989,36.626728502072346,40.593291176761,28.422760517402043,29.285845643731015,17.417142318443886,18.853808618479192,73.63336866208172,76.36843308244792,99.8,105.92727912979487,16.5,17.912676779779947,4.3,6.106918873287783,9.9,12.482832876279298,5.9,6.797347620440047,5.2,5.766457780835469,9.3,9.81537657135161,22.7,23.523728482474322,55.3,55.7477599871786,1.5,1.5568358818074197
15,2017,1.0643347149399394,1.0414510176690277,1.0354455194455203,1.0137250891391958,1.0291639491001674,1.0560141551044904,1.394088783887654,1.1032775435592472,1.1933735691387368,1.0780940310412934,1.0278929612702017,1.022861133631867,1.0039160425878904,867204.8673403076,1.0069450424013136,2433,152.3,87.5,17.0,4.3,8.9,5.3,4.9,9.1,22.7,56.2,1.5,4.3,8.9,13.2,0.24735823462663856,0.18779285032957316,0.11050083827624173,0.4543480767675466,37.672659133637055,40.0963189200291,28.600851105193993,29.78638548970462,16.829277669471615,17.425800158358932,69.19721209169735,70.14694999583973,87.5,90.05184554626464,17.0,17.952240636776338,4.3,5.994581770716912,8.9,9.8191701376773,5.3,6.324879916435305,4.9,5.2826607521023385,9.1,9.353825947558835,22.7,23.21894773344338,56.2,56.42008159343944,1.5,1.5104175636019703
15,2018,1.0623023286467497,1.053328360634544,1.0501699616137803,1.0187543070673717,1.066205379960986,1.0746226148922773,1.318443520134831,1.2432235658997042,1.1488350617241858,1.047366848951263,1.0416890109856334,1.002731234253378,1.0022755647840245,867204.871892133,1.0048860331009295,2422,153.0,94.0,20.0,3.3,7.5,5.6,5.2,9.2,22.2,58.0,1.4,3.3,7.5,10.8,0.2457494124488725,0.1886123887138885,0.1187920028111908,0.4468461960260481,37.59966010467749,39.94220648552519,28.85769547322494,30.39662906450293,18.17517643011219,19.087024333934604,68.36746799198535,69.64965248012575,94.0,100.22330571633269,20.0,21.492452297845546,3.3,4.350863616444942,7.5,9.324176744247781,5.6,6.43347634565544,5.2,5.446307614546568,9.2,9.583538901067826,22.2,22.260633400424993,58.0,58.131982757473416,1.4,1.4068404463413011
15,2019,1.0663932634148754,1.0592563309723164,1.0559421236495,1.012341945731421,1.046463059048392,1.059831340773841,1.462023640263573,1.455909921741945,1.1232095862226097,1.104130767153254,1.0359703986047175,1.0047689326359612,1.0086711413454932,924058.5563107964,1.0599632093652969,2415,169.8,100.3,19.5,3.5,6.4,6.5,6.7,11.0,24.0,69.1,1.3,3.5,6.4,9.9,0.25261698015726297,0.19681534330460015,0.10189151195639083,0.4486761645817461,42.894363230703256,45.742259987692684,33.41924529312111,35.39954715305532,17.301178730195165,18.269043410001842,76.1852127459805,77.12548650722815,100.3,104.96024482255372,19.5,20.6667111450899,3.5,5.1170827409225055,6.4,9.317823499148448,6.5,7.300862310446963,6.7,7.397676139926802,11.0,11.395674384651892,24.0,24.11445438326307,69.1,69.69917586697358,1.3,1.377952172174886
15,2020,1.1352569173369993,1.0816957860343668,1.124403596362746,1.057142906594712,1.11223898905982,1.1421765302571194,1.7649425906310696,1.1951456764720492,1.2367195435547078,1.161423237772735,1.1056603738814683,1.010359543228416,1.0238557540504272,924058.5576428268,1.0567502095726191,2403,173.1,100.9,18.3,3.9,6.4,8.0,6.5,14.3,24.8,67.3,1.3,3.9,6.4,10.3,0.27575997630703514,0.20185502237778075,0.10464118281195163,0.4177438185032325,47.73405189874778,54.19041261057674,34.941104373593845,37.795645360303446,18.113388744748825,20.366759446912063,72.31145498290954,76.44354170072566,100.9,112.22491399613585,18.3,20.901830503705288,3.9,6.883276103461172,6.4,7.648932329421115,8.0,9.893756348437662,6.5,7.549251045522777,14.3,15.810943346504997,24.8,25.05691667206472,67.3,68.90549224759374,1.3,1.373775272444405
15,2021,1.0365009301567567,1.0211931834772814,1.002839465427175,1.0018625554619671,1.002909239948096,1.0073606023034165,1.4643670401799431,1.0751651001741218,1.1487733554851856,1.0556066779685216,1.0015319922421826,1.0024081916552985,1.0020114353854566,726212.1285610318,1.0002264174945854,2400,158.7,105.1,26.8,4.1,7.1,7.4,6.4,13.7,23.8,67.5,1.3,4.1,7.1,11.2,0.2676169651633192,0.1986589522175352,0.1044590109950457,0.4292650716240999,42.47081237141875,44.021036527488626,31.527175716922837,32.195336936412076,16.57764504491375,16.624716694882764,68.12436686674465,68.25125227834536,105.1,105.4057611185449,26.8,26.997264141731563,4.1,6.003904864737766,7.1,7.633672211236265,7.4,8.500922830590374,6.4,6.7558827389985385,13.7,13.7209882937179,23.8,23.857314961396106,67.5,67.63577188851832,1.3,1.3002943427429612
15,2022,1.0902192712956815,1.022628542599937,1.0381697040362814,1.002932335453786,1.0350161181674933,1.036057155678466,3.1439782084108536,1.0512324999209255,1.1945003170452848,1.1314573987083587,1.026255270395723,1.0042902676620429,1.0042328863355987,726369.343616639,1.0084466706751725,2401,153.2,92.6,24.9,4.0,6.6,6.8,6.6,14.2,20.9,57.8,1.2,4.0,6.6,10.6,0.2834477201056528,0.2072812045448359,0.0997448180462052,0.4095262573033061,43.424190720186004,47.34188956356588,31.755480536268855,32.474060780365285,15.280906124678637,15.86417378886382,62.73942261886649,62.92339565216186,92.6,95.84249254230987,24.9,25.7978231763938,4.0,12.575912833643415,6.6,6.938134499478108,6.8,8.122602155907936,6.6,7.467618831475167,14.2,14.572824839619267,20.9,20.989666594136693,57.8,58.0446608301976,1.2,1.210136004810207
15,2023,1.040245122525402,1.0233988285809457,1.0000068053810915,1.0,1.0008872503492396,1.0016959129039094,1.650769331605042,1.0624738194432193,1.074187364586753,1.060616618917929,1.0,1.0009954183012724,1.0,867204.8255251294,1.0044724972192107,2396,168.6,122.4,27.4,4.3,7.4,8.3,8.0,16.5,25.4,77.6,1.4,4.3,7.4,11.7,0.2971487957594553,0.2126831216096333,0.1102852271482417,0.3798828554826697,50.099286965044165,52.11553890738764,35.858374303384174,36.69741825690045,18.59408929719355,18.594215837057266,64.0482494343781,64.0482494343781,122.4,122.50859944274694,27.4,27.446468013567117,4.3,7.0983081259016805,7.4,7.862306263879823,8.3,8.915755126070051,8.0,8.484932951343431,16.5,16.5,25.4,25.425283624852316,77.6,77.6,1.4,1.4062614961068949
15,2024,1.0321626517597042,1.0105477868770143,1.0,1.0,1.0006099008270566,1.0012943120784843,1.8537813417347504,1.0501445123430528,1.0623295425850248,1.1118530132391755,1.0,1.0,1.0,867204.7559003977,1.0042496663299196,2388,164.8,116.4,25.46,6.14,8.45,9.2,8.0,16.9,29.3,80.3,1.5,6.14,8.45,14.59,0.30241920994883403,0.21915593903634173,0.11563349380841402,0.36279135720641026,49.838685799567855,51.44163009510067,36.11689875318912,36.49785210389646,19.05639977962663,19.05639977962663,59.78801566761641,59.78801566761641,116.4,116.47099245626939,25.46,25.49295318551821,6.14,11.382217438251367,8.45,8.873721129298795,9.2,9.773431791782228,8.0,8.894824105913404,16.9,16.9,29.3,29.3,80.3,80.3,1.5,1.5063744994948793
21,2015,1.0,1.0,1.0,1.0,1.0,1.0,1.3440454020637964,1.0,1.1239673846230755,1.0,1.0,1.0,1.0,1.4520934622605297,1.0,4338,135.8,123.3,18.1,2.1,1.3,4.7,13.9,12.3,14.4,60.5,1.3,2.1,1.3,3.4000000000000004,0.3636159227843043,0.2348932772452351,0.2069210743007877,0.1945697256696728,49.37904231410853,49.37904231410853,31.89850704990293,31.89850704990293,28.099881890046973,28.099881890046973,26.422568745941568,26.422568745941568,123.3,123.3,18.1,18.1,2.1,2.8224953443339724,1.3,1.3,4.7,5.282646707728455,13.9,13.9,12.3,12.3,14.4,14.4,60.5,60.5,1.3,1.3
21,2016,1.0,1.0,1.0,1.0,1.0,1.0,1.0326311410128708,1.0,1.0,1.0,1.0,1.0,1.0,1.310276639303018,1.0,4327,134.7,119.3,18.3,2.6,1.8,5.3,14.8,13.3,14.8,65.7,1.3,2.6,1.8,4.4,0.4039434574492905,0.20816542169143887,0.20106337174195935,0.18682774911731131,54.41118371841942,54.41118371841942,28.039882301836812,28.039882301836812,27.08323617364192,27.08323617364192,25.165697806101832,25.165697806101832,119.3,119.3,18.3,18.3,2.6,2.6848409666334643,1.8,1.8,5.3,5.3,14.8,14.8,13.3,13.3,14.8,14.8,65.7,65.7,1.3,1.3
21,2017,1.0,1.0,1.0,1.0,1.0,1.0,1.0,1.0,1.0,1.0,1.0,1.0,1.0,1.3236976752462026,1.0,4312,128.6,113.8,18.5,2.6,1.5,5.2,14.5,13.6,15.0,65.1,1.3,2.6,1.5,4.1,0.3902707484916939,0.22706207169227816,0.19605968973622995,0.18660749007979813,50.18881825603184,50.18881825603184,29.20018241962697,29.20018241962697,25.21327610007917,25.21327610007917,23.99772322426204,23.99772322426204,113.8,113.8,18.5,18.5,2.6,2.6,1.5,1.5,5.2,5.2,14.5,14.5,13.6,13.6,15.0,15.0,65.1,65.1,1.3,1.3
21,2018,1.0,1.0,1.0,1.0,1.0,1.0,1.0307029935707943,1.0,1.0,1.0,1.0,1.0,1.0,1.0199889547344756,1.0,4291,127.8,107.7,19.0,2.6,1.3,5.1,13.7,12.1,14.9,61.8,1.2,2.6,1.3,3.9000000000000004,0.33062947882707483,0.24173898810945876,0.21465565379237556,0.21297587927109085,42.25444739410016,42.25444739410016,30.894242680388828,30.894242680388828,27.432992554665596,27.432992554665596,27.21831737084541,27.21831737084541,107.7,107.7,19.0,19.0,2.6,2.679827783284065,1.3,1.3,5.1,5.1,13.7,13.7,12.1,12.1,14.9,14.9,61.8,61.8,1.2,1.2
21,2019,1.0,1.0,1.0,1.0,1.0,1.0,1.0,1.0,1.0,1.0,1.0,1.0,1.0,1.0340208245608098,1.0,4277,127.9,110.3,17.9,2.7,1.1,5.6,15.4,13.1,16.0,67.4,1.2,2.7,1.1,3.8000000000000003,0.30963606112518743,0.2504184053380711,0.21295474894953687,0.22699078458720465,39.60245221791148,39.60245221791148,32.028514042739296,32.028514042739296,27.236912390645767,27.236912390645767,29.032121348703477,29.032121348703477,110.3,110.3,17.9,17.9,2.7,2.7,1.1,1.1,5.6,5.6,15.4,15.4,13.1,13.1,16.0,16.0,67.4,67.4,1.2,1.2
21,2020,1.0,1.0,1.0,1.0,1.0,1.0,1.0,1.0,1.0,1.0,1.0,1.0,1.0,1.0515610362970909,1.0,4255,145.9,117.1,16.5,3.1,1.4,7.1,15.1,16.6,17.7,69.6,1.2,3.1,1.4,4.5,0.29426278617313534,0.25232540023412503,0.21375658443404882,0.23965522915869092,42.93294050266045,42.93294050266045,36.81427589415885,36.81427589415885,31.187085668927725,31.187085668927725,34.96569793425301,34.96569793425301,117.1,117.1,16.5,16.5,3.1,3.1,1.4,1.4,7.1,7.1,15.1,15.1,16.6,16.6,17.7,17.7,69.6,69.6,1.2,1.2
21,2021,1.0,1.0,1.0,1.0,1.0,1.0,1.0,1.0,1.0,1.0,1.0,1.0,1.0,1.1114061136888858,1.0,4229,161.3,128.1,26.3,3.8,1.6,7.5,17.1,17.5,19.3,78.7,1.1,3.8,1.6,5.4,0.25017979021047815,0.25017979021047815,0.24946062936856556,0.25017979021047815,40.35400016095013,40.35400016095013,40.35400016095013,40.35400016095013,40.237999517149625,40.237999517149625,40.35400016095013,40.35400016095013,128.1,128.1,26.3,26.3,3.8,3.8,1.6,1.6,7.5,7.5,17.1,17.1,17.5,17.5,19.3,19.3,78.7,78.7,1.1,1.1
21,2022,1.0,1.0,1.0,1.0,1.0,1.0,1.0,1.0,1.0,1.0,1.0,1.0,1.0,1.085261428509407,1.0,4197,149.3,119.2,27.5,3.8,1.5,6.8,17.0,18.7,15.6,68.7,1.1,3.8,1.5,5.3,0.25,0.25,0.25,0.25,37.325,37.325,37.325,37.325,37.325,37.325,37.325,37.325,119.2,119.2,27.5,27.5,3.8,3.8,1.5,1.5,6.8,6.8,17.0,17.0,18.7,18.7,15.6,15.6,68.7,68.7,1.1,1.1
21,2023,1.0,1.0,1.0,1.0,1.0,1.0,1.0,1.0,1.0,1.0,1.0,1.0,1.0,1.20149518455911,1.0,4182,145.7,129.5,30.7,3.9,1.9,7.5,18.1,19.4,15.6,74.6,1.1,3.9,1.9,5.8,0.25,0.25,0.25,0.25,36.425,36.425,36.425,36.425,36.425,36.425,36.425,36.425,129.5,129.5,30.7,30.7,3.9,3.9,1.9,1.9,7.5,7.5,18.1,18.1,19.4,19.4,15.6,15.6,74.6,74.6,1.1,1.1
21,2024,1.0,1.0,1.0,1.0,1.0,1.0,1.0,1.0,1.0,1.0,1.0,1.0,1.0,1.3167937051444498,1.0,4155,144.5,117.1,27.01,4.76,2.09,7.6,16.6,19.3,14.2,75.9,1.1,4.76,2.09,6.85,0.25,0.25,0.25,0.25,36.125,36.125,36.125,36.125,36.125,36.125,36.125,36.125,117.1,117.1,27.01,27.01,4.76,4.76,2.09,2.09,7.6,7.6,16.6,16.6,19.3,19.3,14.2,14.2,75.9,75.9,1.1,1.1
22,2015,1.027140137337767,1.0263991934833865,1.027389516618578,1.0148775466790103,1.0258420097262442,1.0262199117149584,1.2281734993370774,1.1338448730298374,1.1135790684206512,1.032008986988041,1.0148558882764878,1.0225357412418683,1.0035638605640584,425360.3618286724,1.0150885869082835,2613,129.7,94.7,14.9,1.7,0.7,3.8,7.0,9.7,9.5,47.1,1.1,1.7,0.7,2.4,0.17375881176250113,0.28865837320449367,0.11864879884584512,0.41893401618716014,22.536517885596396,23.14816207612653,37.43899100462283,38.427350171976634,15.388749210306111,15.81023961254092,54.33574189947466,55.144124435922755,94.7,97.14723832107532,14.9,15.290676684552881,1.7,2.0878949488730316,0.7,0.7936914111208861,3.8,4.231600459998474,7.0,7.224062908916288,9.7,9.844102116281931,9.5,9.71408954179775,47.1,47.26785783256715,1.1,1.116597445599112
22,2016,1.0631669399672343,1.0155988123115045,1.039090405741549,1.0162133082083344,1.0273862221919037,1.0476079061923775,1.2883756511416178,1.2977000856513814,1.1502851370707168,1.080290555150948,1.0601466087412903,1.0853831986786997,1.0039567532399514,425356.110418962,1.0322379372349055,2567,137.6,101.3,14.2,2.1,1.0,4.8,7.4,10.3,9.5,50.8,1.2,2.1,1.0,3.1,0.20073220159004315,0.23391263506346965,0.07072389845810892,0.49463126488837833,27.620750938789936,29.365469255190412,32.186378584733426,32.68844786326371,9.731608427835788,10.112020949797767,68.06126204864086,69.16476026728368,101.3,104.07422430803985,14.2,14.87603226793176,2.1,2.7055888673973976,1.0,1.2977000856513814,4.8,5.5213686579394405,7.4,7.994150108117016,10.3,10.91951007003529,9.5,10.311140387447647,50.8,51.001003064589526,1.2,1.2386855246818866
22,2017,1.0339971174528868,1.0210378944036729,1.0169294775860465,1.0070460620593615,1.012845211318767,1.025881297029276,1.2180737541662006,1.1023857746724408,1.155497477837208,1.0469962324640456,1.0159214690763538,1.0117397824802472,1.0021062734859183,425355.71093078854,1.0035421354500786,2526,142.2,109.4,15.7,2.2,0.8,5.0,7.3,10.9,9.7,50.9,1.3,2.2,0.8,3.0,0.19018242161549745,0.28124470938603724,0.10114328979159352,0.4274295792068719,27.043940353723734,27.963356370318145,39.99299767469449,40.83436613666105,14.382575808364598,14.62606530314192,60.780486163217184,61.208749240721374,109.4,110.80526611827311,15.7,16.106336363359635,2.2,2.6797622591656416,0.8,0.8819086197379526,5.0,5.7774873891860405,7.3,7.643072496987533,10.9,11.073544012932258,9.7,9.813875890058398,50.9,51.00720932043324,1.3,1.3046047760851023
22,2018,1.0302830406192098,1.0235619786395138,1.0213151677890726,1.0076984705770842,1.0262637966904256,1.031540084823043,1.192261627647181,1.1780428474276825,1.1278205126157168,1.0274100664125472,1.0226177505605216,1.0014489602294474,1.0012337825481676,425355.7906889642,1.0024887385340584,2484,132.6,92.3,18.9,2.3,0.7,4.9,8.0,10.1,10.0,53.9,1.3,2.3,0.7,3.0,0.18474738776028132,0.30229037543759896,0.11406088953340583,0.398901347268714,24.4975036170133,25.239362514116554,40.08370378302562,41.028155155353865,15.124473952129613,15.446854652140713,52.894318647831476,53.30152400363672,92.3,94.72414843452627,18.9,19.49610760315551,2.3,2.7422017435885158,0.7,0.8246299931993777,4.9,5.526320511817013,8.0,8.219280531300377,10.1,10.328439280661268,10.0,10.014489602294475,53.9,53.966500879346235,1.3,1.3032353600942759
22,2019,1.083039066856593,1.0308306791909645,1.0757160000591783,1.027183758171511,1.0261098827324124,1.0767779559120374,1.417044232552649,1.28258898458508,1.2522020808566448,1.2381082436946118,1.0999970205544396,1.0025580373792429,1.0172905003328483,747458.7067100302,1.0344275835394106,2448,140.6,95.9,16.7,2.5,0.6,5.6,9.9,11.1,10.8,63.7,1.4,2.5,0.6,3.1,0.2006342848707031,0.285659980048507,0.0867310882058831,0.4269746468749067,28.209180452820853,30.551644474412342,40.16379319482009,41.40207021790183,12.194391001747164,13.117701511557096,60.03263535061188,61.66454799238142,95.9,98.40393775403835,16.7,17.982191863731025,2.5,3.5426105813816227,0.6,0.769553390751048,5.6,7.01233165279721,9.9,12.257271612576657,11.1,12.209966928154278,10.8,10.827626803695823,63.7,64.80140487120244,1.4,1.4481986169551746
22,2020,1.0698329192626428,1.0425107944977912,1.1171524258115515,1.0647910558689455,1.0624623203656478,1.1156580581411906,1.5706189232893415,1.1087494547637873,1.229748700666922,1.2429632524611511,1.0786779741862755,1.005616813782645,1.0103419451456044,747458.7111396625,1.0304055938095558,2399,157.5,105.6,14.2,2.7,0.8,7.1,10.2,14.0,11.6,64.0,1.4,2.7,0.8,3.5,0.2270463261370371,0.2453822334341191,0.0494742256683497,0.478097214760494,35.759796366583345,38.25700733909951,38.64770176587376,40.29064627345474,7.792190542765078,8.705064567235837,75.30031132477781,80.17909800277047,105.6,112.1960210306124,14.2,15.842344425604905,2.7,4.240671092881223,0.8,0.8869995638110298,7.1,8.731215774735146,10.2,12.67822517510374,14.0,15.101491638607857,11.6,11.66515503987868,64.0,64.66188448931868,1.4,1.442567831333378
22,2021,1.0240334417704815,1.0150749583734804,1.001981259787529,1.001009854098685,1.0015773532362569,1.0038801123770598,1.2705291175219242,1.0389942292458487,1.0709009930147422,1.033234658157815,1.0008306268868297,1.0013056911663467,1.0010905749169463,376848.4850466,1.000122760712145,2375,156.1,109.4,22.8,2.9,0.8,7.2,9.9,14.4,11.3,67.0,1.5,2.9,0.8,3.7,0.20632764652336474,0.29109912407458205,0.10266129237654273,0.39991193702551053,32.20774562229724,32.9818086012692,45.44057326804226,46.12558801852508,16.02542773997832,16.057178275537492,62.42625336968219,62.48929477751311,109.4,109.57256244404651,22.8,22.888466562196964,2.9,3.68453444081358,0.8,0.831195383396679,7.2,7.710487149706144,9.9,10.229023115762368,14.4,14.411961027170348,11.3,11.314754310179719,67.0,67.07306851943541,1.5,1.5001841410682175
22,2022,1.0487494569811733,1.012690222845206,1.0166508918868589,1.0015898753283818,1.0144410689174883,1.0150535654500108,2.543301554820403,1.0220118085441672,1.0942890597041748,1.075384715567766,1.010799018977755,1.002326129058403,1.002295017626351,376905.3791612498,1.0045796783911896,2348,147.1,99.9,23.1,2.9,0.8,6.0,9.7,14.4,9.0,53.9,1.4,2.9,0.8,3.7,0.21295973486094646,0.29942940450472244,0.09183771873318142,0.3957731419011498,31.326376998045223,32.85352086588745,44.04606540264467,44.60501978805875,13.509328425650986,13.73427079273057,58.21822917365913,58.310788899884415,99.9,101.34266278485708,23.1,23.44773736189525,2.9,7.375574508979168,0.8,0.8176094468353338,6.0,6.565734358225049,9.7,10.43123174100733,14.4,14.555505873279671,9.0,9.020935161525626,53.9,54.023701450060315,1.4,1.4064115497476652
22,2023,1.0239648889666249,1.012648200832082,1.0000036897918632,1.0,1.0004810559578146,1.0009195026038131,1.4215160396577209,1.0247493919221218,1.0372713319345197,1.0375669760974215,1.0,1.0005397032582235,1.0,425355.49574384093,1.0024249316277571,2339,140.7,102.0,24.7,3.2,1.1,6.0,10.1,15.1,8.4,57.7,1.2,3.2,1.1,4.300000000000001,0.20037321293709207,0.33542448262552826,0.11753349761307212,0.34666880682430745,28.19251106024885,28.86814145749806,47.19422470541182,47.79114673760028,16.536963114159246,16.537024132111185,48.77630112018006,48.77630112018006,102.0,102.04906770769709,24.7,24.722711714314183,3.2,4.548851326904707,1.1,1.127224331114334,6.0,6.223627991607119,10.1,10.479426458583957,15.1,15.1,8.4,8.404533507369077,57.7,57.7,1.2,1.2029099179533085
22,2024,1.01794339414268,1.0047198487823654,1.0,1.0,1.000330680542175,1.0007017596974288,1.5793647807037472,1.019855929584499,1.0285060664015864,1.0794566205769365,1.0,1.0,1.0,425355.08079803106,1.0023041155278023,2317,144.3,96.6,22.2,4.43,1.19,6.2,10.2,16.2,7.8,56.8,1.1,4.43,1.19,5.619999999999999,0.1981045648824354,0.3462435013534033,0.1270087723150273,0.3286431614491339,28.58648871253543,29.09942734665973,49.962937245296104,50.198754753816715,18.32736584505844,18.32736584505844,47.42320819711003,47.42320819711003,96.6,96.6319437403741,22.2,22.21557906528292,4.43,6.9965859785176,1.19,1.213628556205554,6.2,6.376737611689836,10.2,11.010457529884752,16.2,16.2,7.8,7.8,56.8,56.8,1.1,1.1025345270805826
23,2015,1.0,1.0,1.0,1.0,1.0,1.0,1.0,1.1136373851333845,1.0,1.0,1.0,1.0,1.0,18.1810395777409,1.0,3529,138.6,91.4,13.9,1.5,1.2,4.5,7.9,9.6,10.4,54.5,1.6,1.5,1.2,2.7,0.3925766090431872,0.2702263398136648,0.156261419579988,0.18093563156316,54.411118013385746,54.411118013385746,37.453370698173934,37.453370698173934,21.657832753786334,21.657832753786334,25.077678534653977,25.077678534653977,91.4,91.4,13.9,13.9,1.5,1.5,1.2,1.3363648621600615,4.5,4.5,7.9,7.9,9.6,9.6,10.4,10.4,54.5,54.5,1.6,1.6
23,2016,1.0341243911624425,1.0,1.0,1.0,1.0,1.029496344128194,1.206547645057486,1.6042373362061335,1.2618169257175125,1.0898141418370646,1.116023813988513,1.2277482663053645,1.0,5.093368961699345,1.0437422529631502,3463,142.6,89.7,14.2,1.8,1.5,5.5,8.3,9.9,9.8,57.4,1.8,1.8,1.5,3.3,0.6377854789223931,0.2671093991076036,0.0,0.0951051219700032,90.94820929433325,94.05176156381677,38.08980031274427,38.08980031274427,0.0,0.0,13.561990392922457,13.561990392922457,89.7,89.7,14.2,14.618848086620353,1.8,2.1717857611034748,1.5,2.4063560043092003,5.5,6.939993091446318,8.3,9.045457377247637,9.9,11.048635758486279,9.8,12.031933009792573,57.4,57.4,1.8,1.8787360553336703
23,2017,1.0,1.0,1.0,1.0,1.0,1.0,1.0324711613837891,1.1868248357620867,1.2116682533103948,1.0233520741743538,1.0083038646488778,1.0,1.0,3.84260163440872,1.0,3399,141.2,92.5,15.4,1.9,1.4,5.7,8.2,11.1,10.4,60.2,1.8,1.9,1.4,3.3,0.4737234861918182,0.2628373228648271,0.1043839940721043,0.1590551968712503,66.88975625028472,66.88975625028472,37.11262998851358,37.11262998851358,14.739019962981127,14.739019962981127,22.45859379822054,22.45859379822054,92.5,92.5,15.4,15.4,1.9,1.9616952066291993,1.4,1.6615547700669213,5.7,6.906509043869251,8.2,8.391487008229701,11.1,11.192172897602543,10.4,10.4,60.2,60.2,1.8,1.8
23,2018,1.0,1.0,1.0,1.0,1.0,1.0,1.028116551694204,1.2575031910462264,1.1796202978143453,1.0,1.0172101218521252,1.0,1.0,4.328336363136249,1.0,3327,139.9,95.8,18.5,2.0,1.1,5.3,9.0,10.9,10.4,64.3,1.8,2.0,1.1,3.1,0.4708538172247922,0.2676628146979636,0.0986488577843654,0.1628345102928787,65.87244902974842,65.87244902974842,37.44602777624511,37.44602777624511,13.800975204032719,13.800975204032719,22.780547989973734,22.780547989973734,95.8,95.8,18.5,18.5,2.0,2.056233103388408,1.1,1.3832535101508492,5.3,6.2519875784160295,9.0,9.0,10.9,11.087590328188165,10.4,10.4,64.3,64.3,1.8,1.8
23,2019,1.1409968325441298,1.0061009540828418,1.1536273068672906,1.0704695355375509,1.0143828618530444,1.158157914626012,1.4083569339232602,1.2803353297161486,1.637160411170561,1.5990529470729478,1.2790653375927077,1.0,1.0432201581294842,1000000.0,1.010561626586674,3255,138.8,96.1,15.1,1.9,1.1,6.0,10.3,12.2,9.8,67.3,1.6,1.9,1.1,3.0,0.6622749368043862,0.2588263102018617,0.0,0.0788987529937521,91.92376122844881,104.88472039720297,35.925091856018405,36.14426919185385,0.0,0.0,10.951146915532792,11.722869152273871,96.1,97.48219302407756,15.1,17.48818451085278,1.9,2.675878174454194,1.1,1.4083688626877635,6.0,9.822962467023366,10.3,16.470245354851365,12.2,15.604597118631032,9.8,9.8,67.3,70.20871664211428,1.6,1.6168986025386785
23,2020,1.0,1.0,1.198854237870159,1.1361445672940635,1.0453417777925558,1.1787325273956677,1.4603968216557848,1.0554825446815943,1.4053454682358402,1.5380356790424363,1.110821930375285,1.0,1.0,1000000.0,1.0,3171,167.1,108.0,15.0,2.3,1.4,8.2,10.3,16.4,10.6,70.2,1.8,2.3,1.4,3.6999999999999997,1.0,0.0,0.0,0.0,167.1,167.1,0.0,0.0,0.0,0.0,0.0,0.0,108.0,112.89691200159602,15.0,17.680987910935016,2.3,3.358912689808305,1.4,1.477675562554232,8.2,11.523832839533888,10.3,15.841767494137095,16.4,18.217479658154673,10.6,10.6,70.2,70.2,1.8,1.8
23,2021,1.0,1.0,1.0,1.0,1.0,1.0,1.0,1.0,1.0,1.0,1.0,1.0,1.0,2.1580698089644548,1.0,3125,169.7,121.3,24.4,2.5,1.6,8.6,10.7,16.7,12.4,79.5,2.0,2.5,1.6,4.1,0.815122009516085,0.184877990483915,0.0,0.0,138.32620501487963,138.32620501487963,31.373794985120377,31.373794985120377,0.0,0.0,0.0,0.0,121.3,121.3,24.4,24.4,2.5,2.5,1.6,1.6,8.6,8.6,10.7,10.7,16.7,16.7,12.4,12.4,79.5,79.5,2.0,2.0
23,2022,1.0,1.0,1.0,1.0,1.0,1.0,1.0,1.0,1.0153096134287936,1.0,1.0,1.0,1.0,11.453545034467073,1.0,3099,148.0,108.1,23.0,2.6,1.6,6.9,11.2,16.0,10.6,65.1,1.8,2.6,1.6,4.2,0.852779442357522,0.147220557642478,0.0,0.0,126.21135746891326,126.21135746891326,21.788642531086744,21.788642531086744,0.0,0.0,0.0,0.0,108.1,108.1,23.0,23.0,2.6,2.6,1.6,1.6,6.9,7.005636332658676,11.2,11.2,16.0,16.0,10.6,10.6,65.1,65.1,1.8,1.8
23,2023,1.0,1.0,1.0,1.0,1.0,1.0,1.0,1.0,1.0,1.0,1.0,1.0,1.0,3.270346818641217,1.0,3062,144.1,115.1,27.0,2.9,2.0,6.9,11.8,16.5,10.5,67.9,1.6,2.9,2.0,4.9,0.7027326840677699,0.2603354579565227,0.0,0.0369318579757074,101.26377977416564,101.26377977416564,37.51433949153492,37.51433949153492,0.0,0.0,5.3218807342994365,5.3218807342994365,115.1,115.1,27.0,27.0,2.9,2.9,2.0,2.0,6.9,6.9,11.8,11.8,16.5,16.5,10.5,10.5,67.9,67.9,1.6,1.6
23,2024,1.0,1.0,1.0,1.0,1.0,1.0,1.0,1.0,1.0,1.0,1.0,1.0,1.0,1.8917142816158992,1.0,3029,134.6,107.6,22.54,3.9,2.04,7.1,11.9,17.1,10.0,69.6,1.5,3.9,2.04,5.9399999999999995,0.62334477910998,0.26531400362770674,0.030871060005857102,0.08047015725645622,83.9022072682033,83.9022072682033,35.71126488828933,35.71126488828933,4.1552446767883655,4.1552446767883655,10.831283166719006,10.831283166719006,107.6,107.6,22.54,22.54,3.9,3.9,2.04,2.04,7.1,7.1,11.9,11.9,17.1,17.1,10.0,10.0,69.6,69.6,1.5,1.5
31,2015,1.0,1.0,1.0,1.0,1.0,1.0,1.5086323998706694,1.133893180329324,1.2870595756490033,1.0143328213233327,1.0,1.0,1.0,1000000.0,1.0,2458,102.7,102.8,20.6,2.6,1.0,12.1,25.2,10.4,21.7,51.1,1.4,2.6,1.0,3.6,0.3979258093891908,0.25927838820907956,0.15571703689371794,0.18707876550801172,40.8669806242699,40.8669806242699,26.627890469072472,26.627890469072472,15.992139688984832,15.992139688984832,19.212989217672806,19.212989217672806,102.8,102.8,20.6,20.6,2.6,3.922444239663741,1.0,1.133893180329324,12.1,15.57342086535294,25.2,25.561187097347982,10.4,10.4,21.7,21.7,51.1,51.1,1.4,1.4
31,2016,1.2942486202275716,1.0,1.1675455071930003,1.0,1.0659804688130037,1.084021669301098,2.2886970921991723,1.3133372903950082,1.2197156481705298,1.276526904413479,1.0684700590321785,1.0,1.0,1000000.0,1.0,2467,105.4,102.8,20.2,2.8,1.1,13.3,25.7,11.1,21.0,54.8,1.4,2.8,1.1,3.9,0.3827531781778781,0.3036152865818329,0.1249066425239959,0.1887248927162932,40.34218497994835,52.212817247263615,32.00105120572519,32.00105120572519,13.16516012202917,15.37092355195161,19.891603692297306,19.891603692297306,102.8,109.58279219397677,20.2,21.897237719882177,2.8,6.408351858157682,1.1,1.4446710194345092,13.3,16.222218120668046,25.7,32.80674144342641,11.1,11.860017655257181,21.0,21.0,54.8,54.8,1.4,1.4
31,2017,1.2135401968996655,1.0,1.0218196050237331,1.0,1.0,1.0,2.2951683951257067,1.0,1.2175345898834191,1.2327730569944453,1.0,1.0,1.0,1000000.0,1.0,2466,98.1,99.8,19.5,2.9,0.9,12.8,25.1,10.7,20.8,56.3,1.3,2.9,0.9,3.8,0.4006315817220696,0.2910279006350308,0.11797661542754864,0.19036390221535096,39.30195816693502,47.694506052444744,28.54983705229652,28.54983705229652,11.57350597344252,11.826035302522852,18.674698807325928,18.674698807325928,99.8,99.8,19.5,19.5,2.9,6.655988345864549,0.9,0.9,12.8,15.584442750507765,25.1,30.942603730560577,10.7,10.7,20.8,20.8,56.3,56.3,1.3,1.3
31,2018,1.1713065789087749,1.0,1.0297068790154844,1.0,1.0,1.0,2.5116130887907833,1.00060471950582,1.3004215139280428,1.2832910293042927,1.0,1.0,1.0,1000000.0,1.0,2475,110.5,103.6,22.4,3.0,1.1,12.3,24.5,12.0,20.8,63.5,1.5,3.0,1.1,4.1,0.4444093584460025,0.2884342616633649,0.0921454228893653,0.1750109570012673,49.10723410828327,57.51962638304558,31.87198591380182,31.87198591380182,10.182069229274864,10.48454672799622,19.338710748640036,19.338710748640036,103.6,103.6,22.4,22.4,3.0,7.53483926637235,1.1,1.1006651914564023,12.3,15.995184621314928,24.5,31.44063021795517,12.0,12.0,20.8,20.8,63.5,63.5,1.5,1.5
31,2019,1.464954333289101,1.1338434832653042,1.2154394840447844,1.0,1.086618159034104,1.1352745115915774,4.519547455360084,1.481428894804011,1.2725570657104242,1.5546665603811762,1.0442072281104793,1.0,1.0,1000000.0,1.0,2481,105.3,102.4,19.8,3.5,1.0,13.1,27.2,12.3,20.8,61.1,1.4,3.5,1.0,4.5,0.44545314192842056,0.3105454762050335,0.058003496775275006,0.18599788509127102,46.90621584506268,68.71546416041848,32.700438644390026,37.07717925685855,6.107768210436458,7.4236226423580245,19.585577300110838,19.585577300110838,102.4,111.26969948509225,19.8,22.478435329513236,3.5,15.818416093760295,1.0,1.481428894804011,13.1,16.670497560806556,27.2,42.28693044236799,12.3,12.843748905758895,20.8,20.8,61.1,61.1,1.4,1.4
31,2020,1.532572161118982,1.2833077647403597,1.2378107395929725,1.0,1.1211958545614489,1.12836776014595,4.953096058254611,1.2862337784723672,1.318800590970345,1.565154551060146,1.0977011798327636,1.0,1.0,1000000.0,1.0,2488,111.4,105.3,19.1,4.2,1.0,14.0,27.1,13.9,23.1,60.2,1.5,4.2,1.0,5.2,0.4926835343181913,0.31356315620325165,0.023382253597340804,0.17037105588121632,54.88494572304651,84.11513987966742,34.930935601042236,44.82714088646296,2.6047830507437655,3.2242284345203798,18.979335625167497,18.979335625167497,105.3,118.06192348532056,19.1,21.551824218787647,4.2,20.80300344466937,1.0,1.2862337784723672,14.0,18.463208273584833,27.1,42.41568833372995,13.9,15.258046399675415,23.1,23.1,60.2,60.2,1.5,1.5
31,2021,1.3213540816888123,1.1964244592245514,1.0236138539191588,1.0,1.0,1.0,3.735114949130096,1.255964588616169,1.1825601755700046,1.3657964662818562,1.0,1.0,1.0,1000000.0,1.0,2489,117.1,110.2,23.1,4.4,1.2,14.2,27.9,14.0,24.0,60.6,1.5,4.4,1.2,5.6000000000000005,0.33870840840309446,0.31944015230323786,0.12671180469640264,0.21513963459726504,39.66275462400236,52.40854271344733,37.40644183470915,44.75398194360653,14.837952329948749,15.1883335687276,25.192851211339736,25.192851211339736,110.2,110.2,23.1,23.1,4.4,16.434505776172426,1.2,1.5071575063394027,14.2,16.792354493094063,27.9,38.105721409263786,14.0,14.0,24.0,24.0,60.6,60.6,1.5,1.5
31,2022,1.435035176426475,1.09283431382062,1.0403269703287377,1.0,1.0,1.0,25.22466046292283,1.0,1.260731883390848,1.7918270242882322,1.0000806229593908,1.0,1.0,1000000.0,1.0,2475,102.1,101.0,23.3,4.3,1.1,12.6,24.6,14.3,20.6,54.6,1.3,4.3,1.1,5.4,0.3796647115214009,0.33063497637418177,0.08530013943547181,0.20440017266894556,38.76376704633503,55.62736928229217,33.75783108780396,36.89171617291263,8.709144236361672,9.060357637570126,20.86925762949934,20.86925762949934,101.0,101.0,23.3,23.3,4.3,108.46603999056816,1.1,1.1,12.6,15.885221730724686,24.6,44.078944797490514,14.3,14.30115290831929,20.6,20.6,54.6,54.6,1.3,1.3
31,2023,1.278844493282928,1.0980838424222743,1.0,1.0,1.0,1.0,6.348020963755862,1.0,1.1534835554479084,1.471476424026014,1.0,1.0,1.0,1000000.0,1.0,2487,99.1,101.7,24.1,4.9,1.3,12.7,24.5,15.0,21.9,54.1,1.2,4.9,1.3,6.2,0.28714894677206265,0.28714894677206265,0.16715178770964312,0.25855031874623163,28.456460625111408,36.39138796874619,28.456460625111408,31.247579624960487,16.56474216202563,16.56474216202563,25.622336587751555,25.622336587751555,101.7,101.7,24.1,24.1,4.9,31.105302722403724,1.3,1.3,12.7,14.649241154188436,24.5,36.05117238863735,15.0,15.0,21.9,21.9,54.1,54.1,1.2,1.2
31,2024,1.1818207816335529,1.0,1.0,1.0,1.0,1.0,8.931811120479288,1.0,1.0,2.242353706793377,1.0,1.0,1.0,1000000.0,1.0,2480,93.6,102.8,23.27,5.4,1.48,13.0,23.9,14.5,20.5,55.0,1.2,5.4,1.48,6.880000000000001,0.2620687963399125,0.2620687963399125,0.2137936109802626,0.2620687963399125,24.529639337415805,28.98963753493389,24.529639337415805,24.529639337415805,20.011081987752576,20.011081987752576,24.529639337415805,24.529639337415805,102.8,102.8,23.27,23.27,5.4,48.23178005058816,1.48,1.48,13.0,13.0,23.9,53.592253592361715,14.5,14.5,20.5,20.5,55.0,55.0,1.2,1.2
32,2015,1.0,1.0,1.0,1.0,1.0,1.0,1.4472072691526447,1.2013324673055357,1.0,1.0,1.0,1.000424429290559,1.0,1000000.0,1.0,8315,122.0,104.1,19.6,1.7,0.8,9.9,17.4,10.2,16.4,40.4,1.1,1.7,0.8,2.5,0.657658625312183,0.15332152480218803,0.15321671356837002,0.035803136317258906,80.23435228808633,80.23435228808633,18.70522602586694,18.70522602586694,18.692439055341143,18.692439055341143,4.367982630705587,4.367982630705587,104.1,104.1,19.6,19.6,1.7,2.460252357559496,0.8,0.9610659738444286,9.9,9.9,17.4,17.4,10.2,10.2,16.4,16.406960640365167,40.4,40.4,1.1,1.1
32,2016,1.0,1.0,1.0,1.0,1.0,1.0,1.42931245274231,1.0135684267681195,1.0,1.0,1.0,1.0,1.0,1000000.0,1.0,8381,116.9,104.8,19.1,1.8,1.0,11.1,17.9,10.3,15.8,43.7,1.1,1.8,1.0,2.8,0.5098551161537814,0.17335738930796932,0.17685702132293413,0.13993047321531513,59.60206307837705,59.60206307837705,20.265478810101616,20.265478810101616,20.674585792651,20.674585792651,16.35787231887034,16.35787231887034,104.8,104.8,19.1,19.1,1.8,2.572762414936158,1.0,1.0135684267681195,11.1,11.1,17.9,17.9,10.3,10.3,15.8,15.8,43.7,43.7,1.1,1.1
32,2017,1.0,1.0,1.0,1.0,1.0,1.0,1.3345763098906682,1.0,1.0,1.0,1.0,1.0,1.0,1000000.0,1.0,8423,114.8,108.2,19.5,1.9,0.8,10.3,18.1,10.7,15.6,46.2,1.1,1.9,0.8,2.7,0.5183910098237678,0.16388951041292113,0.18519671867552143,0.13252276108778951,59.51128792776855,59.51128792776855,18.814515795403345,18.814515795403345,21.260583303949858,21.260583303949858,15.213612972878236,15.213612972878236,108.2,108.2,19.5,19.5,1.9,2.5356949887922693,0.8,0.8,10.3,10.3,18.1,18.1,10.7,10.7,15.6,15.6,46.2,46.2,1.1,1.1
32,2018,1.0,1.0,1.0,1.0,1.0,1.0,1.1428606184444217,1.0,1.0,1.0,1.0,1.0,1.0,1000000.0,1.0,8446,121.9,100.1,21.2,2.1,0.9,10.7,17.8,10.5,15.1,45.1,1.1,2.1,0.9,3.0,0.49998585374058996,0.18305276514516633,0.18596904939996714,0.13099233171427663,60.94827557097792,60.94827557097792,22.314132071195775,22.314132071195775,22.669627121855996,22.669627121855996,15.967965235970322,15.967965235970322,100.1,100.1,21.2,21.2,2.1,2.4000072987332857,0.9,0.9,10.7,10.7,17.8,17.8,10.5,10.5,15.1,15.1,45.1,45.1,1.1,1.1
32,2019,1.0,1.0,1.0,1.0,1.0,1.0,1.1538722994941109,1.0,1.0,1.0,1.0,1.0,1.0,1000000.0,1.0,8469,120.3,101.4,17.8,2.3,0.8,12.4,19.6,11.3,14.7,45.7,1.0,2.3,0.8,3.0999999999999996,0.3993488645582031,0.22531232814511584,0.18719259302037533,0.18814621427630585,48.04166840635183,48.04166840635183,27.105073075857437,27.105073075857437,22.51926894035115,22.51926894035115,22.633989577439593,22.633989577439593,101.4,101.4,17.8,17.8,2.3,2.653906288836455,0.8,0.8,12.4,12.4,19.6,19.6,11.3,11.3,14.7,14.7,45.7,45.7,1.0,1.0
32,2020,1.0,1.0,1.0,1.0,1.0,1.0,1.2665893921242348,1.0,1.0,1.0,1.0,1.0,1.0,1000000.0,1.0,8477,122.1,104.5,18.1,2.2,0.8,13.2,19.5,13.2,15.4,44.2,1.1,2.2,0.8,3.0,0.384935740302364,0.24006338981680617,0.17695815294523473,0.19804271693559516,47.00065389091864,47.00065389091864,29.31173989663203,29.31173989663203,21.60659047461316,21.60659047461316,24.18101573783617,24.18101573783617,104.5,104.5,18.1,18.1,2.2,2.7864966626733167,0.8,0.8,13.2,13.2,19.5,19.5,13.2,13.2,15.4,15.4,44.2,44.2,1.1,1.1
32,2021,1.0,1.0,1.0,1.0,1.0,1.0,1.0301480397330722,1.0,1.0,1.0,1.0,1.0,1.0,1000000.0,1.0,8505,134.1,121.6,25.1,2.6,1.1,14.0,22.1,14.1,15.0,53.3,1.2,2.6,1.1,3.7,0.30078829004427643,0.26188469074458326,0.22148453604371443,0.21584248316742594,40.33570969493747,40.33570969493747,35.118737028848614,35.118737028848614,29.701076283462104,29.701076283462104,28.944476992751817,28.944476992751817,121.6,121.6,25.1,25.1,2.6,2.678384903305988,1.1,1.1,14.0,14.0,22.1,22.1,14.1,14.1,15.0,15.0,53.3,53.3,1.2,1.2
32,2022,1.0,1.0,1.0,1.0,1.0,1.0,1.0933142854560232,1.0,1.0,1.0,1.0,1.0,1.0,1000000.0,1.0,8515,131.8,130.2,27.1,2.5,1.1,14.2,23.0,15.2,14.4,51.7,1.2,2.5,1.1,3.6,0.28102243354956735,0.27778154316282105,0.21224937548099573,0.22894664780661592,37.038756741832984,37.038756741832984,36.61160738885982,36.61160738885982,27.97446768839524,27.97446768839524,30.17516818091198,30.17516818091198,130.2,130.2,27.1,27.1,2.5,2.7332857136400577,1.1,1.1,14.2,14.2,23.0,23.0,15.2,15.2,14.4,14.4,51.7,51.7,1.2,1.2
32,2023,1.0,1.0,1.0,1.0,1.0,1.0,1.212554947333792,1.0,1.0,1.0,1.0,1.0,1.0,1000000.0,1.0,8526,136.7,128.3,30.9,4.0,1.4,15.9,25.5,17.4,16.8,59.8,1.3,4.0,1.4,5.4,0.2561407158928795,0.2561407158928795,0.2315778523213615,0.2561407158928795,35.014435862556624,35.014435862556624,35.014435862556624,35.014435862556624,31.656692412330113,31.656692412330113,35.014435862556624,35.014435862556624,128.3,128.3,30.9,30.9,4.0,4.850219789335168,1.4,1.4,15.9,15.9,25.5,25.5,17.4,17.4,16.8,16.8,59.8,59.8,1.3,1.3
32,2024,1.0,1.0,1.0,1.0,1.0,1.0,1.3292708718652957,1.0,1.0,1.0,1.0,1.0,1.0,1000000.0,1.0,8526,131.3,131.6,29.62,4.58,1.44,16.6,26.8,17.4,15.8,62.0,1.2,4.58,1.44,6.02,0.25499864010486806,0.25499864010486806,0.23500407968539586,0.25499864010486806,33.481321445769176,33.481321445769176,33.481321445769176,33.481321445769176,30.856035662692477,30.856035662692477,33.481321445769176,33.481321445769176,131.6,131.6,29.62,29.62,4.58,6.088060593143054,1.44,1.44,16.6,16.6,26.8,26.8,17.4,17.4,15.8,15.8,62.0,62.0,1.2,1.2
33,2015,1.0313207069395758,1.0449297156773811,1.0310501387361457,1.019404525382566,1.0242510549685635,1.034254038594942,1.3735333011292137,1.1885843953026105,1.174913334284085,1.040698938825365,1.0221020506807688,1.0404758867917183,1.005928997072105,929472.8358791984,1.026835882705774,5985,130.6,91.8,21.9,1.7,0.5,9.8,24.3,7.6,12.5,46.1,1.4,1.7,0.5,2.2,0.5845792349144046,0.1707335011736045,0.1173415663075964,0.1273456976043945,76.34604807982123,78.73726027772408,22.297795253272746,23.299628854234747,15.324808559772089,15.800645991657886,16.63134810713392,16.954071523625093,91.8,94.02624684611412,21.9,22.650163445229225,1.7,2.3350066119196633,0.5,0.5942921976513053,9.8,11.514150675984034,24.3,25.288984213456366,7.6,7.767975585173843,12.5,13.00594858489648,46.1,46.373326765024046,1.4,1.4375702357880835
33,2016,1.1248207664360508,1.0268544143110896,1.0798628359000295,1.0175186887618857,1.0422351568437132,1.0617129469946351,1.6176986350875453,1.214987951781504,1.138615360216353,1.1226521575593678,1.043916965050692,1.027237430661257,1.0051069226845062,929472.4449809068,1.0329688625408888,6072,135.6,94.9,21.5,1.8,0.7,10.6,23.3,8.1,12.0,48.5,1.5,1.8,0.7,2.5,0.5550086279615585,0.1999806869112684,0.1132421623135752,0.131768522813598,75.25916995158732,84.65307722628546,27.117381145167997,27.845602533472068,15.355637209720797,16.581981944341116,17.867811693523887,18.180832325438715,94.9,98.90811638446839,21.5,22.826828360384656,1.8,2.9118575431575815,0.7,0.8504915662470528,10.6,12.06932281829334,23.3,26.15779527113327,8.1,8.455727416910605,12.0,12.326849167935084,48.5,48.74768575019855,1.5,1.5494532938113332
33,2017,1.0929081852028584,1.035414734525423,1.0278816953085022,1.0122780237791735,1.0147050104865136,1.0358449023151368,1.59916770611354,1.0655025696494618,1.1730393440625937,1.100162187934484,1.0189288225129705,1.0201993264712503,1.002915951363242,929472.4087321842,1.0064131867080115,6170,134.1,96.5,21.9,2.0,0.6,10.6,23.7,8.5,12.0,50.7,1.5,2.0,0.6,2.6,0.549769725278101,0.196068969398475,0.1185525750647816,0.1356087302586425,73.72412015979334,80.57369436951721,26.292848796335498,27.22400305637481,15.897900316187213,16.341160728848084,18.18513072768396,18.408408195185842,96.5,97.91903351194857,21.9,22.685003360701494,2.0,3.19833541222708,0.6,0.639301541789677,10.6,12.434217047063493,23.7,26.073843854047272,8.5,8.660894991360248,12.0,12.242391917655004,50.7,50.84783873411637,1.5,1.5096197800620172
33,2018,1.071099415376866,1.0283698994907156,1.0253095924708435,1.006446437737368,1.0178658977629116,1.032118443506244,1.5900521643440395,1.1043657113581933,1.1715622932263223,1.0985106113939276,1.0168673477668304,1.002163680609132,1.0016305785458244,929472.4105394988,1.004540580868149,6273,132.9,91.7,23.7,2.5,0.7,10.7,22.9,8.4,13.2,52.6,1.5,2.5,0.7,3.2,0.5743075166859408,0.19347243990106963,0.10690538247566192,0.12531466093732774,76.32546896756153,81.75216518952028,25.712487262852154,26.441947942155572,14.20772533101547,14.56731706908115,16.654318438570858,16.761679465443407,91.7,93.338302824859,23.7,24.461207111097984,2.5,3.975130410860099,0.7,0.7730559979507352,10.7,12.535716537521647,22.9,25.15589300092094,8.4,8.541685721241375,13.2,13.228560584040542,52.6,52.68576843151036,1.5,1.5068108713022235
33,2019,1.1609096798377192,1.0603982466449364,1.0851475128938493,1.0082676810126363,1.040810555638361,1.0653591596386978,2.2407612130470644,1.2943036292386094,1.1452566363561922,1.2041539625913058,1.0296505170232886,1.0035961906886226,1.0057242704236269,958894.543220893,1.044153277761018,6375,132.9,95.4,22.0,2.7,0.7,11.9,25.9,9.2,13.5,55.6,1.6,2.7,0.7,3.4000000000000004,0.5535924704960729,0.21334111395521974,0.09616915288169402,0.13689726266701344,73.57243932892808,85.41095698622593,28.353034044648705,30.065507588009677,12.780880417977135,13.86914059816159,18.193646208446086,18.344065471754277,95.4,99.29332700789963,22.0,23.43790151205135,2.7,6.050055275227074,0.7,0.9060125404670265,11.9,13.628553972638688,25.9,31.18758763111482,9.2,9.472784756614255,13.5,13.548548574296404,55.6,55.918269435553654,1.6,1.670645244417629
33,2020,1.1961266783181768,1.1113010397960474,1.1110422782579028,1.0217359949543998,1.0688865861241863,1.086821696518379,2.490930113656046,1.1657217605707275,1.189239780487468,1.221941979881326,1.061670981878344,1.0074232335863988,1.009056797653431,958894.5439418922,1.0428495149219512,6468,137.3,96.9,20.0,2.9,0.6,13.0,25.9,10.6,14.7,56.0,1.6,2.9,0.6,3.5,0.5654670220662049,0.2107643219912257,0.0861561738187033,0.1376124821238661,77.63862212968994,92.86562719718611,28.93794140939529,32.15876437781808,11.829242665307964,13.142788720929348,18.894193795606817,19.30487789661558,96.9,103.57511019543365,20.0,21.736433930367582,2.9,7.223697329602533,0.6,0.6994330563424365,13.0,15.460117146337083,25.9,31.648297278926343,10.6,11.253712407910447,14.7,14.809121533720063,56.0,56.50718066859214,1.6,1.6685592238751221
33,2021,1.1054295271857162,1.0675774330143992,1.0082627974221785,1.0013346326142916,1.0020846447780012,1.005991741039969,1.9840765736778605,1.104687130600282,1.1290020781150794,1.1249568496540685,1.0010977642561574,1.001725613647623,1.0014413140020726,867409.3397903366,1.0001622417044165,6540,152.1,109.9,29.4,3.5,0.8,143.0,30.5,12.4,16.9,68.3,1.8,3.5,0.8,4.3,0.4891371174398473,0.22202318580814634,0.13904124333177262,0.14979845342023382,74.39775556260076,82.24147575524425,33.769726561419056,36.051797996037934,21.148173110762613,21.322916181026006,22.78434476521756,22.814753494836484,109.9,110.12910246110233,29.4,29.576157186575088,3.5,6.944268007872512,0.8,0.8837497044802256,143.0,161.44729717045635,30.5,34.31118391444909,12.4,12.413612276776352,16.9,16.929162870644827,68.3,68.39844174634156,1.8,1.8002920350679497
33,2022,1.1536411816749743,1.0366217614408566,1.0231094983380555,1.0021011940919773,1.0110022609676457,1.0118972287722787,8.737929711892303,1.0215064670527538,1.1516512347810506,1.2699909380605106,1.0081763209407748,1.0030742339021432,1.0030331167427955,867478.5843521417,1.0060525457606275,6577,146.5,108.4,31.7,3.7,0.9,13.8,30.5,12.4,14.1,64.8,1.6,3.7,0.9,4.6000000000000005,0.5012232900263,0.22165591371935095,0.12510881223638723,0.15201198401796193,73.42921198885294,84.7109628882825,32.472591359884916,33.66179485403304,18.32844099263073,18.752002069289077,22.26975565863142,22.316548737651114,108.4,109.5926450888928,31.7,32.07714215208124,3.7,32.33033993400152,0.9,0.9193558203474784,13.8,15.892787039978499,30.5,38.73472361084557,12.4,12.501386379665608,14.1,14.143346698020219,64.8,64.99654596493315,1.6,1.6096840732170041
33,2023,1.0928595423766454,1.036828687278992,1.0000048764634089,1.0,1.0006357680494982,1.0012152232343,2.825435228563114,1.0166515683902595,1.0766237927066655,1.1550187428787353,1.0,1.0007132768697995,1.0,929472.3868719602,1.0032048123011497,6627,133.8,106.3,31.9,4.7,1.1,13.2,29.6,13.2,14.3,68.3,1.4,4.7,1.1,5.800000000000001,0.4449422624847771,0.21789656383489187,0.16016859010307344,0.17699258357725764,59.533274720463176,65.0615073671885,29.154560241108534,30.228284422984853,21.430557355791226,21.430661861120004,23.681607682637075,23.681607682637075,106.3,106.36758214366165,31.9,31.938765621174166,4.7,13.279545574246637,1.1,1.1183167252292856,13.2,14.211434063727983,29.6,34.18855478921056,13.2,13.2,14.3,14.310199859238134,68.3,68.3,1.4,1.4044867372216094
33,2024,1.0620227578923067,1.0044607431228345,1.0,1.0,1.0004370304948735,1.0009274521743323,3.6663540264625536,1.0135602735645892,1.0298755841674248,1.3940882934636911,1.0,1.0,1.0,929472.3510488792,1.0030451406143772,6670,128.5,107.6,31.04,5.65,1.45,14.1,32.1,13.4,13.6,72.2,1.4,5.65,1.45,7.1000000000000005,0.41167536115999864,0.21910534318041683,0.17742383655216043,0.19179545910742402,52.90028390905982,56.181305410385725,28.155036598683562,28.280628984564295,22.798962996952614,22.798962996952614,24.645716495303986,24.645716495303986,107.6,107.64702448124838,31.04,31.068788115491273,5.65,20.71490024951343,1.45,1.4696623966686544,14.1,14.521245736760688,32.1,44.75023422018449,13.4,13.4,13.6,13.6,72.2,72.2,1.4,1.404263196860128
34,2015,1.0388521884265527,1.0606663818231488,1.0383555250370191,1.0239755629060805,1.0290251376668638,1.0444942505975292,1.3270929180299236,1.2060383888104238,1.138743312674206,1.043148296507792,1.0281396352286274,1.0537014164959762,1.0069210120605647,934960.4647801884,1.033864616234523,6011,142.0,93.4,18.1,1.5,0.7,10.8,10.8,10.5,10.7,38.2,1.5,1.5,0.7,2.2,0.4281140360006091,0.3360718708622531,0.1134991082767698,0.1223149848603679,60.792193112086494,63.15410285374066,47.72220566243994,50.617339212600356,16.116873375301314,16.73504451556615,17.36872785017224,17.78515287734264,93.4,96.11094785808508,18.1,18.90534593581528,1.5,1.9906393770448854,0.7,0.8442268721672966,10.8,12.298427776881425,10.8,11.266001602284154,10.5,10.795466169900587,10.7,11.274605156506944,38.2,38.464382660713575,1.5,1.5507969243517845
34,2016,1.0700210624526392,1.0342624496697082,1.0502831099269196,1.0205168926247712,1.03250992217498,1.0522186764661328,1.4087883338898344,1.1800357701914526,1.1082256829846258,1.0708097936830197,1.032762374520312,1.0317071292643254,1.0056523155665795,934960.1087340435,1.0413676688027649,6033,140.9,97.6,17.8,1.8,1.0,11.9,11.2,11.3,10.5,43.5,1.0,1.8,1.0,2.8,0.4055420905476133,0.3175482700849667,0.139205749931122,0.1377038894362979,57.14088055815872,61.141945724320344,44.742551254971815,46.27554066543962,19.614090165295092,20.60034761719314,19.402478021574375,19.800556579797497,97.6,100.77296840427805,17.8,18.729492441097165,1.8,2.535819001001702,1.0,1.1800357701914526,11.9,13.187885627517048,11.2,11.99306968924982,11.3,11.670214832079527,10.5,10.832924857275417,43.5,43.745875727146206,1.0,1.0413676688027649
34,2017,1.0554937788787553,1.0456432493274763,1.0284821898958234,1.0152563106761612,1.0178932793817552,1.0468067864288575,1.3897158779571748,1.085635239164337,1.160764708619213,1.056077294859562,1.0226149798397188,1.026075937707923,1.003044377680296,934960.0757390548,1.0078572158557937,6057,137.3,99.8,18.4,1.9,0.9,10.2,10.8,11.6,11.0,48.2,1.0,1.9,0.9,2.8,0.40437453020289305,0.31825446089568504,0.13929812118837973,0.13807288771304232,55.52062299685722,58.60167217265555,43.69633748097756,45.69078030731937,19.12563203916454,19.67037192278167,18.95740748300071,19.246627581175954,99.8,101.58574928229916,18.4,19.261244870290977,1.9,2.640460168118632,0.9,0.9770717152479033,10.2,11.839800027915972,10.8,11.40563478448327,11.6,11.862333766140738,11.0,11.286835314787153,48.2,48.34673900419027,1.0,1.0078572158557937
34,2018,1.0395524664099964,1.037868389556127,1.022027231513594,1.0075295059072022,1.0206389395857125,1.041203189694958,1.3169786344979126,1.136403219448244,1.1363179562414998,1.0420410053234368,1.021612423622832,1.0023748141973912,1.0016454842069622,934960.0771351856,1.005544888743091,6076,139.5,95.3,22.1,2.2,0.9,12.0,12.0,11.3,11.7,52.6,1.0,2.2,0.9,3.1,0.41078522619197,0.30860764832490944,0.14582950153789673,0.13477762394522394,57.30453905377981,59.57107490984477,43.050766941324866,44.681030154548985,20.343215464536595,20.79132018130487,18.80147854035874,18.94304438409251,95.3,97.2668909425184,22.1,23.010590492258576,2.2,2.897352995895408,0.9,1.0227628975034198,12.0,13.635815474897997,12.0,12.50449206388124,11.3,11.544220386938004,11.7,11.727785326109476,52.6,52.68655246928621,1.0,1.005544888743091
34,2019,1.066605012009184,1.0345632292720122,1.0419219823345407,1.008343939224962,1.024400845255994,1.0395821867475163,1.5619507252939837,1.2202492163179148,1.096553788528862,1.089969695515066,1.0205810037263057,1.0037948331954376,1.0056512166091978,961750.1891664852,1.0477616232772795,6092,147.3,102.7,20.6,2.3,0.9,14.7,15.2,12.5,12.0,63.7,1.0,2.3,0.9,3.1999999999999997,0.3889139046768503,0.3017073522524845,0.1577636955811009,0.1516150474895643,57.28701815890005,61.10262069134392,44.441492986790976,45.977534498083955,23.238592359096163,24.212800217453786,22.332896495212825,22.51924082628625,102.7,105.20596680779059,20.6,21.415393046998837,2.3,3.5924866681761625,0.9,1.0982242946861234,14.7,16.119340691374273,15.2,16.567539371829003,12.5,12.75726254657882,12.0,12.045537998345251,63.7,64.0599824980059,1.0,1.0477616232772795
34,2020,1.0910765140203598,1.0553069953327046,1.0657478171197203,1.0232942354407273,1.047737162174101,1.065898843295337,1.7509389398300836,1.1177292761674225,1.1379922937226183,1.1081162329329826,1.045375841858226,1.0074910918350366,1.0097953738309984,961750.1898373956,1.0461304997367928,6105,148.3,104.8,18.1,2.3,0.9,15.7,14.6,14.2,11.3,55.9,0.9,2.3,0.9,3.1999999999999997,0.383596972737916,0.3040208597457999,0.1568831181667226,0.1554990493495615,56.88743105703295,62.06853996928106,45.086293500302126,47.57988092449229,23.265766424124962,24.79543978012846,23.06050901853997,23.597685945000855,104.8,109.80285459584577,18.1,19.2927690636456,2.3,4.027159561609192,0.9,1.0059563485506802,15.7,17.866479011445108,14.6,16.178497000821544,14.2,14.844336954386808,11.3,11.384649337735913,55.9,56.44756139715281,0.9,0.9415174497631136
34,2021,1.0401403778660137,1.0279665552467885,1.003437038214973,1.0013468329351791,1.0021037012096792,1.0067110416890823,1.4701536188061657,1.0562884915293016,1.1125937528569887,1.0512150266574838,1.0011077992845547,1.0017413880562538,1.0014544895330295,839353.5829673137,1.00016372480983,6113,151.6,112.6,24.0,2.6,1.1,15.5,15.1,13.8,13.3,57.3,0.9,2.6,1.1,3.7,0.35663209232412363,0.29174605615956006,0.19699531611272386,0.15462653540359242,54.06542519633714,56.2356317932048,44.2287021137893,45.465626554948344,29.864489922688936,29.967135315823896,23.44138276718461,23.472954393541595,112.6,112.83687675620988,24.0,24.161065000537974,2.6,3.8223994088960307,1.1,1.1619173406822318,15.5,17.245203169283325,15.1,15.873346902528004,13.8,13.815287630126855,13.3,13.323160461148175,57.3,57.383342250242585,0.9,0.9001473523288471
34,2022,1.066850508816516,1.0180205746605062,1.0161643905549853,1.0021204018064416,1.0122523893960798,1.0131433808908317,3.835407733312477,1.0246887819501005,1.1121127764604912,1.110856557404404,1.0091039805590474,1.0031023364973364,1.0030608434723516,839460.0807712048,1.0061078740956904,6127,139.5,112.4,26.3,2.7,1.0,15.0,14.1,13.8,11.5,55.7,0.9,2.7,1.0,3.7,0.3521831923807724,0.2895270464075951,0.2000047663969131,0.1582849948147193,49.12955533711775,52.41389110933326,40.38902297385951,41.116856377824845,27.900664912369376,28.35166215675669,22.08075677665334,22.127576853210154,112.4,113.77716856811936,26.3,26.645670917428873,2.7,10.355600879943688,1.0,1.0246887819501005,15.0,16.681691646907367,14.1,15.663077459402096,13.8,13.925634931714855,11.5,11.535676869719369,55.7,55.870488981409984,0.9,0.9054970866861214
34,2023,1.0366084970297067,1.0172809222469228,1.0000049210407838,1.0,1.0006415798168198,1.0012263319943064,1.7764658778315012,1.019214032635553,1.0474618470290704,1.0596179823037493,1.0,1.0007197971710426,1.0,934960.0557339912,1.0032341085569445,6121,147.1,123.5,31.1,3.2,1.4,17.1,16.0,17.1,13.3,67.6,0.9,3.2,1.4,4.6,0.33679105804129567,0.28240362080888953,0.21810400143854491,0.16270131971126991,49.54196463787459,51.355621503166056,41.54157262098765,42.259449307465836,32.083098611609955,32.08325649384669,23.933364129527803,23.933364129527803,123.5,123.57923510737724,31.1,31.138138925022933,3.2,5.684690809060804,1.4,1.426899645689774,17.1,17.911597584197107,16.0,16.953887716859988,17.1,17.1,13.3,13.309573302374869,67.6,67.6,0.9,0.9029106977012501
34,2024,1.0255836174787447,1.004754244342139,1.0,1.0,1.0004410255360694,1.0009359303233107,2.093758877196099,1.0157550827533397,1.032379633516184,1.140948223514806,1.0,1.0,1.0,934960.0232102632,1.0030729772581448,6123,134.3,128.7,30.25,4.15,1.6,17.8,17.2,15.6,13.2,69.5,0.9,4.15,1.6,5.75,0.33416243633471293,0.28011329212391384,0.22216571598594262,0.16355855555543064,44.87801519975195,46.02615717382769,37.619215132241635,37.798066072939804,29.836855656912096,29.836855656912096,21.965914011094338,21.965914011094338,128.7,128.7567599864921,30.25,30.27831189228015,4.15,8.689099340363812,1.6,1.6252081324053436,17.8,18.376357476588073,17.2,19.624309444454664,15.6,15.6,13.2,13.2,69.5,69.5,0.9,0.9027656795323303
35,2015,1.0530273147267428,1.0805738421740672,1.0523823857847832,1.0343823660816431,1.0383535296149304,1.0584686722513994,1.3287223423497294,1.2170765400654808,1.1853958782364309,1.067398242042826,1.0400538170421705,1.0743226961899806,1.0117821684893578,907500.5330807496,1.0510445218134143,3984,126.7,88.7,25.5,1.5,0.7,10.6,26.0,8.2,10.8,37.4,1.6,1.5,0.7,2.2,0.5218685076039827,0.22975956807066555,0.09135449503874242,0.15701742928660933,66.12073991342461,69.62694519877888,29.110537274553327,31.456085110515485,11.574614521408664,12.180920444579247,19.894108290613403,20.578114804729125,88.7,92.10195807684433,25.5,26.990951142410683,1.5,1.9930835135245941,0.7,0.8519535780458365,10.6,12.565196309306167,26.0,27.752354293113477,8.2,8.528441299745797,10.8,11.60268511885179,37.4,37.84065310150198,1.6,1.681671234901463
35,2016,1.0973841711259746,1.05059756528558,1.070298391072149,1.0302273650240548,1.044585568672106,1.0708305312054665,1.4483349210230143,1.2279019635720356,1.1501003864032382,1.101909431998469,1.0475345597921497,1.0484687631645553,1.0099283224596531,907499.9968010008,1.061743445875789,4016,128.4,91.7,25.8,1.9,0.8,12.2,26.6,8.8,11.0,40.1,1.7,1.9,0.8,2.7,0.48993284498834405,0.26018419609399,0.09387162565357783,0.15601133326408814,62.90737729650338,69.0335600922323,33.40765077846832,35.09799656976973,12.053116733919394,12.900431447718724,20.031855191108917,20.637365390079573,91.7,95.78849664723212,25.8,27.627427705101034,1.9,2.7518363499437273,0.8,0.9823215708576285,12.2,14.031224714119505,26.6,29.31079089115928,8.8,9.218304126170919,11.0,11.533156394810108,40.1,40.49812573063209,1.7,1.8049638579888414
35,2017,1.0783113716120536,1.0658280975873482,1.041136662946493,1.0235579089389926,1.0252241123167196,1.062239636938611,1.4389543792059931,1.1096965779608512,1.2082371329578696,1.083367236827517,1.035319224155732,1.0377585065514947,1.0060732994936528,907499.9469546746,1.0124454033840176,4065,122.0,89.5,25.9,1.9,0.8,11.8,25.8,8.7,10.8,41.2,1.8,1.9,0.8,2.7,0.5330036099424154,0.25910242382284254,0.08972702907228482,0.11816693716245733,65.02644041297468,70.11875015276419,31.61049570638679,33.69135450253127,10.946697546818747,11.397008154179433,14.416366333819793,14.755985779143078,89.5,91.75755805234641,25.9,27.51200659671002,1.9,2.734013320491387,0.8,0.887757262368681,11.8,14.257198168902862,25.8,27.950874710149936,8.7,9.007277250154868,10.8,11.207791870756143,41.2,41.4502199391385,1.8,1.8224017260912317
35,2018,1.053067668286281,1.046106595951943,1.0284836979140677,1.0097879686993618,1.0235947991095533,1.0500259703321415,1.3863635740971771,1.1543107357722104,1.1739346120095746,1.0599768425360576,1.0253416960314563,1.0044166709302955,1.0034402663293434,907499.9507641448,1.008833456116344,4104,125.1,90.8,29.1,1.9,0.7,11.5,23.9,8.6,11.7,47.2,1.7,1.9,0.7,2.5999999999999996,0.5269483494090156,0.26013004013237995,0.09314805467926002,0.11977355577934452,65.92123851106784,69.419524929394,32.542268020560726,34.04268122354456,11.652821640375427,11.984737091826391,14.983671827996,15.130331538849934,90.8,92.94240775914744,29.1,30.55575573666532,1.9,2.6340907907846365,0.7,0.8080175150405473,11.5,13.500248038110108,23.9,25.333446536611774,8.6,8.817938585870523,11.7,11.751675049884456,47.2,47.36238057074501,1.7,1.7150168753977846
35,2019,1.098554259781012,1.0519231885510418,1.062945420420412,1.015757781032066,1.0351491011766458,1.0596888595553955,1.7413860135403714,1.2871154455812104,1.1432141896441257,1.1343177500514423,1.0318109153863166,1.0074588806681284,1.0111409590301823,947911.2984411224,1.089603849849364,4137,120.2,86.4,22.3,2.2,0.7,13.0,25.3,9.1,10.7,44.8,1.6,2.2,0.7,2.9000000000000004,0.486327477549856,0.2972629741954967,0.0939144709879126,0.1224950772667347,58.456562801492694,64.21770607773605,35.731009498298704,37.586277441597936,11.288519412747094,11.999080013106443,14.72390828746151,14.95592441019155,86.4,89.43688234166221,22.3,23.63106156808532,2.2,3.8310492297888175,0.7,0.9009808119068472,13.0,14.861784465373635,25.3,28.69823907630149,9.1,9.389479330015481,10.7,10.779810023148974,44.8,45.29911496455217,1.6,1.7433661597589827
35,2020,1.1264045496696615,1.082147702810347,1.091804360720081,1.0342560689350957,1.063288712348151,1.0908983438625637,1.9550399291785172,1.1741574039363407,1.1914180649991044,1.1553406523507022,1.0598326964924016,1.015661864696758,1.0153396248806286,947911.29935477,1.0879866143379306,4161,124.4,89.6,19.3,2.1,0.6,15.7,26.4,10.7,11.7,45.0,1.6,2.1,0.6,2.7,0.48347644507926507,0.29992374581721676,0.09207420375972042,0.12452560534379781,60.14446976786058,67.74700438398757,37.31051397966176,40.37548699376431,11.45403094770922,12.505560936531689,15.490985304768447,16.02164556524115,89.6,95.27066862639431,19.3,21.05433803654748,2.1,4.105583851274886,0.6,0.7044944423618044,15.7,18.705263620485937,26.4,30.500993222058536,10.7,11.340209852468696,11.7,11.883243816952067,45.0,45.69028311962828,1.6,1.7407785829406892
35,2021,1.0583658387176411,1.0434410607371452,1.0055655851062593,1.002815866587199,1.0043982752359677,1.0121264290223624,1.6172292477109125,1.081523288654349,1.148360409738237,1.074268764448269,1.0023161113076622,1.003640775566792,1.0030409476710211,825812.1421313747,1.0003423046834197,4187,129.2,94.5,27.7,2.4,0.8,15.0,26.8,11.4,13.4,48.6,1.6,2.4,0.8,3.2,0.4485955294523804,0.31852088424721203,0.11200125190820162,0.12088233439220583,57.95854240524754,61.34134134358178,41.15289824473979,42.94062379689908,14.470561746539648,14.551098889475394,15.617997603472991,15.661975801083564,94.5,94.91563700979894,27.7,28.03590208391944,2.4,3.8813501945061897,0.8,0.8652186309234793,15.0,17.225406146073553,26.8,28.790402887213606,11.4,11.42640366890735,13.4,13.448786392595013,48.6,48.74779005681163,1.6,1.6005476874934716
35,2022,1.0934499703681049,1.028698179225922,1.0215139430234903,1.004433191706438,1.016606556858907,1.018564668659478,4.9913050658392315,1.036124300187779,1.1526960220896525,1.1560982848996255,1.0122123452849023,1.006486153892527,1.0063994031013892,825903.2979825416,1.0127699272386597,4188,120.9,90.2,29.9,2.5,0.8,13.6,25.7,11.1,11.4,41.7,1.5,2.5,0.8,3.3,0.4347672125625832,0.33140754209213,0.1138763462396555,0.1199488991056312,52.56335599881631,57.475400059353845,40.06717183893852,41.21702671744819,13.76765026037435,14.063846703643385,14.501821901870812,14.566111258454427,90.2,91.69791142867342,29.9,30.455083592918392,2.5,12.478262664598079,0.8,0.8288994401502232,13.6,15.676665900419273,25.7,29.711725921920376,11.1,11.235557032662415,11.4,11.473942154374807,41.7,41.96685510932793,1.5,1.5191548908579895
35,2023,1.0513143008680184,1.025685469041751,1.0000102885769686,1.0,1.001341371392112,1.0025639314256305,2.029384801138103,1.0218118426825775,1.0757469350592008,1.0841278190567831,1.0,1.0015049029100471,1.0,907499.9174636108,1.0067616539416298,4183,129.0,104.7,35.7,3.5,0.9,14.6,31.5,14.0,13.0,55.0,1.4,3.5,0.9,4.4,0.395337509583297,0.3573758405888136,0.1312017169936292,0.1160849328342601,50.998538736245315,53.615493096786295,46.10148343595696,47.28562166153002,16.925021492178168,16.925195626564484,14.974956335619552,14.974956335619552,104.7,104.84044158475413,35.7,35.791532351895015,3.5,7.102846803983359,0.9,0.9196306584143198,14.6,15.705905251864332,31.5,34.150026300288665,14.0,14.0,13.0,13.019563737830612,55.0,55.0,1.4,1.4094663155182816
35,2024,1.035270215232366,1.007959063307914,1.0,1.0,1.0009220661588245,1.0019567793870483,2.467998297988687,1.0178306598107922,1.0548299811605557,1.2006553867241592,1.0,1.0,1.0,907499.8677567284,1.0064247715944656,4193,117.0,96.9,33.53,4.23,1.23,14.5,30.7,13.1,12.1,53.1,1.4,4.23,1.23,5.460000000000001,0.3764303251609088,0.36888254079815225,0.14051011487340592,0.11417701916753303,44.04234804382633,45.595731138670864,43.159257273383815,43.502764534345225,16.439683440188492,16.439683440188492,13.358711242601364,13.358711242601364,96.9,96.9893482107901,33.53,33.59561081284773,4.23,10.439632800492149,1.23,1.2519317115672743,14.5,15.295034726828058,30.7,36.86012037243169,13.1,13.1,12.1,12.1,53.1,53.1,1.4,1.4089946802322517
36,2015,1.067547582896943,1.11505468643159,1.0660632639217913,1.045858397582883,1.0454997189189723,1.0790458439426072,1.3112459260770457,1.2430844634625011,1.203022708484631,1.0738277214330243,1.0533861032048897,1.1071983506836638,1.0150451740048658,936428.5928034348,1.0723920231297743,4485,150.9,108.8,20.6,1.6,0.2,8.1,12.2,7.5,11.2,35.8,1.2,1.6,0.2,1.8,0.7336093181659353,0.12721215732200092,0.08737504419222941,0.05180348031983441,110.70164611123964,118.17927472876664,19.19631453988994,21.40494048991915,13.18489416860742,14.055931311849019,7.8171451802630125,8.175626931902631,108.8,113.75036941838418,20.6,22.22834438521771,1.6,2.097993481723273,0.2,0.24861689269250023,8.1,9.74448393872551,12.2,13.100698201482896,7.5,7.900395774036673,11.2,12.400621527657034,35.8,36.338617229374194,1.2,1.2868704277557292
36,2016,1.0839843607297923,1.068491572780096,1.0652255162101594,1.0358888900730066,1.044974782133454,1.0773768204456713,1.3702065160654513,1.228541721831525,1.158194496233873,1.0847302264659675,1.0462324644446688,1.058621005252286,1.0102829016798571,936428.2306789724,1.0840419484383457,4496,146.2,112.2,19.9,1.8,0.3,8.5,12.2,6.8,10.1,38.2,1.0,1.8,0.3,2.1,0.6811949197031772,0.14508282994263494,0.09876835678776322,0.07495389356642472,99.5906972606045,107.95475830467065,21.211109737613228,22.66389200395357,14.43993376237098,15.381785896062137,10.958259239411293,11.351539000646033,112.2,117.24617055537355,19.9,21.439798726868858,1.8,2.4663717289178124,0.3,0.36856251654945754,8.5,9.84465321798792,12.2,13.233708762884802,6.8,7.1143807582237475,10.1,10.692072153048088,38.2,38.592806844170546,1.0,1.0840419484383457
36,2017,1.076002746799277,1.0878275797180228,1.0508234824441824,1.0324013580079583,1.0313439133485596,1.0835535224245116,1.3777215681238657,1.1440693219599214,1.246429051892327,1.0691575656007837,1.0421344491056008,1.0510967109960725,1.0053425507403884,936428.1970503888,1.018030163352478,4511,140.4,110.0,20.6,2.1,0.4,8.4,12.6,7.0,11.1,39.4,1.1,2.1,0.4,2.5,0.7331851104899338,0.13165989673233452,0.08220368778414251,0.052951304993589014,102.93918951278671,110.76285066904983,18.48504950121977,20.108546659879746,11.54139776489361,12.127971791579007,7.434363221099898,7.675246685387954,110.0,113.44783046834155,20.6,22.32120256194494,2.1,2.893215293060118,0.4,0.45762772878396857,8.4,10.470004035895546,12.6,13.471385326569873,7.0,7.294941143739206,11.1,11.667173492056405,39.4,39.6104964991713,1.1,1.1198331796877259
36,2018,1.0446191599647672,1.0603728213400203,1.0276122986461764,1.0104247486525808,1.0202619654508798,1.0626404802993528,1.3185775951393603,1.1881302624702488,1.2019645349687067,1.0420563311613689,1.0294745616775198,1.0046270945944482,1.0026618757867416,936428.1992757556,1.0129215867712773,4513,134.5,97.0,25.5,2.2,0.4,8.7,12.7,7.2,10.8,41.5,1.1,2.2,0.4,2.6,0.7092397778726762,0.13635991839969513,0.09477791368728093,0.05962239004034761,95.39275012387495,99.64909450113119,18.340409024758994,19.447671262113666,12.747629390939286,13.099620740712679,8.019211460426753,8.102809724293598,97.0,98.96541064873534,25.5,27.097332247633496,2.2,2.900870709306593,0.4,0.47525210498809956,8.7,10.457091454227747,12.7,13.234115405749383,7.2,7.412216844078143,10.8,10.849972621620042,41.5,41.61046784514978,1.1,1.1142137454484051
36,2019,1.065692908924039,1.0368503677079794,1.0442505038427554,1.0132078215698723,1.0251181931046975,1.0492316998357665,1.5502453600196362,1.2433402088991434,1.1325849180795051,1.0860698683659669,1.0239380192507324,1.00681922338189,1.0084476741333908,963703.9103767488,1.088763162786576,4516,134.0,90.4,23.5,2.5,0.3,10.6,15.5,7.7,11.0,45.9,1.0,2.5,0.3,2.8,0.6131466012029321,0.17359409567275963,0.11388540933080472,0.09937389379350353,82.1616445611929,87.55908199440061,23.26160882014979,24.118807658651487,15.260644850327832,15.935936073920189,13.316101768329473,13.49197846449183,90.4,92.67068465666466,23.5,24.656944946140513,2.5,3.8756134000490903,0.3,0.373002062669743,10.6,12.005400131642753,15.5,16.834082959672486,7.7,7.884322748230639,11.0,11.075011457200791,45.9,46.287748242722635,1.0,1.088763162786576
36,2020,1.085807179037857,1.0561505227753107,1.067405531627212,1.0283003620882465,1.0465918544981825,1.076790730287213,1.7399861928909732,1.1560975675936604,1.1766464083288777,1.103103224899713,1.0476727996125623,1.012118229933518,1.012101890249174,963703.9110133906,1.080680280873778,4519,154.0,105.5,24.9,2.6,0.3,12.8,15.7,9.5,11.2,46.7,1.0,2.6,0.3,2.9,0.5904752578903305,0.17979145267514865,0.12095417717775214,0.10877911225676865,90.9331897151109,98.73591020547883,27.68788371197289,29.24257285694218,18.62694328537383,19.88250230011438,16.751983287542373,17.226070480276075,105.5,110.41544064955825,24.9,26.812089184151603,2.6,4.523964101516531,0.3,0.3468292702780981,12.8,15.061074026609635,15.7,17.318720630925494,9.5,9.952891596319342,11.2,11.335724175255402,46.7,47.265158274636434,1.0,1.080680280873778
36,2021,1.0361911408144762,1.0314545285935126,1.003635586692341,1.002178751983016,1.0034031267446326,1.0135838304944909,1.49164523076129,1.0701517769087905,1.1621543938211651,1.0477463799883449,1.001792070734954,1.002817018044081,1.0023529064901742,851940.7247100554,1.000264855235396,4517,174.3,123.8,31.3,3.0,0.5,13.7,18.4,11.2,12.4,58.0,1.2,3.0,0.5,3.5,0.5893986557483567,0.18743352035580016,0.12380192198017574,0.09936590191566742,102.73218569693859,106.4501806956754,32.66966259801597,33.69727143434567,21.57867500114463,21.657126144817145,17.319476703900833,17.357211548114257,123.8,124.22130709098552,31.3,31.725173894477564,3.0,4.47493569228387,0.5,0.5350758884543952,13.7,15.921515195349961,18.4,19.278533391785544,11.2,11.220071192231483,12.4,12.434931023746604,58.0,58.136468576430104,1.2,1.2003178262824752
36,2022,1.0606955743840998,1.0196862822004933,1.0159320464424524,1.0034301430562802,1.0132575961003445,1.014768348488402,3.491023191225289,1.038275322696712,1.13747093867513,1.0994052831439376,1.0097558786210228,1.0050186044749891,1.0049514818140368,852034.8702389494,1.0098806187838163,4528,160.9,124.9,33.2,3.1,0.5,13.4,18.2,11.1,10.4,53.4,1.1,3.1,0.5,3.6,0.5318741109680811,0.2014048286624224,0.144566269226396,0.1221547911431004,85.57854445476426,90.7727833654014,32.40603693178377,33.04399131982247,23.26071271852712,23.631303473843236,19.654705894924856,19.72212434787356,124.9,126.55587375293304,33.2,33.69030916981495,3.1,10.822171892798396,0.5,0.519137661348356,13.4,15.242110578246743,18.2,20.009176153219663,11.1,11.208290252693352,10.4,10.452193486539887,53.4,53.664409128869565,1.1,1.1108686806621981
36,2023,1.0320596762227312,1.0172562535472292,1.0000079606958563,1.0000000000000002,1.0010378743061945,1.0019838193696051,1.709970340199034,1.0183707329883158,1.0578757203639588,1.0520713291649,1.0000000000000002,1.001164405378585,1.0000000000000002,936428.1770061872,1.0052317702126818,4515,158.4,129.6,39.4,4.1,0.7,14.6,19.6,13.1,11.6,59.2,1.1,4.1,0.7,4.8,0.4962482888541186,0.21751469577947735,0.15382907238303703,0.13240794298336703,78.60572895449239,81.12580317402518,34.45432781146921,35.04888042798328,24.366525065473066,24.36671903996819,20.97341816856534,20.973418168565342,129.6,129.7345085100828,39.4,39.47816248316244,4.1,7.010878394816039,0.7,0.712859513091821,14.6,15.444985517313798,19.6,20.62059805163204,13.1,13.100000000000003,11.6,11.613507102391587,59.2,59.20000000000002,1.1,1.10575494723395
36,2024,1.0223858076415802,1.006248044233133,1.0000000000000002,1.0000000000000002,1.0007134405731946,1.0015140408246748,1.9801090011294245,1.0158783584248798,1.0485449550933836,1.1203651739496978,1.0000000000000002,1.0000000000000002,1.0000000000000002,936428.143587732,1.0049711104622294,4502,143.2,129.9,36.57,4.92,0.79,15.6,19.3,10.7,10.6,62.7,1.0,4.92,0.79,5.71,0.4676164028991702,0.2254572027172343,0.1639019381956104,0.1430244561879851,66.96266889516117,68.46168232021508,32.28547142910795,32.48719248268457,23.47075754961141,23.470757549611413,20.481102126119463,20.481102126119467,129.9,129.99267593045798,36.57,36.62536847295836,4.92,9.742136285556768,0.79,0.8025439031556552,15.6,16.357301299456783,19.3,21.623047857229167,10.7,10.700000000000001,10.6,10.600000000000001,62.7,62.70000000000002,1.0,1.0049711104622294
37,2015,1.0,1.0,1.0,1.0,1.0,1.0,1.0,1.0,1.0,1.0,1.0,1.0,1.0,1000000.0,1.0,9866,127.4,88.9,12.9,1.0,1.0,5.9,11.2,15.7,18.2,60.7,0.9,1.0,1.0,2.0,0.15513555142929433,0.5300782809051501,0.17655590128680612,0.13823026637874952,19.7642692520921,19.7642692520921,67.53197298731612,67.53197298731612,22.493221823939102,22.493221823939102,17.61053593665269,17.61053593665269,88.9,88.9,12.9,12.9,1.0,1.0,1.0,1.0,5.9,5.9,11.2,11.2,15.7,15.7,18.2,18.2,60.7,60.7,0.9,0.9
37,2016,1.0,1.0,1.0,1.0,1.0,1.0,1.0,1.0,1.0,1.0,1.0,1.0,1.0,1000000.0,1.0,9973,125.7,94.4,12.8,1.1,1.3,6.3,11.7,16.7,17.7,68.3,1.0,1.1,1.3,2.4000000000000004,0.1784484192076219,0.45900253254126083,0.18204270443465878,0.18050634381645858,22.430966294398072,22.430966294398072,57.69661834043649,57.69661834043649,22.88276794743661,22.88276794743661,22.689647417728843,22.689647417728843,94.4,94.4,12.8,12.8,1.1,1.1,1.3,1.3,6.3,6.3,11.7,11.7,16.7,16.7,17.7,17.7,68.3,68.3,1.0,1.0
37,2017,1.0,1.0,1.0,1.0,1.0,1.0,1.0,1.0,1.0,1.0,1.0,1.0,1.0,1000000.0,1.0,10033,122.8,93.6,13.0,1.2,1.1,5.9,11.6,17.2,17.3,69.8,1.0,1.2,1.1,2.3,0.21665770471414122,0.44257257605669353,0.17702529334956832,0.16374442587959692,26.605566138896542,26.605566138896542,54.34791233976196,54.34791233976196,21.73870602332699,21.73870602332699,20.107815498014503,20.107815498014503,93.6,93.6,13.0,13.0,1.2,1.2,1.1,1.1,5.9,5.9,11.6,11.6,17.2,17.2,17.3,17.3,69.8,69.8,1.0,1.0
37,2018,1.0,1.0,1.0,1.0,1.0,1.0,1.0,1.0,1.0,1.0,1.0,1.0,1.0,1000000.0,1.0,10077,117.2,92.8,15.9,1.2,1.0,6.0,12.1,16.0,16.4,74.2,0.9,1.2,1.0,2.2,0.24918586257011527,0.37361179082287954,0.20186438343903346,0.17533796316797173,29.20458309321751,29.20458309321751,43.78730188444148,43.78730188444148,23.65850573905472,23.65850573905472,20.549609283286287,20.549609283286287,92.8,92.8,15.9,15.9,1.2,1.2,1.0,1.0,6.0,6.0,12.1,12.1,16.0,16.0,16.4,16.4,74.2,74.2,0.9,0.9
37,2019,1.0,1.0,1.0,1.0,1.0,1.0,1.0,1.0,1.0,1.0,1.0,1.0,1.0,1000000.0,1.0,10106,117.6,94.2,14.6,1.1,1.0,6.5,13.8,17.5,16.9,78.1,0.8,1.1,1.0,2.1,0.2662754431174613,0.3434754578635014,0.1891450669732305,0.2011040320458067,31.313992110613448,31.313992110613448,40.39271384474777,40.39271384474777,22.243459876051904,22.243459876051904,23.649834168586867,23.649834168586867,94.2,94.2,14.6,14.6,1.1,1.1,1.0,1.0,6.5,6.5,13.8,13.8,17.5,17.5,16.9,16.9,78.1,78.1,0.8,0.8
37,2020,1.0,1.0,1.0,1.0,1.0,1.0,1.0,1.0,1.0,1.0,1.0,1.0,1.0,1000000.0,1.0,10165,124.0,95.9,12.4,1.1,1.0,8.2,15.7,20.1,17.6,81.1,0.7,1.1,1.0,2.1,0.2632152335688414,0.3211691135949576,0.2042059055093408,0.2114097473268601,32.638688962536335,32.638688962536335,39.824970085774744,39.824970085774744,25.321532283158263,25.321532283158263,26.214808668530655,26.214808668530655,95.9,95.9,12.4,12.4,1.1,1.1,1.0,1.0,8.2,8.2,15.7,15.7,20.1,20.1,17.6,17.6,81.1,81.1,0.7,0.7
37,2021,1.0,1.0,1.0,1.0,1.0,1.0,1.0,1.0,1.0,1.0,1.0,1.0,1.0,1000000.0,1.0,10170,133.9,98.1,20.4,1.1,1.1,9.3,11.9,21.3,17.1,80.6,0.8,1.1,1.1,2.2,0.22571662746243584,0.3772964197580252,0.20603664147836256,0.19095031130117646,30.22345641722016,30.22345641722016,50.519990605599574,50.519990605599574,27.588306293952748,27.588306293952748,25.568246683227528,25.568246683227528,98.1,98.1,20.4,20.4,1.1,1.1,1.1,1.1,9.3,9.3,11.9,11.9,21.3,21.3,17.1,17.1,80.6,80.6,0.8,0.8
37,2022,1.0,1.0,1.0,1.0,1.0,1.0,1.0,1.0,1.0,1.0,1.0,1.0,1.0,1000000.0,1.0,10163,131.6,92.2,20.9,1.1,1.2,8.1,12.6,22.4,14.0,68.6,0.7,1.1,1.2,2.3,0.2459543734374288,0.3581569786467,0.2115020764607023,0.18438657145516896,32.36759554436563,32.36759554436563,47.13345838990572,47.13345838990572,27.83367326222842,27.83367326222842,24.265272803500235,24.265272803500235,92.2,92.2,20.9,20.9,1.1,1.1,1.2,1.2,8.1,8.1,12.6,12.6,22.4,22.4,14.0,14.0,68.6,68.6,0.7,0.7
37,2023,1.0,1.0,1.0,1.0,1.0,1.0,1.0,1.0,1.0,1.0,1.0,1.0,1.0,1000000.0,1.0,10123,127.7,107.2,25.6,1.9,1.9,9.5,15.1,25.1,15.8,83.5,0.8,1.9,1.9,3.8,0.2197072574485056,0.37935718288386316,0.21224766391104807,0.18868789575658318,28.056616776174167,28.056616776174167,48.44391225426933,48.44391225426933,27.10402668144084,27.10402668144084,24.095444288115672,24.095444288115672,107.2,107.2,25.6,25.6,1.9,1.9,1.9,1.9,9.5,9.5,15.1,15.1,25.1,25.1,15.8,15.8,83.5,83.5,0.8,0.8
37,2024,1.0,1.0,1.0,1.0,1.0,1.0,1.0,1.0,1.0,1.0,1.0,1.0,1.0,1000000.0,1.0,10080,98.8,113.2,22.14,2.54,2.06,9.9,13.4,24.7,15.0,84.6,0.7,2.54,2.06,4.6,0.22903464821653682,0.36403305088228216,0.21564254907284433,0.19128975182833674,22.628623243793836,22.628623243793836,35.966465427169474,35.966465427169474,21.30548384839702,21.30548384839702,18.89942748063967,18.89942748063967,113.2,113.2,22.14,22.14,2.54,2.54,2.06,2.06,9.9,9.9,13.4,13.4,24.7,24.7,15.0,15.0,84.6,84.6,0.7,0.7
41,2015,1.0,1.0,1.0,1.0,1.0,1.0,1.0,1.2120496058243084,1.0,1.0,1.0,1.0,1.0,1000000.0,1.0,9701,127.3,80.8,11.3,1.2,0.9,5.1,3.7,12.3,10.9,48.3,1.2,1.2,0.9,2.1,0.2379900934161863,0.4459062410196267,0.1676894237983441,0.1484142417658429,30.296138891880513,30.296138891880513,56.76386448179848,56.76386448179848,21.3468636495292,21.3468636495292,18.8931329767918,18.8931329767918,80.8,80.8,11.3,11.3,1.2,1.2,0.9,1.0908446452418776,5.1,5.1,3.7,3.7,12.3,12.3,10.9,10.9,48.3,48.3,1.2,1.2
41,2016,1.0,1.0,1.0,1.0,1.0,1.0,1.0,1.2887738363816268,1.0,1.0,1.0,1.0,1.0,1000000.0,1.0,9778,125.1,86.3,10.8,1.2,1.1,5.7,4.1,12.8,11.0,55.0,1.3,1.2,1.1,2.3,0.2293698949551728,0.4821419851659353,0.1446391101209076,0.1438490097579843,28.694173858892114,28.694173858892114,60.31596234425851,60.31596234425851,18.094352676125542,18.094352676125542,17.995511120723833,17.995511120723833,86.3,86.3,10.8,10.8,1.2,1.2,1.1,1.4176512200197895,5.7,5.7,4.1,4.1,12.8,12.8,11.0,11.0,55.0,55.0,1.3,1.3
41,2017,1.0,1.0,1.0,1.0,1.0,1.0,1.0,1.0461349028792255,1.0,1.0,1.0,1.0,1.0,1000000.0,1.0,9829,124.5,84.4,10.9,1.2,1.1,5.3,3.8,14.3,11.5,57.6,1.2,1.2,1.1,2.3,0.26374428444082654,0.5201055694492408,0.13137996976327362,0.08477017634665912,32.836163412882904,32.836163412882904,64.75314339643047,64.75314339643047,16.356806235527568,16.356806235527568,10.55388695515906,10.55388695515906,84.4,84.4,10.9,10.9,1.2,1.2,1.1,1.150748393167148,5.3,5.3,3.8,3.8,14.3,14.3,11.5,11.5,57.6,57.6,1.2,1.2
41,2018,1.0,1.0,1.0,1.0,1.0,1.0,1.0,1.0755941861821576,1.0,1.0,1.0,1.0,1.0,1000000.0,1.0,9864,123.4,84.7,12.9,1.2,1.1,6.0,4.0,12.8,12.5,56.0,1.3,1.2,1.1,2.3,0.27880908234218027,0.44433870618158094,0.16162143995334372,0.11523077152289511,34.40504076102505,34.40504076102505,54.83139634280709,54.83139634280709,19.944085690242616,19.944085690242616,14.219477205925257,14.219477205925257,84.7,84.7,12.9,12.9,1.2,1.2,1.1,1.1831536048003735,6.0,6.0,4.0,4.0,12.8,12.8,12.5,12.5,56.0,56.0,1.3,1.3
41,2019,1.0,1.0,1.0,1.0,1.0,1.0,1.0,1.1473820885641182,1.0,1.0,1.0,1.0,1.0,1000000.0,1.0,9901,132.2,89.3,12.0,1.4,1.0,6.9,4.7,14.6,13.1,62.5,1.2,1.4,1.0,2.4,0.2628405691542886,0.5752479650988555,0.0767990969179694,0.0851123688288865,34.74752324219695,34.74752324219695,76.04778098606869,76.04778098606869,10.152840612555554,10.152840612555554,11.251855159178794,11.251855159178794,89.3,89.3,12.0,12.0,1.4,1.4,1.0,1.1473820885641182,6.9,6.9,4.7,4.7,14.6,14.6,13.1,13.1,62.5,62.5,1.2,1.2
41,2020,1.0,1.0,1.0,1.0,1.0,1.0,1.0,1.0,1.0,1.0,1.0,1.0,1.0,1000000.0,1.0,9941,150.9,94.1,10.3,1.5,1.1,8.7,5.2,18.9,13.5,62.7,1.2,1.5,1.1,2.6,0.29011481869037736,0.5011343561911611,0.09966899192388493,0.10908183319457673,43.77832614037795,43.77832614037795,75.62117434924622,75.62117434924622,15.040050881314237,15.040050881314237,16.46044862906163,16.46044862906163,94.1,94.1,10.3,10.3,1.5,1.5,1.1,1.1,8.7,8.7,5.2,5.2,18.9,18.9,13.5,13.5,62.7,62.7,1.2,1.2
41,2021,1.0,1.0,1.0,1.0,1.0,1.0,1.0,1.0,1.0,1.0,1.0,1.0,1.0,44.33407916107944,1.0,9883,146.7,103.2,18.2,1.9,1.4,9.5,5.9,20.0,16.0,73.0,1.1,1.9,1.4,3.3,0.2826040409954767,0.6144133579029908,0.1029826011015324,0.0,41.45801281403643,41.45801281403643,90.13443960436874,90.13443960436874,15.107547581594803,15.107547581594803,0.0,0.0,103.2,103.2,18.2,18.2,1.9,1.9,1.4,1.4,9.5,9.5,5.9,5.9,20.0,20.0,16.0,16.0,73.0,73.0,1.1,1.1
41,2022,1.0,1.0,1.0,1.0,1.0,1.0,1.0,1.0,1.0,1.0,1.0,1.0,1.0,1155.6092826967065,1.0,9872,137.0,104.5,19.6,1.7,1.3,8.7,5.7,20.1,13.1,67.7,1.1,1.7,1.3,3.0,0.2693482254840212,0.5241689624653286,0.1388640276672048,0.0676187843834453,36.900706891310904,36.900706891310904,71.81114785775002,71.81114785775002,19.024371790407056,19.024371790407056,9.263773460532006,9.263773460532006,104.5,104.5,19.6,19.6,1.7,1.7,1.3,1.3,8.7,8.7,5.7,5.7,20.1,20.1,13.1,13.1,67.7,67.7,1.1,1.1
41,2023,1.0,1.0,1.0,1.0,1.0,1.0,1.0,1.0,1.0,1.0,1.0,1.0,1.0,1000000.0,1.0,9815,151.0,117.3,24.8,2.1,1.6,10.6,7.7,24.3,13.4,73.8,1.1,2.1,1.6,3.7,0.24862062482173364,0.5794750160707881,0.12194051720878692,0.049963841898691304,37.54171434808178,37.54171434808178,87.50072742668901,87.50072742668901,18.413018098526823,18.413018098526823,7.544540126702387,7.544540126702387,117.3,117.3,24.8,24.8,2.1,2.1,1.6,1.6,10.6,10.6,7.7,7.7,24.3,24.3,13.4,13.4,73.8,73.8,1.1,1.1
41,2024,1.0,1.0,1.0,1.0,1.0,1.0,1.0,1.0,1.0,1.0,1.0,1.0,1.0,1000000.0,1.0,9785,141.9,111.5,21.71,3.17,1.96,10.4,7.2,22.9,12.7,74.7,1.0,3.17,1.96,5.13,0.26521885417572827,0.5723926338270237,0.12992441212030423,0.03246409987694391,37.63455540753584,37.63455540753584,81.22251474005466,81.22251474005466,18.436274079871172,18.436274079871172,4.606655772538341,4.606655772538341,111.5,111.5,21.71,21.71,3.17,3.17,1.96,1.96,10.4,10.4,7.2,7.2,22.9,22.9,12.7,12.7,74.7,74.7,1.0,1.0
42,2015,1.0482010661088983,1.1922863503346917,1.044826066381307,1.0220475413013776,1.0084462868019466,1.1002544746610734,1.265688694316308,1.2245020134404947,1.231327826177904,1.0,1.0555989799927157,1.140529508066394,1.0,1000000.0,1.044706349510581,5850,123.1,117.3,22.4,1.6,0.6,5.5,14.9,8.5,8.0,33.4,0.9,1.6,0.6,2.2,0.625954535350638,0.18345845940241584,0.15735399263730893,0.033233012609637305,77.05500330166355,80.76913660982841,22.583736352437388,26.926280592568475,19.370276493652728,20.238569793581476,4.090983852246352,4.181179987692023,117.3,118.29074944186833,22.4,24.645700232408043,1.6,2.0251019109060926,0.6,0.7347012080642968,5.5,6.7723030439784715,14.9,14.9,8.5,8.972591329938084,8.0,9.124236064531152,33.4,33.4,0.9,0.9402357145595229
42,2016,1.0,1.0713085905712243,1.0,1.0,1.0,1.043097679778784,1.1684053929936895,1.1784755306048362,1.115867657123632,1.0,1.0,1.039533756348306,1.0,1000000.0,1.0696071281386872,5885,115.3,119.7,20.8,1.6,0.8,6.1,15.8,8.4,7.6,37.6,0.9,1.6,0.8,2.4000000000000004,0.5605515204009175,0.18867874573209875,0.16143121003869815,0.08933852382828573,64.63159030222579,64.63159030222579,21.754659382910987,23.30595348186343,18.613018517461896,18.613018517461896,10.300731797401346,10.300731797401346,119.7,119.7,20.8,21.69643173939871,1.6,1.8694486287899033,0.8,0.942780424483869,6.1,6.806792708454154,15.8,15.8,8.4,8.4,7.6,7.900456548247125,37.6,37.6,0.9,0.9626464153248185
42,2017,1.0462147323672408,1.1113300462991886,1.0356693859693855,1.0176601891982249,1.0156268226993297,1.11852852466806,1.3199472916314567,1.2258666990925882,1.4011378753990973,1.0,1.0243362380182774,1.0631268907489877,1.0,1000000.0,1.0016016223861826,5904,112.2,116.6,20.7,1.7,0.6,5.4,15.1,7.6,6.9,40.3,0.9,1.7,0.6,2.3,0.7110499944714268,0.1636965738955559,0.1252534316330173,0.0,79.77980937969409,83.46681191848614,18.366755591081372,20.411527341402344,14.053435029224541,14.554712427477634,0.0,0.0,116.6,118.42208752674183,20.7,23.153540460628843,1.7,2.2439103957734763,0.6,0.7355200194555529,5.4,7.566144527155126,15.1,15.1,7.6,7.784955408938909,6.9,7.335575546168015,40.3,40.3,0.9,0.9014414601475643
42,2018,1.013595137751741,1.120071883709067,1.003879578500408,1.0,1.0,1.0862368711498422,1.2851847961547005,1.361915625414256,1.335786065628075,1.0,1.0552417373640222,1.0,1.0,1000000.0,1.0,5917,110.9,111.4,22.9,1.9,0.6,5.6,15.4,7.1,6.8,43.7,0.8,1.9,0.6,2.5,0.6707059237561328,0.15452739805575144,0.15207142998903803,0.022695248199077703,74.38128694455513,75.39251078671812,17.137088444382837,19.19477093518877,16.864721585784316,16.93014959706389,2.5169030252777174,2.5169030252777174,111.4,111.4,22.9,24.874824349331387,1.9,2.441851112693931,0.6,0.8171493752485536,5.6,7.480401967517219,15.4,15.4,7.1,7.4922163352845565,6.8,6.8,43.7,43.7,0.8,0.8
42,2019,1.0,1.0,1.0,1.0,1.0,1.0,1.4032725824544836,1.050339449794691,1.0621720493278872,1.0,1.0,1.0,1.0,1000000.0,1.0,5927,117.7,104.9,20.4,2.3,0.6,7.0,17.6,7.6,7.4,43.1,0.7,2.3,0.6,2.9,0.4717728522406896,0.2090301346611334,0.1830677860098072,0.1361292270883697,55.52766470872917,55.52766470872917,24.602846849615403,24.602846849615403,21.547078413354306,21.547078413354306,16.022410028301113,16.022410028301113,104.9,104.9,20.4,20.4,2.3,3.227526939645312,0.6,0.6302036698768145,7.0,7.435204345295211,17.6,17.6,7.6,7.6,7.4,7.4,43.1,43.1,0.7,0.7
42,2020,1.0,1.0,1.0,1.0,1.0,1.0,1.5401152078364035,1.0237905895554846,1.0830339561692752,1.0,1.0,1.0,1.0,1000000.0,1.0253551798104767,5745,132.9,126.8,19.4,2.5,0.7,7.7,18.1,9.7,7.7,42.5,0.8,2.5,0.7,3.2,0.4244885552605728,0.22070636122625584,0.19881938865013613,0.15598569486303532,56.41452899413012,56.41452899413012,29.331875406969402,29.331875406969402,26.423096751603094,26.423096751603094,20.730498847297394,20.730498847297394,126.8,126.8,19.4,19.4,2.5,3.8502880195910087,0.7,0.7166534126888392,7.7,8.339361462503419,18.1,18.1,9.7,9.7,7.7,7.7,42.5,42.5,0.8,0.8202841438483814
42,2021,1.0,1.0,1.0,1.0,1.0,1.0,1.5922811068696046,1.0,1.2573319892161394,1.0,1.0,1.0,1.0,1000000.0,1.0,5830,134.9,133.8,28.1,2.5,0.7,8.5,19.5,9.6,10.9,49.2,0.8,2.5,0.7,3.2,0.4523766514299484,0.23532382263408388,0.17900526465114094,0.13329426128482685,61.025610277900036,61.025610277900036,31.745183673337916,31.745183673337916,24.147810201438915,24.147810201438915,17.981395847323142,17.981395847323142,133.8,133.8,28.1,28.1,2.5,3.9807027671740114,0.7,0.7,8.5,10.687321908337186,19.5,19.5,9.6,9.6,10.9,10.9,49.2,49.2,0.8,0.8
42,2022,1.0,1.0,1.0,1.0,1.0,1.0,1.483973439566482,1.0,1.119797588920847,1.0,1.0,1.0,1.0,1000000.0,1.0,5844,117.2,124.7,26.9,2.5,0.7,8.0,17.9,9.9,9.1,44.6,0.8,2.5,0.7,3.2,0.3535606752229418,0.2418876795511011,0.2218854490389503,0.1826661961870068,41.437311136128784,41.437311136128784,28.349236043389052,28.349236043389052,26.004974627364977,26.004974627364977,21.408478193117197,21.408478193117197,124.7,124.7,26.9,26.9,2.5,3.709933598916205,0.7,0.7,8.0,8.958380711366775,17.9,17.9,9.9,9.9,9.1,9.1,44.6,44.6,0.8,0.8
42,2023,1.0,1.0,1.0,1.0,1.0,1.0,1.3335627411495805,1.0,1.0,1.0,1.0,1.0,1.0,1000000.0,1.0,5838,116.7,128.1,30.6,2.9,1.0,9.6,17.6,10.8,9.2,49.6,1.1,2.9,1.0,3.9,0.32838133047049534,0.25671073433241604,0.22331366421611842,0.19159427098097032,38.32210126590681,38.32210126590681,29.95814269659295,29.95814269659295,26.06070461402102,26.06070461402102,22.359051423479237,22.359051423479237,128.1,128.1,30.6,30.6,2.9,3.867331949333783,1.0,1.0,9.6,9.6,17.6,17.6,10.8,10.8,9.2,9.2,49.6,49.6,1.1,1.1
42,2024,1.0,1.0,1.0,1.0,1.0,1.0,1.2162751437453427,1.0,1.0,1.0,1.0,1.0,1.0,1000000.0,1.0,5834,99.3,111.3,25.89,3.43,1.01,8.3,16.8,9.0,8.2,47.3,0.9,3.43,1.01,4.44,0.299357598050485,0.2645562251951403,0.2319733553153444,0.2041128214390303,29.72620948641316,29.72620948641316,26.270433161877435,26.270433161877435,23.0349541828137,23.0349541828137,20.26840316889571,20.26840316889571,111.3,111.3,25.89,25.89,3.43,4.1718237430465255,1.01,1.01,8.3,8.3,16.8,16.8,9.0,9.0,8.2,8.2,47.3,47.3,0.9,0.9
43,2015,1.2287908315974436,1.329068406026092,1.2220819071346731,1.1861043510702778,1.16103532907999,1.2388128856893603,1.3129704752987823,1.4699152388914636,1.4222873675682073,1.2291680013233588,1.1744649442087576,1.368877356422345,1.0676023428817176,1000000.0,1.3122197392057562,6615,148.4,102.0,25.9,1.5,0.5,9.7,11.5,7.2,5.8,50.5,1.8,1.5,0.5,2.0,0.6916222440100601,0.15893721040574374,0.10193089910749241,0.04750964647670371,102.63674101109292,126.11908633947232,23.586282024212373,31.347782254001807,15.126545427551875,18.485877484461867,7.05043153714283,8.362547523128217,102.0,118.42560356615897,25.9,32.08525373935443,1.5,1.9694557129481733,0.5,0.7349576194457318,9.7,13.79618746541161,11.5,14.135432015218626,7.2,8.456147598303055,5.8,7.939488667249601,50.5,53.91391831552674,1.8,2.3619955305703613
43,2016,1.1844731202188827,1.2342150070945055,1.1691991416932217,1.1388429201513457,1.1338366209680606,1.2168285526883025,1.3070520585398548,1.3639068966477654,1.373699900334081,1.1376686522232726,1.1304533000707444,1.1955652412138558,1.029282165553266,1000000.0,1.3176333412195729,6625,144.4,101.4,25.1,1.8,0.6,10.7,12.3,7.6,5.4,52.2,1.4,1.8,0.6,2.4,0.6766068169795266,0.15806803847668582,0.11054488086530362,0.05478026367848401,97.70202437184365,115.72542165941897,22.825024756033432,28.170988091200066,15.962680796949844,18.663552686916628,7.910270075173091,9.008555071595929,101.4,114.97103336616135,25.1,30.542396672476393,1.8,2.3526937053717387,0.6,0.8183441379886592,10.7,14.698588933574667,12.3,13.993324422346253,7.6,8.591445080537657,5.4,6.456052302554822,52.2,53.72852904188049,1.4,1.8446866777074018
43,2017,1.1745124352328884,1.2582358650147956,1.1712452596387222,1.1367731169670228,1.1101679909522832,1.2303808437194907,1.273818206262045,1.342404982903032,1.4544197386882265,1.1133729670365249,1.1295837007343097,1.1607103510452612,1.00733612242527,1000000.0,1.0935340966737543,6633,146.6,104.9,27.1,1.9,0.7,10.7,11.8,8.0,5.7,53.0,1.4,1.9,0.7,2.5999999999999996,0.7411235777149191,0.13667975208898153,0.08523620302475292,0.03696046717134651,108.64871649300714,127.6092685931295,20.037251656244692,25.211588670214184,12.495627363428778,14.63544431562786,5.418404487319398,6.159496558038175,104.9,116.45662225089451,27.1,33.3433208647982,1.9,2.4202545918978853,0.7,0.9396834880321223,10.7,15.562291203964023,11.8,13.137801011030994,8.0,9.036669605874478,5.7,6.6160490009579895,53.0,53.3888144885393,1.4,1.530947735343256
43,2018,1.0702975634606258,1.1080599557491917,1.061274250558847,1.0300525513759382,1.0130296693926444,1.1431986972144494,1.2551683070023807,1.2401673212159237,1.386042525925984,1.0372470873450697,1.0307933029400786,1.0137937749606158,1.0,1000000.0,1.069403373199842,6635,137.6,94.4,29.8,1.9,0.6,10.8,11.9,7.8,6.7,57.5,1.3,1.9,0.6,2.5,0.7229728141535967,0.1381497379159678,0.0927143505634893,0.0461630973669462,99.4810592275349,106.4743353017128,19.009403937237167,21.063559285513527,12.757494637536126,13.539200560459662,6.352042197691797,6.542937272180057,94.4,95.63000079066563,29.8,34.067321176990596,1.9,2.3848197833045233,0.6,0.7441003927295542,10.8,14.96925928000063,11.9,12.343240339406329,7.8,8.040187762932613,6.7,6.7924182922361265,57.5,57.5,1.3,1.3902243851597946
43,2019,1.0338544628535171,1.0,1.022570296612627,1.014785474546674,1.0,1.081592609043632,1.264330921411058,1.2383565572440904,1.2662500777940082,1.0,1.0177031082077108,1.0119494020498778,1.0,1000000.0,1.2213972250498937,6640,144.1,97.9,25.7,2.2,0.6,13.7,14.8,8.7,6.9,60.6,1.2,2.2,0.6,2.8000000000000003,0.6166349280004243,0.17423306996553783,0.12149262319718931,0.08763937883684861,88.85709312486114,91.86530228332826,25.106985382034,25.106985382034,17.50708700271498,17.902227149189326,12.628834490389885,12.815557801301702,97.9,97.9,25.7,27.796930052421345,2.2,2.781528027104328,0.6,0.7430139343464542,13.7,17.347626065777913,14.8,14.8,8.7,8.854017041407083,6.9,6.982450874144157,60.6,60.6,1.2,1.4656766700598725
43,2020,1.0219444477692436,1.0,1.0318063920324552,1.0207218380236456,1.0,1.1073275464705774,1.4313797273379631,1.2601409883193873,1.29968228056431,1.0,1.0394581145685482,1.0,1.0,1000000.0,1.108023111981961,6645,157.2,104.5,22.7,2.2,0.6,15.8,14.6,10.3,7.4,57.0,1.2,2.2,0.6,2.8000000000000003,0.5769479836591227,0.17915739904495762,0.13814195776106822,0.10575265953485151,90.69622303121407,92.68650156039023,28.163543129867335,28.163543129867335,21.715915760039923,22.406620690047525,16.624318078878655,16.96880450536274,104.5,104.5,22.7,25.136335304882106,2.2,3.1490354001435192,0.6,0.7560845929916323,15.8,20.5349800329161,14.6,14.6,10.3,10.706418580056047,7.4,7.4,57.0,57.0,1.2,1.3296277343783531
43,2021,1.0,1.039015265820688,1.0,1.0,1.0,1.0479024215032535,1.160299754026749,1.1546110153027018,1.2105402950983346,1.0,1.0,1.0,1.0,1000000.0,1.0,6622,161.5,104.4,32.0,2.2,0.7,15.3,14.6,10.9,8.9,61.9,1.1,2.2,0.7,2.9000000000000004,0.6091155626084235,0.18081434179345682,0.14239279500651272,0.06767730059160701,98.37216336126039,98.37216336126039,29.201516199643276,30.340821116539484,22.996436393551804,22.996436393551804,10.929884045544531,10.929884045544531,104.4,104.4,32.0,33.53287748810411,2.2,2.552659458858848,0.7,0.8082277107118913,15.3,18.52126651500452,14.6,14.6,10.9,10.9,8.9,8.9,61.9,61.9,1.1,1.1
43,2022,1.0,1.0,1.0,1.0,1.0,1.0,1.2599427042109426,1.108409722412489,1.1106098467476582,1.0,1.0,1.0,1.0,1000000.0,1.0,6604,159.1,104.9,33.9,2.4,0.6,14.3,14.6,10.7,8.0,55.8,1.1,2.4,0.6,3.0,0.5472529523099005,0.19494713456070006,0.16138685459251373,0.09641305853688582,87.06794471250515,87.06794471250515,31.016089108607378,31.016089108607378,25.676648565668934,25.676648565668934,15.339317613218533,15.339317613218533,104.9,104.9,33.9,33.9,2.4,3.023862490106262,0.6,0.6650458334474934,14.3,15.881720808491513,14.6,14.6,10.7,10.7,8.0,8.0,55.8,55.8,1.1,1.1
43,2023,1.0,1.0,1.0,1.0,1.0,1.0,1.2036069927472557,1.0077040717346517,1.0306002450584475,1.0,1.0,1.0,1.0,1000000.0,1.0,6568,143.9,117.1,39.8,3.1,0.8,13.1,14.6,12.3,7.9,58.9,1.1,3.1,0.8,3.9000000000000004,0.5381624077325436,0.1997954866970505,0.1679636345203053,0.0940784710501006,77.44157047271304,77.44157047271304,28.750570535705567,28.750570535705567,24.169967007471932,24.169967007471932,13.537891984109477,13.537891984109477,117.1,117.1,39.8,39.8,3.1,3.7311816775164925,0.8,0.8061632573877214,13.1,13.500863210265662,14.6,14.6,12.3,12.3,7.9,7.9,58.9,58.9,1.1,1.1
43,2024,1.0,1.0,1.0,1.0,1.0,1.0,1.3967140141568335,1.0162650168374858,1.0610528096789766,1.0,1.0,1.0,1.0,1000000.0,1.0,6539,138.6,103.2,35.87,3.85,0.91,13.5,15.3,10.7,7.9,60.1,1.0,3.85,0.91,4.76,0.5034273560501704,0.195056268981565,0.1868028675995652,0.1147135073686993,69.77503154855361,69.77503154855361,27.034798880844907,27.034798880844907,25.890877449299733,25.890877449299733,15.899292121301722,15.899292121301722,103.2,103.2,35.87,35.87,3.85,5.377348954503809,0.91,0.9248011653221121,13.5,14.324212930666185,15.3,15.3,10.7,10.7,7.9,7.9,60.1,60.1,1.0,1.0
44,2015,1.0686450537280328,1.1102622741698642,1.0678998736914092,1.0454400729250015,1.0443774231503071,1.074619294374378,1.3175774489247858,1.239939939712873,1.2005195044936228,1.0992552277587435,1.0571864128446633,1.1024346035221058,1.0191312026639503,925424.5319184068,1.0721843136350735,11678,118.3,98.9,29.7,1.8,0.6,18.6,22.0,6.9,8.3,36.0,1.5,1.8,0.6,2.4,0.648149760267721,0.15881865845383963,0.06457369688273201,0.12845788439570743,76.67611663967139,81.93955278605854,18.788247295089228,20.859882169511565,7.639068341227197,8.157760116716565,15.196567724012189,15.887100869601028,98.9,103.28892714956538,29.7,31.916193042919026,1.8,2.3716394080646146,0.6,0.7439639638277238,18.6,22.329662783581384,22.0,24.183615010692357,6.9,7.294586248628177,8.3,9.150207209233479,36.0,36.68872329590221,1.5,1.6082764704526102
44,2016,1.0862932011938606,1.0764378025946335,1.0694698931449331,1.041771144136879,1.0471120616711298,1.0789301984480288,1.370088835844939,1.2338847304699154,1.1640722535768253,1.1014485518951649,1.0536541385363671,1.068028366956825,1.0185439031130143,925424.0891483892,1.0895965440865447,11908,118.1,98.7,29.1,1.8,0.8,20.1,22.0,7.0,7.5,38.1,1.5,1.8,0.8,2.6,0.627793715852066,0.176477157922142,0.0661223573037434,0.1296067689220486,74.14243784212898,80.54042614784312,20.84195235060497,22.43506539006727,7.809050397572095,8.351544294254825,15.306559409693937,15.945931909035966,98.7,103.34996048694052,29.1,31.396868774837642,1.8,2.4661599045208904,0.8,0.9871077843759324,20.1,23.39785229689419,22.0,24.231868141693628,7.0,7.37557896975457,7.5,8.010212752176187,38.1,38.80652270860585,1.5,1.634394816129817
44,2017,1.0792781796445945,1.098591988964798,1.0554841750188153,1.03481563515269,1.033949700282939,1.0834019501883811,1.3700904515125578,1.1378331674478654,1.2365348560079663,1.090356025545588,1.0560969428837352,1.057099357112925,1.013462335934114,925424.0479446877,1.0170194144959497,12141,116.8,100.8,29.1,2.0,0.7,20.6,22.8,7.3,7.7,40.1,1.5,2.0,0.7,2.7,0.6990961699480115,0.16264859361158074,0.055456432083276906,0.08279880435713091,81.65443264992774,88.12784743032616,18.99735573383263,20.870342820702998,6.477311267326742,6.836699539334444,9.670900348912891,10.007598887058665,100.8,104.22212978852025,29.1,31.526996750481892,2.0,2.7401809030251156,0.7,0.7964832172135058,20.6,25.472618033764107,22.8,24.860117382439405,7.3,7.709507683051267,7.7,8.139665049769523,40.1,40.63983967095797,1.5,1.5255291217439244
44,2018,1.0441721145400855,1.0584304485142548,1.0298015861245773,1.011427897948439,1.0227959031315228,1.0573724118057668,1.2786747865629111,1.1616520117048938,1.17346923768014,1.044653564984979,1.0296162159003082,1.008683014199463,1.008169769898383,925424.0516506236,1.0118930126986645,12348,108.7,100.6,34.0,2.2,0.7,21.1,22.0,7.4,8.6,39.4,1.6,2.2,0.7,2.9000000000000004,0.6833127142486227,0.1689092609996166,0.062836802264274,0.0849412224874867,74.2760920388253,77.55702408395422,18.360436670658324,19.433245220242462,6.830360406126585,7.033915980031669,9.233110884389804,9.338625933323232,100.6,102.89326785503118,34.0,35.95066200139607,2.2,2.8130845304384047,0.7,0.8131564081934256,21.1,24.76020091505096,22.0,22.982378429669538,7.4,7.619159997662281,8.6,8.674673922115382,39.4,39.72188893399628,1.6,1.6190288203178633
44,2019,1.07938460212166,1.0664031647612902,1.0644469972281283,1.031075343440238,1.0417845499489764,1.069186995513702,1.5181137900914736,1.2973264768032189,1.1584709955980006,1.1126007912458271,1.0379630878873145,1.0161489100884586,1.023752158650066,958808.640336606,1.181017761888307,12489,115.9,109.4,30.7,3.1,0.7,25.9,28.6,8.4,8.8,47.2,1.5,3.1,0.7,3.8,0.6097591398275584,0.22021050664395767,0.07732412202337371,0.09270623150511031,70.67108430601402,76.28128021515323,25.522397720034693,27.217165700941333,8.961865742509014,9.53943107917535,10.744652231442286,11.078545989680274,109.4,113.97122976441803,30.7,32.824040762270656,3.1,4.706152749283568,0.7,0.9081285337622531,25.9,30.004398785988215,28.6,31.820382629630657,8.4,8.718889938253442,8.8,8.942110408778436,47.2,48.32110188828312,1.5,1.7715266428324608
44,2020,1.1012513040147696,1.0909575012548447,1.0921691821150885,1.0510734950197844,1.0673304436006048,1.102621211250913,1.7071488812415536,1.2193166705827323,1.209154106032599,1.1347717364648853,1.060639199667253,1.0371930015012962,1.027915038895515,958808.641059112,1.190175010556345,12624,128.2,113.0,26.0,3.2,0.6,31.1,30.0,9.9,9.6,47.5,1.6,3.2,0.6,3.8000000000000003,0.6432099251859356,0.196643597947941,0.0694519022311328,0.0906945746349905,82.45951240883693,90.80864556865374,25.209709256926036,27.502721418297156,8.903733866031224,9.724383734233738,11.627044468205781,12.220878265947501,113.0,120.60834012686834,26.0,28.66815149252374,3.2,5.462876419972972,0.6,0.7315900023496393,31.1,37.60469269761383,30.0,34.04315209394656,9.9,10.500328076705806,9.6,9.957052814412444,47.5,48.82596434753696,1.6,1.904280016890152
44,2021,1.0410756643665096,1.041991012166045,1.0064769519052637,1.0066869770766704,1.0104448008344955,1.0225272643749492,1.4428347470473488,1.0788007158656676,1.1810691202032724,1.0579072059334302,1.005500183599522,1.0086459290603886,1.0072214882125152,850646.1576490151,1.0008128877915128,12684,111.6,97.9,29.6,3.0,0.7,24.6,27.5,8.4,12.9,44.8,1.1,3.0,0.7,3.7,0.6915138163219189,0.17227101842120426,0.05504373479147249,0.08117143046540438,77.17294190152614,80.34287176124937,19.225445655806396,20.032741578236998,6.142880802728329,6.182667946247368,9.058731639939129,9.119307170759111,97.9,98.92254600169711,29.6,30.266807025498498,3.0,4.3285042411420465,0.7,0.7551605011059673,24.6,29.054300357000503,27.5,29.092448163169333,8.4,8.446201542235986,12.9,13.011532484879014,44.8,45.12352267192068,1.1,1.1008941765706641
44,2022,1.0704817278051957,1.0373347958590795,1.0238223120184498,1.0105277186966894,1.0245140964183186,1.0293219371843287,3.182816200442243,1.0518348022636954,1.1833712595920642,1.108748084656093,1.0176893311396975,1.015402989116125,1.0151969777396066,850729.5693263485,1.0303253751807238,12657,106.5,101.2,34.2,3.4,0.7,24.3,24.4,8.8,9.3,40.8,1.0,3.4,0.7,4.1,0.6387865159196882,0.1967196569366944,0.0742897241235695,0.0902041030200479,68.0307639454468,72.82568973222929,20.950643463757956,21.73283146059372,7.911855619160152,8.10033431236471,9.606736971635101,9.707873996065562,101.2,103.68082655753385,34.2,35.202810251704044,3.4,10.821575081503626,0.7,0.7362843615845868,24.3,28.755921608087164,24.4,27.05345326560867,8.8,8.95566611402934,9.3,9.443247798779963,40.8,41.42003669177595,1.0,1.0303253751807238
44,2023,1.032183136638224,1.02685012645833,1.000024432790478,1.0,1.0031854207124478,1.006088694239737,1.6699958671723567,1.0208892742200852,1.1109863835622895,1.05168880582772,1.0,1.0035737670626332,1.0,925424.0238064216,1.0160572326521466,12706,114.3,107.0,40.7,4.2,0.9,24.9,27.7,10.0,9.6,47.7,1.0,4.2,0.9,5.1000000000000005,0.601669272608486,0.21798162871410934,0.08660357310074121,0.09374552557666352,68.77079785914995,70.98405784337065,24.915300162022696,25.584279122120257,9.89878840541472,9.899030260437815,10.71511357341264,10.71511357341264,107.0,107.34084001623191,40.7,40.947809855557296,4.2,7.013982642123898,0.9,0.9188003467980768,24.9,27.663560950701008,27.7,29.131779921427846,10.0,10.0,9.6,9.634308163801279,47.7,47.7,1.0,1.0160572326521466
44,2024,1.0223521787870582,1.015620176410939,1.0,1.0,1.002189675922596,1.0046468603891885,1.93526979283275,1.0162617595409449,1.1037528040332636,1.1073669670099997,1.0,1.0,1.0,925423.9825304508,1.0152572215496098,12780,105.8,106.3,38.44,5.04,0.94,25.0,27.5,10.0,8.6,47.8,1.0,5.04,0.94,5.98,0.5799173423730466,0.22837943535724045,0.09654616893643612,0.09515705333327693,61.35525482306833,62.72667844839906,24.16254426079604,24.539967464686793,10.214584673474942,10.214584673474942,10.067616242660698,10.067616242660698,106.3,106.53276255057195,38.44,38.618625313360404,5.04,9.753759755877061,0.94,0.9552860539684881,25.0,27.59382010083159,27.5,30.452591592774994,10.0,10.0,8.6,8.6,47.8,47.8,1.0,1.0152572215496098
45,2015,1.076890002535787,1.165842917642888,1.0791585980395404,1.037748975987295,1.0129188400096083,1.069034618802674,1.1322367605666863,1.1485524778027911,1.1256776261505668,1.114689311937905,1.0925335822211149,1.1311871727787406,1.043179988968275,1000000.0,1.0772959644290174,4811,143.4,93.0,27.9,1.3,0.4,18.6,10.2,5.7,5.7,37.3,1.4,1.3,0.4,1.7000000000000002,0.9318642796614418,0.045354879245498005,0.022780841093060205,0.0,133.62933770345077,143.90409781832466,6.503889683804414,7.582513724994018,3.2667726127448335,3.525365752883681,0.0,0.0,93.0,94.20145212089358,27.9,29.826065864594604,1.3,1.4719077887366923,0.4,0.45942099112111645,18.6,20.937603846400542,10.2,11.369830981766631,5.7,6.227441418660355,5.7,6.447766884838821,37.3,38.910613588516654,1.4,1.5082143502006242
45,2016,1.06677558670697,1.159945499589542,1.0702499259706515,1.064765314475995,1.0375074321564497,1.0808112062822468,1.0954396169922178,1.1139297127708971,1.0925665298944516,1.079735258404097,1.0777607208020656,1.1278133887913684,1.0735266684593776,1000000.0,1.1467743515173698,4857,139.0,88.9,27.0,1.6,0.7,19.5,10.5,5.3,5.6,39.7,1.4,1.6,0.7,2.3,0.9603295011542745,0.03967049884572551,0.0,0.0,133.48580066044417,142.39939331659497,5.514199339555846,6.396170707757428,0.0,0.0,0.0,0.0,88.9,92.23441071870839,27.0,29.181902569620664,1.6,1.7527033871875486,0.7,0.779750798939628,19.5,21.305047332941804,10.5,11.337220213243018,5.3,5.7121318202509475,5.6,6.315754977231663,39.7,42.61900873783729,1.4,1.6054840921243176
45,2017,1.104531497315671,1.1806493151480384,1.0934700421861088,1.053409924963959,1.0479595132806967,1.1078037133556806,1.1456899003168086,1.1274964621869965,1.1697628562669458,1.1405037662867314,1.1234400292195308,1.1273400567507643,1.0698335508152566,1000000.0,1.004611801869408,4907,133.9,87.5,27.6,1.8,0.8,19.6,10.6,5.6,5.6,40.2,1.3,1.8,0.8,2.6,1.0,0.0,0.0,0.0,133.9,147.89676749056835,0.0,0.0,0.0,0.0,0.0,0.0,87.5,91.69645741206097,27.6,30.575382488616786,1.8,2.0622418205702555,0.8,0.9019971697495972,19.6,22.92735198283214,10.6,12.089339922639352,5.6,6.291264163629372,5.6,6.31310431780428,40.2,43.00730874277332,1.3,1.3059953424302304
45,2018,1.0319014224718577,1.1006568906814176,1.0285494211161152,1.0105493787469588,1.016167613335454,1.044095263964352,1.04921942947918,1.080328343234943,1.0718853328042783,1.0462224111432092,1.049949071787346,1.0361566299478913,1.046744293458146,1000000.0,1.0,4947,128.3,85.2,31.3,1.9,0.7,18.5,9.9,5.5,5.6,39.0,1.2,1.9,0.7,2.5999999999999996,1.0,0.0,0.0,0.0,128.3,132.39295250313936,0.0,0.0,0.0,0.0,0.0,0.0,85.2,86.57748065618068,31.3,32.68018176208422,1.9,1.9935169160104418,0.7,0.7562298402644602,18.5,19.82987865687915,9.9,10.357601870317772,5.5,5.774719894830404,5.6,5.80247712770819,39.0,40.82302744486769,1.2,1.2
45,2019,1.1640409085093495,1.2616433393460162,1.1883229670270383,1.149843923304087,1.146983738278358,1.1838274563116478,1.4064811781627151,1.4438569360779645,1.2470890380688142,1.2547755744408382,1.110661877957407,1.0806819606735354,1.1276450687848631,1000000.0,1.809772435882002,4982,133.6,86.1,25.0,2.0,0.6,24.8,13.4,6.3,5.0,40.6,1.2,2.0,0.6,2.6,0.8879492763668093,0.10164950428008071,0.010401219353110001,0.0,118.63002332260572,138.09020012493127,13.580373771818783,17.133588115044503,1.3896029055754962,1.651297047742867,0.0,0.0,86.1,98.75529986576663,25.0,29.595686407791195,2.0,2.8129623563254302,0.6,0.8663141616467787,24.8,30.927808144106592,13.4,16.81399269750723,6.3,6.9971698311316635,5.0,5.403409803367677,40.6,45.78238979266545,1.2,2.171726923058402
45,2020,1.1845844763335367,1.3224359885979329,1.2217186705968393,1.184605074270734,1.177346037231929,1.2266677587825394,1.5389562256900688,1.4032044077797114,1.3218203489927831,1.2924890269409215,1.1111853713285067,1.2128041056713172,1.132319272359525,1000000.0,1.9654108564002608,5019,141.8,89.7,20.7,1.9,0.5,30.7,13.5,7.6,5.6,39.2,1.2,1.9,0.5,2.4,1.0,0.0,0.0,0.0,141.8,167.97407874409552,0.0,0.0,0.0,0.0,0.0,0.0,89.7,105.60793953970405,20.7,25.392022606798566,1.9,2.924016828811131,0.5,0.7016022038898557,30.7,40.57988471407844,13.5,17.44860186370244,7.6,8.44500882209665,5.6,6.791702991759376,39.2,44.386915476493385,1.2,2.358493027680313
45,2021,1.0766742501850282,1.1166414446468154,1.026796531993159,1.0382603210014083,1.0597611488930898,1.0819259467560445,1.2983285327493663,1.0975440383611936,1.314908875809034,1.0959708725407056,1.0314699433946874,1.0494686937629802,1.0413185889454686,1000000.0,1.0046510325195992,5037,146.7,96.6,30.4,1.8,0.5,26.1,12.8,6.4,6.3,41.4,1.1,1.8,0.5,2.3,1.0,0.0,0.0,0.0,146.7,157.94811250214363,0.0,0.0,0.0,0.0,0.0,0.0,96.6,102.37292698307247,30.4,32.89054878138375,1.8,2.3369913589488593,0.5,0.5487720191805968,26.1,34.319121658615785,12.8,14.028427168521032,6.4,6.601407637726,6.3,6.611652770706775,41.4,43.1105895823424,1.1,1.1051161357715593
45,2022,1.1264385409047837,1.1593692318807003,1.0680575878861625,1.060235573134106,1.0922298546655378,1.1202464403614127,1.5190137891400766,1.096750536545536,1.4774488387986136,1.1479660422880396,1.064840932136679,1.0881300027212857,1.0869512845493583,1000000.0,1.1735101789043878,5047,134.3,93.1,33.0,1.7,0.5,22.9,12.0,6.2,5.0,36.6,1.1,1.7,0.5,2.2,1.0,0.0,0.0,0.0,134.3,151.28069604351245,0.0,0.0,0.0,0.0,0.0,0.0,93.1,101.68659946936157,33.0,36.96813253192662,1.7,2.58232344153813,0.5,0.548375268272768,22.9,33.83357840848825,12.0,13.775592507456475,6.2,6.60201377924741,5.0,5.440650013606429,36.6,39.782417014506514,1.1,1.2908611967948267
45,2023,1.0304921660730282,1.0912022779049342,1.0001397950667288,1.0,1.0182257569579527,1.0348371758151378,1.595529961437837,1.0157278396112877,1.4307470767499093,1.0473201950425872,1.0,1.020447725995301,1.0,1000000.0,1.0918733335887736,5027,122.1,90.2,34.9,2.3,0.6,21.7,12.4,6.7,6.4,41.1,1.0,2.3,0.6,2.9,1.0,0.0,0.0,0.0,122.1,125.82309347751674,0.0,0.0,0.0,0.0,0.0,0.0,90.2,91.84396327760733,34.9,36.11581743594831,2.3,3.669718911307025,0.6,0.6094367037667726,21.7,31.04721156547303,12.4,12.986770418528081,6.7,6.7,6.4,6.530865446369927,41.1,41.1,1.0,1.0918733335887736
45,2024,1.018264948637049,1.0788133946939686,1.0,1.0,1.0125284867477509,1.026587554899711,1.819091737828895,1.0,1.446034222859869,1.0275980522139605,1.0,1.0,1.0,1000000.0,1.0872959765503394,5013,118.7,91.6,33.98,2.96,0.68,22.3,12.9,6.5,5.9,41.7,0.9,2.96,0.68,3.64,1.0,0.0,0.0,0.0,118.7,120.86804940321771,0.0,0.0,0.0,0.0,0.0,0.0,91.6,92.74760938609397,33.98,34.88344511549218,2.96,5.384511543973529,0.68,0.68,22.3,32.24656316977508,12.9,13.25601487356009,6.5,6.5,5.9,5.9,41.7,41.7,0.9,0.9785663788953055
46,2015,1.0628956023067977,1.1060571291533794,1.062853457445344,1.0386123176487558,1.035866342021806,1.0664580132133668,1.3049953899490865,1.222564018543595,1.184387472039647,1.103339240227038,1.056907113405615,1.0933176362843016,1.0203863554832506,927799.0784714954,1.06259608429477,945,100.9,88.3,25.2,1.5,0.6,18.9,26.8,4.8,4.3,27.7,1.0,1.5,0.6,2.1,0.4812507199741684,0.4868323150123004,0.0285941772844916,0.0033227877290395,48.5581976453936,51.612294733233156,49.12138058474111,54.3310531896093,2.8851524880052026,3.0664942971333664,0.3352692818600856,0.34821480586913744,88.3,91.46699800052546,25.2,26.874741932976843,1.5,1.9574930849236298,0.6,0.733538411126157,18.9,22.384923221549325,26.8,29.56949163808462,4.8,5.073154144346952,4.3,4.701265836022497,27.7,28.264702046886043,1.0,1.06259608429477
46,2016,1.0788024945460664,1.0800449917614647,1.0651203793092612,1.0411620697530717,1.04240624341026,1.0730456517167437,1.3443158724977151,1.2184416387828674,1.1504535667540732,1.1017373540606783,1.0539584896872456,1.0707946311434553,1.025401820185663,927798.6427041558,1.0870582425845627,957,99.4,95.3,27.0,1.9,0.7,21.5,26.7,5.0,4.4,30.0,1.1,1.9,0.7,2.5999999999999996,0.4800314759814739,0.4851665718292032,0.024054788927477807,0.010747163261845102,47.71512871255851,51.47519988269475,48.2255572398228,52.08577157177646,2.391046019391294,2.5467518431199543,1.068268028227403,1.1122401513202758,95.3,99.34131499699777,27.0,28.97223259635208,1.9,2.5542001577456586,0.7,0.8529091471480071,21.5,24.734751685212572,26.7,29.41638735342011,5.0,5.2697924484362275,4.4,4.711496377031204,30.0,30.762054605569887,1.1,1.1957640668430192
46,2017,1.077481441798815,1.103555389976875,1.0553263492456375,1.0329346221324531,1.0326654801780963,1.0802589896764925,1.3496104453122304,1.1282066277627003,1.2213694526909884,1.099192895258518,1.0634929413336909,1.0612153928453163,1.021151792372053,927798.602119526,1.0123201459027715,972,96.0,93.0,24.9,1.8,0.8,20.4,25.6,4.5,4.2,29.3,1.0,1.8,0.8,2.6,0.5059184711532194,0.4767277671810652,0.0173537616657153,0.0,48.568173230709064,52.33130531815901,45.765865649382256,50.505167714333304,1.665961119908669,1.7581326666583894,0.0,0.0,93.0,96.03788965656295,24.9,26.89844884294466,1.8,2.4292988015620147,0.8,0.9025653022101603,20.4,24.91593683489616,25.6,28.13933811861806,4.5,4.785718236001609,4.2,4.457104649950328,29.3,29.919747516501154,1.0,1.0123201459027715
46,2018,1.0406614616361296,1.0602898054495615,1.0285038577925731,1.010707889571183,1.0228452222312945,1.0512339564992224,1.2415501221048164,1.1448531368481798,1.1480691188555288,1.0442676446916717,1.0316385932593646,1.0121096312553597,1.013589319846694,927798.6061401452,1.0080419258830855,982,94.8,90.7,29.2,2.1,1.0,18.8,27.0,4.8,4.7,28.4,1.1,2.1,1.0,3.1,0.504892133438724,0.47791998681692016,0.017187879744356004,0.0,47.86377424999103,49.80998527041741,45.30681475024403,48.038353797075565,1.629410999764949,1.6758554991879036,0.0,0.0,90.7,92.77206165637841,29.2,30.696031529777294,2.1,2.6072552564201144,1.0,1.1448531368481798,18.8,21.583699434483943,27.0,28.195226406675136,4.8,4.95186524764495,4.7,4.756915266900191,28.4,28.78593668364611,1.1,1.1088461184713942
46,2019,1.0901978661958225,1.094381756217335,1.0818088920701188,1.047591592346382,1.057148428358902,1.0836924363263671,1.4944039477463174,1.324368579945005,1.1682417857041427,1.1343629228486054,1.0489203890888243,1.0248401511933722,1.038529118746624,960668.288872436,1.26253820714515,995,99.9,95.9,20.3,2.4,0.9,24.7,31.6,4.9,4.5,30.9,0.9,2.4,0.9,3.3,0.46895740045842244,0.45827736083899373,0.033980875235802906,0.03878436346678091,46.848844305796405,51.07451009591955,45.781908347815474,50.10288526066337,3.3946894360567104,3.672405217742646,3.8745579103314127,4.0589542909223555,95.9,101.38053427961871,20.3,21.998956457425255,2.4,3.5865694745911614,0.9,1.1919317219505043,24.7,28.855572106892325,31.6,35.845868362015935,4.9,5.13970990653524,4.5,4.611780680370175,30.9,32.09054976927068,0.9,1.1362843864306351
46,2020,1.1130786457998114,1.12390187608624,1.1115187253463603,1.070591069785542,1.0847258491640743,1.1194152161245083,1.6767677103968333,1.2522129632754362,1.223028430166368,1.1599487361440233,1.06858378298615,1.061865584924212,1.0429586147701124,960668.2895623234,1.2954160904871797,1012,107.7,99.4,16.8,2.4,0.8,30.4,30.8,5.6,4.9,30.2,1.0,2.4,0.8,3.2,0.5128757492902221,0.48295052788285014,0.004173722826927801,0.0,55.236718198556915,61.48281149087553,52.01377185298296,58.458375767889216,0.44950994846012415,0.49963872494290534,0.0,0.0,99.4,107.82174940690899,16.8,18.80617563089174,2.4,4.0242425049524,0.8,1.001770370620349,30.4,37.18006427705759,30.8,35.72642107323592,5.6,5.98406918472244,4.9,5.203141366128639,30.2,31.497350166057394,1.0,1.2954160904871797
46,2021,1.045649497887582,1.0508356457514585,1.009281531684174,1.0111228922518822,1.0173735296147166,1.0293677557169874,1.4180096704030598,1.078224916358466,1.1990677047130327,1.0649166782128583,1.0091488199887046,1.014381346945488,1.0120119800569196,861927.2491485627,1.0013521301500214,1020,114.3,107.4,28.4,2.9,1.1,28.2,33.6,5.8,5.7,33.3,0.8,2.9,1.1,4.0,0.512810418451434,0.4871895815485659,0.0,0.0,58.61423082899891,61.28994103540955,55.685769171001084,58.51659120597559,0.0,0.0,0.0,0.0,107.4,109.26591708062057,28.4,29.23404426236244,2.9,4.112228044168873,1.1,1.1860474079943129,28.2,33.81370927290752,33.6,35.78120038795204,5.8,5.853063155934486,5.7,5.781973677589282,33.3,33.69999893589542,0.8,0.8010817041200172
46,2022,1.07862006732283,1.0544730093068435,1.0306459921143334,1.0175114523915356,1.0346856399334272,1.0427472501357629,2.8978361769142484,1.0573602864005671,1.225311814065236,1.1150027143481545,1.0248113690319796,1.0256208128622568,1.025278140483183,862000.7580367032,1.050442206809694,1027,104.6,102.1,30.4,2.7,0.9,26.3,30.0,5.3,4.5,28.3,0.7,2.7,0.9,3.6,0.5151085010035438,0.4848914989964563,0.0,0.0,53.88034920497068,58.116425886843054,50.719650795029324,53.48250280482681,0.0,0.0,0.0,0.0,102.1,105.64140383720292,30.4,31.699516404127188,2.7,7.824157677668471,0.9,0.9516242577605104,26.3,32.22570070991571,30.0,33.450081430444634,5.3,5.431500255869492,4.5,4.615293657880156,28.3,29.01537137567408,0.7,0.7353095447667857
46,2023,1.031797045310629,1.03595381811581,1.0000406406800535,1.0,1.0052985214328138,1.010127728748993,1.6447968164847762,1.0212401058479172,1.1578743881524194,1.050668245933144,1.0,1.0059444836605886,1.0,927798.5785031728,1.026709059505579,1043,100.0,109.9,38.7,3.5,1.1,25.8,33.5,6.0,5.8,35.7,0.7,3.5,1.1,4.6,0.5151872300169059,0.484812769983094,0.0,0.0,51.51872300169059,53.15686617132109,48.481276998309404,50.22436401352883,0.0,0.0,0.0,0.0,109.9,110.48230750546625,38.7,39.09194310258603,3.5,5.7567888576967166,1.1,1.123364116432709,25.8,29.87315921433242,33.5,35.19738623876032,6.0,6.0,5.8,5.834478005231414,35.7,35.7,0.7,0.7186963416539053
46,2024,1.0218103777417569,1.0246431538341774,1.0,1.0,1.0036422331158497,1.007729430926092,1.8929741219154512,1.0145219590896608,1.152392632058123,1.094158156760888,1.0,1.0,1.0,927798.537722656,1.0253783480059284,1048,100.2,110.7,37.03,4.16,1.2,26.3,33.9,5.8,5.0,36.3,0.7,4.16,1.2,5.36,0.5157109122381988,0.4842890877618012,0.0,0.0,51.67423340626752,52.80126795637393,48.52576659373248,49.72159452482321,0.0,0.0,0.0,0.0,110.7,111.10319520592456,37.03,37.31622082719319,4.16,7.874772347168277,1.2,1.2174263509075929,26.3,30.307926223128636,33.9,37.091961514194104,5.8,5.8,5.0,5.0,36.3,36.3,0.7,0.7177648436041498
50,2015,1.052682185351995,1.082629310655654,1.0522240603899131,1.033810752443295,1.0365878622765885,1.0605916235949722,1.3890604977614562,1.2546326827140022,1.2034553640116292,1.1202915183792583,1.0452856343766073,1.0737880271906484,1.0130733692604963,930401.973771768,1.0510166680887691,3070,149.8,132.9,33.7,1.3,0.5,10.2,9.9,10.1,14.6,39.6,2.9,1.3,0.5,1.8,0.4673372872600571,0.0790524568642195,0.062186984409834,0.3914232714658894,70.00712563155656,73.69525400003862,11.842058038260081,12.820559130705757,9.315610264593134,9.80210925762014,58.63520606559024,60.617706502335494,132.9,137.76252689655863,33.7,35.74193771515056,1.3,1.805778647089893,0.5,0.6273163413570011,10.2,12.275244712918617,9.9,11.090886031954659,10.1,10.557384907203733,14.6,15.677305196983466,39.6,40.11770542271565,2.9,3.0479483374574303
50,2016,1.0679368466817662,1.0539678423392318,1.0542587862445312,1.0314172236636925,1.0377310899848535,1.0618877195317662,1.421416693242302,1.2526231590355428,1.1681061305236438,1.115140096229434,1.0413013957240755,1.0492711900449714,1.0126512190024246,930401.5608617406,1.0634892378486809,3110,151.1,139.2,33.6,1.4,0.8,11.3,10.0,9.9,16.6,41.5,2.8,1.4,0.8,2.2,0.4649919806554758,0.08461200258099802,0.05928082934384201,0.3911151874196841,70.26028827704239,75.03355070953651,12.7848735899888,13.474845632220324,8.957333313854527,9.443347347451978,59.09750481911426,60.95418434598252,139.2,144.4521677258916,33.6,35.67942737626735,1.4,1.9899833705392227,0.8,1.0020985272284342,11.3,13.199599274917174,10.0,11.151400962294339,9.9,10.308883817668349,16.6,17.417901754746527,41.5,42.02502558860062,2.8,2.977769865976306
50,2017,1.0616024566641482,1.0858809079455214,1.0405838793835196,1.024380751917584,1.0256894960001202,1.0711241499400763,1.4187109291770246,1.1273311389240943,1.2448997135491455,1.0945399365653343,1.0515702313165816,1.0403293635607145,1.008844284205047,930401.5224381918,1.0119675626790778,3144,152.6,142.8,33.9,1.4,0.8,11.6,10.5,9.8,17.2,42.7,2.7,1.4,0.8,2.2,0.47991380635537145,0.08710025049612652,0.05237531908246381,0.38061062406603824,73.23484684982968,77.74629332920185,13.291498225708906,14.432984161289074,7.992473691983977,8.316839280275408,58.081181232477434,59.4972441031867,142.8,146.46846002881716,33.9,36.31110868296859,1.4,1.9861953008478344,0.8,0.9018649111392755,11.6,14.440836677170088,10.5,11.49266933393601,9.8,10.3053882669025,17.2,17.893665053244288,42.7,43.0776509355555,2.7,2.7323124192335104
50,2018,1.0357081454462682,1.0459752250179668,1.025328100452492,1.0096824569612788,1.0228390489751538,1.047676210745958,1.2560309234022082,1.1513371700412036,1.1551298323290229,1.0372103574752107,1.0250401635812436,1.0057844493959864,1.0053279448293433,930401.5258780052,1.008368859612776,3163,135.7,132.0,38.8,1.3,0.6,10.0,9.9,9.8,12.6,43.7,2.8,1.3,0.6,1.9,0.4677869545512458,0.0943669516089028,0.0721739085090245,0.3656721853308269,63.47868973260405,65.74539601831441,12.805595333328109,13.394335460266895,9.793999384674624,10.042062784921306,49.62171554939321,50.10217567454502,132.0,135.01475446472028,38.8,40.64983697694317,1.3,1.6328402004228708,0.6,0.6908023020247221,10.0,11.55129832329023,9.9,10.268382539004586,9.8,10.045393603096189,12.6,12.672884062389429,43.7,43.932831189042304,2.8,2.823432806915773
50,2019,1.0572373326672824,1.0484109912579995,1.04718013519122,1.021056091706495,1.0317007397821492,1.0511427193713767,1.43383844607539,1.289131481227403,1.1393752427762662,1.0836791618179191,1.0289771538896713,1.010637075592887,1.0158946290792163,961534.1214697922,1.1206356558005912,3188,138.1,132.4,33.7,1.7,0.5,11.9,12.1,10.3,13.3,46.0,2.6,1.7,0.5,2.2,0.4422121039195318,0.1257213482193667,0.0787180008268223,0.3533485470342792,61.06949155128734,64.56494635503016,17.36211818909454,18.20263554096715,10.87095591418416,11.38384908387316,48.797434345433956,49.824917598053084,132.4,136.59717794715655,33.7,35.4235096428154,1.7,2.4375253583281626,0.5,0.6445657406137015,11.9,13.558565389037568,12.1,13.11251785799682,10.3,10.598464685063615,13.3,13.441473105385398,46.0,46.731152937643955,2.6,2.913652705081537
50,2020,1.0791277094328438,1.066139246898128,1.073417437243959,1.039510911371486,1.0561199969941548,1.082810600225156,1.6182240282171738,1.24012000577638,1.188779572985025,1.106187642687955,1.051617739174619,1.024255549728005,1.0203263195699928,961534.1221444926,1.1256489973245332,3209,149.5,130.3,29.9,1.9,0.5,13.6,12.5,11.8,14.0,46.5,2.7,1.9,0.5,2.4,0.4414731713779117,0.1285372677777799,0.0792471770152768,0.3507423838290316,66.0002391209978,71.22268686466232,19.216321532778096,20.48727456710832,11.847452963783882,12.717262598253242,52.43598638244023,54.50777999307327,130.3,137.6124356083384,29.9,32.376036946732164,1.9,3.07462565361263,0.5,0.62006000288819,13.6,16.167402192596338,12.5,13.82734553359944,11.8,12.409089322260506,14.0,14.33957769619207,46.5,47.445173860004665,2.7,3.0392522927762395
50,2021,1.0293966914137431,1.0284392752414402,1.0043093472748963,1.0043609361564314,1.0068116144385764,1.015114185075451,1.3917670357255036,1.066352881024326,1.1802741320604784,1.053288439432813,1.0035869645209117,1.0056384737397908,1.0047095195165348,840131.4972223553,1.000530127697536,3212,161.0,147.4,39.6,2.3,0.7,14.6,14.9,14.2,17.5,54.9,2.3,2.3,0.7,3.0,0.5084501416243427,0.06480514631683493,0.03818957883274871,0.3885551332260738,81.86047280151917,84.26689985944854,10.433628557010424,10.730353391310194,6.148522192072543,6.17501830942559,62.557376449397886,62.83018517420756,147.4,148.40403196824616,39.6,40.19852172898786,2.3,3.201064182168658,0.7,0.7464470167170281,14.6,17.232002328082984,14.9,15.693997747548915,14.2,14.250934896196945,17.5,17.59867329044634,54.9,55.15855262145776,2.3,2.3012192937043325
50,2022,1.054333676655264,1.02576005552713,1.0196085366392986,1.0068656896206964,1.019705694066924,1.0228018158805434,2.608460815272216,1.0499685133424292,1.1589836766116046,1.087705382244205,1.0143497240275166,1.010045114763138,1.0099107637028315,840232.1048310453,1.019776802517291,3213,158.2,147.3,45.8,2.7,0.7,14.5,15.0,14.7,15.7,53.1,2.2,2.7,0.7,3.4000000000000004,0.4763745492473643,0.095492708554633,0.0623381079146564,0.3657946342833462,75.36245369093302,79.45717288172348,15.10694649334294,15.496102273856836,9.861888672098642,10.055265877458172,57.86871114362536,58.26601975308723,147.3,150.2026487360579,45.8,46.84432316732889,2.7,7.042844201234984,0.7,0.7349779593397004,14.5,16.805263310868266,15.0,16.315580733663076,14.7,14.910940943204492,15.7,15.857708301781265,53.1,53.626261552620356,2.2,2.2435089655380405
50,2023,1.0245103189974198,1.019397944257367,1.0000159339322052,1.0,1.0020773835769266,1.0039707638520492,1.5124376209883108,1.0211423119111829,1.0921038631796516,1.0387839737333755,1.0,1.002330645046246,1.0,930401.4999217064,1.0104717820387448,3191,149.7,146.4,48.5,3.3,1.0,14.1,15.6,15.3,17.4,60.0,2.2,3.3,1.0,4.3,0.4634520624114014,0.11000089891511322,0.07083908351682881,0.35570795515665654,69.37877374298678,71.07926961907721,16.46713456759245,16.78656312601317,10.604610802469272,10.604779775618862,53.24948088695148,53.24948088695148,146.4,146.70412895566204,48.5,48.692582046824384,3.3,4.991044149261425,1.0,1.0211423119111829,14.1,15.398664470833086,15.6,16.205029990240657,15.3,15.3,17.4,17.440553223804677,60.0,60.0,2.2,2.223037920485239
50,2024,1.0176044257207526,1.0110043020511457,1.0,1.0,1.00142800503011,1.003030466719529,1.6913227911130708,1.016717932975235,1.0825292353364422,1.0781361452378395,1.0,1.0,1.0,930401.4614361754,1.009950051920248,3190,135.3,136.8,45.26,3.54,0.88,13.9,14.9,14.0,16.3,57.7,2.0,3.54,0.88,4.42,0.4573274326414462,0.11530747955342593,0.07606900302714012,0.35129608477798774,61.876401636387676,62.965700152862915,15.60110198357853,15.772781222136556,10.29213610957206,10.29213610957206,47.53036027046174,47.53036027046174,136.8,136.99535108811907,45.26,45.397158923725875,3.54,5.987282680540271,0.88,0.8947117810182067,13.9,15.047156371176547,14.9,16.06422856404381,14.0,14.0,16.3,16.3,57.7,57.7,2.0,2.019900103840496
51,2015,1.0531989856496131,1.079845554062411,1.0528912644678847,1.0332838146335477,1.0382602898439075,1.059414203233095,1.3622890704448378,1.2424445971462954,1.194231175112594,1.1074047447976123,1.0434219154910325,1.0708862089969282,1.0125855339220902,915092.656648459,1.048517504358599,8196,160.7,130.2,34.9,1.2,0.4,10.7,6.8,8.7,10.7,33.8,1.8,1.2,0.4,1.6,0.4740400201923442,0.1372998075442596,0.0731462004868277,0.3155139717765684,76.17823124490971,80.23083587572057,22.064079072362517,23.82579769077215,11.75459441823321,12.376309780320705,50.70309526449454,52.390687688625086,130.2,135.18148973767674,34.9,36.97355569283502,1.2,1.6347468845338053,0.4,0.4969778388585182,10.7,12.778273573704755,6.8,7.5303522646237635,8.7,9.077770664771982,10.7,11.458482436267131,33.8,34.22539104656664,1.8,1.8873315078454782
51,2016,1.0729761027304157,1.052231907525516,1.057475683400297,1.0318485505972097,1.0398973390197348,1.0643479184705311,1.4076547331410278,1.2484908691787266,1.1610897895480357,1.1099305732144913,1.0435420657445489,1.049494619401045,1.0126940541483358,915092.1482548724,1.0613839251345605,8251,155.8,130.0,33.0,1.3,0.6,11.3,7.3,8.6,11.1,37.6,1.9,1.3,0.6,1.9,0.46987364626596023,0.13897392077824663,0.07130146887861431,0.3198509640771788,73.20631408823661,78.54862558565485,21.652136857250827,22.78306926730857,11.108768851288112,11.747252932751827,49.83278020322446,51.41988202492648,130.0,135.18665407256552,33.0,35.12348130952753,1.3,1.8299511530833363,0.6,0.749094521507236,11.3,13.120314621892804,7.3,8.102493184465786,8.6,8.97446176540312,11.1,11.6493902753516,37.6,38.07729643597743,1.9,2.016629457755665
51,2017,1.0626299361284826,1.0796416366224018,1.0402933044767195,1.0233237018778096,1.0259308028028098,1.0682975374598165,1.4023500407415084,1.1225867751545875,1.231458786446193,1.0900915965236062,1.0478593763483373,1.0391967203545946,1.0089151354688253,915092.1009246492,1.0111873356208587,8289,160.2,132.5,36.2,1.5,0.5,10.9,7.6,8.9,12.3,40.7,2.0,1.5,0.5,2.0,0.45196181974320726,0.12266303193233372,0.06583626678221902,0.35953888154224006,72.4042835228618,76.93895917532718,19.65061771555986,21.21562507106821,10.546969938511486,10.971942209550738,57.59812882306685,58.94153040845573,132.5,135.9358313713723,36.2,38.67237085604536,1.5,2.1035250611122627,0.5,0.5612933875772937,10.9,13.422900772263505,7.6,8.284696133579407,8.9,9.325948449500203,12.3,12.782119660361515,40.7,41.06284601358119,2.0,2.0223746712417174
51,2018,1.0389272241237342,1.04708925322855,1.0276322383122145,1.0104337671151298,1.0266984084171304,1.0498895212450798,1.2635735191856947,1.1595644478965652,1.152956589852003,1.0391404744696675,1.026901391943585,1.00573687175311,1.0054167660882012,915092.1054050754,1.007783793153131,8321,146.6,120.7,38.9,1.7,0.5,10.4,7.2,8.4,12.5,40.6,1.9,1.7,0.5,2.2,0.4437301815336417,0.1251825910817403,0.0837875570855915,0.3472996702990266,65.05084461283187,67.58309342051378,18.351767852583126,19.215938896184976,12.283255868747714,12.622669722162858,50.914131665837296,51.4453578585077,120.7,123.92249789594764,38.9,40.840702376433605,1.7,2.148074982615681,0.5,0.5797822239482826,10.4,11.990748534460833,7.2,7.481811416181606,8.4,8.625971692326114,12.5,12.571710896913876,40.6,40.81992070318097,1.9,1.914789206990949
51,2019,1.0623470907029493,1.052098388707369,1.0512070286639197,1.0217241145903089,1.034645512251522,1.0544817448108,1.4516208569812017,1.303803332265677,1.1396976867492654,1.093357424745523,1.031980200978918,1.010689650800542,1.0164487006815008,953432.5699646508,1.120650065375484,8351,142.7,122.6,33.4,1.9,0.4,13.2,9.4,9.0,11.6,46.0,1.8,1.9,0.4,2.3,0.4232590408457534,0.1473033606827661,0.0892809770512491,0.3401566214202315,60.399065128689,64.16477112064072,21.02018956943072,22.115307576321502,12.740395425213245,13.392793218941812,48.54034987666703,49.59484599964143,122.6,126.84753980203658,33.4,35.219690276680716,1.9,2.758079628264283,0.4,0.5215213329062708,13.2,15.044009465090303,9.4,10.277559792607917,9.0,9.287821808810262,11.6,11.723999949286288,46.0,46.75664023134904,1.8,2.0171701176758714
51,2020,1.088210255731087,1.0714739267212416,1.081694892123004,1.0430470597678425,1.0632486721623522,1.0908641726608823,1.645620497271255,1.2263696829967763,1.193653751690726,1.1186792154486418,1.0581006849374297,1.024659909857499,1.0216410758309924,953432.570781454,1.1265648313249574,8371,146.9,119.6,28.0,1.9,0.4,14.5,9.2,9.9,10.0,45.8,1.7,1.9,0.4,2.3,0.4253788120953118,0.1472957971387084,0.0894503643992128,0.337875026366767,62.488147496801304,68.00024296765604,21.637752599676265,23.18428774339788,13.140258530244362,14.21375053334106,49.633841373278074,51.77043230938119,119.6,127.16454119061731,28.0,30.544196834504703,1.9,3.126678944815384,0.4,0.4905478731987105,14.5,17.307979399515528,9.2,10.291848782127504,9.9,10.475196780880555,10.0,10.246599098574992,45.8,46.79116127305945,1.7,1.9151602132524277
51,2021,1.03232822133854,1.0295914643988588,1.0045116738444095,1.0044336365787556,1.0069251697002517,1.0148660421515636,1.4062772141716886,1.0672814589693145,1.1727401320949662,1.0542362230742597,1.003646762194204,1.0057324717731126,1.004788031112558,815775.9790174961,1.0005389653658974,8372,147.4,123.3,36.3,1.9,0.5,13.1,9.9,10.0,11.5,49.4,1.7,1.9,0.5,2.4,0.4636707914581954,0.11656496177961302,0.059852985982507316,0.35991126077968416,68.34507466093801,70.55454936197586,17.18167536631496,17.690106301230017,8.822330133821579,8.862133609933087,53.050919838925445,53.28612833765994,123.3,124.15387342404104,36.3,36.83963733010176,1.9,2.6719267069262083,0.5,0.5336407294846572,13.1,15.362895730444057,9.9,10.436938608435172,10.0,10.036467621942041,11.5,11.565923425390796,49.4,49.63652873696037,1.7,1.7009162411220256
51,2022,1.0607696128347563,1.0271976389326425,1.0219647314947211,1.0069801463605037,1.021744899932279,1.0248745445932714,2.785269780242636,1.0485009041557871,1.163729098275274,1.0960049629818067,1.0158835538873912,1.0102125751568192,1.010075984352918,815886.7065484636,1.0201064982164838,8374,134.3,121.6,38.3,1.9,0.5,12.6,9.8,9.8,11.9,44.6,1.6,1.9,0.5,2.4,0.4422455303319742,0.13395650461286904,0.08060029757895042,0.34319766747620634,59.393574723584145,63.002899264408526,17.990358569508313,18.47965384615057,10.824619964853042,11.062379835913436,46.091446742054515,46.41317178628142,121.6,124.24417983176511,38.3,39.252695057922296,1.9,5.292012582461008,0.5,0.5242504520778936,12.6,14.662986638268452,9.8,10.740848637221706,9.8,9.955658828096434,11.9,12.021529644366149,44.6,45.04938890214014,1.6,1.6321703971463741
51,2023,1.0276161561747776,1.0209684839603257,1.0000161995640693,1.0,1.0021120152839624,1.004036959778483,1.5553278270704054,1.0248420789007362,1.092027227248456,1.0435862098217088,1.0,1.002369498832009,1.0,915092.0732933772,1.0106463553297529,8368,126.1,119.6,42.5,2.6,0.5,12.4,10.1,11.4,12.8,46.6,1.5,2.6,0.5,3.1,0.4301408832208869,0.145433800464644,0.0920899147143359,0.3323354016001333,54.24076537415384,55.738686821765945,18.339202238591607,18.723747506576686,11.612538245477758,11.612726363535073,41.90749414177681,41.90749414177681,119.6,119.8525970279619,42.5,42.67157079058553,2.6,4.043852350383054,0.5,0.5124210394503681,12.4,13.541137617880853,10.1,10.540220719199258,11.4,11.4,12.8,12.830329585049718,46.6,46.6,1.5,1.5159695329946294
51,2024,1.019992851301562,1.0115638416314792,1.0,1.0,1.0014518110582302,1.0030809871129591,1.7523834637568467,1.0195727603604607,1.082135789069356,1.0879711009493556,1.0,1.0,1.0,915092.0258048988,1.010115927537501,8364,117.9,109.3,40.11,2.72,0.65,11.9,9.8,9.7,12.3,47.9,1.3,2.72,0.65,3.37,0.4245102089694387,0.1497333317555264,0.0992049890621577,0.3265514702128773,50.04975363749683,51.05039091965111,17.65355981397656,17.85770278389723,11.696268210428395,11.696268210428395,38.500418338098235,38.500418338098235,109.3,109.45868294866456,40.11,40.23357839310079,2.72,4.766483021418623,0.65,0.6627222942342995,11.9,12.877415889925336,9.8,10.662116789303685,9.7,9.7,12.3,12.3,47.9,47.9,1.3,1.3131507057987513
52,2015,1.0,1.011057836740062,1.0,1.0,1.0,1.019387290194772,1.7771172310776495,1.3484356861469369,1.2643914666347336,1.2586093492097437,1.020691058831513,1.0,1.0,1000000.0,1.0,3708,135.8,90.9,29.8,1.2,0.3,5.1,2.2,4.4,5.3,27.8,1.1,1.2,0.3,1.5,0.980947496203609,0.0,0.019052503796391004,0.0,133.21266998445012,133.21266998445012,0.0,0.0,2.5873300155498984,2.5873300155498984,0.0,0.0,90.9,90.9,29.8,30.377741247804206,1.2,2.1325406772931794,0.3,0.4045307058440811,5.1,6.4483964798371405,2.2,2.7689405682614363,4.4,4.491040658858657,5.3,5.3,27.8,27.8,1.1,1.1
52,2016,1.0,1.000840545750694,1.0,1.0,1.0,1.0,1.7142225241995497,1.3192508869927744,1.2248945369621158,1.2013201059586218,1.0,1.0,1.0,1000000.0,1.0,3758,129.5,89.2,28.0,1.2,0.3,5.4,2.4,4.3,5.5,31.4,1.0,1.2,0.3,1.5,1.0,0.0,0.0,0.0,129.5,129.5,0.0,0.0,0.0,0.0,0.0,0.0,89.2,89.2,28.0,28.0,1.2,2.0570670290394597,0.3,0.3957752660978323,5.4,6.614430499595426,2.4,2.8831682543006925,4.3,4.3,5.5,5.5,31.4,31.4,1.0,1.0
52,2017,1.0152431922071528,1.0853625033641972,1.0005934860630536,1.0,1.0,1.0464963753157723,1.7079298864765864,1.1100959540165218,1.335768355738928,1.1510477532251342,1.0643991901338947,1.0,1.0,1000000.0,1.0,3803,121.1,85.1,27.6,1.2,0.3,5.0,2.4,4.2,5.4,32.3,1.0,1.2,0.3,1.5,0.9816880904745614,0.018311909525438496,0.0,0.0,118.88242775646938,120.69457545281419,2.2175722435306016,2.406869761629333,0.0,0.0,0.0,0.0,85.1,85.1,27.6,28.883299958715316,1.2,2.0495158637719038,0.3,0.3330287862049565,5.0,6.67884177869464,2.4,2.762514607740322,4.2,4.4704765985623585,5.4,5.4,32.3,32.3,1.0,1.0
52,2018,1.0,1.0,1.0,1.0,1.0,1.0,1.203413765494869,1.045461837755969,1.1064191234268956,1.0206252111645078,1.0,1.0,1.0,1000000.0,1.0,3822,111.3,75.2,29.1,1.0,0.2,4.6,2.2,3.4,4.4,33.2,0.8,1.0,0.2,1.2,0.8888872342188648,0.0420836749354779,0.0690290908456572,0.0,98.93314916855965,98.93314916855965,4.68391302031869,4.68391302031869,7.682937811121646,7.682937811121646,0.0,0.0,75.2,75.2,29.1,29.1,1.0,1.203413765494869,0.2,0.20909236755119381,4.6,5.089527967763719,2.2,2.2453754645619175,3.4,3.4,4.4,4.4,33.2,33.2,0.8,0.8
52,2019,1.0,1.0,1.0,1.0,1.0,1.0,1.2693667156622543,1.2128815868270009,1.1140696884211314,1.0,1.0,1.0,1.0,1000000.0,1.0,3848,108.9,73.6,26.0,1.0,0.2,5.6,2.8,3.7,4.6,35.1,0.7,1.0,0.2,1.2,0.8240409228653576,0.09256238319878281,0.08339669393585962,0.0,89.73805650003744,89.73805650003744,10.080043530347448,10.080043530347448,9.081899969615113,9.081899969615113,0.0,0.0,73.6,73.6,26.0,26.0,1.0,1.2693667156622543,0.2,0.2425763173654002,5.6,6.238790255158335,2.8,2.8,3.7,3.7,4.6,4.6,35.1,35.1,0.7,0.7
52,2020,1.0,1.0,1.0,1.0,1.0,1.0,1.4022171324714825,1.414129220144415,1.13242263503007,1.0080679437013127,1.0,1.0,1.0,1000000.0,1.0,3858,119.3,79.4,22.3,1.0,0.2,6.6,3.0,4.8,5.1,34.1,0.8,1.0,0.2,1.2,0.7696750231173543,0.12351666261706161,0.09028739333591211,0.016520920929672105,91.82223025790036,91.82223025790036,14.735537850215449,14.735537850215449,10.771286024974314,10.771286024974314,1.970945866909882,1.970945866909882,79.4,79.4,22.3,22.3,1.0,1.4022171324714825,0.2,0.282825844028883,6.6,7.473989391198461,3.0,3.024203831103938,4.8,4.8,5.1,5.1,34.1,34.1,0.8,0.8
52,2021,1.0,1.0,1.0,1.0,1.0,1.0,1.2729329858311067,1.040388969640859,1.2305160679743277,1.0590809964472705,1.0,1.0,1.0,1000000.0,1.0,3852,132.8,88.9,28.2,1.1,0.2,6.9,3.5,4.8,6.4,41.9,0.9,1.1,0.2,1.3,1.0,0.0,0.0,0.0,132.8,132.8,0.0,0.0,0.0,0.0,0.0,0.0,88.9,88.9,28.2,28.2,1.1,1.4002262844142175,0.2,0.20807779392817183,6.9,8.490560869022861,3.5,3.706783487565447,4.8,4.8,6.4,6.4,41.9,41.9,0.9,0.9
52,2022,1.0,1.0,1.0,1.0,1.0,1.0,1.125773405011224,1.0567824606720075,1.095744690635812,1.0274191879804209,1.0,1.0,1.0,1000000.0,1.0,3856,121.2,81.0,30.7,1.1,0.4,6.9,3.6,5.2,6.7,36.8,0.9,1.1,0.4,1.5,1.0,0.0,0.0,0.0,121.2,121.2,0.0,0.0,0.0,0.0,0.0,0.0,81.0,81.0,30.7,30.7,1.1,1.2383507455123466,0.4,0.42271298426880305,6.9,7.560638365387103,3.6,3.698709076729515,5.2,5.2,6.7,6.7,36.8,36.8,0.9,0.9
52,2023,1.0,1.0,1.0,1.0,1.0,1.0,1.0941500237608683,1.0,1.0753526863591036,1.0,1.0,1.0,1.0,1000000.0,1.0,3865,122.2,83.7,30.3,1.2,0.3,7.0,3.7,5.2,6.7,39.3,1.0,1.2,0.3,1.5,1.0,0.0,0.0,0.0,122.2,122.2,0.0,0.0,0.0,0.0,0.0,0.0,83.7,83.7,30.3,30.3,1.2,1.312980028513042,0.3,0.3,7.0,7.527468804513726,3.7,3.7,5.2,5.2,6.7,6.7,39.3,39.3,1.0,1.0
52,2024,1.0,1.0,1.0,1.0,1.0,1.0,1.0695859706105124,1.0,1.053711205708575,1.0,1.0,1.0,1.0,1000000.0,1.0,3860,119.5,77.8,30.93,1.64,0.25,7.4,3.9,5.3,6.7,41.5,1.0,1.64,0.25,1.89,1.0,0.0,0.0,0.0,119.5,119.5,0.0,0.0,0.0,0.0,0.0,0.0,77.8,77.8,30.93,30.93,1.64,1.7541209918012401,0.25,0.25,7.4,7.797462922243454,3.9,3.9,5.3,5.3,6.7,6.7,41.5,41.5,1.0,1.0
53,2015,1.051837351565268,1.083461940985428,1.0517041032299583,1.0319842912782486,1.0334064941809098,1.058042938482512,1.3784337062307666,1.2433116342073205,1.1963332907989308,1.1203762988599777,1.0466327133016775,1.072617741958143,1.0145851655075149,924997.6730411438,1.0491056655163684,4663,134.5,98.5,25.9,1.6,0.4,7.4,3.7,5.0,5.5,26.8,1.3,1.6,0.4,2.0,0.42122942940283187,0.07834536624298001,0.07327832125393162,0.42714688310025656,56.655358254680884,59.59222197858498,10.537451759680811,11.416927936584086,9.855934208653803,10.365526448405717,57.45125577698451,59.288793476056746,98.5,101.79053967681962,25.9,27.40331210669706,1.6,2.2054939299692267,0.4,0.4973246536829282,7.4,8.852866351912088,3.7,4.145392305781917,5.0,5.233163566508388,5.5,5.8993975807697865,26.8,27.1908824356014,1.3,1.363837365171279
53,2016,1.068308566036137,1.0586187838683792,1.055048305362707,1.0326076405108682,1.0370294835132436,1.0616251031877626,1.4107828397082964,1.2428795772703451,1.1627816415040184,1.1156345466507438,1.0439060143358534,1.0538595305801954,1.0169089426383904,924997.218223014,1.0657755165072889,4677,135.1,98.6,26.2,1.8,0.5,7.9,3.9,4.8,5.3,29.1,1.3,1.8,0.5,2.3,0.422703479605994,0.081385195199739,0.0684748962705931,0.4274364289236738,57.10724009476979,61.00815377592491,10.995139871484739,11.6396615992139,9.250958486157128,9.760208073800833,57.746661547588324,59.62964392803486,98.6,102.25110707440582,26.2,27.81457770351938,1.8,2.5394091114749338,0.5,0.6214397886351726,7.9,9.185974967881746,3.9,4.3509747319379,4.8,5.0107488688120965,5.3,5.585455512075035,29.1,29.59205023077716,1.3,1.3855081714594755
53,2017,1.0640464060440824,1.0898900243992171,1.0425611863960305,1.0248743345526738,1.0261492768614715,1.070815664110482,1.409301251681152,1.1232756680381963,1.2367207535657467,1.1000626880602162,1.0560449640732348,1.0444412329567507,1.0133292883642038,924997.175854431,1.0103742360742929,4693,126.8,90.4,26.9,1.7,0.5,7.6,3.7,4.5,5.3,29.4,1.4,1.7,0.5,2.2,0.34371655547081154,0.08414724989419471,0.06252678314550782,0.509609411489486,43.583259233698904,46.37461035130489,10.66987128658389,11.628986276871421,7.928396102850391,8.265838047205367,64.61847337686683,66.22581490192607,90.4,92.76389462827703,26.9,28.804941364571963,1.7,2.3958121278579583,0.5,0.5616378340190982,7.6,9.399077727099675,3.7,4.0702319458228,4.5,4.752202338329557,5.3,5.535538534670779,29.4,29.79188107790759,1.4,1.41452393050401
53,2018,1.0358701961862953,1.0479451624346514,1.0254044561106903,1.0095625694972823,1.022776790693112,1.0454607835201597,1.247479750288161,1.1423422146789104,1.1455221429613092,1.0394879505919752,1.026386211220799,1.007906658199886,1.00842827724843,924997.1801617284,1.006980704359615,4703,117.3,83.8,27.5,2.0,0.4,6.7,3.5,4.3,5.1,29.6,1.1,2.0,0.4,2.4,0.3340411793332611,0.0903154319368383,0.076385510730645,0.4992578779992556,39.18303033579153,40.58853332110993,10.594000166191133,11.10193122499189,8.96002040870466,9.187644853928486,58.56294908931268,59.12296135994504,83.8,85.70869506008279,27.5,28.750171546804392,2.0,2.494959500576322,0.4,0.45693688587156417,6.7,7.674998357840772,3.5,3.638207827071913,4.3,4.413460708249436,5.1,5.140323956819418,29.6,29.84947700655353,1.1,1.1076787747955767
53,2019,1.068415294866399,1.0654972869246695,1.0597591828960042,1.030922767542151,1.04119301772396,1.0620586004758144,1.451022783825343,1.305559448866773,1.150338589461918,1.1031042320580138,1.036779043582047,1.0157493330894494,1.0244980879402372,959307.7427031532,1.1698904323276438,4714,124.0,82.5,27.7,2.1,0.4,7.9,4.5,4.5,5.8,34.2,1.2,2.1,0.4,2.5,0.31419719714934075,0.12172254261572613,0.08528449004588891,0.4787957701890441,38.960452446518254,41.62594328877511,15.09359528435004,16.082184825413954,10.575276765690225,11.207246664106972,59.37067550344147,61.20658110085487,82.5,85.89842396222669,27.7,29.419023233180056,2.1,3.0471478460332206,0.4,0.5222237795467092,7.9,9.087674856749153,4.5,4.963969044261062,4.5,4.665505696119212,5.8,5.891346131918806,34.2,35.037834607556114,1.2,1.4038685187931725
53,2020,1.090590082426824,1.0873480970047549,1.0873651612432935,1.0512452565763986,1.066964646404562,1.0950539460041218,1.6347136609724051,1.2563693601689203,1.201265352087932,1.1270760279012355,1.0575672238691485,1.038369860137215,1.028866484820719,959307.7434169048,1.1870699372707731,4722,139.1,90.0,24.7,1.7,0.3,9.6,4.8,5.4,6.2,38.2,1.4,1.7,0.3,2.0,0.32129884572608436,0.10666774861088812,0.07528442476446001,0.4967489808985675,44.692669440498335,48.74138204898787,14.837483831774538,16.13350980881886,10.472063484736386,11.386956999630387,69.09778324299074,72.63871687413818,90.0,96.02681817641057,24.7,27.047832466301806,1.7,2.7790132236530884,0.3,0.37691080805067606,9.6,11.532147380044146,4.8,5.40996493392593,5.4,5.710863008893402,6.2,6.437893132850734,38.2,39.302699720151466,1.4,1.6618979121790822
53,2021,1.0348519204871878,1.0357196177917471,1.006125637248863,1.006898565988649,1.0107752945716602,1.0195898445390117,1.3970285976813623,1.069209894919168,1.189471219880848,1.0593607246537962,1.0056742200662483,1.008919503008969,1.007449990092547,851363.6174767654,1.000838609136359,4690,141.0,96.8,30.8,1.9,0.4,10.2,5.2,6.0,7.2,42.1,1.4,1.9,0.4,2.3,0.3619433885517689,0.0295696892097852,0.0192911711753744,0.5891957510630715,51.03401778579941,52.81265131581182,4.169326178579713,4.3182529161277055,2.7200551357277902,2.736717206786165,83.07660089989308,83.64971031331365,96.8,97.8430485145367,30.8,31.403367211801562,1.9,2.654354335594588,0.4,0.4276839579676672,10.2,12.132606442784647,5.2,5.5086757681997405,6.0,6.03404532039749,7.2,7.264220421664577,42.1,42.41364458289623,1.4,1.4011740527909025
53,2022,1.0626823781961838,1.036363879891345,1.0237523062369078,1.010860836115683,1.0254092504707135,1.0303679570256168,2.661312211965672,1.0531816353939265,1.1840992755318425,1.0975952659131414,1.018337545183586,1.0158903695379404,1.0156778395622834,851445.7660488705,1.0312849288125456,4693,135.8,97.4,33.4,2.0,0.4,10.0,5.5,6.2,6.6,40.9,1.5,2.0,0.4,2.4,0.3321131245621108,0.0563073325715109,0.0412109764215956,0.5703685664447827,45.10096231553465,47.92799789240883,7.6465357632111814,7.924593471289468,5.596450598052683,5.729379206497356,77.4560513232015,78.29728880279073,97.4,99.8748609958475,33.4,34.4142897646556,2.0,5.322624423931344,0.4,0.42127265415757065,10.0,11.840992755318425,5.5,6.036773962522277,6.2,6.313692780138234,6.6,6.704876438950406,40.9,41.54122363809739,1.5,1.5469273932188186
53,2023,1.0267136597014943,1.0254384628890882,1.000025205891312,1.0,1.0032862135961402,1.0062813523234695,1.5465628810146694,1.0212025955805073,1.119083110473288,1.0423263243419267,1.0,1.003686847977339,1.0,924997.1512472612,1.0165653146071614,4673,125.8,108.8,35.4,2.3,0.5,11.2,6.3,7.8,8.0,45.7,1.3,2.3,0.5,2.8,0.3235573177918946,0.0684717970763936,0.0480121659556627,0.559958719176049,40.70351057822034,41.79085030846309,8.613752072210314,8.832872684635044,6.039930477222367,6.040082719053508,70.44280687234696,70.44280687234696,108.8,109.15754003926006,35.4,35.62235987225082,2.3,3.5570946263337393,0.5,0.5106012977902536,11.2,12.533730837300824,6.3,6.566655843354138,7.8,7.8,8.0,8.029494783818713,45.7,45.7,1.3,1.3215349089893098
53,2024,1.0188525430366078,1.0161406963195143,1.0,1.0,1.002258961511695,1.0047938960560665,1.7425728316806457,1.0157286829413807,1.1099182908188574,1.0816153060394629,1.0,1.0,1.0,924997.1086371616,1.0157399896031687,4655,118.2,106.3,34.36,3.0,0.56,11.2,6.1,6.0,7.7,44.5,1.2,3.0,0.56,3.56,0.32087166142310763,0.07343952604777731,0.05158328106459091,0.5541055314645241,37.92703038021132,38.64205135270498,8.680551978847278,8.820662132223612,6.097143821834646,6.097143821834646,65.49527381910676,65.49527381910676,106.3,106.54012760869318,34.36,34.524718268486446,3.0,5.2277184950419375,0.56,0.5688080624471733,11.2,12.431084857171202,6.1,6.597853366840723,6.0,6.0,7.7,7.7,44.5,44.5,1.2,1.2188879875238023
54,2015,1.0539945300688582,1.0759649910576563,1.0538965409684682,1.0327361312347263,1.0404942365797665,1.0576162372482232,1.3274131097499418,1.2228622801548792,1.1823508970601495,1.0892702243174048,1.040974686753319,1.067129779741807,1.0121298019186835,877662.5301459382,1.045542616628441,330,276.9,24.7,6.7,26.4,5.8,0.9,0.5,3.1,21.4,6.1,3.2,26.4,5.8,32.199999999999996,0.29549406586760235,0.17467072599288053,0.07609323531703942,0.4537419728224778,81.82230683873908,86.24026384564672,48.36632402742861,52.040471399663936,21.070216859288212,22.20582866545935,125.6411522745441,129.7541575238858,24.7,25.70020764352023,6.7,7.086028789563096,26.4,35.04370609739846,5.8,7.092601224898299,0.9,1.0641158073541346,0.5,0.5446351121587024,3.1,3.227021528935289,21.4,22.836577286474665,6.1,6.173991791703969,3.2,3.345736373211011
54,2016,1.0817677234476748,1.0502753486163223,1.0628644181586997,1.032671990604587,1.0432378361740022,1.0684321078292904,1.3943552102470431,1.243881296567999,1.1540149943714422,1.1043497974674643,1.0482556397818172,1.0523418058300082,1.0129743735952697,877661.7688792902,1.059425140657584,340,283.3,27.4,9.3,21.8,9.6,0.9,0.4,2.9,20.4,6.8,3.5,21.8,9.6,31.4,0.30558293941915327,0.16946241840650514,0.07269318238185452,0.4522614597924871,86.57164673744613,93.65041320628342,48.00870313456291,50.42235742127058,20.593978568779384,21.88860704907843,128.1256715592116,132.31179229660057,27.4,28.58471671116766,9.3,9.936418602812402,21.8,30.39694358338554,9.6,11.941260447052791,0.9,1.038613494934298,0.4,0.4417399189869857,2.9,3.03994135536727,20.4,21.467772838932166,6.8,6.888225740447833,3.5,3.707987992301544
54,2017,1.0652424573703714,1.071087060375187,1.040250624792323,1.0221326688924788,1.0263712025075584,1.0641758033066222,1.383017168318886,1.1162779545560364,1.213618733537169,1.0851600573714406,1.042963620784492,1.0379152866741908,1.009206251419147,877661.6978762292,1.010260278477329,349,284.5,32.1,7.6,13.9,7.9,1.4,0.7,3.7,22.5,10.1,1.1,13.9,7.9,21.8,0.32555711416782057,0.15818547399304939,0.07172008882803242,0.4445373230110977,92.62099898074496,98.66382055834742,45.00376735102255,48.20295287781556,20.404365271575223,21.225653722246907,126.4708683966573,129.27000625142477,32.1,32.946515600492624,7.6,8.087736105130329,13.9,19.223938639632518,7.9,8.818595840992687,1.4,1.6990662269520367,0.7,0.7596120401600084,3.7,3.85896539690262,22.5,23.353093950169292,10.1,10.192983139333386,1.1,1.111286306325062
54,2018,1.0441025790463514,1.0482889646499975,1.030844553698027,1.0114407625365678,1.031670812538203,1.052516507564818,1.2800388283734154,1.1697890992382798,1.1516472291563409,1.0432303862504793,1.0293408292480417,1.005786839368002,1.0056611303187666,877661.7060852877,1.007084174737421,354,208.9,42.7,6.7,17.9,4.5,1.5,0.5,3.6,14.3,6.0,4.3,17.9,4.5,22.4,0.33306104161678585,0.14392625834190162,0.08031108935500801,0.44270161068630454,69.57645159374657,72.64495254992441,30.066195367623248,31.518060812890326,16.776986566261176,17.294465229295298,92.48036647236901,93.53841238447416,42.7,44.052343695381275,6.7,7.0518606006842806,17.9,22.912695027884133,4.5,5.264050946572259,1.5,1.7274708437345114,0.5,0.5216151931252396,3.6,3.7056269852929504,14.3,14.38275180296243,6.0,6.0339667819126,4.3,4.330461951370911
54,2019,1.0734620133694457,1.058375204044203,1.0596689107672026,1.023706001848634,1.0394602911413806,1.0616697074912769,1.4963027548995915,1.325295772926118,1.147605921948324,1.1156031495845835,1.0391612541550768,1.01099097475816,1.0179424914883843,935125.1827215488,1.1231924192753713,361,187.6,52.4,5.7,17.5,3.7,1.7,0.6,3.2,11.6,8.8,5.2,17.5,3.7,21.2,0.3409201143016304,0.1459688309814435,0.0814902273432849,0.4316208273736412,63.956613442985855,68.65499503479896,27.3837526921188,28.982284843017226,15.287566649600247,16.199759099862906,80.97206721529508,82.89159119038858,52.4,54.46771925580834,5.7,6.0515173327002785,17.5,26.18529821074285,3.7,4.903594359826637,1.7,1.9509300673121506,0.6,0.6693618897507501,3.2,3.325316013296246,11.6,11.727495307194657,8.8,8.957893925097784,5.2,5.840600580231931
54,2020,1.103432202219592,1.080834106919766,1.096253822752017,1.0494382201842558,1.073990515896072,1.1043617284998226,1.7045296477261214,1.208627969852481,1.205300673057152,1.1440002761796615,1.0683733957309285,1.0257723817272495,1.0236879150394538,935125.183859468,1.1303913897618905,366,193.6,55.7,6.7,17.4,5.5,1.2,0.4,2.4,8.5,11.2,4.0,17.4,5.5,22.9,0.3581193061136181,0.1378839568056339,0.0770513936932639,0.4269453433874841,69.33189766359646,76.50304852300563,26.694334037570723,28.852146689315664,14.91714981901589,16.35298251366073,82.65661847981691,86.74301458390813,55.7,59.821271735411216,6.7,7.399223580948812,17.4,29.65881587043451,5.5,6.647453834188646,1.2,1.4463608076685823,0.4,0.4576001104718646,2.4,2.5640961497542283,8.5,8.719065244681621,11.2,11.465304648441881,4.0,4.521565559047562
54,2021,1.0381586726980054,1.032561709704178,1.0049828120364233,1.0046336493120973,1.007237581891914,1.0148114460435107,1.4365508616781837,1.069983578942628,1.1619766867532368,1.0573342502459595,1.0038112770030645,1.0059910782979773,1.0050040314935402,781076.7960020185,1.000563279477822,366,161.0,52.2,6.2,21.9,6.6,1.2,0.5,2.7,9.3,11.6,3.5,21.9,6.6,28.5,0.34962944520122907,0.14481770023558063,0.06895102725578431,0.43660182730740593,56.29034067739788,58.43830536336593,23.31564973792848,24.0748471562592,11.101115388181274,11.156430159555226,70.29289419649236,70.61860681733125,52.2,52.57780177475791,6.2,6.291830965469766,21.9,31.46046387075222,6.6,7.061891621021344,1.2,1.3943720241038842,0.5,0.5286671251229798,2.7,2.710290447908274,9.3,9.35571702817119,11.6,11.658046765325066,3.5,3.5019714781723774
54,2022,1.0718705782946711,1.030019824589647,1.0253943019400689,1.0072950386905108,1.0246024886230396,1.027853472725015,3.150692500457177,1.0464757009777488,1.171453884505926,1.1113873798471114,1.0180207021941292,1.0106732906519418,1.0105305378860592,781184.6655008139,1.0210135539922054,364,176.0,58.2,6.8,23.0,6.6,1.0,0.5,3.3,9.6,12.3,3.5,23.0,6.6,29.6,0.3585168390093126,0.1381749682255861,0.0796548541101591,0.4236533386549421,63.09896366563901,67.63392267408292,24.31879440770315,25.04884035005409,14.019254323388001,14.375263500650732,74.5629876032698,75.10692748271573,58.2,59.63186483786091,6.8,6.989403614530102,23.0,72.46592751051507,6.6,6.906739626453142,1.0,1.171453884505926,0.5,0.5556936899235557,3.3,3.3594683172406263,9.6,9.70246359025864,12.3,12.429525615998529,3.5,3.573547438972719
54,2023,1.033290551576536,1.0237995263110529,1.000016930368011,1.0,1.002207293717885,1.0042190774025468,1.6411387315589758,1.029606333567036,1.0933950179961154,1.0525962729898837,1.0,1.0024763930101002,1.0,877661.6570644637,1.0111266397625895,365,168.7,64.1,7.1,25.8,6.7,1.2,0.6,3.0,7.6,13.1,2.3,25.8,6.7,32.5,0.36334913550661707,0.13861310470189012,0.09451875588199403,0.4035190039094988,61.2969991599663,63.337610071988045,23.384030763208862,23.940559618616323,15.945314117292392,15.945584077328451,68.07365595953245,68.07365595953245,64.1,64.24148752731642,7.1,7.129955449558082,25.8,42.34137927422158,6.7,6.898362434899141,1.2,1.3120740215953384,0.6,0.6315577637939301,3.0,3.0,7.6,7.618820586876761,13.1,13.1,2.3,2.325591271453956
54,2024,1.024151250716941,1.0124980827889865,1.0,1.0,1.001517305983873,1.0032199783547782,1.8782620669447176,1.0232217562069974,1.0824551995159508,1.1078477714094344,1.0,1.0,1.0,877661.5853230817,1.010572283010288,370,124.0,57.8,6.56,25.88,5.12,1.0,0.7,3.2,10.5,15.8,1.7,25.88,5.12,31.0,0.3686929531263634,0.1359424761217005,0.1027087075827983,0.3926558631691378,45.717926187669065,46.822071285286064,16.85686703909086,17.067545558908357,12.73587974026699,12.73587974026699,48.68932703297309,48.68932703297309,57.8,57.88770028586785,6.56,6.5811230580073445,25.88,48.60942229252929,5.12,5.238895391779827,1.0,1.0824551995159508,0.7,0.775493439986604,3.2,3.2,10.5,10.5,15.8,15.8,1.7,1.7179728811174895
61,2015,1.0549843155316845,1.0762350255699498,1.0546550369511238,1.0338131333746237,1.0432024947963447,1.0595420647068263,1.2941483613765734,1.2273301731115436,1.174215293502887,1.0764189379460567,1.039130581292254,1.0682899838937638,1.0106412261942477,910618.1843068624,1.0460428562661512,3846,132.7,77.6,10.4,0.6,1.0,2.3,2.1,7.6,12.6,40.1,0.9,0.6,1.0,1.6,0.23293422822266985,0.30039481641597354,0.09758730702060753,0.3690836483407491,30.910372085148285,32.60995773707985,39.862392138399684,42.90130262234995,12.949835641634618,13.657609387139138,48.9774001348174,50.633479497918294,77.6,80.95251359619634,10.4,11.019237472950994,0.6,0.7764890168259441,1.0,1.2273301731115436,2.3,2.7006951750566395,2.1,2.2604797696867194,7.6,7.89739241782113,12.6,13.460453797061424,40.1,40.526713170389336,0.9,0.9414385706395362
61,2016,1.0788147803037151,1.0466448912673358,1.0610572104972391,1.0315589679353865,1.0434303637407267,1.0681099710611337,1.3582710425671247,1.244350137844084,1.1425934712576835,1.091146772056566,1.0437991655648882,1.0448449963682316,1.0096793230634808,910617.6662575068,1.0564408953548852,3874,131.1,81.9,10.0,0.6,1.2,2.8,2.2,7.0,13.4,44.9,0.9,0.6,1.2,1.7999999999999998,0.2452906219001183,0.2903389691493023,0.0979826509273873,0.366387758023192,32.15760053110551,34.69209475205922,38.06343885547353,39.83890382214798,12.845525536580475,13.62983749321513,48.03343507684047,49.54932071425694,81.9,85.45694679036552,10.0,10.681099710611337,0.6,0.8149626255402748,1.2,1.4932201654129007,2.8,3.199261719521514,2.2,2.400522898524445,7.0,7.306594158954217,13.4,14.000922951334303,44.9,45.33460160555029,0.9,0.9507968058193966
61,2017,1.0611792710014476,1.06447768849458,1.038509598082782,1.0213234884964062,1.026067618144019,1.0633448356846555,1.351754196560766,1.1163848231470437,1.2041273280515403,1.0716606717545487,1.0362917632162008,1.034985153979983,1.0058043884462176,910617.6181063966,1.0109894412238591,3904,132.4,86.1,10.2,0.7,1.2,2.7,2.5,8.0,14.6,51.4,1.0,0.7,1.2,1.9,0.2583113825130677,0.2759354384331381,0.0896030622525609,0.3761501168012333,34.20042704473016,36.29278423926495,36.53385204854749,38.889470380440805,11.863445442239064,12.320301958096703,49.80227546448329,50.86423371244505,86.1,88.34442192220003,10.2,10.846117323983485,0.7,0.9462279375925361,1.2,1.3396617877764523,2.7,3.251143785739159,2.5,2.6791516793863717,8.0,8.290334105729606,14.6,15.110783248107753,51.4,51.69834556613558,1.0,1.0109894412238591
61,2018,1.043198209616321,1.048784406866548,1.0311457350746864,1.0117115082040682,1.0330035021504425,1.05594496423418,1.26854223841551,1.1827869114547982,1.1526761742810216,1.0382886330865402,1.0294261405025162,1.0041229644832788,1.0033361571374333,910617.6217779984,1.0077608502514326,3931,131.7,83.5,11.8,1.0,1.1,2.9,2.8,7.8,13.8,46.6,1.0,1.0,1.1,2.1,0.2707894110093392,0.2557736330549234,0.1057220986314868,0.3677148573042507,35.66296542992997,37.20354168611169,33.68538747333341,35.32870912128982,13.92360038976681,14.357261158792287,48.42804670696981,48.99521217328548,83.5,86.25579242956195,11.8,12.460150577963326,1.0,1.26854223841551,1.1,1.301065602600278,2.9,3.3427609054149627,2.8,2.9072081726423122,7.8,8.029523895919626,13.8,13.856896909869247,46.6,46.755464922604396,1.0,1.0077608502514326
61,2019,1.0588273358419635,1.0450459971178625,1.0461843895989484,1.0150987144417307,1.0320213609610445,1.0498746386849969,1.4396120291790884,1.309709414446341,1.121496303377508,1.0868857259339832,1.0285650778625404,1.007094511282311,1.0107972804388994,949654.9250899296,1.0850155683165583,3944,132.2,89.3,10.9,1.2,1.4,3.5,3.3,8.9,14.5,51.5,1.0,1.2,1.4,2.5999999999999996,0.285282647333061,0.2463358322330685,0.0996254365062772,0.3687560839275933,37.71436597743067,39.93300165085171,32.56559702121165,34.032546810770626,13.170482706129844,13.778753410635957,48.74955429522783,49.48560989469313,89.3,92.15950753382127,10.9,11.443633561666466,1.2,1.727534435014906,1.4,1.8335931802248773,3.5,3.925237061821278,3.3,3.5867228955821444,8.9,9.15422919297661,14.5,14.60287041359351,51.5,52.05605994260332,1.0,1.0850155683165583
61,2020,1.0918186694093843,1.063377941954328,1.0820726908077938,1.039163578657003,1.0659954301711456,1.0928003111753226,1.6432509927658066,1.174840146940655,1.1830562527179636,1.1159043829506874,1.062828197547779,1.015187906019932,1.0176492186702326,949654.9259729938,1.084164567968653,3955,142.3,90.0,10.5,1.2,1.3,4.0,3.1,10.3,14.7,50.4,1.0,1.2,1.3,2.5,0.30254916250113484,0.24416317941416235,0.10632862876359443,0.34695902932110834,43.05274582391149,47.00579165988348,34.74442043063531,36.94645029192488,15.130563873059488,16.372369963560676,49.37226987239372,51.305864647015994,90.0,95.9395887154031,10.5,11.474403267340888,1.2,1.9719011913189677,1.3,1.5272921910228516,4.0,4.732225010871854,3.1,3.459303587147131,10.3,10.947130434742123,14.7,14.923262218493,50.4,51.28952062097972,1.0,1.084164567968653
61,2021,1.0314240793421003,1.0251289218442752,1.0034081646249668,1.0027306529534696,1.0042651748196687,1.0112036471605288,1.4076798497360028,1.063680353118682,1.1470759229569585,1.0472118874785268,1.002246021246739,1.0035305985729497,1.0029489226431996,740322.5071100858,1.0003319458737907,3954,153.5,100.9,14.5,1.2,1.2,4.1,3.2,11.4,15.4,55.7,0.9,1.2,1.2,2.4,0.28448054759065766,0.25883905727474826,0.10101859271191671,0.35566180242267736,43.667764055165954,45.03998333752761,39.73179529167386,40.73021247029107,15.506353981279215,15.559202188380425,54.59408667188097,54.74316417589352,100.9,101.33035613930458,14.5,14.662452883827667,1.2,1.6892158196832032,1.2,1.2764164237424185,4.1,4.703011284123529,3.2,3.351078039931286,11.4,11.425604642212825,15.4,15.454371218023425,55.7,55.86425499122622,0.9,0.9002987512864117
61,2022,1.0628646297457989,1.0214176617496529,1.0226006638462772,1.0042990346494092,1.0209663222772516,1.0228137546659783,2.90308825120394,1.0415786889218244,1.149571539003834,1.0970497720266654,1.0155143848396766,1.006289870181991,1.006205744639569,740512.1217052166,1.0123834842489914,3956,148.2,99.1,15.8,1.3,1.2,4.1,3.4,12.3,14.7,52.8,1.0,1.3,1.2,2.5,0.30000384333880953,0.24615280871606832,0.11741712442259132,0.3364262235225309,44.460569582811566,47.255566827922344,36.47984625172132,37.261159259420026,17.401217839428032,17.794496914332786,49.858366326039075,50.072709170437655,99.1,101.17776253767563,15.8,16.160457323722458,1.3,3.7740147265651225,1.2,1.249894426706189,4.1,4.713243309915718,3.4,3.729969224890662,12.3,12.490826933528023,14.7,14.792461091675266,52.8,53.12766331696923,1.0,1.0123834842489914
61,2023,1.029561143742523,1.0186508658389046,1.000009977224494,1.0,1.0013007788686514,1.0024863418429406,1.571290943883063,1.030805049783742,1.068853843022742,1.0462761212833849,1.0,1.0014593616028142,1.0,910617.5896147155,1.00655703306044,3952,145.8,106.4,18.6,1.4,1.4,4.5,3.7,12.8,13.7,55.3,1.0,1.4,1.4,2.8,0.30259965052207116,0.23545746025216724,0.12625313303192492,0.33568975619383673,44.11902904611798,45.42323800553082,34.329697704765984,34.96997629094773,18.407706796054654,18.407890453877776,48.9435664530614,48.9435664530614,106.4,106.53840287162451,18.6,18.646245958278698,1.4,2.199807321436288,1.4,1.4431270696972387,4.5,4.809842293602339,3.7,3.871221648748524,12.8,12.8,13.7,13.719993253958554,55.3,55.3,1.0,1.00655703306044
61,2024,1.0219868786422146,1.008787163986291,1.0,1.0,1.0008941626323258,1.001897563413275,1.77070933120548,1.024907120421622,1.0597708933042518,1.0946787434119345,1.0,1.0,1.0,910617.5416011058,1.0062303454323978,3953,137.7,98.2,16.05,1.79,1.52,4.3,3.5,12.4,13.7,57.2,1.0,1.79,1.52,3.31,0.31039225514104773,0.22877342674799717,0.13460974869323933,0.32622456941771577,42.74101353292227,43.68075501051588,31.502100863199207,31.77891498939682,18.535762395059052,18.535762395059052,44.92112320881946,44.92112320881946,98.2,98.2878067704944,16.05,16.080455892783064,1.79,3.1695697028578094,1.52,1.5578588230408654,4.3,4.557014841208282,3.5,3.8313756019417706,12.4,12.4,13.7,13.7,57.2,57.2,1.0,1.0062303454323978
62,2015,1.0549007264711805,1.072967838035248,1.0547936301114829,1.0330668584086349,1.0438040977156036,1.0582849925282305,1.3175224192791135,1.2250929353600704,1.1804185024008211,1.0840497909455695,1.0389860256609034,1.064637589815951,1.0108261582118263,888095.085244327,1.0438343645938208,2523,159.9,73.8,12.6,1.4,2.4,4.0,2.0,7.6,13.4,49.0,1.7,1.4,2.4,3.8,0.27840606921838845,0.18509346447391742,0.08742972993382792,0.44907073637386624,44.51713046802031,46.96115327112695,29.596444969379395,31.756033572324203,13.980013816419085,14.746029522429373,71.80641074618121,74.18082316315747,73.8,77.03274241141153,12.6,13.334390905855704,1.4,1.8445313869907587,2.4,2.940223044864169,4.0,4.7216740096032845,2.0,2.168099581891139,7.6,7.896293795022865,13.4,14.266143703533745,49.0,49.53048175237949,1.7,1.7745184198094954
62,2016,1.082999040589531,1.0460658665202671,1.063855081196242,1.032461451735222,1.0450556947093197,1.069739180994739,1.3879921398480828,1.246751525985243,1.1509063120112824,1.100958487534619,1.0469555412758664,1.0472734766256138,1.0108296180358938,888094.414428088,1.05542844904486,2520,157.4,79.4,11.9,1.4,2.8,4.2,2.1,7.1,13.8,56.0,1.8,1.4,2.8,4.199999999999999,0.29225263194868195,0.17941681032907372,0.08536733604209482,0.4429632216801495,46.00056426872254,49.818566969603566,28.240205945796205,29.541115503400107,13.436818693025725,14.294827841688063,69.72241109245553,71.98570177499658,79.4,82.97742215992,11.9,12.729896253837394,1.4,1.9431889957873159,2.8,3.4909042727586805,4.2,4.833806510447386,2.1,2.3120128238227,7.1,7.433384343058651,13.8,14.45237397743347,56.0,56.60645861001005,1.8,1.899771208280748
62,2017,1.0631104514479617,1.0652971971502572,1.0386644529553903,1.0207417837132824,1.0263533923240622,1.062881120903891,1.3764207083184696,1.1151100347025644,1.2096633298936026,1.0796915638392173,1.0387819409851855,1.0346030270046207,1.0069819819731922,888094.3519731929,1.0102337693272485,2522,151.0,75.0,11.4,1.4,2.4,4.4,2.2,7.3,13.9,54.9,1.9,1.4,2.4,3.8,0.30648306945260473,0.18219158010778133,0.08061364431400161,0.4307117061256123,46.27894348734331,49.19962850336425,27.51092859627498,29.307315124612593,12.172660291414244,12.64330954259358,65.03746762496746,66.38646071170415,75.0,76.97650442430466,11.4,12.116844778304358,1.4,1.9269889916458574,2.4,2.6762640832861546,4.4,5.322518651531852,2.2,2.375321440446278,7.3,7.583108169191854,13.9,14.380982075364228,54.9,55.28331081032825,1.9,1.9194441617217721
62,2018,1.0454142818232164,1.0484440031449993,1.032842171254167,1.0122710930813374,1.0357025592635132,1.0559288890941296,1.280108810873794,1.1820007881497316,1.1521081393689554,1.041542407290109,1.030374192517891,1.0046465751331644,1.004166695671556,888094.3579252684,1.0071630604690958,2515,151.8,79.9,14.3,1.2,2.4,4.8,2.4,8.7,13.6,75.6,1.9,1.2,2.4,3.5999999999999996,0.32026731915997564,0.17502869785546551,0.09313644677916812,0.4115675362053907,48.616579048484304,50.82446607067285,26.569356334459666,27.856482316286836,14.13811262107772,14.602438936989856,62.47595199597831,63.24260021826613,79.9,82.75263448515472,14.3,15.099783114046055,1.2,1.5361305730485526,2.4,2.836801891559356,4.8,5.530119068970985,2.4,2.4997017774962615,8.7,8.964255474905652,13.6,13.663193421811036,75.6,75.91500219276963,1.9,1.913609814891282
62,2019,1.0660103495984128,1.051875006120407,1.053025002365087,1.0184479298071176,1.036501312622799,1.055985987472055,1.4688555189935086,1.331611825485836,1.1348086795194452,1.1018458464002985,1.0342302377409651,1.0084251206807733,1.0135645929563584,938685.3257501626,1.0977888761801493,2509,158.0,83.4,13.6,1.5,2.2,5.6,3.1,8.1,15.9,60.5,1.7,1.5,2.2,3.7,0.3344564606530432,0.1732190112765279,0.090013062396525,0.4023114656739039,52.84412078318082,56.33237967029934,27.368603781691405,28.78835027037364,14.22206385865095,14.976188828392333,63.56521157647682,64.73785813781424,83.4,86.44420947274145,13.6,14.361409429619947,1.5,2.2032832784902627,2.2,2.9295460160688394,5.6,6.354928605308893,3.1,3.415722123840925,8.1,8.377264925701818,15.9,16.033959418824296,60.5,61.32065787385968,1.7,1.8662410895062538
62,2020,1.1009953828748418,1.072330741972925,1.0924896068409755,1.0453625235039816,1.0738979960755566,1.102697266192564,1.6853346434931469,1.1955477941187982,1.1994719934731866,1.1333349426406547,1.069532962689966,1.018968945306317,1.0206816759831758,938685.326825636,1.0998810103119234,2501,159.0,82.5,11.9,1.6,1.8,6.3,2.8,9.3,15.7,59.8,1.7,1.6,1.8,3.4000000000000004,0.35343723870882016,0.16056131432232232,0.09141968014000092,0.39458176682885665,56.19652095470241,61.87211010475664,25.52924897724925,27.375798497785226,14.535729142260145,15.880133015774696,62.73850092578821,65.58447764863885,82.5,88.59658467623342,11.9,13.122097467691512,1.6,2.6965354295890354,1.8,2.1519860294138367,6.3,7.556673558881075,2.8,3.173337839393833,9.3,9.946656553016684,15.7,15.997812441309177,59.8,61.03676422379391,1.7,1.8697977175302698
62,2021,1.0347959921666985,1.027809526724521,1.0039977880921254,1.0034104508190214,1.0053269929225266,1.0122466863741015,1.427003190753423,1.0678704818447642,1.1549430100316784,1.0530251077109123,1.0028051697271705,1.004409543431527,1.003683058892911,762755.9792277182,1.0004145840194385,2490,165.3,93.3,16.8,1.6,1.8,6.5,2.8,10.4,17.4,63.9,1.8,1.6,1.8,3.4000000000000004,0.33741515283139817,0.16693425839235224,0.08671527883550662,0.408935309940743,55.77472476303012,57.71546164898428,27.594232912255826,28.361615469871865,14.334035591509245,14.391340028309083,67.59700673320482,67.82754300018148,93.3,93.79700843967173,16.8,17.005744331084905,1.6,2.283205105205477,1.8,1.9221668673205756,6.5,7.50712956520591,2.8,2.9484703015905542,10.4,10.429173765162574,17.4,17.476726055708568,63.9,64.13534746325702,1.8,1.8007462512349894
62,2022,1.0693853125651505,1.0250412921994163,1.025265153038185,1.0053692821793594,1.0237995740173416,1.026132163388936,3.038239036598069,1.0451227229867488,1.1635283377738057,1.1069304531884177,1.0175705305374234,1.0078557375394237,1.007750668887368,762895.7393856522,1.0154663608737426,2492,152.5,86.5,17.6,1.6,2.3,5.7,2.8,10.3,14.7,51.7,1.6,1.6,2.3,3.9,0.35286278660943315,0.16406048688887342,0.09750908419557013,0.38556764230612334,53.811574957938554,57.545307906018145,25.019224250553197,25.645737955614024,14.870135339824444,15.245831584883632,58.79906545168381,59.11477422597652,86.5,88.55866315250005,17.6,18.059926075645276,1.6,4.861182458556911,2.3,2.4037822628695222,5.7,6.632111525310693,2.8,3.099405268927569,10.3,10.480976464535463,14.7,14.815479341829528,51.7,52.100709581476934,1.6,1.6247461773979883
62,2023,1.0322507876461868,1.0212352057541745,1.0000124610611554,1.0,1.001624608631544,1.003105318295337,1.6095410620929518,1.033411651388759,1.0802306822075345,1.050465850458259,1.0,1.0018226706426543,1.0,888094.3155293295,1.0081894107938227,2465,138.0,87.3,17.9,2.0,2.4,5.2,3.0,9.5,11.6,56.5,1.3,2.0,2.4,4.4,0.35956370050475756,0.16063287820009273,0.10957767373979582,0.37022574755535387,49.619790669656545,51.22006800159188,22.167337191612795,22.638065157898858,15.121718976091824,15.12190740875676,51.09115316263883,51.09115316263883,87.3,87.44182833353378,17.9,17.955585197486528,2.0,3.2190821241859036,2.4,2.4801879633330217,5.2,5.61719954747918,3.0,3.1513975513747767,9.5,9.5,11.6,11.62114297945479,56.5,56.5,1.3,1.3106462340319696
62,2024,1.0239466947324871,1.010450110785325,1.0,1.0,1.0011167650132469,1.0023699630847362,1.8258935518545427,1.0266844487942617,1.0697612229698268,1.1023052909174065,1.0,1.0,1.0,888094.2528521729,1.0077813940639029,2458,131.4,78.2,15.85,2.47,2.33,5.3,2.9,9.6,12.1,56.4,1.3,2.47,2.33,4.800000000000001,0.3678362860865992,0.1562037328298145,0.1175063316816531,0.3584536494019332,48.333687991779136,49.49112006341355,20.525170493837628,20.739660799385913,15.440331982969218,15.440331982969218,47.10080953141402,47.10080953141402,78.2,78.28733102403591,15.85,15.88756391489307,2.47,4.509957073080721,2.33,2.39217476569063,5.3,5.669734481740082,2.9,3.1966853436604787,9.6,9.6,12.1,12.1,56.4,56.4,1.3,1.3101158122830738
63,2015,1.054649761196652,1.072508917418406,1.054572409115024,1.0328264507385707,1.0435223211939977,1.057866904966598,1.3197551048267702,1.2238401675370645,1.1806557077220712,1.0845821551767991,1.038925853229546,1.0641150365950085,1.0108869200822337,882218.9990391533,1.0434839499602842,577,117.6,62.7,10.3,4.5,6.9,3.2,2.1,4.3,17.4,27.9,1.3,4.5,6.9,11.4,0.6141106470364331,0.2184964950047812,0.0802081652294118,0.0871846927293739,72.21941209148453,76.16618571604677,25.695187812562267,27.558318063713774,9.432480230978827,9.947233401113179,10.25291986497437,10.589486833848465,62.7,65.42884953886366,10.3,10.89602912115596,4.5,5.938897971720466,6.9,8.444497156005745,3.2,3.778098264710628,2.1,2.277622525871278,4.3,4.467381168887048,17.4,18.515601636753146,27.9,28.203745070294318,1.3,1.3565291349483695
63,2016,1.083437853094395,1.0461003711486336,1.064052857238533,1.0324713604974685,1.0450424495791464,1.0697421618015306,1.3911533937956806,1.24684562969705,1.151799330993517,1.1020466248058305,1.0474980644219911,1.0480714534881663,1.0110756403914682,882218.2857768127,1.0554137265876675,582,123.8,65.3,12.3,5.0,8.0,3.2,2.0,4.6,18.2,30.9,1.3,5.0,8.0,13.0,0.6043480121303646,0.2107695126437667,0.0788627380089194,0.1060197372169493,74.81828390173914,81.06096088270719,26.09326566529832,27.296174896948468,9.76320696550422,10.388568267455915,13.125243467458322,13.551437979707204,65.3,68.24127195751825,12.3,13.157828590158827,5.0,6.955766968978403,8.0,9.9747650375764,3.2,3.6857578591792546,2.0,2.204093249611661,4.6,4.818491096341159,18.2,19.074900453484627,30.9,31.242237288096366,1.3,1.3720378445639678
63,2017,1.063409907849289,1.0654016272670908,1.0386659885377432,1.0206731983811,1.0263004378846106,1.062630656980034,1.3787200215847313,1.1147932204771531,1.209884201373827,1.080717471230162,1.0391238857578289,1.0346531068381537,1.0072518511632964,882218.2193372124,1.010090114711364,586,116.8,61.8,11.4,5.3,7.1,3.5,2.0,4.8,17.9,30.0,1.3,5.3,7.1,12.399999999999999,0.5884875674173955,0.2508965246638894,0.07154886865643513,0.08906703926228013,68.73534787435179,73.09384994905325,29.30471408074228,31.221290068219652,8.356907859071622,8.680035962561462,10.403030185834318,10.618094092630642,61.8,63.42536706126893,11.4,12.113989489572386,5.3,7.3072161143990755,7.1,7.915031865387787,3.5,4.234594704808394,2.0,2.161434942460324,4.8,4.987794651637579,17.9,18.52029061240295,30.0,30.217555534898892,1.3,1.313117149124773
63,2018,1.0455966729097412,1.0482766375231405,1.0328534710377024,1.0122510279598789,1.035697431533786,1.0555594900766867,1.2816273631875683,1.181046606960007,1.1518739234532385,1.0420931833938187,1.0303860130787308,1.0047694842538957,1.0043555990358295,882218.2260422136,1.0070462929281618,587,113.2,52.3,9.8,9.4,6.6,2.9,1.7,3.7,17.6,24.8,1.4,9.4,6.6,16.0,0.5715725702876348,0.24355380261814275,0.08265442170073742,0.10221920539348503,64.70201495656026,67.65221156913573,27.57029045637376,28.901291375143813,9.356480536523476,9.663873398844975,11.571214050542507,11.712973317405446,52.3,54.166975669217,9.8,10.34448300275153,9.4,12.047297213963143,6.6,7.794907605936046,2.9,3.3404343780143915,1.7,1.7715584117694918,3.7,3.812428248391304,17.6,17.683942922868564,24.8,24.90801885608857,1.4,1.4098648100994264
63,2019,1.0677246472446358,1.0531162078941023,1.0545347570790158,1.0192551194928443,1.0372413441696904,1.0572738841752811,1.475615416199651,1.3335021639145934,1.1377901792310416,1.1055822457380482,1.0356002647377975,1.0087310689389672,1.0142193586800596,936023.5500623018,1.100719515935821,590,108.1,54.7,8.7,9.0,5.5,3.4,2.0,4.2,18.8,28.0,1.5,9.0,5.5,14.5,0.5614099771653217,0.2292918363323019,0.0807788490051899,0.1285193374971865,60.68841853157127,64.79852026845676,24.786447507521835,26.103009606287618,8.732193577461029,9.208401632974807,13.89294038344586,14.160450610636072,54.7,56.737101526082064,8.7,9.198282792324944,9.0,13.28053874579686,5.5,7.3342619015302635,3.4,3.8684866093855415,2.0,2.2111644914760964,4.2,4.34952111189875,18.8,18.964144096052586,28.0,28.39814204304167,1.5,1.6510792739037314
63,2020,1.102402313431524,1.074005295585009,1.0942495414317603,1.0464819879241138,1.074864582872881,1.10411269931544,1.6928096354904296,1.1979080148253054,1.201902530117374,1.1370135169535578,1.0703487616701912,1.0198289307402315,1.0212032997618452,936023.5511844634,1.103522714638096,593,112.2,58.4,8.1,10.0,4.7,3.7,1.9,5.2,16.7,29.1,1.6,10.0,4.7,14.7,0.5611271223452087,0.21277071837207273,0.08339118836325031,0.14271097091946833,62.95846312713241,69.40555540144406,23.87287460134656,25.639593742683065,9.356491334356685,10.238336352030041,16.012170937164345,16.756448473304467,58.4,62.77209163977624,8.1,8.943312864455063,10.0,16.928096354904298,4.7,5.630167669678936,3.7,4.4470393614342845,1.9,2.16032568221176,5.2,5.565813560684995,16.7,17.031143143361867,29.1,29.717016023069696,1.6,1.7656363434209537
63,2021,1.0355589442926871,1.0284976725385284,1.004140029900018,1.0035650686947164,1.00556850009364,1.0124971727650522,1.4303958235507857,1.0684136481840527,1.155687218450189,1.0540257478441757,1.0029323462815896,1.0046094566612869,1.0038500358623212,764123.6234355408,1.0004333798044485,594,122.4,66.0,13.0,10.2,5.1,3.9,1.8,5.6,17.0,31.1,1.5,10.2,5.1,15.299999999999999,0.5908722143898711,0.224199219580696,0.0801393362696487,0.1047892297597841,72.32275904132023,74.89448000116397,27.44198447667719,28.224017164100918,9.809054759405,9.849664539399852,12.826201722597574,12.871928012830924,66.0,66.36752100618024,13.0,13.162463245945679,10.2,14.590037400218012,5.1,5.448909605738669,3.9,4.507180151955737,1.8,1.8972463461195164,5.6,5.616421139176901,17.0,17.078360763241875,31.1,31.21973611531819,1.5,1.5006500697066727
63,2022,1.0704797774649242,1.0258121617130411,1.0255739092571012,1.00561270659702,1.0241493202636192,1.0265953734228388,3.0731303911320103,1.045405180766581,1.16539928932507,1.1086619105412328,1.0178153022029508,1.0082118891202028,1.0081020570240613,764255.3632098511,1.0161675514171438,595,120.4,67.8,13.1,9.9,5.6,3.8,2.1,7.0,17.5,27.5,1.6,9.9,5.6,15.5,0.5638176396482742,0.21213346553896714,0.08939994577273222,0.13464894904002642,67.88364381365223,72.66806792314661,25.540869250891646,26.2001342982873,10.76375347103696,11.039024725571068,16.211733464419183,16.302725167784057,67.8,69.43732391387337,13.1,13.448399391839187,9.9,30.423990872206904,5.6,5.854269012292853,3.8,4.428517299435265,2.1,2.328190012136589,7.0,7.124707115420655,17.5,17.643708059603547,27.5,27.722806568161687,1.6,1.62586808226743
63,2023,1.0327593996714328,1.0217353258383737,1.0000130260019526,1.0,1.001698262687496,1.0032461025328645,1.6183253527825348,1.0334162165316505,1.0822465498904277,1.0513141388405811,1.0,1.001905304135355,1.0,882218.1807286342,1.008560689949374,594,106.5,65.6,12.6,10.3,6.6,3.9,2.4,6.6,17.8,34.8,1.5,10.3,6.6,16.9,0.5363019388688222,0.20642260498336562,0.10111530039995312,0.15616015574785913,57.11615648952956,58.98724748766616,21.98400743072844,22.461836995468552,10.768779492595007,10.768919766737705,16.631056587146997,16.631056587146997,65.6,65.71140603229973,12.6,12.640900891914093,10.3,16.66875113366011,6.6,6.8205470291088925,3.9,4.220761544572668,2.4,2.5231539332173947,6.6,6.6,17.8,17.833914413609318,34.8,34.8,1.5,1.5128410349240609
63,2024,1.0242672838276687,1.0107635613635322,1.0,1.0,1.0011673952211466,1.002477408896766,1.8393049384121385,1.0266202073853063,1.0715312418350913,1.1041806577719615,1.0,1.0,1.0,882218.1139269418,1.0081341751723114,593,102.3,60.3,11.54,10.76,6.07,4.1,2.5,6.3,18.4,36.1,1.8,10.76,6.07,16.83,0.5206070661145988,0.19675332209863583,0.10844276029701182,0.17419685148975353,53.25810286352346,54.550532361835764,20.127864850690443,20.344512359127734,11.093694378384308,11.093694378384308,17.820337907401786,17.820337907401786,60.3,60.37039393183514,11.54,11.56858929866868,10.76,19.79092113731461,6.07,6.23158465882881,4.1,4.393278091523874,2.5,2.760451644429904,6.3,6.3,18.4,18.4,36.1,36.1,1.8,1.8146415153101605
64,2015,1.0553047643668323,1.0671009982768225,1.0553740076033886,1.0323543454992137,1.047058328039287,1.057076602319987,1.3031717471045543,1.219241882829118,1.1751829996202725,1.0759271100328762,1.0360561943987916,1.0589264934432456,1.0095392998030777,879633.217741544,1.0397216856789535,684,131.1,87.6,7.1,3.5,5.4,6.0,2.6,6.0,15.5,64.9,1.2,3.5,5.4,8.9,0.21718100916987368,0.16913745112420756,0.11369464926598914,0.49998689043992967,28.472430302170437,30.047091350983028,22.173919842383608,23.66181199951779,14.905368518771176,15.73073850846092,65.54828133667478,67.6690530779212,87.6,91.72230953624153,7.1,7.505243876471907,3.5,4.56110111486594,5.4,6.583906167277238,6.0,7.0510979977216355,2.6,2.7974104860854783,6.0,6.21633716639275,15.5,16.413360648370308,64.9,65.51910055721974,1.2,1.2476660228147443
64,2016,1.087659999636636,1.0412405794147075,1.066943219353389,1.032612722882984,1.0478811771219203,1.0721111829498582,1.3854795796970485,1.248314108711123,1.1471577938971176,1.0991023548103935,1.0481050505752618,1.0441397899612903,1.0096451800427133,879632.5040138792,1.0502415931030002,695,123.1,89.4,6.7,3.5,5.3,6.1,2.8,5.5,14.4,72.0,1.4,3.5,5.3,8.8,0.2231370244609521,0.1778007858496309,0.1121109147361206,0.4869512749532965,27.468167711143202,29.876027282721076,21.887276738089565,22.78992071257843,13.800853604016446,14.724727174094127,59.94370194675079,61.89862928692037,89.4,93.68057723469968,6.7,7.18314492576405,3.5,4.84917852893967,5.3,6.616064776168951,6.1,6.997662542772417,2.8,3.077486593469102,5.5,5.76457777816394,14.4,15.03561297544258,72.0,72.69445296307536,1.4,1.4703382303442003
64,2017,1.0622852049304727,1.0573786178732762,1.0369961919391697,1.0186340697392184,1.0263428453385028,1.059646076948089,1.3703903369327703,1.1105789297433135,1.2002906024893842,1.076060284378841,1.0344070905542906,1.0309936252725624,1.005806296042413,879632.4375993528,1.0093260386448542,705,111.2,87.2,6.3,3.6,4.7,6.0,2.6,5.5,13.4,71.2,1.3,3.6,4.7,8.3,0.2291595819687853,0.1818484733097321,0.109609084293145,0.4793828604283375,25.482545514928926,27.069731084476373,20.221550232042212,21.381834835611823,12.188530173397725,12.639459375149109,53.30737407963113,54.300707405845586,87.2,89.49709611351746,6.3,6.675770284772961,3.6,4.9334052129579735,4.7,5.219720969793574,6.0,7.201743614936305,2.6,2.7977567393849867,5.5,5.689238998048598,13.4,13.815314578652337,71.2,71.61340827821981,1.3,1.3121238502383104
64,2018,1.0486877244213355,1.0486392109308034,1.0360591278876763,1.0134438186529209,1.0417590455068335,1.0592322184927414,1.286649271676602,1.194633984272837,1.1497213369564434,1.0423251747573008,1.0323570251316776,1.0039491191418588,1.0034233257728693,879632.4435250423,1.0065468996897835,710,112.1,87.5,7.0,4.1,4.1,6.8,2.5,5.9,13.5,78.7,1.4,4.1,4.1,8.2,0.2301788344164862,0.1789951108074707,0.12481021942371606,0.4660158353523272,25.803047338088103,27.05933899611561,20.06535192151746,21.04131480602895,13.99122559739857,14.495736990520495,52.24037514299588,52.942685272778874,87.5,91.15391648184793,7.0,7.414625529449189,4.1,5.275262013874068,4.1,4.897999335518632,6.8,7.818105091303815,2.5,2.605812936893252,5.9,6.090906448276898,13.5,13.553313108415093,78.7,78.96941573832481,1.4,1.4091656595656967
64,2019,1.0656036395630677,1.051548217511465,1.0526898541937193,1.0161607636766292,1.0375368695811829,1.055654457672523,1.4658089718137923,1.3526601707497146,1.1299071093390314,1.1022075321282592,1.0342948877351683,1.0070359570165186,1.011673920805439,933445.38513902,1.083413773609224,717,106.7,88.8,6.3,4.8,4.1,7.7,3.0,6.2,14.6,79.2,1.4,4.8,4.1,8.899999999999999,0.23544786513024515,0.18796812967997756,0.11100222404171382,0.4655817811480634,25.122287209397157,26.770400684482315,20.056199436853607,21.09006076787786,11.843937305250865,12.467992634944085,49.677576048498366,50.48040361504592,88.8,92.13327401880903,6.3,6.650623083336895,4.8,7.035883064706203,4.1,5.54590670007383,7.7,8.700284741910542,3.0,3.3066225963847775,6.2,6.412628303958043,14.6,14.702724972441171,79.2,80.12457452779077,1.4,1.5167792830529134
64,2020,1.1071624305974754,1.072113961216258,1.097896278448562,1.0465645704633737,1.080580486558877,1.109265790164394,1.6975809161378608,1.1859664812954986,1.2032283233473204,1.1384305945520596,1.0762839042730017,1.0155847425562086,1.0203132228026603,933445.3863064032,1.0835058726290812,721,115.6,88.8,5.8,4.9,4.4,8.4,2.9,7.4,13.5,73.3,1.5,4.9,4.4,9.3,0.24501552728599205,0.18968984390760735,0.11288750411026173,0.4524071246961389,28.32379495426068,31.359041665303767,21.92814595571941,23.509471422714604,13.049795475146256,14.327321886677957,52.298263614873655,54.73350979608053,88.8,95.95554720642828,5.8,6.433741582953486,4.9,8.318146489075518,4.4,5.218252517700194,8.4,10.107117916117492,2.9,3.3014487242009727,7.4,7.9645008916202125,13.5,13.710394024508815,73.3,74.788959231435,1.5,1.6252588089436217
64,2021,1.0349512124101572,1.02572463895387,1.003585642021234,1.0028020006993934,1.004376617252867,1.0105185500415648,1.4322643879349406,1.067964702316662,1.1479574159420902,1.052361363600656,1.0023047063143704,1.0036228476629052,1.0030259734391378,739541.7892018646,1.000340619106994,725,121.0,97.7,8.0,5.7,5.0,9.2,2.8,7.6,15.4,80.6,1.6,5.7,5.0,10.7,0.2390926658078559,0.1867895745795634,0.1071154430483428,0.4670023165642378,28.930212562750565,29.94135856710226,22.60153852412717,23.182954942462324,12.96096860884948,13.007442002529265,56.507280304272776,56.665613743206166,97.7,98.1275955056051,8.0,8.084148400332518,5.7,8.163907011229162,5.0,5.33982351158331,9.2,10.56120822666723,2.8,2.9466118180818364,7.6,7.6175157679892145,15.4,15.45579185400874,80.6,80.8438934591945,1.6,1.6005449905711904
64,2022,1.0731929510380946,1.0234426037834,1.027419853442979,1.004411361787684,1.0253756212253826,1.02723048569862,3.0841891354472737,1.0445170857758133,1.1650245469051796,1.1113448659892646,1.0188413124309452,1.0064542147791573,1.0063678911661902,739697.9737304061,1.012707045574032,728,117.1,96.7,8.7,6.0,5.9,8.7,3.0,8.4,14.8,68.2,1.6,6.0,5.9,11.9,0.27694266676489215,0.17728946638643922,0.11047752563467861,0.4352903412139901,32.42998627816887,34.803632675992965,20.760596513852033,21.247278952233298,12.936918251820865,13.291646654289593,50.97249895615823,51.19735709027619,96.7,99.1538225724945,8.7,8.936905225577995,6.0,18.505134812683643,5.9,6.162650806077298,8.7,10.135713558075063,3.0,3.334034597967794,8.4,8.55826702441994,14.8,14.89552237873153,68.2,68.63429017753417,1.6,1.6203312729184511
64,2023,1.0339879787501047,1.0210972204478963,1.0000102379139664,0.9999999999999998,1.0013347662122665,1.0025513061167288,1.619103570381388,1.039189966034044,1.0746663395190186,1.0527503912165606,0.9999999999999998,1.0014974924684434,0.9999999999999998,879632.3986713568,1.0067283582111577,729,109.4,86.9,7.9,6.5,5.5,8.3,3.2,7.6,14.5,74.3,1.3,6.5,5.5,12.0,0.28895530696395083,0.18313650980753082,0.11864485957041032,0.409263323658108,31.611710581856222,32.686128729366814,20.035134172943874,20.45781981529365,12.97974763700289,12.979880522542501,44.77340760819702,44.77340760819701,86.9,87.01599118384595,7.9,7.920155318322158,6.5,10.524173207479022,5.5,5.715544813187242,8.3,8.919730618007854,3.2,3.368801251892994,7.6,7.599999999999998,14.5,14.52171364079243,74.3,74.29999999999998,1.3,1.3087468656745052
64,2024,1.0257031699852346,1.009865688325866,0.9999999999999998,0.9999999999999998,1.0009175257214449,1.0019471438156886,1.8342031616357013,1.0314241711786982,1.063872123964596,1.1055684028026342,0.9999999999999998,0.9999999999999998,0.9999999999999998,879632.3321564214,1.0063931347397552,729,107.7,78.2,7.34,8.36,5.78,8.4,3.1,7.5,14.6,72.7,1.3,8.36,5.78,14.14,0.2901714470931721,0.1863640775902258,0.1288881689283619,0.3945763063882401,31.251464851934635,32.0547265653115,20.07141115646732,20.26942944319734,13.881255793584579,13.881255793584575,42.49586819801346,42.495868198013454,78.2,78.271750511417,7.34,7.354292035607155,8.36,15.333938431274461,5.78,5.961631709412876,8.4,8.936525841302608,3.1,3.427262048688166,7.5,7.499999999999998,14.6,14.599999999999996,72.7,72.69999999999999,1.3,1.3083110751616818
65,2015,1.0532590817733365,1.0689355190589005,1.0532762703993062,1.0316126166506772,1.042888959244458,1.0555204111800434,1.3137623123900188,1.214155546959213,1.1764224256189633,1.0790156969241893,1.0372000379765105,1.0607394539170103,1.0105171770293824,849244.0472717085,1.0411317906882092,2385,181.9,103.5,4.2,4.6,13.2,5.2,3.2,6.8,19.5,58.2,1.2,4.6,13.2,17.799999999999997,0.26341930584522566,0.32574398397581755,0.09676793386134623,0.31406877631761054,47.91597173324655,50.46793239003641,59.25283068520122,63.337455324194714,17.60208716937888,18.539860725006868,57.12911041217336,58.9351110792276,103.5,107.9390072818014,4.2,4.433185726956182,4.6,6.043306636994086,13.2,16.02685321986161,5.2,6.1173966132186095,3.2,3.4528502301574058,6.8,7.0529602582402715,19.5,20.684419351381703,58.2,58.81209970311006,1.2,1.249358148825851
65,2016,1.0861470741114512,1.0442651394277958,1.0650368794003378,1.0319147932076786,1.045237834072235,1.069916626948885,1.393741888843799,1.2475467955955688,1.151778895952832,1.1022130057950132,1.0498091566901109,1.0508782911774963,1.01107254261427,849243.0916159669,1.0537957662530233,2428,168.1,105.4,3.8,4.8,13.1,5.8,3.5,6.6,20.5,63.6,1.2,4.8,13.1,17.9,0.27713931020193777,0.33136400629939883,0.09116157253593972,0.30033511096272375,46.58711804494574,50.60046195580261,55.70228945892894,58.16795906827586,15.324260343291467,16.320902415137493,50.48633215283386,52.09759300330573,105.4,110.16806771121358,3.8,4.065683182405762,4.8,6.689961066450235,13.1,16.34286302230195,5.8,6.680317596526425,3.5,3.8577455202825464,6.6,6.928740434154731,20.5,21.543004969138675,63.6,64.30421371026758,1.2,1.2645549195036279
65,2017,1.0638787443578028,1.0615939973528394,1.03773465733568,1.0197046105197882,1.0257114027333585,1.059727674119027,1.3763941880327524,1.1119300822218765,1.2043170155362637,1.0802867874370106,1.0373696904932603,1.0333340536292743,1.0073670463723483,849243.0024053967,1.0094344424397308,2480,159.1,98.2,3.9,4.6,11.7,6.0,3.3,6.5,21.0,59.7,1.2,4.6,11.7,16.299999999999997,0.2887414316646919,0.2905845481883597,0.0906583041043045,0.3300157160426438,45.93876177785248,48.87327219757392,46.23200161676803,49.07961540196771,14.423736182994846,14.968010925360407,52.50550042238463,53.54010085835429,98.2,100.72485974841581,3.9,4.132937929064205,4.6,6.33141326495066,11.7,13.009581961995954,6.0,7.225902093217583,3.3,3.564946398542135,6.5,6.742902988206192,21.0,21.700015126214762,59.7,60.139812668429194,1.2,1.211321330927677
65,2018,1.0469678871412498,1.0471408944325598,1.033162806048121,1.0122390636451184,1.0363369529720488,1.0545728581931524,1.2896967051000203,1.1811495565793075,1.1511335382710222,1.0441733168073022,1.030506446098962,1.0047592368267488,1.0044670425411146,849243.0135915864,1.0065610109036265,2520,156.2,91.8,3.7,5.1,14.0,4.9,2.9,5.6,19.9,52.3,1.2,5.1,14.0,19.1,0.29542773149336593,0.26476863834171344,0.10331486670108511,0.33648876346383555,46.14581165926376,48.31318293331743,41.35686130897564,43.30646074200408,16.137782178709493,16.67295631914886,52.55954485305111,53.202824467666055,91.8,95.13573228283407,3.7,3.901919575314664,5.1,6.5774531960101035,14.0,16.536093792110307,4.9,5.640554337528009,2.9,3.028102618741176,5.6,5.770836098154186,19.9,19.994708812852302,52.3,52.53362632490029,1.2,1.2078732130843517
65,2019,1.074532693145061,1.055369218890252,1.0596826922578797,1.0208029706520678,1.0389301159691804,1.0614663403782183,1.5052248218775843,1.3389886612842343,1.1482060540807493,1.1220428794386192,1.0413466444764283,1.0088398709852406,1.015317304315318,921410.6584904748,1.101342720796112,2559,133.6,88.2,3.1,5.0,12.2,5.3,3.2,6.4,21.1,57.8,1.8,5.0,12.2,17.2,0.3164528157244312,0.25565457220299714,0.09630316726815433,0.33158944480441727,42.278096180784004,45.429196550183754,34.15545084632042,36.04661148052558,12.866103147025418,13.633986821707474,44.30034982587014,45.22192870317406,88.2,91.63363622848172,3.1,3.290545655172477,5.0,7.526124109387922,12.2,16.335661667667658,5.3,6.085492086627971,3.2,3.590537214203582,6.4,6.664618524649142,21.1,21.28652127778858,57.8,58.68534018942538,1.8,1.9824168974330016
65,2020,1.1080929472174952,1.0776449806134138,1.1010963412140218,1.0496951560377794,1.0781292081733136,1.1093815981911257,1.7254779949627026,1.193901730239301,1.2091248870558724,1.153004090285862,1.074096985735647,1.0203362789900507,1.0217056150820223,921410.6598689498,1.1048686445178255,2590,156.0,106.2,3.4,5.3,12.7,6.9,3.1,8.5,18.7,58.6,1.3,5.3,12.7,18.0,0.33811913542846733,0.24027111298605436,0.09290734918511051,0.32870240240036774,52.746585126840905,58.44811896885964,37.48229362582448,40.39260558774791,14.49354647287724,15.95879099250052,51.27757477445737,53.82582185411293,106.2,114.4973219080059,3.4,3.7718974338498272,5.3,9.145033373302324,12.7,15.16255197403912,6.9,8.342961720685519,3.1,3.5743126798861726,8.5,9.129824378753,18.7,19.080288417113948,58.6,59.87194904380651,1.3,1.4363292378731731
65,2021,1.0385465961715663,1.030139484099347,1.0044006567048822,1.00365628548227,1.0057109772051716,1.0123575500326378,1.445302817416771,1.0693976563851464,1.1510252014107585,1.056481430865767,1.0030073740666634,1.0047273954347062,1.003948543894957,747180.1278053147,1.0004444683743856,2589,132.0,96.4,5.0,5.4,13.3,6.5,2.9,8.4,18.4,61.4,1.2,5.4,13.3,18.700000000000003,0.3292152919110487,0.2440825170747423,0.0950235210112921,0.3316786700029169,43.456418532258425,45.13151554848396,32.21889225386598,33.18995304464995,12.543104773490558,12.598302671612059,43.78158444038503,43.94166241196519,96.4,96.95053820257854,5.0,5.061787750163189,5.4,7.804635214050564,13.3,14.222988829922448,6.5,7.48166380916993,2.9,3.063796149510724,8.4,8.425261942159972,18.4,18.486984075998592,61.4,61.642440595150354,1.2,1.2005333620492626
65,2022,1.0750043201231367,1.02706037823032,1.0264180304409314,1.005756314787802,1.0246967465511236,1.0272061302947335,3.273661163473194,1.0442262041611097,1.1669223412758871,1.1158766455016704,1.0182183500595643,1.0084220006802975,1.008309358391187,747294.2214027599,1.0165812186502792,2587,130.4,91.7,4.9,6.1,13.9,6.0,3.1,9.0,17.2,51.4,1.3,6.1,13.9,20.0,0.34508081584425004,0.231427555880436,0.10097787793129304,0.3225137503440211,44.99853838609021,48.37362316427378,30.178153286808858,30.99478552904248,13.167515282240613,13.515375101798275,42.05579304486035,42.29787942827722,91.7,93.96469165873805,4.9,5.033310038444195,6.1,19.96933309718648,13.9,14.514744237839425,6.0,7.001534047655323,3.1,3.4592176010551783,9.0,9.163965150536079,17.2,17.344858411701118,51.4,51.827101021307016,1.3,1.321555584245363
65,2023,1.035376722246538,1.022904971594416,1.0000133592886726,0.9999999999999998,1.0017417148843653,1.0033291581681054,1.6615760987926416,1.034056140860929,1.0833606694847833,1.0556519479321564,0.9999999999999998,1.0019540537492957,0.9999999999999998,849242.951503113,1.008779726019445,2598,133.5,92.9,4.1,6.9,16.6,5.2,2.9,8.6,19.6,59.4,1.3,6.9,16.6,23.5,0.35233508974254824,0.21184698874892696,0.11761741617343682,0.31820050533508804,47.03673448063019,48.7007399717356,28.28157299798175,28.929361624145926,15.701925059153815,15.702134825703396,42.47976746223425,42.47976746223424,92.9,93.06180531275754,4.1,4.1136495484892315,6.9,11.464875081669227,16.6,17.165331938291423,5.2,5.633475481320874,2.9,3.0613906490032536,8.6,8.599999999999998,19.6,19.638299453486198,59.4,59.399999999999984,1.3,1.3114136438252786
65,2024,1.0260344285267964,1.0110234693595048,0.9999999999999998,0.9999999999999998,1.0011972645030585,1.0025407965339677,1.9052162058421591,1.0270322326737242,1.0715463368970433,1.1149164720387112,0.9999999999999998,0.9999999999999998,0.9999999999999998,849242.8610712647,1.008342298322846,2623,124.3,80.6,3.62,8.04,16.29,5.5,2.8,9.6,24.1,67.7,1.6,8.04,16.29,24.33,0.36043686544201553,0.19326894963720895,0.12672468586771954,0.31956949905305604,44.802302374442526,45.96870471344587,24.02333043990507,24.288150886922622,15.751878453357538,15.751878453357534,39.72248873229486,39.722488732294856,80.6,80.69649951894651,3.62,3.629197683452963,8.04,15.317938294970958,16.29,16.730355070254966,5.5,5.893504852933738,2.8,3.1217661217083914,9.6,9.599999999999998,24.1,24.099999999999994,67.7,67.69999999999999,1.6,1.6133476773165538
