raw_record_id,source_year,date,province,product,hs8,product_name,partner,trade_mode,value_usd,qty_kg,unit_value,seed_code,invalid_value,invalid_qty,non_kg_unit,price_outlier_mild,price_outlier_severe,price_outside_p1p99,trade_type,qty_unit,currency,product_id,year,month,quarter,quarter_id,ln_unit_value,lq1,lq3,liqr,lp01,lp99
215,2023,2023-11,北京市,corn,10051000,种用玉米,美国,一般贸易,1,7,.1428571428571428,1,0,0,0,0,0,0,进口,千克,usd,corn,2023,11,4,2023q4,-1.945910149055313,-1.367862852485819,1.304091099604467,2.671953952090286,-2.298727454501082,4.522799188554964
4790,2020,2020-08,北京市,corn,10051000,种用玉米,南非,其他,2,10,.2,1,0,0,0,0,0,0,进口,千克,usd,corn,2020,8,3,2020q3,-1.6094379124341,-1.367862852485819,1.304091099604467,2.671953952090286,-2.298727454501082,4.522799188554964
3509,2021,2021-12,北京市,corn,10051000,种用玉米,德国,一般贸易,2,4,.5,1,0,0,0,0,0,0,进口,千克,usd,corn,2021,12,4,2021q4,-.6931471805599453,-1.367862852485819,1.304091099604467,2.671953952090286,-2.298727454501082,4.522799188554964
6145,2018,2018-10,山东省,corn,10051000,种用玉米,智利,一般贸易,14,7,2,1,0,0,0,0,0,0,进口,千克,usd,corn,2018,10,4,2018q4,.6931471805599453,-1.367862852485819,1.304091099604467,2.671953952090286,-2.298727454501082,4.522799188554964
5652,2018,2018-01,上海市,corn,10051000,种用玉米,智利,一般贸易,100,50,2,1,0,0,0,0,0,0,进口,千克,usd,corn,2018,1,1,2018q1,.6931471805599453,-1.367862852485819,1.304091099604467,2.671953952090286,-2.298727454501082,4.522799188554964
4551,2020,2020-02,北京市,corn,10051000,种用玉米,德国,其他,1221,562,2.172597864768683,1,0,0,0,0,0,0,进口,千克,usd,corn,2020,2,1,2020q1,.7759236242170137,-1.367862852485819,1.304091099604467,2.671953952090286,-2.298727454501082,4.522799188554964
3629,2021,2021-04,北京市,corn,10051000,种用玉米,土耳其,一般贸易,1066,478,2.230125523012553,1,0,0,0,0,0,0,进口,千克,usd,corn,2021,4,2,2021q2,.802057872234334,-1.367862852485819,1.304091099604467,2.671953952090286,-2.298727454501082,4.522799188554964
4548,2020,2020-02,北京市,corn,10051000,种用玉米,德国,一般贸易,2768,1154,2.398613518197574,1,0,0,0,0,0,0,进口,千克,usd,corn,2020,2,1,2020q1,.8748908696695153,-1.367862852485819,1.304091099604467,2.671953952090286,-2.298727454501082,4.522799188554964
3980,2020,2020-05,黑龙江省,corn,10051000,种用玉米,德国,一般贸易,284,115,2.469565217391304,1,0,0,0,0,0,0,进口,千克,usd,corn,2020,5,2,2020q2,.904042109797956,-1.367862852485819,1.304091099604467,2.671953952090286,-2.298727454501082,4.522799188554964
4861,2020,2020-05,黑龙江省,corn,10051000,种用玉米,德国,一般贸易,284,115,2.469565217391304,1,0,0,0,0,0,0,进口,千克,usd,corn,2020,5,2,2020q2,.904042109797956,-1.367862852485819,1.304091099604467,2.671953952090286,-2.298727454501082,4.522799188554964
2420,2022,2022-07,山东省,corn,10051000,种用玉米,智利,其他,226,91,2.483516483516484,1,0,0,0,0,0,0,进口,千克,usd,corn,2022,7,3,2022q3,.9096754927554359,-1.367862852485819,1.304091099604467,2.671953952090286,-2.298727454501082,4.522799188554964
5040,2019,2019-03,广东省,corn,10051000,种用玉米,菲律宾,一般贸易,5000,2000,2.5,1,0,0,0,0,0,0,进口,千克,usd,corn,2019,3,1,2019q1,.9162907318741551,-1.367862852485819,1.304091099604467,2.671953952090286,-2.298727454501082,4.522799188554964
7164,2017,2017-03,北京市,corn,10051000,种用玉米,德国,一般贸易,738,287,2.571428571428572,1,0,0,0,0,0,0,进口,千克,usd,corn,2017,3,1,2017q1,.9444616088408515,-1.367862852485819,1.304091099604467,2.671953952090286,-2.298727454501082,4.522799188554964
4635,2020,2020-03,北京市,corn,10051000,种用玉米,德国,一般贸易,1623,630,2.576190476190476,1,0,0,0,0,0,0,进口,千克,usd,corn,2020,3,1,2020q1,.9463117481290129,-1.367862852485819,1.304091099604467,2.671953952090286,-2.298727454501082,4.522799188554964
6255,2018,2018-05,山东省,corn,10051000,种用玉米,智利,一般贸易,13,5,2.6,1,0,0,0,0,0,0,进口,千克,usd,corn,2018,5,2,2018q2,.9555114450274363,-1.367862852485819,1.304091099604467,2.671953952090286,-2.298727454501082,4.522799188554964
6074,2018,2018-04,北京市,corn,10051000,种用玉米,捷克,一般贸易,480,179,2.681564245810056,1,0,0,0,0,0,0,进口,千克,usd,corn,2018,4,2,2018q2,.9864002980611816,-1.367862852485819,1.304091099604467,2.671953952090286,-2.298727454501082,4.522799188554964
6886,2017,2017-05,黑龙江省,corn,10051000,种用玉米,德国,一般贸易,835,309,2.702265372168285,1,0,0,0,0,0,0,进口,千克,usd,corn,2017,5,2,2017q2,.99409044795311,-1.367862852485819,1.304091099604467,2.671953952090286,-2.298727454501082,4.522799188554964
4062,2020,2020-11,黑龙江省,corn,10051000,种用玉米,德国,一般贸易,1469,526,2.792775665399239,1,0,0,0,0,0,0,进口,千克,usd,corn,2020,11,4,2020q4,1.027035963436167,-1.367862852485819,1.304091099604467,2.671953952090286,-2.298727454501082,4.522799188554964
4150,2020,2020-10,广东省,corn,10051000,种用玉米,菲律宾,一般贸易,10440,3480,3,1,0,0,0,0,0,0,进口,千克,usd,corn,2020,10,4,2020q4,1.09861228866811,-1.367862852485819,1.304091099604467,2.671953952090286,-2.298727454501082,4.522799188554964
2043,2022,2022-03,北京市,corn,10051000,种用玉米,奥地利,一般贸易,1184,393,3.012722646310432,1,0,0,0,0,0,0,进口,千克,usd,corn,2022,3,1,2022q1,1.10284420357469,-1.367862852485819,1.304091099604467,2.671953952090286,-2.298727454501082,4.522799188554964
2848,2021,2021-03,北京市,corn,10051000,种用玉米,法国,一般贸易,1271,415,3.062650602409639,1,0,0,0,0,0,0,进口,千克,usd,corn,2021,3,1,2021q1,1.119280750958756,-1.367862852485819,1.304091099604467,2.671953952090286,-2.298727454501082,4.522799188554964
6067,2018,2018-04,北京市,corn,10051000,种用玉米,德国,一般贸易,3635,1167,3.114824335904027,1,0,0,0,0,0,0,进口,千克,usd,corn,2018,4,2,2018q2,1.136172757681064,-1.367862852485819,1.304091099604467,2.671953952090286,-2.298727454501082,4.522799188554964
2672,2021,2021-01,黑龙江省,corn,10051000,种用玉米,德国,一般贸易,1025,329,3.115501519756839,1,0,0,0,0,0,0,进口,千克,usd,corn,2021,1,1,2021q1,1.136390140807137,-1.367862852485819,1.304091099604467,2.671953952090286,-2.298727454501082,4.522799188554964
5098,2019,2019-02,黑龙江省,corn,10051000,种用玉米,德国,一般贸易,1774,567,3.128747795414462,1,0,0,0,0,0,0,进口,千克,usd,corn,2019,2,1,2019q1,1.140632859141773,-1.367862852485819,1.304091099604467,2.671953952090286,-2.298727454501082,4.522799188554964
5648,2018,2018-01,北京市,corn,10051000,种用玉米,德国,一般贸易,654,209,3.129186602870814,1,0,0,0,0,0,0,进口,千克,usd,corn,2018,1,1,2018q1,1.140773099492388,-1.367862852485819,1.304091099604467,2.671953952090286,-2.298727454501082,4.522799188554964
4317,2020,2020-12,黑龙江省,corn,10051000,种用玉米,德国,一般贸易,802,256,3.1328125,1,0,0,0,0,0,0,进口,千克,usd,corn,2020,12,4,2020q4,1.141931163386952,-1.367862852485819,1.304091099604467,2.671953952090286,-2.298727454501082,4.522799188554964
5650,2018,2018-01,河南省,corn,10051000,种用玉米,德国,一般贸易,284,90,3.155555555555555,1,0,0,0,0,0,0,进口,千克,usd,corn,2018,1,1,2018q1,1.149164567830941,-1.367862852485819,1.304091099604467,2.671953952090286,-2.298727454501082,4.522799188554964
3982,2020,2020-05,黑龙江省,corn,10051000,种用玉米,法国,一般贸易,266341,84090,3.167332619812106,1,0,0,0,0,0,0,进口,千克,usd,corn,2020,5,2,2020q2,1.152889788821528,-1.367862852485819,1.304091099604467,2.671953952090286,-2.298727454501082,4.522799188554964
4863,2020,2020-05,黑龙江省,corn,10051000,种用玉米,法国,一般贸易,266341,84090,3.167332619812106,1,0,0,0,0,0,0,进口,千克,usd,corn,2020,5,2,2020q2,1.152889788821528,-1.367862852485819,1.304091099604467,2.671953952090286,-2.298727454501082,4.522799188554964
6184,2018,2018-11,黑龙江省,corn,10051000,种用玉米,德国,一般贸易,274,86,3.186046511627907,1,0,0,0,0,0,0,进口,千克,usd,corn,2018,11,4,2018q4,1.158780810134562,-1.367862852485819,1.304091099604467,2.671953952090286,-2.298727454501082,4.522799188554964
5719,2018,2018-02,黑龙江省,corn,10051000,种用玉米,德国,一般贸易,8980,2796,3.21173104434907,1,0,0,0,0,0,0,进口,千克,usd,corn,2018,2,1,2018q1,1.166810057942544,-1.367862852485819,1.304091099604467,2.671953952090286,-2.298727454501082,4.522799188554964
5159,2019,2019-01,黑龙江省,corn,10051000,种用玉米,德国,一般贸易,2232,686,3.253644314868805,1,0,0,0,0,0,0,进口,千克,usd,corn,2019,1,1,2019q1,1.179775695775316,-1.367862852485819,1.304091099604467,2.671953952090286,-2.298727454501082,4.522799188554964
2763,2021,2021-02,北京市,corn,10051000,种用玉米,德国,一般贸易,523,160,3.26875,1,0,0,0,0,0,0,进口,千克,usd,corn,2021,2,1,2021q1,1.184407648831096,-1.367862852485819,1.304091099604467,2.671953952090286,-2.298727454501082,4.522799188554964
4560,2020,2020-02,辽宁省,corn,10051000,种用玉米,美国,海关特殊监管区域物流货物,10000,3024,3.306878306878307,1,0,0,0,0,0,0,进口,千克,usd,corn,2020,2,1,2020q1,1.196004634676759,-1.367862852485819,1.304091099604467,2.671953952090286,-2.298727454501082,4.522799188554964
6068,2018,2018-04,黑龙江省,corn,10051000,种用玉米,德国,一般贸易,4003,1193,3.355406538139145,1,0,0,0,0,0,0,进口,千克,usd,corn,2018,4,2,2018q2,1.210572936894658,-1.367862852485819,1.304091099604467,2.671953952090286,-2.298727454501082,4.522799188554964
5237,2019,2019-05,黑龙江省,corn,10051000,种用玉米,德国,一般贸易,1028,302,3.403973509933775,1,0,0,0,0,0,0,进口,千克,usd,corn,2019,5,2,2019q2,1.224943428640241,-1.367862852485819,1.304091099604467,2.671953952090286,-2.298727454501082,4.522799188554964
3878,2021,2021-05,北京市,corn,10051000,种用玉米,德国,一般贸易,1648,481,3.426195426195426,1,0,0,0,0,0,0,进口,千克,usd,corn,2021,5,2,2021q2,1.231450440363656,-1.367862852485819,1.304091099604467,2.671953952090286,-2.298727454501082,4.522799188554964
3757,2021,2021-05,北京市,corn,10051000,种用玉米,德国,一般贸易,1648,481,3.426195426195426,1,0,0,0,0,0,0,进口,千克,usd,corn,2021,5,2,2021q2,1.231450440363656,-1.367862852485819,1.304091099604467,2.671953952090286,-2.298727454501082,4.522799188554964
6967,2017,2017-04,北京市,corn,10051000,种用玉米,法国,一般贸易,65104,18756,3.471102580507571,1,0,0,0,0,0,0,进口,千克,usd,corn,2017,4,2,2017q2,1.244472290031994,-1.367862852485819,1.304091099604467,2.671953952090286,-2.298727454501082,4.522799188554964
5216,2019,2019-05,北京市,corn,10051000,种用玉米,印度,其他,174,50,3.48,1,0,0,0,0,0,0,进口,千克,usd,corn,2019,5,2,2019q2,1.247032293786383,-1.367862852485819,1.304091099604467,2.671953952090286,-2.298727454501082,4.522799188554964
5649,2018,2018-01,黑龙江省,corn,10051000,种用玉米,德国,一般贸易,716,205,3.492682926829268,1,0,0,0,0,0,0,进口,千克,usd,corn,2018,1,1,2018q1,1.250670187822237,-1.367862852485819,1.304091099604467,2.671953952090286,-2.298727454501082,4.522799188554964
6250,2018,2018-05,黑龙江省,corn,10051000,种用玉米,德国,一般贸易,859,245,3.506122448979592,1,0,0,0,0,0,0,进口,千克,usd,corn,2018,5,2,2018q2,1.254510711439528,-1.367862852485819,1.304091099604467,2.671953952090286,-2.298727454501082,4.522799188554964
5045,2019,2019-03,北京市,corn,10051000,种用玉米,法国,一般贸易,385995,108517,3.557000285669527,1,0,0,0,0,0,0,进口,千克,usd,corn,2019,3,1,2019q1,1.268917573278243,-1.367862852485819,1.304091099604467,2.671953952090286,-2.298727454501082,4.522799188554964
2765,2021,2021-02,北京市,corn,10051000,种用玉米,德国,其他,880,244,3.60655737704918,1,0,0,0,0,0,0,进口,千克,usd,corn,2021,2,1,2021q1,1.28275368217905,-1.367862852485819,1.304091099604467,2.671953952090286,-2.298727454501082,4.522799188554964
6670,2017,2017-12,黑龙江省,corn,10051000,种用玉米,德国,一般贸易,248,68,3.647058823529412,1,0,0,0,0,0,0,进口,千克,usd,corn,2017,12,4,2017q4,1.293921040988876,-1.367862852485819,1.304091099604467,2.671953952090286,-2.298727454501082,4.522799188554964
1538,2022,2022-10,北京市,corn,10051000,种用玉米,马来西亚,一般贸易,1861,500,3.722,1,0,0,0,0,0,0,进口,千克,usd,corn,2022,10,4,2022q4,1.314261158220059,-1.367862852485819,1.304091099604467,2.671953952090286,-2.298727454501082,4.522799188554964
3630,2021,2021-04,北京市,corn,10051000,种用玉米,德国,一般贸易,9367,2419,3.872261264985531,1,0,0,0,0,0,0,进口,千克,usd,corn,2021,4,2,2021q2,1.353838642599103,-1.367862852485819,1.304091099604467,2.671953952090286,-2.298727454501082,4.522799188554964
4232,2020,2020-04,北京市,corn,10051000,种用玉米,土耳其,一般贸易,753,193,3.901554404145078,1,0,0,0,0,0,0,进口,千克,usd,corn,2020,4,2,2020q2,1.361375038895008,-1.367862852485819,1.304091099604467,2.671953952090286,-2.298727454501082,4.522799188554964
3632,2021,2021-04,新疆维吾尔自治区,corn,10051000,种用玉米,德国,一般贸易,410,105,3.904761904761905,1,0,0,0,0,0,0,进口,千克,usd,corn,2021,4,2,2021q2,1.36219680954083,-1.367862852485819,1.304091099604467,2.671953952090286,-2.298727454501082,4.522799188554964
2039,2022,2022-03,黑龙江省,corn,10051000,种用玉米,德国,其他,4386,1097,3.998176845943482,1,0,0,0,0,0,0,进口,千克,usd,corn,2022,3,1,2022q1,1.385838468702603,-1.367862852485819,1.304091099604467,2.671953952090286,-2.298727454501082,4.522799188554964
4475,2020,2020-07,北京市,corn,10051000,种用玉米,智利,一般贸易,20,5,4,1,0,0,0,0,0,0,进口,千克,usd,corn,2020,7,3,2020q3,1.386294361119891,-1.367862852485819,1.304091099604467,2.671953952090286,-2.298727454501082,4.522799188554964
4473,2020,2020-07,北京市,corn,10051000,种用玉米,阿根廷,一般贸易,20,5,4,1,0,0,0,0,0,0,进口,千克,usd,corn,2020,7,3,2020q3,1.386294361119891,-1.367862852485819,1.304091099604467,2.671953952090286,-2.298727454501082,4.522799188554964
2035,2022,2022-03,北京市,corn,10051000,种用玉米,德国,一般贸易,5338,1332,4.007507507507508,1,0,0,0,0,0,0,进口,千克,usd,corn,2022,3,1,2022q1,1.388169478864135,-1.367862852485819,1.304091099604467,2.671953952090286,-2.298727454501082,4.522799188554964
4241,2020,2020-04,黑龙江省,corn,10051000,种用玉米,匈牙利,其他,1979,479,4.131524008350731,1,0,0,0,0,0,0,进口,千克,usd,corn,2020,4,2,2020q2,1.41864634819165,-1.367862852485819,1.304091099604467,2.671953952090286,-2.298727454501082,4.522799188554964
4236,2020,2020-04,北京市,corn,10051000,种用玉米,法国,一般贸易,3575,843,4.240806642941874,1,0,0,0,0,0,0,进口,千克,usd,corn,2020,4,2,2020q2,1.444753497126253,-1.367862852485819,1.304091099604467,2.671953952090286,-2.298727454501082,4.522799188554964
5099,2019,2019-02,河南省,corn,10051000,种用玉米,德国,一般贸易,191,45,4.244444444444444,1,0,0,0,0,0,0,进口,千克,usd,corn,2019,2,1,2019q1,1.44561093827631,-1.367862852485819,1.304091099604467,2.671953952090286,-2.298727454501082,4.522799188554964
5042,2019,2019-03,北京市,corn,10051000,种用玉米,德国,一般贸易,2204,519,4.246628131021194,1,0,0,0,0,0,0,进口,千克,usd,corn,2019,3,1,2019q1,1.446125287106916,-1.367862852485819,1.304091099604467,2.671953952090286,-2.298727454501082,4.522799188554964
1936,2022,2022-02,北京市,corn,10051000,种用玉米,德国,一般贸易,1234,288,4.284722222222222,1,0,0,0,0,0,0,进口,千克,usd,corn,2022,2,1,2022q1,1.455055724329387,-1.367862852485819,1.304091099604467,2.671953952090286,-2.298727454501082,4.522799188554964
5404,2019,2019-04,黑龙江省,corn,10051000,种用玉米,德国,一般贸易,10844,2524,4.296354992076069,1,0,0,0,0,0,0,进口,千克,usd,corn,2019,4,2,2019q2,1.457766986957452,-1.367862852485819,1.304091099604467,2.671953952090286,-2.298727454501082,4.522799188554964
2847,2021,2021-03,北京市,corn,10051000,种用玉米,德国,其他,2069,478,4.328451882845188,1,0,0,0,0,0,0,进口,千克,usd,corn,2021,3,1,2021q1,1.465209945254087,-1.367862852485819,1.304091099604467,2.671953952090286,-2.298727454501082,4.522799188554964
2038,2022,2022-03,北京市,corn,10051000,种用玉米,德国,其他,1294,293,4.416382252559727,1,0,0,0,0,0,0,进口,千克,usd,corn,2022,3,1,2022q1,1.485320866043779,-1.367862852485819,1.304091099604467,2.671953952090286,-2.298727454501082,4.522799188554964
3759,2021,2021-05,北京市,corn,10051000,种用玉米,法国,一般贸易,639,143,4.468531468531468,1,0,0,0,0,0,0,进口,千克,usd,corn,2021,5,2,2021q2,1.497059824117627,-1.367862852485819,1.304091099604467,2.671953952090286,-2.298727454501082,4.522799188554964
3880,2021,2021-05,北京市,corn,10051000,种用玉米,法国,一般贸易,639,143,4.468531468531468,1,0,0,0,0,0,0,进口,千克,usd,corn,2021,5,2,2021q2,1.497059824117627,-1.367862852485819,1.304091099604467,2.671953952090286,-2.298727454501082,4.522799188554964
2041,2022,2022-03,黑龙江省,corn,10051000,种用玉米,法国,一般贸易,1918,429,4.470862470862471,1,0,0,0,0,0,0,进口,千克,usd,corn,2022,3,1,2022q1,1.497581336515367,-1.367862852485819,1.304091099604467,2.671953952090286,-2.298727454501082,4.522799188554964
1734,2022,2022-12,上海市,corn,10051000,种用玉米,印度,一般贸易,3521,780,4.514102564102564,1,0,0,0,0,0,0,进口,千克,usd,corn,2022,12,4,2022q4,1.507206399471415,-1.367862852485819,1.304091099604467,2.671953952090286,-2.298727454501082,4.522799188554964
6887,2017,2017-05,北京市,corn,10051000,种用玉米,法国,一般贸易,234,50,4.68,1,0,0,0,0,0,0,进口,千克,usd,corn,2017,5,2,2017q2,1.543298109929555,-1.367862852485819,1.304091099604467,2.671953952090286,-2.298727454501082,4.522799188554964
5782,2018,2018-03,北京市,corn,10051000,种用玉米,印度,其他,94,20,4.7,1,0,0,0,0,0,0,进口,千克,usd,corn,2018,3,1,2018q1,1.547562508716013,-1.367862852485819,1.304091099604467,2.671953952090286,-2.298727454501082,4.522799188554964
4472,2020,2020-07,黑龙江省,corn,10051000,种用玉米,德国,一般贸易,211,44,4.795454545454546,1,0,0,0,0,0,0,进口,千克,usd,corn,2020,7,3,2020q3,1.567668499557805,-1.367862852485819,1.304091099604467,2.671953952090286,-2.298727454501082,4.522799188554964
4713,2020,2020-09,上海市,corn,10051000,种用玉米,智利,一般贸易,4840,1000,4.84,1,0,0,0,0,0,0,进口,千克,usd,corn,2020,9,3,2020q3,1.57691472072854,-1.367862852485819,1.304091099604467,2.671953952090286,-2.298727454501082,4.522799188554964
6187,2018,2018-11,辽宁省,corn,10051000,种用玉米,美国,海关特殊监管区域物流货物,9500,1933,4.914640455250906,1,0,0,0,0,0,0,进口,千克,usd,corn,2018,11,4,2018q4,1.592218598380301,-1.367862852485819,1.304091099604467,2.671953952090286,-2.298727454501082,4.522799188554964
6000,2018,2018-12,北京市,corn,10051000,种用玉米,法国,其他,1919,387,4.958656330749354,1,0,0,0,0,0,0,进口,千克,usd,corn,2018,12,4,2018q4,1.601134802977918,-1.367862852485819,1.304091099604467,2.671953952090286,-2.298727454501082,4.522799188554964
6885,2017,2017-05,福建省,corn,10051000,种用玉米,印度尼西亚,一般贸易,400,80,5,1,0,0,0,0,0,0,进口,千克,usd,corn,2017,5,2,2017q2,1.6094379124341,-1.367862852485819,1.304091099604467,2.671953952090286,-2.298727454501082,4.522799188554964
3348,2021,2021-10,河南省,corn,10051000,种用玉米,德国,一般贸易,75,15,5,1,0,0,0,0,0,0,进口,千克,usd,corn,2021,10,4,2021q4,1.6094379124341,-1.367862852485819,1.304091099604467,2.671953952090286,-2.298727454501082,4.522799188554964
4240,2020,2020-04,山东省,corn,10051000,种用玉米,匈牙利,一般贸易,125,25,5,1,0,0,0,0,0,0,进口,千克,usd,corn,2020,4,2,2020q2,1.6094379124341,-1.367862852485819,1.304091099604467,2.671953952090286,-2.298727454501082,4.522799188554964
6335,2018,2018-08,四川省,corn,10051000,种用玉米,美国,其他,35,7,5,1,0,0,0,0,0,0,进口,千克,usd,corn,2018,8,3,2018q3,1.6094379124341,-1.367862852485819,1.304091099604467,2.671953952090286,-2.298727454501082,4.522799188554964
5345,2019,2019-10,广东省,corn,10051000,种用玉米,菲律宾,一般贸易,10000,2000,5,1,0,0,0,0,0,0,进口,千克,usd,corn,2019,10,4,2019q4,1.6094379124341,-1.367862852485819,1.304091099604467,2.671953952090286,-2.298727454501082,4.522799188554964
3763,2021,2021-05,上海市,corn,10051000,种用玉米,智利,一般贸易,1505,300,5.016666666666667,1,0,0,0,0,0,0,进口,千克,usd,corn,2021,5,2,2021q2,1.612765702526775,-1.367862852485819,1.304091099604467,2.671953952090286,-2.298727454501082,4.522799188554964
3884,2021,2021-05,上海市,corn,10051000,种用玉米,智利,一般贸易,1505,300,5.016666666666667,1,0,0,0,0,0,0,进口,千克,usd,corn,2021,5,2,2021q2,1.612765702526775,-1.367862852485819,1.304091099604467,2.671953952090286,-2.298727454501082,4.522799188554964
2149,2022,2022-04,北京市,corn,10051000,种用玉米,德国,其他,650,128,5.078125,1,0,0,0,0,0,0,进口,千克,usd,corn,2022,4,2,2022q2,1.624942098970066,-1.367862852485819,1.304091099604467,2.671953952090286,-2.298727454501082,4.522799188554964
2034,2022,2022-03,北京市,corn,10051000,种用玉米,土耳其,一般贸易,715,137,5.218978102189781,1,0,0,0,0,0,0,进口,千克,usd,corn,2022,3,1,2022q1,1.652301616865883,-1.367862852485819,1.304091099604467,2.671953952090286,-2.298727454501082,4.522799188554964
4638,2020,2020-03,黑龙江省,corn,10051000,种用玉米,德国,其他,1436,270,5.318518518518519,1,0,0,0,0,0,0,进口,千克,usd,corn,2020,3,1,2020q1,1.671194790609795,-1.367862852485819,1.304091099604467,2.671953952090286,-2.298727454501082,4.522799188554964
2844,2021,2021-03,北京市,corn,10051000,种用玉米,德国,一般贸易,1268,236,5.372881355932203,1,0,0,0,0,0,0,进口,千克,usd,corn,2021,3,1,2021q1,1.681364329971561,-1.367862852485819,1.304091099604467,2.671953952090286,-2.298727454501082,4.522799188554964
2764,2021,2021-02,黑龙江省,corn,10051000,种用玉米,德国,一般贸易,13813,2552,5.412617554858934,1,0,0,0,0,0,0,进口,千克,usd,corn,2021,2,1,2021q1,1.688732812235279,-1.367862852485819,1.304091099604467,2.671953952090286,-2.298727454501082,4.522799188554964
211,2023,2023-11,黑龙江省,corn,10051000,种用玉米,德国,其他,141,26,5.423076923076923,1,0,0,0,0,0,0,进口,千克,usd,corn,2023,11,4,2023q4,1.690663352356686,-1.367862852485819,1.304091099604467,2.671953952090286,-2.298727454501082,4.522799188554964
5589,2019,2019-07,北京市,corn,10051000,种用玉米,澳大利亚,其他,678,125,5.424,1,0,0,0,0,0,0,进口,千克,usd,corn,2019,7,3,2019q3,1.690833550638094,-1.367862852485819,1.304091099604467,2.671953952090286,-2.298727454501082,4.522799188554964
596,2023,2023-02,黑龙江省,corn,10051000,种用玉米,法国,一般贸易,2930,540,5.425925925925926,1,0,0,0,0,0,0,进口,千克,usd,corn,2023,2,1,2023q1,1.691188562452793,-1.367862852485819,1.304091099604467,2.671953952090286,-2.298727454501082,4.522799188554964
7231,2017,2017-02,北京市,corn,10051000,种用玉米,法国,其他,2386,433,5.510392609699769,1,0,0,0,0,0,0,进口,千克,usd,corn,2017,2,1,2017q1,1.706635874655372,-1.367862852485819,1.304091099604467,2.671953952090286,-2.298727454501082,4.522799188554964
6969,2017,2017-04,新疆维吾尔自治区,corn,10051000,种用玉米,法国,其他,501,90,5.566666666666666,1,0,0,0,0,0,0,进口,千克,usd,corn,2017,4,2,2017q2,1.7167964307546,-1.367862852485819,1.304091099604467,2.671953952090286,-2.298727454501082,4.522799188554964
6254,2018,2018-05,北京市,corn,10051000,种用玉米,奥地利,其他,140,25,5.6,1,0,0,0,0,0,0,进口,千克,usd,corn,2018,5,2,2018q2,1.722766597741104,-1.367862852485819,1.304091099604467,2.671953952090286,-2.298727454501082,4.522799188554964
6890,2017,2017-05,北京市,corn,10051000,种用玉米,阿根廷,其他,799,142,5.626760563380282,1,0,0,0,0,0,0,进口,千克,usd,corn,2017,5,2,2017q2,1.727533888165014,-1.367862852485819,1.304091099604467,2.671953952090286,-2.298727454501082,4.522799188554964
2044,2022,2022-03,北京市,corn,10051000,种用玉米,阿根廷,一般贸易,433751,77040,5.630205088265836,1,0,0,0,0,0,0,进口,千克,usd,corn,2022,3,1,2022q1,1.728145869244045,-1.367862852485819,1.304091099604467,2.671953952090286,-2.298727454501082,4.522799188554964
4553,2020,2020-02,黑龙江省,corn,10051000,种用玉米,法国,一般贸易,1925,341,5.645161290322581,1,0,0,0,0,0,0,进口,千克,usd,corn,2020,2,1,2020q1,1.730798769438368,-1.367862852485819,1.304091099604467,2.671953952090286,-2.298727454501082,4.522799188554964
3511,2021,2021-12,安徽省,corn,10051000,种用玉米,德国,一般贸易,480,85,5.647058823529412,1,0,0,0,0,0,0,进口,千克,usd,corn,2021,12,4,2021q4,1.73113484741162,-1.367862852485819,1.304091099604467,2.671953952090286,-2.298727454501082,4.522799188554964
3985,2020,2020-05,黑龙江省,corn,10051000,种用玉米,奥地利,其他,661,116,5.698275862068965,1,0,0,0,0,0,0,进口,千克,usd,corn,2020,5,2,2020q2,1.740163648745322,-1.367862852485819,1.304091099604467,2.671953952090286,-2.298727454501082,4.522799188554964
4866,2020,2020-05,黑龙江省,corn,10051000,种用玉米,奥地利,其他,661,116,5.698275862068965,1,0,0,0,0,0,0,进口,千克,usd,corn,2020,5,2,2020q2,1.740163648745322,-1.367862852485819,1.304091099604467,2.671953952090286,-2.298727454501082,4.522799188554964
5407,2019,2019-04,黑龙江省,corn,10051000,种用玉米,法国,一般贸易,9720,1700,5.71764705882353,1,0,0,0,0,0,0,进口,千克,usd,corn,2019,4,2,2019q2,1.743557367410177,-1.367862852485819,1.304091099604467,2.671953952090286,-2.298727454501082,4.522799188554964
3638,2021,2021-04,北京市,corn,10051000,种用玉米,阿根廷,一般贸易,226062,39325,5.748556897647807,1,0,0,0,0,0,0,进口,千克,usd,corn,2021,4,2,2021q2,1.748948848987813,-1.367862852485819,1.304091099604467,2.671953952090286,-2.298727454501082,4.522799188554964
861,2023,2023-04,北京市,corn,10051000,种用玉米,阿根廷,其他,115,20,5.75,1,0,0,0,0,0,0,进口,千克,usd,corn,2023,4,2,2023q2,1.749199854809259,-1.367862852485819,1.304091099604467,2.671953952090286,-2.298727454501082,4.522799188554964
1737,2022,2022-12,北京市,corn,10051000,种用玉米,智利,一般贸易,337075,58520,5.759996582365003,1,0,0,0,0,0,0,进口,千克,usd,corn,2022,12,4,2022q4,1.750936881368215,-1.367862852485819,1.304091099604467,2.671953952090286,-2.298727454501082,4.522799188554964
1856,2022,2022-01,北京市,corn,10051000,种用玉米,阿根廷,一般贸易,111168,19300,5.76,1,0,0,0,0,0,0,进口,千克,usd,corn,2022,1,1,2022q1,1.7509374747078,-1.367862852485819,1.304091099604467,2.671953952090286,-2.298727454501082,4.522799188554964
4319,2020,2020-12,北京市,corn,10051000,种用玉米,阿根廷,一般贸易,112320,19500,5.76,1,0,0,0,0,0,0,进口,千克,usd,corn,2020,12,4,2020q4,1.7509374747078,-1.367862852485819,1.304091099604467,2.671953952090286,-2.298727454501082,4.522799188554964
4641,2020,2020-03,北京市,corn,10051000,种用玉米,阿根廷,一般贸易,7488,1300,5.76,1,0,0,0,0,0,0,进口,千克,usd,corn,2020,3,1,2020q1,1.7509374747078,-1.367862852485819,1.304091099604467,2.671953952090286,-2.298727454501082,4.522799188554964
5048,2019,2019-03,北京市,corn,10051000,种用玉米,阿根廷,一般贸易,423936,73600,5.76,1,0,0,0,0,0,0,进口,千克,usd,corn,2019,3,1,2019q1,1.7509374747078,-1.367862852485819,1.304091099604467,2.671953952090286,-2.298727454501082,4.522799188554964
5469,2019,2019-12,北京市,corn,10051000,种用玉米,阿根廷,一般贸易,446055,77440,5.760007747933884,1,0,0,0,0,0,0,进口,千克,usd,corn,2019,12,4,2019q4,1.750938819834306,-1.367862852485819,1.304091099604467,2.671953952090286,-2.298727454501082,4.522799188554964
5410,2019,2019-04,北京市,corn,10051000,种用玉米,奥地利,一般贸易,799,138,5.789855072463769,1,0,0,0,0,0,0,进口,千克,usd,corn,2019,4,2,2019q2,1.75610726060907,-1.367862852485819,1.304091099604467,2.671953952090286,-2.298727454501082,4.522799188554964
3349,2021,2021-10,北京市,corn,10051000,种用玉米,德国,其他,319,55,5.8,1,0,0,0,0,0,0,进口,千克,usd,corn,2021,10,4,2021q4,1.757857917552374,-1.367862852485819,1.304091099604467,2.671953952090286,-2.298727454501082,4.522799188554964
6968,2017,2017-04,北京市,corn,10051000,种用玉米,法国,其他,808,139,5.81294964028777,1,0,0,0,0,0,0,进口,千克,usd,corn,2017,4,2,2017q2,1.760088125390404,-1.367862852485819,1.304091099604467,2.671953952090286,-2.298727454501082,4.522799188554964
6077,2018,2018-04,北京市,corn,10051000,种用玉米,智利,其他,781,134,5.828358208955223,1,0,0,0,0,0,0,进口,千克,usd,corn,2018,4,2,2018q2,1.762735349888775,-1.367862852485819,1.304091099604467,2.671953952090286,-2.298727454501082,4.522799188554964
1937,2022,2022-02,黑龙江省,corn,10051000,种用玉米,德国,一般贸易,4316,735,5.872108843537415,1,0,0,0,0,0,0,进口,千克,usd,corn,2022,2,1,2022q1,1.770213827165189,-1.367862852485819,1.304091099604467,2.671953952090286,-2.298727454501082,4.522799188554964
2150,2022,2022-04,黑龙江省,corn,10051000,种用玉米,德国,其他,14395,2448,5.88031045751634,1,0,0,0,0,0,0,进口,千克,usd,corn,2022,4,2,2022q2,1.77160955941406,-1.367862852485819,1.304091099604467,2.671953952090286,-2.298727454501082,4.522799188554964
7096,2017,2017-01,北京市,corn,10051000,种用玉米,阿根廷,一般贸易,147974,25000,5.91896,1,0,0,0,0,0,0,进口,千克,usd,corn,2017,1,1,2017q1,1.77816075778746,-1.367862852485819,1.304091099604467,2.671953952090286,-2.298727454501082,4.522799188554964
986,2023,2023-05,黑龙江省,corn,10051000,种用玉米,法国,一般贸易,12,2,6,1,0,0,0,0,0,0,进口,千克,usd,corn,2023,5,2,2023q2,1.791759469228055,-1.367862852485819,1.304091099604467,2.671953952090286,-2.298727454501082,4.522799188554964
5050,2019,2019-03,北京市,corn,10051000,种用玉米,阿根廷,其他,2857,475,6.014736842105263,1,0,0,0,0,0,0,进口,千克,usd,corn,2019,3,1,2019q1,1.794212598196132,-1.367862852485819,1.304091099604467,2.671953952090286,-2.298727454501082,4.522799188554964
5788,2018,2018-03,北京市,corn,10051000,种用玉米,阿根廷,一般贸易,121432,20100,6.04139303482587,1,0,0,0,0,0,0,进口,千克,usd,corn,2018,3,1,2018q1,1.798634620259528,-1.367862852485819,1.304091099604467,2.671953952090286,-2.298727454501082,4.522799188554964
4234,2020,2020-04,黑龙江省,corn,10051000,种用玉米,德国,一般贸易,18896,3110,6.075884244372991,1,0,0,0,0,0,0,进口,千克,usd,corn,2020,4,2,2020q2,1.804327533263864,-1.367862852485819,1.304091099604467,2.671953952090286,-2.298727454501082,4.522799188554964
4637,2020,2020-03,新疆维吾尔自治区,corn,10051000,种用玉米,德国,一般贸易,372,61,6.098360655737705,1,0,0,0,0,0,0,进口,千克,usd,corn,2020,3,1,2020q1,1.808019990099835,-1.367862852485819,1.304091099604467,2.671953952090286,-2.298727454501082,4.522799188554964
3981,2020,2020-05,新疆维吾尔自治区,corn,10051000,种用玉米,德国,一般贸易,61,10,6.1,1,0,0,0,0,0,0,进口,千克,usd,corn,2020,5,2,2020q2,1.808288771179265,-1.367862852485819,1.304091099604467,2.671953952090286,-2.298727454501082,4.522799188554964
4862,2020,2020-05,新疆维吾尔自治区,corn,10051000,种用玉米,德国,一般贸易,61,10,6.1,1,0,0,0,0,0,0,进口,千克,usd,corn,2020,5,2,2020q2,1.808288771179265,-1.367862852485819,1.304091099604467,2.671953952090286,-2.298727454501082,4.522799188554964
4636,2020,2020-03,黑龙江省,corn,10051000,种用玉米,德国,一般贸易,10497,1694,6.196576151121605,1,0,0,0,0,0,0,进口,千克,usd,corn,2020,3,1,2020q1,1.823996905823798,-1.367862852485819,1.304091099604467,2.671953952090286,-2.298727454501082,4.522799188554964
4403,2020,2020-06,广东省,corn,10051000,种用玉米,菲律宾,一般贸易,5220,840,6.214285714285714,1,0,0,0,0,0,0,进口,千克,usd,corn,2020,6,2,2020q2,1.826850789039325,-1.367862852485819,1.304091099604467,2.671953952090286,-2.298727454501082,4.522799188554964
4235,2020,2020-04,新疆维吾尔自治区,corn,10051000,种用玉米,德国,一般贸易,933,150,6.22,1,0,0,0,0,0,0,进口,千克,usd,corn,2020,4,2,2020q2,1.827769906751088,-1.367862852485819,1.304091099604467,2.671953952090286,-2.298727454501082,4.522799188554964
5851,2018,2018-07,北京市,corn,10051000,种用玉米,印度,其他,81,13,6.230769230769231,1,0,0,0,0,0,0,进口,千克,usd,corn,2018,7,3,2018q3,1.829499797210902,-1.367862852485819,1.304091099604467,2.671953952090286,-2.298727454501082,4.522799188554964
5651,2018,2018-01,北京市,corn,10051000,种用玉米,法国,其他,2318,365,6.35068493150685,1,0,0,0,0,0,0,进口,千克,usd,corn,2018,1,1,2018q1,1.848562670317206,-1.367862852485819,1.304091099604467,2.671953952090286,-2.298727454501082,4.522799188554964
5789,2018,2018-03,北京市,corn,10051000,种用玉米,阿根廷,其他,1257,195,6.446153846153846,1,0,0,0,0,0,0,进口,千克,usd,corn,2018,3,1,2018q1,1.863483650026501,-1.367862852485819,1.304091099604467,2.671953952090286,-2.298727454501082,4.522799188554964
4558,2020,2020-02,黑龙江省,corn,10051000,种用玉米,秘鲁,一般贸易,843,130,6.484615384615385,1,0,0,0,0,0,0,进口,千克,usd,corn,2020,2,1,2020q1,1.869432507546273,-1.367862852485819,1.304091099604467,2.671953952090286,-2.298727454501082,4.522799188554964
4938,2019,2019-09,上海市,corn,10051000,种用玉米,智利,一般贸易,1292,199,6.492462311557789,1,0,0,0,0,0,0,进口,千克,usd,corn,2019,9,3,2019q3,1.870641859618055,-1.367862852485819,1.304091099604467,2.671953952090286,-2.298727454501082,4.522799188554964
6888,2017,2017-05,北京市,corn,10051000,种用玉米,法国,其他,1903,293,6.494880546075085,1,0,0,0,0,0,0,进口,千克,usd,corn,2017,5,2,2017q2,1.871014258279082,-1.367862852485819,1.304091099604467,2.671953952090286,-2.298727454501082,4.522799188554964
476,2023,2023-01,黑龙江省,corn,10051000,种用玉米,德国,其他,7087,1090,6.501834862385321,1,0,0,0,0,0,0,进口,千克,usd,corn,2023,1,1,2023q1,1.872084423587067,-1.367862852485819,1.304091099604467,2.671953952090286,-2.298727454501082,4.522799188554964
6973,2017,2017-04,北京市,corn,10051000,种用玉米,阿根廷,其他,1180,181,6.519337016574585,1,0,0,0,0,0,0,进口,千克,usd,corn,2017,4,2,2017q2,1.874772686193885,-1.367862852485819,1.304091099604467,2.671953952090286,-2.298727454501082,4.522799188554964
4237,2020,2020-04,黑龙江省,corn,10051000,种用玉米,法国,一般贸易,3830,585,6.547008547008547,1,0,0,0,0,0,0,进口,千克,usd,corn,2020,4,2,2020q2,1.879008234942835,-1.367862852485819,1.304091099604467,2.671953952090286,-2.298727454501082,4.522799188554964
6971,2017,2017-04,新疆维吾尔自治区,corn,10051000,种用玉米,奥地利,其他,660,100,6.6,1,0,0,0,0,0,0,进口,千克,usd,corn,2017,4,2,2017q2,1.88706964903238,-1.367862852485819,1.304091099604467,2.671953952090286,-2.298727454501082,4.522799188554964
1736,2022,2022-12,北京市,corn,10051000,种用玉米,德国,其他,5051,763,6.619921363040629,1,0,0,0,0,0,0,进口,千克,usd,corn,2022,12,4,2022q4,1.890083491183596,-1.367862852485819,1.304091099604467,2.671953952090286,-2.298727454501082,4.522799188554964
6742,2017,2017-07,北京市,corn,10051000,种用玉米,台澎金马关税区,其他,53,8,6.625,1,0,0,0,0,0,0,进口,千克,usd,corn,2017,7,3,2017q3,1.890850371872286,-1.367862852485819,1.304091099604467,2.671953952090286,-2.298727454501082,4.522799188554964
4546,2020,2020-02,北京市,corn,10051000,种用玉米,印度,其他,93,14,6.642857142857143,1,0,0,0,0,0,0,进口,千克,usd,corn,2020,2,1,2020q1,1.893542163537997,-1.367862852485819,1.304091099604467,2.671953952090286,-2.298727454501082,4.522799188554964
3633,2021,2021-04,北京市,corn,10051000,种用玉米,德国,其他,982,146,6.726027397260274,1,0,0,0,0,0,0,进口,千克,usd,corn,2021,4,2,2021q2,1.905984686646129,-1.367862852485819,1.304091099604467,2.671953952090286,-2.298727454501082,4.522799188554964
595,2023,2023-02,黑龙江省,corn,10051000,种用玉米,德国,其他,17289,2559,6.756154747948417,1,0,0,0,0,0,0,进口,千克,usd,corn,2023,2,1,2023q1,1.910453903944987,-1.367862852485819,1.304091099604467,2.671953952090286,-2.298727454501082,4.522799188554964
3640,2021,2021-04,黑龙江省,corn,10051000,种用玉米,秘鲁,一般贸易,9072,1333,6.805701425356339,1,0,0,0,0,0,0,进口,千克,usd,corn,2021,4,2,2021q2,1.917760705788825,-1.367862852485819,1.304091099604467,2.671953952090286,-2.298727454501082,4.522799188554964
3508,2021,2021-12,广东省,corn,10051000,种用玉米,菲律宾,一般贸易,14185,2040,6.953431372549019,1,0,0,0,0,0,0,进口,千克,usd,corn,2021,12,4,2021q4,1.93923526040469,-1.367862852485819,1.304091099604467,2.671953952090286,-2.298727454501082,4.522799188554964
862,2023,2023-04,上海市,corn,10051000,种用玉米,智利,一般贸易,4378,629,6.960254372019078,1,0,0,0,0,0,0,进口,千克,usd,corn,2023,4,2,2023q2,1.940216021382368,-1.367862852485819,1.304091099604467,2.671953952090286,-2.298727454501082,4.522799188554964
2963,2021,2021-06,黑龙江省,corn,10051000,种用玉米,科特迪瓦,一般贸易,420,60,7,1,0,0,0,0,0,0,进口,千克,usd,corn,2021,6,2,2021q2,1.945910149055313,-1.367862852485819,1.304091099604467,2.671953952090286,-2.298727454501082,4.522799188554964
3510,2021,2021-12,黑龙江省,corn,10051000,种用玉米,德国,一般贸易,1138,162,7.024691358024691,1,0,0,0,0,0,0,进口,千克,usd,corn,2021,12,4,2021q4,1.949431279453892,-1.367862852485819,1.304091099604467,2.671953952090286,-2.298727454501082,4.522799188554964
3761,2021,2021-05,黑龙江省,corn,10051000,种用玉米,匈牙利,一般贸易,1664,236,7.050847457627119,1,0,0,0,0,0,0,进口,千克,usd,corn,2021,5,2,2021q2,1.953147816355544,-1.367862852485819,1.304091099604467,2.671953952090286,-2.298727454501082,4.522799188554964
3882,2021,2021-05,黑龙江省,corn,10051000,种用玉米,匈牙利,一般贸易,1664,236,7.050847457627119,1,0,0,0,0,0,0,进口,千克,usd,corn,2021,5,2,2021q2,1.953147816355544,-1.367862852485819,1.304091099604467,2.671953952090286,-2.298727454501082,4.522799188554964
2156,2022,2022-04,北京市,corn,10051000,种用玉米,秘鲁,其他,2794,393,7.10941475826972,1,0,0,0,0,0,0,进口,千克,usd,corn,2022,4,2,2022q2,1.961419927947646,-1.367862852485819,1.304091099604467,2.671953952090286,-2.298727454501082,4.522799188554964
3979,2020,2020-05,北京市,corn,10051000,种用玉米,德国,一般贸易,100,14,7.142857142857143,1,0,0,0,0,0,0,进口,千克,usd,corn,2020,5,2,2020q2,1.966112856372833,-1.367862852485819,1.304091099604467,2.671953952090286,-2.298727454501082,4.522799188554964
4860,2020,2020-05,北京市,corn,10051000,种用玉米,德国,一般贸易,100,14,7.142857142857143,1,0,0,0,0,0,0,进口,千克,usd,corn,2020,5,2,2020q2,1.966112856372833,-1.367862852485819,1.304091099604467,2.671953952090286,-2.298727454501082,4.522799188554964
6970,2017,2017-04,北京市,corn,10051000,种用玉米,奥地利,其他,722,101,7.148514851485149,1,0,0,0,0,0,0,进口,千克,usd,corn,2017,4,2,2017q2,1.966904622051567,-1.367862852485819,1.304091099604467,2.671953952090286,-2.298727454501082,4.522799188554964
6069,2018,2018-04,北京市,corn,10051000,种用玉米,法国,一般贸易,312822,43654,7.165941265405232,1,0,0,0,0,0,0,进口,千克,usd,corn,2018,4,2,2018q2,1.969339422561876,-1.367862852485819,1.304091099604467,2.671953952090286,-2.298727454501082,4.522799188554964
5408,2019,2019-04,北京市,corn,10051000,种用玉米,法国,其他,3466,481,7.205821205821206,1,0,0,0,0,0,0,进口,千克,usd,corn,2019,4,2,2019q2,1.97488920016979,-1.367862852485819,1.304091099604467,2.671953952090286,-2.298727454501082,4.522799188554964
860,2023,2023-04,北京市,corn,10051000,种用玉米,阿根廷,一般贸易,72704,10078,7.214129787656281,1,0,0,0,0,0,0,进口,千克,usd,corn,2023,4,2,2023q2,1.976041573400225,-1.367862852485819,1.304091099604467,2.671953952090286,-2.298727454501082,4.522799188554964
5793,2018,2018-03,北京市,corn,10051000,种用玉米,智利,其他,2070,286,7.237762237762237,1,0,0,0,0,0,0,进口,千克,usd,corn,2018,3,1,2018q1,1.979312075439562,-1.367862852485819,1.304091099604467,2.671953952090286,-2.298727454501082,4.522799188554964
7094,2017,2017-01,黑龙江省,corn,10051000,种用玉米,法国,一般贸易,2042,282,7.24113475177305,1,0,0,0,0,0,0,进口,千克,usd,corn,2017,1,1,2017q1,1.979777927786497,-1.367862852485819,1.304091099604467,2.671953952090286,-2.298727454501082,4.522799188554964
4865,2020,2020-05,北京市,corn,10051000,种用玉米,奥地利,其他,632,86,7.348837209302325,1,0,0,0,0,0,0,进口,千克,usd,corn,2020,5,2,2020q2,1.99454209789335,-1.367862852485819,1.304091099604467,2.671953952090286,-2.298727454501082,4.522799188554964
3984,2020,2020-05,北京市,corn,10051000,种用玉米,奥地利,其他,632,86,7.348837209302325,1,0,0,0,0,0,0,进口,千克,usd,corn,2020,5,2,2020q2,1.99454209789335,-1.367862852485819,1.304091099604467,2.671953952090286,-2.298727454501082,4.522799188554964
5787,2018,2018-03,北京市,corn,10051000,种用玉米,法国,其他,2030,276,7.355072463768116,1,0,0,0,0,0,0,进口,千克,usd,corn,2018,3,1,2018q1,1.995390206318683,-1.367862852485819,1.304091099604467,2.671953952090286,-2.298727454501082,4.522799188554964
6075,2018,2018-04,北京市,corn,10051000,种用玉米,阿根廷,一般贸易,6625,878,7.545558086560365,1,0,0,0,0,0,0,进口,千克,usd,corn,2018,4,2,2018q2,2.020959057219306,-1.367862852485819,1.304091099604467,2.671953952090286,-2.298727454501082,4.522799188554964
4233,2020,2020-04,北京市,corn,10051000,种用玉米,德国,一般贸易,5550,734,7.561307901907357,1,0,0,0,0,0,0,进口,千克,usd,corn,2020,4,2,2020q2,2.023044178125965,-1.367862852485819,1.304091099604467,2.671953952090286,-2.298727454501082,4.522799188554964
859,2023,2023-04,黑龙江省,corn,10051000,种用玉米,匈牙利,一般贸易,4676,612,7.640522875816994,1,0,0,0,0,0,0,进口,千克,usd,corn,2023,4,2,2023q2,2.033466040079633,-1.367862852485819,1.304091099604467,2.671953952090286,-2.298727454501082,4.522799188554964
3637,2021,2021-04,北京市,corn,10051000,种用玉米,奥地利,其他,789,102,7.735294117647059,1,0,0,0,0,0,0,进口,千克,usd,corn,2021,4,2,2021q2,2.045793507561603,-1.367862852485819,1.304091099604467,2.671953952090286,-2.298727454501082,4.522799188554964
6594,2017,2017-06,北京市,corn,10051000,种用玉米,法国,一般贸易,7185,915,7.852459016393443,1,0,0,0,0,0,0,进口,千克,usd,corn,2017,6,2,2017q2,2.060826733237604,-1.367862852485819,1.304091099604467,2.671953952090286,-2.298727454501082,4.522799188554964
3631,2021,2021-04,黑龙江省,corn,10051000,种用玉米,德国,一般贸易,4473,568,7.875,1,0,0,0,0,0,0,进口,千克,usd,corn,2021,4,2,2021q2,2.063693184711697,-1.367862852485819,1.304091099604467,2.671953952090286,-2.298727454501082,4.522799188554964
4550,2020,2020-02,新疆维吾尔自治区,corn,10051000,种用玉米,德国,一般贸易,114512,14481,7.907741178095435,1,0,0,0,0,0,0,进口,千克,usd,corn,2020,2,1,2020q1,2.067842175649776,-1.367862852485819,1.304091099604467,2.671953952090286,-2.298727454501082,4.522799188554964
6972,2017,2017-04,北京市,corn,10051000,种用玉米,阿根廷,一般贸易,15816,2000,7.908,1,0,0,0,0,0,0,进口,千克,usd,corn,2017,4,2,2017q2,2.067874905308371,-1.367862852485819,1.304091099604467,2.671953952090286,-2.298727454501082,4.522799188554964
1629,2022,2022-11,广东省,corn,10051000,种用玉米,马来西亚,一般贸易,552,69,8,1,0,0,0,0,0,0,进口,千克,usd,corn,2022,11,4,2022q4,2.079441541679836,-1.367862852485819,1.304091099604467,2.671953952090286,-2.298727454501082,4.522799188554964
6144,2018,2018-10,福建省,corn,10051000,种用玉米,台澎金马关税区,一般贸易,8,1,8,1,0,0,0,0,0,0,进口,千克,usd,corn,2018,10,4,2018q4,2.079441541679836,-1.367862852485819,1.304091099604467,2.671953952090286,-2.298727454501082,4.522799188554964
7170,2017,2017-03,北京市,corn,10051000,种用玉米,法国,其他,1455,181,8.038674033149171,1,0,0,0,0,0,0,进口,千克,usd,corn,2017,3,1,2017q1,2.084264148339767,-1.367862852485819,1.304091099604467,2.671953952090286,-2.298727454501082,4.522799188554964
5097,2019,2019-02,北京市,corn,10051000,种用玉米,德国,一般贸易,1451,180,8.061111111111112,1,0,0,0,0,0,0,进口,千克,usd,corn,2019,2,1,2019q1,2.087051401993977,-1.367862852485819,1.304091099604467,2.671953952090286,-2.298727454501082,4.522799188554964
4238,2020,2020-04,北京市,corn,10051000,种用玉米,法国,其他,1960,242,8.099173553719009,1,0,0,0,0,0,0,进口,千克,usd,corn,2020,4,2,2020q2,2.091762026067876,-1.367862852485819,1.304091099604467,2.671953952090286,-2.298727454501082,4.522799188554964
5854,2018,2018-07,黑龙江省,corn,10051000,种用玉米,德国,一般贸易,124,15,8.266666666666667,1,0,0,0,0,0,0,进口,千克,usd,corn,2018,7,3,2018q3,2.112231364502827,-1.367862852485819,1.304091099604467,2.671953952090286,-2.298727454501082,4.522799188554964
3512,2021,2021-12,北京市,corn,10051000,种用玉米,法国,其他,1773,214,8.285046728971963,1,0,0,0,0,0,0,进口,千克,usd,corn,2021,12,4,2021q4,2.114452291052356,-1.367862852485819,1.304091099604467,2.671953952090286,-2.298727454501082,4.522799188554964
5289,2019,2019-11,黑龙江省,corn,10051000,种用玉米,秘鲁,一般贸易,574,69,8.318840579710145,1,0,0,0,0,0,0,进口,千克,usd,corn,2019,11,4,2019q4,2.118522891722307,-1.367862852485819,1.304091099604467,2.671953952090286,-2.298727454501082,4.522799188554964
3636,2021,2021-04,北京市,corn,10051000,种用玉米,法国,其他,2449,294,8.329931972789115,1,0,0,0,0,0,0,进口,千克,usd,corn,2021,4,2,2021q2,2.119855289613486,-1.367862852485819,1.304091099604467,2.671953952090286,-2.298727454501082,4.522799188554964
5413,2019,2019-04,北京市,corn,10051000,种用玉米,阿根廷,一般贸易,17419,2086,8.350431447746884,1,0,0,0,0,0,0,进口,千克,usd,corn,2019,4,2,2019q2,2.122313207916744,-1.367862852485819,1.304091099604467,2.671953952090286,-2.298727454501082,4.522799188554964
2257,2022,2022-05,新疆维吾尔自治区,corn,10051000,种用玉米,德国,其他,702,84,8.357142857142858,1,0,0,0,0,0,0,进口,千克,usd,corn,2022,5,2,2022q2,2.123116605182497,-1.367862852485819,1.304091099604467,2.671953952090286,-2.298727454501082,4.522799188554964
3983,2020,2020-05,北京市,corn,10051000,种用玉米,法国,其他,1589,190,8.363157894736842,1,0,0,0,0,0,0,进口,千克,usd,corn,2020,5,2,2020q2,2.12383609437623,-1.367862852485819,1.304091099604467,2.671953952090286,-2.298727454501082,4.522799188554964
4864,2020,2020-05,北京市,corn,10051000,种用玉米,法国,其他,1589,190,8.363157894736842,1,0,0,0,0,0,0,进口,千克,usd,corn,2020,5,2,2020q2,2.12383609437623,-1.367862852485819,1.304091099604467,2.671953952090286,-2.298727454501082,4.522799188554964
6073,2018,2018-04,北京市,corn,10051000,种用玉米,奥地利,一般贸易,168,20,8.4,1,0,0,0,0,0,0,进口,千克,usd,corn,2018,4,2,2018q2,2.128231705849268,-1.367862852485819,1.304091099604467,2.671953952090286,-2.298727454501082,4.522799188554964
865,2023,2023-04,黑龙江省,corn,10051000,种用玉米,秘鲁,其他,2252,265,8.498113207547171,1,0,0,0,0,0,0,进口,千克,usd,corn,2023,4,2,2023q2,2.139844163273359,-1.367862852485819,1.304091099604467,2.671953952090286,-2.298727454501082,4.522799188554964
3881,2021,2021-05,黑龙江省,corn,10051000,种用玉米,法国,其他,464,54,8.592592592592593,1,0,0,0,0,0,0,进口,千克,usd,corn,2021,5,2,2021q2,2.150900505661981,-1.367862852485819,1.304091099604467,2.671953952090286,-2.298727454501082,4.522799188554964
3760,2021,2021-05,黑龙江省,corn,10051000,种用玉米,法国,其他,464,54,8.592592592592593,1,0,0,0,0,0,0,进口,千克,usd,corn,2021,5,2,2021q2,2.150900505661981,-1.367862852485819,1.304091099604467,2.671953952090286,-2.298727454501082,4.522799188554964
2256,2022,2022-05,黑龙江省,corn,10051000,种用玉米,德国,其他,2450,285,8.596491228070175,1,0,0,0,0,0,0,进口,千克,usd,corn,2022,5,2,2022q2,2.151354123270122,-1.367862852485819,1.304091099604467,2.671953952090286,-2.298727454501082,4.522799188554964
4059,2020,2020-11,上海市,corn,10051000,种用玉米,印度,其他,174,20,8.699999999999999,1,0,0,0,0,0,0,进口,千克,usd,corn,2020,11,4,2020q4,2.163323025660538,-1.367862852485819,1.304091099604467,2.671953952090286,-2.298727454501082,4.522799188554964
5784,2018,2018-03,新疆维吾尔自治区,corn,10051000,种用玉米,德国,一般贸易,33346,3821,8.727034807641978,1,0,0,0,0,0,0,进口,千克,usd,corn,2018,3,1,2018q1,2.166425656673504,-1.367862852485819,1.304091099604467,2.671953952090286,-2.298727454501082,4.522799188554964
7168,2017,2017-03,黑龙江省,corn,10051000,种用玉米,法国,一般贸易,790,90,8.777777777777779,1,0,0,0,0,0,0,进口,千克,usd,corn,2017,3,1,2017q1,2.172223275130802,-1.367862852485819,1.304091099604467,2.671953952090286,-2.298727454501082,4.522799188554964
6671,2017,2017-12,黑龙江省,corn,10051000,种用玉米,法国,其他,2534,287,8.829268292682928,1,0,0,0,0,0,0,进口,千克,usd,corn,2017,12,4,2017q4,2.178072145121464,-1.367862852485819,1.304091099604467,2.671953952090286,-2.298727454501082,4.522799188554964
5406,2019,2019-04,北京市,corn,10051000,种用玉米,法国,一般贸易,13610,1540,8.837662337662337,1,0,0,0,0,0,0,进口,千克,usd,corn,2019,4,2,2019q2,2.179022400237837,-1.367862852485819,1.304091099604467,2.671953952090286,-2.298727454501082,4.522799188554964
5217,2019,2019-05,北京市,corn,10051000,种用玉米,德国,一般贸易,21044,2369,8.883073026593499,1,0,0,0,0,0,0,进口,千克,usd,corn,2019,5,2,2019q2,2.184147558691912,-1.367862852485819,1.304091099604467,2.671953952090286,-2.298727454501082,4.522799188554964
856,2023,2023-04,黑龙江省,corn,10051000,种用玉米,德国,其他,1735,194,8.943298969072165,1,0,0,0,0,0,0,进口,千克,usd,corn,2023,4,2,2023q2,2.190904533317632,-1.367862852485819,1.304091099604467,2.671953952090286,-2.298727454501082,4.522799188554964
4547,2020,2020-02,北京市,corn,10051000,种用玉米,菲律宾,其他,537,60,8.949999999999999,1,0,0,0,0,0,0,进口,千克,usd,corn,2020,2,1,2020q1,2.191653532286764,-1.367862852485819,1.304091099604467,2.671953952090286,-2.298727454501082,4.522799188554964
7165,2017,2017-03,黑龙江省,corn,10051000,种用玉米,德国,一般贸易,98442,10938,9,1,0,0,0,0,0,0,进口,千克,usd,corn,2017,3,1,2017q1,2.19722457733622,-1.367862852485819,1.304091099604467,2.671953952090286,-2.298727454501082,4.522799188554964
5411,2019,2019-04,黑龙江省,corn,10051000,种用玉米,匈牙利,一般贸易,344,38,9.052631578947368,1,0,0,0,0,0,0,进口,千克,usd,corn,2019,4,2,2019q2,2.203055497647012,-1.367862852485819,1.304091099604467,2.671953952090286,-2.298727454501082,4.522799188554964
4711,2020,2020-09,北京市,corn,10051000,种用玉米,菲律宾,其他,1045,115,9.086956521739131,1,0,0,0,0,0,0,进口,千克,usd,corn,2020,9,3,2020q3,2.206840036035661,-1.367862852485819,1.304091099604467,2.671953952090286,-2.298727454501082,4.522799188554964
2037,2022,2022-03,新疆维吾尔自治区,corn,10051000,种用玉米,德国,一般贸易,50425,5538,9.105272661610689,1,0,0,0,0,0,0,进口,千克,usd,corn,2022,3,1,2022q1,2.208853659091505,-1.367862852485819,1.304091099604467,2.671953952090286,-2.298727454501082,4.522799188554964
2255,2022,2022-05,北京市,corn,10051000,种用玉米,德国,其他,604,66,9.151515151515152,1,0,0,0,0,0,0,进口,千克,usd,corn,2022,5,2,2022q2,2.213919455908389,-1.367862852485819,1.304091099604467,2.671953952090286,-2.298727454501082,4.522799188554964
6964,2017,2017-04,黑龙江省,corn,10051000,种用玉米,德国,一般贸易,546145,59602,9.163199221502634,1,0,0,0,0,0,0,进口,千克,usd,corn,2017,4,2,2017q2,2.215195377698337,-1.367862852485819,1.304091099604467,2.671953952090286,-2.298727454501082,4.522799188554964
2036,2022,2022-03,黑龙江省,corn,10051000,种用玉米,德国,一般贸易,968691,105368,9.193407865765698,1,0,0,0,0,0,0,进口,千克,usd,corn,2022,3,1,2022q1,2.218486690890328,-1.367862852485819,1.304091099604467,2.671953952090286,-2.298727454501082,4.522799188554964
7166,2017,2017-03,新疆维吾尔自治区,corn,10051000,种用玉米,德国,一般贸易,13314,1437,9.265135699373696,1,0,0,0,0,0,0,进口,千克,usd,corn,2017,3,1,2017q1,2.226258506081624,-1.367862852485819,1.304091099604467,2.671953952090286,-2.298727454501082,4.522799188554964
5466,2019,2019-12,福建省,corn,10051000,种用玉米,台澎金马关税区,一般贸易,9274,1000,9.273999999999999,1,0,0,0,0,0,0,进口,千克,usd,corn,2019,12,4,2019q4,2.227214785969269,-1.367862852485819,1.304091099604467,2.671953952090286,-2.298727454501082,4.522799188554964
7093,2017,2017-01,北京市,corn,10051000,种用玉米,德国,一般贸易,6443,693,9.297258297258297,1,0,0,0,0,0,0,进口,千克,usd,corn,2017,1,1,2017q1,2.229719549948739,-1.367862852485819,1.304091099604467,2.671953952090286,-2.298727454501082,4.522799188554964
2153,2022,2022-04,北京市,corn,10051000,种用玉米,法国,其他,2888,310,9.316129032258065,1,0,0,0,0,0,0,进口,千克,usd,corn,2022,4,2,2022q2,2.231747202533525,-1.367862852485819,1.304091099604467,2.671953952090286,-2.298727454501082,4.522799188554964
2843,2021,2021-03,黑龙江省,corn,10051000,种用玉米,塞内加尔,一般贸易,467,50,9.34,1,0,0,0,0,0,0,进口,千克,usd,corn,2021,3,1,2021q1,2.234306252240751,-1.367862852485819,1.304091099604467,2.671953952090286,-2.298727454501082,4.522799188554964
4478,2020,2020-07,北京市,corn,10051000,种用玉米,智利,其他,11036,1177,9.376380628717078,1,0,0,0,0,0,0,进口,千克,usd,corn,2020,7,3,2020q3,2.2381938280769,-1.367862852485819,1.304091099604467,2.671953952090286,-2.298727454501082,4.522799188554964
4245,2020,2020-04,黑龙江省,corn,10051000,种用玉米,秘鲁,一般贸易,8191,870,9.414942528735633,1,0,0,0,0,0,0,进口,千克,usd,corn,2020,4,2,2020q2,2.242298057866973,-1.367862852485819,1.304091099604467,2.671953952090286,-2.298727454501082,4.522799188554964
727,2023,2023-03,新疆维吾尔自治区,corn,10051000,种用玉米,德国,一般贸易,167553,17787,9.419969640748862,1,0,0,0,0,0,0,进口,千克,usd,corn,2023,3,1,2023q1,2.242831865732639,-1.367862852485819,1.304091099604467,2.671953952090286,-2.298727454501082,4.522799188554964
7229,2017,2017-02,黑龙江省,corn,10051000,种用玉米,德国,一般贸易,3588,380,9.442105263157895,1,0,0,0,0,0,0,进口,千克,usd,corn,2017,2,1,2017q1,2.245178970458255,-1.367862852485819,1.304091099604467,2.671953952090286,-2.298727454501082,4.522799188554964
4642,2020,2020-03,北京市,corn,10051000,种用玉米,阿根廷,其他,3242,343,9.451895043731778,1,0,0,0,0,0,0,进口,千克,usd,corn,2020,3,1,2020q1,2.246215255129681,-1.367862852485819,1.304091099604467,2.671953952090286,-2.298727454501082,4.522799188554964
4549,2020,2020-02,黑龙江省,corn,10051000,种用玉米,德国,一般贸易,36140,3822,9.455782312925169,1,0,0,0,0,0,0,进口,千克,usd,corn,2020,2,1,2020q1,2.246626439346001,-1.367862852485819,1.304091099604467,2.671953952090286,-2.298727454501082,4.522799188554964
2260,2022,2022-05,北京市,corn,10051000,种用玉米,法国,其他,415,43,9.651162790697674,1,0,0,0,0,0,0,进口,千克,usd,corn,2022,5,2,2022q2,2.267078404537136,-1.367862852485819,1.304091099604467,2.671953952090286,-2.298727454501082,4.522799188554964
5160,2019,2019-01,北京市,corn,10051000,种用玉米,法国,其他,2014,208,9.682692307692308,1,0,0,0,0,0,0,进口,千克,usd,corn,2019,1,1,2019q1,2.27033999357719,-1.367862852485819,1.304091099604467,2.671953952090286,-2.298727454501082,4.522799188554964
2761,2021,2021-02,北京市,corn,10051000,种用玉米,菲律宾,其他,391,40,9.775,1,0,0,0,0,0,0,进口,千克,usd,corn,2021,2,1,2021q1,2.27982810587143,-1.367862852485819,1.304091099604467,2.671953952090286,-2.298727454501082,4.522799188554964
2148,2022,2022-04,新疆维吾尔自治区,corn,10051000,种用玉米,德国,一般贸易,35329,3600,9.813611111111111,1,0,0,0,0,0,0,进口,千克,usd,corn,2022,4,2,2022q2,2.283770310951375,-1.367862852485819,1.304091099604467,2.671953952090286,-2.298727454501082,4.522799188554964
5405,2019,2019-04,新疆维吾尔自治区,corn,10051000,种用玉米,德国,一般贸易,5895,600,9.824999999999999,1,0,0,0,0,0,0,进口,千克,usd,corn,2019,4,2,2019q2,2.284930157755325,-1.367862852485819,1.304091099604467,2.671953952090286,-2.298727454501082,4.522799188554964
731,2023,2023-03,北京市,corn,10051000,种用玉米,法国,其他,1738,176,9.875,1,0,0,0,0,0,0,进口,千克,usd,corn,2023,3,1,2023q1,2.290006310787186,-1.367862852485819,1.304091099604467,2.671953952090286,-2.298727454501082,4.522799188554964
5049,2019,2019-03,黑龙江省,corn,10051000,种用玉米,阿根廷,一般贸易,696,70,9.942857142857143,1,0,0,0,0,0,0,进口,千克,usd,corn,2019,3,1,2019q1,2.296854418285061,-1.367862852485819,1.304091099604467,2.671953952090286,-2.298727454501082,4.522799188554964
4316,2020,2020-12,广东省,corn,10051000,种用玉米,马来西亚,一般贸易,50,5,10,1,0,0,0,0,0,0,进口,千克,usd,corn,2020,12,4,2020q4,2.302585092994046,-1.367862852485819,1.304091099604467,2.671953952090286,-2.298727454501082,4.522799188554964
4063,2020,2020-11,山东省,corn,10051000,种用玉米,匈牙利,一般贸易,750,75,10,1,0,0,0,0,0,0,进口,千克,usd,corn,2020,11,4,2020q4,2.302585092994046,-1.367862852485819,1.304091099604467,2.671953952090286,-2.298727454501082,4.522799188554964
2846,2021,2021-03,新疆维吾尔自治区,corn,10051000,种用玉米,德国,一般贸易,64957,6469,10.0412737671974,1,0,0,0,0,0,0,进口,千克,usd,corn,2021,3,1,2021q1,2.306703975459131,-1.367862852485819,1.304091099604467,2.671953952090286,-2.298727454501082,4.522799188554964
7034,2017,2017-10,北京市,corn,10051000,种用玉米,法国,其他,871,86,10.12790697674419,1,0,0,0,0,0,0,进口,千克,usd,corn,2017,10,4,2017q4,2.315294680598995,-1.367862852485819,1.304091099604467,2.671953952090286,-2.298727454501082,4.522799188554964
4645,2020,2020-03,上海市,corn,10051000,种用玉米,智利,一般贸易,5073,500,10.146,1,0,0,0,0,0,0,进口,千克,usd,corn,2020,3,1,2020q1,2.317079539144498,-1.367862852485819,1.304091099604467,2.671953952090286,-2.298727454501082,4.522799188554964
6596,2017,2017-06,北京市,corn,10051000,种用玉米,圭亚那,其他,286,28,10.21428571428571,1,0,0,0,0,0,0,进口,千克,usd,corn,2017,6,2,2017q2,2.323787300644649,-1.367862852485819,1.304091099604467,2.671953952090286,-2.298727454501082,4.522799188554964
726,2023,2023-03,黑龙江省,corn,10051000,种用玉米,德国,一般贸易,407158,39529,10.30023527030787,1,0,0,0,0,0,0,进口,千克,usd,corn,2023,3,1,2023q1,2.332166736752184,-1.367862852485819,1.304091099604467,2.671953952090286,-2.298727454501082,4.522799188554964
6252,2018,2018-05,北京市,corn,10051000,种用玉米,法国,一般贸易,958,93,10.3010752688172,1,0,0,0,0,0,0,进口,千克,usd,corn,2018,5,2,2018q2,2.332248284817604,-1.367862852485819,1.304091099604467,2.671953952090286,-2.298727454501082,4.522799188554964
5783,2018,2018-03,黑龙江省,corn,10051000,种用玉米,德国,一般贸易,739020,71561,10.3271334945012,1,0,0,0,0,0,0,进口,千克,usd,corn,2018,3,1,2018q1,2.334774751351258,-1.367862852485819,1.304091099604467,2.671953952090286,-2.298727454501082,4.522799188554964
7172,2017,2017-03,北京市,corn,10051000,种用玉米,阿根廷,其他,816,79,10.32911392405063,1,0,0,0,0,0,0,进口,千克,usd,corn,2017,3,1,2017q1,2.334966502497085,-1.367862852485819,1.304091099604467,2.671953952090286,-2.298727454501082,4.522799188554964
983,2023,2023-05,北京市,corn,10051000,种用玉米,德国,一般贸易,16255,1570,10.35350318471338,1,0,0,0,0,0,0,进口,千克,usd,corn,2023,5,2,2023q2,2.337324934395652,-1.367862852485819,1.304091099604467,2.671953952090286,-2.298727454501082,4.522799188554964
5467,2019,2019-12,黑龙江省,corn,10051000,种用玉米,德国,一般贸易,630235,60294,10.45269844428965,1,0,0,0,0,0,0,进口,千克,usd,corn,2019,12,4,2019q4,2.346860169410593,-1.367862852485819,1.304091099604467,2.671953952090286,-2.298727454501082,4.522799188554964
2964,2021,2021-06,黑龙江省,corn,10051000,种用玉米,巴西,一般贸易,1326,126,10.52380952380952,1,0,0,0,0,0,0,进口,千克,usd,corn,2021,6,2,2021q2,2.35364026379433,-1.367862852485819,1.304091099604467,2.671953952090286,-2.298727454501082,4.522799188554964
6072,2018,2018-04,北京市,corn,10051000,种用玉米,法国,其他,2417,227,10.64757709251101,1,0,0,0,0,0,0,进口,千克,usd,corn,2018,4,2,2018q2,2.36533236322208,-1.367862852485819,1.304091099604467,2.671953952090286,-2.298727454501082,4.522799188554964
5999,2018,2018-12,黑龙江省,corn,10051000,种用玉米,德国,一般贸易,1816550,170225,10.67146423850786,1,0,0,0,0,0,0,进口,千克,usd,corn,2018,12,4,2018q4,2.367573285374459,-1.367862852485819,1.304091099604467,2.671953952090286,-2.298727454501082,4.522799188554964
2048,2022,2022-03,黑龙江省,corn,10051000,种用玉米,秘鲁,其他,5691,529,10.75803402646503,1,0,0,0,0,0,0,进口,千克,usd,corn,2022,3,1,2022q1,2.375652826744824,-1.367862852485819,1.304091099604467,2.671953952090286,-2.298727454501082,4.522799188554964
4058,2020,2020-11,山东省,corn,10051000,种用玉米,印度,一般贸易,226,21,10.76190476190476,1,0,0,0,0,0,0,进口,千克,usd,corn,2020,11,4,2020q4,2.376012561548863,-1.367862852485819,1.304091099604467,2.671953952090286,-2.298727454501082,4.522799188554964
2766,2021,2021-02,北京市,corn,10051000,种用玉米,法国,一般贸易,388,36,10.77777777777778,1,0,0,0,0,0,0,进口,千克,usd,corn,2021,2,1,2021q1,2.377486401167164,-1.367862852485819,1.304091099604467,2.671953952090286,-2.298727454501082,4.522799188554964
6820,2017,2017-11,北京市,corn,10051000,种用玉米,智利,其他,2253,209,10.7799043062201,1,0,0,0,0,0,0,进口,千克,usd,corn,2017,11,4,2017q4,2.377683688467433,-1.367862852485819,1.304091099604467,2.671953952090286,-2.298727454501082,4.522799188554964
5720,2018,2018-02,黑龙江省,corn,10051000,种用玉米,法国,一般贸易,519,48,10.8125,1,0,0,0,0,0,0,进口,千克,usd,corn,2018,2,1,2018q1,2.380702872257998,-1.367862852485819,1.304091099604467,2.671953952090286,-2.298727454501082,4.522799188554964
7228,2017,2017-02,北京市,corn,10051000,种用玉米,印度,其他,76,7,10.85714285714286,1,0,0,0,0,0,0,进口,千克,usd,corn,2017,2,1,2017q1,2.384823191231018,-1.367862852485819,1.304091099604467,2.671953952090286,-2.298727454501082,4.522799188554964
3765,2021,2021-05,北京市,corn,10051000,种用玉米,秘鲁,一般贸易,3627,334,10.85928143712575,1,0,0,0,0,0,0,进口,千克,usd,corn,2021,5,2,2021q2,2.385020146306202,-1.367862852485819,1.304091099604467,2.671953952090286,-2.298727454501082,4.522799188554964
3886,2021,2021-05,北京市,corn,10051000,种用玉米,秘鲁,一般贸易,3627,334,10.85928143712575,1,0,0,0,0,0,0,进口,千克,usd,corn,2021,5,2,2021q2,2.385020146306202,-1.367862852485819,1.304091099604467,2.671953952090286,-2.298727454501082,4.522799188554964
5721,2018,2018-02,北京市,corn,10051000,种用玉米,智利,其他,1201,110,10.91818181818182,1,0,0,0,0,0,0,进口,千克,usd,corn,2018,2,1,2018q1,2.390429456287567,-1.367862852485819,1.304091099604467,2.671953952090286,-2.298727454501082,4.522799188554964
2841,2021,2021-03,山东省,corn,10051000,种用玉米,印度,一般贸易,1950,178,10.95505617977528,1,0,0,0,0,0,0,进口,千克,usd,corn,2021,3,1,2021q1,2.393801101265707,-1.367862852485819,1.304091099604467,2.671953952090286,-2.298727454501082,4.522799188554964
5043,2019,2019-03,黑龙江省,corn,10051000,种用玉米,德国,一般贸易,454564,41410,10.97715527650326,1,0,0,0,0,0,0,进口,千克,usd,corn,2019,3,1,2019q1,2.395816320228094,-1.367862852485819,1.304091099604467,2.671953952090286,-2.298727454501082,4.522799188554964
2033,2022,2022-03,北京市,corn,10051000,种用玉米,菲律宾,其他,891,81,11,1,0,0,0,0,0,0,进口,千克,usd,corn,2022,3,1,2022q1,2.397895272798371,-1.367862852485819,1.304091099604467,2.671953952090286,-2.298727454501082,4.522799188554964
858,2023,2023-04,北京市,corn,10051000,种用玉米,法国,其他,2707,244,11.09426229508197,1,0,0,0,0,0,0,进口,千克,usd,corn,2023,4,2,2023q2,2.406428064321099,-1.367862852485819,1.304091099604467,2.671953952090286,-2.298727454501082,4.522799188554964
5403,2019,2019-04,北京市,corn,10051000,种用玉米,德国,一般贸易,111,10,11.1,1,0,0,0,0,0,0,进口,千克,usd,corn,2019,4,2,2019q2,2.406945108318288,-1.367862852485819,1.304091099604467,2.671953952090286,-2.298727454501082,4.522799188554964
2157,2022,2022-04,黑龙江省,corn,10051000,种用玉米,秘鲁,其他,7893,706,11.17988668555241,1,0,0,0,0,0,0,进口,千克,usd,corn,2022,4,2,2022q2,2.41411633221516,-1.367862852485819,1.304091099604467,2.671953952090286,-2.298727454501082,4.522799188554964
2967,2021,2021-06,山东省,corn,10051000,种用玉米,智利,一般贸易,5193,457,11.36323851203501,1,0,0,0,0,0,0,进口,千克,usd,corn,2021,6,2,2021q2,2.430383452950114,-1.367862852485819,1.304091099604467,2.671953952090286,-2.298727454501082,4.522799188554964
3885,2021,2021-05,山东省,corn,10051000,种用玉米,智利,一般贸易,3376,297,11.36700336700337,1,0,0,0,0,0,0,进口,千克,usd,corn,2021,5,2,2021q2,2.430714716913148,-1.367862852485819,1.304091099604467,2.671953952090286,-2.298727454501082,4.522799188554964
3764,2021,2021-05,山东省,corn,10051000,种用玉米,智利,一般贸易,3376,297,11.36700336700337,1,0,0,0,0,0,0,进口,千克,usd,corn,2021,5,2,2021q2,2.430714716913148,-1.367862852485819,1.304091099604467,2.671953952090286,-2.298727454501082,4.522799188554964
2261,2022,2022-05,黑龙江省,corn,10051000,种用玉米,匈牙利,其他,674,59,11.42372881355932,1,0,0,0,0,0,0,进口,千克,usd,corn,2022,5,2,2022q2,2.435692667006588,-1.367862852485819,1.304091099604467,2.671953952090286,-2.298727454501082,4.522799188554964
5047,2019,2019-03,北京市,corn,10051000,种用玉米,法国,其他,97987,8574,11.4283881502216,1,0,0,0,0,0,0,进口,千克,usd,corn,2019,3,1,2019q1,2.436100448634367,-1.367862852485819,1.304091099604467,2.671953952090286,-2.298727454501082,4.522799188554964
6253,2018,2018-05,湖北省,corn,10051000,种用玉米,法国,一般贸易,207,18,11.5,1,0,0,0,0,0,0,进口,千克,usd,corn,2018,5,2,2018q2,2.442347035369204,-1.367862852485819,1.304091099604467,2.671953952090286,-2.298727454501082,4.522799188554964
2146,2022,2022-04,甘肃省,corn,10051000,种用玉米,韩国,其他,277,24,11.54166666666667,1,0,0,0,0,0,0,进口,千克,usd,corn,2022,4,2,2022q2,2.445963675839393,-1.367862852485819,1.304091099604467,2.671953952090286,-2.298727454501082,4.522799188554964
4406,2020,2020-06,北京市,corn,10051000,种用玉米,德国,其他,58,5,11.6,1,0,0,0,0,0,0,进口,千克,usd,corn,2020,6,2,2020q2,2.451005098112319,-1.367862852485819,1.304091099604467,2.671953952090286,-2.298727454501082,4.522799188554964
2845,2021,2021-03,黑龙江省,corn,10051000,种用玉米,德国,一般贸易,595093,50011,11.89924216672332,1,0,0,0,0,0,0,进口,千克,usd,corn,2021,3,1,2021q1,2.476474714620977,-1.367862852485819,1.304091099604467,2.671953952090286,-2.298727454501082,4.522799188554964
3879,2021,2021-05,黑龙江省,corn,10051000,种用玉米,德国,一般贸易,550,46,11.95652173913044,1,0,0,0,0,0,0,进口,千克,usd,corn,2021,5,2,2021q2,2.481276881737422,-1.367862852485819,1.304091099604467,2.671953952090286,-2.298727454501082,4.522799188554964
3758,2021,2021-05,黑龙江省,corn,10051000,种用玉米,德国,一般贸易,550,46,11.95652173913044,1,0,0,0,0,0,0,进口,千克,usd,corn,2021,5,2,2021q2,2.481276881737422,-1.367862852485819,1.304091099604467,2.671953952090286,-2.298727454501082,4.522799188554964
4239,2020,2020-04,黑龙江省,corn,10051000,种用玉米,法国,其他,755,63,11.98412698412698,1,0,0,0,0,0,0,进口,千克,usd,corn,2020,4,2,2020q2,2.483583022857492,-1.367862852485819,1.304091099604467,2.671953952090286,-2.298727454501082,4.522799188554964
7095,2017,2017-01,北京市,corn,10051000,种用玉米,法国,其他,85,7,12.14285714285714,1,0,0,0,0,0,0,进口,千克,usd,corn,2017,1,1,2017q1,2.496741107435003,-1.367862852485819,1.304091099604467,2.671953952090286,-2.298727454501082,4.522799188554964
7163,2017,2017-03,上海市,corn,10051000,种用玉米,日本,其他,122,10,12.2,1,0,0,0,0,0,0,进口,千克,usd,corn,2017,3,1,2017q1,2.501435951739211,-1.367862852485819,1.304091099604467,2.671953952090286,-2.298727454501082,4.522799188554964
7175,2017,2017-03,上海市,corn,10051000,种用玉米,智利,其他,61,5,12.2,1,0,0,0,0,0,0,进口,千克,usd,corn,2017,3,1,2017q1,2.501435951739211,-1.367862852485819,1.304091099604467,2.671953952090286,-2.298727454501082,4.522799188554964
1119,2023,2023-06,北京市,corn,10051000,种用玉米,阿根廷,一般贸易,6108,500,12.216,1,0,0,0,0,0,0,进口,千克,usd,corn,2023,6,2,2023q2,2.502746567916331,-1.367862852485819,1.304091099604467,2.671953952090286,-2.298727454501082,4.522799188554964
4643,2020,2020-03,安徽省,corn,10051000,种用玉米,巴西,其他,2915,238,12.24789915966386,1,0,0,0,0,0,0,进口,千克,usd,corn,2020,3,1,2020q1,2.505354425113118,-1.367862852485819,1.304091099604467,2.671953952090286,-2.298727454501082,4.522799188554964
6331,2018,2018-08,北京市,corn,10051000,种用玉米,法国,一般贸易,2651,215,12.33023255813954,1,0,0,0,0,0,0,进口,千克,usd,corn,2018,8,3,2018q3,2.512054178161363,-1.367862852485819,1.304091099604467,2.671953952090286,-2.298727454501082,4.522799188554964
5409,2019,2019-04,湖北省,corn,10051000,种用玉米,法国,其他,1511,122,12.38524590163934,1,0,0,0,0,0,0,进口,千克,usd,corn,2019,4,2,2019q2,2.516505917539483,-1.367862852485819,1.304091099604467,2.671953952090286,-2.298727454501082,4.522799188554964
4937,2019,2019-09,北京市,corn,10051000,种用玉米,菲律宾,其他,112,9,12.44444444444444,1,0,0,0,0,0,0,进口,千克,usd,corn,2019,9,3,2019q3,2.521274293958875,-1.367862852485819,1.304091099604467,2.671953952090286,-2.298727454501082,4.522799188554964
5158,2019,2019-01,山东省,corn,10051000,种用玉米,印度,一般贸易,1831,147,12.45578231292517,1,0,0,0,0,0,0,进口,千克,usd,corn,2019,1,1,2019q1,2.522184957895774,-1.367862852485819,1.304091099604467,2.671953952090286,-2.298727454501082,4.522799188554964
5220,2019,2019-05,山东省,corn,10051000,种用玉米,法国,一般贸易,399,32,12.46875,1,0,0,0,0,0,0,进口,千克,usd,corn,2019,5,2,2019q2,2.523225514090137,-1.367862852485819,1.304091099604467,2.671953952090286,-2.298727454501082,4.522799188554964
5415,2019,2019-04,山东省,corn,10051000,种用玉米,智利,一般贸易,2486,199,12.49246231155779,1,0,0,0,0,0,0,进口,千克,usd,corn,2019,4,2,2019q2,2.525125447346164,-1.367862852485819,1.304091099604467,2.671953952090286,-2.298727454501082,4.522799188554964
5052,2019,2019-03,山东省,corn,10051000,种用玉米,智利,一般贸易,7022,562,12.49466192170818,1,0,0,0,0,0,0,进口,千克,usd,corn,2019,3,1,2019q1,2.525301506834686,-1.367862852485819,1.304091099604467,2.671953952090286,-2.298727454501082,4.522799188554964
5465,2019,2019-12,北京市,corn,10051000,种用玉米,菲律宾,其他,113,9,12.55555555555556,1,0,0,0,0,0,0,进口,千克,usd,corn,2019,12,4,2019q4,2.530163241376121,-1.367862852485819,1.304091099604467,2.671953952090286,-2.298727454501082,4.522799188554964
5225,2019,2019-05,安徽省,corn,10051000,种用玉米,智利,其他,427,34,12.55882352941176,1,0,0,0,0,0,0,进口,千克,usd,corn,2019,5,2,2019q2,2.530423488612463,-1.367862852485819,1.304091099604467,2.671953952090286,-2.298727454501082,4.522799188554964
2155,2022,2022-04,北京市,corn,10051000,种用玉米,阿根廷,其他,2967,235,12.62553191489362,1,0,0,0,0,0,0,进口,千克,usd,corn,2022,4,2,2022q2,2.535721106146663,-1.367862852485819,1.304091099604467,2.671953952090286,-2.298727454501082,4.522799188554964
4243,2020,2020-04,山东省,corn,10051000,种用玉米,智利,一般贸易,10294,813,12.66174661746618,1,0,0,0,0,0,0,进口,千克,usd,corn,2020,4,2,2020q2,2.538585370664889,-1.367862852485819,1.304091099604467,2.671953952090286,-2.298727454501082,4.522799188554964
4634,2020,2020-03,山东省,corn,10051000,种用玉米,印度,一般贸易,3711,293,12.66552901023891,1,0,0,0,0,0,0,进口,千克,usd,corn,2020,3,1,2020q1,2.53888405204353,-1.367862852485819,1.304091099604467,2.671953952090286,-2.298727454501082,4.522799188554964
4410,2020,2020-06,山东省,corn,10051000,种用玉米,澳大利亚,一般贸易,51,4,12.75,1,0,0,0,0,0,0,进口,千克,usd,corn,2020,6,2,2020q2,2.545531271604435,-1.367862852485819,1.304091099604467,2.671953952090286,-2.298727454501082,4.522799188554964
5785,2018,2018-03,北京市,corn,10051000,种用玉米,法国,一般贸易,249678,19422,12.85542168674699,1,0,0,0,0,0,0,进口,千克,usd,corn,2018,3,1,2018q1,2.553765643505155,-1.367862852485819,1.304091099604467,2.671953952090286,-2.298727454501082,4.522799188554964
864,2023,2023-04,山东省,corn,10051000,种用玉米,智利,其他,1095,85,12.88235294117647,1,0,0,0,0,0,0,进口,千克,usd,corn,2023,4,2,2023q2,2.555858385760285,-1.367862852485819,1.304091099604467,2.671953952090286,-2.298727454501082,4.522799188554964
2152,2022,2022-04,黑龙江省,corn,10051000,种用玉米,法国,一般贸易,208883,16205,12.89003394014193,1,0,0,0,0,0,0,进口,千克,usd,corn,2022,4,2,2022q2,2.556454450007516,-1.367862852485819,1.304091099604467,2.671953952090286,-2.298727454501082,4.522799188554964
2032,2022,2022-03,山东省,corn,10051000,种用玉米,印度,一般贸易,2024,156,12.97435897435897,1,0,0,0,0,0,0,进口,千克,usd,corn,2022,3,1,2022q1,2.562975023157819,-1.367862852485819,1.304091099604467,2.671953952090286,-2.298727454501082,4.522799188554964
2583,2022,2022-09,北京市,corn,10051000,种用玉米,菲律宾,其他,701,54,12.98148148148148,1,0,0,0,0,0,0,进口,千克,usd,corn,2022,9,3,2022q3,2.563523840470316,-1.367862852485819,1.304091099604467,2.671953952090286,-2.298727454501082,4.522799188554964
989,2023,2023-05,山东省,corn,10051000,种用玉米,智利,其他,727,56,12.98214285714286,1,0,0,0,0,0,0,进口,千克,usd,corn,2023,5,2,2023q2,2.56357478679837,-1.367862852485819,1.304091099604467,2.671953952090286,-2.298727454501082,4.522799188554964
4867,2020,2020-05,山东省,corn,10051000,种用玉米,智利,一般贸易,2681,206,13.01456310679612,1,0,0,0,0,0,0,进口,千克,usd,corn,2020,5,2,2020q2,2.566068969446378,-1.367862852485819,1.304091099604467,2.671953952090286,-2.298727454501082,4.522799188554964
3986,2020,2020-05,山东省,corn,10051000,种用玉米,智利,一般贸易,2681,206,13.01456310679612,1,0,0,0,0,0,0,进口,千克,usd,corn,2020,5,2,2020q2,2.566068969446378,-1.367862852485819,1.304091099604467,2.671953952090286,-2.298727454501082,4.522799188554964
3153,2021,2021-08,北京市,corn,10051000,种用玉米,智利,其他,1084,83,13.06024096385542,1,0,0,0,0,0,0,进口,千克,usd,corn,2021,8,3,2021q3,2.569572574202994,-1.367862852485819,1.304091099604467,2.671953952090286,-2.298727454501082,4.522799188554964
3152,2021,2021-08,北京市,corn,10051000,种用玉米,菲律宾,其他,733,56,13.08928571428571,1,0,0,0,0,0,0,进口,千克,usd,corn,2021,8,3,2021q3,2.571794011151502,-1.367862852485819,1.304091099604467,2.671953952090286,-2.298727454501082,4.522799188554964
5402,2019,2019-04,辽宁省,corn,10051000,种用玉米,韩国,海关特殊监管区域物流货物,2544,192,13.25,1,0,0,0,0,0,0,进口,千克,usd,corn,2019,4,2,2019q2,2.583997552432231,-1.367862852485819,1.304091099604467,2.671953952090286,-2.298727454501082,4.522799188554964
5416,2019,2019-04,北京市,corn,10051000,种用玉米,智利,其他,2787,210,13.27142857142857,1,0,0,0,0,0,0,进口,千克,usd,corn,2019,4,2,2019q2,2.58561349676448,-1.367862852485819,1.304091099604467,2.671953952090286,-2.298727454501082,4.522799188554964
4065,2020,2020-11,北京市,corn,10051000,种用玉米,秘鲁,其他,665,50,13.3,1,0,0,0,0,0,0,进口,千克,usd,corn,2020,11,4,2020q4,2.587764035227708,-1.367862852485819,1.304091099604467,2.671953952090286,-2.298727454501082,4.522799188554964
5472,2019,2019-12,北京市,corn,10051000,种用玉米,智利,其他,1068,80,13.35,1,0,0,0,0,0,0,进口,千克,usd,corn,2019,12,4,2019q4,2.591516384846258,-1.367862852485819,1.304091099604467,2.671953952090286,-2.298727454501082,4.522799188554964
6744,2017,2017-07,河南省,corn,10051000,种用玉米,德国,一般贸易,134,10,13.4,1,0,0,0,0,0,0,进口,千克,usd,corn,2017,7,3,2017q3,2.595254706956866,-1.367862852485819,1.304091099604467,2.671953952090286,-2.298727454501082,4.522799188554964
4151,2020,2020-10,北京市,corn,10051000,种用玉米,菲律宾,其他,121,9,13.44444444444444,1,0,0,0,0,0,0,进口,千克,usd,corn,2020,10,4,2020q4,2.598565968260522,-1.367862852485819,1.304091099604467,2.671953952090286,-2.298727454501082,4.522799188554964
4404,2020,2020-06,北京市,corn,10051000,种用玉米,菲律宾,其他,202,15,13.46666666666667,1,0,0,0,0,0,0,进口,千克,usd,corn,2020,6,2,2020q2,2.600217496298995,-1.367862852485819,1.304091099604467,2.671953952090286,-2.298727454501082,4.522799188554964
988,2023,2023-05,北京市,corn,10051000,种用玉米,智利,其他,3836,283,13.5547703180212,1,0,0,0,0,0,0,进口,千克,usd,corn,2023,5,2,2023q2,2.606738538360091,-1.367862852485819,1.304091099604467,2.671953952090286,-2.298727454501082,4.522799188554964
212,2023,2023-11,北京市,corn,10051000,种用玉米,智利,一般贸易,5194,383,13.56135770234987,1,0,0,0,0,0,0,进口,千克,usd,corn,2023,11,4,2023q4,2.607224403042048,-1.367862852485819,1.304091099604467,2.671953952090286,-2.298727454501082,4.522799188554964
6071,2018,2018-04,山东省,corn,10051000,种用玉米,法国,一般贸易,246,18,13.66666666666667,1,0,0,0,0,0,0,进口,千克,usd,corn,2018,4,2,2018q2,2.614959778036198,-1.367862852485819,1.304091099604467,2.671953952090286,-2.298727454501082,4.522799188554964
7169,2017,2017-03,山东省,corn,10051000,种用玉米,法国,一般贸易,178,13,13.69230769230769,1,0,0,0,0,0,0,进口,千克,usd,corn,2017,3,1,2017q1,2.616834192830548,-1.367862852485819,1.304091099604467,2.671953952090286,-2.298727454501082,4.522799188554964
5046,2019,2019-03,黑龙江省,corn,10051000,种用玉米,法国,一般贸易,574426,41861,13.72222354936576,1,0,0,0,0,0,0,进口,千克,usd,corn,2019,3,1,2019q1,2.619016675446721,-1.367862852485819,1.304091099604467,2.671953952090286,-2.298727454501082,4.522799188554964
6966,2017,2017-04,新疆维吾尔自治区,corn,10051000,种用玉米,德国,其他,344,25,13.76,1,0,0,0,0,0,0,进口,千克,usd,corn,2017,4,2,2017q2,2.621765832505198,-1.367862852485819,1.304091099604467,2.671953952090286,-2.298727454501082,4.522799188554964
2047,2022,2022-03,北京市,corn,10051000,种用玉米,智利,其他,3667,263,13.94296577946768,1,0,0,0,0,0,0,进口,千克,usd,corn,2022,3,1,2022q1,2.634975135893562,-1.367862852485819,1.304091099604467,2.671953952090286,-2.298727454501082,4.522799188554964
5792,2018,2018-03,山东省,corn,10051000,种用玉米,智利,一般贸易,2052,147,13.95918367346939,1,0,0,0,0,0,0,进口,千克,usd,corn,2018,3,1,2018q1,2.636137619511924,-1.367862852485819,1.304091099604467,2.671953952090286,-2.298727454501082,4.522799188554964
7227,2017,2017-02,山东省,corn,10051000,种用玉米,印度,一般贸易,5593,400,13.9825,1,0,0,0,0,0,0,进口,千克,usd,corn,2017,2,1,2017q1,2.637806547713606,-1.367862852485819,1.304091099604467,2.671953952090286,-2.298727454501082,4.522799188554964
1855,2022,2022-01,黑龙江省,corn,10051000,种用玉米,法国,一般贸易,1292286,92406,13.98487111226544,1,0,0,0,0,0,0,进口,千克,usd,corn,2022,1,1,2022q1,2.637976110470263,-1.367862852485819,1.304091099604467,2.671953952090286,-2.298727454501082,4.522799188554964
2849,2021,2021-03,黑龙江省,corn,10051000,种用玉米,法国,一般贸易,758159,54167,13.99669540495136,1,0,0,0,0,0,0,进口,千克,usd,corn,2021,3,1,2021q1,2.638821259249368,-1.367862852485819,1.304091099604467,2.671953952090286,-2.298727454501082,4.522799188554964
5587,2019,2019-07,广东省,corn,10051000,种用玉米,印度尼西亚,一般贸易,70,5,14,1,0,0,0,0,0,0,进口,千克,usd,corn,2019,7,3,2019q3,2.639057329615258,-1.367862852485819,1.304091099604467,2.671953952090286,-2.298727454501082,4.522799188554964
5852,2018,2018-07,山东省,corn,10051000,种用玉米,印度尼西亚,一般贸易,98,7,14,1,0,0,0,0,0,0,进口,千克,usd,corn,2018,7,3,2018q3,2.639057329615258,-1.367862852485819,1.304091099604467,2.671953952090286,-2.298727454501082,4.522799188554964
7174,2017,2017-03,山东省,corn,10051000,种用玉米,智利,一般贸易,2327,166,14.01807228915663,1,0,0,0,0,0,0,进口,千克,usd,corn,2017,3,1,2017q1,2.640347374945748,-1.367862852485819,1.304091099604467,2.671953952090286,-2.298727454501082,4.522799188554964
6884,2017,2017-05,山东省,corn,10051000,种用玉米,印度,一般贸易,1193,85,14.03529411764706,1,0,0,0,0,0,0,进口,千克,usd,corn,2017,5,2,2017q2,2.6415751656076,-1.367862852485819,1.304091099604467,2.671953952090286,-2.298727454501082,4.522799188554964
1939,2022,2022-02,北京市,corn,10051000,种用玉米,智利,其他,2562,182,14.07692307692308,1,0,0,0,0,0,0,进口,千克,usd,corn,2022,2,1,2022q1,2.644536795379884,-1.367862852485819,1.304091099604467,2.671953952090286,-2.298727454501082,4.522799188554964
3242,2021,2021-09,北京市,corn,10051000,种用玉米,菲律宾,其他,258,18,14.33333333333333,1,0,0,0,0,0,0,进口,千克,usd,corn,2021,9,3,2021q3,2.662587827025453,-1.367862852485819,1.304091099604467,2.671953952090286,-2.298727454501082,4.522799188554964
5346,2019,2019-10,北京市,corn,10051000,种用玉米,智利,一般贸易,441879,30760,14.36537711313394,1,0,0,0,0,0,0,进口,千克,usd,corn,2019,10,4,2019q4,2.664820944306227,-1.367862852485819,1.304091099604467,2.671953952090286,-2.298727454501082,4.522799188554964
1231,2023,2023-07,北京市,corn,10051000,种用玉米,法国,其他,841,58,14.5,1,0,0,0,0,0,0,进口,千克,usd,corn,2023,7,3,2023q3,2.674148649426529,-1.367862852485819,1.304091099604467,2.671953952090286,-2.298727454501082,4.522799188554964
3078,2021,2021-07,安徽省,corn,10051000,种用玉米,巴西,一般贸易,943,64,14.734375,1,0,0,0,0,0,0,进口,千克,usd,corn,2021,7,3,2021q3,2.690183199273786,-1.367862852485819,1.304091099604467,2.671953952090286,-2.298727454501082,4.522799188554964
7230,2017,2017-02,黑龙江省,corn,10051000,种用玉米,法国,一般贸易,204203,13800,14.79731884057971,1,0,0,0,0,0,0,进口,千克,usd,corn,2017,2,1,2017q1,2.69444600493843,-1.367862852485819,1.304091099604467,2.671953952090286,-2.298727454501082,4.522799188554964
5786,2018,2018-03,黑龙江省,corn,10051000,种用玉米,法国,一般贸易,530030,35374,14.98360377678521,1,0,0,0,0,0,0,进口,千克,usd,corn,2018,3,1,2018q1,2.706956521705217,-1.367862852485819,1.304091099604467,2.671953952090286,-2.298727454501082,4.522799188554964
1854,2022,2022-01,甘肃省,corn,10051000,种用玉米,韩国,其他,2100,140,15,1,0,0,0,0,0,0,进口,千克,usd,corn,2022,1,1,2022q1,2.70805020110221,-1.367862852485819,1.304091099604467,2.671953952090286,-2.298727454501082,4.522799188554964
1539,2022,2022-10,北京市,corn,10051000,种用玉米,法国,其他,496,33,15.03030303030303,1,0,0,0,0,0,0,进口,千克,usd,corn,2022,10,4,2022q4,2.710068365258447,-1.367862852485819,1.304091099604467,2.671953952090286,-2.298727454501082,4.522799188554964
4640,2020,2020-03,黑龙江省,corn,10051000,种用玉米,法国,一般贸易,539200,35786,15.06734477169843,1,0,0,0,0,0,0,进口,千克,usd,corn,2020,3,1,2020q1,2.712529804128427,-1.367862852485819,1.304091099604467,2.671953952090286,-2.298727454501082,4.522799188554964
4554,2020,2020-02,北京市,corn,10051000,种用玉米,法国,其他,2193,145,15.12413793103448,1,0,0,0,0,0,0,进口,千克,usd,corn,2020,2,1,2020q1,2.716292005997314,-1.367862852485819,1.304091099604467,2.671953952090286,-2.298727454501082,4.522799188554964
3634,2021,2021-04,北京市,corn,10051000,种用玉米,法国,一般贸易,960818,63407,15.15318497957639,1,0,0,0,0,0,0,进口,千克,usd,corn,2021,4,2,2021q2,2.718210739535226,-1.367862852485819,1.304091099604467,2.671953952090286,-2.298727454501082,4.522799188554964
1541,2022,2022-10,北京市,corn,10051000,种用玉米,智利,其他,701,46,15.23913043478261,1,0,0,0,0,0,0,进口,千克,usd,corn,2022,10,4,2022q4,2.723866490545495,-1.367862852485819,1.304091099604467,2.671953952090286,-2.298727454501082,4.522799188554964
5161,2019,2019-01,上海市,corn,10051000,种用玉米,智利,其他,1530,100,15.3,1,0,0,0,0,0,0,进口,千克,usd,corn,2019,1,1,2019q1,2.72785282839839,-1.367862852485819,1.304091099604467,2.671953952090286,-2.298727454501082,4.522799188554964
4064,2020,2020-11,北京市,corn,10051000,种用玉米,匈牙利,其他,772,50,15.44,1,0,0,0,0,0,0,进口,千克,usd,corn,2020,11,4,2020q4,2.73696154459663,-1.367862852485819,1.304091099604467,2.671953952090286,-2.298727454501082,4.522799188554964
1537,2022,2022-10,山东省,corn,10051000,种用玉米,印度,其他,139,9,15.44444444444444,1,0,0,0,0,0,0,进口,千克,usd,corn,2022,10,4,2022q4,2.737249355794472,-1.367862852485819,1.304091099604467,2.671953952090286,-2.298727454501082,4.522799188554964
6404,2018,2018-09,安徽省,corn,10051000,种用玉米,巴西,其他,202,13,15.53846153846154,1,0,0,0,0,0,0,进口,千克,usd,corn,2018,9,3,2018q3,2.743318339939668,-1.367862852485819,1.304091099604467,2.671953952090286,-2.298727454501082,4.522799188554964
4646,2020,2020-03,北京市,corn,10051000,种用玉米,智利,其他,622,40,15.55,1,0,0,0,0,0,0,进口,千克,usd,corn,2020,3,1,2020q1,2.744060638625243,-1.367862852485819,1.304091099604467,2.671953952090286,-2.298727454501082,4.522799188554964
2347,2022,2022-06,北京市,corn,10051000,种用玉米,菲律宾,其他,623,40,15.575,1,0,0,0,0,0,0,进口,千克,usd,corn,2022,6,2,2022q2,2.745667064673517,-1.367862852485819,1.304091099604467,2.671953952090286,-2.298727454501082,4.522799188554964
6595,2017,2017-06,北京市,corn,10051000,种用玉米,智利,其他,861,55,15.65454545454545,1,0,0,0,0,0,0,进口,千克,usd,corn,2017,6,2,2017q2,2.75076131919526,-1.367862852485819,1.304091099604467,2.671953952090286,-2.298727454501082,4.522799188554964
5218,2019,2019-05,内蒙古自治区,corn,10051000,种用玉米,德国,一般贸易,141,9,15.66666666666667,1,0,0,0,0,0,0,进口,千克,usd,corn,2019,5,2,2019q2,2.751535313041949,-1.367862852485819,1.304091099604467,2.671953952090286,-2.298727454501082,4.522799188554964
6975,2017,2017-04,北京市,corn,10051000,种用玉米,智利,其他,1774,112,15.83928571428571,1,0,0,0,0,0,0,进口,千克,usd,corn,2017,4,2,2017q2,2.76249329157443,-1.367862852485819,1.304091099604467,2.671953952090286,-2.298727454501082,4.522799188554964
3628,2021,2021-04,北京市,corn,10051000,种用玉米,菲律宾,其他,175,11,15.90909090909091,1,0,0,0,0,0,0,进口,千克,usd,corn,2021,4,2,2021q2,2.766890701125143,-1.367862852485819,1.304091099604467,2.671953952090286,-2.298727454501082,4.522799188554964
363,2023,2023-12,湖南省,corn,10051000,种用玉米,巴西,一般贸易,646,40,16.15,1,0,0,0,0,0,0,进口,千克,usd,corn,2023,12,4,2023q4,2.781920049668666,-1.367862852485819,1.304091099604467,2.671953952090286,-2.298727454501082,4.522799188554964
2418,2022,2022-07,北京市,corn,10051000,种用玉米,阿根廷,一般贸易,3909,242,16.15289256198347,1,0,0,0,0,0,0,进口,千克,usd,corn,2022,7,3,2022q3,2.782099139636268,-1.367862852485819,1.304091099604467,2.671953952090286,-2.298727454501082,4.522799188554964
5647,2018,2018-01,北京市,corn,10051000,种用玉米,印度,其他,81,5,16.2,1,0,0,0,0,0,0,进口,千克,usd,corn,2018,1,1,2018q1,2.785011242238338,-1.367862852485819,1.304091099604467,2.671953952090286,-2.298727454501082,4.522799188554964
4791,2020,2020-08,北京市,corn,10051000,种用玉米,巴西,其他,1080,66,16.36363636363636,1,0,0,0,0,0,0,进口,千克,usd,corn,2020,8,3,2020q3,2.79506157809184,-1.367862852485819,1.304091099604467,2.671953952090286,-2.298727454501082,4.522799188554964
2842,2021,2021-03,北京市,corn,10051000,种用玉米,菲律宾,其他,99,6,16.5,1,0,0,0,0,0,0,进口,千克,usd,corn,2021,3,1,2021q1,2.803360380906535,-1.367862852485819,1.304091099604467,2.671953952090286,-2.298727454501082,4.522799188554964
3077,2021,2021-07,北京市,corn,10051000,种用玉米,法国,其他,300,18,16.66666666666667,1,0,0,0,0,0,0,进口,千克,usd,corn,2021,7,3,2021q3,2.813410716760036,-1.367862852485819,1.304091099604467,2.671953952090286,-2.298727454501082,4.522799188554964
5536,2019,2019-06,北京市,corn,10051000,种用玉米,智利,其他,334,20,16.7,1,0,0,0,0,0,0,进口,千克,usd,corn,2019,6,2,2019q2,2.81540871942271,-1.367862852485819,1.304091099604467,2.671953952090286,-2.298727454501082,4.522799188554964
2349,2022,2022-06,黑龙江省,corn,10051000,种用玉米,阿根廷,其他,752,45,16.71111111111111,1,0,0,0,0,0,0,进口,千克,usd,corn,2022,6,2,2022q2,2.81607383417952,-1.367862852485819,1.304091099604467,2.671953952090286,-2.298727454501082,4.522799188554964
477,2023,2023-01,黑龙江省,corn,10051000,种用玉米,法国,一般贸易,1981613,117918,16.80500856527417,1,0,0,0,0,0,0,进口,千克,usd,corn,2023,1,1,2023q1,2.821676970862995,-1.367862852485819,1.304091099604467,2.671953952090286,-2.298727454501082,4.522799188554964
478,2023,2023-01,湖南省,corn,10051000,种用玉米,巴西,一般贸易,513,30,17.1,1,0,0,0,0,0,0,进口,千克,usd,corn,2023,1,1,2023q1,2.839078463508614,-1.367862852485819,1.304091099604467,2.671953952090286,-2.298727454501082,4.522799188554964
5928,2018,2018-06,北京市,corn,10051000,种用玉米,法国,其他,652,38,17.15789473684211,1,0,0,0,0,0,0,进口,千克,usd,corn,2018,6,2,2018q2,2.842458402200267,-1.367862852485819,1.304091099604467,2.671953952090286,-2.298727454501082,4.522799188554964
5051,2019,2019-03,北京市,corn,10051000,种用玉米,智利,一般贸易,308899,17970,17.18970506399555,1,0,0,0,0,0,0,进口,千克,usd,corn,2019,3,1,2019q1,2.844310661830206,-1.367862852485819,1.304091099604467,2.671953952090286,-2.298727454501082,4.522799188554964
7167,2017,2017-03,北京市,corn,10051000,种用玉米,法国,一般贸易,115580,6638,17.41187104549563,1,0,0,0,0,0,0,进口,千克,usd,corn,2017,3,1,2017q1,2.857152217591849,-1.367862852485819,1.304091099604467,2.671953952090286,-2.298727454501082,4.522799188554964
6185,2018,2018-11,黑龙江省,corn,10051000,种用玉米,法国,一般贸易,385,22,17.5,1,0,0,0,0,0,0,进口,千克,usd,corn,2018,11,4,2018q4,2.862200880929469,-1.367862852485819,1.304091099604467,2.671953952090286,-2.298727454501082,4.522799188554964
6143,2018,2018-10,辽宁省,corn,10051000,种用玉米,韩国,海关特殊监管区域物流货物,7121,405,17.58271604938271,1,0,0,0,0,0,0,进口,千克,usd,corn,2018,10,4,2018q4,2.866916376875586,-1.367862852485819,1.304091099604467,2.671953952090286,-2.298727454501082,4.522799188554964
5790,2018,2018-03,北京市,corn,10051000,种用玉米,智利,一般贸易,111768,6330,17.65687203791469,1,0,0,0,0,0,0,进口,千克,usd,corn,2018,3,1,2018q1,2.871125058192101,-1.367862852485819,1.304091099604467,2.671953952090286,-2.298727454501082,4.522799188554964
6892,2017,2017-05,北京市,corn,10051000,种用玉米,智利,其他,2022,114,17.73684210526316,1,0,0,0,0,0,0,进口,千克,usd,corn,2017,5,2,2017q2,2.875643951185921,-1.367862852485819,1.304091099604467,2.671953952090286,-2.298727454501082,4.522799188554964
2154,2022,2022-04,甘肃省,corn,10051000,种用玉米,阿根廷,一般贸易,888,50,17.76,1,0,0,0,0,0,0,进口,千克,usd,corn,2022,4,2,2022q2,2.876948737564024,-1.367862852485819,1.304091099604467,2.671953952090286,-2.298727454501082,4.522799188554964
855,2023,2023-04,新疆维吾尔自治区,corn,10051000,种用玉米,德国,一般贸易,5344,299,17.87290969899665,1,0,0,0,0,0,0,进口,千克,usd,corn,2023,4,2,2023q2,2.883286141825795,-1.367862852485819,1.304091099604467,2.671953952090286,-2.298727454501082,4.522799188554964
4859,2020,2020-05,北京市,corn,10051000,种用玉米,马来西亚,一般贸易,4928,275,17.92,1,0,0,0,0,0,0,进口,千克,usd,corn,2020,5,2,2020q2,2.885917407546784,-1.367862852485819,1.304091099604467,2.671953952090286,-2.298727454501082,4.522799188554964
3978,2020,2020-05,北京市,corn,10051000,种用玉米,马来西亚,一般贸易,4928,275,17.92,1,0,0,0,0,0,0,进口,千克,usd,corn,2020,5,2,2020q2,2.885917407546784,-1.367862852485819,1.304091099604467,2.671953952090286,-2.298727454501082,4.522799188554964
7173,2017,2017-03,北京市,corn,10051000,种用玉米,智利,一般贸易,103994,5750,18.08591304347826,1,0,0,0,0,0,0,进口,千克,usd,corn,2017,3,1,2017q1,2.895133350360156,-1.367862852485819,1.304091099604467,2.671953952090286,-2.298727454501082,4.522799188554964
1628,2022,2022-11,广东省,corn,10051000,种用玉米,印度,一般贸易,34090,1840,18.52717391304348,1,0,0,0,0,0,0,进口,千克,usd,corn,2022,11,4,2022q4,2.919238514528917,-1.367862852485819,1.304091099604467,2.671953952090286,-2.298727454501082,4.522799188554964
4407,2020,2020-06,北京市,corn,10051000,种用玉米,法国,其他,56,3,18.66666666666667,1,0,0,0,0,0,0,进口,千克,usd,corn,2020,6,2,2020q2,2.92673940206704,-1.367862852485819,1.304091099604467,2.671953952090286,-2.298727454501082,4.522799188554964
1232,2023,2023-07,北京市,corn,10051000,种用玉米,智利,其他,2247,119,18.88235294117647,1,0,0,0,0,0,0,进口,千克,usd,corn,2023,7,3,2023q3,2.9382277790738,-1.367862852485819,1.304091099604467,2.671953952090286,-2.298727454501082,4.522799188554964
6456,2017,2017-09,北京市,corn,10051000,种用玉米,菲律宾,其他,341,18,18.94444444444444,1,0,0,0,0,0,0,进口,千克,usd,corn,2017,9,3,2017q3,2.941510719387352,-1.367862852485819,1.304091099604467,2.671953952090286,-2.298727454501082,4.522799188554964
5855,2018,2018-07,北京市,corn,10051000,种用玉米,巴西,其他,896,47,19.06382978723404,1,0,0,0,0,0,0,进口,千克,usd,corn,2018,7,3,2018q3,2.947792811264872,-1.367862852485819,1.304091099604467,2.671953952090286,-2.298727454501082,4.522799188554964
5929,2018,2018-06,北京市,corn,10051000,种用玉米,智利,其他,712,37,19.24324324324324,1,0,0,0,0,0,0,进口,千克,usd,corn,2018,6,2,2018q2,2.957159998767751,-1.367862852485819,1.304091099604467,2.671953952090286,-2.298727454501082,4.522799188554964
5856,2018,2018-07,北京市,corn,10051000,种用玉米,澳大利亚,其他,98,5,19.6,1,0,0,0,0,0,0,进口,千克,usd,corn,2018,7,3,2018q3,2.975529566236472,-1.367862852485819,1.304091099604467,2.671953952090286,-2.298727454501082,4.522799188554964
2673,2021,2021-01,北京市,corn,10051000,种用玉米,法国,其他,98,5,19.6,1,0,0,0,0,0,0,进口,千克,usd,corn,2021,1,1,2021q1,2.975529566236472,-1.367862852485819,1.304091099604467,2.671953952090286,-2.298727454501082,4.522799188554964
6186,2018,2018-11,北京市,corn,10051000,种用玉米,智利,其他,455,23,19.78260869565218,1,0,0,0,0,0,0,进口,千克,usd,corn,2018,11,4,2018q4,2.984803203021801,-1.367862852485819,1.304091099604467,2.671953952090286,-2.298727454501082,4.522799188554964
4476,2020,2020-07,上海市,corn,10051000,种用玉米,智利,一般贸易,100,5,20,1,0,0,0,0,0,0,进口,千克,usd,corn,2020,7,3,2020q3,2.995732273553991,-1.367862852485819,1.304091099604467,2.671953952090286,-2.298727454501082,4.522799188554964
2502,2022,2022-08,上海市,corn,10051000,种用玉米,阿根廷,其他,60,3,20,1,0,0,0,0,0,0,进口,千克,usd,corn,2022,8,3,2022q3,2.995732273553991,-1.367862852485819,1.304091099604467,2.671953952090286,-2.298727454501082,4.522799188554964
4789,2020,2020-08,北京市,corn,10051000,种用玉米,印度,其他,1043,52,20.05769230769231,1,0,0,0,0,0,0,进口,千克,usd,corn,2020,8,3,2020q3,2.998612736419345,-1.367862852485819,1.304091099604467,2.671953952090286,-2.298727454501082,4.522799188554964
4402,2020,2020-06,北京市,corn,10051000,种用玉米,马来西亚,一般贸易,8202,405,20.25185185185185,1,0,0,0,0,0,0,进口,千克,usd,corn,2020,6,2,2020q2,3.008246238845465,-1.367862852485819,1.304091099604467,2.671953952090286,-2.298727454501082,4.522799188554964
5219,2019,2019-05,北京市,corn,10051000,种用玉米,法国,一般贸易,205,10,20.5,1,0,0,0,0,0,0,进口,千克,usd,corn,2019,5,2,2019q2,3.020424886144363,-1.367862852485819,1.304091099604467,2.671953952090286,-2.298727454501082,4.522799188554964
5927,2018,2018-06,北京市,corn,10051000,种用玉米,马来西亚,一般贸易,4944,240,20.6,1,0,0,0,0,0,0,进口,千克,usd,corn,2018,6,2,2018q2,3.025291075795535,-1.367862852485819,1.304091099604467,2.671953952090286,-2.298727454501082,4.522799188554964
4552,2020,2020-02,北京市,corn,10051000,种用玉米,法国,一般贸易,355703,17120,20.77704439252336,1,0,0,0,0,0,0,进口,千克,usd,corn,2020,2,1,2020q1,3.033848742278904,-1.367862852485819,1.304091099604467,2.671953952090286,-2.298727454501082,4.522799188554964
7171,2017,2017-03,北京市,corn,10051000,种用玉米,希腊,一般贸易,1046,50,20.92,1,0,0,0,0,0,0,进口,千克,usd,corn,2017,3,1,2017q1,3.040705639196722,-1.367862852485819,1.304091099604467,2.671953952090286,-2.298727454501082,4.522799188554964
1634,2022,2022-11,北京市,corn,10051000,种用玉米,秘鲁,其他,10587,506,20.92292490118577,1,0,0,0,0,0,0,进口,千克,usd,corn,2022,11,4,2022q4,3.040845443055914,-1.367862852485819,1.304091099604467,2.671953952090286,-2.298727454501082,4.522799188554964
725,2023,2023-03,北京市,corn,10051000,种用玉米,印度尼西亚,其他,889,41,21.68292682926829,1,0,0,0,0,0,0,进口,千克,usd,corn,2023,3,1,2023q1,3.076525168809597,-1.367862852485819,1.304091099604467,2.671953952090286,-2.298727454501082,4.522799188554964
985,2023,2023-05,北京市,corn,10051000,种用玉米,法国,一般贸易,1731,79,21.91139240506329,1,0,0,0,0,0,0,进口,千克,usd,corn,2023,5,2,2023q2,3.087006702709188,-1.367862852485819,1.304091099604467,2.671953952090286,-2.298727454501082,4.522799188554964
362,2023,2023-12,北京市,corn,10051000,种用玉米,法国,其他,1225,54,22.68518518518519,1,0,0,0,0,0,0,进口,千克,usd,corn,2023,12,4,2023q4,3.121712076414553,-1.367862852485819,1.304091099604467,2.671953952090286,-2.298727454501082,4.522799188554964
4318,2020,2020-12,北京市,corn,10051000,种用玉米,法国,其他,705,31,22.74193548387097,1,0,0,0,0,0,0,进口,千克,usd,corn,2020,12,4,2020q4,3.124210598327122,-1.367862852485819,1.304091099604467,2.671953952090286,-2.298727454501082,4.522799188554964
2263,2022,2022-05,黑龙江省,corn,10051000,种用玉米,秘鲁,其他,14305,624,22.92467948717949,1,0,0,0,0,0,0,进口,千克,usd,corn,2022,5,2,2022q2,3.132214037114783,-1.367862852485819,1.304091099604467,2.671953952090286,-2.298727454501082,4.522799188554964
2147,2022,2022-04,北京市,corn,10051000,种用玉米,德国,一般贸易,27901,1202,23.21214642262895,1,0,0,0,0,0,0,进口,千克,usd,corn,2022,4,2,2022q2,3.144675694365891,-1.367862852485819,1.304091099604467,2.671953952090286,-2.298727454501082,4.522799188554964
4322,2020,2020-12,北京市,corn,10051000,种用玉米,智利,其他,2542,108,23.53703703703704,1,0,0,0,0,0,0,进口,千克,usd,corn,2020,12,4,2020q4,3.15857522462518,-1.367862852485819,1.304091099604467,2.671953952090286,-2.298727454501082,4.522799188554964
7232,2017,2017-02,山东省,corn,10051000,种用玉米,智利,一般贸易,331,14,23.64285714285714,1,0,0,0,0,0,0,进口,千克,usd,corn,2017,2,1,2017q1,3.163061045761804,-1.367862852485819,1.304091099604467,2.671953952090286,-2.298727454501082,4.522799188554964
2962,2021,2021-06,北京市,corn,10051000,种用玉米,马来西亚,一般贸易,4744,200,23.72,1,0,0,0,0,0,0,进口,千克,usd,corn,2021,6,2,2021q2,3.166318574129525,-1.367862852485819,1.304091099604467,2.671953952090286,-2.298727454501082,4.522799188554964
5853,2018,2018-07,北京市,corn,10051000,种用玉米,韩国,其他,265,11,24.09090909090909,1,0,0,0,0,0,0,进口,千克,usd,corn,2018,7,3,2018q3,3.181834553187852,-1.367862852485819,1.304091099604467,2.671953952090286,-2.298727454501082,4.522799188554964
6743,2017,2017-07,北京市,corn,10051000,种用玉米,德国,一般贸易,248,10,24.8,1,0,0,0,0,0,0,进口,千克,usd,corn,2017,7,3,2017q3,3.210843653170937,-1.367862852485819,1.304091099604467,2.671953952090286,-2.298727454501082,4.522799188554964
4712,2020,2020-09,黑龙江省,corn,10051000,种用玉米,乌克兰,一般贸易,374,15,24.93333333333333,1,0,0,0,0,0,0,进口,千克,usd,corn,2020,9,3,2020q3,3.216205596312322,-1.367862852485819,1.304091099604467,2.671953952090286,-2.298727454501082,4.522799188554964
3887,2021,2021-05,黑龙江省,corn,10051000,种用玉米,秘鲁,一般贸易,1073,43,24.95348837209302,1,0,0,0,0,0,0,进口,千克,usd,corn,2021,5,2,2021q2,3.217013626937136,-1.367862852485819,1.304091099604467,2.671953952090286,-2.298727454501082,4.522799188554964
3766,2021,2021-05,黑龙江省,corn,10051000,种用玉米,秘鲁,一般贸易,1073,43,24.95348837209302,1,0,0,0,0,0,0,进口,千克,usd,corn,2021,5,2,2021q2,3.217013626937136,-1.367862852485819,1.304091099604467,2.671953952090286,-2.298727454501082,4.522799188554964
2262,2022,2022-05,广东省,corn,10051000,种用玉米,智利,一般贸易,50,2,25,1,0,0,0,0,0,0,进口,千克,usd,corn,2022,5,2,2022q2,3.218875824868201,-1.367862852485819,1.304091099604467,2.671953952090286,-2.298727454501082,4.522799188554964
4320,2020,2020-12,北京市,corn,10051000,种用玉米,智利,一般贸易,43426,1734,25.04382929642445,1,0,0,0,0,0,0,进口,千克,usd,corn,2020,12,4,2020q4,3.22062746171323,-1.367862852485819,1.304091099604467,2.671953952090286,-2.298727454501082,4.522799188554964
6524,2017,2017-08,北京市,corn,10051000,种用玉米,智利,其他,376,15,25.06666666666667,1,0,0,0,0,0,0,进口,千克,usd,corn,2017,8,3,2017q3,3.221538942287685,-1.367862852485819,1.304091099604467,2.671953952090286,-2.298727454501082,4.522799188554964
984,2023,2023-05,黑龙江省,corn,10051000,种用玉米,德国,一般贸易,27395,1080,25.36574074074074,1,0,0,0,0,0,0,进口,千克,usd,corn,2023,5,2,2023q2,3.233399473854251,-1.367862852485819,1.304091099604467,2.671953952090286,-2.298727454501082,4.522799188554964
6078,2018,2018-04,安徽省,corn,10051000,种用玉米,智利,其他,914,36,25.38888888888889,1,0,0,0,0,0,0,进口,千克,usd,corn,2018,4,2,2018q2,3.23431163299804,-1.367862852485819,1.304091099604467,2.671953952090286,-2.298727454501082,4.522799188554964
2046,2022,2022-03,上海市,corn,10051000,种用玉米,智利,一般贸易,5084,200,25.42,1,0,0,0,0,0,0,进口,千克,usd,corn,2022,3,1,2022q1,3.235536265761308,-1.367862852485819,1.304091099604467,2.671953952090286,-2.298727454501082,4.522799188554964
6403,2018,2018-09,北京市,corn,10051000,种用玉米,菲律宾,其他,256,10,25.6,1,0,0,0,0,0,0,进口,千克,usd,corn,2018,9,3,2018q3,3.242592351485517,-1.367862852485819,1.304091099604467,2.671953952090286,-2.298727454501082,4.522799188554964
210,2023,2023-11,北京市,corn,10051000,种用玉米,菲律宾,其他,1409,55,25.61818181818182,1,0,0,0,0,0,0,进口,千克,usd,corn,2023,11,4,2023q4,3.243302326666209,-1.367862852485819,1.304091099604467,2.671953952090286,-2.298727454501082,4.522799188554964
2674,2021,2021-01,黑龙江省,corn,10051000,种用玉米,巴西,一般贸易,410,16,25.625,1,0,0,0,0,0,0,进口,千克,usd,corn,2021,1,1,2021q1,3.243568437458572,-1.367862852485819,1.304091099604467,2.671953952090286,-2.298727454501082,4.522799188554964
3507,2021,2021-12,北京市,corn,10051000,种用玉米,马来西亚,一般贸易,1300,50,26,1,0,0,0,0,0,0,进口,千克,usd,corn,2021,12,4,2021q4,3.258096538021482,-1.367862852485819,1.304091099604467,2.671953952090286,-2.298727454501082,4.522799188554964
4868,2020,2020-05,北京市,corn,10051000,种用玉米,智利,其他,312,12,26,1,0,0,0,0,0,0,进口,千克,usd,corn,2020,5,2,2020q2,3.258096538021482,-1.367862852485819,1.304091099604467,2.671953952090286,-2.298727454501082,4.522799188554964
3987,2020,2020-05,北京市,corn,10051000,种用玉米,智利,其他,312,12,26,1,0,0,0,0,0,0,进口,千克,usd,corn,2020,5,2,2020q2,3.258096538021482,-1.367862852485819,1.304091099604467,2.671953952090286,-2.298727454501082,4.522799188554964
853,2023,2023-04,北京市,corn,10051000,种用玉米,菲律宾,其他,773,29,26.6551724137931,1,0,0,0,0,0,0,进口,千克,usd,corn,2023,4,2,2023q2,3.282983218600948,-1.367862852485819,1.304091099604467,2.671953952090286,-2.298727454501082,4.522799188554964
6256,2018,2018-05,北京市,corn,10051000,种用玉米,智利,其他,412,15,27.46666666666667,1,0,0,0,0,0,0,进口,千克,usd,corn,2018,5,2,2018q2,3.312973148247316,-1.367862852485819,1.304091099604467,2.671953952090286,-2.298727454501082,4.522799188554964
4152,2020,2020-10,黑龙江省,corn,10051000,种用玉米,科特迪瓦,一般贸易,167,6,27.83333333333333,1,0,0,0,0,0,0,进口,千克,usd,corn,2020,10,4,2020q4,3.3262343431887,-1.367862852485819,1.304091099604467,2.671953952090286,-2.298727454501082,4.522799188554964
1336,2023,2023-08,北京市,corn,10051000,种用玉米,法国,其他,920,33,27.87878787878788,1,0,0,0,0,0,0,进口,千克,usd,corn,2023,8,3,2023q3,3.327866108576606,-1.367862852485819,1.304091099604467,2.671953952090286,-2.298727454501082,4.522799188554964
6076,2018,2018-04,北京市,corn,10051000,种用玉米,智利,一般贸易,93315,3334,27.98890221955609,1,0,0,0,0,0,0,进口,千克,usd,corn,2018,4,2,2018q2,3.331808082306491,-1.367862852485819,1.304091099604467,2.671953952090286,-2.298727454501082,4.522799188554964
479,2023,2023-01,上海市,corn,10051000,种用玉米,智利,一般贸易,5474,195,28.07179487179487,1,0,0,0,0,0,0,进口,千克,usd,corn,2023,1,1,2023q1,3.334765331036877,-1.367862852485819,1.304091099604467,2.671953952090286,-2.298727454501082,4.522799188554964
6974,2017,2017-04,北京市,corn,10051000,种用玉米,智利,一般贸易,49742,1764,28.1984126984127,1,0,0,0,0,0,0,进口,千克,usd,corn,2017,4,2,2017q2,3.339265689069549,-1.367862852485819,1.304091099604467,2.671953952090286,-2.298727454501082,4.522799188554964
5470,2019,2019-12,安徽省,corn,10051000,种用玉米,巴西,其他,282,10,28.2,1,0,0,0,0,0,0,进口,千克,usd,corn,2019,12,4,2019q4,3.339321977944068,-1.367862852485819,1.304091099604467,2.671953952090286,-2.298727454501082,4.522799188554964
4405,2020,2020-06,黑龙江省,corn,10051000,种用玉米,塞内加尔,一般贸易,144,5,28.8,1,0,0,0,0,0,0,进口,千克,usd,corn,2020,6,2,2020q2,3.3603753871419,-1.367862852485819,1.304091099604467,2.671953952090286,-2.298727454501082,4.522799188554964
4409,2020,2020-06,上海市,corn,10051000,种用玉米,智利,其他,720,25,28.8,1,0,0,0,0,0,0,进口,千克,usd,corn,2020,6,2,2020q2,3.3603753871419,-1.367862852485819,1.304091099604467,2.671953952090286,-2.298727454501082,4.522799188554964
4153,2020,2020-10,山东省,corn,10051000,种用玉米,智利,一般贸易,145,5,29,1,0,0,0,0,0,0,进口,千克,usd,corn,2020,10,4,2020q4,3.367295829986474,-1.367862852485819,1.304091099604467,2.671953952090286,-2.298727454501082,4.522799188554964
2762,2021,2021-02,黑龙江省,corn,10051000,种用玉米,科特迪瓦,一般贸易,174,6,29,1,0,0,0,0,0,0,进口,千克,usd,corn,2021,2,1,2021q1,3.367295829986474,-1.367862852485819,1.304091099604467,2.671953952090286,-2.298727454501082,4.522799188554964
2671,2021,2021-01,北京市,corn,10051000,种用玉米,马来西亚,一般贸易,3052,104,29.34615384615385,1,0,0,0,0,0,0,进口,千克,usd,corn,2021,1,1,2021q1,3.379161493262975,-1.367862852485819,1.304091099604467,2.671953952090286,-2.298727454501082,4.522799188554964
4244,2020,2020-04,北京市,corn,10051000,种用玉米,秘鲁,一般贸易,265,9,29.44444444444444,1,0,0,0,0,0,0,进口,千克,usd,corn,2020,4,2,2020q2,3.382505248650003,-1.367862852485819,1.304091099604467,2.671953952090286,-2.298727454501082,4.522799188554964
5286,2019,2019-11,北京市,corn,10051000,种用玉米,菲律宾,其他,59,2,29.5,1,0,0,0,0,0,0,进口,千克,usd,corn,2019,11,4,2019q4,3.384390263345774,-1.367862852485819,1.304091099604467,2.671953952090286,-2.298727454501082,4.522799188554964
6070,2018,2018-04,黑龙江省,corn,10051000,种用玉米,法国,一般贸易,856,29,29.51724137931035,1,0,0,0,0,0,0,进口,千克,usd,corn,2018,4,2,2018q2,3.384974546155268,-1.367862852485819,1.304091099604467,2.671953952090286,-2.298727454501082,4.522799188554964
213,2023,2023-11,北京市,corn,10051000,种用玉米,智利,其他,3596,120,29.96666666666667,1,0,0,0,0,0,0,进口,千克,usd,corn,2023,11,4,2023q4,3.400085652809465,-1.367862852485819,1.304091099604467,2.671953952090286,-2.298727454501082,4.522799188554964
6249,2018,2018-05,北京市,corn,10051000,种用玉米,德国,一般贸易,212,7,30.28571428571428,1,0,0,0,0,0,0,进口,千克,usd,corn,2018,5,2,2018q2,3.410676125616699,-1.367862852485819,1.304091099604467,2.671953952090286,-2.298727454501082,4.522799188554964
2506,2022,2022-08,北京市,corn,10051000,种用玉米,波多黎各,其他,92,3,30.66666666666667,1,0,0,0,0,0,0,进口,千克,usd,corn,2022,8,3,2022q3,3.42317628838093,-1.367862852485819,1.304091099604467,2.671953952090286,-2.298727454501082,4.522799188554964
2258,2022,2022-05,北京市,corn,10051000,种用玉米,法国,一般贸易,15146,492,30.78455284552846,1,0,0,0,0,0,0,进口,千克,usd,corn,2022,5,2,2022q2,3.42701303318146,-1.367862852485819,1.304091099604467,2.671953952090286,-2.298727454501082,4.522799188554964
6332,2018,2018-08,北京市,corn,10051000,种用玉米,法国,其他,187,6,31.16666666666667,1,0,0,0,0,0,0,进口,千克,usd,corn,2018,8,3,2018q3,3.439349147626532,-1.367862852485819,1.304091099604467,2.671953952090286,-2.298727454501082,4.522799188554964
2767,2021,2021-02,北京市,corn,10051000,种用玉米,智利,一般贸易,88917,2814,31.59808102345416,1,0,0,0,0,0,0,进口,千克,usd,corn,2021,2,1,2021q1,3.45309639164302,-1.367862852485819,1.304091099604467,2.671953952090286,-2.298727454501082,4.522799188554964
4242,2020,2020-04,北京市,corn,10051000,种用玉米,智利,一般贸易,3000,93,32.25806451612903,1,0,0,0,0,0,0,进口,千克,usd,corn,2020,4,2,2020q2,3.473768074496991,-1.367862852485819,1.304091099604467,2.671953952090286,-2.298727454501082,4.522799188554964
1735,2022,2022-12,上海市,corn,10051000,种用玉米,日本,一般贸易,5672,174,32.59770114942529,1,0,0,0,0,0,0,进口,千克,usd,corn,2022,12,4,2022q4,3.484241768997435,-1.367862852485819,1.304091099604467,2.671953952090286,-2.298727454501082,4.522799188554964
5039,2019,2019-03,北京市,corn,10051000,种用玉米,马来西亚,一般贸易,3271,100,32.71,1,0,0,0,0,0,0,进口,千克,usd,corn,2019,3,1,2019q1,3.487680841550293,-1.367862852485819,1.304091099604467,2.671953952090286,-2.298727454501082,4.522799188554964
863,2023,2023-04,北京市,corn,10051000,种用玉米,智利,其他,2427,74,32.7972972972973,1,0,0,0,0,0,0,进口,千克,usd,corn,2023,4,2,2023q2,3.490346112522432,-1.367862852485819,1.304091099604467,2.671953952090286,-2.298727454501082,4.522799188554964
1118,2023,2023-06,北京市,corn,10051000,种用玉米,法国,其他,200,6,33.33333333333334,1,0,0,0,0,0,0,进口,千克,usd,corn,2023,6,2,2023q2,3.506557897319982,-1.367862852485819,1.304091099604467,2.671953952090286,-2.298727454501082,4.522799188554964
5412,2019,2019-04,山东省,corn,10051000,种用玉米,匈牙利,一般贸易,167,5,33.4,1,0,0,0,0,0,0,进口,千克,usd,corn,2019,4,2,2019q2,3.508555899982654,-1.367862852485819,1.304091099604467,2.671953952090286,-2.298727454501082,4.522799188554964
987,2023,2023-05,北京市,corn,10051000,种用玉米,智利,一般贸易,536,16,33.5,1,0,0,0,0,0,0,进口,千克,usd,corn,2023,5,2,2023q2,3.511545438831021,-1.367862852485819,1.304091099604467,2.671953952090286,-2.298727454501082,4.522799188554964
3513,2021,2021-12,黑龙江省,corn,10051000,种用玉米,巴西,一般贸易,408,12,34,1,0,0,0,0,0,0,进口,千克,usd,corn,2021,12,4,2021q4,3.526360524616162,-1.367862852485819,1.304091099604467,2.671953952090286,-2.298727454501082,4.522799188554964
6001,2018,2018-12,北京市,corn,10051000,种用玉米,智利,一般贸易,27980,820,34.1219512195122,1,0,0,0,0,0,0,进口,千克,usd,corn,2018,12,4,2018q4,3.529940907961174,-1.367862852485819,1.304091099604467,2.671953952090286,-2.298727454501082,4.522799188554964
2348,2022,2022-06,黑龙江省,corn,10051000,种用玉米,德国,一般贸易,38277,1115,34.32914798206278,1,0,0,0,0,0,0,进口,千克,usd,corn,2022,6,2,2022q2,3.535994788695634,-1.367862852485819,1.304091099604467,2.671953952090286,-2.298727454501082,4.522799188554964
4644,2020,2020-03,北京市,corn,10051000,种用玉米,智利,一般贸易,173333,5013,34.57670057849591,1,0,0,0,0,0,0,进口,千克,usd,corn,2020,3,1,2020q1,3.543180061547225,-1.367862852485819,1.304091099604467,2.671953952090286,-2.298727454501082,4.522799188554964
5224,2019,2019-05,辽宁省,corn,10051000,种用玉米,智利,其他,71,2,35.5,1,0,0,0,0,0,0,进口,千克,usd,corn,2019,5,2,2019q2,3.56953269648137,-1.367862852485819,1.304091099604467,2.671953952090286,-2.298727454501082,4.522799188554964
4474,2020,2020-07,甘肃省,corn,10051000,种用玉米,阿根廷,一般贸易,1279,35,36.54285714285714,1,0,0,0,0,0,0,进口,千克,usd,corn,2020,7,3,2020q3,3.598485740089429,-1.367862852485819,1.304091099604467,2.671953952090286,-2.298727454501082,4.522799188554964
1630,2022,2022-11,北京市,corn,10051000,种用玉米,菲律宾,其他,221,6,36.83333333333334,1,0,0,0,0,0,0,进口,千克,usd,corn,2022,11,4,2022q4,3.606403232289698,-1.367862852485819,1.304091099604467,2.671953952090286,-2.298727454501082,4.522799188554964
5535,2019,2019-06,北京市,corn,10051000,种用玉米,马来西亚,一般贸易,33575,900,37.30555555555556,1,0,0,0,0,0,0,进口,千克,usd,corn,2019,6,2,2019q2,3.619142258067128,-1.367862852485819,1.304091099604467,2.671953952090286,-2.298727454501082,4.522799188554964
5100,2019,2019-02,上海市,corn,10051000,种用玉米,智利,一般贸易,3136,80,39.2,1,0,0,0,0,0,0,进口,千克,usd,corn,2019,2,1,2019q1,3.668676746796417,-1.367862852485819,1.304091099604467,2.671953952090286,-2.298727454501082,4.522799188554964
2417,2022,2022-07,上海市,corn,10051000,种用玉米,日本,一般贸易,3445,87,39.59770114942529,1,0,0,0,0,0,0,进口,千克,usd,corn,2022,7,3,2022q3,3.678771064793176,-1.367862852485819,1.304091099604467,2.671953952090286,-2.298727454501082,4.522799188554964
730,2023,2023-03,黑龙江省,corn,10051000,种用玉米,法国,一般贸易,1586829,39905,39.76516727227165,1,0,0,0,0,0,0,进口,千克,usd,corn,2023,3,1,2023q1,3.682991334920348,-1.367862852485819,1.304091099604467,2.671953952090286,-2.298727454501082,4.522799188554964
2151,2022,2022-04,北京市,corn,10051000,种用玉米,法国,一般贸易,49397,1234,40.02998379254457,1,0,0,0,0,0,0,进口,千克,usd,corn,2022,4,2,2022q2,3.689628768121676,-1.367862852485819,1.304091099604467,2.671953952090286,-2.298727454501082,4.522799188554964
5471,2019,2019-12,北京市,corn,10051000,种用玉米,智利,一般贸易,156639,3913,40.0304114490161,1,0,0,0,0,0,0,进口,千克,usd,corn,2019,12,4,2019q4,3.689639451468174,-1.367862852485819,1.304091099604467,2.671953952090286,-2.298727454501082,4.522799188554964
2045,2022,2022-03,北京市,corn,10051000,种用玉米,智利,一般贸易,92758,2308,40.1897746967071,1,0,0,0,0,0,0,进口,千克,usd,corn,2022,3,1,2022q1,3.693612602491356,-1.367862852485819,1.304091099604467,2.671953952090286,-2.298727454501082,4.522799188554964
4321,2020,2020-12,上海市,corn,10051000,种用玉米,智利,一般贸易,18037,443,40.7155756207675,1,0,0,0,0,0,0,进口,千克,usd,corn,2020,12,4,2020q4,3.706610712625064,-1.367862852485819,1.304091099604467,2.671953952090286,-2.298727454501082,4.522799188554964
1122,2023,2023-06,北京市,corn,10051000,种用玉米,智利,其他,5405,132,40.9469696969697,1,0,0,0,0,0,0,进口,千克,usd,corn,2023,6,2,2023q2,3.712277807486938,-1.367862852485819,1.304091099604467,2.671953952090286,-2.298727454501082,4.522799188554964
7035,2017,2017-10,北京市,corn,10051000,种用玉米,巴西,其他,288,7,41.14285714285715,1,0,0,0,0,0,0,进口,千克,usd,corn,2017,10,4,2017q4,3.717050331080633,-1.367862852485819,1.304091099604467,2.671953952090286,-2.298727454501082,4.522799188554964
1857,2022,2022-01,黑龙江省,corn,10051000,种用玉米,巴西,一般贸易,335,8,41.875,1,0,0,0,0,0,0,进口,千克,usd,corn,2022,1,1,2022q1,3.73468899014523,-1.367862852485819,1.304091099604467,2.671953952090286,-2.298727454501082,4.522799188554964
6891,2017,2017-05,黑龙江省,corn,10051000,种用玉米,智利,一般贸易,848,20,42.4,1,0,0,0,0,0,0,进口,千克,usd,corn,2017,5,2,2017q2,3.747148362237912,-1.367862852485819,1.304091099604467,2.671953952090286,-2.298727454501082,4.522799188554964
1632,2022,2022-11,北京市,corn,10051000,种用玉米,阿根廷,其他,976,23,42.43478260869565,1,0,0,0,0,0,0,进口,千克,usd,corn,2022,11,4,2022q4,3.747968370483943,-1.367862852485819,1.304091099604467,2.671953952090286,-2.298727454501082,4.522799188554964
4061,2020,2020-11,北京市,corn,10051000,种用玉米,马来西亚,一般贸易,850,20,42.5,1,0,0,0,0,0,0,进口,千克,usd,corn,2020,11,4,2020q4,3.749504075930371,-1.367862852485819,1.304091099604467,2.671953952090286,-2.298727454501082,4.522799188554964
7097,2017,2017-01,山东省,corn,10051000,种用玉米,阿根廷,一般贸易,639,15,42.6,1,0,0,0,0,0,0,进口,千克,usd,corn,2017,1,1,2017q1,3.751854253275325,-1.367862852485819,1.304091099604467,2.671953952090286,-2.298727454501082,4.522799188554964
1121,2023,2023-06,安徽省,corn,10051000,种用玉米,智利,一般贸易,2262,53,42.67924528301887,1,0,0,0,0,0,0,进口,千克,usd,corn,2023,6,2,2023q2,3.753712743123944,-1.367862852485819,1.304091099604467,2.671953952090286,-2.298727454501082,4.522799188554964
1631,2022,2022-11,北京市,corn,10051000,种用玉米,法国,其他,646,15,43.06666666666667,1,0,0,0,0,0,0,进口,千克,usd,corn,2022,11,4,2022q4,3.762749302680392,-1.367862852485819,1.304091099604467,2.671953952090286,-2.298727454501082,4.522799188554964
1738,2022,2022-12,北京市,corn,10051000,种用玉米,智利,其他,1371,31,44.2258064516129,1,0,0,0,0,0,0,进口,千克,usd,corn,2022,12,4,2022q4,3.789308475077168,-1.367862852485819,1.304091099604467,2.671953952090286,-2.298727454501082,4.522799188554964
6525,2017,2017-08,北京市,corn,10051000,种用玉米,墨西哥,一般贸易,1160,26,44.61538461538461,1,0,0,0,0,0,0,进口,千克,usd,corn,2017,8,3,2017q3,3.798078746078928,-1.367862852485819,1.304091099604467,2.671953952090286,-2.298727454501082,4.522799188554964
2042,2022,2022-03,北京市,corn,10051000,种用玉米,法国,其他,270,6,45,1,0,0,0,0,0,0,进口,千克,usd,corn,2022,3,1,2022q1,3.80666248977032,-1.367862852485819,1.304091099604467,2.671953952090286,-2.298727454501082,4.522799188554964
2850,2021,2021-03,黑龙江省,corn,10051000,种用玉米,巴西,一般贸易,188,4,47,1,0,0,0,0,0,0,进口,千克,usd,corn,2021,3,1,2021q1,3.850147601710058,-1.367862852485819,1.304091099604467,2.671953952090286,-2.298727454501082,4.522799188554964
2968,2021,2021-06,北京市,corn,10051000,种用玉米,智利,其他,2104,44,47.81818181818182,1,0,0,0,0,0,0,进口,千克,usd,corn,2021,6,2,2021q2,3.867405939939339,-1.367862852485819,1.304091099604467,2.671953952090286,-2.298727454501082,4.522799188554964
854,2023,2023-04,北京市,corn,10051000,种用玉米,科特迪瓦,其他,1944,40,48.6,1,0,0,0,0,0,0,进口,千克,usd,corn,2023,4,2,2023q2,3.883623530906448,-1.367862852485819,1.304091099604467,2.671953952090286,-2.298727454501082,4.522799188554964
2350,2022,2022-06,北京市,corn,10051000,种用玉米,智利,一般贸易,149,3,49.66666666666666,1,0,0,0,0,0,0,进口,千克,usd,corn,2022,6,2,2022q2,3.905334017277349,-1.367862852485819,1.304091099604467,2.671953952090286,-2.298727454501082,4.522799188554964
5226,2019,2019-05,黑龙江省,corn,10051000,种用玉米,秘鲁,一般贸易,300,6,50,1,0,0,0,0,0,0,进口,千克,usd,corn,2019,5,2,2019q2,3.912023005428146,-1.367862852485819,1.304091099604467,2.671953952090286,-2.298727454501082,4.522799188554964
2040,2022,2022-03,北京市,corn,10051000,种用玉米,法国,一般贸易,54004,1077,50.14298978644383,1,0,0,0,0,0,0,进口,千克,usd,corn,2022,3,1,2022q1,3.914878719720748,-1.367862852485819,1.304091099604467,2.671953952090286,-2.298727454501082,4.522799188554964
5287,2019,2019-11,上海市,corn,10051000,种用玉米,智利,一般贸易,10077,200,50.385,1,0,0,0,0,0,0,进口,千克,usd,corn,2019,11,4,2019q4,3.919693511732366,-1.367862852485819,1.304091099604467,2.671953952090286,-2.298727454501082,4.522799188554964
2505,2022,2022-08,上海市,corn,10051000,种用玉米,智利,其他,2985,59,50.59322033898305,1,0,0,0,0,0,0,进口,千克,usd,corn,2022,8,3,2022q3,3.923817581920983,-1.367862852485819,1.304091099604467,2.671953952090286,-2.298727454501082,4.522799188554964
4639,2020,2020-03,北京市,corn,10051000,种用玉米,法国,一般贸易,1521980,29836,51.01152969566966,1,0,0,0,0,0,0,进口,千克,usd,corn,2020,3,1,2020q1,3.932051679637908,-1.367862852485819,1.304091099604467,2.671953952090286,-2.298727454501082,4.522799188554964
3076,2021,2021-07,甘肃省,corn,10051000,种用玉米,韩国,其他,107,2,53.5,1,0,0,0,0,0,0,进口,千克,usd,corn,2021,7,3,2021q3,3.979681653901961,-1.367862852485819,1.304091099604467,2.671953952090286,-2.298727454501082,4.522799188554964
5347,2019,2019-10,上海市,corn,10051000,种用玉米,智利,一般贸易,13486,250,53.944,1,0,0,0,0,0,0,进口,千克,usd,corn,2019,10,4,2019q4,3.987946471432281,-1.367862852485819,1.304091099604467,2.671953952090286,-2.298727454501082,4.522799188554964
5223,2019,2019-05,北京市,corn,10051000,种用玉米,智利,其他,221,4,55.25,1,0,0,0,0,0,0,进口,千克,usd,corn,2019,5,2,2019q2,4.011868340397863,-1.367862852485819,1.304091099604467,2.671953952090286,-2.298727454501082,4.522799188554964
5414,2019,2019-04,上海市,corn,10051000,种用玉米,智利,一般贸易,5598,100,55.98,1,0,0,0,0,0,0,进口,千克,usd,corn,2019,4,2,2019q2,4.024994484087308,-1.367862852485819,1.304091099604467,2.671953952090286,-2.298727454501082,4.522799188554964
3347,2021,2021-10,甘肃省,corn,10051000,种用玉米,印度,其他,113,2,56.5,1,0,0,0,0,0,0,进口,千克,usd,corn,2021,10,4,2021q4,4.034240638152395,-1.367862852485819,1.304091099604467,2.671953952090286,-2.298727454501082,4.522799188554964
3639,2021,2021-04,甘肃省,corn,10051000,种用玉米,阿根廷,一般贸易,685,12,57.08333333333334,1,0,0,0,0,0,0,进口,千克,usd,corn,2021,4,2,2021q2,4.044512188474225,-1.367862852485819,1.304091099604467,2.671953952090286,-2.298727454501082,4.522799188554964
4555,2020,2020-02,上海市,corn,10051000,种用玉米,智利,一般贸易,47634,830,57.39036144578314,1,0,0,0,0,0,0,进口,千克,usd,corn,2020,2,1,2020q1,4.049876370162525,-1.367862852485819,1.304091099604467,2.671953952090286,-2.298727454501082,4.522799188554964
857,2023,2023-04,北京市,corn,10051000,种用玉米,法国,一般贸易,215582,3748,57.51921024546425,1,0,0,0,0,0,0,进口,千克,usd,corn,2023,4,2,2023q2,4.052118983232724,-1.367862852485819,1.304091099604467,2.671953952090286,-2.298727454501082,4.522799188554964
5591,2019,2019-07,上海市,corn,10051000,种用玉米,智利,一般贸易,11638,200,58.19,1,0,0,0,0,0,0,进口,千克,usd,corn,2019,7,3,2019q3,4.063713518668578,-1.367862852485819,1.304091099604467,2.671953952090286,-2.298727454501082,4.522799188554964
3635,2021,2021-04,黑龙江省,corn,10051000,种用玉米,法国,一般贸易,203897,3501,58.23964581548129,1,0,0,0,0,0,0,进口,千克,usd,corn,2021,4,2,2021q2,4.064566322404988,-1.367862852485819,1.304091099604467,2.671953952090286,-2.298727454501082,4.522799188554964
214,2023,2023-11,海南省,corn,10051000,种用玉米,智利,其他,699,12,58.25,1,0,0,0,0,0,0,进口,千克,usd,corn,2023,11,4,2023q4,4.06474409244581,-1.367862852485819,1.304091099604467,2.671953952090286,-2.298727454501082,4.522799188554964
2851,2021,2021-03,北京市,corn,10051000,种用玉米,智利,其他,1010,17,59.41176470588236,1,0,0,0,0,0,0,进口,千克,usd,corn,2021,3,1,2021q1,4.084492265779089,-1.367862852485819,1.304091099604467,2.671953952090286,-2.298727454501082,4.522799188554964
5791,2018,2018-03,上海市,corn,10051000,种用玉米,智利,一般贸易,3582,60,59.7,1,0,0,0,0,0,0,进口,千克,usd,corn,2018,3,1,2018q1,4.089332020398556,-1.367862852485819,1.304091099604467,2.671953952090286,-2.298727454501082,4.522799188554964
2254,2022,2022-05,广东省,corn,10051000,种用玉米,日本,一般贸易,60,1,60,1,0,0,0,0,0,0,进口,千克,usd,corn,2022,5,2,2022q2,4.0943445622221,-1.367862852485819,1.304091099604467,2.671953952090286,-2.298727454501082,4.522799188554964
1633,2022,2022-11,上海市,corn,10051000,种用玉米,智利,其他,615,10,61.5,1,0,0,0,0,0,0,进口,千克,usd,corn,2022,11,4,2022q4,4.119037174812473,-1.367862852485819,1.304091099604467,2.671953952090286,-2.298727454501082,4.522799188554964
5041,2019,2019-03,北京市,corn,10051000,种用玉米,土耳其,一般贸易,124,2,62,1,0,0,0,0,0,0,进口,千克,usd,corn,2019,3,1,2019q1,4.127134385045092,-1.367862852485819,1.304091099604467,2.671953952090286,-2.298727454501082,4.522799188554964
5288,2019,2019-11,北京市,corn,10051000,种用玉米,智利,其他,500,8,62.5,1,0,0,0,0,0,0,进口,千克,usd,corn,2019,11,4,2019q4,4.135166556742356,-1.367862852485819,1.304091099604467,2.671953952090286,-2.298727454501082,4.522799188554964
5044,2019,2019-03,新疆维吾尔自治区,corn,10051000,种用玉米,德国,一般贸易,552079,8547,64.5933075933076,1,0,0,0,0,0,0,进口,千克,usd,corn,2019,3,1,2019q1,4.168110807795134,-1.367862852485819,1.304091099604467,2.671953952090286,-2.298727454501082,4.522799188554964
729,2023,2023-03,北京市,corn,10051000,种用玉米,法国,一般贸易,67766,1030,65.79223300970874,1,0,0,0,0,0,0,进口,千克,usd,corn,2023,3,1,2023q1,4.186501791997949,-1.367862852485819,1.304091099604467,2.671953952090286,-2.298727454501082,4.522799188554964
2966,2021,2021-06,上海市,corn,10051000,种用玉米,智利,一般贸易,66605,1000,66.605,1,0,0,0,0,0,0,进口,千克,usd,corn,2021,6,2,2021q2,4.198779649803426,-1.367862852485819,1.304091099604467,2.671953952090286,-2.298727454501082,4.522799188554964
4987,2019,2019-08,北京市,corn,10051000,种用玉米,美国,其他,334,5,66.8,1,0,0,0,0,0,0,进口,千克,usd,corn,2019,8,3,2019q3,4.2017030805426,-1.367862852485819,1.304091099604467,2.671953952090286,-2.298727454501082,4.522799188554964
1540,2022,2022-10,安徽省,corn,10051000,种用玉米,巴西,一般贸易,335,5,67,1,0,0,0,0,0,0,进口,千克,usd,corn,2022,10,4,2022q4,4.204692619390966,-1.367862852485819,1.304091099604467,2.671953952090286,-2.298727454501082,4.522799188554964
1120,2023,2023-06,湖南省,corn,10051000,种用玉米,巴西,一般贸易,335,5,67,1,0,0,0,0,0,0,进口,千克,usd,corn,2023,6,2,2023q2,4.204692619390966,-1.367862852485819,1.304091099604467,2.671953952090286,-2.298727454501082,4.522799188554964
7098,2017,2017-01,北京市,corn,10051000,种用玉米,巴西,其他,277,4,69.25,1,0,0,0,0,0,0,进口,千克,usd,corn,2017,1,1,2017q1,4.237723145067448,-1.367862852485819,1.304091099604467,2.671953952090286,-2.298727454501082,4.522799188554964
2504,2022,2022-08,北京市,corn,10051000,种用玉米,智利,其他,639,9,71,1,0,0,0,0,0,0,进口,千克,usd,corn,2022,8,3,2022q3,4.262679877041315,-1.367862852485819,1.304091099604467,2.671953952090286,-2.298727454501082,4.522799188554964
5222,2019,2019-05,内蒙古自治区,corn,10051000,种用玉米,智利,一般贸易,3693,50,73.86,1,0,0,0,0,0,0,进口,千克,usd,corn,2019,5,2,2019q2,4.302171409424417,-1.367862852485819,1.304091099604467,2.671953952090286,-2.298727454501082,4.522799188554964
1938,2022,2022-02,黑龙江省,corn,10051000,种用玉米,法国,一般贸易,977927,13074,74.79937280097904,1,0,0,0,0,0,0,进口,千克,usd,corn,2022,2,1,2022q1,4.314809499931628,-1.367862852485819,1.304091099604467,2.671953952090286,-2.298727454501082,4.522799188554964
2351,2022,2022-06,北京市,corn,10051000,种用玉米,智利,其他,2829,37,76.45945945945945,1,0,0,0,0,0,0,进口,千克,usd,corn,2022,6,2,2022q2,4.336760658657343,-1.367862852485819,1.304091099604467,2.671953952090286,-2.298727454501082,4.522799188554964
3350,2021,2021-10,北京市,corn,10051000,种用玉米,智利,一般贸易,466,6,77.66666666666667,1,0,0,0,0,0,0,进口,千克,usd,corn,2021,10,4,2021q4,4.352426164897591,-1.367862852485819,1.304091099604467,2.671953952090286,-2.298727454501082,4.522799188554964
3762,2021,2021-05,北京市,corn,10051000,种用玉米,智利,一般贸易,9840,123,80,1,0,0,0,0,0,0,进口,千克,usd,corn,2021,5,2,2021q2,4.382026634673881,-1.367862852485819,1.304091099604467,2.671953952090286,-2.298727454501082,4.522799188554964
3883,2021,2021-05,北京市,corn,10051000,种用玉米,智利,一般贸易,9840,123,80,1,0,0,0,0,0,0,进口,千克,usd,corn,2021,5,2,2021q2,4.382026634673881,-1.367862852485819,1.304091099604467,2.671953952090286,-2.298727454501082,4.522799188554964
2419,2022,2022-07,北京市,corn,10051000,种用玉米,智利,其他,5786,70,82.65714285714286,1,0,0,0,0,0,0,进口,千克,usd,corn,2022,7,3,2022q3,4.414701243486721,-1.367862852485819,1.304091099604467,2.671953952090286,-2.298727454501082,4.522799188554964
3243,2021,2021-09,北京市,corn,10051000,种用玉米,智利,其他,882,10,88.2,1,0,0,0,0,0,0,进口,千克,usd,corn,2021,9,3,2021q3,4.479606963012746,-1.367862852485819,1.304091099604467,2.671953952090286,-2.298727454501082,4.522799188554964
2584,2022,2022-09,北京市,corn,10051000,种用玉米,智利,其他,3960,43,92.09302325581395,1,0,0,0,0,0,0,进口,千克,usd,corn,2022,9,3,2022q3,4.522799188554964,-1.367862852485819,1.304091099604467,2.671953952090286,-2.298727454501082,4.522799188554964
6965,2017,2017-04,新疆维吾尔自治区,corn,10051000,种用玉米,德国,一般贸易,709139,7675,92.39596091205212,1,0,0,0,0,0,1,进口,千克,usd,corn,2017,4,2,2017q2,4.526083264619166,-1.367862852485819,1.304091099604467,2.671953952090286,-2.298727454501082,4.522799188554964
4792,2020,2020-08,北京市,corn,10051000,种用玉米,危地马拉,其他,371,4,92.75,1,0,0,0,0,0,1,进口,千克,usd,corn,2020,8,3,2020q3,4.529907701487544,-1.367862852485819,1.304091099604467,2.671953952090286,-2.298727454501082,4.522799188554964
2585,2022,2022-09,北京市,corn,10051000,种用玉米,墨西哥,一般贸易,99,1,99,1,0,0,0,0,0,1,进口,千克,usd,corn,2022,9,3,2022q3,4.59511985013459,-1.367862852485819,1.304091099604467,2.671953952090286,-2.298727454501082,4.522799188554964
4559,2020,2020-02,陕西省,corn,10051000,种用玉米,美国,一般贸易,200,2,100,1,0,0,0,0,0,1,进口,千克,usd,corn,2020,2,1,2020q1,4.605170185988092,-1.367862852485819,1.304091099604467,2.671953952090286,-2.298727454501082,4.522799188554964
2503,2022,2022-08,湖南省,corn,10051000,种用玉米,巴西,一般贸易,426,4,106.5,1,0,0,0,0,0,1,进口,千克,usd,corn,2022,8,3,2022q3,4.66814498514948,-1.367862852485819,1.304091099604467,2.671953952090286,-2.298727454501082,4.522799188554964
5468,2019,2019-12,北京市,corn,10051000,种用玉米,德国,其他,324,3,108,1,0,0,0,0,0,1,进口,千克,usd,corn,2019,12,4,2019q4,4.68213122712422,-1.367862852485819,1.304091099604467,2.671953952090286,-2.298727454501082,4.522799188554964
594,2023,2023-02,上海市,corn,10051000,种用玉米,日本,一般贸易,81018,696,116.4051724137931,1,0,0,0,0,0,1,进口,千克,usd,corn,2023,2,1,2023q1,4.757076970854678,-1.367862852485819,1.304091099604467,2.671953952090286,-2.298727454501082,4.522799188554964
6333,2018,2018-08,甘肃省,corn,10051000,种用玉米,智利,一般贸易,125,1,125,1,0,0,0,0,0,1,进口,千克,usd,corn,2018,8,3,2018q3,4.828313737302302,-1.367862852485819,1.304091099604467,2.671953952090286,-2.298727454501082,4.522799188554964
4557,2020,2020-02,北京市,corn,10051000,种用玉米,危地马拉,其他,392,3,130.6666666666667,1,0,0,0,0,0,1,进口,千克,usd,corn,2020,2,1,2020q1,4.872649551122353,-1.367862852485819,1.304091099604467,2.671953952090286,-2.298727454501082,4.522799188554964
4477,2020,2020-07,广东省,corn,10051000,种用玉米,智利,一般贸易,150,1,150,1,0,0,0,0,0,1,进口,千克,usd,corn,2020,7,3,2020q3,5.010635294096256,-1.367862852485819,1.304091099604467,2.671953952090286,-2.298727454501082,4.522799188554964
81,2023,2023-10,陕西省,corn,10051000,种用玉米,法国,其他,154,1,154,1,0,0,0,0,0,1,进口,千克,usd,corn,2023,10,4,2023q4,5.03695260241363,-1.367862852485819,1.304091099604467,2.671953952090286,-2.298727454501082,4.522799188554964
3514,2021,2021-12,北京市,corn,10051000,种用玉米,智利,其他,863,5,172.6,1,0,0,0,0,0,1,进口,千克,usd,corn,2021,12,4,2021q4,5.150976778649327,-1.367862852485819,1.304091099604467,2.671953952090286,-2.298727454501082,4.522799188554964
2965,2021,2021-06,北京市,corn,10051000,种用玉米,智利,一般贸易,1072,6,178.6666666666667,1,0,0,0,0,0,1,进口,千克,usd,corn,2021,6,2,2021q2,5.185521872402692,-1.367862852485819,1.304091099604467,2.671953952090286,-2.298727454501082,4.522799188554964
728,2023,2023-03,北京市,corn,10051000,种用玉米,德国,其他,250,1,250,1,0,0,0,1,0,1,进口,千克,usd,corn,2023,3,1,2023q1,5.521460917862246,-1.367862852485819,1.304091099604467,2.671953952090286,-2.298727454501082,4.522799188554964
6251,2018,2018-05,新疆维吾尔自治区,corn,10051000,种用玉米,德国,一般贸易,948657,3750,252.9752,1,0,0,0,1,0,1,进口,千克,usd,corn,2018,5,2,2018q2,5.533291460207467,-1.367862852485819,1.304091099604467,2.671953952090286,-2.298727454501082,4.522799188554964
5930,2018,2018-06,辽宁省,corn,10051000,种用玉米,智利,其他,348,1,348,1,0,0,0,1,0,1,进口,千克,usd,corn,2018,6,2,2018q2,5.852202479774474,-1.367862852485819,1.304091099604467,2.671953952090286,-2.298727454501082,4.522799188554964
4556,2020,2020-02,山东省,corn,10051000,种用玉米,智利,一般贸易,9245,24,385.2083333333333,1,0,0,0,1,0,1,进口,千克,usd,corn,2020,2,1,2020q1,5.95378431347328,-1.367862852485819,1.304091099604467,2.671953952090286,-2.298727454501082,4.522799188554964
4408,2020,2020-06,辽宁省,corn,10051000,种用玉米,智利,其他,751,1,751,1,0,0,0,1,0,1,进口,千克,usd,corn,2020,6,2,2020q2,6.621405651764134,-1.367862852485819,1.304091099604467,2.671953952090286,-2.298727454501082,4.522799188554964
6889,2017,2017-05,黑龙江省,corn,10051000,种用玉米,阿根廷,一般贸易,59584,54,1103.407407407407,1,0,0,0,1,0,1,进口,千克,usd,corn,2017,5,2,2017q2,7.006158314072464,-1.367862852485819,1.304091099604467,2.671953952090286,-2.298727454501082,4.522799188554964
4060,2020,2020-11,山东省,corn,10051000,种用玉米,日本,一般贸易,52,0,,1,0,1,0,,,,进口,千克,usd,corn,2020,11,4,2020q4,,-1.367862852485819,1.304091099604467,2.671953952090286,-2.298727454501082,4.522799188554964
6334,2018,2018-08,北京市,corn,10051000,种用玉米,智利,其他,344,0,,1,0,1,0,,,,进口,千克,usd,corn,2018,8,3,2018q3,,-1.367862852485819,1.304091099604467,2.671953952090286,-2.298727454501082,4.522799188554964
5221,2019,2019-05,黑龙江省,corn,10051000,种用玉米,法国,其他,223,0,,1,0,1,0,,,,进口,千克,usd,corn,2019,5,2,2019q2,,-1.367862852485819,1.304091099604467,2.671953952090286,-2.298727454501082,4.522799188554964
2259,2022,2022-05,黑龙江省,corn,10051000,种用玉米,法国,一般贸易,178,0,,1,0,1,0,,,,进口,千克,usd,corn,2022,5,2,2022q2,,-1.367862852485819,1.304091099604467,2.671953952090286,-2.298727454501082,4.522799188554964
4424,2020,2020-06,云南省,sorghum,10079000,其他食用高梁,缅甸,边境小额贸易,336012,2282200,.1472316186136184,0,0,0,0,1,0,1,进口,千克,usd,sorghum,2020,6,2,2020q2,-1.915748295389401,-1.383118686026448,-1.034417365744136,.3487013202823126,-1.892042458093802,2.475604257125687
4894,2019,2019-09,云南省,sorghum,10079000,其他食用高梁,缅甸,边境小额贸易,60145,406000,.1481403940886699,0,0,0,0,1,0,1,进口,千克,usd,sorghum,2019,9,3,2019q3,-1.909594846155697,-1.383118686026448,-1.034417365744136,.3487013202823126,-1.892042458093802,2.475604257125687
4263,2020,2020-04,云南省,sorghum,10079000,其他食用高梁,缅甸,边境小额贸易,36234,244500,.1481963190184049,0,0,0,0,1,0,1,进口,千克,usd,sorghum,2020,4,2,2020q2,-1.909217404361108,-1.383118686026448,-1.034417365744136,.3487013202823126,-1.892042458093802,2.475604257125687
4494,2020,2020-07,云南省,sorghum,10079000,其他食用高梁,缅甸,边境小额贸易,145401,980350,.1483153975620952,0,0,0,0,1,0,1,进口,千克,usd,sorghum,2020,7,3,2020q3,-1.90841420810657,-1.383118686026448,-1.034417365744136,.3487013202823126,-1.892042458093802,2.475604257125687
5308,2019,2019-10,云南省,sorghum,10079000,其他食用高梁,缅甸,边境小额贸易,128008,862250,.1484581037982024,0,0,0,0,1,0,1,进口,千克,usd,sorghum,2019,10,4,2019q4,-1.907452489850377,-1.383118686026448,-1.034417365744136,.3487013202823126,-1.892042458093802,2.475604257125687
2275,2022,2022-05,河北省,sorghum,10071000,种用食用高粱,美国,一般贸易,5330,19051,.2797753398771718,1,0,0,0,0,0,0,进口,千克,usd,sorghum,2022,5,2,2022q2,-1.273768355455545,-1.383118686026448,-1.034417365744136,.3487013202823126,-1.892042458093802,2.475604257125687
4261,2020,2020-04,北京市,sorghum,10071000,种用食用高梁,法国,一般贸易,735,2007,.3662182361733931,1,0,0,0,0,0,0,进口,千克,usd,sorghum,2020,4,2,2020q2,-1.004525849583501,-1.383118686026448,-1.034417365744136,.3487013202823126,-1.892042458093802,2.475604257125687
1551,2022,2022-10,上海市,sorghum,10071000,种用食用高粱,美国,一般贸易,40,80,.5,1,0,0,0,0,0,0,进口,千克,usd,sorghum,2022,10,4,2022q4,-.6931471805599453,-1.383118686026448,-1.034417365744136,.3487013202823126,-1.892042458093802,2.475604257125687
1552,2022,2022-10,上海市,sorghum,10071000,种用食用高粱,美国,其他,10,20,.5,1,0,0,0,0,0,0,进口,千克,usd,sorghum,2022,10,4,2022q4,-.6931471805599453,-1.383118686026448,-1.034417365744136,.3487013202823126,-1.892042458093802,2.475604257125687
1361,2023,2023-08,广东省,sorghum,10071000,种用食用高粱,美国,一般贸易,15,30,.5,1,0,0,0,0,0,0,进口,千克,usd,sorghum,2023,8,3,2023q3,-.6931471805599453,-1.383118686026448,-1.034417365744136,.3487013202823126,-1.892042458093802,2.475604257125687
643,2023,2023-02,广东省,sorghum,10079000,其他食用高粱,美国,一般贸易,127787,120376,1.061565428324583,0,0,0,0,1,1,0,进口,千克,usd,sorghum,2023,2,1,2023q1,.0597446378731314,-1.383118686026448,-1.034417365744136,.3487013202823126,-1.892042458093802,2.475604257125687
6901,2017,2017-05,北京市,sorghum,10071000,种用食用高梁,法国,一般贸易,16,15,1.066666666666667,1,0,0,0,1,1,0,进口,千克,usd,sorghum,2017,5,2,2017q2,.0645385211375712,-1.383118686026448,-1.034417365744136,.3487013202823126,-1.892042458093802,2.475604257125687
6902,2017,2017-05,北京市,sorghum,10071000,种用食用高梁,美国,一般贸易,13,12,1.083333333333333,1,0,0,0,1,1,0,进口,千克,usd,sorghum,2017,5,2,2017q2,.0800427076735364,-1.383118686026448,-1.034417365744136,.3487013202823126,-1.892042458093802,2.475604257125687
3363,2021,2021-10,河北省,sorghum,10071000,种用食用高粱,美国,其他,21,5,4.2,1,0,0,0,1,1,0,进口,千克,usd,sorghum,2021,10,4,2021q4,1.435084525289323,-1.383118686026448,-1.034417365744136,.3487013202823126,-1.892042458093802,2.475604257125687
6982,2017,2017-04,北京市,sorghum,10071000,种用食用高梁,美国,一般贸易,4699,804,5.84452736318408,1,0,0,0,1,1,0,进口,千克,usd,sorghum,2017,4,2,2017q2,1.765505729923849,-1.383118686026448,-1.034417365744136,.3487013202823126,-1.892042458093802,2.475604257125687
6984,2017,2017-04,北京市,sorghum,10071000,种用食用高梁,澳大利亚,一般贸易,2177,310,7.02258064516129,1,0,0,0,1,1,0,进口,千克,usd,sorghum,2017,4,2,2017q2,1.949130763755355,-1.383118686026448,-1.034417365744136,.3487013202823126,-1.892042458093802,2.475604257125687
5064,2019,2019-03,黑龙江省,sorghum,10071000,种用食用高梁,法国,一般贸易,716,90,7.955555555555556,1,0,0,0,1,1,0,进口,千克,usd,sorghum,2019,3,1,2019q1,2.073870496630381,-1.383118686026448,-1.034417365744136,.3487013202823126,-1.892042458093802,2.475604257125687
5803,2018,2018-03,黑龙江省,sorghum,10071000,种用食用高梁,法国,一般贸易,720,90,8,1,0,0,0,1,1,0,进口,千克,usd,sorghum,2018,3,1,2018q1,2.079441541679836,-1.383118686026448,-1.034417365744136,.3487013202823126,-1.892042458093802,2.475604257125687
5865,2018,2018-07,湖南省,sorghum,10071000,种用食用高梁,美国,一般贸易,374176,45007,8.313728975492701,1,0,0,0,1,1,0,进口,千克,usd,sorghum,2018,7,3,2018q3,2.117908241729543,-1.383118686026448,-1.034417365744136,.3487013202823126,-1.892042458093802,2.475604257125687
4260,2020,2020-04,北京市,sorghum,10071000,种用食用高梁,德国,一般贸易,94,10,9.4,1,0,0,0,1,1,0,进口,千克,usd,sorghum,2020,4,2,2020q2,2.240709689275958,-1.383118686026448,-1.034417365744136,.3487013202823126,-1.892042458093802,2.475604257125687
5431,2019,2019-04,北京市,sorghum,10071000,种用食用高梁,德国,一般贸易,114,12,9.5,1,0,0,0,1,1,0,进口,千克,usd,sorghum,2019,4,2,2019q2,2.251291798606495,-1.383118686026448,-1.034417365744136,.3487013202823126,-1.892042458093802,2.475604257125687
5110,2019,2019-02,黑龙江省,sorghum,10071000,种用食用高梁,法国,一般贸易,1194,124,9.629032258064516,1,0,0,0,1,1,0,进口,千克,usd,sorghum,2019,2,1,2019q1,2.264782728347511,-1.383118686026448,-1.034417365744136,.3487013202823126,-1.892042458093802,2.475604257125687
402,2023,2023-12,北京市,sorghum,10071000,种用食用高粱,澳大利亚,一般贸易,58,6,9.666666666666666,1,0,0,0,1,1,0,进口,千克,usd,sorghum,2023,12,4,2023q4,2.268683541318364,-1.383118686026448,-1.034417365744136,.3487013202823126,-1.892042458093802,2.475604257125687
2429,2022,2022-07,北京市,sorghum,10071000,种用食用高粱,法国,其他,240,24,10,1,0,0,0,1,1,0,进口,千克,usd,sorghum,2022,7,3,2022q3,2.302585092994046,-1.383118686026448,-1.034417365744136,.3487013202823126,-1.892042458093802,2.475604257125687
2274,2022,2022-05,黑龙江省,sorghum,10071000,种用食用高粱,法国,其他,240,24,10,1,0,0,0,1,1,0,进口,千克,usd,sorghum,2022,5,2,2022q2,2.302585092994046,-1.383118686026448,-1.034417365744136,.3487013202823126,-1.892042458093802,2.475604257125687
3665,2021,2021-04,北京市,sorghum,10071000,种用食用高粱,法国,一般贸易,62,6,10.33333333333333,1,0,0,0,1,1,0,进口,千克,usd,sorghum,2021,4,2,2021q2,2.335374915817037,-1.383118686026448,-1.034417365744136,.3487013202823126,-1.892042458093802,2.475604257125687
1019,2023,2023-05,黑龙江省,sorghum,10071000,种用食用高粱,法国,一般贸易,107,9,11.88888888888889,1,0,0,0,1,1,0,进口,千克,usd,sorghum,2023,5,2,2023q2,2.475604257125687,-1.383118686026448,-1.034417365744136,.3487013202823126,-1.892042458093802,2.475604257125687
1020,2023,2023-05,黑龙江省,sorghum,10071000,种用食用高粱,美国,一般贸易,107,9,11.88888888888889,1,0,0,0,1,1,0,进口,千克,usd,sorghum,2023,5,2,2023q2,2.475604257125687,-1.383118686026448,-1.034417365744136,.3487013202823126,-1.892042458093802,2.475604257125687
4262,2020,2020-04,黑龙江省,sorghum,10071000,种用食用高梁,法国,一般贸易,695,56,12.41071428571429,1,0,0,0,1,1,1,进口,千克,usd,sorghum,2020,4,2,2020q2,2.518560154829643,-1.383118686026448,-1.034417365744136,.3487013202823126,-1.892042458093802,2.475604257125687
5432,2019,2019-04,北京市,sorghum,10071000,种用食用高梁,法国,一般贸易,517,40,12.925,1,0,0,0,1,1,1,进口,千克,usd,sorghum,2019,4,2,2019q2,2.559163420394493,-1.383118686026448,-1.034417365744136,.3487013202823126,-1.892042458093802,2.475604257125687
5556,2019,2019-06,北京市,sorghum,10071000,种用食用高梁,匈牙利,一般贸易,281,15,18.73333333333333,1,0,0,0,1,1,1,进口,千克,usd,sorghum,2019,6,2,2019q2,2.930304468231536,-1.383118686026448,-1.034417365744136,.3487013202823126,-1.892042458093802,2.475604257125687
6275,2018,2018-05,北京市,sorghum,10071000,种用食用高梁,德国,一般贸易,188,10,18.8,1,0,0,0,1,1,1,进口,千克,usd,sorghum,2018,5,2,2018q2,2.933856869835904,-1.383118686026448,-1.034417365744136,.3487013202823126,-1.892042458093802,2.475604257125687
6981,2017,2017-04,黑龙江省,sorghum,10071000,种用食用高梁,法国,一般贸易,937,47,19.93617021276596,1,0,0,0,1,1,1,进口,千克,usd,sorghum,2017,4,2,2017q2,2.992535680528364,-1.383118686026448,-1.034417365744136,.3487013202823126,-1.892042458093802,2.475604257125687
5608,2019,2019-07,北京市,sorghum,10071000,种用食用高梁,德国,一般贸易,100,5,20,1,0,0,0,1,1,1,进口,千克,usd,sorghum,2019,7,3,2019q3,2.995732273553991,-1.383118686026448,-1.034417365744136,.3487013202823126,-1.892042458093802,2.475604257125687
6983,2017,2017-04,湖南省,sorghum,10071000,种用食用高梁,美国,一般贸易,786600,38000,20.7,1,0,0,0,1,1,1,进口,千克,usd,sorghum,2017,4,2,2017q2,3.030133700271323,-1.383118686026448,-1.034417365744136,.3487013202823126,-1.892042458093802,2.475604257125687
5952,2018,2018-06,吉林省,sorghum,10079000,其他食用高梁,澳大利亚,一般贸易,89,2,44.5,0,0,0,0,1,1,1,进口,千克,usd,sorghum,2018,6,2,2018q2,3.795489189172195,-1.383118686026448,-1.034417365744136,.3487013202823126,-1.892042458093802,2.475604257125687
2599,2022,2022-09,河北省,sorghum,10071000,种用食用高粱,阿根廷,其他,1065,20,53.25,1,0,0,0,1,1,1,进口,千克,usd,sorghum,2022,9,3,2022q3,3.974997804589535,-1.383118686026448,-1.034417365744136,.3487013202823126,-1.892042458093802,2.475604257125687
4730,2020,2020-09,河北省,sorghum,10071000,种用食用高梁,美国,其他,200,3,66.66666666666667,1,0,0,0,1,1,1,进口,千克,usd,sorghum,2020,9,3,2020q3,4.199705077879927,-1.383118686026448,-1.034417365744136,.3487013202823126,-1.892042458093802,2.475604257125687
2276,2022,2022-05,上海市,sorghum,10071000,种用食用高粱,澳大利亚,其他,360,3,120,1,0,0,0,1,1,1,进口,千克,usd,sorghum,2022,5,2,2022q2,4.787491742782046,-1.383118686026448,-1.034417365744136,.3487013202823126,-1.892042458093802,2.475604257125687
5864,2018,2018-07,黑龙江省,sorghum,10071000,种用食用高梁,法国,一般贸易,399,1,399,1,0,0,0,1,1,1,进口,千克,usd,sorghum,2018,7,3,2018q3,5.988961416889864,-1.383118686026448,-1.034417365744136,.3487013202823126,-1.892042458093802,2.475604257125687
6611,2017,2017-06,湖南省,sorghum,10071000,种用食用高梁,多民族玻利维亚国,一般贸易,37,0,,1,0,1,0,,,,进口,千克,usd,sorghum,2017,6,2,2017q2,,-1.383118686026448,-1.034417365744136,.3487013202823126,-1.892042458093802,2.475604257125687
6903,2017,2017-05,湖南省,sorghum,10071000,种用食用高梁,美国,其他,15,0,,1,0,1,0,,,,进口,千克,usd,sorghum,2017,5,2,2017q2,,-1.383118686026448,-1.034417365744136,.3487013202823126,-1.892042458093802,2.475604257125687
1807,2022,2022-01,海南省,cassava,07141020,木薯干,泰国,一般贸易,55,2,27.5,0,0,0,0,1,1,1,进口,千克,usd,cassava,2022,1,1,2022q1,3.314186004672526,-1.522588947991546,-1.268945818110372,.2536431298811739,-1.857532833156076,-1.139966339598894
464,2023,2023-01,内蒙古自治区,oats,10041000,种用燕麦,加拿大,一般贸易,10000,25000,.4,1,0,0,0,0,0,0,进口,千克,usd,oats,2023,1,1,2023q1,-.916290731874155,-1.308541112548768,-.4120829068698603,.8964582056789078,-1.744775582843525,3.871201010907891
3491,2021,2021-12,北京市,oats,10041000,种用燕麦,美国,一般贸易,23286,46948,.4959955695663287,1,0,0,0,0,0,0,进口,千克,usd,oats,2021,12,4,2021q4,-.7011882846230532,-1.308541112548768,-.4120829068698603,.8964582056789078,-1.744775582843525,3.871201010907891
1837,2022,2022-01,北京市,oats,10041000,种用燕麦,美国,一般贸易,178250,342152,.5209672893918492,1,0,0,0,0,0,0,进口,千克,usd,oats,2022,1,1,2022q1,-.6520680234764663,-1.308541112548768,-.4120829068698603,.8964582056789078,-1.744775582843525,3.871201010907891
2948,2021,2021-06,甘肃省,oats,10041000,种用燕麦,美国,一般贸易,85542,161709,.5289872548837727,1,0,0,0,0,0,0,进口,千克,usd,oats,2021,6,2,2021q2,-.6367909402613855,-1.308541112548768,-.4120829068698603,.8964582056789078,-1.744775582843525,3.871201010907891
3063,2021,2021-07,甘肃省,oats,10041000,种用燕麦,美国,一般贸易,112739,208305,.5412208060296201,1,0,0,0,0,0,0,进口,千克,usd,oats,2021,7,3,2021q3,-.6139279391716567,-1.308541112548768,-.4120829068698603,.8964582056789078,-1.744775582843525,3.871201010907891
4391,2020,2020-06,北京市,oats,10041000,种用燕麦,美国,一般贸易,78431,144245,.5437346181843391,1,0,0,0,0,0,0,进口,千克,usd,oats,2020,6,2,2020q2,-.6092939853759852,-1.308541112548768,-.4120829068698603,.8964582056789078,-1.744775582843525,3.871201010907891
2947,2021,2021-06,北京市,oats,10041000,种用燕麦,美国,一般贸易,214152,392755,.5452559483647567,1,0,0,0,0,0,0,进口,千克,usd,oats,2021,6,2,2021q2,-.6064999645334839,-1.308541112548768,-.4120829068698603,.8964582056789078,-1.744775582843525,3.871201010907891
3609,2021,2021-04,北京市,oats,10041000,种用燕麦,美国,一般贸易,552785,1006754,.5490765370686385,1,0,0,0,0,0,0,进口,千克,usd,oats,2021,4,2,2021q2,-.5995174354069421,-1.308541112548768,-.4120829068698603,.8964582056789078,-1.744775582843525,3.871201010907891
4532,2020,2020-02,北京市,oats,10041000,种用燕麦,加拿大,一般贸易,96250,175000,.55,1,0,0,0,0,0,0,进口,千克,usd,oats,2020,2,1,2020q1,-.5978370007556204,-1.308541112548768,-.4120829068698603,.8964582056789078,-1.744775582843525,3.871201010907891
5774,2018,2018-03,北京市,oats,10041000,种用燕麦,美国,一般贸易,52327,93442,.5599944350506196,1,0,0,0,0,0,0,进口,千克,usd,oats,2018,3,1,2018q1,-.5798284327119263,-1.308541112548768,-.4120829068698603,.8964582056789078,-1.744775582843525,3.871201010907891
5522,2019,2019-06,北京市,oats,10041000,种用燕麦,美国,一般贸易,111866,199760,.5600020024028834,1,0,0,0,0,0,0,进口,千克,usd,oats,2019,6,2,2019q2,-.5798149195399003,-1.308541112548768,-.4120829068698603,.8964582056789078,-1.744775582843525,3.871201010907891
3610,2021,2021-04,甘肃省,oats,10041000,种用燕麦,美国,一般贸易,269620,480816,.5607550497487604,1,0,0,0,0,0,0,进口,千克,usd,oats,2021,4,2,2021q2,-.5784711002746,-1.308541112548768,-.4120829068698603,.8964582056789078,-1.744775582843525,3.871201010907891
6734,2017,2017-07,北京市,oats,10041000,种用燕麦,美国,一般贸易,56100,99792,.5621693121693122,1,0,0,0,0,0,0,进口,千克,usd,oats,2017,7,3,2017q3,-.5759522072551161,-1.308541112548768,-.4120829068698603,.8964582056789078,-1.744775582843525,3.871201010907891
3062,2021,2021-07,北京市,oats,10041000,种用燕麦,美国,一般贸易,37027,65848,.5623101688737699,1,0,0,0,0,0,0,进口,千克,usd,oats,2021,7,3,2021q3,-.5757016794196703,-1.308541112548768,-.4120829068698603,.8964582056789078,-1.744775582843525,3.871201010907891
5839,2018,2018-07,北京市,oats,10041000,种用燕麦,加拿大,一般贸易,197500,350000,.5642857142857143,1,0,0,0,0,0,0,进口,千克,usd,oats,2018,7,3,2018q3,-.5721945701422828,-1.308541112548768,-.4120829068698603,.8964582056789078,-1.744775582843525,3.871201010907891
5023,2019,2019-03,北京市,oats,10041000,种用燕麦,美国,一般贸易,211809,374220,.5660012826679494,1,0,0,0,0,0,0,进口,千克,usd,oats,2019,3,1,2019q1,-.5691589345837316,-1.308541112548768,-.4120829068698603,.8964582056789078,-1.744775582843525,3.871201010907891
3860,2021,2021-05,北京市,oats,10041000,种用燕麦,美国,一般贸易,140351,247729,.5665505451521622,1,0,0,0,0,0,0,进口,千克,usd,oats,2021,5,2,2021q2,-.5681889789246906,-1.308541112548768,-.4120829068698603,.8964582056789078,-1.744775582843525,3.871201010907891
3739,2021,2021-05,北京市,oats,10041000,种用燕麦,美国,一般贸易,140351,247729,.5665505451521622,1,0,0,0,0,0,0,进口,千克,usd,oats,2021,5,2,2021q2,-.5681889789246906,-1.308541112548768,-.4120829068698603,.8964582056789078,-1.744775582843525,3.871201010907891
5640,2018,2018-01,北京市,oats,10041000,种用燕麦,美国,一般贸易,14220,24948,.56998556998557,1,0,0,0,0,0,0,进口,千克,usd,oats,2018,1,1,2018q1,-.5621442342887812,-1.308541112548768,-.4120829068698603,.8964582056789078,-1.744775582843525,3.871201010907891
5523,2019,2019-06,北京市,oats,10041000,种用燕麦,加拿大,一般贸易,133470,234000,.5703846153846154,1,0,0,0,0,0,0,进口,千克,usd,oats,2019,6,2,2019q2,-.5614443818716414,-1.308541112548768,-.4120829068698603,.8964582056789078,-1.744775582843525,3.871201010907891
5388,2019,2019-04,北京市,oats,10041000,种用燕麦,美国,一般贸易,42980,74844,.5742611298166854,1,0,0,0,0,0,0,进口,千克,usd,oats,2019,4,2,2019q2,-.5546710561176214,-1.308541112548768,-.4120829068698603,.8964582056789078,-1.744775582843525,3.871201010907891
4534,2020,2020-02,甘肃省,oats,10041000,种用燕麦,美国,一般贸易,97411,169193,.5757389490108928,1,0,0,0,0,0,0,进口,千克,usd,oats,2020,2,1,2020q1,-.5521009345412908,-1.308541112548768,-.4120829068698603,.8964582056789078,-1.744775582843525,3.871201010907891
4846,2020,2020-05,北京市,oats,10041000,种用燕麦,美国,一般贸易,280138,485807,.57664463459769,1,0,0,0,0,0,0,进口,千克,usd,oats,2020,5,2,2020q2,-.5505290867882456,-1.308541112548768,-.4120829068698603,.8964582056789078,-1.744775582843525,3.871201010907891
3965,2020,2020-05,北京市,oats,10041000,种用燕麦,美国,一般贸易,280138,485807,.57664463459769,1,0,0,0,0,0,0,进口,千克,usd,oats,2020,5,2,2020q2,-.5505290867882456,-1.308541112548768,-.4120829068698603,.8964582056789078,-1.744775582843525,3.871201010907891
5201,2019,2019-05,甘肃省,oats,10041000,种用燕麦,美国,一般贸易,302122,523908,.5766699496858227,1,0,0,0,0,0,0,进口,千克,usd,oats,2019,5,2,2019q2,-.5504851870778252,-1.308541112548768,-.4120829068698603,.8964582056789078,-1.744775582843525,3.871201010907891
2746,2021,2021-02,北京市,oats,10041000,种用燕麦,美国,一般贸易,77536,134307,.5773042358179395,1,0,0,0,0,0,0,进口,千克,usd,oats,2021,2,1,2021q1,-.549385879651435,-1.308541112548768,-.4120829068698603,.8964582056789078,-1.744775582843525,3.871201010907891
5577,2019,2019-07,北京市,oats,10041000,种用燕麦,美国,一般贸易,28965,49940,.5799959951942331,1,0,0,0,0,0,0,进口,千克,usd,oats,2019,7,3,2019q3,-.5447340803030397,-1.308541112548768,-.4120829068698603,.8964582056789078,-1.744775582843525,3.871201010907891
6234,2018,2018-05,北京市,oats,10041000,种用燕麦,美国,一般贸易,14500,25000,.58,1,0,0,0,0,0,0,进口,千克,usd,oats,2018,5,2,2018q2,-.5447271754416722,-1.308541112548768,-.4120829068698603,.8964582056789078,-1.744775582843525,3.871201010907891
6585,2017,2017-06,北京市,oats,10041000,种用燕麦,加拿大,一般贸易,58000,100000,.58,1,0,0,0,0,0,0,进口,千克,usd,oats,2017,6,2,2017q2,-.5447271754416722,-1.308541112548768,-.4120829068698603,.8964582056789078,-1.744775582843525,3.871201010907891
5576,2019,2019-07,北京市,oats,10041000,种用燕麦,加拿大,一般贸易,92220,159000,.58,1,0,0,0,0,0,0,进口,千克,usd,oats,2019,7,3,2019q3,-.5447271754416722,-1.308541112548768,-.4120829068698603,.8964582056789078,-1.744775582843525,3.871201010907891
3607,2021,2021-04,北京市,oats,10041000,种用燕麦,加拿大,一般贸易,1239083,2130310,.5816444555017815,1,0,0,0,0,0,0,进口,千克,usd,oats,2021,4,2,2021q2,-.5418959191265563,-1.308541112548768,-.4120829068698603,.8964582056789078,-1.744775582843525,3.871201010907891
2824,2021,2021-03,北京市,oats,10041000,种用燕麦,美国,一般贸易,306212,524937,.5833309520952038,1,0,0,0,0,0,0,进口,千克,usd,oats,2021,3,1,2021q1,-.5390005828635267,-1.308541112548768,-.4120829068698603,.8964582056789078,-1.744775582843525,3.871201010907891
4218,2020,2020-04,北京市,oats,10041000,种用燕麦,美国,一般贸易,216437,370138,.5847467701235756,1,0,0,0,0,0,0,进口,千克,usd,oats,2020,4,2,2020q2,-.5365763970498616,-1.308541112548768,-.4120829068698603,.8964582056789078,-1.744775582843525,3.871201010907891
6957,2017,2017-04,北京市,oats,10041000,种用燕麦,美国,一般贸易,622717,1062430,.5861252035428216,1,0,0,0,0,0,0,进口,千克,usd,oats,2017,4,2,2017q2,-.5342218543038241,-1.308541112548768,-.4120829068698603,.8964582056789078,-1.744775582843525,3.871201010907891
5022,2019,2019-03,北京市,oats,10041000,种用燕麦,加拿大,一般贸易,366185,624475,.5863885663957724,1,0,0,0,0,0,0,进口,千克,usd,oats,2019,3,1,2019q1,-.5337726265606076,-1.308541112548768,-.4120829068698603,.8964582056789078,-1.744775582843525,3.871201010907891
4622,2020,2020-03,甘肃省,oats,10041000,种用燕麦,美国,一般贸易,173862,296336,.5867056314453863,1,0,0,0,0,0,0,进口,千克,usd,oats,2020,3,1,2020q1,-.5332320645871222,-1.308541112548768,-.4120829068698603,.8964582056789078,-1.744775582843525,3.871201010907891
6956,2017,2017-04,北京市,oats,10041000,种用燕麦,加拿大,一般贸易,926773,1574000,.5888011435832274,1,0,0,0,0,0,0,进口,千克,usd,oats,2017,4,2,2017q2,-.529666769342408,-1.308541112548768,-.4120829068698603,.8964582056789078,-1.744775582843525,3.871201010907891
1918,2022,2022-02,北京市,oats,10041000,种用燕麦,美国,一般贸易,305237,517938,.5893311554664844,1,0,0,0,0,0,0,进口,千克,usd,oats,2022,2,1,2022q1,-.5287670199349087,-1.308541112548768,-.4120829068698603,.8964582056789078,-1.744775582843525,3.871201010907891
5389,2019,2019-04,甘肃省,oats,10041000,种用燕麦,美国,一般贸易,58877,99792,.5899971941638609,1,0,0,0,0,0,0,进口,千克,usd,oats,2019,4,2,2019q2,-.5276374977481532,-1.308541112548768,-.4120829068698603,.8964582056789078,-1.744775582843525,3.871201010907891
2945,2021,2021-06,北京市,oats,10041000,种用燕麦,加拿大,一般贸易,867717,1470230,.5901913306081361,1,0,0,0,0,0,0,进口,千克,usd,oats,2021,6,2,2021q2,-.5273085054864062,-1.308541112548768,-.4120829068698603,.8964582056789078,-1.744775582843525,3.871201010907891
6586,2017,2017-06,北京市,oats,10041000,种用燕麦,美国,一般贸易,162250,274428,.5912297578964245,1,0,0,0,0,0,0,进口,千克,usd,oats,2017,6,2,2017q2,-.5255505758780474,-1.308541112548768,-.4120829068698603,.8964582056789078,-1.744775582843525,3.871201010907891
3738,2021,2021-05,北京市,oats,10041000,种用燕麦,加拿大,一般贸易,926750,1563000,.5929302623160588,1,0,0,0,0,0,0,进口,千克,usd,oats,2021,5,2,2021q2,-.522678488390635,-1.308541112548768,-.4120829068698603,.8964582056789078,-1.744775582843525,3.871201010907891
3859,2021,2021-05,北京市,oats,10041000,种用燕麦,加拿大,一般贸易,926750,1563000,.5929302623160588,1,0,0,0,0,0,0,进口,千克,usd,oats,2021,5,2,2021q2,-.522678488390635,-1.308541112548768,-.4120829068698603,.8964582056789078,-1.744775582843525,3.871201010907891
5140,2019,2019-01,北京市,oats,10041000,种用燕麦,加拿大,一般贸易,550250,925000,.5948648648648649,1,0,0,0,0,0,0,进口,千克,usd,oats,2019,1,1,2019q1,-.5194210171058541,-1.308541112548768,-.4120829068698603,.8964582056789078,-1.744775582843525,3.871201010907891
4845,2020,2020-05,北京市,oats,10041000,种用燕麦,加拿大,一般贸易,1420250,2375000,.598,1,0,0,0,0,0,0,进口,千克,usd,oats,2020,5,2,2020q2,-.5141645250315053,-1.308541112548768,-.4120829068698603,.8964582056789078,-1.744775582843525,3.871201010907891
3964,2020,2020-05,北京市,oats,10041000,种用燕麦,加拿大,一般贸易,1420250,2375000,.598,1,0,0,0,0,0,0,进口,千克,usd,oats,2020,5,2,2020q2,-.5141645250315053,-1.308541112548768,-.4120829068698603,.8964582056789078,-1.744775582843525,3.871201010907891
5085,2019,2019-02,北京市,oats,10041000,种用燕麦,加拿大,一般贸易,344000,575000,.5982608695652174,1,0,0,0,0,0,0,进口,千克,usd,oats,2019,2,1,2019q1,-.5137283834239521,-1.308541112548768,-.4120829068698603,.8964582056789078,-1.744775582843525,3.871201010907891
7154,2017,2017-03,北京市,oats,10041000,种用燕麦,美国,一般贸易,786622,1312750,.5992169110645591,1,0,0,0,0,0,0,进口,千克,usd,oats,2017,3,1,2017q1,-.5121316244394656,-1.308541112548768,-.4120829068698603,.8964582056789078,-1.744775582843525,3.871201010907891
5985,2018,2018-12,北京市,oats,10041000,种用燕麦,加拿大,一般贸易,45000,75000,.6,1,0,0,0,0,0,0,进口,千克,usd,oats,2018,12,4,2018q4,-.5108256237659907,-1.308541112548768,-.4120829068698603,.8964582056789078,-1.744775582843525,3.871201010907891
4217,2020,2020-04,北京市,oats,10041000,种用燕麦,加拿大,一般贸易,700460,1162000,.6028055077452668,1,0,0,0,0,0,0,进口,千克,usd,oats,2020,4,2,2020q2,-.5061606753351302,-1.308541112548768,-.4120829068698603,.8964582056789078,-1.744775582843525,3.871201010907891
5387,2019,2019-04,北京市,oats,10041000,种用燕麦,加拿大,一般贸易,512500,850000,.6029411764705882,1,0,0,0,0,0,0,进口,千克,usd,oats,2019,4,2,2019q2,-.5059356384717989,-1.308541112548768,-.4120829068698603,.8964582056789078,-1.744775582843525,3.871201010907891
6171,2018,2018-11,北京市,oats,10041000,种用燕麦,澳大利亚,一般贸易,15092,25000,.60368,1,0,0,0,0,0,0,进口,千克,usd,oats,2018,11,4,2018q4,-.5047110227661368,-1.308541112548768,-.4120829068698603,.8964582056789078,-1.744775582843525,3.871201010907891
4389,2020,2020-06,北京市,oats,10041000,种用燕麦,加拿大,一般贸易,411326,679500,.605336276674025,1,0,0,0,0,0,0,进口,千克,usd,oats,2020,6,2,2020q2,-.5019711461538717,-1.308541112548768,-.4120829068698603,.8964582056789078,-1.744775582843525,3.871201010907891
4621,2020,2020-03,北京市,oats,10041000,种用燕麦,美国,一般贸易,327024,539874,.6057413396459174,1,0,0,0,0,0,0,进口,千克,usd,oats,2020,3,1,2020q1,-.5013022162991072,-1.308541112548768,-.4120829068698603,.8964582056789078,-1.744775582843525,3.871201010907891
2016,2022,2022-03,北京市,oats,10041000,种用燕麦,美国,一般贸易,403497,663696,.6079545454545454,1,0,0,0,0,0,0,进口,千克,usd,oats,2022,3,1,2022q1,-.4976551605762456,-1.308541112548768,-.4120829068698603,.8964582056789078,-1.744775582843525,3.871201010907891
6876,2017,2017-05,北京市,oats,10041000,种用燕麦,加拿大,一般贸易,532125,875000,.6081428571428571,1,0,0,0,0,0,0,进口,千克,usd,oats,2017,5,2,2017q2,-.4973454622092981,-1.308541112548768,-.4120829068698603,.8964582056789078,-1.744775582843525,3.871201010907891
3061,2021,2021-07,北京市,oats,10041000,种用燕麦,加拿大,一般贸易,607810,997420,.6093822060917167,1,0,0,0,0,0,0,进口,千克,usd,oats,2021,7,3,2021q3,-.4953096119186661,-1.308541112548768,-.4120829068698603,.8964582056789078,-1.744775582843525,3.871201010907891
4533,2020,2020-02,北京市,oats,10041000,种用燕麦,美国,一般贸易,165252,270749,.6103512847692881,1,0,0,0,0,0,0,进口,千克,usd,oats,2020,2,1,2020q1,-.4937206108971535,-1.308541112548768,-.4120829068698603,.8964582056789078,-1.744775582843525,3.871201010907891
4620,2020,2020-03,北京市,oats,10041000,种用燕麦,加拿大,一般贸易,624130,1021000,.6112928501469148,1,0,0,0,0,0,0,进口,千克,usd,oats,2020,3,1,2020q1,-.4921791381602798,-1.308541112548768,-.4120829068698603,.8964582056789078,-1.744775582843525,3.871201010907891
7220,2017,2017-02,北京市,oats,10041000,种用燕麦,加拿大,一般贸易,643750,1050000,.6130952380952381,1,0,0,0,0,0,0,进口,千克,usd,oats,2017,2,1,2017q1,-.4892349911736231,-1.308541112548768,-.4120829068698603,.8964582056789078,-1.744775582843525,3.871201010907891
2825,2021,2021-03,甘肃省,oats,10041000,种用燕麦,美国,一般贸易,89695,146150,.6137187820732124,1,0,0,0,0,0,0,进口,千克,usd,oats,2021,3,1,2021q1,-.4882184654062011,-1.308541112548768,-.4120829068698603,.8964582056789078,-1.744775582843525,3.871201010907891
5709,2018,2018-02,北京市,oats,10041000,种用燕麦,加拿大,一般贸易,308750,500000,.6175,1,0,0,0,0,0,0,进口,千克,usd,oats,2018,2,1,2018q1,-.4820762104800047,-1.308541112548768,-.4120829068698603,.8964582056789078,-1.744775582843525,3.871201010907891
5199,2019,2019-05,北京市,oats,10041000,种用燕麦,加拿大,一般贸易,108500,175000,.62,1,0,0,0,0,0,0,进口,千克,usd,oats,2019,5,2,2019q2,-.4780358009429998,-1.308541112548768,-.4120829068698603,.8964582056789078,-1.744775582843525,3.871201010907891
2745,2021,2021-02,北京市,oats,10041000,种用燕麦,加拿大,一般贸易,467250,750000,.623,1,0,0,0,0,0,0,进口,千克,usd,oats,2021,2,1,2021q1,-.4732087601946839,-1.308541112548768,-.4120829068698603,.8964582056789078,-1.744775582843525,3.871201010907891
2823,2021,2021-03,北京市,oats,10041000,种用燕麦,加拿大,一般贸易,877110,1406000,.6238335704125177,1,0,0,0,0,0,0,进口,千克,usd,oats,2021,3,1,2021q1,-.4718716602697395,-1.308541112548768,-.4120829068698603,.8964582056789078,-1.744775582843525,3.871201010907891
581,2023,2023-02,内蒙古自治区,oats,10041000,种用燕麦,加拿大,一般贸易,250000,400000,.625,1,0,0,0,0,0,0,进口,千克,usd,oats,2023,2,1,2023q1,-.4700036292457356,-1.308541112548768,-.4120829068698603,.8964582056789078,-1.744775582843525,3.871201010907891
7153,2017,2017-03,北京市,oats,10041000,种用燕麦,加拿大,一般贸易,1065380,1700000,.6266941176470588,1,0,0,0,0,0,0,进口,千克,usd,oats,2017,3,1,2017q1,-.4672967080297072,-1.308541112548768,-.4120829068698603,.8964582056789078,-1.744775582843525,3.871201010907891
5524,2019,2019-06,甘肃省,oats,10041000,种用燕麦,美国,一般贸易,111291,177357,.6274970821563287,1,0,0,0,0,0,0,进口,千克,usd,oats,2019,6,2,2019q2,-.4660162579370829,-1.308541112548768,-.4120829068698603,.8964582056789078,-1.744775582843525,3.871201010907891
3966,2020,2020-05,甘肃省,oats,10041000,种用燕麦,美国,一般贸易,43583,69401,.6279880693361767,1,0,0,0,0,0,0,进口,千克,usd,oats,2020,5,2,2020q2,-.4652341105667304,-1.308541112548768,-.4120829068698603,.8964582056789078,-1.744775582843525,3.871201010907891
4847,2020,2020-05,甘肃省,oats,10041000,种用燕麦,美国,一般贸易,43583,69401,.6279880693361767,1,0,0,0,0,0,0,进口,千克,usd,oats,2020,5,2,2020q2,-.4652341105667304,-1.308541112548768,-.4120829068698603,.8964582056789078,-1.744775582843525,3.871201010907891
6233,2018,2018-05,北京市,oats,10041000,种用燕麦,加拿大,一般贸易,378000,600000,.63,1,0,0,0,0,0,0,进口,千克,usd,oats,2018,5,2,2018q2,-.4620354595965587,-1.308541112548768,-.4120829068698603,.8964582056789078,-1.744775582843525,3.871201010907891
5907,2018,2018-06,北京市,oats,10041000,种用燕麦,加拿大,一般贸易,411500,650000,.6330769230769231,1,0,0,0,0,0,0,进口,千克,usd,oats,2018,6,2,2018q2,-.4571633427725583,-1.308541112548768,-.4120829068698603,.8964582056789078,-1.744775582843525,3.871201010907891
6877,2017,2017-05,北京市,oats,10041000,种用燕麦,美国,一般贸易,277647,436783,.6356634759136688,1,0,0,0,0,0,0,进口,千克,usd,oats,2017,5,2,2017q2,-.4530859816004401,-1.308541112548768,-.4120829068698603,.8964582056789078,-1.744775582843525,3.871201010907891
5773,2018,2018-03,北京市,oats,10041000,种用燕麦,加拿大,一般贸易,303250,475000,.638421052631579,1,0,0,0,0,0,0,进口,千克,usd,oats,2018,3,1,2018q1,-.4487572562104816,-1.308541112548768,-.4120829068698603,.8964582056789078,-1.744775582843525,3.871201010907891
6060,2018,2018-04,北京市,oats,10041000,种用燕麦,加拿大,一般贸易,447000,700000,.6385714285714286,1,0,0,0,0,0,0,进口,千克,usd,oats,2018,4,2,2018q2,-.4485217404298358,-1.308541112548768,-.4120829068698603,.8964582056789078,-1.744775582843525,3.871201010907891
3740,2021,2021-05,甘肃省,oats,10041000,种用燕麦,美国,一般贸易,203150,317066,.6407183362454505,1,0,0,0,0,0,0,进口,千克,usd,oats,2021,5,2,2021q2,-.4451653316652832,-1.308541112548768,-.4120829068698603,.8964582056789078,-1.744775582843525,3.871201010907891
3861,2021,2021-05,甘肃省,oats,10041000,种用燕麦,美国,一般贸易,203150,317066,.6407183362454505,1,0,0,0,0,0,0,进口,千克,usd,oats,2021,5,2,2021q2,-.4451653316652832,-1.308541112548768,-.4120829068698603,.8964582056789078,-1.744775582843525,3.871201010907891
5639,2018,2018-01,北京市,oats,10041000,种用燕麦,加拿大,一般贸易,128500,200000,.6425,1,0,0,0,0,0,0,进口,千克,usd,oats,2018,1,1,2018q1,-.4423884622127622,-1.308541112548768,-.4120829068698603,.8964582056789078,-1.744775582843525,3.871201010907891
3141,2021,2021-08,北京市,oats,10041000,种用燕麦,加拿大,一般贸易,144977,225000,.6443422222222223,1,0,0,0,0,0,0,进口,千克,usd,oats,2021,8,3,2021q3,-.4395252930550929,-1.308541112548768,-.4120829068698603,.8964582056789078,-1.744775582843525,3.871201010907891
7085,2017,2017-01,北京市,oats,10041000,种用燕麦,加拿大,一般贸易,338625,525000,.645,1,0,0,0,0,0,0,进口,千克,usd,oats,2017,1,1,2017q1,-.4385049621863645,-1.308541112548768,-.4120829068698603,.8964582056789078,-1.744775582843525,3.871201010907891
4459,2020,2020-07,北京市,oats,10041000,种用燕麦,加拿大,一般贸易,137875,212500,.6488235294117647,1,0,0,0,0,0,0,进口,千克,usd,oats,2020,7,3,2020q3,-.432594510790805,-1.308541112548768,-.4120829068698603,.8964582056789078,-1.744775582843525,3.871201010907891
1104,2023,2023-06,内蒙古自治区,oats,10041000,种用燕麦,加拿大,一般贸易,32500,50000,.65,1,0,0,0,0,0,0,进口,千克,usd,oats,2023,6,2,2023q2,-.4307829160924542,-1.308541112548768,-.4120829068698603,.8964582056789078,-1.744775582843525,3.871201010907891
5840,2018,2018-07,甘肃省,oats,10041000,种用燕麦,美国,一般贸易,129730,199584,.6500020041686708,1,0,0,0,0,0,0,进口,千克,usd,oats,2018,7,3,2018q3,-.4307798327607911,-1.308541112548768,-.4120829068698603,.8964582056789078,-1.744775582843525,3.871201010907891
6735,2017,2017-07,甘肃省,oats,10041000,种用燕麦,美国,一般贸易,129730,199584,.6500020041686708,1,0,0,0,0,0,0,进口,千克,usd,oats,2017,7,3,2017q3,-.4307798327607911,-1.308541112548768,-.4120829068698603,.8964582056789078,-1.744775582843525,3.871201010907891
6812,2017,2017-11,北京市,oats,10041000,种用燕麦,澳大利亚,一般贸易,32694,50000,.65388,1,0,0,0,0,0,0,进口,千克,usd,oats,2017,11,4,2017q4,-.4248314305991298,-1.308541112548768,-.4120829068698603,.8964582056789078,-1.744775582843525,3.871201010907891
2238,2022,2022-05,北京市,oats,10041000,种用燕麦,美国,一般贸易,111256,169237,.6573976139969392,1,0,0,0,0,0,0,进口,千克,usd,oats,2022,5,2,2022q2,-.4194662472126063,-1.308541112548768,-.4120829068698603,.8964582056789078,-1.744775582843525,3.871201010907891
2658,2021,2021-01,北京市,oats,10041000,种用燕麦,加拿大,一般贸易,49500,75000,.66,1,0,0,0,0,0,0,进口,千克,usd,oats,2021,1,1,2021q1,-.4155154439616658,-1.308541112548768,-.4120829068698603,.8964582056789078,-1.744775582843525,3.871201010907891
5200,2019,2019-05,北京市,oats,10041000,种用燕麦,美国,一般贸易,52450,78926,.6645465372627525,1,0,0,0,0,0,0,进口,千克,usd,oats,2019,5,2,2019q2,-.4086503697780548,-1.308541112548768,-.4120829068698603,.8964582056789078,-1.744775582843525,3.871201010907891
3608,2021,2021-04,甘肃省,oats,10041000,种用燕麦,加拿大,一般贸易,83750,125000,.67,1,0,0,0,0,0,0,进口,千克,usd,oats,2021,4,2,2021q2,-.4004775665971252,-1.308541112548768,-.4120829068698603,.8964582056789078,-1.744775582843525,3.871201010907891
2946,2021,2021-06,甘肃省,oats,10041000,种用燕麦,加拿大,一般贸易,184250,275000,.67,1,0,0,0,0,0,0,进口,千克,usd,oats,2021,6,2,2021q2,-.4004775665971252,-1.308541112548768,-.4120829068698603,.8964582056789078,-1.744775582843525,3.871201010907891
4390,2020,2020-06,甘肃省,oats,10041000,种用燕麦,加拿大,一般贸易,50251,75000,.6700133333333333,1,0,0,0,0,0,0,进口,千克,usd,oats,2020,6,2,2020q2,-.4004576662976251,-1.308541112548768,-.4120829068698603,.8964582056789078,-1.744775582843525,3.871201010907891
5908,2018,2018-06,北京市,oats,10041000,种用燕麦,美国,一般贸易,63540,93442,.6799940069775904,1,0,0,0,0,0,0,进口,千克,usd,oats,2018,6,2,2018q2,-.3856712941190712,-1.308541112548768,-.4120829068698603,.8964582056789078,-1.744775582843525,3.871201010907891
5710,2018,2018-02,北京市,oats,10041000,种用燕麦,澳大利亚,一般贸易,17184,25000,.68736,1,0,0,0,0,0,0,进口,千克,usd,oats,2018,2,1,2018q1,-.3748971065417466,-1.308541112548768,-.4120829068698603,.8964582056789078,-1.744775582843525,3.871201010907891
4219,2020,2020-04,甘肃省,oats,10041000,种用燕麦,美国,一般贸易,86570,124740,.6940035273368607,1,0,0,0,0,0,0,进口,千克,usd,oats,2020,4,2,2020q2,-.3652782358702942,-1.308541112548768,-.4120829068698603,.8964582056789078,-1.744775582843525,3.871201010907891
2747,2021,2021-02,甘肃省,oats,10041000,种用燕麦,美国,一般贸易,35000,49896,.7014590347923682,1,0,0,0,0,0,0,进口,千克,usd,oats,2021,2,1,2021q1,-.3545927777344078,-1.308541112548768,-.4120829068698603,.8964582056789078,-1.744775582843525,3.871201010907891
1836,2022,2022-01,北京市,oats,10041000,种用燕麦,加拿大,一般贸易,637000,875000,.728,1,0,0,0,0,0,0,进口,千克,usd,oats,2022,1,1,2022q1,-.3174542307854511,-1.308541112548768,-.4120829068698603,.8964582056789078,-1.744775582843525,3.871201010907891
1103,2023,2023-06,北京市,oats,10041000,种用燕麦,加拿大,一般贸易,110291,150000,.7352733333333333,1,0,0,0,0,0,0,进口,千克,usd,oats,2023,6,2,2023q2,-.307512966814137,-1.308541112548768,-.4120829068698603,.8964582056789078,-1.744775582843525,3.871201010907891
3490,2021,2021-12,北京市,oats,10041000,种用燕麦,加拿大,一般贸易,318750,425000,.75,1,0,0,0,0,0,0,进口,千克,usd,oats,2021,12,4,2021q4,-.2876820724517809,-1.308541112548768,-.4120829068698603,.8964582056789078,-1.744775582843525,3.871201010907891
2406,2022,2022-07,北京市,oats,10041000,种用燕麦,加拿大,一般贸易,190000,250000,.76,1,0,0,0,0,0,0,进口,千克,usd,oats,2022,7,3,2022q3,-.2744368457017603,-1.308541112548768,-.4120829068698603,.8964582056789078,-1.744775582843525,3.871201010907891
2131,2022,2022-04,北京市,oats,10041000,种用燕麦,美国,一般贸易,495355,641503,.7721787739106443,1,0,0,0,0,0,0,进口,千克,usd,oats,2022,4,2,2022q2,-.2585391833430014,-1.308541112548768,-.4120829068698603,.8964582056789078,-1.744775582843525,3.871201010907891
6516,2017,2017-08,北京市,oats,10041000,种用燕麦,澳大利亚,一般贸易,154555,200000,.772775,1,0,0,0,0,0,0,进口,千克,usd,oats,2017,8,3,2017q3,-.2577673465035784,-1.308541112548768,-.4120829068698603,.8964582056789078,-1.744775582843525,3.871201010907891
712,2023,2023-03,北京市,oats,10041000,种用燕麦,加拿大,一般贸易,925774,1196470,.773754461039558,1,0,0,0,0,0,0,进口,千克,usd,oats,2023,3,1,2023q1,-.2565006895207166,-1.308541112548768,-.4120829068698603,.8964582056789078,-1.744775582843525,3.871201010907891
463,2023,2023-01,北京市,oats,10041000,种用燕麦,加拿大,一般贸易,613388,756000,.8113597883597884,1,0,0,0,0,0,0,进口,千克,usd,oats,2023,1,1,2023q1,-.2090436877817099,-1.308541112548768,-.4120829068698603,.8964582056789078,-1.744775582843525,3.871201010907891
2017,2022,2022-03,甘肃省,oats,10041000,种用燕麦,美国,一般贸易,144287,175929,.8201433532845637,1,0,0,0,0,0,0,进口,千克,usd,oats,2022,3,1,2022q1,-.1982761329245261,-1.308541112548768,-.4120829068698603,.8964582056789078,-1.744775582843525,3.871201010907891
582,2023,2023-02,北京市,oats,10041000,种用燕麦,美国,一般贸易,135725,163069,.8323163814090968,1,0,0,0,0,0,0,进口,千克,usd,oats,2023,2,1,2023q1,-.1835426443270614,-1.308541112548768,-.4120829068698603,.8964582056789078,-1.744775582843525,3.871201010907891
465,2023,2023-01,北京市,oats,10041000,种用燕麦,美国,一般贸易,188607,224532,.8400005344449789,1,0,0,0,0,0,0,进口,千克,usd,oats,2023,1,1,2023q1,-.1743527509009576,-1.308541112548768,-.4120829068698603,.8964582056789078,-1.744775582843525,3.871201010907891
2331,2022,2022-06,北京市,oats,10041000,种用燕麦,加拿大,一般贸易,658225,775000,.8493225806451613,1,0,0,0,0,0,0,进口,千克,usd,oats,2022,6,2,2022q2,-.1633162111892421,-1.308541112548768,-.4120829068698603,.8964582056789078,-1.744775582843525,3.871201010907891
2132,2022,2022-04,甘肃省,oats,10041000,种用燕麦,美国,一般贸易,163033,190730,.8547842499868925,1,0,0,0,0,0,0,进口,千克,usd,oats,2022,4,2,2022q2,-.1569061810848858,-1.308541112548768,-.4120829068698603,.8964582056789078,-1.744775582843525,3.871201010907891
1917,2022,2022-02,北京市,oats,10041000,种用燕麦,加拿大,一般贸易,923209,1072500,.8608009324009324,1,0,0,0,0,0,0,进口,千克,usd,oats,2022,2,1,2022q1,-.1498920063956819,-1.308541112548768,-.4120829068698603,.8964582056789078,-1.744775582843525,3.871201010907891
579,2023,2023-02,北京市,oats,10041000,种用燕麦,加拿大,一般贸易,1853826,2123280,.8730953995704759,1,0,0,0,0,0,0,进口,千克,usd,oats,2023,2,1,2023q1,-.1357104512544189,-1.308541112548768,-.4120829068698603,.8964582056789078,-1.744775582843525,3.871201010907891
839,2023,2023-04,北京市,oats,10041000,种用燕麦,美国,一般贸易,20898,23587,.8859965235087124,1,0,0,0,0,0,0,进口,千克,usd,oats,2023,4,2,2023q2,-.1210422521898193,-1.308541112548768,-.4120829068698603,.8964582056789078,-1.744775582843525,3.871201010907891
713,2023,2023-03,北京市,oats,10041000,种用燕麦,美国,一般贸易,62695,70762,.8859981345920127,1,0,0,0,0,0,0,进口,千克,usd,oats,2023,3,1,2023q1,-.1210404338058947,-1.308541112548768,-.4120829068698603,.8964582056789078,-1.744775582843525,3.871201010907891
969,2023,2023-05,北京市,oats,10041000,种用燕麦,加拿大,一般贸易,686522,768975,.8927754478364056,1,0,0,0,0,0,0,进口,千克,usd,oats,2023,5,2,2023q2,-.113420187916465,-1.308541112548768,-.4120829068698603,.8964582056789078,-1.744775582843525,3.871201010907891
838,2023,2023-04,北京市,oats,10041000,种用燕麦,加拿大,一般贸易,2213661,2427500,.9119097837281154,1,0,0,0,0,0,0,进口,千克,usd,oats,2023,4,2,2023q2,-.0922142151515958,-1.308541112548768,-.4120829068698603,.8964582056789078,-1.744775582843525,3.871201010907891
2014,2022,2022-03,北京市,oats,10041000,种用燕麦,加拿大,一般贸易,1226609,1333350,.9199452506843665,1,0,0,0,0,0,0,进口,千克,usd,oats,2022,3,1,2022q1,-.0834411208355374,-1.308541112548768,-.4120829068698603,.8964582056789078,-1.744775582843525,3.871201010907891
2015,2022,2022-03,甘肃省,oats,10041000,种用燕麦,加拿大,一般贸易,46500,50000,.93,1,0,0,0,0,0,0,进口,千克,usd,oats,2022,3,1,2022q1,-.0725706928348354,-1.308541112548768,-.4120829068698603,.8964582056789078,-1.744775582843525,3.871201010907891
2130,2022,2022-04,北京市,oats,10041000,种用燕麦,加拿大,一般贸易,1631184,1723500,.9464369016536118,1,0,0,0,0,0,0,进口,千克,usd,oats,2022,4,2,2022q2,-.0550509754745501,-1.308541112548768,-.4120829068698603,.8964582056789078,-1.744775582843525,3.871201010907891
1719,2022,2022-12,北京市,oats,10041000,种用燕麦,加拿大,一般贸易,241555,250000,.96622,1,0,0,0,0,0,0,进口,千克,usd,oats,2022,12,4,2022q4,-.0343637274279596,-1.308541112548768,-.4120829068698603,.8964582056789078,-1.744775582843525,3.871201010907891
2236,2022,2022-05,北京市,oats,10041000,种用燕麦,加拿大,一般贸易,786317,803000,.9792241594022416,1,0,0,0,0,0,0,进口,千克,usd,oats,2022,5,2,2022q2,-.0209946949362803,-1.308541112548768,-.4120829068698603,.8964582056789078,-1.744775582843525,3.871201010907891
2237,2022,2022-05,河北省,oats,10041000,种用燕麦,加拿大,一般贸易,25000,25000,1,1,0,0,0,0,0,0,进口,千克,usd,oats,2022,5,2,2022q2,0,-1.308541112548768,-.4120829068698603,.8964582056789078,-1.744775582843525,3.871201010907891
2489,2022,2022-08,北京市,oats,10041000,种用燕麦,加拿大,一般贸易,200000,200000,1,1,0,0,0,0,0,0,进口,千克,usd,oats,2022,8,3,2022q3,0,-1.308541112548768,-.4120829068698603,.8964582056789078,-1.744775582843525,3.871201010907891
2332,2022,2022-06,北京市,oats,10041000,种用燕麦,美国,一般贸易,175714,168740,1.041329856584094,1,0,0,0,0,0,0,进口,千克,usd,oats,2022,6,2,2022q2,.040498604556087,-1.308541112548768,-.4120829068698603,.8964582056789078,-1.744775582843525,3.871201010907891
580,2023,2023-02,河北省,oats,10041000,种用燕麦,加拿大,一般贸易,52500,50000,1.05,1,0,0,0,0,0,0,进口,千克,usd,oats,2023,2,1,2023q1,.048790164169432,-1.308541112548768,-.4120829068698603,.8964582056789078,-1.744775582843525,3.871201010907891
2407,2022,2022-07,北京市,oats,10041000,种用燕麦,美国,一般贸易,53448,47174,1.1329969898673,1,0,0,0,0,0,0,进口,千克,usd,oats,2022,7,3,2022q3,.1248663252614925,-1.308541112548768,-.4120829068698603,.8964582056789078,-1.744775582843525,3.871201010907891
6875,2017,2017-05,河北省,oats,10041000,种用燕麦,芬兰,一般贸易,5027,2000,2.5135,1,0,0,0,0,0,0,进口,千克,usd,oats,2017,5,2,2017q2,.9216762041504929,-1.308541112548768,-.4120829068698603,.8964582056789078,-1.744775582843525,3.871201010907891
2828,2021,2021-03,湖北省,oats,10049000,其他燕麦,德国,一般贸易,18,7,2.571428571428572,0,0,0,0,1,0,0,进口,千克,usd,oats,2021,3,1,2021q1,.9444616088408515,-1.308541112548768,-.4120829068698603,.8964582056789078,-1.744775582843525,3.871201010907891
4930,2019,2019-09,北京市,oats,10049000,其他燕麦,美国,一般贸易,13,5,2.6,0,0,0,0,1,0,0,进口,千克,usd,oats,2019,9,3,2019q3,.9555114450274363,-1.308541112548768,-.4120829068698603,.8964582056789078,-1.744775582843525,3.871201010907891
4779,2020,2020-08,湖北省,oats,10049000,其他燕麦,德国,一般贸易,13,5,2.6,0,0,0,0,1,0,0,进口,千克,usd,oats,2020,8,3,2020q3,.9555114450274363,-1.308541112548768,-.4120829068698603,.8964582056789078,-1.744775582843525,3.871201010907891
2662,2021,2021-01,湖北省,oats,10049000,其他燕麦,德国,一般贸易,17,6,2.833333333333333,0,0,0,0,1,0,0,进口,千克,usd,oats,2021,1,1,2021q1,1.041453874828161,-1.308541112548768,-.4120829068698603,.8964582056789078,-1.744775582843525,3.871201010907891
5274,2019,2019-11,广东省,oats,10049000,其他燕麦,中国,一般贸易,3,1,3,0,0,0,0,1,0,0,进口,千克,usd,oats,2019,11,4,2019q4,1.09861228866811,-1.308541112548768,-.4120829068698603,.8964582056789078,-1.744775582843525,3.871201010907891
5391,2019,2019-04,广东省,oats,10049000,其他燕麦,荷兰,一般贸易,6,2,3,0,0,0,0,1,0,0,进口,千克,usd,oats,2019,4,2,2019q2,1.09861228866811,-1.308541112548768,-.4120829068698603,.8964582056789078,-1.744775582843525,3.871201010907891
5918,2018,2018-06,北京市,oats,10049000,其他燕麦,澳大利亚,一般贸易,3,1,3,0,0,0,0,1,0,0,进口,千克,usd,oats,2018,6,2,2018q2,1.09861228866811,-1.308541112548768,-.4120829068698603,.8964582056789078,-1.744775582843525,3.871201010907891
6392,2018,2018-09,广东省,oats,10049000,其他燕麦,加拿大,一般贸易,196,63,3.111111111111111,0,0,0,0,1,0,0,进口,千克,usd,oats,2018,9,3,2018q3,1.134979932838984,-1.308541112548768,-.4120829068698603,.8964582056789078,-1.744775582843525,3.871201010907891
5092,2019,2019-02,广东省,oats,10049000,其他燕麦,美国,一般贸易,38,12,3.166666666666667,0,0,0,0,1,0,0,进口,千克,usd,oats,2019,2,1,2019q1,1.152679509938385,-1.308541112548768,-.4120829068698603,.8964582056789078,-1.744775582843525,3.871201010907891
5844,2018,2018-07,山东省,oats,10049000,其他燕麦,美国,一般贸易,215,66,3.257575757575758,0,0,0,0,1,0,0,进口,千克,usd,oats,2018,7,3,2018q3,1.180983286101237,-1.308541112548768,-.4120829068698603,.8964582056789078,-1.744775582843525,3.871201010907891
4308,2020,2020-12,湖北省,oats,10049000,其他燕麦,德国,一般贸易,80,24,3.333333333333333,0,0,0,0,1,0,0,进口,千克,usd,oats,2020,12,4,2020q4,1.203972804325936,-1.308541112548768,-.4120829068698603,.8964582056789078,-1.744775582843525,3.871201010907891
5335,2019,2019-10,上海市,oats,10049000,其他燕麦,奥地利,一般贸易,17,5,3.4,0,0,0,0,1,0,0,进口,千克,usd,oats,2019,10,4,2019q4,1.223775431622116,-1.308541112548768,-.4120829068698603,.8964582056789078,-1.744775582843525,3.871201010907891
5203,2019,2019-05,湖北省,oats,10049000,其他燕麦,德国,一般贸易,7,2,3.5,0,0,0,0,1,0,0,进口,千克,usd,oats,2019,5,2,2019q2,1.252762968495368,-1.308541112548768,-.4120829068698603,.8964582056789078,-1.744775582843525,3.871201010907891
6125,2018,2018-10,广东省,oats,10049000,其他燕麦,德国,一般贸易,15,4,3.75,0,0,0,0,1,0,0,进口,千克,usd,oats,2018,10,4,2018q4,1.321755839982319,-1.308541112548768,-.4120829068698603,.8964582056789078,-1.744775582843525,3.871201010907891
4701,2020,2020-09,湖北省,oats,10049000,其他燕麦,德国,一般贸易,15,4,3.75,0,0,0,0,1,0,0,进口,千克,usd,oats,2020,9,3,2020q3,1.321755839982319,-1.308541112548768,-.4120829068698603,.8964582056789078,-1.744775582843525,3.871201010907891
6135,2018,2018-10,四川省,oats,10049000,其他燕麦,美国,一般贸易,86,22,3.909090909090909,0,0,0,0,1,0,0,进口,千克,usd,oats,2018,10,4,2018q4,1.363304842895192,-1.308541112548768,-.4120829068698603,.8964582056789078,-1.744775582843525,3.871201010907891
6131,2018,2018-10,广东省,oats,10049000,其他燕麦,加拿大,一般贸易,63,16,3.9375,0,0,0,0,1,0,0,进口,千克,usd,oats,2018,10,4,2018q4,1.370546004151751,-1.308541112548768,-.4120829068698603,.8964582056789078,-1.744775582843525,3.871201010907891
5992,2018,2018-12,四川省,oats,10049000,其他燕麦,美国,一般贸易,4,1,4,0,0,0,0,1,0,0,进口,千克,usd,oats,2018,12,4,2018q4,1.386294361119891,-1.308541112548768,-.4120829068698603,.8964582056789078,-1.744775582843525,3.871201010907891
6245,2018,2018-05,浙江省,oats,10049000,其他燕麦,澳大利亚,一般贸易,4,1,4,0,0,0,0,1,0,0,进口,千克,usd,oats,2018,5,2,2018q2,1.386294361119891,-1.308541112548768,-.4120829068698603,.8964582056789078,-1.744775582843525,3.871201010907891
5916,2018,2018-06,山东省,oats,10049000,其他燕麦,美国,一般贸易,4,1,4,0,0,0,0,1,0,0,进口,千克,usd,oats,2018,6,2,2018q2,1.386294361119891,-1.308541112548768,-.4120829068698603,.8964582056789078,-1.744775582843525,3.871201010907891
5917,2018,2018-06,广东省,oats,10049000,其他燕麦,美国,一般贸易,1790,436,4.105504587155964,0,0,0,0,1,0,0,进口,千克,usd,oats,2018,6,2,2018q2,1.412328655485766,-1.308541112548768,-.4120829068698603,.8964582056789078,-1.744775582843525,3.871201010907891
5144,2019,2019-01,广东省,oats,10049000,其他燕麦,德国,一般贸易,90,21,4.285714285714286,0,0,0,0,1,0,0,进口,千克,usd,oats,2019,1,1,2019q1,1.455287232606842,-1.308541112548768,-.4120829068698603,.8964582056789078,-1.744775582843525,3.871201010907891
6321,2018,2018-08,广东省,oats,10049000,其他燕麦,加拿大,一般贸易,151,35,4.314285714285714,0,0,0,0,1,0,0,进口,千克,usd,oats,2018,8,3,2018q3,1.461931775325511,-1.308541112548768,-.4120829068698603,.8964582056789078,-1.744775582843525,3.871201010907891
6238,2018,2018-05,北京市,oats,10049000,其他燕麦,加拿大,一般贸易,82,19,4.315789473684211,0,0,0,0,1,0,0,进口,千克,usd,oats,2018,5,2,2018q2,1.462280268097813,-1.308541112548768,-.4120829068698603,.8964582056789078,-1.744775582843525,3.871201010907891
6325,2018,2018-08,广东省,oats,10049000,其他燕麦,美国,一般贸易,681,154,4.422077922077922,0,0,0,0,1,0,0,进口,千克,usd,oats,2018,8,3,2018q3,1.486609703735883,-1.308541112548768,-.4120829068698603,.8964582056789078,-1.744775582843525,3.871201010907891
5845,2018,2018-07,广东省,oats,10049000,其他燕麦,美国,一般贸易,1225,276,4.438405797101449,0,0,0,0,1,0,0,进口,千克,usd,oats,2018,7,3,2018q3,1.490295257261677,-1.308541112548768,-.4120829068698603,.8964582056789078,-1.744775582843525,3.871201010907891
6126,2018,2018-10,广东省,oats,10049000,其他燕麦,瑞典,一般贸易,543,120,4.525,0,0,0,0,1,0,0,进口,千克,usd,oats,2018,10,4,2018q4,1.50961757715189,-1.308541112548768,-.4120829068698603,.8964582056789078,-1.744775582843525,3.871201010907891
5926,2018,2018-06,广东省,oats,10049000,其他燕麦,新西兰,一般贸易,23,5,4.6,0,0,0,0,1,0,0,进口,千克,usd,oats,2018,6,2,2018q2,1.526056303495049,-1.308541112548768,-.4120829068698603,.8964582056789078,-1.744775582843525,3.871201010907891
6178,2018,2018-11,广东省,oats,10049000,其他燕麦,美国,一般贸易,569,123,4.626016260162602,0,0,0,0,1,0,0,进口,千克,usd,oats,2018,11,4,2018q4,1.531696078753913,-1.308541112548768,-.4120829068698603,.8964582056789078,-1.744775582843525,3.871201010907891
5915,2018,2018-06,北京市,oats,10049000,其他燕麦,美国,一般贸易,401,84,4.773809523809524,0,0,0,0,1,0,0,进口,千克,usd,oats,2018,6,2,2018q2,1.563144628463256,-1.308541112548768,-.4120829068698603,.8964582056789078,-1.744775582843525,3.871201010907891
6241,2018,2018-05,广东省,oats,10049000,其他燕麦,美国,一般贸易,967,198,4.883838383838384,0,0,0,0,1,0,0,进口,千克,usd,oats,2018,5,2,2018q2,1.585931464758759,-1.308541112548768,-.4120829068698603,.8964582056789078,-1.744775582843525,3.871201010907891
6239,2018,2018-05,北京市,oats,10049000,其他燕麦,美国,一般贸易,237,48,4.9375,0,0,0,0,1,0,0,进口,千克,usd,oats,2018,5,2,2018q2,1.59685913022724,-1.308541112548768,-.4120829068698603,.8964582056789078,-1.744775582843525,3.871201010907891
6387,2018,2018-09,广东省,oats,10049000,其他燕麦,德国,一般贸易,20,4,5,0,0,0,0,1,0,0,进口,千克,usd,oats,2018,9,3,2018q3,1.6094379124341,-1.308541112548768,-.4120829068698603,.8964582056789078,-1.744775582843525,3.871201010907891
6142,2018,2018-10,北京市,oats,10049000,其他燕麦,澳大利亚,其他,333,66,5.045454545454546,0,0,0,0,1,0,0,进口,千克,usd,oats,2018,10,4,2018q4,1.618487747954018,-1.308541112548768,-.4120829068698603,.8964582056789078,-1.744775582843525,3.871201010907891
5142,2019,2019-01,广东省,oats,10049000,其他燕麦,英国,一般贸易,36,7,5.142857142857143,0,0,0,0,1,0,0,进口,千克,usd,oats,2019,1,1,2019q1,1.637608789400797,-1.308541112548768,-.4120829068698603,.8964582056789078,-1.744775582843525,3.871201010907891
6240,2018,2018-05,山东省,oats,10049000,其他燕麦,美国,一般贸易,21,4,5.25,0,0,0,0,1,0,0,进口,千克,usd,oats,2018,5,2,2018q2,1.658228076603532,-1.308541112548768,-.4120829068698603,.8964582056789078,-1.744775582843525,3.871201010907891
4461,2020,2020-07,广东省,oats,10049000,其他燕麦,德国,一般贸易,16,3,5.333333333333333,0,0,0,0,1,0,0,进口,千克,usd,oats,2020,7,3,2020q3,1.673976433571672,-1.308541112548768,-.4120829068698603,.8964582056789078,-1.744775582843525,3.871201010907891
4051,2020,2020-11,福建省,oats,10049000,其他燕麦,美国,一般贸易,214,40,5.35,0,0,0,0,1,0,0,进口,千克,usd,oats,2020,11,4,2020q4,1.677096560907915,-1.308541112548768,-.4120829068698603,.8964582056789078,-1.744775582843525,3.871201010907891
5280,2019,2019-11,广东省,oats,10049000,其他燕麦,美国,一般贸易,128,23,5.565217391304348,0,0,0,0,1,0,0,进口,千克,usd,oats,2019,11,4,2019q4,1.716536047990467,-1.308541112548768,-.4120829068698603,.8964582056789078,-1.744775582843525,3.871201010907891
6174,2018,2018-11,北京市,oats,10049000,其他燕麦,加拿大,一般贸易,17,3,5.666666666666667,0,0,0,0,1,0,0,进口,千克,usd,oats,2018,11,4,2018q4,1.734601055388106,-1.308541112548768,-.4120829068698603,.8964582056789078,-1.744775582843525,3.871201010907891
5583,2019,2019-07,北京市,oats,10049000,其他燕麦,美国,一般贸易,17,3,5.666666666666667,0,0,0,0,1,0,0,进口,千克,usd,oats,2019,7,3,2019q3,1.734601055388106,-1.308541112548768,-.4120829068698603,.8964582056789078,-1.744775582843525,3.871201010907891
6319,2018,2018-08,山东省,oats,10049000,其他燕麦,德国,一般贸易,47,8,5.875,0,0,0,0,1,0,0,进口,千克,usd,oats,2018,8,3,2018q3,1.770706060030223,-1.308541112548768,-.4120829068698603,.8964582056789078,-1.744775582843525,3.871201010907891
6395,2018,2018-09,广东省,oats,10049000,其他燕麦,美国,一般贸易,689,117,5.888888888888889,0,0,0,0,1,0,0,进口,千克,usd,oats,2018,9,3,2018q3,1.773067336215903,-1.308541112548768,-.4120829068698603,.8964582056789078,-1.744775582843525,3.871201010907891
5090,2019,2019-02,北京市,oats,10049000,其他燕麦,美国,一般贸易,125,21,5.952380952380953,0,0,0,0,1,0,0,进口,千克,usd,oats,2019,2,1,2019q1,1.783791299578878,-1.308541112548768,-.4120829068698603,.8964582056789078,-1.744775582843525,3.871201010907891
5842,2018,2018-07,广东省,oats,10049000,其他燕麦,加拿大,一般贸易,24,4,6,0,0,0,0,1,0,0,进口,千克,usd,oats,2018,7,3,2018q3,1.791759469228055,-1.308541112548768,-.4120829068698603,.8964582056789078,-1.744775582843525,3.871201010907891
5913,2018,2018-06,上海市,oats,10049000,其他燕麦,加拿大,一般贸易,6,1,6,0,0,0,0,1,0,0,进口,千克,usd,oats,2018,6,2,2018q2,1.791759469228055,-1.308541112548768,-.4120829068698603,.8964582056789078,-1.744775582843525,3.871201010907891
5987,2018,2018-12,广东省,oats,10049000,其他燕麦,德国,一般贸易,90,15,6,0,0,0,0,1,0,0,进口,千克,usd,oats,2018,12,4,2018q4,1.791759469228055,-1.308541112548768,-.4120829068698603,.8964582056789078,-1.744775582843525,3.871201010907891
5025,2019,2019-03,广东省,oats,10049000,其他燕麦,德国,一般贸易,82,13,6.307692307692307,0,0,0,0,1,0,0,进口,千克,usd,oats,2019,3,1,2019q1,1.841769889802716,-1.308541112548768,-.4120829068698603,.8964582056789078,-1.744775582843525,3.871201010907891
5455,2019,2019-12,广东省,oats,10049000,其他燕麦,丹麦,一般贸易,13,2,6.5,0,0,0,0,1,0,0,进口,千克,usd,oats,2019,12,4,2019q4,1.871802176901591,-1.308541112548768,-.4120829068698603,.8964582056789078,-1.744775582843525,3.871201010907891
6390,2018,2018-09,北京市,oats,10049000,其他燕麦,加拿大,一般贸易,46,7,6.571428571428571,0,0,0,0,1,0,0,进口,千克,usd,oats,2018,9,3,2018q3,1.882731247433782,-1.308541112548768,-.4120829068698603,.8964582056789078,-1.744775582843525,3.871201010907891
6130,2018,2018-10,上海市,oats,10049000,其他燕麦,加拿大,一般贸易,20,3,6.666666666666667,0,0,0,0,1,0,0,进口,千克,usd,oats,2018,10,4,2018q4,1.897119984885881,-1.308541112548768,-.4120829068698603,.8964582056789078,-1.744775582843525,3.871201010907891
5843,2018,2018-07,北京市,oats,10049000,其他燕麦,美国,一般贸易,208,30,6.933333333333334,0,0,0,0,1,0,0,进口,千克,usd,oats,2018,7,3,2018q3,1.936340698039163,-1.308541112548768,-.4120829068698603,.8964582056789078,-1.744775582843525,3.871201010907891
5145,2019,2019-01,广东省,oats,10049000,其他燕麦,罗马尼亚,一般贸易,7,1,7,0,0,0,0,1,0,0,进口,千克,usd,oats,2019,1,1,2019q1,1.945910149055313,-1.308541112548768,-.4120829068698603,.8964582056789078,-1.744775582843525,3.871201010907891
6134,2018,2018-10,广东省,oats,10049000,其他燕麦,美国,一般贸易,660,93,7.096774193548387,0,0,0,0,1,0,0,进口,千克,usd,oats,2018,10,4,2018q4,1.959640341867215,-1.308541112548768,-.4120829068698603,.8964582056789078,-1.744775582843525,3.871201010907891
4780,2020,2020-08,广东省,oats,10049000,其他燕麦,德国,一般贸易,43,6,7.166666666666667,0,0,0,0,1,0,0,进口,千克,usd,oats,2020,8,3,2020q3,1.969440646465507,-1.308541112548768,-.4120829068698603,.8964582056789078,-1.744775582843525,3.871201010907891
4924,2019,2019-09,广东省,oats,10049000,其他燕麦,德国,一般贸易,74,10,7.4,0,0,0,0,1,0,0,进口,千克,usd,oats,2019,9,3,2019q3,2.001480000210124,-1.308541112548768,-.4120829068698603,.8964582056789078,-1.744775582843525,3.871201010907891
6388,2018,2018-09,上海市,oats,10049000,其他燕麦,克罗地亚,一般贸易,37,5,7.4,0,0,0,0,1,0,0,进口,千克,usd,oats,2018,9,3,2018q3,2.001480000210124,-1.308541112548768,-.4120829068698603,.8964582056789078,-1.744775582843525,3.871201010907891
6173,2018,2018-11,上海市,oats,10049000,其他燕麦,克罗地亚,一般贸易,37,5,7.4,0,0,0,0,1,0,0,进口,千克,usd,oats,2018,11,4,2018q4,2.001480000210124,-1.308541112548768,-.4120829068698603,.8964582056789078,-1.744775582843525,3.871201010907891
6128,2018,2018-10,广东省,oats,10049000,其他燕麦,克罗地亚,一般贸易,37,5,7.4,0,0,0,0,1,0,0,进口,千克,usd,oats,2018,10,4,2018q4,2.001480000210124,-1.308541112548768,-.4120829068698603,.8964582056789078,-1.744775582843525,3.871201010907891
5089,2019,2019-02,上海市,oats,10049000,其他燕麦,加拿大,一般贸易,15,2,7.5,0,0,0,0,1,0,0,进口,千克,usd,oats,2019,2,1,2019q1,2.014903020542265,-1.308541112548768,-.4120829068698603,.8964582056789078,-1.744775582843525,3.871201010907891
5152,2019,2019-01,陕西省,oats,10049000,其他燕麦,美国,一般贸易,15,2,7.5,0,0,0,0,1,0,0,进口,千克,usd,oats,2019,1,1,2019q1,2.014903020542265,-1.308541112548768,-.4120829068698603,.8964582056789078,-1.744775582843525,3.871201010907891
6235,2018,2018-05,广东省,oats,10049000,其他燕麦,德国,一般贸易,47,6,7.833333333333333,0,0,0,0,1,0,0,进口,千克,usd,oats,2018,5,2,2018q2,2.058388132482003,-1.308541112548768,-.4120829068698603,.8964582056789078,-1.744775582843525,3.871201010907891
6124,2018,2018-10,北京市,oats,10049000,其他燕麦,台澎金马关税区,一般贸易,8,1,8,0,0,0,0,1,0,0,进口,千克,usd,oats,2018,10,4,2018q4,2.079441541679836,-1.308541112548768,-.4120829068698603,.8964582056789078,-1.744775582843525,3.871201010907891
5147,2019,2019-01,北京市,oats,10049000,其他燕麦,加拿大,一般贸易,8,1,8,0,0,0,0,1,0,0,进口,千克,usd,oats,2019,1,1,2019q1,2.079441541679836,-1.308541112548768,-.4120829068698603,.8964582056789078,-1.744775582843525,3.871201010907891
6129,2018,2018-10,北京市,oats,10049000,其他燕麦,加拿大,一般贸易,8,1,8,0,0,0,0,1,0,0,进口,千克,usd,oats,2018,10,4,2018q4,2.079441541679836,-1.308541112548768,-.4120829068698603,.8964582056789078,-1.744775582843525,3.871201010907891
5912,2018,2018-06,北京市,oats,10049000,其他燕麦,加拿大,一般贸易,8,1,8,0,0,0,0,1,0,0,进口,千克,usd,oats,2018,6,2,2018q2,2.079441541679836,-1.308541112548768,-.4120829068698603,.8964582056789078,-1.744775582843525,3.871201010907891
5088,2019,2019-02,北京市,oats,10049000,其他燕麦,加拿大,一般贸易,16,2,8,0,0,0,0,1,0,0,进口,千克,usd,oats,2019,2,1,2019q1,2.079441541679836,-1.308541112548768,-.4120829068698603,.8964582056789078,-1.744775582843525,3.871201010907891
6813,2017,2017-11,北京市,oats,10041000,种用燕麦,澳大利亚,其他,138,17,8.117647058823529,1,0,0,0,1,0,0,进口,千克,usd,oats,2017,11,4,2017q4,2.094040341100988,-1.308541112548768,-.4120829068698603,.8964582056789078,-1.744775582843525,3.871201010907891
4975,2019,2019-08,广东省,oats,10049000,其他燕麦,德国,一般贸易,41,5,8.199999999999999,0,0,0,0,1,0,0,进口,千克,usd,oats,2019,8,3,2019q3,2.104134154270207,-1.308541112548768,-.4120829068698603,.8964582056789078,-1.744775582843525,3.871201010907891
6172,2018,2018-11,广东省,oats,10049000,其他燕麦,德国,一般贸易,34,4,8.5,0,0,0,0,1,0,0,进口,千克,usd,oats,2018,11,4,2018q4,2.140066163496271,-1.308541112548768,-.4120829068698603,.8964582056789078,-1.744775582843525,3.871201010907891
5149,2019,2019-01,北京市,oats,10049000,其他燕麦,美国,一般贸易,605,69,8.768115942028986,0,0,0,0,1,0,0,进口,千克,usd,oats,2019,1,1,2019q1,2.171121953433582,-1.308541112548768,-.4120829068698603,.8964582056789078,-1.744775582843525,3.871201010907891
5278,2019,2019-11,广东省,oats,10049000,其他燕麦,加拿大,一般贸易,44,5,8.800000000000001,0,0,0,0,1,0,0,进口,千克,usd,oats,2019,11,4,2019q4,2.174751721484161,-1.308541112548768,-.4120829068698603,.8964582056789078,-1.744775582843525,3.871201010907891
4220,2020,2020-04,天津市,oats,10049000,其他燕麦,中国台湾,一般贸易,9,1,9,0,0,0,0,1,0,0,进口,千克,usd,oats,2020,4,2,2020q2,2.19722457733622,-1.308541112548768,-.4120829068698603,.8964582056789078,-1.744775582843525,3.871201010907891
5028,2019,2019-03,北京市,oats,10049000,其他燕麦,加拿大,一般贸易,9,1,9,0,0,0,0,1,0,0,进口,千克,usd,oats,2019,3,1,2019q1,2.19722457733622,-1.308541112548768,-.4120829068698603,.8964582056789078,-1.744775582843525,3.871201010907891
6127,2018,2018-10,上海市,oats,10049000,其他燕麦,克罗地亚,一般贸易,18,2,9,0,0,0,0,1,0,0,进口,千克,usd,oats,2018,10,4,2018q4,2.19722457733622,-1.308541112548768,-.4120829068698603,.8964582056789078,-1.744775582843525,3.871201010907891
5146,2019,2019-01,上海市,oats,10049000,其他燕麦,克罗地亚,一般贸易,18,2,9,0,0,0,0,1,0,0,进口,千克,usd,oats,2019,1,1,2019q1,2.19722457733622,-1.308541112548768,-.4120829068698603,.8964582056789078,-1.744775582843525,3.871201010907891
6389,2018,2018-09,广东省,oats,10049000,其他燕麦,克罗地亚,一般贸易,18,2,9,0,0,0,0,1,0,0,进口,千克,usd,oats,2018,9,3,2018q3,2.19722457733622,-1.308541112548768,-.4120829068698603,.8964582056789078,-1.744775582843525,3.871201010907891
5914,2018,2018-06,广东省,oats,10049000,其他燕麦,加拿大,一般贸易,9,1,9,0,0,0,0,1,0,0,进口,千克,usd,oats,2018,6,2,2018q2,2.19722457733622,-1.308541112548768,-.4120829068698603,.8964582056789078,-1.744775582843525,3.871201010907891
6132,2018,2018-10,北京市,oats,10049000,其他燕麦,美国,一般贸易,239,26,9.192307692307692,0,0,0,0,1,0,0,进口,千克,usd,oats,2018,10,4,2018q4,2.218367013910028,-1.308541112548768,-.4120829068698603,.8964582056789078,-1.744775582843525,3.871201010907891
4980,2019,2019-08,北京市,oats,10049000,其他燕麦,美国,一般贸易,111,12,9.25,0,0,0,0,1,0,0,进口,千克,usd,oats,2019,8,3,2019q3,2.224623551524334,-1.308541112548768,-.4120829068698603,.8964582056789078,-1.744775582843525,3.871201010907891
4981,2019,2019-08,广东省,oats,10049000,其他燕麦,美国,一般贸易,19,2,9.5,0,0,0,0,1,0,0,进口,千克,usd,oats,2019,8,3,2019q3,2.251291798606495,-1.308541112548768,-.4120829068698603,.8964582056789078,-1.744775582843525,3.871201010907891
6175,2018,2018-11,上海市,oats,10049000,其他燕麦,加拿大,一般贸易,29,3,9.666666666666666,0,0,0,0,1,0,0,进口,千克,usd,oats,2018,11,4,2018q4,2.268683541318364,-1.308541112548768,-.4120829068698603,.8964582056789078,-1.744775582843525,3.871201010907891
6322,2018,2018-08,北京市,oats,10049000,其他燕麦,美国,一般贸易,582,60,9.699999999999999,0,0,0,0,1,0,0,进口,千克,usd,oats,2018,8,3,2018q3,2.272125885509337,-1.308541112548768,-.4120829068698603,.8964582056789078,-1.744775582843525,3.871201010907891
6393,2018,2018-09,北京市,oats,10049000,其他燕麦,美国,一般贸易,190,19,10,0,0,0,0,1,1,0,进口,千克,usd,oats,2018,9,3,2018q3,2.302585092994046,-1.308541112548768,-.4120829068698603,.8964582056789078,-1.744775582843525,3.871201010907891
4222,2020,2020-04,上海市,oats,10049000,其他燕麦,中国台湾,一般贸易,10,1,10,0,0,0,0,1,1,0,进口,千克,usd,oats,2020,4,2,2020q2,2.302585092994046,-1.308541112548768,-.4120829068698603,.8964582056789078,-1.744775582843525,3.871201010907891
5454,2019,2019-12,北京市,oats,10049000,其他燕麦,台澎金马关税区,一般贸易,10,1,10,0,0,0,0,1,1,0,进口,千克,usd,oats,2019,12,4,2019q4,2.302585092994046,-1.308541112548768,-.4120829068698603,.8964582056789078,-1.744775582843525,3.871201010907891
4923,2019,2019-09,北京市,oats,10049000,其他燕麦,台澎金马关税区,一般贸易,10,1,10,0,0,0,0,1,1,0,进口,千克,usd,oats,2019,9,3,2019q3,2.302585092994046,-1.308541112548768,-.4120829068698603,.8964582056789078,-1.744775582843525,3.871201010907891
6391,2018,2018-09,上海市,oats,10049000,其他燕麦,加拿大,一般贸易,30,3,10,0,0,0,0,1,1,0,进口,千克,usd,oats,2018,9,3,2018q3,2.302585092994046,-1.308541112548768,-.4120829068698603,.8964582056789078,-1.744775582843525,3.871201010907891
5530,2019,2019-06,北京市,oats,10049000,其他燕麦,美国,一般贸易,10,1,10,0,0,0,0,1,1,0,进口,千克,usd,oats,2019,6,2,2019q2,2.302585092994046,-1.308541112548768,-.4120829068698603,.8964582056789078,-1.744775582843525,3.871201010907891
5989,2018,2018-12,北京市,oats,10049000,其他燕麦,美国,一般贸易,272,27,10.07407407407407,0,0,0,0,1,1,0,进口,千克,usd,oats,2018,12,4,2018q4,2.309965200291668,-1.308541112548768,-.4120829068698603,.8964582056789078,-1.744775582843525,3.871201010907891
6176,2018,2018-11,北京市,oats,10049000,其他燕麦,美国,一般贸易,437,43,10.16279069767442,0,0,0,0,1,1,0,进口,千克,usd,oats,2018,11,4,2018q4,2.318733079402028,-1.308541112548768,-.4120829068698603,.8964582056789078,-1.744775582843525,3.871201010907891
2490,2022,2022-08,山东省,oats,10049000,其他燕麦,日本,一般贸易,42,4,10.5,0,0,0,0,1,1,0,进口,千克,usd,oats,2022,8,3,2022q3,2.351375257163478,-1.308541112548768,-.4120829068698603,.8964582056789078,-1.744775582843525,3.871201010907891
5339,2019,2019-10,广东省,oats,10049000,其他燕麦,美国,一般贸易,106,10,10.6,0,0,0,0,1,1,0,进口,千克,usd,oats,2019,10,4,2019q4,2.360854001118021,-1.308541112548768,-.4120829068698603,.8964582056789078,-1.744775582843525,3.871201010907891
5277,2019,2019-11,上海市,oats,10049000,其他燕麦,加拿大,一般贸易,32,3,10.66666666666667,0,0,0,0,1,1,0,进口,千克,usd,oats,2019,11,4,2019q4,2.367123614131617,-1.308541112548768,-.4120829068698603,.8964582056789078,-1.744775582843525,3.871201010907891
2239,2022,2022-05,山东省,oats,10049000,其他燕麦,日本,一般贸易,119,11,10.81818181818182,0,0,0,0,1,1,0,进口,千克,usd,oats,2022,5,2,2022q2,2.381228220313159,-1.308541112548768,-.4120829068698603,.8964582056789078,-1.744775582843525,3.871201010907891
5579,2019,2019-07,上海市,oats,10049000,其他燕麦,加拿大,一般贸易,76,7,10.85714285714286,0,0,0,0,1,1,0,进口,千克,usd,oats,2019,7,3,2019q3,2.384823191231018,-1.308541112548768,-.4120829068698603,.8964582056789078,-1.744775582843525,3.871201010907891
5148,2019,2019-01,上海市,oats,10049000,其他燕麦,加拿大,一般贸易,22,2,11,0,0,0,0,1,1,0,进口,千克,usd,oats,2019,1,1,2019q1,2.397895272798371,-1.308541112548768,-.4120829068698603,.8964582056789078,-1.744775582843525,3.871201010907891
583,2023,2023-02,山东省,oats,10049000,其他燕麦,日本,一般贸易,22,2,11,0,0,0,0,1,1,0,进口,千克,usd,oats,2023,2,1,2023q1,2.397895272798371,-1.308541112548768,-.4120829068698603,.8964582056789078,-1.744775582843525,3.871201010907891
5528,2019,2019-06,上海市,oats,10049000,其他燕麦,加拿大,一般贸易,67,6,11.16666666666667,0,0,0,0,1,1,0,进口,千克,usd,oats,2019,6,2,2019q2,2.412933150162911,-1.308541112548768,-.4120829068698603,.8964582056789078,-1.744775582843525,3.871201010907891
5210,2019,2019-05,上海市,oats,10049000,其他燕麦,美国,一般贸易,34,3,11.33333333333333,0,0,0,0,1,1,0,进口,千克,usd,oats,2019,5,2,2019q2,2.427748235948052,-1.308541112548768,-.4120829068698603,.8964582056789078,-1.744775582843525,3.871201010907891
5841,2018,2018-07,上海市,oats,10049000,其他燕麦,英国,一般贸易,46,4,11.5,0,0,0,0,1,1,0,进口,千克,usd,oats,2018,7,3,2018q3,2.442347035369204,-1.308541112548768,-.4120829068698603,.8964582056789078,-1.744775582843525,3.871201010907891
5209,2019,2019-05,广东省,oats,10049000,其他燕麦,美国,一般贸易,46,4,11.5,0,0,0,0,1,1,0,进口,千克,usd,oats,2019,5,2,2019q2,2.442347035369204,-1.308541112548768,-.4120829068698603,.8964582056789078,-1.744775582843525,3.871201010907891
5030,2019,2019-03,北京市,oats,10049000,其他燕麦,美国,一般贸易,336,29,11.58620689655172,0,0,0,0,1,1,0,进口,千克,usd,oats,2019,3,1,2019q1,2.44981532997673,-1.308541112548768,-.4120829068698603,.8964582056789078,-1.744775582843525,3.871201010907891
4979,2019,2019-08,上海市,oats,10049000,其他燕麦,加拿大,一般贸易,58,5,11.6,0,0,0,0,1,1,0,进口,千克,usd,oats,2019,8,3,2019q3,2.451005098112319,-1.308541112548768,-.4120829068698603,.8964582056789078,-1.744775582843525,3.871201010907891
6236,2018,2018-05,广东省,oats,10049000,其他燕麦,罗马尼亚,一般贸易,73,6,12.16666666666667,0,0,0,0,1,1,0,进口,千克,usd,oats,2018,5,2,2018q2,2.498699971920336,-1.308541112548768,-.4120829068698603,.8964582056789078,-1.744775582843525,3.871201010907891
5279,2019,2019-11,北京市,oats,10049000,其他燕麦,美国,一般贸易,153,12,12.75,0,0,0,0,1,1,0,进口,千克,usd,oats,2019,11,4,2019q4,2.545531271604435,-1.308541112548768,-.4120829068698603,.8964582056789078,-1.744775582843525,3.871201010907891
5775,2018,2018-03,北京市,oats,10041000,种用燕麦,澳大利亚,一般贸易,752,55,13.67272727272727,1,0,0,0,1,1,0,进口,千克,usd,oats,2018,3,1,2018q1,2.615403138717369,-1.308541112548768,-.4120829068698603,.8964582056789078,-1.744775582843525,3.871201010907891
6394,2018,2018-09,上海市,oats,10049000,其他燕麦,美国,一般贸易,178,13,13.69230769230769,0,0,0,0,1,1,0,进口,千克,usd,oats,2018,9,3,2018q3,2.616834192830548,-1.308541112548768,-.4120829068698603,.8964582056789078,-1.744775582843525,3.871201010907891
5029,2019,2019-03,上海市,oats,10049000,其他燕麦,加拿大,一般贸易,28,2,14,0,0,0,0,1,1,0,进口,千克,usd,oats,2019,3,1,2019q1,2.639057329615258,-1.308541112548768,-.4120829068698603,.8964582056789078,-1.744775582843525,3.871201010907891
5024,2019,2019-03,北京市,oats,10049000,其他燕麦,台澎金马关税区,一般贸易,70,5,14,0,0,0,0,1,1,0,进口,千克,usd,oats,2019,3,1,2019q1,2.639057329615258,-1.308541112548768,-.4120829068698603,.8964582056789078,-1.744775582843525,3.871201010907891
714,2023,2023-03,山东省,oats,10049000,其他燕麦,日本,一般贸易,14,1,14,0,0,0,0,1,1,0,进口,千克,usd,oats,2023,3,1,2023q1,2.639057329615258,-1.308541112548768,-.4120829068698603,.8964582056789078,-1.744775582843525,3.871201010907891
5207,2019,2019-05,上海市,oats,10049000,其他燕麦,加拿大,一般贸易,71,5,14.2,0,0,0,0,1,1,0,进口,千克,usd,oats,2019,5,2,2019q2,2.653241964607215,-1.308541112548768,-.4120829068698603,.8964582056789078,-1.744775582843525,3.871201010907891
4699,2020,2020-09,北京市,oats,10049000,其他燕麦,中国台湾,一般贸易,43,3,14.33333333333333,0,0,0,0,1,1,0,进口,千克,usd,oats,2020,9,3,2020q3,2.662587827025453,-1.308541112548768,-.4120829068698603,.8964582056789078,-1.744775582843525,3.871201010907891
5338,2019,2019-10,北京市,oats,10049000,其他燕麦,美国,一般贸易,304,21,14.47619047619048,0,0,0,0,1,1,0,进口,千克,usd,oats,2019,10,4,2019q4,2.672505263682799,-1.308541112548768,-.4120829068698603,.8964582056789078,-1.744775582843525,3.871201010907891
5208,2019,2019-05,北京市,oats,10049000,其他燕麦,美国,一般贸易,87,6,14.5,0,0,0,0,1,1,0,进口,千克,usd,oats,2019,5,2,2019q2,2.674148649426529,-1.308541112548768,-.4120829068698603,.8964582056789078,-1.744775582843525,3.871201010907891
5141,2019,2019-01,北京市,oats,10049000,其他燕麦,台澎金马关税区,一般贸易,73,5,14.6,0,0,0,0,1,1,0,进口,千克,usd,oats,2019,1,1,2019q1,2.681021528714291,-1.308541112548768,-.4120829068698603,.8964582056789078,-1.744775582843525,3.871201010907891
3614,2021,2021-04,广东省,oats,10049000,其他燕麦,德国,一般贸易,103,7,14.71428571428571,0,0,0,0,1,1,0,进口,千克,usd,oats,2021,4,2,2021q2,2.688818839174322,-1.308541112548768,-.4120829068698603,.8964582056789078,-1.744775582843525,3.871201010907891
4392,2020,2020-06,天津市,oats,10049000,其他燕麦,中国台湾,一般贸易,30,2,15,0,0,0,0,1,1,0,进口,千克,usd,oats,2020,6,2,2020q2,2.70805020110221,-1.308541112548768,-.4120829068698603,.8964582056789078,-1.744775582843525,3.871201010907891
6320,2018,2018-08,上海市,oats,10049000,其他燕麦,加拿大,一般贸易,15,1,15,0,0,0,0,1,1,0,进口,千克,usd,oats,2018,8,3,2018q3,2.70805020110221,-1.308541112548768,-.4120829068698603,.8964582056789078,-1.744775582843525,3.871201010907891
6323,2018,2018-08,上海市,oats,10049000,其他燕麦,美国,一般贸易,30,2,15,0,0,0,0,1,1,0,进口,千克,usd,oats,2018,8,3,2018q3,2.70805020110221,-1.308541112548768,-.4120829068698603,.8964582056789078,-1.744775582843525,3.871201010907891
5526,2019,2019-06,北京市,oats,10049000,其他燕麦,台澎金马关税区,一般贸易,30,2,15,0,0,0,0,1,1,0,进口,千克,usd,oats,2019,6,2,2019q2,2.70805020110221,-1.308541112548768,-.4120829068698603,.8964582056789078,-1.744775582843525,3.871201010907891
5334,2019,2019-10,北京市,oats,10049000,其他燕麦,台澎金马关税区,一般贸易,30,2,15,0,0,0,0,1,1,0,进口,千克,usd,oats,2019,10,4,2019q4,2.70805020110221,-1.308541112548768,-.4120829068698603,.8964582056789078,-1.744775582843525,3.871201010907891
5143,2019,2019-01,北京市,oats,10049000,其他燕麦,德国,一般贸易,15,1,15,0,0,0,0,1,1,0,进口,千克,usd,oats,2019,1,1,2019q1,2.70805020110221,-1.308541112548768,-.4120829068698603,.8964582056789078,-1.744775582843525,3.871201010907891
5086,2019,2019-02,北京市,oats,10049000,其他燕麦,台澎金马关税区,一般贸易,30,2,15,0,0,0,0,1,1,0,进口,千克,usd,oats,2019,2,1,2019q1,2.70805020110221,-1.308541112548768,-.4120829068698603,.8964582056789078,-1.744775582843525,3.871201010907891
5911,2018,2018-06,上海市,oats,10049000,其他燕麦,英国,一般贸易,62,4,15.5,0,0,0,0,1,1,0,进口,千克,usd,oats,2018,6,2,2018q2,2.740840023925201,-1.308541112548768,-.4120829068698603,.8964582056789078,-1.744775582843525,3.871201010907891
5396,2019,2019-04,广东省,oats,10049000,其他燕麦,美国,一般贸易,32,2,16,0,0,0,0,1,1,0,进口,千克,usd,oats,2019,4,2,2019q2,2.772588722239781,-1.308541112548768,-.4120829068698603,.8964582056789078,-1.744775582843525,3.871201010907891
5988,2018,2018-12,上海市,oats,10049000,其他燕麦,加拿大,一般贸易,32,2,16,0,0,0,0,1,1,0,进口,千克,usd,oats,2018,12,4,2018q4,2.772588722239781,-1.308541112548768,-.4120829068698603,.8964582056789078,-1.744775582843525,3.871201010907891
3229,2021,2021-09,北京市,oats,10049000,其他燕麦,中国台湾,一般贸易,1036,64,16.1875,0,0,0,0,1,1,0,进口,千克,usd,oats,2021,9,3,2021q3,2.784239339459757,-1.308541112548768,-.4120829068698603,.8964582056789078,-1.744775582843525,3.871201010907891
2574,2022,2022-09,甘肃省,oats,10041000,种用燕麦,白俄罗斯,一般贸易,82,5,16.4,1,0,0,0,1,1,0,进口,千克,usd,oats,2022,9,3,2022q3,2.797281334830153,-1.308541112548768,-.4120829068698603,.8964582056789078,-1.744775582843525,3.871201010907891
2660,2021,2021-01,北京市,oats,10049000,其他燕麦,中国台湾,一般贸易,803,48,16.72916666666667,0,0,0,0,1,1,0,进口,千克,usd,oats,2021,1,1,2021q1,2.817153703038871,-1.308541112548768,-.4120829068698603,.8964582056789078,-1.744775582843525,3.871201010907891
3426,2021,2021-11,北京市,oats,10049000,其他燕麦,中国台湾,一般贸易,707,42,16.83333333333333,0,0,0,0,1,1,0,进口,千克,usd,oats,2021,11,4,2021q4,2.823361047613204,-1.308541112548768,-.4120829068698603,.8964582056789078,-1.744775582843525,3.871201010907891
6324,2018,2018-08,山东省,oats,10049000,其他燕麦,美国,一般贸易,17,1,17,0,0,0,0,1,1,0,进口,千克,usd,oats,2018,8,3,2018q3,2.833213344056216,-1.308541112548768,-.4120829068698603,.8964582056789078,-1.744775582843525,3.871201010907891
4138,2020,2020-10,北京市,oats,10049000,其他燕麦,中国台湾,一般贸易,783,46,17.02173913043478,0,0,0,0,1,1,0,进口,千克,usd,oats,2020,10,4,2020q4,2.834491299501708,-1.308541112548768,-.4120829068698603,.8964582056789078,-1.744775582843525,3.871201010907891
2748,2021,2021-02,北京市,oats,10049000,其他燕麦,中国台湾,一般贸易,912,53,17.20754716981132,0,0,0,0,1,1,0,进口,千克,usd,oats,2021,2,1,2021q1,2.845348076522209,-1.308541112548768,-.4120829068698603,.8964582056789078,-1.744775582843525,3.871201010907891
4141,2020,2020-10,广东省,oats,10049000,其他燕麦,德国,一般贸易,224,13,17.23076923076923,0,0,0,0,1,1,0,进口,千克,usd,oats,2020,10,4,2020q4,2.846696694393503,-1.308541112548768,-.4120829068698603,.8964582056789078,-1.744775582843525,3.871201010907891
6177,2018,2018-11,上海市,oats,10049000,其他燕麦,美国,一般贸易,243,14,17.35714285714286,0,0,0,0,1,1,0,进口,千克,usd,oats,2018,11,4,2018q4,2.85400411372529,-1.308541112548768,-.4120829068698603,.8964582056789078,-1.744775582843525,3.871201010907891
3142,2021,2021-08,北京市,oats,10049000,其他燕麦,中国台湾,一般贸易,630,36,17.5,0,0,0,0,1,1,0,进口,千克,usd,oats,2021,8,3,2021q3,2.862200880929469,-1.308541112548768,-.4120829068698603,.8964582056789078,-1.744775582843525,3.871201010907891
4221,2020,2020-04,辽宁省,oats,10049000,其他燕麦,中国台湾,一般贸易,70,4,17.5,0,0,0,0,1,1,0,进口,千克,usd,oats,2020,4,2,2020q2,2.862200880929469,-1.308541112548768,-.4120829068698603,.8964582056789078,-1.744775582843525,3.871201010907891
2949,2021,2021-06,北京市,oats,10049000,其他燕麦,中国台湾,一般贸易,899,51,17.62745098039216,0,0,0,0,1,1,0,进口,千克,usd,oats,2021,6,2,2021q2,2.869457401747295,-1.308541112548768,-.4120829068698603,.8964582056789078,-1.744775582843525,3.871201010907891
1838,2022,2022-01,北京市,oats,10049000,其他燕麦,中国台湾,一般贸易,602,34,17.70588235294118,0,0,0,0,1,1,0,进口,千克,usd,oats,2022,1,1,2022q1,2.87389692069266,-1.308541112548768,-.4120829068698603,.8964582056789078,-1.744775582843525,3.871201010907891
5991,2018,2018-12,广东省,oats,10049000,其他燕麦,美国,一般贸易,213,12,17.75,0,0,0,0,1,1,0,进口,千克,usd,oats,2018,12,4,2018q4,2.876385515921425,-1.308541112548768,-.4120829068698603,.8964582056789078,-1.744775582843525,3.871201010907891
6133,2018,2018-10,上海市,oats,10049000,其他燕麦,美国,一般贸易,180,10,18,0,0,0,0,1,1,0,进口,千克,usd,oats,2018,10,4,2018q4,2.890371757896165,-1.308541112548768,-.4120829068698603,.8964582056789078,-1.744775582843525,3.871201010907891
4045,2020,2020-11,北京市,oats,10049000,其他燕麦,中国台湾,一般贸易,1676,92,18.21739130434782,0,0,0,0,1,1,0,进口,千克,usd,oats,2020,11,4,2020q4,2.902376703992988,-1.308541112548768,-.4120829068698603,.8964582056789078,-1.744775582843525,3.871201010907891
3064,2021,2021-07,北京市,oats,10049000,其他燕麦,中国台湾,一般贸易,788,43,18.32558139534884,0,0,0,0,1,1,0,进口,千克,usd,oats,2021,7,3,2021q3,2.908297974164317,-1.308541112548768,-.4120829068698603,.8964582056789078,-1.744775582843525,3.871201010907891
3741,2021,2021-05,北京市,oats,10049000,其他燕麦,中国台湾,一般贸易,958,52,18.42307692307692,0,0,0,0,1,1,0,进口,千克,usd,oats,2021,5,2,2021q2,2.913604059389433,-1.308541112548768,-.4120829068698603,.8964582056789078,-1.744775582843525,3.871201010907891
3862,2021,2021-05,北京市,oats,10049000,其他燕麦,中国台湾,一般贸易,958,52,18.42307692307692,0,0,0,0,1,1,0,进口,千克,usd,oats,2021,5,2,2021q2,2.913604059389433,-1.308541112548768,-.4120829068698603,.8964582056789078,-1.744775582843525,3.871201010907891
4305,2020,2020-12,北京市,oats,10049000,其他燕麦,中国台湾,一般贸易,979,53,18.47169811320755,0,0,0,0,1,1,0,进口,千克,usd,oats,2020,12,4,2020q4,2.916239728978389,-1.308541112548768,-.4120829068698603,.8964582056789078,-1.744775582843525,3.871201010907891
2827,2021,2021-03,北京市,oats,10049000,其他燕麦,中国台湾,一般贸易,1392,75,18.56,0,0,0,0,1,1,0,进口,千克,usd,oats,2021,3,1,2021q1,2.921008727358054,-1.308541112548768,-.4120829068698603,.8964582056789078,-1.744775582843525,3.871201010907891
3613,2021,2021-04,北京市,oats,10049000,其他燕麦,中国台湾,一般贸易,1568,83,18.89156626506024,0,0,0,0,1,1,0,进口,千克,usd,oats,2021,4,2,2021q2,2.938715593113755,-1.308541112548768,-.4120829068698603,.8964582056789078,-1.744775582843525,3.871201010907891
4778,2020,2020-08,天津市,oats,10049000,其他燕麦,中国台湾,一般贸易,38,2,19,0,0,0,0,1,1,0,进口,千克,usd,oats,2020,8,3,2020q3,2.94443897916644,-1.308541112548768,-.4120829068698603,.8964582056789078,-1.744775582843525,3.871201010907891
2018,2022,2022-03,北京市,oats,10049000,其他燕麦,中国台湾,一般贸易,19,1,19,0,0,0,0,1,1,0,进口,千克,usd,oats,2022,3,1,2022q1,2.94443897916644,-1.308541112548768,-.4120829068698603,.8964582056789078,-1.744775582843525,3.871201010907891
3492,2021,2021-12,北京市,oats,10049000,其他燕麦,中国台湾,一般贸易,744,39,19.07692307692308,0,0,0,0,1,1,0,进口,千克,usd,oats,2021,12,4,2021q4,2.948479388703445,-1.308541112548768,-.4120829068698603,.8964582056789078,-1.744775582843525,3.871201010907891
3230,2021,2021-09,广东省,oats,10049000,其他燕麦,德国,一般贸易,39,2,19.5,0,0,0,0,1,1,0,进口,千克,usd,oats,2021,9,3,2021q3,2.970414465569701,-1.308541112548768,-.4120829068698603,.8964582056789078,-1.744775582843525,3.871201010907891
3334,2021,2021-10,北京市,oats,10049000,其他燕麦,中国台湾,一般贸易,800,41,19.51219512195122,0,0,0,0,1,1,0,进口,千克,usd,oats,2021,10,4,2021q4,2.97103966096362,-1.308541112548768,-.4120829068698603,.8964582056789078,-1.744775582843525,3.871201010907891
4974,2019,2019-08,北京市,oats,10049000,其他燕麦,台澎金马关税区,一般贸易,20,1,20,0,0,0,0,1,1,0,进口,千克,usd,oats,2019,8,3,2019q3,2.995732273553991,-1.308541112548768,-.4120829068698603,.8964582056789078,-1.744775582843525,3.871201010907891
5390,2019,2019-04,北京市,oats,10049000,其他燕麦,台澎金马关税区,一般贸易,40,2,20,0,0,0,0,1,1,0,进口,千克,usd,oats,2019,4,2,2019q2,2.995732273553991,-1.308541112548768,-.4120829068698603,.8964582056789078,-1.744775582843525,3.871201010907891
3967,2020,2020-05,天津市,oats,10049000,其他燕麦,中国台湾,一般贸易,40,2,20,0,0,0,0,1,1,0,进口,千克,usd,oats,2020,5,2,2020q2,2.995732273553991,-1.308541112548768,-.4120829068698603,.8964582056789078,-1.744775582843525,3.871201010907891
4535,2020,2020-02,辽宁省,oats,10049000,其他燕麦,中国台湾,一般贸易,20,1,20,0,0,0,0,1,1,0,进口,千克,usd,oats,2020,2,1,2020q1,2.995732273553991,-1.308541112548768,-.4120829068698603,.8964582056789078,-1.744775582843525,3.871201010907891
4849,2020,2020-05,辽宁省,oats,10049000,其他燕麦,中国台湾,一般贸易,40,2,20,0,0,0,0,1,1,0,进口,千克,usd,oats,2020,5,2,2020q2,2.995732273553991,-1.308541112548768,-.4120829068698603,.8964582056789078,-1.744775582843525,3.871201010907891
4848,2020,2020-05,天津市,oats,10049000,其他燕麦,中国台湾,一般贸易,40,2,20,0,0,0,0,1,1,0,进口,千克,usd,oats,2020,5,2,2020q2,2.995732273553991,-1.308541112548768,-.4120829068698603,.8964582056789078,-1.744775582843525,3.871201010907891
4623,2020,2020-03,辽宁省,oats,10049000,其他燕麦,中国台湾,一般贸易,60,3,20,0,0,0,0,1,1,0,进口,千克,usd,oats,2020,3,1,2020q1,2.995732273553991,-1.308541112548768,-.4120829068698603,.8964582056789078,-1.744775582843525,3.871201010907891
3968,2020,2020-05,辽宁省,oats,10049000,其他燕麦,中国台湾,一般贸易,40,2,20,0,0,0,0,1,1,0,进口,千克,usd,oats,2020,5,2,2020q2,2.995732273553991,-1.308541112548768,-.4120829068698603,.8964582056789078,-1.744775582843525,3.871201010907891
1919,2022,2022-02,北京市,oats,10049000,其他燕麦,中国台湾,一般贸易,467,23,20.30434782608696,0,0,0,0,1,1,0,进口,千克,usd,oats,2022,2,1,2022q1,3.010835041739748,-1.308541112548768,-.4120829068698603,.8964582056789078,-1.744775582843525,3.871201010907891
5394,2019,2019-04,上海市,oats,10049000,其他燕麦,加拿大,一般贸易,61,3,20.33333333333333,0,0,0,0,1,1,0,进口,千克,usd,oats,2019,4,2,2019q2,3.012261575505201,-1.308541112548768,-.4120829068698603,.8964582056789078,-1.744775582843525,3.871201010907891
6316,2018,2018-08,北京市,oats,10049000,其他燕麦,英国,一般贸易,21,1,21,0,0,0,0,1,1,0,进口,千克,usd,oats,2018,8,3,2018q3,3.044522437723423,-1.308541112548768,-.4120829068698603,.8964582056789078,-1.744775582843525,3.871201010907891
3493,2021,2021-12,广东省,oats,10049000,其他燕麦,德国,一般贸易,254,12,21.16666666666667,0,0,0,0,1,1,0,进口,千克,usd,oats,2021,12,4,2021q4,3.052427617230536,-1.308541112548768,-.4120829068698603,.8964582056789078,-1.744775582843525,3.871201010907891
3335,2021,2021-10,广东省,oats,10049000,其他燕麦,德国,一般贸易,86,4,21.5,0,0,0,0,1,1,0,进口,千克,usd,oats,2021,10,4,2021q4,3.068052935133617,-1.308541112548768,-.4120829068698603,.8964582056789078,-1.744775582843525,3.871201010907891
3143,2021,2021-08,广东省,oats,10049000,其他燕麦,德国,一般贸易,86,4,21.5,0,0,0,0,1,1,0,进口,千克,usd,oats,2021,8,3,2021q3,3.068052935133617,-1.308541112548768,-.4120829068698603,.8964582056789078,-1.744775582843525,3.871201010907891
2750,2021,2021-02,广东省,oats,10049000,其他燕麦,德国,一般贸易,152,7,21.71428571428572,0,0,0,0,1,1,0,进口,千克,usd,oats,2021,2,1,2021q1,3.077970371790963,-1.308541112548768,-.4120829068698603,.8964582056789078,-1.744775582843525,3.871201010907891
4309,2020,2020-12,广东省,oats,10049000,其他燕麦,德国,一般贸易,199,9,22.11111111111111,0,0,0,0,1,1,0,进口,千克,usd,oats,2020,12,4,2020q4,3.096080247388273,-1.308541112548768,-.4120829068698603,.8964582056789078,-1.744775582843525,3.871201010907891
5150,2019,2019-01,上海市,oats,10049000,其他燕麦,美国,一般贸易,288,13,22.15384615384615,0,0,0,0,1,1,0,进口,千克,usd,oats,2019,1,1,2019q1,3.098011122674409,-1.308541112548768,-.4120829068698603,.8964582056789078,-1.744775582843525,3.871201010907891
3427,2021,2021-11,广东省,oats,10049000,其他燕麦,德国,一般贸易,111,5,22.2,0,0,0,0,1,1,0,进口,千克,usd,oats,2021,11,4,2021q4,3.100092288878234,-1.308541112548768,-.4120829068698603,.8964582056789078,-1.744775582843525,3.871201010907891
5275,2019,2019-11,北京市,oats,10049000,其他燕麦,台澎金马关税区,一般贸易,89,4,22.25,0,0,0,0,1,1,0,进口,千克,usd,oats,2019,11,4,2019q4,3.102342008612249,-1.308541112548768,-.4120829068698603,.8964582056789078,-1.744775582843525,3.871201010907891
1839,2022,2022-01,广东省,oats,10049000,其他燕麦,德国,一般贸易,248,11,22.54545454545455,0,0,0,0,1,1,0,进口,千克,usd,oats,2022,1,1,2022q1,3.115533473366612,-1.308541112548768,-.4120829068698603,.8964582056789078,-1.744775582843525,3.871201010907891
2829,2021,2021-03,广东省,oats,10049000,其他燕麦,德国,一般贸易,250,11,22.72727272727273,0,0,0,0,1,1,0,进口,千克,usd,oats,2021,3,1,2021q1,3.123565645063876,-1.308541112548768,-.4120829068698603,.8964582056789078,-1.744775582843525,3.871201010907891
6385,2018,2018-09,上海市,oats,10049000,其他燕麦,英国,一般贸易,91,4,22.75,0,0,0,0,1,1,0,进口,千克,usd,oats,2018,9,3,2018q3,3.124565145396959,-1.308541112548768,-.4120829068698603,.8964582056789078,-1.744775582843525,3.871201010907891
6317,2018,2018-08,上海市,oats,10049000,其他燕麦,英国,一般贸易,91,4,22.75,0,0,0,0,1,1,0,进口,千克,usd,oats,2018,8,3,2018q3,3.124565145396959,-1.308541112548768,-.4120829068698603,.8964582056789078,-1.744775582843525,3.871201010907891
6386,2018,2018-09,广东省,oats,10049000,其他燕麦,英国,一般贸易,69,3,23,0,0,0,0,1,1,0,进口,千克,usd,oats,2018,9,3,2018q3,3.13549421592915,-1.308541112548768,-.4120829068698603,.8964582056789078,-1.744775582843525,3.871201010907891
4139,2020,2020-10,天津市,oats,10049000,其他燕麦,中国台湾,一般贸易,23,1,23,0,0,0,0,1,1,0,进口,千克,usd,oats,2020,10,4,2020q4,3.13549421592915,-1.308541112548768,-.4120829068698603,.8964582056789078,-1.744775582843525,3.871201010907891
6384,2018,2018-09,北京市,oats,10049000,其他燕麦,英国,一般贸易,23,1,23,0,0,0,0,1,1,0,进口,千克,usd,oats,2018,9,3,2018q3,3.13549421592915,-1.308541112548768,-.4120829068698603,.8964582056789078,-1.744775582843525,3.871201010907891
1926,2022,2022-02,天津市,oats,10049000,其他燕麦,美国,一般贸易,23,1,23,0,0,0,0,1,1,0,进口,千克,usd,oats,2022,2,1,2022q1,3.13549421592915,-1.308541112548768,-.4120829068698603,.8964582056789078,-1.744775582843525,3.871201010907891
4306,2020,2020-12,天津市,oats,10049000,其他燕麦,中国台湾,一般贸易,23,1,23,0,0,0,0,1,1,0,进口,千克,usd,oats,2020,12,4,2020q4,3.13549421592915,-1.308541112548768,-.4120829068698603,.8964582056789078,-1.744775582843525,3.871201010907891
2663,2021,2021-01,广东省,oats,10049000,其他燕麦,德国,一般贸易,162,7,23.14285714285714,0,0,0,0,1,1,0,进口,千克,usd,oats,2021,1,1,2021q1,3.141686186177071,-1.308541112548768,-.4120829068698603,.8964582056789078,-1.744775582843525,3.871201010907891
6318,2018,2018-08,广东省,oats,10049000,其他燕麦,英国,一般贸易,70,3,23.33333333333333,0,0,0,0,1,1,0,进口,千克,usd,oats,2018,8,3,2018q3,3.149882953381249,-1.308541112548768,-.4120829068698603,.8964582056789078,-1.744775582843525,3.871201010907891
4700,2020,2020-09,天津市,oats,10049000,其他燕麦,中国台湾,一般贸易,164,7,23.42857142857143,0,0,0,0,1,1,0,进口,千克,usd,oats,2020,9,3,2020q3,3.153956278768885,-1.308541112548768,-.4120829068698603,.8964582056789078,-1.744775582843525,3.871201010907891
3863,2021,2021-05,广东省,oats,10049000,其他燕麦,德国,一般贸易,24,1,24,0,0,0,0,1,1,0,进口,千克,usd,oats,2021,5,2,2021q2,3.178053830347946,-1.308541112548768,-.4120829068698603,.8964582056789078,-1.744775582843525,3.871201010907891
3742,2021,2021-05,广东省,oats,10049000,其他燕麦,德国,一般贸易,24,1,24,0,0,0,0,1,1,0,进口,千克,usd,oats,2021,5,2,2021q2,3.178053830347946,-1.308541112548768,-.4120829068698603,.8964582056789078,-1.744775582843525,3.871201010907891
3065,2021,2021-07,广东省,oats,10049000,其他燕麦,德国,一般贸易,72,3,24,0,0,0,0,1,1,0,进口,千克,usd,oats,2021,7,3,2021q3,3.178053830347946,-1.308541112548768,-.4120829068698603,.8964582056789078,-1.744775582843525,3.871201010907891
5986,2018,2018-12,北京市,oats,10049000,其他燕麦,英国,一般贸易,24,1,24,0,0,0,0,1,1,0,进口,千克,usd,oats,2018,12,4,2018q4,3.178053830347946,-1.308541112548768,-.4120829068698603,.8964582056789078,-1.744775582843525,3.871201010907891
2950,2021,2021-06,广东省,oats,10049000,其他燕麦,德国,一般贸易,49,2,24.5,0,0,0,0,1,1,0,进口,千克,usd,oats,2021,6,2,2021q2,3.198673117550682,-1.308541112548768,-.4120829068698603,.8964582056789078,-1.744775582843525,3.871201010907891
5578,2019,2019-07,北京市,oats,10049000,其他燕麦,台澎金马关税区,一般贸易,49,2,24.5,0,0,0,0,1,1,0,进口,千克,usd,oats,2019,7,3,2019q3,3.198673117550682,-1.308541112548768,-.4120829068698603,.8964582056789078,-1.744775582843525,3.871201010907891
4928,2019,2019-09,上海市,oats,10049000,其他燕麦,加拿大,一般贸易,74,3,24.66666666666667,0,0,0,0,1,1,0,进口,千克,usd,oats,2019,9,3,2019q3,3.20545280453606,-1.308541112548768,-.4120829068698603,.8964582056789078,-1.744775582843525,3.871201010907891
4046,2020,2020-11,天津市,oats,10049000,其他燕麦,中国台湾,一般贸易,74,3,24.66666666666667,0,0,0,0,1,1,0,进口,千克,usd,oats,2020,11,4,2020q4,3.20545280453606,-1.308541112548768,-.4120829068698603,.8964582056789078,-1.744775582843525,3.871201010907891
4048,2020,2020-11,广东省,oats,10049000,其他燕麦,德国,一般贸易,228,9,25.33333333333333,0,0,0,0,1,1,0,进口,千克,usd,oats,2020,11,4,2020q4,3.232121051618221,-1.308541112548768,-.4120829068698603,.8964582056789078,-1.744775582843525,3.871201010907891
5395,2019,2019-04,北京市,oats,10049000,其他燕麦,美国,一般贸易,51,2,25.5,0,0,0,0,1,1,0,进口,千克,usd,oats,2019,4,2,2019q2,3.23867845216438,-1.308541112548768,-.4120829068698603,.8964582056789078,-1.744775582843525,3.871201010907891
4702,2020,2020-09,广东省,oats,10049000,其他燕麦,德国,一般贸易,52,2,26,0,0,0,0,1,1,0,进口,千克,usd,oats,2020,9,3,2020q3,3.258096538021482,-1.308541112548768,-.4120829068698603,.8964582056789078,-1.744775582843525,3.871201010907891
4929,2019,2019-09,福建省,oats,10049000,其他燕麦,加拿大,一般贸易,26,1,26,0,0,0,0,1,1,0,进口,千克,usd,oats,2019,9,3,2019q3,3.258096538021482,-1.308541112548768,-.4120829068698603,.8964582056789078,-1.744775582843525,3.871201010907891
5091,2019,2019-02,上海市,oats,10049000,其他燕麦,美国,一般贸易,240,9,26.66666666666667,0,0,0,0,1,1,0,进口,千克,usd,oats,2019,2,1,2019q1,3.283414346005772,-1.308541112548768,-.4120829068698603,.8964582056789078,-1.744775582843525,3.871201010907891
4624,2020,2020-03,上海市,oats,10049000,其他燕麦,中国台湾,一般贸易,29,1,29,0,0,0,0,1,1,0,进口,千克,usd,oats,2020,3,1,2020q1,3.367295829986474,-1.308541112548768,-.4120829068698603,.8964582056789078,-1.744775582843525,3.871201010907891
2129,2022,2022-04,甘肃省,oats,10041000,种用燕麦,巴西,一般贸易,97,3,32.33333333333334,1,0,0,0,1,1,0,进口,千克,usd,oats,2022,4,2,2022q2,3.476098689835273,-1.308541112548768,-.4120829068698603,.8964582056789078,-1.744775582843525,3.871201010907891
2665,2021,2021-01,天津市,oats,10049000,其他燕麦,美国,一般贸易,67,2,33.5,0,0,0,0,1,1,0,进口,千克,usd,oats,2021,1,1,2021q1,3.511545438831021,-1.308541112548768,-.4120829068698603,.8964582056789078,-1.744775582843525,3.871201010907891
4144,2020,2020-10,天津市,oats,10049000,其他燕麦,美国,一般贸易,34,1,34,0,0,0,0,1,1,0,进口,千克,usd,oats,2020,10,4,2020q4,3.526360524616162,-1.308541112548768,-.4120829068698603,.8964582056789078,-1.744775582843525,3.871201010907891
5031,2019,2019-03,上海市,oats,10049000,其他燕麦,美国,一般贸易,34,1,34,0,0,0,0,1,1,0,进口,千克,usd,oats,2019,3,1,2019q1,3.526360524616162,-1.308541112548768,-.4120829068698603,.8964582056789078,-1.744775582843525,3.871201010907891
5990,2018,2018-12,上海市,oats,10049000,其他燕麦,美国,一般贸易,242,7,34.57142857142857,0,0,0,0,1,1,0,进口,千克,usd,oats,2018,12,4,2018q4,3.543027577101373,-1.308541112548768,-.4120829068698603,.8964582056789078,-1.744775582843525,3.871201010907891
2753,2021,2021-02,天津市,oats,10049000,其他燕麦,美国,一般贸易,70,2,35,0,0,0,0,1,1,0,进口,千克,usd,oats,2021,2,1,2021q1,3.555348061489414,-1.308541112548768,-.4120829068698603,.8964582056789078,-1.744775582843525,3.871201010907891
3145,2021,2021-08,天津市,oats,10049000,其他燕麦,美国,一般贸易,72,2,36,0,0,0,0,1,1,0,进口,千克,usd,oats,2021,8,3,2021q3,3.58351893845611,-1.308541112548768,-.4120829068698603,.8964582056789078,-1.744775582843525,3.871201010907891
4310,2020,2020-12,天津市,oats,10049000,其他燕麦,美国,一般贸易,73,2,36.5,0,0,0,0,1,1,0,进口,千克,usd,oats,2020,12,4,2020q4,3.597312260588446,-1.308541112548768,-.4120829068698603,.8964582056789078,-1.744775582843525,3.871201010907891
2661,2021,2021-01,天津市,oats,10049000,其他燕麦,中国台湾,一般贸易,37,1,37,0,0,0,0,1,1,0,进口,千克,usd,oats,2021,1,1,2021q1,3.610917912644224,-1.308541112548768,-.4120829068698603,.8964582056789078,-1.744775582843525,3.871201010907891
837,2023,2023-04,浙江省,oats,10041000,种用燕麦,德国,一般贸易,115,3,38.33333333333334,1,0,0,0,1,1,0,进口,千克,usd,oats,2023,4,2,2023q2,3.646319839695141,-1.308541112548768,-.4120829068698603,.8964582056789078,-1.744775582843525,3.871201010907891
4782,2020,2020-08,天津市,oats,10049000,其他燕麦,美国,一般贸易,39,1,39,0,0,0,0,1,1,0,进口,千克,usd,oats,2020,8,3,2020q3,3.663561646129646,-1.308541112548768,-.4120829068698603,.8964582056789078,-1.744775582843525,3.871201010907891
2832,2021,2021-03,天津市,oats,10049000,其他燕麦,美国,一般贸易,119,3,39.66666666666666,0,0,0,0,1,1,0,进口,千克,usd,oats,2021,3,1,2021q1,3.68051120444342,-1.308541112548768,-.4120829068698603,.8964582056789078,-1.744775582843525,3.871201010907891
3618,2021,2021-04,天津市,oats,10049000,其他燕麦,美国,一般贸易,123,3,41,0,0,0,0,1,1,0,进口,千克,usd,oats,2021,4,2,2021q2,3.713572066704308,-1.308541112548768,-.4120829068698603,.8964582056789078,-1.744775582843525,3.871201010907891
3432,2021,2021-11,天津市,oats,10049000,其他燕麦,美国,一般贸易,41,1,41,0,0,0,0,1,1,0,进口,千克,usd,oats,2021,11,4,2021q4,3.713572066704308,-1.308541112548768,-.4120829068698603,.8964582056789078,-1.744775582843525,3.871201010907891
1846,2022,2022-01,天津市,oats,10049000,其他燕麦,美国,一般贸易,132,3,44,0,0,0,0,1,1,0,进口,千克,usd,oats,2022,1,1,2022q1,3.784189633918261,-1.308541112548768,-.4120829068698603,.8964582056789078,-1.744775582843525,3.871201010907891
4050,2020,2020-11,天津市,oats,10049000,其他燕麦,美国,一般贸易,177,4,44.25,0,0,0,0,1,1,0,进口,千克,usd,oats,2020,11,4,2020q4,3.789855371453938,-1.308541112548768,-.4120829068698603,.8964582056789078,-1.744775582843525,3.871201010907891
3070,2021,2021-07,天津市,oats,10049000,其他燕麦,美国,一般贸易,92,2,46,0,0,0,0,1,1,0,进口,千克,usd,oats,2021,7,3,2021q3,3.828641396489095,-1.308541112548768,-.4120829068698603,.8964582056789078,-1.744775582843525,3.871201010907891
5032,2019,2019-03,广东省,oats,10049000,其他燕麦,美国,一般贸易,140,3,46.66666666666666,0,0,0,0,1,1,0,进口,千克,usd,oats,2019,3,1,2019q1,3.843030133941195,-1.308541112548768,-.4120829068698603,.8964582056789078,-1.744775582843525,3.871201010907891
64,2023,2023-10,北京市,oats,10041000,种用燕麦,美国,一般贸易,422,9,46.88888888888889,1,0,0,0,1,1,0,进口,千克,usd,oats,2023,10,4,2023q4,3.847780736699792,-1.308541112548768,-.4120829068698603,.8964582056789078,-1.744775582843525,3.871201010907891
3341,2021,2021-10,天津市,oats,10049000,其他燕麦,美国,一般贸易,141,3,47,0,0,0,0,1,1,0,进口,千克,usd,oats,2021,10,4,2021q4,3.850147601710058,-1.308541112548768,-.4120829068698603,.8964582056789078,-1.744775582843525,3.871201010907891
3617,2021,2021-04,安徽省,oats,10049000,其他燕麦,加拿大,一般贸易,238,5,47.6,0,0,0,0,1,1,0,进口,千克,usd,oats,2021,4,2,2021q2,3.862832761237375,-1.308541112548768,-.4120829068698603,.8964582056789078,-1.744775582843525,3.871201010907891
3747,2021,2021-05,天津市,oats,10049000,其他燕麦,美国,一般贸易,96,2,48,0,0,0,0,1,1,0,进口,千克,usd,oats,2021,5,2,2021q2,3.871201010907891,-1.308541112548768,-.4120829068698603,.8964582056789078,-1.744775582843525,3.871201010907891
3868,2021,2021-05,天津市,oats,10049000,其他燕麦,美国,一般贸易,96,2,48,0,0,0,0,1,1,0,进口,千克,usd,oats,2021,5,2,2021q2,3.871201010907891,-1.308541112548768,-.4120829068698603,.8964582056789078,-1.744775582843525,3.871201010907891
4705,2020,2020-09,天津市,oats,10049000,其他燕麦,美国,一般贸易,49,1,49,0,0,0,0,1,1,1,进口,千克,usd,oats,2020,9,3,2020q3,3.891820298110626,-1.308541112548768,-.4120829068698603,.8964582056789078,-1.744775582843525,3.871201010907891
2659,2021,2021-01,甘肃省,oats,10041000,种用燕麦,美国,一般贸易,491,10,49.1,1,0,0,0,1,1,1,进口,千克,usd,oats,2021,1,1,2021q1,3.893859034800475,-1.308541112548768,-.4120829068698603,.8964582056789078,-1.744775582843525,3.871201010907891
2955,2021,2021-06,天津市,oats,10049000,其他燕麦,美国,一般贸易,100,2,50,0,0,0,0,1,1,1,进口,千克,usd,oats,2021,6,2,2021q2,3.912023005428146,-1.308541112548768,-.4120829068698603,.8964582056789078,-1.744775582843525,3.871201010907891
3498,2021,2021-12,天津市,oats,10049000,其他燕麦,美国,一般贸易,56,1,56,0,0,0,0,1,1,1,进口,千克,usd,oats,2021,12,4,2021q4,4.02535169073515,-1.308541112548768,-.4120829068698603,.8964582056789078,-1.744775582843525,3.871201010907891
3972,2020,2020-05,天津市,oats,10049000,其他燕麦,美国,一般贸易,69,1,69,0,0,0,0,1,1,1,进口,千克,usd,oats,2020,5,2,2020q2,4.23410650459726,-1.308541112548768,-.4120829068698603,.8964582056789078,-1.744775582843525,3.871201010907891
4853,2020,2020-05,天津市,oats,10049000,其他燕麦,美国,一般贸易,69,1,69,0,0,0,0,1,1,1,进口,千克,usd,oats,2020,5,2,2020q2,4.23410650459726,-1.308541112548768,-.4120829068698603,.8964582056789078,-1.744775582843525,3.871201010907891
4395,2020,2020-06,天津市,oats,10049000,其他燕麦,美国,一般贸易,74,1,74,0,0,0,0,1,1,1,进口,千克,usd,oats,2020,6,2,2020q2,4.30406509320417,-1.308541112548768,-.4120829068698603,.8964582056789078,-1.744775582843525,3.871201010907891
7226,2017,2017-02,北京市,oats,10049000,其他燕麦,澳大利亚,其他,149,1,149,0,0,0,0,1,1,1,进口,千克,usd,oats,2017,2,1,2017q1,5.003946305945459,-1.308541112548768,-.4120829068698603,.8964582056789078,-1.744775582843525,3.871201010907891
1324,2023,2023-08,浙江省,oats,10041000,种用燕麦,英国,一般贸易,1918,1,1918,1,0,0,0,1,1,1,进口,千克,usd,oats,2023,8,3,2023q3,7.559038255443384,-1.308541112548768,-.4120829068698603,.8964582056789078,-1.744775582843525,3.871201010907891
1526,2022,2022-10,浙江省,oats,10041000,种用燕麦,英国,一般贸易,2179,1,2179,1,0,0,0,1,1,1,进口,千克,usd,oats,2022,10,4,2022q4,7.68662133494462,-1.308541112548768,-.4120829068698603,.8964582056789078,-1.744775582843525,3.871201010907891
6136,2018,2018-10,北京市,oats,10049000,其他燕麦,澳大利亚,一般贸易,3,0,,0,0,1,0,,,,进口,千克,usd,oats,2018,10,4,2018q4,,-1.308541112548768,-.4120829068698603,.8964582056789078,-1.744775582843525,3.871201010907891
4465,2020,2020-07,天津市,oats,10049000,其他燕麦,美国,一般贸易,7,0,,0,0,1,0,,,,进口,千克,usd,oats,2020,7,3,2020q3,,-1.308541112548768,-.4120829068698603,.8964582056789078,-1.744775582843525,3.871201010907891
4307,2020,2020-12,北京市,oats,10049000,其他燕麦,英国,其他,73,0,,0,0,1,0,,,,进口,千克,usd,oats,2020,12,4,2020q4,,-1.308541112548768,-.4120829068698603,.8964582056789078,-1.744775582843525,3.871201010907891
3612,2021,2021-04,广东省,oats,10049000,其他燕麦,马来西亚,一般贸易,1,0,,0,0,1,0,,,,进口,千克,usd,oats,2021,4,2,2021q2,,-1.308541112548768,-.4120829068698603,.8964582056789078,-1.744775582843525,3.871201010907891
3333,2021,2021-10,广东省,oats,10049000,其他燕麦,马来西亚,一般贸易,1,0,,0,0,1,0,,,,进口,千克,usd,oats,2021,10,4,2021q4,,-1.308541112548768,-.4120829068698603,.8964582056789078,-1.744775582843525,3.871201010907891
4931,2019,2019-09,广东省,oats,10049000,其他燕麦,美国,一般贸易,12,0,,0,0,1,0,,,,进口,千克,usd,oats,2019,9,3,2019q3,,-1.308541112548768,-.4120829068698603,.8964582056789078,-1.744775582843525,3.871201010907891
4627,2020,2020-03,天津市,oats,10049000,其他燕麦,美国,一般贸易,31,0,,0,0,1,0,,,,进口,千克,usd,oats,2020,3,1,2020q1,,-1.308541112548768,-.4120829068698603,.8964582056789078,-1.744775582843525,3.871201010907891
3236,2021,2021-09,天津市,oats,10049000,其他燕麦,美国,一般贸易,8,0,,0,0,1,0,,,,进口,千克,usd,oats,2021,9,3,2021q3,,-1.308541112548768,-.4120829068698603,.8964582056789078,-1.744775582843525,3.871201010907891
4973,2019,2019-08,四川省,oats,10049000,其他燕麦,泰国,一般贸易,10,0,,0,0,1,0,,,,进口,千克,usd,oats,2019,8,3,2019q3,,-1.308541112548768,-.4120829068698603,.8964582056789078,-1.744775582843525,3.871201010907891
5525,2019,2019-06,四川省,oats,10049000,其他燕麦,泰国,一般贸易,9,0,,0,0,1,0,,,,进口,千克,usd,oats,2019,6,2,2019q2,,-1.308541112548768,-.4120829068698603,.8964582056789078,-1.744775582843525,3.871201010907891
4539,2020,2020-02,天津市,oats,10049000,其他燕麦,美国,一般贸易,10,0,,0,0,1,0,,,,进口,千克,usd,oats,2020,2,1,2020q1,,-1.308541112548768,-.4120829068698603,.8964582056789078,-1.744775582843525,3.871201010907891
6396,2018,2018-09,北京市,oats,10049000,其他燕麦,澳大利亚,一般贸易,2,0,,0,0,1,0,,,,进口,千克,usd,oats,2018,9,3,2018q3,,-1.308541112548768,-.4120829068698603,.8964582056789078,-1.744775582843525,3.871201010907891
1442,2023,2023-09,广东省,oats,10041000,种用燕麦,澳大利亚,一般贸易,68,0,,1,0,1,0,,,,进口,千克,usd,oats,2023,9,3,2023q3,,-1.308541112548768,-.4120829068698603,.8964582056789078,-1.744775582843525,3.871201010907891
1426,2023,2023-09,黑龙江省,barley,10039000,其他大麦,俄罗斯,一般贸易,555780,4988900,.1114033153600994,0,0,0,0,1,0,1,进口,千克,usd,barley,2023,9,3,2023q3,-2.194598191069147,-1.472402850983381,-1.183267985394864,.2891348655885171,-1.75249903617947,-.536057102057129
168,2023,2023-11,黑龙江省,barley,10039000,其他大麦,俄罗斯,一般贸易,2340,21000,.1114285714285714,0,0,0,0,1,0,1,进口,千克,usd,barley,2023,11,4,2023q4,-2.194371508353813,-1.472402850983381,-1.183267985394864,.2891348655885171,-1.75249903617947,-.536057102057129
4029,2020,2020-11,黑龙江省,barley,10039000,其他大麦,俄罗斯联邦,边境小额贸易,132964,993266,.1338654499398952,0,0,0,0,1,0,1,进口,千克,usd,barley,2020,11,4,2020q4,-2.010920088408441,-1.472402850983381,-1.183267985394864,.2891348655885171,-1.75249903617947,-.536057102057129
3216,2021,2021-09,黑龙江省,barley,10039000,其他大麦,俄罗斯,边境小额贸易,26980,193900,.1391438886023724,0,0,0,0,1,0,1,进口,千克,usd,barley,2021,9,3,2021q3,-1.972246711468996,-1.472402850983381,-1.183267985394864,.2891348655885171,-1.75249903617947,-.536057102057129
1317,2023,2023-08,山东省,barley,10039000,其他大麦,俄罗斯,一般贸易,231995,1612000,.143917493796526,0,0,0,0,1,0,1,进口,千克,usd,barley,2023,8,3,2023q3,-1.938515103356643,-1.472402850983381,-1.183267985394864,.2891348655885171,-1.75249903617947,-.536057102057129
462,2023,2023-01,江苏省,barley,10039000,其他大麦,加拿大,保税监管场所进出境货物,5940436,12500000,.47523488,0,0,0,0,1,0,0,进口,千克,usd,barley,2023,1,1,2023q1,-.7439461129539988,-1.472402850983381,-1.183267985394864,.2891348655885171,-1.75249903617947,-.536057102057129
2570,2022,2022-09,辽宁省,barley,10039000,其他大麦,阿根廷,一般贸易,40208000,84411100,.4763354582513437,0,0,0,0,1,0,0,进口,千克,usd,barley,2022,9,3,2022q3,-.7416329287408046,-1.472402850983381,-1.183267985394864,.2891348655885171,-1.75249903617947,-.536057102057129
578,2023,2023-02,广东省,barley,10039000,其他大麦,加拿大,一般贸易,20235982,42400000,.4772637264150943,0,0,0,0,1,0,0,进口,千克,usd,barley,2023,2,1,2023q1,-.7396860553124726,-1.472402850983381,-1.183267985394864,.2891348655885171,-1.75249903617947,-.536057102057129
1520,2022,2022-10,江苏省,barley,10039000,其他大麦,阿根廷,一般贸易,2401369,5000000,.4802738,0,0,0,0,1,0,0,进口,千克,usd,barley,2022,10,4,2022q4,-.7333989210392806,-1.472402850983381,-1.183267985394864,.2891348655885171,-1.75249903617947,-.536057102057129
1612,2022,2022-11,山东省,barley,10039000,其他大麦,加拿大,一般贸易,52668298,108820000,.4839946517184341,0,0,0,0,1,0,0,进口,千克,usd,barley,2022,11,4,2022q4,-.7256814224950835,-1.472402850983381,-1.183267985394864,.2891348655885171,-1.75249903617947,-.536057102057129
1613,2022,2022-11,广东省,barley,10039000,其他大麦,加拿大,一般贸易,10509281,21510000,.4885765225476523,0,0,0,0,1,0,0,进口,千克,usd,barley,2022,11,4,2022q4,-.7162591717680281,-1.472402850983381,-1.183267985394864,.2891348655885171,-1.75249903617947,-.536057102057129
559,2023,2023-02,河北省,barley,10039000,其他大麦,丹麦,一般贸易,953412,1950840,.4887187057882758,0,0,0,0,1,0,0,进口,千克,usd,barley,2023,2,1,2023q1,-.715968198810207,-1.472402850983381,-1.183267985394864,.2891348655885171,-1.75249903617947,-.536057102057129
461,2023,2023-01,广东省,barley,10039000,其他大麦,加拿大,一般贸易,20404763,41541800,.4911862991011463,0,0,0,0,1,0,0,进口,千克,usd,barley,2023,1,1,2023q1,-.7109317952476059,-1.472402850983381,-1.183267985394864,.2891348655885171,-1.75249903617947,-.536057102057129
1523,2022,2022-10,浙江省,barley,10039000,其他大麦,加拿大,一般贸易,15051355,30618000,.4915851786530799,0,0,0,0,1,0,0,进口,千克,usd,barley,2022,10,4,2022q4,-.7101200509451606,-1.472402850983381,-1.183267985394864,.2891348655885171,-1.75249903617947,-.536057102057129
1524,2022,2022-10,广东省,barley,10039000,其他大麦,加拿大,一般贸易,15918908,32382000,.4915974306713606,0,0,0,0,1,0,0,进口,千克,usd,barley,2022,10,4,2022q4,-.7100951277657529,-1.472402850983381,-1.183267985394864,.2891348655885171,-1.75249903617947,-.536057102057129
457,2023,2023-01,江苏省,barley,10039000,其他大麦,加拿大,一般贸易,9474666,18998700,.4987007532094301,0,0,0,0,1,0,0,进口,千克,usd,barley,2023,1,1,2023q1,-.6957490560854415,-1.472402850983381,-1.183267985394864,.2891348655885171,-1.75249903617947,-.536057102057129
1608,2022,2022-11,上海市,barley,10039000,其他大麦,加拿大,一般贸易,10401560,20626300,.5042862752893151,0,0,0,0,1,0,0,进口,千克,usd,barley,2022,11,4,2022q4,-.6846111656389969,-1.472402850983381,-1.183267985394864,.2891348655885171,-1.75249903617947,-.536057102057129
1716,2022,2022-12,江苏省,barley,10039000,其他大麦,加拿大,保税监管场所进出境货物,20405095,39600000,.5152801767676768,0,0,0,0,1,0,0,进口,千克,usd,barley,2022,12,4,2022q4,-.6630444936918668,-1.472402850983381,-1.183267985394864,.2891348655885171,-1.75249903617947,-.536057102057129
1710,2022,2022-12,江苏省,barley,10039000,其他大麦,加拿大,一般贸易,13603397,26400000,.5152801893939394,0,0,0,0,1,0,0,进口,千克,usd,barley,2022,12,4,2022q4,-.6630444691881832,-1.472402850983381,-1.183267985394864,.2891348655885171,-1.75249903617947,-.536057102057129
458,2023,2023-01,浙江省,barley,10039000,其他大麦,加拿大,一般贸易,10395923,20000000,.51979615,0,0,0,0,1,0,0,进口,千克,usd,barley,2023,1,1,2023q1,-.6543185634970595,-1.472402850983381,-1.183267985394864,.2891348655885171,-1.75249903617947,-.536057102057129
1701,2022,2022-12,广东省,barley,10039000,其他大麦,法国,一般贸易,18345184,34662300,.5292546657319336,0,0,0,0,1,0,0,进口,千克,usd,barley,2022,12,4,2022q4,-.6362855532631139,-1.472402850983381,-1.183267985394864,.2891348655885171,-1.75249903617947,-.536057102057129
1700,2022,2022-12,浙江省,barley,10039000,其他大麦,法国,一般贸易,16600195,31337700,.52971963481685,0,0,0,0,1,0,0,进口,千克,usd,barley,2022,12,4,2022q4,-.6354074033126279,-1.472402850983381,-1.183267985394864,.2891348655885171,-1.75249903617947,-.536057102057129
2488,2022,2022-08,山东省,barley,10039000,其他大麦,加拿大,一般贸易,25873,47450,.5452687038988409,0,0,0,0,1,0,0,进口,千克,usd,barley,2022,8,3,2022q3,-.6064765711437823,-1.472402850983381,-1.183267985394864,.2891348655885171,-1.75249903617947,-.536057102057129
2572,2022,2022-09,山东省,barley,10039000,其他大麦,加拿大,一般贸易,408545,749250,.5452719386052719,0,0,0,0,1,0,0,进口,千克,usd,barley,2022,9,3,2022q3,-.6064706388450583,-1.472402850983381,-1.183267985394864,.2891348655885171,-1.75249903617947,-.536057102057129
450,2023,2023-01,河北省,barley,10039000,其他大麦,丹麦,一般贸易,540917,982778,.5503959185085543,0,0,0,0,1,0,0,进口,千克,usd,barley,2023,1,1,2023q1,-.5971174078909445,-1.472402850983381,-1.183267985394864,.2891348655885171,-1.75249903617947,-.536057102057129
1596,2022,2022-11,河北省,barley,10039000,其他大麦,丹麦,一般贸易,521690,946120,.551399399653321,0,0,0,0,1,0,0,进口,千克,usd,barley,2022,11,4,2022q4,-.5952958691610404,-1.472402850983381,-1.183267985394864,.2891348655885171,-1.75249903617947,-.536057102057129
1699,2022,2022-12,河北省,barley,10039000,其他大麦,丹麦,一般贸易,1109092,2011410,.5514002615080963,0,0,0,0,1,0,0,进口,千克,usd,barley,2022,12,4,2022q4,-.5952943061304997,-1.472402850983381,-1.183267985394864,.2891348655885171,-1.75249903617947,-.536057102057129
5984,2018,2018-12,广东省,barley,10039000,其他大麦,澳大利亚,一般贸易,1448,2475,.585050505050505,0,0,0,0,1,0,0,进口,千克,usd,barley,2018,12,4,2018q4,-.536057102057129,-1.472402850983381,-1.183267985394864,.2891348655885171,-1.75249903617947,-.536057102057129
5521,2019,2019-06,广东省,barley,10039000,其他大麦,澳大利亚,一般贸易,3178,4975,.6387939698492462,0,0,0,0,1,0,1,进口,千克,usd,barley,2019,6,2,2019q2,-.4481733024960319,-1.472402850983381,-1.183267985394864,.2891348655885171,-1.75249903617947,-.536057102057129
5453,2019,2019-12,广东省,barley,10039000,其他大麦,澳大利亚,一般贸易,5972,9000,.6635555555555556,0,0,0,0,1,0,1,进口,千克,usd,barley,2019,12,4,2019q4,-.4101426976592754,-1.472402850983381,-1.183267985394864,.2891348655885171,-1.75249903617947,-.536057102057129
5020,2019,2019-03,广东省,barley,10039000,其他大麦,澳大利亚,一般贸易,1402,2000,.701,0,0,0,0,1,0,1,进口,千克,usd,barley,2019,3,1,2019q1,-.355247391947547,-1.472402850983381,-1.183267985394864,.2891348655885171,-1.75249903617947,-.536057102057129
4136,2020,2020-10,广东省,barley,10039000,其他大麦,澳大利亚,一般贸易,4995,6500,.7684615384615384,0,0,0,0,1,1,1,进口,千克,usd,barley,2020,10,4,2020q4,-.2633647648010746,-1.472402850983381,-1.183267985394864,.2891348655885171,-1.75249903617947,-.536057102057129
4697,2020,2020-09,广东省,barley,10039000,其他大麦,澳大利亚,一般贸易,2432,2500,.9728,0,0,0,0,1,1,1,进口,千克,usd,barley,2020,9,3,2020q3,-.0275767677702345,-1.472402850983381,-1.183267985394864,.2891348655885171,-1.75249903617947,-.536057102057129
141,2023,2023-11,黑龙江省,barley,10031000,种用大麦,法国,一般贸易,43,20,2.15,1,0,0,0,1,1,1,进口,千克,usd,barley,2023,11,4,2023q4,.7654678421395714,-1.472402850983381,-1.183267985394864,.2891348655885171,-1.75249903617947,-.536057102057129
4758,2020,2020-08,北京市,barley,10031000,种用大麦,日本,其他,17,5,3.4,1,0,0,0,1,1,1,进口,千克,usd,barley,2020,8,3,2020q3,1.223775431622116,-1.472402850983381,-1.183267985394864,.2891348655885171,-1.75249903617947,-.536057102057129
7134,2017,2017-03,北京市,barley,10031000,种用大麦,美国,一般贸易,1937,462,4.192640692640692,1,0,0,0,1,1,1,进口,千克,usd,barley,2017,3,1,2017q1,1.433330772325257,-1.472402850983381,-1.183267985394864,.2891348655885171,-1.75249903617947,-.536057102057129
6638,2017,2017-12,北京市,barley,10031000,种用大麦,加拿大,一般贸易,50,10,5,1,0,0,0,1,1,1,进口,千克,usd,barley,2017,12,4,2017q4,1.6094379124341,-1.472402850983381,-1.183267985394864,.2891348655885171,-1.75249903617947,-.536057102057129
6214,2018,2018-05,北京市,barley,10031000,种用大麦,澳大利亚,一般贸易,29,4,7.25,1,0,0,0,1,1,1,进口,千克,usd,barley,2018,5,2,2018q2,1.981001468866583,-1.472402850983381,-1.183267985394864,.2891348655885171,-1.75249903617947,-.536057102057129
4111,2020,2020-10,浙江省,barley,10039000,其他大麦,丹麦,一般贸易,29,4,7.25,0,0,0,0,1,1,1,进口,千克,usd,barley,2020,10,4,2020q4,1.981001468866583,-1.472402850983381,-1.183267985394864,.2891348655885171,-1.75249903617947,-.536057102057129
5008,2019,2019-03,北京市,barley,10031000,种用大麦,美国,一般贸易,219,14,15.64285714285714,1,0,0,0,1,1,1,进口,千克,usd,barley,2019,3,1,2019q1,2.750014400201242,-1.472402850983381,-1.183267985394864,.2891348655885171,-1.75249903617947,-.536057102057129
5757,2018,2018-03,北京市,barley,10031000,种用大麦,美国,一般贸易,220,14,15.71428571428571,1,0,0,0,1,1,1,进口,千克,usd,barley,2018,3,1,2018q1,2.754570216737103,-1.472402850983381,-1.183267985394864,.2891348655885171,-1.75249903617947,-.536057102057129
4453,2020,2020-07,浙江省,barley,10039000,其他大麦,加拿大,一般贸易,266,10,26.6,0,0,0,0,1,1,1,进口,千克,usd,barley,2020,7,3,2020q3,3.280911215787654,-1.472402850983381,-1.183267985394864,.2891348655885171,-1.75249903617947,-.536057102057129
5370,2019,2019-04,黑龙江省,barley,10031000,种用大麦,法国,一般贸易,267,10,26.7,1,0,0,0,1,1,1,进口,千克,usd,barley,2019,4,2,2019q2,3.284663565406204,-1.472402850983381,-1.183267985394864,.2891348655885171,-1.75249903617947,-.536057102057129
1061,2023,2023-06,山东省,barley,10031000,种用大麦,美国,其他,33,1,33,1,0,0,0,1,1,1,进口,千克,usd,barley,2023,6,2,2023q2,3.49650756146648,-1.472402850983381,-1.183267985394864,.2891348655885171,-1.75249903617947,-.536057102057129
4199,2020,2020-04,北京市,barley,10031000,种用大麦,美国,一般贸易,68,1,68,1,0,0,0,1,1,1,进口,千克,usd,barley,2020,4,2,2020q2,4.219507705176107,-1.472402850983381,-1.183267985394864,.2891348655885171,-1.75249903617947,-.536057102057129
4128,2020,2020-10,浙江省,barley,10039000,其他大麦,阿根廷,一般贸易,349,5,69.8,0,0,0,0,1,1,1,进口,千克,usd,barley,2020,10,4,2020q4,4.245634009768327,-1.472402850983381,-1.183267985394864,.2891348655885171,-1.75249903617947,-.536057102057129
1060,2023,2023-06,四川省,barley,10031000,种用大麦,乌兹别克斯坦,其他,18,0,,1,0,1,0,,,,进口,千克,usd,barley,2023,6,2,2023q2,,-1.472402850983381,-1.183267985394864,.2891348655885171,-1.75249903617947,-.536057102057129
1182,2023,2023-07,四川省,barley,10031000,种用大麦,土库曼斯坦,其他,17,0,,1,0,1,0,,,,进口,千克,usd,barley,2023,7,3,2023q3,,-1.472402850983381,-1.183267985394864,.2891348655885171,-1.75249903617947,-.536057102057129
4200,2020,2020-04,黑龙江省,barley,10031000,种用大麦,美国,一般贸易,66,0,,1,0,1,0,,,,进口,千克,usd,barley,2020,4,2,2020q2,,-1.472402850983381,-1.183267985394864,.2891348655885171,-1.75249903617947,-.536057102057129
