variant,income,demand_group,demand_group_label_cn,price_group,price_group_label_cn,is_own_price,budget_share_demand_group,budget_share_price_group,support_flag,elasticity
baseline_real_national_nonfood,10000.0,grain,粮食/主粮,grain,粮食/主粮,True,0.04256865188728519,0.04256865188728519,in_support,-5.955882742610108e-05
baseline_real_national_nonfood,10000.0,grain,粮食/主粮,oil,食用油,False,0.04256865188728519,0.062142038801093216,in_support,-3.459919035303516e-08
baseline_real_national_nonfood,10000.0,grain,粮食/主粮,vegetable,蔬菜,False,0.04256865188728519,0.010676593269060642,in_support,1.768045678769009e-07
baseline_real_national_nonfood,10000.0,grain,粮食/主粮,fruit,水果,False,0.04256865188728519,0.024504816492394936,in_support,5.816262890097346e-07
baseline_real_national_nonfood,10000.0,grain,粮食/主粮,pork,猪肉,False,0.04256865188728519,0.015028147225933593,in_support,1.139014105094524e-06
baseline_real_national_nonfood,10000.0,grain,粮食/主粮,beef,牛肉,False,0.04256865188728519,0.0006897530032924046,in_support,8.108446678343345e-07
baseline_real_national_nonfood,10000.0,grain,粮食/主粮,mutton,羊肉,False,0.04256865188728519,0.006310167771140232,in_support,5.340456923560999e-08
baseline_real_national_nonfood,10000.0,grain,粮食/主粮,poultry,禽肉,False,0.04256865188728519,0.008618949685296846,in_support,1.4081660043401e-07
baseline_real_national_nonfood,10000.0,grain,粮食/主粮,aquatic,水产品,False,0.04256865188728519,0.0008063410105563274,in_support,8.735853841808838e-07
baseline_real_national_nonfood,10000.0,grain,粮食/主粮,egg,蛋类,False,0.04256865188728519,0.003923686607723686,in_support,1.6892766161510225e-07
baseline_real_national_nonfood,10000.0,grain,粮食/主粮,milk,奶类,False,0.04256865188728519,0.002119123223535384,in_support,1.3380754467721273e-07
baseline_real_national_nonfood,10000.0,grain,粮食/主粮,nonfood,其他/未覆盖支出,False,0.04256865188728519,0.8226117310226875,in_support,5.515922141341445e-05
baseline_real_national_nonfood,10000.0,oil,食用油,grain,粮食/主粮,False,0.062142038801093216,0.04256865188728519,in_support,1.0083829713944392e-08
baseline_real_national_nonfood,10000.0,oil,食用油,oil,食用油,True,0.062142038801093216,0.062142038801093216,in_support,-4.718650936705315e-05
baseline_real_national_nonfood,10000.0,oil,食用油,vegetable,蔬菜,False,0.062142038801093216,0.010676593269060642,in_support,1.4729316928814573e-07
baseline_real_national_nonfood,10000.0,oil,食用油,fruit,水果,False,0.062142038801093216,0.024504816492394936,in_support,4.774581271850889e-07
baseline_real_national_nonfood,10000.0,oil,食用油,pork,猪肉,False,0.062142038801093216,0.015028147225933593,in_support,9.130401258257946e-07
baseline_real_national_nonfood,10000.0,oil,食用油,beef,牛肉,False,0.062142038801093216,0.0006897530032924046,in_support,6.433027050205416e-07
baseline_real_national_nonfood,10000.0,oil,食用油,mutton,羊肉,False,0.062142038801093216,0.006310167771140232,in_support,4.65484042884174e-08
baseline_real_national_nonfood,10000.0,oil,食用油,poultry,禽肉,False,0.062142038801093216,0.008618949685296846,in_support,1.1739092336225665e-07
baseline_real_national_nonfood,10000.0,oil,食用油,aquatic,水产品,False,0.062142038801093216,0.0008063410105563274,in_support,6.931210319895402e-07
baseline_real_national_nonfood,10000.0,oil,食用油,egg,蛋类,False,0.062142038801093216,0.003923686607723686,in_support,1.3654289245687394e-07
baseline_real_national_nonfood,10000.0,oil,食用油,milk,奶类,False,0.062142038801093216,0.002119123223535384,in_support,1.0749941341411072e-07
baseline_real_national_nonfood,10000.0,oil,食用油,nonfood,其他/未覆盖支出,False,0.062142038801093216,0.8226117310226875,in_support,4.399263205115411e-05
baseline_real_national_nonfood,10000.0,vegetable,蔬菜,grain,粮食/主粮,False,0.010676593269060642,0.04256865188728519,in_support,7.465249244748007e-07
baseline_real_national_nonfood,10000.0,vegetable,蔬菜,oil,食用油,False,0.010676593269060642,0.062142038801093216,in_support,8.685286888715504e-07
baseline_real_national_nonfood,10000.0,vegetable,蔬菜,vegetable,蔬菜,True,0.010676593269060642,0.010676593269060642,in_support,-0.012710292918798634
baseline_real_national_nonfood,10000.0,vegetable,蔬菜,fruit,水果,False,0.010676593269060642,0.024504816492394936,in_support,0.00012782899869824907
baseline_real_national_nonfood,10000.0,vegetable,蔬菜,pork,猪肉,False,0.010676593269060642,0.015028147225933593,in_support,0.00024592733185558463
baseline_real_national_nonfood,10000.0,vegetable,蔬菜,beef,牛肉,False,0.010676593269060642,0.0006897530032924046,in_support,0.00017373413022591419
baseline_real_national_nonfood,10000.0,vegetable,蔬菜,mutton,羊肉,False,0.010676593269060642,0.006310167771140232,in_support,1.2279936748293974e-05
baseline_real_national_nonfood,10000.0,vegetable,蔬菜,poultry,禽肉,False,0.010676593269060642,0.008618949685296846,in_support,3.130796445565548e-05
baseline_real_national_nonfood,10000.0,vegetable,蔬菜,aquatic,水产品,False,0.010676593269060642,0.0008063410105563274,in_support,0.00018718550258997672
baseline_real_national_nonfood,10000.0,vegetable,蔬菜,egg,蛋类,False,0.010676593269060642,0.003923686607723686,in_support,3.670016708408981e-05
baseline_real_national_nonfood,10000.0,vegetable,蔬菜,milk,奶类,False,0.010676593269060642,0.002119123223535384,in_support,2.8938389045306224e-05
baseline_real_national_nonfood,10000.0,vegetable,蔬菜,nonfood,其他/未覆盖支出,False,0.010676593269060642,0.8226117310226875,in_support,0.01186497893885241
baseline_real_national_nonfood,10000.0,fruit,水果,grain,粮食/主粮,False,0.024504816492394936,0.04256865188728519,in_support,1.0387660137715915e-06
baseline_real_national_nonfood,10000.0,fruit,水果,oil,食用油,False,0.024504816492394936,0.062142038801093216,in_support,1.2027929962334094e-06
baseline_real_national_nonfood,10000.0,fruit,水果,vegetable,蔬菜,False,0.024504816492394936,0.010676593269060642,in_support,5.56909687750946e-05
baseline_real_national_nonfood,10000.0,fruit,水果,fruit,水果,True,0.024504816492394936,0.024504816492394936,in_support,-0.01789247557082324
baseline_real_national_nonfood,10000.0,fruit,水果,pork,猪肉,False,0.024504816492394936,0.015028147225933593,in_support,0.00034861709980352033
baseline_real_national_nonfood,10000.0,fruit,水果,beef,牛肉,False,0.024504816492394936,0.0006897530032924046,in_support,0.00024628336285504297
baseline_real_national_nonfood,10000.0,fruit,水果,mutton,羊肉,False,0.024504816492394936,0.006310167771140232,in_support,1.7405015750750815e-05
baseline_real_national_nonfood,10000.0,fruit,水果,poultry,禽肉,False,0.024504816492394936,0.008618949685296846,in_support,4.4377883276981896e-05
baseline_real_national_nonfood,10000.0,fruit,水果,aquatic,水产品,False,0.024504816492394936,0.0008063410105563274,in_support,0.00026535182896557374
baseline_real_national_nonfood,10000.0,fruit,水果,egg,蛋类,False,0.024504816492394936,0.003923686607723686,in_support,5.202397086120263e-05
baseline_real_national_nonfood,10000.0,fruit,水果,milk,奶类,False,0.024504816492394936,0.002119123223535384,in_support,4.102178288113744e-05
baseline_real_national_nonfood,10000.0,fruit,水果,nonfood,其他/未覆盖支出,False,0.024504816492394936,0.8226117310226875,in_support,0.016819491012900922
baseline_real_national_nonfood,10000.0,pork,猪肉,grain,粮食/主粮,False,0.015028147225933593,0.04256865188728519,in_support,3.2367794877904976e-06
baseline_real_national_nonfood,10000.0,pork,猪肉,oil,食用油,False,0.015028147225933593,0.062142038801093216,in_support,3.7412611903070436e-06
baseline_real_national_nonfood,10000.0,pork,猪肉,vegetable,蔬菜,False,0.015028147225933593,0.010676593269060642,in_support,0.00017470872350431113
baseline_real_national_nonfood,10000.0,pork,猪肉,fruit,水果,False,0.015028147225933593,0.024504816492394936,in_support,0.0005684428172579338
baseline_real_national_nonfood,10000.0,pork,猪肉,pork,猪肉,True,0.015028147225933593,0.015028147225933593,in_support,-0.055607229252401705
baseline_real_national_nonfood,10000.0,pork,猪肉,beef,牛肉,False,0.015028147225933593,0.0006897530032924046,in_support,0.0007726422313518291
baseline_real_national_nonfood,10000.0,pork,猪肉,mutton,羊肉,False,0.015028147225933593,0.006310167771140232,in_support,5.4599909983180615e-05
baseline_real_national_nonfood,10000.0,pork,猪肉,poultry,禽肉,False,0.015028147225933593,0.008618949685296846,in_support,0.0001392182590606375
baseline_real_national_nonfood,10000.0,pork,猪肉,aquatic,水产品,False,0.015028147225933593,0.0008063410105563274,in_support,0.000832463965846937
baseline_real_national_nonfood,10000.0,pork,猪肉,egg,蛋类,False,0.015028147225933593,0.003923686607723686,in_support,0.00016320807703858707
baseline_real_national_nonfood,10000.0,pork,猪肉,milk,奶类,False,0.015028147225933593,0.002119123223535384,in_support,0.00012869284716577906
baseline_real_national_nonfood,10000.0,pork,猪肉,nonfood,其他/未覆盖支出,False,0.015028147225933593,0.8226117310226875,in_support,0.05276607109332976
baseline_real_national_nonfood,10000.0,beef,牛肉,grain,粮食/主粮,False,0.0006897530032924046,0.04256865188728519,in_support,5.0539887158973507e-05
baseline_real_national_nonfood,10000.0,beef,牛肉,oil,食用油,False,0.0006897530032924046,0.062142038801093216,in_support,5.863396159888623e-05
baseline_real_national_nonfood,10000.0,beef,牛肉,vegetable,蔬菜,False,0.0006897530032924046,0.010676593269060642,in_support,0.0026893218102703176
baseline_real_national_nonfood,10000.0,beef,牛肉,fruit,水果,False,0.0006897530032924046,0.024504816492394936,in_support,0.008749966063803738
baseline_real_national_nonfood,10000.0,beef,牛肉,pork,猪肉,False,0.0006897530032924046,0.015028147225933593,in_support,0.016834287300726197
baseline_real_national_nonfood,10000.0,beef,牛肉,beef,牛肉,True,0.0006897530032924046,0.0006897530032924046,in_support,-0.8608556675813407
baseline_real_national_nonfood,10000.0,beef,牛肉,mutton,羊肉,False,0.0006897530032924046,0.006310167771140232,in_support,0.000840516264687341
baseline_real_national_nonfood,10000.0,beef,牛肉,poultry,禽肉,False,0.0006897530032924046,0.008618949685296846,in_support,0.002143012844434522
baseline_real_national_nonfood,10000.0,beef,牛肉,aquatic,水产品,False,0.0006897530032924046,0.0008063410105563274,in_support,0.012813415729362
baseline_real_national_nonfood,10000.0,beef,牛肉,egg,蛋类,False,0.0006897530032924046,0.003923686607723686,in_support,0.0025121879711718226
baseline_real_national_nonfood,10000.0,beef,牛肉,milk,奶类,False,0.0006897530032924046,0.002119123223535384,in_support,0.001980894214328177
baseline_real_national_nonfood,10000.0,beef,牛肉,nonfood,其他/未覆盖支出,False,0.0006897530032924046,0.8226117310226875,in_support,0.8121891541467932
baseline_real_national_nonfood,10000.0,mutton,羊肉,grain,粮食/主粮,False,0.006310167771140232,0.04256865188728519,in_support,3.8352273287224625e-07
baseline_real_national_nonfood,10000.0,mutton,羊肉,oil,食用油,False,0.006310167771140232,0.062142038801093216,in_support,4.4289516606824467e-07
baseline_real_national_nonfood,10000.0,mutton,羊肉,vegetable,蔬菜,False,0.006310167771140232,0.010676593269060642,in_support,2.077263527221066e-05
baseline_real_national_nonfood,10000.0,mutton,羊肉,fruit,水果,False,0.006310167771140232,0.024504816492394936,in_support,6.758741795248125e-05
baseline_real_national_nonfood,10000.0,mutton,羊肉,pork,猪肉,False,0.006310167771140232,0.015028147225933593,in_support,0.00013003839776972348
baseline_real_national_nonfood,10000.0,mutton,羊肉,beef,牛肉,False,0.006310167771140232,0.0006897530032924046,in_support,9.18675977768282e-05
baseline_real_national_nonfood,10000.0,mutton,羊肉,mutton,羊肉,True,0.006310167771140232,0.006310167771140232,in_support,-0.00673527965843524
baseline_real_national_nonfood,10000.0,mutton,羊肉,poultry,禽肉,False,0.006310167771140232,0.008618949685296846,in_support,1.6552860483382546e-05
baseline_real_national_nonfood,10000.0,mutton,羊肉,aquatic,水产品,False,0.006310167771140232,0.0008063410105563274,in_support,9.898043365663358e-05
baseline_real_national_nonfood,10000.0,mutton,羊肉,egg,蛋类,False,0.006310167771140232,0.003923686607723686,in_support,1.9405414893088508e-05
baseline_real_national_nonfood,10000.0,mutton,羊肉,milk,奶类,False,0.006310167771140232,0.002119123223535384,in_support,1.5301588189961684e-05
baseline_real_national_nonfood,10000.0,mutton,羊肉,nonfood,其他/未覆盖支出,False,0.006310167771140232,0.8226117310226875,in_support,0.00627390479040596
baseline_real_national_nonfood,10000.0,poultry,禽肉,grain,粮食/主粮,False,0.008618949685296846,0.04256865188728519,in_support,7.272912903692752e-07
baseline_real_national_nonfood,10000.0,poultry,禽肉,oil,食用油,False,0.008618949685296846,0.062142038801093216,in_support,8.43323592073647e-07
baseline_real_national_nonfood,10000.0,poultry,禽肉,vegetable,蔬菜,False,0.008618949685296846,0.010676593269060642,in_support,3.877980731770234e-05
baseline_real_national_nonfood,10000.0,poultry,禽肉,fruit,水果,False,0.008618949685296846,0.024504816492394936,in_support,0.00012617416588038728
baseline_real_national_nonfood,10000.0,poultry,禽肉,pork,猪肉,False,0.008618949685296846,0.015028147225933593,in_support,0.00024275088669569334
baseline_real_national_nonfood,10000.0,poultry,禽肉,beef,牛肉,False,0.008618949685296846,0.0006897530032924046,in_support,0.00017149239437659082
baseline_real_national_nonfood,10000.0,poultry,禽肉,mutton,羊肉,False,0.008618949685296846,0.006310167771140232,in_support,1.2120068249610837e-05
baseline_real_national_nonfood,10000.0,poultry,禽肉,poultry,禽肉,True,0.008618949685296846,0.008618949685296846,in_support,-0.012554179977584278
baseline_real_national_nonfood,10000.0,poultry,禽肉,aquatic,水产品,False,0.008618949685296846,0.0008063410105563274,in_support,0.00018477018318763914
baseline_real_national_nonfood,10000.0,poultry,禽肉,egg,蛋类,False,0.008618949685296846,0.003923686607723686,in_support,3.622575884136515e-05
baseline_real_national_nonfood,10000.0,poultry,禽肉,milk,奶类,False,0.008618949685296846,0.002119123223535384,in_support,2.85645373939616e-05
baseline_real_national_nonfood,10000.0,poultry,禽肉,nonfood,其他/未覆盖支出,False,0.008618949685296846,0.8226117310226875,in_support,0.011711804755164368
baseline_real_national_nonfood,10000.0,aquatic,水产品,grain,粮食/主粮,False,0.0008063410105563274,0.04256865188728519,in_support,4.649457454175554e-05
baseline_real_national_nonfood,10000.0,aquatic,水产品,oil,食用油,False,0.0008063410105563274,0.062142038801093216,in_support,5.391551690081542e-05
baseline_real_national_nonfood,10000.0,aquatic,水产品,vegetable,蔬菜,False,0.0008063410105563274,0.010676593269060642,in_support,0.0024785683087317767
baseline_real_national_nonfood,10000.0,aquatic,水产品,fruit,水果,False,0.0008063410105563274,0.024504816492394936,in_support,0.008064279883947867
baseline_real_national_nonfood,10000.0,aquatic,水产品,pork,猪肉,False,0.0008063410105563274,0.015028147225933593,in_support,0.01551514206647811
baseline_real_national_nonfood,10000.0,aquatic,水产品,beef,牛肉,False,0.0008063410105563274,0.0006897530032924046,in_support,0.010960735319693236
baseline_real_national_nonfood,10000.0,aquatic,水产品,mutton,羊肉,False,0.0008063410105563274,0.006310167771140232,in_support,0.0007746417630220548
baseline_real_national_nonfood,10000.0,aquatic,水产品,poultry,禽肉,False,0.0008063410105563274,0.008618949685296846,in_support,0.001975071598729672
baseline_real_national_nonfood,10000.0,aquatic,水产品,aquatic,水产品,True,0.0008063410105563274,0.0008063410105563274,in_support,-0.7925513869612546
baseline_real_national_nonfood,10000.0,aquatic,水产品,egg,蛋类,False,0.0008063410105563274,0.003923686607723686,in_support,0.0023153279907421748
baseline_real_national_nonfood,10000.0,aquatic,水产品,milk,奶类,False,0.0008063410105563274,0.002119123223535384,in_support,0.001825669403867726
baseline_real_national_nonfood,10000.0,aquatic,水产品,nonfood,其他/未覆盖支出,False,0.0008063410105563274,0.8226117310226875,in_support,0.7485462246697399
baseline_real_national_nonfood,10000.0,egg,蛋类,grain,粮食/主粮,False,0.003923686607723686,0.04256865188728519,in_support,1.8487022555545296e-06
baseline_real_national_nonfood,10000.0,egg,蛋类,oil,食用油,False,0.003923686607723686,0.062142038801093216,in_support,2.1364334664916718e-06
baseline_real_national_nonfood,10000.0,egg,蛋类,vegetable,蔬菜,False,0.003923686607723686,0.010676593269060642,in_support,9.985698215370271e-05
baseline_real_national_nonfood,10000.0,egg,蛋类,fruit,水果,False,0.003923686607723686,0.024504816492394936,in_support,0.0003249010075388834
baseline_real_national_nonfood,10000.0,egg,蛋类,pork,猪肉,False,0.003923686607723686,0.015028147225933593,in_support,0.0006251066705177831
baseline_real_national_nonfood,10000.0,egg,蛋类,beef,牛肉,False,0.003923686607723686,0.0006897530032924046,in_support,0.0004416149000403538
baseline_real_national_nonfood,10000.0,egg,蛋类,mutton,羊肉,False,0.003923686607723686,0.006310167771140232,in_support,3.1207174116477856e-05
baseline_real_national_nonfood,10000.0,egg,蛋类,poultry,禽肉,False,0.003923686607723686,0.008618949685296846,in_support,7.957195343175419e-05
baseline_real_national_nonfood,10000.0,egg,蛋类,aquatic,水产品,False,0.003923686607723686,0.0008063410105563274,in_support,0.0004758068820476471
baseline_real_national_nonfood,10000.0,egg,蛋类,egg,蛋类,True,0.003923686607723686,0.003923686607723686,in_support,-0.032314945119078516
baseline_real_national_nonfood,10000.0,egg,蛋类,milk,奶类,False,0.003923686607723686,0.002119123223535384,in_support,7.355620920229732e-05
baseline_real_national_nonfood,10000.0,egg,蛋类,nonfood,其他/未覆盖支出,False,0.003923686607723686,0.8226117310226875,in_support,0.030159204044481136
baseline_real_national_nonfood,10000.0,milk,奶类,grain,粮食/主粮,False,0.002119123223535384,0.04256865188728519,in_support,2.719611708827674e-06
baseline_real_national_nonfood,10000.0,milk,奶类,oil,食用油,False,0.002119123223535384,0.062142038801093216,in_support,3.149106346106434e-06
baseline_real_national_nonfood,10000.0,milk,奶类,vegetable,蔬菜,False,0.002119123223535384,0.010676593269060642,in_support,0.0001457952659098278
baseline_real_national_nonfood,10000.0,milk,奶类,fruit,水果,False,0.002119123223535384,0.024504816492394936,in_support,0.00047436378013405653
baseline_real_national_nonfood,10000.0,milk,奶类,pork,猪肉,False,0.002119123223535384,0.015028147225933593,in_support,0.000912656216225393
baseline_real_national_nonfood,10000.0,milk,奶类,beef,牛肉,False,0.002119123223535384,0.0006897530032924046,in_support,0.0006447532950313287
baseline_real_national_nonfood,10000.0,milk,奶类,mutton,羊肉,False,0.002119123223535384,0.006310167771140232,in_support,4.556518747259389e-05
baseline_real_national_nonfood,10000.0,milk,奶类,poultry,禽肉,False,0.002119123223535384,0.008618949685296846,in_support,0.00011617835747205173
baseline_real_national_nonfood,10000.0,milk,奶类,aquatic,水产品,False,0.002119123223535384,0.0008063410105563274,in_support,0.0006946732702463412
baseline_real_national_nonfood,10000.0,milk,奶类,egg,蛋类,False,0.002119123223535384,0.003923686607723686,in_support,0.00013619527081759012
baseline_real_national_nonfood,10000.0,milk,奶类,milk,奶类,True,0.002119123223535384,0.002119123223535384,in_support,-0.047208270166239207
baseline_real_national_nonfood,10000.0,milk,奶类,nonfood,其他/未覆盖支出,False,0.002119123223535384,0.8226117310226875,in_support,0.044032299522694385
baseline_real_national_nonfood,10000.0,nonfood,其他/未覆盖支出,grain,粮食/主粮,False,0.8226117310226875,0.04256865188728519,in_support,2.8685878736695036e-06
baseline_real_national_nonfood,10000.0,nonfood,其他/未覆盖支出,oil,食用油,False,0.8226117310226875,0.062142038801093216,in_support,3.3204146048376737e-06
baseline_real_national_nonfood,10000.0,nonfood,其他/未覆盖支出,vegetable,蔬菜,False,0.8226117310226875,0.010676593269060642,in_support,0.00015399289716313755
baseline_real_national_nonfood,10000.0,nonfood,其他/未覆盖支出,fruit,水果,False,0.8226117310226875,0.024504816492394936,in_support,0.0005010367917182602
baseline_real_national_nonfood,10000.0,nonfood,其他/未覆盖支出,pork,猪肉,False,0.8226117310226875,0.015028147225933593,in_support,0.0009639769686646121
baseline_real_national_nonfood,10000.0,nonfood,其他/未覆盖支出,beef,牛肉,False,0.8226117310226875,0.0006897530032924046,in_support,0.0006810101805923681
baseline_real_national_nonfood,10000.0,nonfood,其他/未覆盖支出,mutton,羊肉,False,0.8226117310226875,0.006310167771140232,in_support,4.812690500487476e-05
baseline_real_national_nonfood,10000.0,nonfood,其他/未覆盖支出,poultry,禽肉,False,0.8226117310226875,0.008618949685296846,in_support,0.00012271070853058993
baseline_real_national_nonfood,10000.0,nonfood,其他/未覆盖支出,aquatic,水产品,False,0.8226117310226875,0.0008063410105563274,in_support,0.0007337373350329514
baseline_real_national_nonfood,10000.0,nonfood,其他/未覆盖支出,egg,蛋类,False,0.8226117310226875,0.003923686607723686,in_support,0.0001438536943199212
baseline_real_national_nonfood,10000.0,nonfood,其他/未覆盖支出,milk,奶类,False,0.8226117310226875,0.002119123223535384,in_support,0.00011343116345795832
baseline_real_national_nonfood,10000.0,nonfood,其他/未覆盖支出,nonfood,其他/未覆盖支出,True,0.8226117310226875,0.8226117310226875,in_support,-0.003468045766073402
baseline_real_national_nonfood,13533.915988267352,grain,粮食/主粮,grain,粮食/主粮,True,0.027796855673966864,0.027796855673966864,in_support,-0.0005262466523602797
baseline_real_national_nonfood,13533.915988267352,grain,粮食/主粮,oil,食用油,False,0.027796855673966864,0.04725656883514426,in_support,3.137493114445389e-08
baseline_real_national_nonfood,13533.915988267352,grain,粮食/主粮,vegetable,蔬菜,False,0.027796855673966864,0.009055946482790409,in_support,1.4710767027911048e-06
baseline_real_national_nonfood,13533.915988267352,grain,粮食/主粮,fruit,水果,False,0.027796855673966864,0.0205968421608151,in_support,4.786415009408462e-06
baseline_real_national_nonfood,13533.915988267352,grain,粮食/主粮,pork,猪肉,False,0.027796855673966864,0.014977474872742922,in_support,9.209073621025115e-06
baseline_real_national_nonfood,13533.915988267352,grain,粮食/主粮,beef,牛肉,False,0.027796855673966864,0.003539717531693504,in_support,6.505884863988905e-06
baseline_real_national_nonfood,13533.915988267352,grain,粮食/主粮,mutton,羊肉,False,0.027796855673966864,0.004828914478649384,in_support,4.5973552402576306e-07
baseline_real_national_nonfood,13533.915988267352,grain,粮食/主粮,poultry,禽肉,False,0.027796855673966864,0.007075460038029347,in_support,1.1722436613669299e-06
baseline_real_national_nonfood,13533.915988267352,grain,粮食/主粮,aquatic,水产品,False,0.027796855673966864,0.0038605127964020285,in_support,7.00960301188336e-06
baseline_real_national_nonfood,13533.915988267352,grain,粮食/主粮,egg,蛋类,False,0.027796855673966864,0.0034592399569348745,in_support,1.37425569283426e-06
baseline_real_national_nonfood,13533.915988267352,grain,粮食/主粮,milk,奶类,False,0.027796855673966864,0.0021270870599483646,in_support,1.0836289916131645e-06
baseline_real_national_nonfood,13533.915988267352,grain,粮食/主粮,nonfood,其他/未覆盖支出,False,0.027796855673966864,0.8554253801128828,in_support,0.0004931380804127639
baseline_real_national_nonfood,13533.915988267352,oil,食用油,grain,粮食/主粮,False,0.04725656883514426,0.027796855673966864,in_support,1.8692135495901666e-08
baseline_real_national_nonfood,13533.915988267352,oil,食用油,oil,食用油,True,0.04725656883514426,0.04725656883514426,in_support,-0.00035824656961695343
baseline_real_national_nonfood,13533.915988267352,oil,食用油,vegetable,蔬菜,False,0.04725656883514426,0.009055946482790409,in_support,1.001513597143316e-06
baseline_real_national_nonfood,13533.915988267352,oil,食用油,fruit,水果,False,0.04725656883514426,0.0205968421608151,in_support,3.258549143502062e-06
baseline_real_national_nonfood,13533.915988267352,oil,食用油,pork,猪肉,False,0.04725656883514426,0.014977474872742922,in_support,6.269296996760346e-06
baseline_real_national_nonfood,13533.915988267352,oil,食用油,beef,牛肉,False,0.04725656883514426,0.003539717531693504,in_support,4.428990676313071e-06
baseline_real_national_nonfood,13533.915988267352,oil,食用油,mutton,羊肉,False,0.04725656883514426,0.004828914478649384,in_support,3.130008037100125e-07
baseline_real_national_nonfood,13533.915988267352,oil,食用油,poultry,禽肉,False,0.04725656883514426,0.007075460038029347,in_support,7.980666619736721e-07
baseline_real_national_nonfood,13533.915988267352,oil,食用油,aquatic,水产品,False,0.04725656883514426,0.0038605127964020285,in_support,4.7719076503907045e-06
baseline_real_national_nonfood,13533.915988267352,oil,食用油,egg,蛋类,False,0.04725656883514426,0.0034592399569348745,in_support,9.355643582990294e-07
baseline_real_national_nonfood,13533.915988267352,oil,食用油,milk,奶类,False,0.04725656883514426,0.0021270870599483646,in_support,7.377082958122909e-07
baseline_real_national_nonfood,13533.915988267352,oil,食用油,nonfood,其他/未覆盖支出,False,0.04725656883514426,0.8554253801128828,in_support,0.0003357145831195396
baseline_real_national_nonfood,13533.915988267352,vegetable,蔬菜,grain,粮食/主粮,False,0.009055946482790409,0.027796855673966864,in_support,4.515716887504295e-06
baseline_real_national_nonfood,13533.915988267352,vegetable,蔬菜,oil,食用油,False,0.009055946482790409,0.04725656883514426,in_support,5.226304230207535e-06
baseline_real_national_nonfood,13533.915988267352,vegetable,蔬菜,vegetable,蔬菜,True,0.009055946482790409,0.009055946482790409,in_support,-0.08652038017015014
baseline_real_national_nonfood,13533.915988267352,vegetable,蔬菜,fruit,水果,False,0.009055946482790409,0.0205968421608151,in_support,0.0007891243967906893
baseline_real_national_nonfood,13533.915988267352,vegetable,蔬菜,pork,猪肉,False,0.009055946482790409,0.014977474872742922,in_support,0.001518248991699291
baseline_real_national_nonfood,13533.915988267352,vegetable,蔬菜,beef,牛肉,False,0.009055946482790409,0.003539717531693504,in_support,0.0010725811488592613
baseline_real_national_nonfood,13533.915988267352,vegetable,蔬菜,mutton,羊肉,False,0.009055946482790409,0.004828914478649384,in_support,7.579884279974598e-05
baseline_real_national_nonfood,13533.915988267352,vegetable,蔬菜,poultry,禽肉,False,0.009055946482790409,0.007075460038029347,in_support,0.00019326713468255418
baseline_real_national_nonfood,13533.915988267352,vegetable,蔬菜,aquatic,水产品,False,0.009055946482790409,0.0038605127964020285,in_support,0.0011556256488293544
baseline_real_national_nonfood,13533.915988267352,vegetable,蔬菜,egg,蛋类,False,0.009055946482790409,0.0034592399569348745,in_support,0.00022656727478041956
baseline_real_national_nonfood,13533.915988267352,vegetable,蔬菜,milk,奶类,False,0.009055946482790409,0.0021270870599483646,in_support,0.0001786523354828266
baseline_real_national_nonfood,13533.915988267352,vegetable,蔬菜,nonfood,其他/未覆盖支出,False,0.009055946482790409,0.8554253801128828,in_support,0.08130077546897607
baseline_real_national_nonfood,13533.915988267352,fruit,水果,grain,粮食/主粮,False,0.0205968421608151,0.027796855673966864,in_support,6.459831423574411e-06
baseline_real_national_nonfood,13533.915988267352,fruit,水果,oil,食用油,False,0.0205968421608151,0.04725656883514426,in_support,7.476281538815882e-06
baseline_real_national_nonfood,13533.915988267352,fruit,水果,vegetable,蔬菜,False,0.0205968421608151,0.009055946482790409,in_support,0.00034695939372128125
baseline_real_national_nonfood,13533.915988267352,fruit,水果,fruit,水果,True,0.0205968421608151,0.0205968421608151,in_support,-0.12298963825597103
baseline_real_national_nonfood,13533.915988267352,fruit,水果,pork,猪肉,False,0.0205968421608151,0.014977474872742922,in_support,0.0021719280351280863
baseline_real_national_nonfood,13533.915988267352,fruit,水果,beef,牛肉,False,0.0205968421608151,0.003539717531693504,in_support,0.0015343788326703236
baseline_real_national_nonfood,13533.915988267352,fruit,水果,mutton,羊肉,False,0.0205968421608151,0.004828914478649384,in_support,0.00010843386541913849
baseline_real_national_nonfood,13533.915988267352,fruit,水果,poultry,禽肉,False,0.0205968421608151,0.007075460038029347,in_support,0.0002764778844399486
baseline_real_national_nonfood,13533.915988267352,fruit,水果,aquatic,水产品,False,0.0205968421608151,0.0038605127964020285,in_support,0.0016531779780647902
baseline_real_national_nonfood,13533.915988267352,fruit,水果,egg,蛋类,False,0.0205968421608151,0.0034592399569348745,in_support,0.00032411535030907475
baseline_real_national_nonfood,13533.915988267352,fruit,水果,milk,奶类,False,0.0205968421608151,0.0021270870599483646,in_support,0.00025557073814369145
baseline_real_national_nonfood,13533.915988267352,fruit,水果,nonfood,其他/未覆盖支出,False,0.0205968421608151,0.8554253801128828,in_support,0.11630466116315719
baseline_real_national_nonfood,13533.915988267352,pork,猪肉,grain,粮食/主粮,False,0.014977474872742922,0.027796855673966864,in_support,1.709151563803607e-05
baseline_real_national_nonfood,13533.915988267352,pork,猪肉,oil,食用油,False,0.014977474872742922,0.04725656883514426,in_support,1.9780853000077314e-05
baseline_real_national_nonfood,13533.915988267352,pork,猪肉,vegetable,蔬菜,False,0.014977474872742922,0.009055946482790409,in_support,0.0009179906306025429
baseline_real_national_nonfood,13533.915988267352,pork,猪肉,fruit,水果,False,0.014977474872742922,0.0205968421608151,in_support,0.0029868091992731986
baseline_real_national_nonfood,13533.915988267352,pork,猪肉,pork,猪肉,True,0.014977474872742922,0.014977474872742922,in_support,-0.3226482119546271
baseline_real_national_nonfood,13533.915988267352,pork,猪肉,beef,牛肉,False,0.014977474872742922,0.003539717531693504,in_support,0.004059683720837217
baseline_real_national_nonfood,13533.915988267352,pork,猪肉,mutton,羊肉,False,0.014977474872742922,0.004828914478649384,in_support,0.000286896032645919
baseline_real_national_nonfood,13533.915988267352,pork,猪肉,poultry,禽肉,False,0.014977474872742922,0.007075460038029347,in_support,0.000731509549993503
baseline_real_national_nonfood,13533.915988267352,pork,猪肉,aquatic,水产品,False,0.014977474872742922,0.0038605127964020285,in_support,0.004374004369912605
baseline_real_national_nonfood,13533.915988267352,pork,猪肉,egg,蛋类,False,0.014977474872742922,0.0034592399569348745,in_support,0.0008575495081254198
baseline_real_national_nonfood,13533.915988267352,pork,猪肉,milk,奶类,False,0.014977474872742922,0.0021270870599483646,in_support,0.0006761930879156113
baseline_real_national_nonfood,13533.915988267352,pork,猪肉,nonfood,其他/未覆盖支出,False,0.014977474872742922,0.8554253801128828,in_support,0.3077207066640195
baseline_real_national_nonfood,13533.915988267352,beef,牛肉,grain,粮食/主粮,False,0.003539717531693504,0.027796855673966864,in_support,5.109340307764276e-05
baseline_real_national_nonfood,13533.915988267352,beef,牛肉,oil,食用油,False,0.003539717531693504,0.04725656883514426,in_support,5.913462917853107e-05
baseline_real_national_nonfood,13533.915988267352,beef,牛肉,vegetable,蔬菜,False,0.003539717531693504,0.009055946482790409,in_support,0.0027440724763859448
baseline_real_national_nonfood,13533.915988267352,beef,牛肉,fruit,水果,False,0.003539717531693504,0.0205968421608151,in_support,0.008928217438375768
baseline_real_national_nonfood,13533.915988267352,beef,牛肉,pork,猪肉,False,0.003539717531693504,0.014977474872742922,in_support,0.017177590268430427
baseline_real_national_nonfood,13533.915988267352,beef,牛肉,beef,牛肉,True,0.003539717531693504,0.003539717531693504,in_support,-0.9695072149874561
baseline_real_national_nonfood,13533.915988267352,beef,牛肉,mutton,羊肉,False,0.003539717531693504,0.004828914478649384,in_support,0.0008575945039568256
baseline_real_national_nonfood,13533.915988267352,beef,牛肉,poultry,禽肉,False,0.003539717531693504,0.007075460038029347,in_support,0.002186640175548534
baseline_real_national_nonfood,13533.915988267352,beef,牛肉,aquatic,水产品,False,0.003539717531693504,0.0038605127964020285,in_support,0.013074840230351189
baseline_real_national_nonfood,13533.915988267352,beef,牛肉,egg,蛋类,False,0.003539717531693504,0.0034592399569348745,in_support,0.0025634003185349592
baseline_real_national_nonfood,13533.915988267352,beef,牛肉,milk,奶类,False,0.003539717531693504,0.0021270870599483646,in_support,0.0020212868152724786
baseline_real_national_nonfood,13533.915988267352,beef,牛肉,nonfood,其他/未覆盖支出,False,0.003539717531693504,0.8554253801128828,in_support,0.9198434475069999
baseline_real_national_nonfood,13533.915988267352,mutton,羊肉,grain,粮食/主粮,False,0.004828914478649384,0.027796855673966864,in_support,2.646570832949297e-06
baseline_real_national_nonfood,13533.915988267352,mutton,羊肉,oil,食用油,False,0.004828914478649384,0.04725656883514426,in_support,3.0629883808223554e-06
baseline_real_national_nonfood,13533.915988267352,mutton,羊肉,vegetable,蔬菜,False,0.004828914478649384,0.009055946482790409,in_support,0.0001421499764189412
baseline_real_national_nonfood,13533.915988267352,mutton,羊肉,fruit,水果,False,0.004828914478649384,0.0205968421608151,in_support,0.000462504572371146
baseline_real_national_nonfood,13533.915988267352,mutton,羊肉,pork,猪肉,False,0.004828914478649384,0.014977474872742922,in_support,0.0008898434252624324
baseline_real_national_nonfood,13533.915988267352,mutton,羊肉,beef,牛肉,False,0.004828914478649384,0.003539717531693504,in_support,0.0006286382024551275
baseline_real_national_nonfood,13533.915988267352,mutton,羊肉,mutton,羊肉,True,0.004828914478649384,0.004828914478649384,in_support,-0.050807190270298626
baseline_real_national_nonfood,13533.915988267352,mutton,羊肉,poultry,禽肉,False,0.004828914478649384,0.007075460038029347,in_support,0.00011327356062980094
baseline_real_national_nonfood,13533.915988267352,mutton,羊肉,aquatic,水产品,False,0.004828914478649384,0.0038605127964020285,in_support,0.000677310460470077
baseline_real_national_nonfood,13533.915988267352,mutton,羊肉,egg,蛋类,False,0.004828914478649384,0.0034592399569348745,in_support,0.0001327907315818611
baseline_real_national_nonfood,13533.915988267352,mutton,羊肉,milk,奶类,False,0.004828914478649384,0.0021270870599483646,in_support,0.00010470786214711016
baseline_real_national_nonfood,13533.915988267352,mutton,羊肉,nonfood,其他/未覆盖支出,False,0.004828914478649384,0.8554253801128828,in_support,0.047650261427965454
baseline_real_national_nonfood,13533.915988267352,poultry,禽肉,grain,粮食/主粮,False,0.007075460038029347,0.027796855673966864,in_support,4.605550533743133e-06
baseline_real_national_nonfood,13533.915988267352,poultry,禽肉,oil,食用油,False,0.007075460038029347,0.04725656883514426,in_support,5.330245421470911e-06
baseline_real_national_nonfood,13533.915988267352,poultry,禽肉,vegetable,蔬菜,False,0.007075460038029347,0.009055946482790409,in_support,0.0002473643644392218
baseline_real_national_nonfood,13533.915988267352,poultry,禽肉,fruit,水果,False,0.007075460038029347,0.0205968421608151,in_support,0.0008048340861354511
baseline_real_national_nonfood,13533.915988267352,poultry,禽肉,pork,猪肉,False,0.007075460038029347,0.014977474872742922,in_support,0.0015484739589333371
baseline_real_national_nonfood,13533.915988267352,poultry,禽肉,beef,牛肉,False,0.007075460038029347,0.003539717531693504,in_support,0.0010939338768118536
baseline_real_national_nonfood,13533.915988267352,poultry,禽肉,mutton,羊肉,False,0.007075460038029347,0.004828914478649384,in_support,7.73078189654254e-05
baseline_real_national_nonfood,13533.915988267352,poultry,禽肉,poultry,禽肉,True,0.007075460038029347,0.007075460038029347,in_support,-0.0882930606956514
baseline_real_national_nonfood,13533.915988267352,poultry,禽肉,aquatic,水产品,False,0.007075460038029347,0.0038605127964020285,in_support,0.0011786316122441526
baseline_real_national_nonfood,13533.915988267352,poultry,禽肉,egg,蛋类,False,0.007075460038029347,0.0034592399569348745,in_support,0.00023107772369103656
baseline_real_national_nonfood,13533.915988267352,poultry,禽肉,milk,奶类,False,0.007075460038029347,0.0021270870599483646,in_support,0.00018220890628273164
baseline_real_national_nonfood,13533.915988267352,poultry,禽肉,nonfood,其他/未覆盖支出,False,0.007075460038029347,0.8554253801128828,in_support,0.0829192939314711
baseline_real_national_nonfood,13533.915988267352,aquatic,水产品,grain,粮食/主粮,False,0.0038605127964020285,0.027796855673966864,in_support,5.047482919380564e-05
baseline_real_national_nonfood,13533.915988267352,aquatic,水产品,oil,食用油,False,0.0038605127964020285,0.04725656883514426,in_support,5.8418657642139715e-05
baseline_real_national_nonfood,13533.915988267352,aquatic,水产品,vegetable,蔬菜,False,0.0038605127964020285,0.009055946482790409,in_support,0.0027108544280912764
baseline_real_national_nonfood,13533.915988267352,aquatic,水产品,fruit,水果,False,0.0038605127964020285,0.0205968421608151,in_support,0.00882013797391068
baseline_real_national_nonfood,13533.915988267352,aquatic,水产品,pork,猪肉,False,0.0038605127964020285,0.014977474872742922,in_support,0.016969649076348316
baseline_real_national_nonfood,13533.915988267352,aquatic,水产品,beef,牛肉,False,0.0038605127964020285,0.003539717531693504,in_support,0.011988366206294265
baseline_real_national_nonfood,13533.915988267352,aquatic,水产品,mutton,羊肉,False,0.0038605127964020285,0.004828914478649384,in_support,0.0008472129869605549
baseline_real_national_nonfood,13533.915988267352,aquatic,水产品,poultry,禽肉,False,0.0038605127964020285,0.007075460038029347,in_support,0.0021601700644491573
baseline_real_national_nonfood,13533.915988267352,aquatic,水产品,aquatic,水产品,True,0.0038605127964020285,0.0038605127964020285,in_support,-0.9568427693144497
baseline_real_national_nonfood,13533.915988267352,aquatic,水产品,egg,蛋类,False,0.0038605127964020285,0.0034592399569348745,in_support,0.002532369387365941
baseline_real_national_nonfood,13533.915988267352,aquatic,水产品,milk,奶类,False,0.0038605127964020285,0.0021270870599483646,in_support,0.0019968183777215954
baseline_real_national_nonfood,13533.915988267352,aquatic,水产品,nonfood,其他/未覆盖支出,False,0.0038605127964020285,0.8554253801128828,in_support,0.9087083967431739
baseline_real_national_nonfood,13533.915988267352,egg,蛋类,grain,粮食/主粮,False,0.0034592399569348745,0.027796855673966864,in_support,1.1043080885161927e-05
baseline_real_national_nonfood,13533.915988267352,egg,蛋类,oil,食用油,False,0.0034592399569348745,0.04725656883514426,in_support,1.2780669092243846e-05
baseline_real_national_nonfood,13533.915988267352,egg,蛋类,vegetable,蔬菜,False,0.0034592399569348745,0.009055946482790409,in_support,0.0005931305796453663
baseline_real_national_nonfood,13533.915988267352,egg,蛋类,fruit,水果,False,0.0034592399569348745,0.0205968421608151,in_support,0.0019298321998317096
baseline_real_national_nonfood,13533.915988267352,egg,蛋类,pork,猪肉,False,0.0034592399569348745,0.014977474872742922,in_support,0.003712932960994804
baseline_real_national_nonfood,13533.915988267352,egg,蛋类,beef,牛肉,False,0.0034592399569348745,0.003539717531693504,in_support,0.0026230361589100444
baseline_real_national_nonfood,13533.915988267352,egg,蛋类,mutton,羊肉,False,0.0034592399569348745,0.004828914478649384,in_support,0.000185368786367799
baseline_real_national_nonfood,13533.915988267352,egg,蛋类,poultry,禽肉,False,0.0034592399569348745,0.007075460038029347,in_support,0.0004726417324235877
baseline_real_national_nonfood,13533.915988267352,egg,蛋类,aquatic,水产品,False,0.0034592399569348745,0.0038605127964020285,in_support,0.002826124501085504
baseline_real_national_nonfood,13533.915988267352,egg,蛋类,egg,蛋类,True,0.0034592399569348745,0.0034592399569348745,in_support,-0.21162778680829739
baseline_real_national_nonfood,13533.915988267352,egg,蛋类,milk,奶类,False,0.0034592399569348745,0.0021270870599483646,in_support,0.0004369007617490531
baseline_real_national_nonfood,13533.915988267352,egg,蛋类,nonfood,其他/未覆盖支出,False,0.0034592399569348745,0.8554253801128828,in_support,0.19882399559462371
baseline_real_national_nonfood,13533.915988267352,milk,奶类,grain,粮食/主粮,False,0.0021270870599483646,0.027796855673966864,in_support,1.4161289597112298e-05
baseline_real_national_nonfood,13533.915988267352,milk,奶类,oil,食用油,False,0.0021270870599483646,0.04725656883514426,in_support,1.638961719154647e-05
baseline_real_national_nonfood,13533.915988267352,milk,奶类,vegetable,蔬菜,False,0.0021270870599483646,0.009055946482790409,in_support,0.0007606017095575625
baseline_real_national_nonfood,13533.915988267352,milk,奶类,fruit,水果,False,0.0021270870599483646,0.0205968421608151,in_support,0.0024747225823521096
baseline_real_national_nonfood,13533.915988267352,milk,奶类,pork,猪肉,False,0.0021270870599483646,0.014977474872742922,in_support,0.004761283764870285
baseline_real_national_nonfood,13533.915988267352,milk,奶类,beef,牛肉,False,0.0021270870599483646,0.003539717531693504,in_support,0.0033636533305695564
baseline_real_national_nonfood,13533.915988267352,milk,奶类,mutton,羊肉,False,0.0021270870599483646,0.004828914478649384,in_support,0.00023770789281883295
baseline_real_national_nonfood,13533.915988267352,milk,奶类,poultry,禽肉,False,0.0021270870599483646,0.007075460038029347,in_support,0.000606092690789312
baseline_real_national_nonfood,13533.915988267352,milk,奶类,aquatic,水产品,False,0.0021270870599483646,0.0038605127964020285,in_support,0.0036240838875495947
baseline_real_national_nonfood,13533.915988267352,milk,奶类,egg,蛋类,False,0.0021270870599483646,0.0034592399569348745,in_support,0.0007105231580915648
baseline_real_national_nonfood,13533.915988267352,milk,奶类,milk,奶类,True,0.0021270870599483646,0.0021270870599483646,in_support,-0.27153138809524174
baseline_real_national_nonfood,13533.915988267352,milk,奶类,nonfood,其他/未覆盖支出,False,0.0021270870599483646,0.8554253801128828,in_support,0.2549621736790618
baseline_real_national_nonfood,13533.915988267352,nonfood,其他/未覆盖支出,grain,粮食/主粮,False,0.8554253801128828,0.027796855673966864,in_support,1.6024674915970233e-05
baseline_real_national_nonfood,13533.915988267352,nonfood,其他/未覆盖支出,oil,食用油,False,0.8554253801128828,0.04725656883514426,in_support,1.8546154907955748e-05
baseline_real_national_nonfood,13533.915988267352,nonfood,其他/未覆盖支出,vegetable,蔬菜,False,0.8554253801128828,0.009055946482790409,in_support,0.0008606893086964326
baseline_real_national_nonfood,13533.915988267352,nonfood,其他/未覆盖支出,fruit,水果,False,0.8554253801128828,0.0205968421608151,in_support,0.002800371420347666
baseline_real_national_nonfood,13533.915988267352,nonfood,其他/未覆盖支出,pork,猪肉,False,0.8554253801128828,0.014977474872742922,in_support,0.0053878213629660245
baseline_real_national_nonfood,13533.915988267352,nonfood,其他/未覆盖支出,beef,牛肉,False,0.8554253801128828,0.003539717531693504,in_support,0.0038062766846922993
baseline_real_national_nonfood,13533.915988267352,nonfood,其他/未覆盖支出,mutton,羊肉,False,0.8554253801128828,0.004828914478649384,in_support,0.00026898787299118546
baseline_real_national_nonfood,13533.915988267352,nonfood,其他/未覆盖支出,poultry,禽肉,False,0.8554253801128828,0.007075460038029347,in_support,0.0006858484427745386
baseline_real_national_nonfood,13533.915988267352,nonfood,其他/未覆盖支出,aquatic,水产品,False,0.8554253801128828,0.0038605127964020285,in_support,0.004100977316023907
baseline_real_national_nonfood,13533.915988267352,nonfood,其他/未覆盖支出,egg,蛋类,False,0.8554253801128828,0.0034592399569348745,in_support,0.0008040209413799158
baseline_real_national_nonfood,13533.915988267352,nonfood,其他/未覆盖支出,milk,奶类,False,0.8554253801128828,0.0021270870599483646,in_support,0.0006339848573577076
baseline_real_national_nonfood,13533.915988267352,nonfood,其他/未覆盖支出,nonfood,其他/未覆盖支出,True,0.8554253801128828,0.8554253801128828,in_support,-0.019383548073094392
baseline_real_national_nonfood,15906.54997808061,grain,粮食/主粮,grain,粮食/主粮,True,0.022861029609342737,0.022861029609342737,in_support,-0.0008202607551663728
baseline_real_national_nonfood,15906.54997808061,grain,粮食/主粮,oil,食用油,False,0.022861029609342737,0.04050268065357558,in_support,4.605385776467602e-08
baseline_real_national_nonfood,15906.54997808061,grain,粮食/主粮,vegetable,蔬菜,False,0.022861029609342737,0.008148427861963538,in_support,2.142906913880048e-06
baseline_real_national_nonfood,15906.54997808061,grain,粮食/主粮,fruit,水果,False,0.022861029609342737,0.018683345456723403,in_support,6.972267753584116e-06
baseline_real_national_nonfood,15906.54997808061,grain,粮食/主粮,pork,猪肉,False,0.022861029609342737,0.014773578528170404,in_support,1.3414473181483366e-05
baseline_real_national_nonfood,15906.54997808061,grain,粮食/主粮,beef,牛肉,False,0.022861029609342737,0.004509654720432551,in_support,9.476798884785814e-06
baseline_real_national_nonfood,15906.54997808061,grain,粮食/主粮,mutton,羊肉,False,0.022861029609342737,0.004204139279858419,in_support,6.697098426319565e-07
baseline_real_national_nonfood,15906.54997808061,grain,粮食/主粮,poultry,禽肉,False,0.022861029609342737,0.006324926791732415,in_support,1.707596667055054e-06
baseline_real_national_nonfood,15906.54997808061,grain,粮食/主粮,aquatic,水产品,False,0.022861029609342737,0.004898586824455585,in_support,1.0210537901204019e-05
baseline_real_national_nonfood,15906.54997808061,grain,粮食/主粮,egg,蛋类,False,0.022861029609342737,0.0032423246880575523,in_support,2.0018299904393973e-06
baseline_real_national_nonfood,15906.54997808061,grain,粮食/主粮,milk,奶类,False,0.022861029609342737,0.0020715860382255944,in_support,1.578478767993042e-06
baseline_real_national_nonfood,15906.54997808061,grain,粮食/主粮,nonfood,其他/未覆盖支出,False,0.022861029609342737,0.8697797195474622,in_support,0.0007720378599648803
baseline_real_national_nonfood,15906.54997808061,oil,食用油,grain,粮食/主粮,False,0.04050268065357558,0.022861029609342737,in_support,2.607836284971351e-08
baseline_real_national_nonfood,15906.54997808061,oil,食用油,oil,食用油,True,0.04050268065357558,0.04050268065357558,in_support,-0.0005358257568675174
baseline_real_national_nonfood,15906.54997808061,oil,食用油,vegetable,蔬菜,False,0.04050268065357558,0.008148427861963538,in_support,1.399860629451783e-06
baseline_real_national_nonfood,15906.54997808061,oil,食用油,fruit,水果,False,0.04050268065357558,0.018683345456723403,in_support,4.554637267275988e-06
baseline_real_national_nonfood,15906.54997808061,oil,食用油,pork,猪肉,False,0.04050268065357558,0.014773578528170404,in_support,8.762952226008271e-06
baseline_real_national_nonfood,15906.54997808061,oil,食用油,beef,牛肉,False,0.04050268065357558,0.004509654720432551,in_support,6.19066438816763e-06
baseline_real_national_nonfood,15906.54997808061,oil,食用油,mutton,羊肉,False,0.04050268065357558,0.004204139279858419,in_support,4.374934049535819e-07
baseline_real_national_nonfood,15906.54997808061,oil,食用油,poultry,禽肉,False,0.04050268065357558,0.006324926791732415,in_support,1.1154921311023005e-06
baseline_real_national_nonfood,15906.54997808061,oil,食用油,aquatic,水产品,False,0.04050268065357558,0.004898586824455585,in_support,6.669975935651195e-06
baseline_real_national_nonfood,15906.54997808061,oil,食用油,egg,蛋类,False,0.04050268065357558,0.0032423246880575523,in_support,1.307690496228696e-06
baseline_real_national_nonfood,15906.54997808061,oil,食用油,milk,奶类,False,0.04050268065357558,0.0020715860382255944,in_support,1.0311377795819846e-06
baseline_real_national_nonfood,15906.54997808061,oil,食用油,nonfood,其他/未覆盖支出,False,0.04050268065357558,0.8697797195474622,in_support,0.0005043303296840204
baseline_real_national_nonfood,15906.54997808061,vegetable,蔬菜,grain,粮食/主粮,False,0.008148427861963538,0.022861029609342737,in_support,6.012206425318363e-06
baseline_real_national_nonfood,15906.54997808061,vegetable,蔬菜,oil,食用油,False,0.008148427861963538,0.04050268065357558,in_support,6.958231873578982e-06
baseline_real_national_nonfood,15906.54997808061,vegetable,蔬菜,vegetable,蔬菜,True,0.008148427861963538,0.008148427861963538,in_support,-0.12328762404829785
baseline_real_national_nonfood,15906.54997808061,vegetable,蔬菜,fruit,水果,False,0.008148427861963538,0.018683345456723403,in_support,0.0010506543624279451
baseline_real_national_nonfood,15906.54997808061,vegetable,蔬菜,pork,猪肉,False,0.008148427861963538,0.014773578528170404,in_support,0.0020214239992358374
baseline_real_national_nonfood,15906.54997808061,vegetable,蔬菜,beef,牛肉,False,0.008148427861963538,0.004509654720432551,in_support,0.0014280538487981673
baseline_real_national_nonfood,15906.54997808061,vegetable,蔬菜,mutton,羊肉,False,0.008148427861963538,0.004204139279858419,in_support,0.00010091993048083592
baseline_real_national_nonfood,15906.54997808061,vegetable,蔬菜,poultry,禽肉,False,0.008148427861963538,0.006324926791732415,in_support,0.0002573193158188188
baseline_real_national_nonfood,15906.54997808061,vegetable,蔬菜,aquatic,水产品,False,0.008148427861963538,0.004898586824455585,in_support,0.001538620792127191
baseline_real_national_nonfood,15906.54997808061,vegetable,蔬菜,egg,蛋类,False,0.008148427861963538,0.0032423246880575523,in_support,0.0003016557377343278
baseline_real_national_nonfood,15906.54997808061,vegetable,蔬菜,milk,奶类,False,0.008148427861963538,0.0020715860382255944,in_support,0.0002378609297487592
baseline_real_national_nonfood,15906.54997808061,vegetable,蔬菜,nonfood,其他/未覆盖支出,False,0.008148427861963538,0.8697797195474622,in_support,0.11633814620850894
baseline_real_national_nonfood,15906.54997808061,fruit,水果,grain,粮食/主粮,False,0.018683345456723403,0.022861029609342737,in_support,8.53140127629777e-06
baseline_real_national_nonfood,15906.54997808061,fruit,水果,oil,食用油,False,0.018683345456723403,0.04050268065357558,in_support,9.873799737875402e-06
baseline_real_national_nonfood,15906.54997808061,fruit,水果,vegetable,蔬菜,False,0.018683345456723403,0.008148427861963538,in_support,0.0004582252795625303
baseline_real_national_nonfood,15906.54997808061,fruit,水果,fruit,水果,True,0.018683345456723403,0.018683345456723403,in_support,-0.1739148902918898
baseline_real_national_nonfood,15906.54997808061,fruit,水果,pork,猪肉,False,0.018683345456723403,0.014773578528170404,in_support,0.0028684404065907935
baseline_real_national_nonfood,15906.54997808061,fruit,水果,beef,牛肉,False,0.018683345456723403,0.004509654720432551,in_support,0.002026436506343424
baseline_real_national_nonfood,15906.54997808061,fruit,水果,mutton,羊肉,False,0.018683345456723403,0.004204139279858419,in_support,0.00014320735898984004
baseline_real_national_nonfood,15906.54997808061,fruit,水果,poultry,禽肉,False,0.018683345456723403,0.006324926791732415,in_support,0.0003651411633456784
baseline_real_national_nonfood,15906.54997808061,fruit,水果,aquatic,水产品,False,0.018683345456723403,0.004898586824455585,in_support,0.00218333317028909
baseline_real_national_nonfood,15906.54997808061,fruit,水果,egg,蛋类,False,0.018683345456723403,0.0032423246880575523,in_support,0.00042805542381968756
baseline_real_national_nonfood,15906.54997808061,fruit,水果,milk,奶类,False,0.018683345456723403,0.0020715860382255944,in_support,0.0003375293351948047
baseline_real_national_nonfood,15906.54997808061,fruit,水果,nonfood,其他/未覆盖支出,False,0.018683345456723403,0.8697797195474622,in_support,0.1650861173514676
baseline_real_national_nonfood,15906.54997808061,pork,猪肉,grain,粮食/主粮,False,0.014773578528170404,0.022861029609342737,in_support,2.0758106814167815e-05
baseline_real_national_nonfood,15906.54997808061,pork,猪肉,oil,食用油,False,0.014773578528170404,0.04050268065357558,in_support,2.402438536931034e-05
baseline_real_national_nonfood,15906.54997808061,pork,猪肉,vegetable,蔬菜,False,0.014773578528170404,0.008148427861963538,in_support,0.0011149247334554984
baseline_real_national_nonfood,15906.54997808061,pork,猪肉,fruit,水果,False,0.014773578528170404,0.018683345456723403,in_support,0.003627561472435474
baseline_real_national_nonfood,15906.54997808061,pork,猪肉,pork,猪肉,True,0.014773578528170404,0.014773578528170404,in_support,-0.4198069451669973
baseline_real_national_nonfood,15906.54997808061,pork,猪肉,beef,牛肉,False,0.014773578528170404,0.004509654720432551,in_support,0.004930596924199022
baseline_real_national_nonfood,15906.54997808061,pork,猪肉,mutton,羊肉,False,0.014773578528170404,0.004204139279858419,in_support,0.00034844308076373894
baseline_real_national_nonfood,15906.54997808061,pork,猪肉,poultry,禽肉,False,0.014773578528170404,0.006324926791732415,in_support,0.0008884383560033241
baseline_real_national_nonfood,15906.54997808061,pork,猪肉,aquatic,水产品,False,0.014773578528170404,0.004898586824455585,in_support,0.005312347947121664
baseline_real_national_nonfood,15906.54997808061,pork,猪肉,egg,蛋类,False,0.014773578528170404,0.0032423246880575523,in_support,0.0010415173371350586
baseline_real_national_nonfood,15906.54997808061,pork,猪肉,milk,奶类,False,0.014773578528170404,0.0020715860382255944,in_support,0.0008212550015204971
baseline_real_national_nonfood,15906.54997808061,pork,猪肉,nonfood,其他/未覆盖支出,False,0.014773578528170404,0.8697797195474622,in_support,0.4016770824882408
baseline_real_national_nonfood,15906.54997808061,beef,牛肉,grain,粮食/主粮,False,0.004509654720432551,0.022861029609342737,in_support,4.8042482439059064e-05
baseline_real_national_nonfood,15906.54997808061,beef,牛肉,oil,食用油,False,0.004509654720432551,0.04050268065357558,in_support,5.560248177320648e-05
baseline_real_national_nonfood,15906.54997808061,beef,牛肉,vegetable,蔬菜,False,0.004509654720432551,0.008148427861963538,in_support,0.0025803296209077706
baseline_real_national_nonfood,15906.54997808061,beef,牛肉,fruit,水果,False,0.004509654720432551,0.018683345456723403,in_support,0.008395458163640204
baseline_real_national_nonfood,15906.54997808061,beef,牛肉,pork,猪肉,False,0.004509654720432551,0.014773578528170404,in_support,0.016152581172725142
baseline_real_national_nonfood,15906.54997808061,beef,牛肉,beef,牛肉,True,0.004509654720432551,0.004509654720432551,in_support,-0.9763228609784146
baseline_real_national_nonfood,15906.54997808061,beef,牛肉,mutton,羊肉,False,0.004509654720432551,0.004204139279858419,in_support,0.0008064204205209674
baseline_real_national_nonfood,15906.54997808061,beef,牛肉,poultry,禽肉,False,0.004509654720432551,0.006324926791732415,in_support,0.002056160133807274
baseline_real_national_nonfood,15906.54997808061,beef,牛肉,aquatic,水产品,False,0.004509654720432551,0.004898586824455585,in_support,0.012294648112712586
baseline_real_national_nonfood,15906.54997808061,beef,牛肉,egg,蛋类,False,0.004509654720432551,0.0032423246880575523,in_support,0.002410438803801547
baseline_real_national_nonfood,15906.54997808061,beef,牛肉,milk,奶类,False,0.004509654720432551,0.0020715860382255944,in_support,0.0019006739813594532
baseline_real_national_nonfood,15906.54997808061,beef,牛肉,nonfood,其他/未覆盖支出,False,0.004509654720432551,0.8697797195474622,in_support,0.9296225521672226
baseline_real_national_nonfood,15906.54997808061,mutton,羊肉,grain,粮食/主粮,False,0.004204139279858419,0.022861029609342737,in_support,3.641776696678735e-06
baseline_real_national_nonfood,15906.54997808061,mutton,羊肉,oil,食用油,False,0.004204139279858419,0.04050268065357558,in_support,4.214795941391569e-06
baseline_real_national_nonfood,15906.54997808061,mutton,羊肉,vegetable,蔬菜,False,0.004204139279858419,0.008148427861963538,in_support,0.0001956021538354509
baseline_real_national_nonfood,15906.54997808061,mutton,羊肉,fruit,水果,False,0.004204139279858419,0.018683345456723403,in_support,0.0006364186018688453
baseline_real_national_nonfood,15906.54997808061,mutton,羊肉,pork,猪肉,False,0.004204139279858419,0.014773578528170404,in_support,0.0012244482221364997
baseline_real_national_nonfood,15906.54997808061,mutton,羊肉,beef,牛肉,False,0.004204139279858419,0.004509654720432551,in_support,0.0008650228787904229
baseline_real_national_nonfood,15906.54997808061,mutton,羊肉,mutton,羊肉,True,0.004204139279858419,0.004204139279858419,in_support,-0.0748141596347826
baseline_real_national_nonfood,15906.54997808061,mutton,羊肉,poultry,禽肉,False,0.004204139279858419,0.006324926791732415,in_support,0.00015586743112498626
baseline_real_national_nonfood,15906.54997808061,mutton,羊肉,aquatic,水产品,False,0.004204139279858419,0.004898586824455585,in_support,0.0009319971973426557
baseline_real_national_nonfood,15906.54997808061,mutton,羊肉,egg,蛋类,False,0.004204139279858419,0.0032423246880575523,in_support,0.00018272357534381939
baseline_real_national_nonfood,15906.54997808061,mutton,羊肉,milk,奶类,False,0.004204139279858419,0.0020715860382255944,in_support,0.00014408079998633433
baseline_real_national_nonfood,15906.54997808061,mutton,羊肉,nonfood,其他/未覆盖支出,False,0.004204139279858419,0.8697797195474622,in_support,0.07047014201196444
baseline_real_national_nonfood,15906.54997808061,poultry,禽肉,grain,粮食/主粮,False,0.006324926791732415,0.022861029609342737,in_support,6.172088520177768e-06
baseline_real_national_nonfood,15906.54997808061,poultry,禽肉,oil,食用油,False,0.006324926791732415,0.04050268065357558,in_support,7.143261588534941e-06
baseline_real_national_nonfood,15906.54997808061,poultry,禽肉,vegetable,蔬菜,False,0.006324926791732415,0.008148427861963538,in_support,0.00033150547027050326
baseline_real_national_nonfood,15906.54997808061,poultry,禽肉,fruit,水果,False,0.006324926791732415,0.018683345456723403,in_support,0.0010785987985610906
baseline_real_national_nonfood,15906.54997808061,poultry,禽肉,pork,猪肉,False,0.006324926791732415,0.014773578528170404,in_support,0.0020751881874619834
baseline_real_national_nonfood,15906.54997808061,poultry,禽肉,beef,牛肉,False,0.006324926791732415,0.004509654720432551,in_support,0.001466036068462363
baseline_real_national_nonfood,15906.54997808061,poultry,禽肉,mutton,羊肉,False,0.006324926791732415,0.004204139279858419,in_support,0.0001036041137945044
baseline_real_national_nonfood,15906.54997808061,poultry,禽肉,poultry,禽肉,True,0.006324926791732415,0.006324926791732415,in_support,-0.12663407085627962
baseline_real_national_nonfood,15906.54997808061,poultry,禽肉,aquatic,水产品,False,0.006324926791732415,0.004898586824455585,in_support,0.0015795437811421717
baseline_real_national_nonfood,15906.54997808061,poultry,禽肉,egg,蛋类,False,0.006324926791732415,0.0032423246880575523,in_support,0.0003096789288133911
baseline_real_national_nonfood,15906.54997808061,poultry,禽肉,milk,奶类,False,0.006324926791732415,0.0020715860382255944,in_support,0.00024418736185893305
baseline_real_national_nonfood,15906.54997808061,poultry,禽肉,nonfood,其他/未覆盖支出,False,0.006324926791732415,0.8697797195474622,in_support,0.11943241356656542
baseline_real_national_nonfood,15906.54997808061,aquatic,水产品,grain,粮食/主粮,False,0.004898586824455585,0.022861029609342737,in_support,4.765239735897431e-05
baseline_real_national_nonfood,15906.54997808061,aquatic,水产品,oil,食用油,False,0.004898586824455585,0.04050268065357558,in_support,5.51510077865941e-05
baseline_real_national_nonfood,15906.54997808061,aquatic,水产品,vegetable,蔬菜,False,0.004898586824455585,0.008148427861963538,in_support,0.0025593794632555195
baseline_real_national_nonfood,15906.54997808061,aquatic,水产品,fruit,水果,False,0.004898586824455585,0.018683345456723403,in_support,0.008327293946109059
baseline_real_national_nonfood,15906.54997808061,aquatic,水产品,pork,猪肉,False,0.004898586824455585,0.014773578528170404,in_support,0.01602143550324739
baseline_real_national_nonfood,15906.54997808061,aquatic,水产品,beef,牛肉,False,0.004898586824455585,0.004509654720432551,in_support,0.011318492432868367
baseline_real_national_nonfood,15906.54997808061,aquatic,水产品,mutton,羊肉,False,0.004898586824455585,0.004204139279858419,in_support,0.000799872948980939
baseline_real_national_nonfood,15906.54997808061,aquatic,水产品,poultry,禽肉,False,0.004898586824455585,0.006324926791732415,in_support,0.002039465803514202
baseline_real_national_nonfood,15906.54997808061,aquatic,水产品,aquatic,水产品,True,0.004898586824455585,0.004898586824455585,in_support,-0.9675195901324379
baseline_real_national_nonfood,15906.54997808061,aquatic,水产品,egg,蛋类,False,0.004898586824455585,0.0032423246880575523,in_support,0.002390868026006558
baseline_real_national_nonfood,15906.54997808061,aquatic,水产品,milk,奶类,False,0.004898586824455585,0.0020715860382255944,in_support,0.0018852420755882749
baseline_real_national_nonfood,15906.54997808061,aquatic,水产品,nonfood,其他/未覆盖支出,False,0.004898586824455585,0.8697797195474622,in_support,0.9220747821353555
baseline_real_national_nonfood,15906.54997808061,egg,蛋类,grain,粮食/主粮,False,0.0032423246880575523,0.022861029609342737,in_support,1.411464528502937e-05
baseline_real_national_nonfood,15906.54997808061,egg,蛋类,oil,食用油,False,0.0032423246880575523,0.04050268065357558,in_support,1.6335550624475836e-05
baseline_real_national_nonfood,15906.54997808061,egg,蛋类,vegetable,蔬菜,False,0.0032423246880575523,0.008148427861963538,in_support,0.0007581042144019232
baseline_real_national_nonfood,15906.54997808061,egg,蛋类,fruit,水果,False,0.0032423246880575523,0.018683345456723403,in_support,0.002466596691389133
baseline_real_national_nonfood,15906.54997808061,egg,蛋类,pork,猪肉,False,0.0032423246880575523,0.014773578528170404,in_support,0.004745649946555432
baseline_real_national_nonfood,15906.54997808061,egg,蛋类,beef,牛肉,False,0.0032423246880575523,0.004509654720432551,in_support,0.0033526087134797666
baseline_real_national_nonfood,15906.54997808061,egg,蛋类,mutton,羊肉,False,0.0032423246880575523,0.004204139279858419,in_support,0.00023692735076422979
baseline_real_national_nonfood,15906.54997808061,egg,蛋类,poultry,禽肉,False,0.0032423246880575523,0.006324926791732415,in_support,0.000604102538879344
baseline_real_national_nonfood,15906.54997808061,egg,蛋类,aquatic,水产品,False,0.0032423246880575523,0.004898586824455585,in_support,0.003612184142517813
baseline_real_national_nonfood,15906.54997808061,egg,蛋类,egg,蛋类,True,0.0032423246880575523,0.0032423246880575523,in_support,-0.28948939366168047
baseline_real_national_nonfood,15906.54997808061,egg,蛋类,milk,奶类,False,0.0032423246880575523,0.0020715860382255944,in_support,0.0005584205529794555
baseline_real_national_nonfood,15906.54997808061,egg,蛋类,nonfood,其他/未覆盖支出,False,0.0032423246880575523,0.8697797195474622,in_support,0.2731243508016419
baseline_real_national_nonfood,15906.54997808061,milk,奶类,grain,粮食/主粮,False,0.0020715860382255944,0.022861029609342737,in_support,1.7419549453771832e-05
baseline_real_national_nonfood,15906.54997808061,milk,奶类,oil,食用油,False,0.0020715860382255944,0.04050268065357558,in_support,2.0160517879765083e-05
baseline_real_national_nonfood,15906.54997808061,milk,奶类,vegetable,蔬菜,False,0.0020715860382255944,0.008148427861963538,in_support,0.0009356081066963749
baseline_real_national_nonfood,15906.54997808061,milk,奶类,fruit,水果,False,0.0020715860382255944,0.018683345456723403,in_support,0.0030441300804140495
baseline_real_national_nonfood,15906.54997808061,milk,奶类,pork,猪肉,False,0.0020715860382255944,0.014773578528170404,in_support,0.0058568048996402
baseline_real_national_nonfood,15906.54997808061,milk,奶类,beef,牛肉,False,0.0020715860382255944,0.004509654720432551,in_support,0.004137594480567939
baseline_real_national_nonfood,15906.54997808061,milk,奶类,mutton,羊肉,False,0.0020715860382255944,0.004204139279858419,in_support,0.0002924019605471525
baseline_real_national_nonfood,15906.54997808061,milk,奶类,poultry,禽肉,False,0.0020715860382255944,0.006324926791732415,in_support,0.0007455482009252994
baseline_real_national_nonfood,15906.54997808061,milk,奶类,aquatic,水产品,False,0.0020715860382255944,0.004898586824455585,in_support,0.004457947365247457
baseline_real_national_nonfood,15906.54997808061,milk,奶类,egg,蛋类,False,0.0020715860382255944,0.0032423246880575523,in_support,0.000874007034150656
baseline_real_national_nonfood,15906.54997808061,milk,奶类,milk,奶类,True,0.0020715860382255944,0.0020715860382255944,in_support,-0.3574557910433627
baseline_real_national_nonfood,15906.54997808061,milk,奶类,nonfood,其他/未覆盖支出,False,0.0020715860382255944,0.8697797195474622,in_support,0.3370741734964085
baseline_real_national_nonfood,15906.54997808061,nonfood,其他/未覆盖支出,grain,粮食/主粮,False,0.8697797195474622,0.022861029609342737,in_support,2.029215561140732e-05
baseline_real_national_nonfood,15906.54997808061,nonfood,其他/未覆盖支出,oil,食用油,False,0.8697797195474622,0.04050268065357558,in_support,2.348509101972318e-05
baseline_real_national_nonfood,15906.54997808061,nonfood,其他/未覆盖支出,vegetable,蔬菜,False,0.8697797195474622,0.008148427861963538,in_support,0.0010899000995602415
baseline_real_national_nonfood,15906.54997808061,nonfood,其他/未覆盖支出,fruit,水果,False,0.8697797195474622,0.018683345456723403,in_support,0.003546140382866693
baseline_real_national_nonfood,15906.54997808061,nonfood,其他/未覆盖支出,pork,猪肉,False,0.8697797195474622,0.014773578528170404,in_support,0.006822656061808371
baseline_real_national_nonfood,15906.54997808061,nonfood,其他/未覆盖支出,beef,牛肉,False,0.8697797195474622,0.004509654720432551,in_support,0.004819929067090447
baseline_real_national_nonfood,15906.54997808061,nonfood,其他/未覆盖支出,mutton,羊肉,False,0.8697797195474622,0.004204139279858419,in_support,0.0003406222272521837
baseline_real_national_nonfood,15906.54997808061,nonfood,其他/未覆盖支出,poultry,禽肉,False,0.8697797195474622,0.006324926791732415,in_support,0.0008684972372946208
baseline_real_national_nonfood,15906.54997808061,nonfood,其他/未覆盖支出,aquatic,水产品,False,0.8697797195474622,0.004898586824455585,in_support,0.0051931116437581755
baseline_real_national_nonfood,15906.54997808061,nonfood,其他/未覆盖支出,egg,蛋类,False,0.8697797195474622,0.0032423246880575523,in_support,0.0010181403453870495
baseline_real_national_nonfood,15906.54997808061,nonfood,其他/未覆盖支出,milk,奶类,False,0.8697797195474622,0.0020715860382255944,in_support,0.000802821831813199
baseline_real_national_nonfood,15906.54997808061,nonfood,其他/未覆盖支出,nonfood,其他/未覆盖支出,True,0.8697797195474622,0.8697797195474622,in_support,-0.02454559550812241
baseline_real_national_nonfood,17951.50744040975,grain,粮食/主粮,grain,粮食/主粮,True,0.01982213058649771,0.01982213058649771,in_support,-0.0010508478577117512
baseline_real_national_nonfood,17951.50744040975,grain,粮食/主粮,oil,食用油,False,0.01982213058649771,0.03605227802167641,in_support,5.57304616925422e-08
baseline_real_national_nonfood,17951.50744040975,grain,粮食/主粮,vegetable,蔬菜,False,0.01982213058649771,0.007504206701141299,in_support,2.589609960016847e-06
baseline_real_national_nonfood,17951.50744040975,grain,粮食/主粮,fruit,水果,False,0.01982213058649771,0.0173227642477052,in_support,8.425669101787703e-06
baseline_real_national_nonfood,17951.50744040975,grain,粮食/主粮,pork,猪肉,False,0.01982213058649771,0.014457892813208141,in_support,1.6210742982454215e-05
baseline_real_national_nonfood,17951.50744040975,grain,粮食/主粮,beef,牛肉,False,0.01982213058649771,0.004996971008653001,in_support,1.1452241680555354e-05
baseline_real_national_nonfood,17951.50744040975,grain,粮食/主粮,mutton,羊肉,False,0.01982213058649771,0.003790258858539623,in_support,8.0931875608755e-07
baseline_real_national_nonfood,17951.50744040975,grain,粮食/主粮,poultry,禽肉,False,0.01982213058649771,0.005804059984562805,in_support,2.063555447659503e-06
baseline_real_national_nonfood,17951.50744040975,grain,粮食/主粮,aquatic,水产品,False,0.01982213058649771,0.005419108483881642,in_support,1.2338929096626758e-05
baseline_real_national_nonfood,17951.50744040975,grain,粮食/主粮,egg,蛋类,False,0.01982213058649771,0.003074862322766504,in_support,2.419116760560996e-06
baseline_real_national_nonfood,17951.50744040975,grain,粮食/主粮,milk,奶类,False,0.01982213058649771,0.0020091059853715332,in_support,1.907518263255981e-06
baseline_real_national_nonfood,17951.50744040975,grain,粮食/主粮,nonfood,其他/未覆盖支出,False,0.01982213058649771,0.8797463609859962,in_support,0.0009925740587647114
baseline_real_national_nonfood,17951.50744040975,oil,食用油,grain,粮食/主粮,False,0.03605227802167641,0.01982213058649771,in_support,3.068966785053657e-08
baseline_real_national_nonfood,17951.50744040975,oil,食用油,oil,食用油,True,0.03605227802167641,0.03605227802167641,in_support,-0.0006686784400030761
baseline_real_national_nonfood,17951.50744040975,oil,食用油,vegetable,蔬菜,False,0.03605227802167641,0.007504206701141299,in_support,1.6478525449306137e-06
baseline_real_national_nonfood,17951.50744040975,oil,食用油,fruit,水果,False,0.03605227802167641,0.0173227642477052,in_support,5.361511382127458e-06
baseline_real_national_nonfood,17951.50744040975,oil,食用油,pork,猪肉,False,0.03605227802167641,0.014457892813208141,in_support,1.0315359039888639e-05
baseline_real_national_nonfood,17951.50744040975,oil,食用油,beef,牛肉,False,0.03605227802167641,0.004996971008653001,in_support,7.2873806850733895e-06
baseline_real_national_nonfood,17951.50744040975,oil,食用油,mutton,羊肉,False,0.03605227802167641,0.003790258858539623,in_support,5.149975055183866e-07
baseline_real_national_nonfood,17951.50744040975,oil,食用油,poultry,禽肉,False,0.03605227802167641,0.005804059984562805,in_support,1.3131048782724544e-06
baseline_real_national_nonfood,17951.50744040975,oil,食用油,aquatic,水产品,False,0.03605227802167641,0.005419108483881642,in_support,7.85160638916199e-06
baseline_real_national_nonfood,17951.50744040975,oil,食用油,egg,蛋类,False,0.03605227802167641,0.003074862322766504,in_support,1.5393547694202484e-06
baseline_real_national_nonfood,17951.50744040975,oil,食用油,milk,奶类,False,0.03605227802167641,0.0020091059853715332,in_support,1.2138089616660634e-06
baseline_real_national_nonfood,17951.50744040975,oil,食用油,nonfood,其他/未覆盖支出,False,0.03605227802167641,0.8797463609859962,in_support,0.0006316031119740495
baseline_real_national_nonfood,17951.50744040975,vegetable,蔬菜,grain,粮食/主粮,False,0.007504206701141299,0.01982213058649771,in_support,6.840451641516865e-06
baseline_real_national_nonfood,17951.50744040975,vegetable,蔬菜,oil,食用油,False,0.007504206701141299,0.03605227802167641,in_support,7.916790291745412e-06
baseline_real_national_nonfood,17951.50744040975,vegetable,蔬菜,vegetable,蔬菜,True,0.007504206701141299,0.007504206701141299,in_support,-0.1487285384805066
baseline_real_national_nonfood,17951.50744040975,vegetable,蔬菜,fruit,水果,False,0.007504206701141299,0.0173227642477052,in_support,0.0011953968103427205
baseline_real_national_nonfood,17951.50744040975,vegetable,蔬菜,pork,猪肉,False,0.007504206701141299,0.014457892813208141,in_support,0.0022999036700112893
baseline_real_national_nonfood,17951.50744040975,vegetable,蔬菜,beef,牛肉,False,0.007504206701141299,0.004996971008653001,in_support,0.0016247884166916253
baseline_real_national_nonfood,17951.50744040975,vegetable,蔬菜,mutton,羊肉,False,0.007504206701141299,0.003790258858539623,in_support,0.00011482307005749389
baseline_real_national_nonfood,17951.50744040975,vegetable,蔬菜,poultry,禽肉,False,0.007504206701141299,0.005804059984562805,in_support,0.0002927686781733186
baseline_real_national_nonfood,17951.50744040975,vegetable,蔬菜,aquatic,水产品,False,0.007504206701141299,0.005419108483881642,in_support,0.001750587512290783
baseline_real_national_nonfood,17951.50744040975,vegetable,蔬菜,egg,蛋类,False,0.007504206701141299,0.003074862322766504,in_support,0.00034321306971475836
baseline_real_national_nonfood,17951.50744040975,vegetable,蔬菜,milk,奶类,False,0.007504206701141299,0.0020091059853715332,in_support,0.0002706296297709548
baseline_real_national_nonfood,17951.50744040975,vegetable,蔬菜,nonfood,其他/未覆盖支出,False,0.007504206701141299,0.8797463609859962,in_support,0.14082167147213556
baseline_real_national_nonfood,17951.50744040975,fruit,水果,grain,粮食/主粮,False,0.0173227642477052,0.01982213058649771,in_support,9.641412648957008e-06
baseline_real_national_nonfood,17951.50744040975,fruit,水果,oil,食用油,False,0.0173227642477052,0.03605227802167641,in_support,1.1158466093888139e-05
baseline_real_national_nonfood,17951.50744040975,fruit,水果,vegetable,蔬菜,False,0.0173227642477052,0.007504206701141299,in_support,0.000517844878148932
baseline_real_national_nonfood,17951.50744040975,fruit,水果,fruit,水果,True,0.0173227642477052,0.0173227642477052,in_support,-0.20846185730078368
baseline_real_national_nonfood,17951.50744040975,fruit,水果,pork,猪肉,False,0.0173227642477052,0.014457892813208141,in_support,0.0032416526238505357
baseline_real_national_nonfood,17951.50744040975,fruit,水果,beef,牛肉,False,0.0173227642477052,0.004996971008653001,in_support,0.002290095761353125
baseline_real_national_nonfood,17951.50744040975,fruit,水果,mutton,羊肉,False,0.0173227642477052,0.003790258858539623,in_support,0.00016184004016767182
baseline_real_national_nonfood,17951.50744040975,fruit,水果,poultry,禽肉,False,0.0173227642477052,0.005804059984562805,in_support,0.0004126496053303943
baseline_real_national_nonfood,17951.50744040975,fruit,水果,aquatic,水产品,False,0.0173227642477052,0.005419108483881642,in_support,0.002467406219188766
baseline_real_national_nonfood,17951.50744040975,fruit,水果,egg,蛋类,False,0.0173227642477052,0.003074862322766504,in_support,0.0004837496289068034
baseline_real_national_nonfood,17951.50744040975,fruit,水果,milk,奶类,False,0.0173227642477052,0.0020091059853715332,in_support,0.0003814452120829134
baseline_real_national_nonfood,17951.50744040975,fruit,水果,nonfood,其他/未覆盖支出,False,0.0173227642477052,0.8797463609859962,in_support,0.19848437435759084
baseline_real_national_nonfood,17951.50744040975,pork,猪肉,grain,粮食/主粮,False,0.014457892813208141,0.01982213058649771,in_support,2.222548595606777e-05
baseline_real_national_nonfood,17951.50744040975,pork,猪肉,oil,食用油,False,0.014457892813208141,0.03605227802167641,in_support,2.5722640776597305e-05
baseline_real_national_nonfood,17951.50744040975,pork,猪肉,vegetable,蔬菜,False,0.014457892813208141,0.007504206701141299,in_support,0.0011937391729745063
baseline_real_national_nonfood,17951.50744040975,pork,猪肉,fruit,水果,False,0.014457892813208141,0.0173227642477052,in_support,0.0038839951277250956
baseline_real_national_nonfood,17951.50744040975,pork,猪肉,pork,猪肉,True,0.014457892813208141,0.014457892813208141,in_support,-0.47695885527428683
baseline_real_national_nonfood,17951.50744040975,pork,猪肉,beef,牛肉,False,0.014457892813208141,0.004996971008653001,in_support,0.005279142657158179
baseline_real_national_nonfood,17951.50744040975,pork,猪肉,mutton,羊肉,False,0.014457892813208141,0.003790258858539623,in_support,0.0003730746489811472
baseline_real_national_nonfood,17951.50744040975,pork,猪肉,poultry,禽肉,False,0.014457892813208141,0.005804059984562805,in_support,0.0009512423887103093
baseline_real_national_nonfood,17951.50744040975,pork,猪肉,aquatic,水产品,False,0.014457892813208141,0.005419108483881642,in_support,0.005687879804807782
baseline_real_national_nonfood,17951.50744040975,pork,猪肉,egg,蛋类,False,0.014457892813208141,0.003074862322766504,in_support,0.001115142583624196
baseline_real_national_nonfood,17951.50744040975,pork,猪肉,milk,奶类,False,0.014457892813208141,0.0020091059853715332,in_support,0.0008793098243339247
baseline_real_national_nonfood,17951.50744040975,pork,猪肉,nonfood,其他/未覆盖支出,False,0.014457892813208141,0.8797463609859962,in_support,0.457547385899729
baseline_real_national_nonfood,17951.50744040975,beef,牛肉,grain,粮食/主粮,False,0.004996971008653001,0.01982213058649771,in_support,4.542977247375818e-05
baseline_real_national_nonfood,17951.50744040975,beef,牛肉,oil,食用油,False,0.004996971008653001,0.03605227802167641,in_support,5.2578372887260305e-05
baseline_real_national_nonfood,17951.50744040975,beef,牛肉,vegetable,蔬菜,False,0.004996971008653001,0.007504206701141299,in_support,0.002440028030115806
baseline_real_national_nonfood,17951.50744040975,beef,牛肉,fruit,水果,False,0.004996971008653001,0.0173227642477052,in_support,0.00793896774716361
baseline_real_national_nonfood,17951.50744040975,beef,牛肉,pork,猪肉,False,0.004996971008653001,0.014457892813208141,in_support,0.015274309279390405
baseline_real_national_nonfood,17951.50744040975,beef,牛肉,beef,牛肉,True,0.004996971008653001,0.004996971008653001,in_support,-0.9793975179547686
baseline_real_national_nonfood,17951.50744040975,beef,牛肉,mutton,羊肉,False,0.004996971008653001,0.003790258858539623,in_support,0.000762572476084182
baseline_real_national_nonfood,17951.50744040975,beef,牛肉,poultry,禽肉,False,0.004996971008653001,0.005804059984562805,in_support,0.0019443594847266595
baseline_real_national_nonfood,17951.50744040975,beef,牛肉,aquatic,水产品,False,0.004996971008653001,0.005419108483881642,in_support,0.011626145559294055
baseline_real_national_nonfood,17951.50744040975,beef,牛肉,egg,蛋类,False,0.004996971008653001,0.003074862322766504,in_support,0.002279374858945467
baseline_real_national_nonfood,17951.50744040975,beef,牛肉,milk,奶类,False,0.004996971008653001,0.0020091059853715332,in_support,0.001797327737713159
baseline_real_national_nonfood,17951.50744040975,beef,牛肉,nonfood,其他/未覆盖支出,False,0.004996971008653001,0.8797463609859962,in_support,0.9352364556119165
baseline_real_national_nonfood,17951.50744040975,mutton,羊肉,grain,粮食/主粮,False,0.003790258858539623,0.01982213058649771,in_support,4.232575474967873e-06
baseline_real_national_nonfood,17951.50744040975,mutton,羊肉,oil,食用油,False,0.003790258858539623,0.03605227802167641,in_support,4.898560519315566e-06
baseline_real_national_nonfood,17951.50744040975,mutton,羊肉,vegetable,蔬菜,False,0.003790258858539623,0.007504206701141299,in_support,0.00022733434438526818
baseline_real_national_nonfood,17951.50744040975,mutton,羊肉,fruit,水果,False,0.003790258858539623,0.0173227642477052,in_support,0.0007396636648930822
baseline_real_national_nonfood,17951.50744040975,mutton,羊肉,pork,猪肉,False,0.003790258858539623,0.014457892813208141,in_support,0.0014230882780965227
baseline_real_national_nonfood,17951.50744040975,mutton,羊肉,beef,牛肉,False,0.003790258858539623,0.004996971008653001,in_support,0.0010053540047492528
baseline_real_national_nonfood,17951.50744040975,mutton,羊肉,mutton,羊肉,True,0.003790258858539623,0.003790258858539623,in_support,-0.09218355042423977
baseline_real_national_nonfood,17951.50744040975,mutton,羊肉,poultry,禽肉,False,0.003790258858539623,0.005804059984562805,in_support,0.00018115353297150165
baseline_real_national_nonfood,17951.50744040975,mutton,羊肉,aquatic,水产品,False,0.003790258858539623,0.005419108483881642,in_support,0.0010831934503994789
baseline_real_national_nonfood,17951.50744040975,mutton,羊肉,egg,蛋类,False,0.003790258858539623,0.003074862322766504,in_support,0.00021236650395016886
baseline_real_national_nonfood,17951.50744040975,mutton,羊肉,milk,奶类,False,0.003790258858539623,0.0020091059853715332,in_support,0.0001674547735076183
baseline_real_national_nonfood,17951.50744040975,mutton,羊肉,nonfood,其他/未覆盖支出,False,0.003790258858539623,0.8797463609859962,in_support,0.08713481063435524
baseline_real_national_nonfood,17951.50744040975,poultry,禽肉,grain,粮食/主粮,False,0.005804059984562805,0.01982213058649771,in_support,7.047555434781978e-06
baseline_real_national_nonfood,17951.50744040975,poultry,禽肉,oil,食用油,False,0.005804059984562805,0.03605227802167641,in_support,8.15647458198357e-06
baseline_real_national_nonfood,17951.50744040975,poultry,禽肉,vegetable,蔬菜,False,0.005804059984562805,0.007504206701141299,in_support,0.0003785275576257247
baseline_real_national_nonfood,17951.50744040975,poultry,禽肉,fruit,水果,False,0.005804059984562805,0.0173227642477052,in_support,0.0012315916478412227
baseline_real_national_nonfood,17951.50744040975,poultry,禽肉,pork,猪肉,False,0.005804059984562805,0.014457892813208141,in_support,0.0023695413415420904
baseline_real_national_nonfood,17951.50744040975,poultry,禽肉,beef,牛肉,False,0.005804059984562805,0.004996971008653001,in_support,0.0016739846019290221
baseline_real_national_nonfood,17951.50744040975,poultry,禽肉,mutton,羊肉,False,0.005804059984562805,0.003790258858539623,in_support,0.00011829973655249184
baseline_real_national_nonfood,17951.50744040975,poultry,禽肉,poultry,禽肉,True,0.005804059984562805,0.005804059984562805,in_support,-0.1533087129571014
baseline_real_national_nonfood,17951.50744040975,poultry,禽肉,aquatic,水产品,False,0.005804059984562805,0.005419108483881642,in_support,0.0018035927153183483
baseline_real_national_nonfood,17951.50744040975,poultry,禽肉,egg,蛋类,False,0.005804059984562805,0.003074862322766504,in_support,0.00035360505337650493
baseline_real_national_nonfood,17951.50744040975,poultry,禽肉,milk,奶类,False,0.005804059984562805,0.0020091059853715332,in_support,0.00027882389443993454
baseline_real_national_nonfood,17951.50744040975,poultry,禽肉,nonfood,其他/未覆盖支出,False,0.005804059984562805,0.8797463609859962,in_support,0.14508554301588578
baseline_real_national_nonfood,17951.50744040975,aquatic,水产品,grain,粮食/主粮,False,0.005419108483881642,0.01982213058649771,in_support,4.51342745726932e-05
baseline_real_national_nonfood,17951.50744040975,aquatic,水产品,oil,食用油,False,0.005419108483881642,0.03605227802167641,in_support,5.2236374614135495e-05
baseline_real_national_nonfood,17951.50744040975,aquatic,水产品,vegetable,蔬菜,False,0.005419108483881642,0.007504206701141299,in_support,0.002424157380572528
baseline_real_national_nonfood,17951.50744040975,aquatic,水产品,fruit,水果,False,0.005419108483881642,0.0173227642477052,in_support,0.007887330411495353
baseline_real_national_nonfood,17951.50744040975,aquatic,水产品,pork,猪肉,False,0.005419108483881642,0.014457892813208141,in_support,0.01517496076478378
baseline_real_national_nonfood,17951.50744040975,aquatic,水产品,beef,牛肉,False,0.005419108483881642,0.004996971008653001,in_support,0.010720492582250184
baseline_real_national_nonfood,17951.50744040975,aquatic,水产品,mutton,羊肉,False,0.005419108483881642,0.003790258858539623,in_support,0.0007576124827918251
baseline_real_national_nonfood,17951.50744040975,aquatic,水产品,poultry,禽肉,False,0.005419108483881642,0.005804059984562805,in_support,0.001931712808393402
baseline_real_national_nonfood,17951.50744040975,aquatic,水产品,aquatic,水产品,True,0.005419108483881642,0.005419108483881642,in_support,-0.9721972012957333
baseline_real_national_nonfood,17951.50744040975,aquatic,水产品,egg,蛋类,False,0.005419108483881642,0.003074862322766504,in_support,0.0022645491525476982
baseline_real_national_nonfood,17951.50744040975,aquatic,水产品,milk,奶类,False,0.005419108483881642,0.0020091059853715332,in_support,0.0017856374003671896
baseline_real_national_nonfood,17951.50744040975,aquatic,水产品,nonfood,其他/未覆盖支出,False,0.005419108483881642,0.8797463609859962,in_support,0.9291534081596368
baseline_real_national_nonfood,17951.50744040975,egg,蛋类,grain,粮食/主粮,False,0.003074862322766504,0.01982213058649771,in_support,1.559494876241657e-05
baseline_real_national_nonfood,17951.50744040975,egg,蛋类,oil,食用油,False,0.003074862322766504,0.03605227802167641,in_support,1.8048778889417916e-05
baseline_real_national_nonfood,17951.50744040975,egg,蛋类,vegetable,蔬菜,False,0.003074862322766504,0.007504206701141299,in_support,0.0008376120831952685
baseline_real_national_nonfood,17951.50744040975,egg,蛋类,fruit,水果,False,0.003074862322766504,0.0173227642477052,in_support,0.0027252865095312067
baseline_real_national_nonfood,17951.50744040975,egg,蛋类,pork,猪肉,False,0.003074862322766504,0.014457892813208141,in_support,0.005243360547686361
baseline_real_national_nonfood,17951.50744040975,egg,蛋类,beef,牛肉,False,0.003074862322766504,0.004996971008653001,in_support,0.0037042210129302785
baseline_real_national_nonfood,17951.50744040975,egg,蛋类,mutton,羊肉,False,0.003074862322766504,0.003790258858539623,in_support,0.00026177563599747485
baseline_real_national_nonfood,17951.50744040975,egg,蛋类,poultry,禽肉,False,0.003074862322766504,0.005804059984562805,in_support,0.0006674591376954024
baseline_real_national_nonfood,17951.50744040975,egg,蛋类,aquatic,水产品,False,0.003074862322766504,0.005419108483881642,in_support,0.003991019992154026
baseline_real_national_nonfood,17951.50744040975,egg,蛋类,egg,蛋类,True,0.003074862322766504,0.003074862322766504,in_support,-0.3391290687161823
baseline_real_national_nonfood,17951.50744040975,egg,蛋类,milk,奶类,False,0.003074862322766504,0.0020091059853715332,in_support,0.0006169861529983022
baseline_real_national_nonfood,17951.50744040975,egg,蛋类,nonfood,其他/未覆盖支出,False,0.003074862322766504,0.8797463609859962,in_support,0.3210477058578721
baseline_real_national_nonfood,17951.50744040975,milk,奶类,grain,粮食/主粮,False,0.0020091059853715332,0.01982213058649771,in_support,1.881998718674012e-05
baseline_real_national_nonfood,17951.50744040975,milk,奶类,oil,食用油,False,0.0020091059853715332,0.03605227802167641,in_support,2.1781300122987457e-05
baseline_real_national_nonfood,17951.50744040975,milk,奶类,vegetable,蔬菜,False,0.0020091059853715332,0.007504206701141299,in_support,0.0010108280671561557
baseline_real_national_nonfood,17951.50744040975,milk,奶类,fruit,水果,False,0.0020091059853715332,0.0173227642477052,in_support,0.0032888686152878054
baseline_real_national_nonfood,17951.50744040975,milk,奶类,pork,猪肉,False,0.0020091059853715332,0.014457892813208141,in_support,0.006327673723018821
baseline_real_national_nonfood,17951.50744040975,milk,奶类,beef,牛肉,False,0.0020091059853715332,0.004996971008653001,in_support,0.0044702441678418185
baseline_real_national_nonfood,17951.50744040975,milk,奶类,mutton,羊肉,False,0.0020091059853715332,0.003790258858539623,in_support,0.000315910160962044
baseline_real_national_nonfood,17951.50744040975,milk,奶类,poultry,禽肉,False,0.0020091059853715332,0.005804059984562805,in_support,0.0008054879408134646
baseline_real_national_nonfood,17951.50744040975,milk,奶类,aquatic,水产品,False,0.0020091059853715332,0.005419108483881642,in_support,0.004816352419197515
baseline_real_national_nonfood,17951.50744040975,milk,奶类,egg,蛋类,False,0.0020091059853715332,0.003074862322766504,in_support,0.0009442744707813511
baseline_real_national_nonfood,17951.50744040975,milk,奶类,milk,奶类,True,0.0020091059853715332,0.0020091059853715332,in_support,-0.40945976341664375
baseline_real_national_nonfood,17951.50744040975,milk,奶类,nonfood,其他/未覆盖支出,False,0.0020091059853715332,0.8797463609859962,in_support,0.38743952692314537
baseline_real_national_nonfood,17951.50744040975,nonfood,其他/未覆盖支出,grain,粮食/主粮,False,0.8797463609859962,0.01982213058649771,in_support,2.2364431579366406e-05
baseline_real_national_nonfood,17951.50744040975,nonfood,其他/未覆盖支出,oil,食用油,False,0.8797463609859962,0.03605227802167641,in_support,2.588342372112501e-05
baseline_real_national_nonfood,17951.50744040975,nonfood,其他/未覆盖支出,vegetable,蔬菜,False,0.8797463609859962,0.007504206701141299,in_support,0.0012012041059891298
baseline_real_national_nonfood,17951.50744040975,nonfood,其他/未覆盖支出,fruit,水果,False,0.8797463609859962,0.0173227642477052,in_support,0.003908283335739584
baseline_real_national_nonfood,17951.50744040975,nonfood,其他/未覆盖支出,pork,猪肉,False,0.8797463609859962,0.014457892813208141,in_support,0.007519407077960467
baseline_real_national_nonfood,17951.50744040975,nonfood,其他/未覆盖支出,beef,牛肉,False,0.8797463609859962,0.004996971008653001,in_support,0.005312155331140679
baseline_real_national_nonfood,17951.50744040975,nonfood,其他/未覆盖支出,mutton,羊肉,False,0.8797463609859962,0.003790258858539623,in_support,0.00037540763402419634
baseline_real_national_nonfood,17951.50744040975,nonfood,其他/未覆盖支出,poultry,禽肉,False,0.8797463609859962,0.005804059984562805,in_support,0.0009571908917828283
baseline_real_national_nonfood,17951.50744040975,nonfood,其他/未覆盖支出,aquatic,水产品,False,0.8797463609859962,0.005419108483881642,in_support,0.005723448484400844
baseline_real_national_nonfood,17951.50744040975,nonfood,其他/未覆盖支出,egg,蛋类,False,0.8797463609859962,0.003074862322766504,in_support,0.0011221160293143706
baseline_real_national_nonfood,17951.50744040975,nonfood,其他/未覆盖支出,milk,奶类,False,0.8797463609859962,0.0020091059853715332,in_support,0.0008848085066415756
baseline_real_national_nonfood,17951.50744040975,nonfood,其他/未覆盖支出,nonfood,其他/未覆盖支出,True,0.8797463609859962,0.8797463609859962,in_support,-0.027052268732407292
baseline_real_national_nonfood,20000.0,grain,粮食/主粮,grain,粮食/主粮,True,0.01747843137451492,0.01747843137451492,in_support,-0.0012603028640770565
baseline_real_national_nonfood,20000.0,grain,粮食/主粮,oil,食用油,False,0.01747843137451492,0.03247796558315071,in_support,6.310138976183682e-08
baseline_real_national_nonfood,20000.0,grain,粮食/主粮,vegetable,蔬菜,False,0.01747843137451492,0.006956151094708986,in_support,2.9305338544675236e-06
baseline_real_national_nonfood,20000.0,grain,粮食/主粮,fruit,水果,False,0.01747843137451492,0.01615328148191764,in_support,9.534905900804302e-06
baseline_real_national_nonfood,20000.0,grain,粮食/主粮,pork,猪肉,False,0.01747843137451492,0.014061365856652441,in_support,1.834486688848634e-05
baseline_real_national_nonfood,20000.0,grain,粮食/主粮,beef,牛肉,False,0.01747843137451492,0.005276535571189395,in_support,1.2959908126296705e-05
baseline_real_national_nonfood,20000.0,grain,粮食/主粮,mutton,羊肉,False,0.01747843137451492,0.003453851095490823,in_support,9.158664709484716e-07
baseline_real_national_nonfood,20000.0,grain,粮食/主粮,poultry,禽肉,False,0.01747843137451492,0.005366083315218897,in_support,2.3352233816249486e-06
baseline_real_national_nonfood,20000.0,grain,粮食/主粮,aquatic,水产品,False,0.01747843137451492,0.005716712186479424,in_support,1.3963328147593057e-05
baseline_real_national_nonfood,20000.0,grain,粮食/主粮,egg,蛋类,False,0.01747843137451492,0.0029201841245966005,in_support,2.7375905535872037e-06
baseline_real_national_nonfood,20000.0,grain,粮食/主粮,milk,奶类,False,0.01747843137451492,0.0019400246306549632,in_support,2.1586409608447725e-06
baseline_real_national_nonfood,20000.0,grain,粮食/主粮,nonfood,其他/未覆盖支出,False,0.01747843137451492,0.8881994136854253,in_support,0.0011943579678160843
baseline_real_national_nonfood,20000.0,oil,食用油,grain,粮食/主粮,False,0.03247796558315071,0.01747843137451492,in_support,3.398804566034832e-08
baseline_real_national_nonfood,20000.0,oil,食用油,oil,食用油,True,0.03247796558315071,0.03247796558315071,in_support,-0.0007849619481224705
baseline_real_national_nonfood,20000.0,oil,食用油,vegetable,蔬菜,False,0.03247796558315071,0.006956151094708986,in_support,1.8252630503115173e-06
baseline_real_national_nonfood,20000.0,oil,食用油,fruit,水果,False,0.03247796558315071,0.01615328148191764,in_support,5.938740997116676e-06
baseline_real_national_nonfood,20000.0,oil,食用油,pork,猪肉,False,0.03247796558315071,0.014061365856652441,in_support,1.1425933670117098e-05
baseline_real_national_nonfood,20000.0,oil,食用油,beef,牛肉,False,0.03247796558315071,0.005276535571189395,in_support,8.071958119753144e-06
baseline_real_national_nonfood,20000.0,oil,食用油,mutton,羊肉,False,0.03247796558315071,0.003453851095490823,in_support,5.704444032533356e-07
baseline_real_national_nonfood,20000.0,oil,食用油,poultry,禽肉,False,0.03247796558315071,0.005366083315218897,in_support,1.4544778266539662e-06
baseline_real_national_nonfood,20000.0,oil,食用油,aquatic,水产品,False,0.03247796558315071,0.005716712186479424,in_support,8.696925675992766e-06
baseline_real_national_nonfood,20000.0,oil,食用油,egg,蛋类,False,0.03247796558315071,0.0029201841245966005,in_support,1.7050843137020007e-06
baseline_real_national_nonfood,20000.0,oil,食用油,milk,奶类,False,0.03247796558315071,0.0019400246306549632,in_support,1.3444915587714764e-06
baseline_real_national_nonfood,20000.0,oil,食用油,nonfood,其他/未覆盖支出,False,0.03247796558315071,0.8881994136854253,in_support,0.0007438948827524841
baseline_real_national_nonfood,20000.0,vegetable,蔬菜,grain,粮食/主粮,False,0.006956151094708986,0.01747843137451492,in_support,7.3634842982298054e-06
baseline_real_national_nonfood,20000.0,vegetable,蔬菜,oil,食用油,False,0.006956151094708986,0.03247796558315071,in_support,8.522116159806123e-06
baseline_real_national_nonfood,20000.0,vegetable,蔬菜,vegetable,蔬菜,True,0.006956151094708986,0.006956151094708986,in_support,-0.1696979920370358
baseline_real_national_nonfood,20000.0,vegetable,蔬菜,fruit,水果,False,0.006956151094708986,0.01615328148191764,in_support,0.0012868008865456067
baseline_real_national_nonfood,20000.0,vegetable,蔬菜,pork,猪肉,False,0.006956151094708986,0.014061365856652441,in_support,0.0024757620754439586
baseline_real_national_nonfood,20000.0,vegetable,蔬菜,beef,牛肉,False,0.006956151094708986,0.005276535571189395,in_support,0.0017490252303852761
baseline_real_national_nonfood,20000.0,vegetable,蔬菜,mutton,羊肉,False,0.006956151094708986,0.003453851095490823,in_support,0.000123602828618155
baseline_real_national_nonfood,20000.0,vegetable,蔬菜,poultry,禽肉,False,0.006956151094708986,0.005366083315218897,in_support,0.0003151547564501224
baseline_real_national_nonfood,20000.0,vegetable,蔬菜,aquatic,水产品,False,0.006956151094708986,0.005716712186479424,in_support,0.0018844433533218017
baseline_real_national_nonfood,20000.0,vegetable,蔬菜,egg,蛋类,False,0.006956151094708986,0.0029201841245966005,in_support,0.0003694562993340147
baseline_real_national_nonfood,20000.0,vegetable,蔬菜,milk,奶类,False,0.006956151094708986,0.0019400246306549632,in_support,0.00029132288426212083
baseline_real_national_nonfood,20000.0,vegetable,蔬菜,nonfood,其他/未覆盖支出,False,0.006956151094708986,0.8881994136854253,in_support,0.16118653901062166
baseline_real_national_nonfood,20000.0,fruit,水果,grain,粮食/主粮,False,0.01615328148191764,0.01747843137451492,in_support,1.0317164939118058e-05
baseline_real_national_nonfood,20000.0,fruit,水果,oil,食用油,False,0.01615328148191764,0.03247796558315071,in_support,1.1940548145229074e-05
baseline_real_national_nonfood,20000.0,fruit,水果,vegetable,蔬菜,False,0.01615328148191764,0.006956151094708986,in_support,0.0005541401225826459
baseline_real_national_nonfood,20000.0,fruit,水果,fruit,水果,True,0.01615328148191764,0.01615328148191764,in_support,-0.23651959603266262
baseline_real_national_nonfood,20000.0,fruit,水果,pork,猪肉,False,0.01615328148191764,0.014061365856652441,in_support,0.0034688569197110757
baseline_real_national_nonfood,20000.0,fruit,水果,beef,牛肉,False,0.01615328148191764,0.005276535571189395,in_support,0.0024506063574484963
baseline_real_national_nonfood,20000.0,fruit,水果,mutton,羊肉,False,0.01615328148191764,0.003453851095490823,in_support,0.00017318325018482027
baseline_real_national_nonfood,20000.0,fruit,水果,poultry,禽肉,False,0.01615328148191764,0.005366083315218897,in_support,0.00044157181863548577
baseline_real_national_nonfood,20000.0,fruit,水果,aquatic,水产品,False,0.01615328148191764,0.005716712186479424,in_support,0.002640344335284558
baseline_real_national_nonfood,20000.0,fruit,水果,egg,蛋类,False,0.01615328148191764,0.0029201841245966005,in_support,0.0005176551697306044
baseline_real_national_nonfood,20000.0,fruit,水果,milk,奶类,False,0.01615328148191764,0.0019400246306549632,in_support,0.00040818033924336453
baseline_real_national_nonfood,20000.0,fruit,水果,nonfood,其他/未覆盖支出,False,0.01615328148191764,0.8881994136854253,in_support,0.22584280093115466
baseline_real_national_nonfood,20000.0,pork,猪肉,grain,粮食/主粮,False,0.014061365856652441,0.01747843137451492,in_support,2.280299089753475e-05
baseline_real_national_nonfood,20000.0,pork,猪肉,oil,食用油,False,0.014061365856652441,0.03247796558315071,in_support,2.639101178492087e-05
baseline_real_national_nonfood,20000.0,pork,猪肉,vegetable,蔬菜,False,0.014061365856652441,0.006956151094708986,in_support,0.0012247583678633286
baseline_real_national_nonfood,20000.0,pork,猪肉,fruit,水果,False,0.014061365856652441,0.01615328148191764,in_support,0.003984920366392428
baseline_real_national_nonfood,20000.0,pork,猪肉,pork,猪肉,True,0.014061365856652441,0.014061365856652441,in_support,-0.5190727593800554
baseline_real_national_nonfood,20000.0,pork,猪肉,beef,牛肉,False,0.014061365856652441,0.005276535571189395,in_support,0.00541632068473471
baseline_real_national_nonfood,20000.0,pork,猪肉,mutton,羊肉,False,0.014061365856652441,0.003453851095490823,in_support,0.0003827689533670441
baseline_real_national_nonfood,20000.0,pork,猪肉,poultry,禽肉,False,0.014061365856652441,0.005366083315218897,in_support,0.0009759603291787044
baseline_real_national_nonfood,20000.0,pork,猪肉,aquatic,水产品,False,0.014061365856652441,0.005716712186479424,in_support,0.005835678828712465
baseline_real_national_nonfood,20000.0,pork,猪肉,egg,蛋类,False,0.014061365856652441,0.0029201841245966005,in_support,0.0011441194572882137
baseline_real_national_nonfood,20000.0,pork,猪肉,milk,奶类,False,0.014061365856652441,0.0019400246306549632,in_support,0.0009021586045499599
baseline_real_national_nonfood,20000.0,pork,猪肉,nonfood,其他/未覆盖支出,False,0.014061365856652441,0.8881994136854253,in_support,0.499156884787191
baseline_real_national_nonfood,20000.0,beef,牛肉,grain,粮食/主粮,False,0.005276535571189395,0.01747843137451492,in_support,4.292990236408681e-05
baseline_real_national_nonfood,20000.0,beef,牛肉,oil,食用油,False,0.005276535571189395,0.03247796558315071,in_support,4.9685030948889986e-05
baseline_real_national_nonfood,20000.0,beef,牛肉,vegetable,蔬菜,False,0.005276535571189395,0.006956151094708986,in_support,0.00230577135993311
baseline_real_national_nonfood,20000.0,beef,牛肉,fruit,水果,False,0.005276535571189395,0.01615328148191764,in_support,0.007502145239877196
baseline_real_national_nonfood,20000.0,beef,牛肉,pork,猪肉,False,0.005276535571189395,0.014061365856652441,in_support,0.014433877510742106
baseline_real_national_nonfood,20000.0,beef,牛肉,beef,牛肉,True,0.005276535571189395,0.005276535571189395,in_support,-0.9814607522057506
baseline_real_national_nonfood,20000.0,beef,牛肉,mutton,羊肉,False,0.005276535571189395,0.003453851095490823,in_support,0.0007206137468904125
baseline_real_national_nonfood,20000.0,beef,牛肉,poultry,禽肉,False,0.005276535571189395,0.005366083315218897,in_support,0.0018373757877699235
baseline_real_national_nonfood,20000.0,beef,牛肉,aquatic,水产品,False,0.005276535571189395,0.005716712186479424,in_support,0.01098644519534551
baseline_real_national_nonfood,20000.0,beef,牛肉,egg,蛋类,False,0.005276535571189395,0.0029201841245966005,in_support,0.002153957783649768
baseline_real_national_nonfood,20000.0,beef,牛肉,milk,奶类,False,0.005276535571189395,0.0019400246306549632,in_support,0.0016984341371656707
baseline_real_national_nonfood,20000.0,beef,牛肉,nonfood,其他/未覆盖支出,False,0.005276535571189395,0.8881994136854253,in_support,0.9397295399130056
baseline_real_national_nonfood,20000.0,mutton,羊肉,grain,粮食/主粮,False,0.003453851095490823,0.01747843137451492,in_support,4.634829688358703e-06
baseline_real_national_nonfood,20000.0,mutton,羊肉,oil,食用油,False,0.003453851095490823,0.03247796558315071,in_support,5.364105798658786e-06
baseline_real_national_nonfood,20000.0,mutton,羊肉,vegetable,蔬菜,False,0.003453851095490823,0.006956151094708986,in_support,0.0002489394848871054
baseline_real_national_nonfood,20000.0,mutton,羊肉,fruit,水果,False,0.003453851095490823,0.01615328148191764,in_support,0.0008099589810863501
baseline_real_national_nonfood,20000.0,mutton,羊肉,pork,猪肉,False,0.003453851095490823,0.014061365856652441,in_support,0.001558334132897134
baseline_real_national_nonfood,20000.0,mutton,羊肉,beef,牛肉,False,0.003453851095490823,0.005276535571189395,in_support,0.0011008997037022605
baseline_real_national_nonfood,20000.0,mutton,羊肉,mutton,羊肉,True,0.003453851095490823,0.003453851095490823,in_support,-0.1069851897951055
baseline_real_national_nonfood,20000.0,mutton,羊肉,poultry,禽肉,False,0.003453851095490823,0.005366083315218897,in_support,0.00019836979604122198
baseline_real_national_nonfood,20000.0,mutton,羊肉,aquatic,水产品,False,0.003453851095490823,0.005716712186479424,in_support,0.0011861367596870918
baseline_real_national_nonfood,20000.0,mutton,羊肉,egg,蛋类,False,0.003453851095490823,0.0029201841245966005,in_support,0.00023254914667623566
baseline_real_national_nonfood,20000.0,mutton,羊肉,milk,奶类,False,0.003453851095490823,0.0019400246306549632,in_support,0.00018336915250753
baseline_real_national_nonfood,20000.0,mutton,羊肉,nonfood,其他/未覆盖支出,False,0.003453851095490823,0.8881994136854253,in_support,0.10145663365445759
baseline_real_national_nonfood,20000.0,poultry,禽肉,grain,粮食/主粮,False,0.005366083315218897,0.01747843137451492,in_support,7.606352500643537e-06
baseline_real_national_nonfood,20000.0,poultry,禽肉,oil,食用油,False,0.005366083315218897,0.03247796558315071,in_support,8.803191354898876e-06
baseline_real_national_nonfood,20000.0,poultry,禽肉,vegetable,蔬菜,False,0.005366083315218897,0.006956151094708986,in_support,0.0004085408240031064
baseline_real_national_nonfood,20000.0,poultry,禽肉,fruit,水果,False,0.005366083315218897,0.01615328148191764,in_support,0.0013292439578618457
baseline_real_national_nonfood,20000.0,poultry,禽肉,pork,猪肉,False,0.005366083315218897,0.014061365856652441,in_support,0.002557421137640084
baseline_real_national_nonfood,20000.0,poultry,禽肉,beef,牛肉,False,0.005366083315218897,0.005276535571189395,in_support,0.0018067140429438102
baseline_real_national_nonfood,20000.0,poultry,禽肉,mutton,羊肉,False,0.005366083315218897,0.003453851095490823,in_support,0.00012767967161461213
baseline_real_national_nonfood,20000.0,poultry,禽肉,poultry,禽肉,True,0.005366083315218897,0.005366083315218897,in_support,-0.17537820117189526
baseline_real_national_nonfood,20000.0,poultry,禽肉,aquatic,水产品,False,0.005366083315218897,0.005716712186479424,in_support,0.0019465987114060676
baseline_real_national_nonfood,20000.0,poultry,禽肉,egg,蛋类,False,0.005366083315218897,0.0029201841245966005,in_support,0.00038164222589136265
baseline_real_national_nonfood,20000.0,poultry,禽肉,milk,奶类,False,0.005366083315218897,0.0019400246306549632,in_support,0.0003009317056287609
baseline_real_national_nonfood,20000.0,poultry,禽肉,nonfood,其他/未覆盖支出,False,0.005366083315218897,0.8881994136854253,in_support,0.16650301994395117
baseline_real_national_nonfood,20000.0,aquatic,水产品,grain,粮食/主粮,False,0.005716712186479424,0.01747843137451492,in_support,4.2692291931788195e-05
baseline_real_national_nonfood,20000.0,aquatic,水产品,oil,食用油,False,0.005716712186479424,0.03247796558315071,in_support,4.941002122376553e-05
baseline_real_national_nonfood,20000.0,aquatic,水产品,vegetable,蔬菜,False,0.005716712186479424,0.006956151094708986,in_support,0.002293009188445643
baseline_real_national_nonfood,20000.0,aquatic,水产品,fruit,水果,False,0.005716712186479424,0.01615328148191764,in_support,0.0074606217524647855
baseline_real_national_nonfood,20000.0,aquatic,水产品,pork,猪肉,False,0.005716712186479424,0.014061365856652441,in_support,0.01435398771228732
baseline_real_national_nonfood,20000.0,aquatic,水产品,beef,牛肉,False,0.005716712186479424,0.005276535571189395,in_support,0.010140508560948067
baseline_real_national_nonfood,20000.0,aquatic,水产品,mutton,羊肉,False,0.005716712186479424,0.003453851095490823,in_support,0.0007166252354492992
baseline_real_national_nonfood,20000.0,aquatic,水产品,poultry,禽肉,False,0.005716712186479424,0.005366083315218897,in_support,0.0018272061346031945
baseline_real_national_nonfood,20000.0,aquatic,水产品,aquatic,水产品,True,0.005716712186479424,0.005716712186479424,in_support,-0.9752433559084448
baseline_real_national_nonfood,20000.0,aquatic,水产品,egg,蛋类,False,0.005716712186479424,0.0029201841245966005,in_support,0.002142035884025307
baseline_real_national_nonfood,20000.0,aquatic,水产品,milk,奶类,False,0.005716712186479424,0.0019400246306549632,in_support,0.001689033511726708
baseline_real_national_nonfood,20000.0,aquatic,水产品,nonfood,其他/未覆盖支出,False,0.005716712186479424,0.8881994136854253,in_support,0.9345282487241657
baseline_real_national_nonfood,20000.0,egg,蛋类,grain,粮食/主粮,False,0.0029201841245966005,0.01747843137451492,in_support,1.6385615627039635e-05
baseline_real_national_nonfood,20000.0,egg,蛋类,oil,食用油,False,0.0029201841245966005,0.03247796558315071,in_support,1.8963856350969616e-05
baseline_real_national_nonfood,20000.0,egg,蛋类,vegetable,蔬菜,False,0.0029201841245966005,0.006956151094708986,in_support,0.0008800793902626145
baseline_real_national_nonfood,20000.0,egg,蛋类,fruit,水果,False,0.0029201841245966005,0.01615328148191764,in_support,0.0028634597658798782
baseline_real_national_nonfood,20000.0,egg,蛋类,pork,猪肉,False,0.0029201841245966005,0.014061365856652441,in_support,0.005509201292156874
baseline_real_national_nonfood,20000.0,egg,蛋类,beef,牛肉,False,0.0029201841245966005,0.005276535571189395,in_support,0.003892026690712273
baseline_real_national_nonfood,20000.0,egg,蛋类,mutton,羊肉,False,0.0029201841245966005,0.003453851095490823,in_support,0.00027504777773539935
baseline_real_national_nonfood,20000.0,egg,蛋类,poultry,禽肉,False,0.0029201841245966005,0.005366083315218897,in_support,0.0007012996169003106
baseline_real_national_nonfood,20000.0,egg,蛋类,aquatic,水产品,False,0.0029201841245966005,0.005716712186479424,in_support,0.004193366506245768
baseline_real_national_nonfood,20000.0,egg,蛋类,egg,蛋类,True,0.0029201841245966005,0.0029201841245966005,in_support,-0.37767920600278265
baseline_real_national_nonfood,20000.0,egg,蛋类,milk,奶类,False,0.0029201841245966005,0.0019400246306549632,in_support,0.0006482676285362872
baseline_real_national_nonfood,20000.0,egg,蛋类,nonfood,其他/未覆盖支出,False,0.0029201841245966005,0.8881994136854253,in_support,0.3586811100543409
baseline_real_national_nonfood,20000.0,milk,奶类,grain,粮食/主粮,False,0.0019400246306549632,0.01747843137451492,in_support,1.9448133971389572e-05
baseline_real_national_nonfood,20000.0,milk,奶类,oil,食用油,False,0.0019400246306549632,0.03247796558315071,in_support,2.2508275409355988e-05
baseline_real_national_nonfood,20000.0,milk,奶类,vegetable,蔬菜,False,0.0019400246306549632,0.006956151094708986,in_support,0.0010445671721586217
baseline_real_national_nonfood,20000.0,milk,奶类,fruit,水果,False,0.0019400246306549632,0.01615328148191764,in_support,0.0033986434525966275
baseline_real_national_nonfood,20000.0,milk,奶类,pork,猪肉,False,0.0019400246306549632,0.014061365856652441,in_support,0.006538876874389707
baseline_real_national_nonfood,20000.0,milk,奶类,beef,牛肉,False,0.0019400246306549632,0.005276535571189395,in_support,0.004619450606220508
baseline_real_national_nonfood,20000.0,milk,奶类,mutton,羊肉,False,0.0019400246306549632,0.003453851095490823,in_support,0.00032645450673628976
baseline_real_national_nonfood,20000.0,milk,奶类,poultry,禽肉,False,0.0019400246306549632,0.005366083315218897,in_support,0.0008323732668093814
baseline_real_national_nonfood,20000.0,milk,奶类,aquatic,水产品,False,0.0019400246306549632,0.005716712186479424,in_support,0.004977111160571816
baseline_real_national_nonfood,20000.0,milk,奶类,egg,蛋类,False,0.0019400246306549632,0.0029201841245966005,in_support,0.00097579217463697
baseline_real_national_nonfood,20000.0,milk,奶类,milk,奶类,True,0.0019400246306549632,0.0019400246306549632,in_support,-0.4484742121040905
baseline_real_national_nonfood,20000.0,milk,奶类,nonfood,其他/未覆盖支出,False,0.0019400246306549632,0.8881994136854253,in_support,0.42571899066096053
baseline_real_national_nonfood,20000.0,nonfood,其他/未覆盖支出,grain,粮食/主粮,False,0.8881994136854253,0.01747843137451492,in_support,2.35032577625173e-05
baseline_real_national_nonfood,20000.0,nonfood,其他/未覆盖支出,oil,食用油,False,0.8881994136854253,0.03247796558315071,in_support,2.7201434995093032e-05
baseline_real_national_nonfood,20000.0,nonfood,其他/未覆盖支出,vegetable,蔬菜,False,0.8881994136854253,0.006956151094708986,in_support,0.0012623718379077987
baseline_real_national_nonfood,20000.0,nonfood,其他/未覆盖支出,fruit,水果,False,0.8881994136854253,0.01615328148191764,in_support,0.004107301007190114
baseline_real_national_nonfood,20000.0,nonfood,其他/未覆盖支出,pork,猪肉,False,0.8881994136854253,0.014061365856652441,in_support,0.007902310466930212
baseline_real_national_nonfood,20000.0,nonfood,其他/未覆盖支出,beef,牛肉,False,0.8881994136854253,0.005276535571189395,in_support,0.005582661013053209
baseline_real_national_nonfood,20000.0,nonfood,其他/未覆盖支出,mutton,羊肉,False,0.8881994136854253,0.003453851095490823,in_support,0.00039452414676449795
baseline_real_national_nonfood,20000.0,nonfood,其他/未覆盖支出,poultry,禽肉,False,0.8881994136854253,0.005366083315218897,in_support,0.0010059329803628423
baseline_real_national_nonfood,20000.0,nonfood,其他/未覆盖支出,aquatic,水产品,False,0.8881994136854253,0.005716712186479424,in_support,0.0060148980400882585
baseline_real_national_nonfood,20000.0,nonfood,其他/未覆盖支出,egg,蛋类,False,0.8881994136854253,0.0029201841245966005,in_support,0.001179256445208467
baseline_real_national_nonfood,20000.0,nonfood,其他/未覆盖支出,milk,奶类,False,0.8881994136854253,0.0019400246306549632,in_support,0.0009298647470176971
baseline_real_national_nonfood,20000.0,nonfood,其他/未覆盖支出,nonfood,其他/未覆盖支出,True,0.8881994136854253,0.8881994136854253,in_support,-0.02842982493732027
baseline_real_national_nonfood,22009.754395976976,grain,粮食/主粮,grain,粮食/主粮,True,0.015648095075980334,0.015648095075980334,in_support,-0.0014458230885504232
baseline_real_national_nonfood,22009.754395976976,grain,粮食/主粮,oil,食用油,False,0.015648095075980334,0.02960098894773217,in_support,6.844479186456781e-08
baseline_real_national_nonfood,22009.754395976976,grain,粮食/主粮,vegetable,蔬菜,False,0.015648095075980334,0.006492164471791881,in_support,3.177946106326787e-06
baseline_real_national_nonfood,22009.754395976976,grain,粮食/主粮,fruit,水果,False,0.015648095075980334,0.015150892490445659,in_support,1.0339888096589159e-05
baseline_real_national_nonfood,22009.754395976976,grain,粮食/主粮,pork,猪肉,False,0.015648095075980334,0.013627347430475627,in_support,1.9893619263782608e-05
baseline_real_national_nonfood,22009.754395976976,grain,粮食/主粮,beef,牛肉,False,0.015648095075980334,0.005414146136149883,in_support,1.4054037237712152e-05
baseline_real_national_nonfood,22009.754395976976,grain,粮食/主粮,mutton,羊肉,False,0.015648095075980334,0.0031791666595145326,in_support,9.931891125094204e-07
baseline_real_national_nonfood,22009.754395976976,grain,粮食/主粮,poultry,禽肉,False,0.015648095075980334,0.004998109964764251,in_support,2.5323762470175594e-06
baseline_real_national_nonfood,22009.754395976976,grain,粮食/主粮,aquatic,水产品,False,0.015648095075980334,0.005862091061061966,in_support,1.5142170215273732e-05
baseline_real_national_nonfood,22009.754395976976,grain,粮食/主粮,egg,蛋类,False,0.015648095075980334,0.002779215812501018,in_support,2.968709735205776e-06
baseline_real_national_nonfood,22009.754395976976,grain,粮食/主粮,milk,奶类,False,0.015648095075980334,0.0018697051473502964,in_support,2.34088181092553e-06
baseline_real_national_nonfood,22009.754395976976,grain,粮食/主粮,nonfood,其他/未覆盖支出,False,0.015648095075980334,0.8953780768022324,in_support,0.0013743111321169732
baseline_real_national_nonfood,22009.754395976976,oil,食用油,grain,粮食/主粮,False,0.02960098894773217,0.015648095075980334,in_support,3.620235794872745e-08
baseline_real_national_nonfood,22009.754395976976,oil,食用油,oil,食用油,True,0.02960098894773217,0.02960098894773217,in_support,-0.0008845667743878838
baseline_real_national_nonfood,22009.754395976976,oil,食用油,vegetable,蔬菜,False,0.02960098894773217,0.006492164471791881,in_support,1.944311037226147e-06
baseline_real_national_nonfood,22009.754395976976,oil,食用油,fruit,水果,False,0.02960098894773217,0.015150892490445659,in_support,6.326085446836693e-06
baseline_real_national_nonfood,22009.754395976976,oil,食用油,pork,猪肉,False,0.02960098894773217,0.013627347430475627,in_support,1.2171173605036653e-05
baseline_real_national_nonfood,22009.754395976976,oil,食用油,beef,牛肉,False,0.02960098894773217,0.005414146136149883,in_support,8.598437491364304e-06
baseline_real_national_nonfood,22009.754395976976,oil,食用油,mutton,羊肉,False,0.02960098894773217,0.0031791666595145326,in_support,6.076470850380618e-07
baseline_real_national_nonfood,22009.754395976976,oil,食用油,poultry,禽肉,False,0.02960098894773217,0.004998109964764251,in_support,1.5493436575463168e-06
baseline_real_national_nonfood,22009.754395976976,oil,食用油,aquatic,水产品,False,0.02960098894773217,0.005862091061061966,in_support,9.264172084991071e-06
baseline_real_national_nonfood,22009.754395976976,oil,食用油,egg,蛋类,False,0.02960098894773217,0.002779215812501018,in_support,1.8162965856670474e-06
baseline_real_national_nonfood,22009.754395976976,oil,食用油,milk,奶类,False,0.02960098894773217,0.0018697051473502964,in_support,1.432182588109016e-06
baseline_real_national_nonfood,22009.754395976976,oil,食用油,nonfood,其他/未覆盖支出,False,0.02960098894773217,0.8953780768022324,in_support,0.0008408211067216717
baseline_real_national_nonfood,22009.754395976976,vegetable,蔬菜,grain,粮食/主粮,False,0.006492164471791881,0.015648095075980334,in_support,7.65985888137588e-06
baseline_real_national_nonfood,22009.754395976976,vegetable,蔬菜,oil,食用油,False,0.006492164471791881,0.02960098894773217,in_support,8.865123391335605e-06
baseline_real_national_nonfood,22009.754395976976,vegetable,蔬菜,vegetable,蔬菜,True,0.006492164471791881,0.006492164471791881,in_support,-0.18677115692780363
baseline_real_national_nonfood,22009.754395976976,vegetable,蔬菜,fruit,水果,False,0.006492164471791881,0.015150892490445659,in_support,0.0013385943786838298
baseline_real_national_nonfood,22009.754395976976,vegetable,蔬菜,pork,猪肉,False,0.006492164471791881,0.013627347430475627,in_support,0.0025754110375852263
baseline_real_national_nonfood,22009.754395976976,vegetable,蔬菜,beef,牛肉,False,0.006492164471791881,0.005414146136149883,in_support,0.0018194231738730775
baseline_real_national_nonfood,22009.754395976976,vegetable,蔬菜,mutton,羊肉,False,0.006492164471791881,0.0031791666595145326,in_support,0.0001285778195395618
baseline_real_national_nonfood,22009.754395976976,vegetable,蔬菜,poultry,禽肉,False,0.006492164471791881,0.004998109964764251,in_support,0.0003278396785204834
baseline_real_national_nonfood,22009.754395976976,vegetable,蔬菜,aquatic,水产品,False,0.006492164471791881,0.005862091061061966,in_support,0.0019602918477590494
baseline_real_national_nonfood,22009.754395976976,vegetable,蔬菜,egg,蛋类,False,0.006492164471791881,0.002779215812501018,in_support,0.00038432684488879217
baseline_real_national_nonfood,22009.754395976976,vegetable,蔬菜,milk,奶类,False,0.006492164471791881,0.0018697051473502964,in_support,0.0003030485744203215
baseline_real_national_nonfood,22009.754395976976,vegetable,蔬菜,nonfood,其他/未覆盖支出,False,0.006492164471791881,0.8953780768022324,in_support,0.17791711935844357
baseline_real_national_nonfood,22009.754395976976,fruit,水果,grain,粮食/主粮,False,0.015150892490445659,0.015648095075980334,in_support,1.0679254607164762e-05
baseline_real_national_nonfood,22009.754395976976,fruit,水果,oil,食用油,False,0.015150892490445659,0.02960098894773217,in_support,1.2359609451452827e-05
baseline_real_national_nonfood,22009.754395976976,fruit,水果,vegetable,蔬菜,False,0.015150892490445659,0.006492164471791881,in_support,0.0005735883175428599
baseline_real_national_nonfood,22009.754395976976,fruit,水果,fruit,水果,True,0.015150892490445659,0.015150892490445659,in_support,-0.2591009612371176
baseline_real_national_nonfood,22009.754395976976,fruit,水果,pork,猪肉,False,0.015150892490445659,0.013627347430475627,in_support,0.0035906004865754832
baseline_real_national_nonfood,22009.754395976976,fruit,水果,beef,牛肉,False,0.015150892490445659,0.005414146136149883,in_support,0.0025366132389208307
baseline_real_national_nonfood,22009.754395976976,fruit,水果,mutton,羊肉,False,0.015150892490445659,0.0031791666595145326,in_support,0.00017926131998012053
baseline_real_national_nonfood,22009.754395976976,fruit,水果,poultry,禽肉,False,0.015150892490445659,0.004998109964764251,in_support,0.00045706929506509437
baseline_real_national_nonfood,22009.754395976976,fruit,水果,aquatic,水产品,False,0.015150892490445659,0.005862091061061966,in_support,0.002733010293506022
baseline_real_national_nonfood,22009.754395976976,fruit,水果,egg,蛋类,False,0.015150892490445659,0.002779215812501018,in_support,0.0005358228796628834
baseline_real_national_nonfood,22009.754395976976,fruit,水果,milk,奶类,False,0.015150892490445659,0.0018697051473502964,in_support,0.0004225059037531061
baseline_real_national_nonfood,22009.754395976976,fruit,水果,nonfood,其他/未覆盖支出,False,0.015150892490445659,0.8953780768022324,in_support,0.24804945158608516
baseline_real_national_nonfood,22009.754395976976,pork,猪肉,grain,粮食/主粮,False,0.013627347430475627,0.015648095075980334,in_support,2.284367309461459e-05
baseline_real_national_nonfood,22009.754395976976,pork,猪肉,oil,食用油,False,0.013627347430475627,0.02960098894773217,in_support,2.6438089215694016e-05
baseline_real_national_nonfood,22009.754395976976,pork,猪肉,vegetable,蔬菜,False,0.013627347430475627,0.006492164471791881,in_support,0.0012269440170800399
baseline_real_national_nonfood,22009.754395976976,pork,猪肉,fruit,水果,False,0.013627347430475627,0.015150892490445659,in_support,0.003992031686589876
baseline_real_national_nonfood,22009.754395976976,pork,猪肉,pork,猪肉,True,0.013627347430475627,0.013627347430475627,in_support,-0.5505458871089797
baseline_real_national_nonfood,22009.754395976976,pork,猪肉,beef,牛肉,False,0.013627347430475627,0.005414146136149883,in_support,0.005425986433572557
baseline_real_national_nonfood,22009.754395976976,pork,猪肉,mutton,羊肉,False,0.013627347430475627,0.0031791666595145326,in_support,0.00038345202903873284
baseline_real_national_nonfood,22009.754395976976,pork,猪肉,poultry,禽肉,False,0.013627347430475627,0.004998109964764251,in_support,0.000977701984669788
baseline_real_national_nonfood,22009.754395976976,pork,猪肉,aquatic,水产品,False,0.013627347430475627,0.005862091061061966,in_support,0.0058460929487735
baseline_real_national_nonfood,22009.754395976976,pork,猪肉,egg,蛋类,False,0.013627347430475627,0.002779215812501018,in_support,0.0011461612059452224
baseline_real_national_nonfood,22009.754395976976,pork,猪肉,milk,奶类,False,0.013627347430475627,0.0018697051473502964,in_support,0.0009037685627311675
baseline_real_national_nonfood,22009.754395976976,pork,猪肉,nonfood,其他/未覆盖支出,False,0.013627347430475627,0.8953780768022324,in_support,0.5305944714271977
baseline_real_national_nonfood,22009.754395976976,beef,牛肉,grain,粮食/主粮,False,0.005414146136149883,0.015648095075980334,in_support,4.061962595070315e-05
baseline_real_national_nonfood,22009.754395976976,beef,牛肉,oil,食用油,False,0.005414146136149883,0.02960098894773217,in_support,4.701116119362053e-05
baseline_real_national_nonfood,22009.754395976976,beef,牛肉,vegetable,蔬菜,False,0.005414146136149883,0.006492164471791881,in_support,0.002181691222764577
baseline_real_national_nonfood,22009.754395976976,beef,牛肉,fruit,水果,False,0.005414146136149883,0.015150892490445659,in_support,0.0070984334166044865
baseline_real_national_nonfood,22009.754395976976,beef,牛肉,pork,猪肉,False,0.005414146136149883,0.013627347430475627,in_support,0.013657149510700614
baseline_real_national_nonfood,22009.754395976976,beef,牛肉,beef,牛肉,True,0.005414146136149883,0.005414146136149883,in_support,-0.9829623912561087
baseline_real_national_nonfood,22009.754395976976,beef,牛肉,mutton,羊肉,False,0.005414146136149883,0.0031791666595145326,in_support,0.0006818354529778531
baseline_real_national_nonfood,22009.754395976976,beef,牛肉,poultry,禽肉,False,0.005414146136149883,0.004998109964764251,in_support,0.0017385013523879217
baseline_real_national_nonfood,22009.754395976976,beef,牛肉,aquatic,水产品,False,0.005414146136149883,0.005862091061061966,in_support,0.010395233365762101
baseline_real_national_nonfood,22009.754395976976,beef,牛肉,egg,蛋类,False,0.005414146136149883,0.002779215812501018,in_support,0.0020380471899030667
baseline_real_national_nonfood,22009.754395976976,beef,牛肉,milk,奶类,False,0.005414146136149883,0.0018697051473502964,in_support,0.0016070365640252385
baseline_real_national_nonfood,22009.754395976976,beef,牛肉,nonfood,其他/未覆盖支出,False,0.005414146136149883,0.8953780768022324,in_support,0.943476851502713
baseline_real_national_nonfood,22009.754395976976,mutton,羊肉,grain,粮食/主粮,False,0.0031791666595145326,0.015648095075980334,in_support,4.888575724233679e-06
baseline_real_national_nonfood,22009.754395976976,mutton,羊肉,oil,食用油,False,0.0031791666595145326,0.02960098894773217,in_support,5.6577823696777815e-06
baseline_real_national_nonfood,22009.754395976976,mutton,羊肉,vegetable,蔬菜,False,0.0031791666595145326,0.006492164471791881,in_support,0.0002625682850397271
baseline_real_national_nonfood,22009.754395976976,mutton,羊肉,fruit,水果,False,0.0031791666595145326,0.015150892490445659,in_support,0.0008543021444607764
baseline_real_national_nonfood,22009.754395976976,mutton,羊肉,pork,猪肉,False,0.0031791666595145326,0.013627347430475627,in_support,0.001643648901237646
baseline_real_national_nonfood,22009.754395976976,mutton,羊肉,beef,牛肉,False,0.0031791666595145326,0.005414146136149883,in_support,0.001161171114337401
baseline_real_national_nonfood,22009.754395976976,mutton,羊肉,mutton,羊肉,True,0.0031791666595145326,0.0031791666595145326,in_support,-0.11937942623052647
baseline_real_national_nonfood,22009.754395976976,mutton,羊肉,poultry,禽肉,False,0.0031791666595145326,0.004998109964764251,in_support,0.00020923002577832373
baseline_real_national_nonfood,22009.754395976976,mutton,羊肉,aquatic,水产品,False,0.0031791666595145326,0.005862091061061966,in_support,0.0012510746814724132
baseline_real_national_nonfood,22009.754395976976,mutton,羊肉,egg,蛋类,False,0.0031791666595145326,0.002779215812501018,in_support,0.0002452806140532469
baseline_real_national_nonfood,22009.754395976976,mutton,羊肉,milk,奶类,False,0.0031791666595145326,0.0018697051473502964,in_support,0.00019340813642487194
baseline_real_national_nonfood,22009.754395976976,mutton,羊肉,nonfood,其他/未覆盖支出,False,0.0031791666595145326,0.8953780768022324,in_support,0.11354819596070939
baseline_real_national_nonfood,22009.754395976976,poultry,禽肉,grain,粮食/主粮,False,0.004998109964764251,0.015648095075980334,in_support,7.928408460497558e-06
baseline_real_national_nonfood,22009.754395976976,poultry,禽肉,oil,食用油,False,0.004998109964764251,0.02960098894773217,in_support,9.175924372047811e-06
baseline_real_national_nonfood,22009.754395976976,poultry,禽肉,vegetable,蔬菜,False,0.004998109964764251,0.006492164471791881,in_support,0.0004258387918809213
baseline_real_national_nonfood,22009.754395976976,poultry,禽肉,fruit,水果,False,0.004998109964764251,0.015150892490445659,in_support,0.0013855252719503458
baseline_real_national_nonfood,22009.754395976976,poultry,禽肉,pork,猪肉,False,0.004998109964764251,0.013627347430475627,in_support,0.002665704526613318
baseline_real_national_nonfood,22009.754395976976,poultry,禽肉,beef,牛肉,False,0.004998109964764251,0.005414146136149883,in_support,0.001883211851325279
baseline_real_national_nonfood,22009.754395976976,poultry,禽肉,mutton,羊肉,False,0.004998109964764251,0.0031791666595145326,in_support,0.00013308573435031647
baseline_real_national_nonfood,22009.754395976976,poultry,禽肉,poultry,禽肉,True,0.004998109964764251,0.004998109964764251,in_support,-0.1934058281864376
baseline_real_national_nonfood,22009.754395976976,poultry,禽肉,aquatic,水产品,False,0.004998109964764251,0.005862091061061966,in_support,0.0020290193616975764
baseline_real_national_nonfood,22009.754395976976,poultry,禽肉,egg,蛋类,False,0.004998109964764251,0.002779215812501018,in_support,0.00039780127804635393
baseline_real_national_nonfood,22009.754395976976,poultry,禽肉,milk,奶类,False,0.004998109964764251,0.0018697051473502964,in_support,0.00031367341101621606
baseline_real_national_nonfood,22009.754395976976,poultry,禽肉,nonfood,其他/未覆盖支出,False,0.004998109964764251,0.8953780768022324,in_support,0.18415486418175692
baseline_real_national_nonfood,22009.754395976976,aquatic,水产品,grain,粮食/主粮,False,0.005862091061061966,0.015648095075980334,in_support,4.042037379225344e-05
baseline_real_national_nonfood,22009.754395976976,aquatic,水产品,oil,食用油,False,0.005862091061061966,0.02960098894773217,in_support,4.678055088796346e-05
baseline_real_national_nonfood,22009.754395976976,aquatic,水产品,vegetable,蔬菜,False,0.005862091061061966,0.006492164471791881,in_support,0.0021709894344020013
baseline_real_national_nonfood,22009.754395976976,aquatic,水产品,fruit,水果,False,0.005862091061061966,0.015150892490445659,in_support,0.00706361367843736
baseline_real_national_nonfood,22009.754395976976,aquatic,水产品,pork,猪肉,False,0.005862091061061966,0.013627347430475627,in_support,0.013590157488441789
baseline_real_national_nonfood,22009.754395976976,aquatic,水产品,beef,牛肉,False,0.005862091061061966,0.005414146136149883,in_support,0.009600893598197824
baseline_real_national_nonfood,22009.754395976976,aquatic,水产品,mutton,羊肉,False,0.005862091061061966,0.0031791666595145326,in_support,0.0006784908694316047
baseline_real_national_nonfood,22009.754395976976,aquatic,水产品,poultry,禽肉,False,0.005862091061061966,0.004998109964764251,in_support,0.0017299735360505504
baseline_real_national_nonfood,22009.754395976976,aquatic,水产品,aquatic,水产品,True,0.005862091061061966,0.005862091061061966,in_support,-0.9773973460913845
baseline_real_national_nonfood,22009.754395976976,aquatic,水产品,egg,蛋类,False,0.005862091061061966,0.002779215812501018,in_support,0.0020280500144105864
baseline_real_national_nonfood,22009.754395976976,aquatic,水产品,milk,奶类,False,0.005862091061061966,0.0018697051473502964,in_support,0.0015991536179841726
baseline_real_national_nonfood,22009.754395976976,aquatic,水产品,nonfood,其他/未覆盖支出,False,0.005862091061061966,0.8953780768022324,in_support,0.9388488418295458
baseline_real_national_nonfood,22009.754395976976,egg,蛋类,grain,粮食/主粮,False,0.002779215812501018,0.015648095075980334,in_support,1.6715091655077237e-05
baseline_real_national_nonfood,22009.754395976976,egg,蛋类,oil,食用油,False,0.002779215812501018,0.02960098894773217,in_support,1.9345173361714346e-05
baseline_real_national_nonfood,22009.754395976976,egg,蛋类,vegetable,蔬菜,False,0.002779215812501018,0.006492164471791881,in_support,0.0008977759539091808
baseline_real_national_nonfood,22009.754395976976,egg,蛋类,fruit,水果,False,0.002779215812501018,0.015150892490445659,in_support,0.002921037968948265
baseline_real_national_nonfood,22009.754395976976,egg,蛋类,pork,猪肉,False,0.002779215812501018,0.013627347430475627,in_support,0.0056199798505879965
baseline_real_national_nonfood,22009.754395976976,egg,蛋类,beef,牛肉,False,0.002779215812501018,0.005414146136149883,in_support,0.003970287234084759
baseline_real_national_nonfood,22009.754395976976,egg,蛋类,mutton,羊肉,False,0.002779215812501018,0.0031791666595145326,in_support,0.00028057841729983105
baseline_real_national_nonfood,22009.754395976976,egg,蛋类,poultry,禽肉,False,0.002779215812501018,0.004998109964764251,in_support,0.0007154012890453565
baseline_real_national_nonfood,22009.754395976976,egg,蛋类,aquatic,水产品,False,0.002779215812501018,0.005862091061061966,in_support,0.004277686371890609
baseline_real_national_nonfood,22009.754395976976,egg,蛋类,egg,蛋类,True,0.002779215812501018,0.002779215812501018,in_support,-0.40762517297821427
baseline_real_national_nonfood,22009.754395976976,egg,蛋类,milk,奶类,False,0.002779215812501018,0.0018697051473502964,in_support,0.0006613029387786352
baseline_real_national_nonfood,22009.754395976976,egg,蛋类,nonfood,其他/未覆盖支出,False,0.002779215812501018,0.8953780768022324,in_support,0.3882450650004095
baseline_real_national_nonfood,22009.754395976976,milk,奶类,grain,粮食/主粮,False,0.0018697051473502964,0.015648095075980334,in_support,1.9591599745865176e-05
baseline_real_national_nonfood,22009.754395976976,milk,奶类,oil,食用油,False,0.0018697051473502964,0.02960098894773217,in_support,2.2674308316435188e-05
baseline_real_national_nonfood,22009.754395976976,milk,奶类,vegetable,蔬菜,False,0.0018697051473502964,0.006492164471791881,in_support,0.0010522735301309507
baseline_real_national_nonfood,22009.754395976976,milk,奶类,fruit,水果,False,0.0018697051473502964,0.015150892490445659,in_support,0.003423717155076166
baseline_real_national_nonfood,22009.754395976976,milk,奶类,pork,猪肉,False,0.0018697051473502964,0.013627347430475627,in_support,0.006587117851698184
baseline_real_national_nonfood,22009.754395976976,milk,奶类,beef,牛肉,False,0.0018697051473502964,0.005414146136149883,in_support,0.004653530899662862
baseline_real_national_nonfood,22009.754395976976,milk,奶类,mutton,羊肉,False,0.0018697051473502964,0.0031791666595145326,in_support,0.0003288629431947229
baseline_real_national_nonfood,22009.754395976976,milk,奶类,poultry,禽肉,False,0.0018697051473502964,0.004998109964764251,in_support,0.0008385141472378997
baseline_real_national_nonfood,22009.754395976976,milk,奶类,aquatic,水产品,False,0.0018697051473502964,0.005862091061061966,in_support,0.005013830116160908
baseline_real_national_nonfood,22009.754395976976,milk,奶类,egg,蛋类,False,0.0018697051473502964,0.002779215812501018,in_support,0.0009829911425329788
baseline_real_national_nonfood,22009.754395976976,milk,奶类,milk,奶类,True,0.0018697051473502964,0.0018697051473502964,in_support,-0.47798095852013145
baseline_real_national_nonfood,22009.754395976976,milk,奶类,nonfood,其他/未覆盖支出,False,0.0018697051473502964,0.8953780768022324,in_support,0.4550578588409505
baseline_real_national_nonfood,22009.754395976976,nonfood,其他/未覆盖支出,grain,粮食/主粮,False,0.8953780768022324,0.015648095075980334,in_support,2.4018252330622325e-05
baseline_real_national_nonfood,22009.754395976976,nonfood,其他/未覆盖支出,oil,食用油,False,0.8953780768022324,0.02960098894773217,in_support,2.779745933874367e-05
baseline_real_national_nonfood,22009.754395976976,nonfood,其他/未覆盖支出,vegetable,蔬菜,False,0.8953780768022324,0.006492164471791881,in_support,0.0012900329338227058
baseline_real_national_nonfood,22009.754395976976,nonfood,其他/未覆盖支出,fruit,水果,False,0.8953780768022324,0.015150892490445659,in_support,0.0041973002054782604
baseline_real_national_nonfood,22009.754395976976,nonfood,其他/未覆盖支出,pork,猪肉,False,0.8953780768022324,0.013627347430475627,in_support,0.008075465931303387
baseline_real_national_nonfood,22009.754395976976,nonfood,其他/未覆盖支出,beef,牛肉,False,0.8953780768022324,0.005414146136149883,in_support,0.005704988307710958
baseline_real_national_nonfood,22009.754395976976,nonfood,其他/未覆盖支出,mutton,羊肉,False,0.8953780768022324,0.0031791666595145326,in_support,0.0004031689545961818
baseline_real_national_nonfood,22009.754395976976,nonfood,其他/未覆盖支出,poultry,禽肉,False,0.8953780768022324,0.004998109964764251,in_support,0.001027974989336108
baseline_real_national_nonfood,22009.754395976976,nonfood,其他/未覆盖支出,aquatic,水产品,False,0.8953780768022324,0.005862091061061966,in_support,0.006146696516347425
baseline_real_national_nonfood,22009.754395976976,nonfood,其他/未覆盖支出,egg,蛋类,False,0.8953780768022324,0.002779215812501018,in_support,0.0012050963139326562
baseline_real_national_nonfood,22009.754395976976,nonfood,其他/未覆盖支出,milk,奶类,False,0.8953780768022324,0.0018697051473502964,in_support,0.0009502399448523976
baseline_real_national_nonfood,22009.754395976976,nonfood,其他/未覆盖支出,nonfood,其他/未覆盖支出,True,0.8953780768022324,0.8953780768022324,in_support,-0.02905277942310147
baseline_real_national_nonfood,30000.0,grain,粮食/主粮,grain,粮食/主粮,True,0.010981457009233404,0.010981457009233404,in_support,-0.0020183662031868182
baseline_real_national_nonfood,30000.0,grain,粮食/主粮,oil,食用油,False,0.010981457009233404,0.02190576795259317,in_support,7.723982353236361e-08
baseline_real_national_nonfood,30000.0,grain,粮食/主粮,vegetable,蔬菜,False,0.010981457009233404,0.0051282632078050285,in_support,3.5852824990904864e-06
baseline_real_national_nonfood,30000.0,grain,粮食/主粮,fruit,水果,False,0.010981457009233404,0.012124223462496855,in_support,1.1665213833495294e-05
baseline_real_national_nonfood,30000.0,grain,粮食/主粮,pork,猪肉,False,0.010981457009233404,0.011812139939043696,in_support,2.244349194303473e-05
baseline_real_national_nonfood,30000.0,grain,粮食/主粮,beef,牛肉,False,0.010981457009233404,0.005294252776738718,in_support,1.585541771589416e-05
baseline_real_national_nonfood,30000.0,grain,粮食/主粮,mutton,羊肉,False,0.010981457009233404,0.002419297455519799,in_support,1.1204942240567698e-06
baseline_real_national_nonfood,30000.0,grain,粮食/主粮,poultry,禽肉,False,0.010981457009233404,0.003927281288152485,in_support,2.8569659316174346e-06
baseline_real_national_nonfood,30000.0,grain,粮食/主粮,aquatic,水产品,False,0.010981457009233404,0.0057252627857599155,in_support,1.7083020539811807e-05
baseline_real_national_nonfood,30000.0,grain,粮食/主粮,egg,蛋类,False,0.010981457009233404,0.0023072789742009546,in_support,3.3492251940571253e-06
baseline_real_national_nonfood,30000.0,grain,粮食/主粮,milk,奶类,False,0.010981457009233404,0.0015997231127727214,in_support,2.6409254132297045e-06
baseline_real_national_nonfood,30000.0,grain,粮食/主粮,nonfood,其他/未覆盖支出,False,0.010981457009233404,0.9167750520356832,in_support,0.001937688583058761
baseline_real_national_nonfood,30000.0,oil,食用油,grain,粮食/主粮,False,0.02190576795259317,0.010981457009233404,in_support,3.873119943737175e-08
baseline_real_national_nonfood,30000.0,oil,食用油,oil,食用油,True,0.02190576795259317,0.02190576795259317,in_support,-0.0011710143108966346
baseline_real_national_nonfood,30000.0,oil,食用油,vegetable,蔬菜,False,0.02190576795259317,0.0051282632078050285,in_support,2.0801212901207494e-06
baseline_real_national_nonfood,30000.0,oil,食用油,fruit,水果,False,0.02190576795259317,0.012124223462496855,in_support,6.767956743277998e-06
baseline_real_national_nonfood,30000.0,oil,食用油,pork,猪肉,False,0.02190576795259317,0.011812139939043696,in_support,1.3021320586960674e-05
baseline_real_national_nonfood,30000.0,oil,食用油,beef,牛肉,False,0.02190576795259317,0.005294252776738718,in_support,9.199034364376353e-06
baseline_real_national_nonfood,30000.0,oil,食用油,mutton,羊肉,False,0.02190576795259317,0.002419297455519799,in_support,6.500916285948776e-07
baseline_real_national_nonfood,30000.0,oil,食用油,poultry,禽肉,False,0.02190576795259317,0.003927281288152485,in_support,1.6575640106445452e-06
baseline_real_national_nonfood,30000.0,oil,食用油,aquatic,水产品,False,0.02190576795259317,0.0057252627857599155,in_support,9.911268514432755e-06
baseline_real_national_nonfood,30000.0,oil,食用油,egg,蛋类,False,0.02190576795259317,0.0023072789742009546,in_support,1.943164449928723e-06
baseline_real_national_nonfood,30000.0,oil,食用油,milk,奶类,False,0.02190576795259317,0.0015997231127727214,in_support,1.5322191235099235e-06
baseline_real_national_nonfood,30000.0,oil,食用油,nonfood,其他/未覆盖支出,False,0.02190576795259317,0.9167750520356832,in_support,0.0011242129388844453
baseline_real_national_nonfood,30000.0,vegetable,蔬菜,grain,粮食/主粮,False,0.0051282632078050285,0.010981457009233404,in_support,7.677404791679547e-06
baseline_real_national_nonfood,30000.0,vegetable,蔬菜,oil,食用油,False,0.0051282632078050285,0.02190576795259317,in_support,8.885427445599024e-06
baseline_real_national_nonfood,30000.0,vegetable,蔬菜,vegetable,蔬菜,True,0.0051282632078050285,0.0051282632078050285,in_support,-0.23173540886633237
baseline_real_national_nonfood,30000.0,vegetable,蔬菜,fruit,水果,False,0.0051282632078050285,0.012124223462496855,in_support,0.0013416620968071842
baseline_real_national_nonfood,30000.0,vegetable,蔬菜,pork,猪肉,False,0.0051282632078050285,0.011812139939043696,in_support,0.0025813132301658694
baseline_real_national_nonfood,30000.0,vegetable,蔬菜,beef,牛肉,False,0.0051282632078050285,0.005294252776738718,in_support,0.0018235928331987823
baseline_real_national_nonfood,30000.0,vegetable,蔬菜,mutton,羊肉,False,0.0051282632078050285,0.002419297455519799,in_support,0.00012887248669548327
baseline_real_national_nonfood,30000.0,vegetable,蔬菜,poultry,禽肉,False,0.0051282632078050285,0.003927281288152485,in_support,0.00032859100216114516
baseline_real_national_nonfood,30000.0,vegetable,蔬菜,aquatic,水产品,False,0.0051282632078050285,0.0057252627857599155,in_support,0.0019647843421734374
baseline_real_national_nonfood,30000.0,vegetable,蔬菜,egg,蛋类,False,0.0051282632078050285,0.0023072789742009546,in_support,0.0003852076282353422
baseline_real_national_nonfood,30000.0,vegetable,蔬菜,milk,奶类,False,0.0051282632078050285,0.0015997231127727214,in_support,0.0003037430868698089
baseline_real_national_nonfood,30000.0,vegetable,蔬菜,nonfood,其他/未覆盖支出,False,0.0051282632078050285,0.9167750520356832,in_support,0.22286107975629735
baseline_real_national_nonfood,30000.0,fruit,水果,grain,粮食/主粮,False,0.012124223462496855,0.010981457009233404,in_support,1.0565741327887672e-05
baseline_real_national_nonfood,30000.0,fruit,水果,oil,食用油,False,0.012124223462496855,0.02190576795259317,in_support,1.2228234387992067e-05
baseline_real_national_nonfood,30000.0,fruit,水果,vegetable,蔬菜,False,0.012124223462496855,0.0051282632078050285,in_support,0.0005674917174151857
baseline_real_national_nonfood,30000.0,fruit,水果,fruit,水果,True,0.012124223462496855,0.012124223462496855,in_support,-0.31763832812834913
baseline_real_national_nonfood,30000.0,fruit,水果,pork,猪肉,False,0.012124223462496855,0.011812139939043696,in_support,0.0035524364534726765
baseline_real_national_nonfood,30000.0,fruit,水果,beef,牛肉,False,0.012124223462496855,0.005294252776738718,in_support,0.0025096519019393465
baseline_real_national_nonfood,30000.0,fruit,水果,mutton,羊肉,False,0.012124223462496855,0.002419297455519799,in_support,0.00017735597283555525
baseline_real_national_nonfood,30000.0,fruit,水果,poultry,禽肉,False,0.012124223462496855,0.003927281288152485,in_support,0.00045221115955945094
baseline_real_national_nonfood,30000.0,fruit,水果,aquatic,水产品,False,0.012124223462496855,0.0057252627857599155,in_support,0.0027039614769739538
baseline_real_national_nonfood,30000.0,fruit,水果,egg,蛋类,False,0.012124223462496855,0.0023072789742009546,in_support,0.0005301276877474258
baseline_real_national_nonfood,30000.0,fruit,水果,milk,奶类,False,0.012124223462496855,0.0015997231127727214,in_support,0.0004180151406274978
baseline_real_national_nonfood,30000.0,fruit,水果,nonfood,其他/未覆盖支出,False,0.012124223462496855,0.9167750520356832,in_support,0.3067042834036432
baseline_real_national_nonfood,30000.0,pork,猪肉,grain,粮食/主粮,False,0.011812139939043696,0.010981457009233404,in_support,2.0865225858563742e-05
baseline_real_national_nonfood,30000.0,pork,猪肉,oil,食用油,False,0.011812139939043696,0.02190576795259317,in_support,2.4148319867755424e-05
baseline_real_national_nonfood,30000.0,pork,猪肉,vegetable,蔬菜,False,0.011812139939043696,0.0051282632078050285,in_support,0.0011206821088179525
baseline_real_national_nonfood,30000.0,pork,猪肉,fruit,水果,False,0.011812139939043696,0.012124223462496855,in_support,0.003646293904471831
baseline_real_national_nonfood,30000.0,pork,猪肉,pork,猪肉,True,0.011812139939043696,0.011812139939043696,in_support,-0.6239028119419358
baseline_real_national_nonfood,30000.0,pork,猪肉,beef,牛肉,False,0.011812139939043696,0.005294252776738718,in_support,0.0049560581899333635
baseline_real_national_nonfood,30000.0,pork,猪肉,mutton,羊肉,False,0.011812139939043696,0.002419297455519799,in_support,0.00035024240722476006
baseline_real_national_nonfood,30000.0,pork,猪肉,poultry,禽肉,False,0.011812139939043696,0.003927281288152485,in_support,0.0008930261729744227
baseline_real_national_nonfood,30000.0,pork,猪肉,aquatic,水产品,False,0.011812139939043696,0.0057252627857599155,in_support,0.005339780549911697
baseline_real_national_nonfood,30000.0,pork,猪肉,egg,蛋类,False,0.011812139939043696,0.0023072789742009546,in_support,0.0010468956537272377
baseline_real_national_nonfood,30000.0,pork,猪肉,milk,奶类,False,0.011812139939043696,0.0015997231127727214,in_support,0.000825495902998493
baseline_real_national_nonfood,30000.0,pork,猪肉,nonfood,其他/未覆盖支出,False,0.011812139939043696,0.9167750520356832,in_support,0.6056793276977207
baseline_real_national_nonfood,30000.0,beef,牛肉,grain,粮食/主粮,False,0.005294252776738718,0.010981457009233404,in_support,3.288778250174103e-05
baseline_real_national_nonfood,30000.0,beef,牛肉,oil,食用油,False,0.005294252776738718,0.02190576795259317,in_support,3.806262379352568e-05
baseline_real_national_nonfood,30000.0,beef,牛肉,vegetable,蔬菜,False,0.005294252776738718,0.0051282632078050285,in_support,0.001766418168967222
baseline_real_national_nonfood,30000.0,beef,牛肉,fruit,水果,False,0.005294252776738718,0.012124223462496855,in_support,0.00574728528334696
baseline_real_national_nonfood,30000.0,beef,牛肉,pork,猪肉,False,0.005294252776738718,0.011812139939043696,in_support,0.011057585598524138
baseline_real_national_nonfood,30000.0,beef,牛肉,beef,牛肉,True,0.005294252776738718,0.005294252776738718,in_support,-0.9866409131796056
baseline_real_national_nonfood,30000.0,beef,牛肉,mutton,羊肉,False,0.005294252776738718,0.002419297455519799,in_support,0.0005520517789710812
baseline_real_national_nonfood,30000.0,beef,牛肉,poultry,禽肉,False,0.005294252776738718,0.003927281288152485,in_support,0.0014075870818527284
baseline_real_national_nonfood,30000.0,beef,牛肉,aquatic,水产品,False,0.005294252776738718,0.0057252627857599155,in_support,0.00841655742226698
baseline_real_national_nonfood,30000.0,beef,牛肉,egg,蛋类,False,0.005294252776738718,0.0023072789742009546,in_support,0.0016501160156339775
baseline_real_national_nonfood,30000.0,beef,牛肉,milk,奶类,False,0.005294252776738718,0.0015997231127727214,in_support,0.0013011459214408486
baseline_real_national_nonfood,30000.0,beef,牛肉,nonfood,其他/未覆盖支出,False,0.005294252776738718,0.9167750520356832,in_support,0.9546712271596094
baseline_real_national_nonfood,30000.0,mutton,羊肉,grain,粮食/主粮,False,0.002419297455519799,0.010981457009233404,in_support,5.086063237264233e-06
baseline_real_national_nonfood,30000.0,mutton,羊肉,oil,食用油,False,0.002419297455519799,0.02190576795259317,in_support,5.886334716029718e-06
baseline_real_national_nonfood,30000.0,mutton,羊肉,vegetable,蔬菜,False,0.002419297455519799,0.0051282632078050285,in_support,0.00027317517793102084
baseline_real_national_nonfood,30000.0,mutton,羊肉,fruit,水果,False,0.002419297455519799,0.012124223462496855,in_support,0.0008888131480592882
baseline_real_national_nonfood,30000.0,mutton,羊肉,pork,猪肉,False,0.002419297455519799,0.011812139939043696,in_support,0.0017100469293268358
baseline_real_national_nonfood,30000.0,mutton,羊肉,beef,牛肉,False,0.002419297455519799,0.005294252776738718,in_support,0.0012080786194905032
baseline_real_national_nonfood,30000.0,mutton,羊肉,mutton,羊肉,True,0.002419297455519799,0.002419297455519799,in_support,-0.15370594815777977
baseline_real_national_nonfood,30000.0,mutton,羊肉,poultry,禽肉,False,0.002419297455519799,0.003927281288152485,in_support,0.0002176822341649058
baseline_real_national_nonfood,30000.0,mutton,羊肉,aquatic,水产品,False,0.002419297455519799,0.0057252627857599155,in_support,0.0013016139953144679
baseline_real_national_nonfood,30000.0,mutton,羊肉,egg,蛋类,False,0.002419297455519799,0.0023072789742009546,in_support,0.00025518914319023426
baseline_real_national_nonfood,30000.0,mutton,羊肉,milk,奶类,False,0.002419297455519799,0.0015997231127727214,in_support,0.00020122119472869716
baseline_real_national_nonfood,30000.0,mutton,羊肉,nonfood,其他/未覆盖支出,False,0.002419297455519799,0.9167750520356832,in_support,0.1476391552154698
baseline_real_national_nonfood,30000.0,poultry,禽肉,grain,粮食/主粮,False,0.003927281288152485,0.010981457009233404,in_support,7.988668722141903e-06
baseline_real_national_nonfood,30000.0,poultry,禽肉,oil,食用油,False,0.003927281288152485,0.02190576795259317,in_support,9.24566564857246e-06
baseline_real_national_nonfood,30000.0,poultry,禽肉,vegetable,蔬菜,False,0.003927281288152485,0.0051282632078050285,in_support,0.0004290757457606604
baseline_real_national_nonfood,30000.0,poultry,禽肉,fruit,水果,False,0.003927281288152485,0.012124223462496855,in_support,0.0013960571572154653
baseline_real_national_nonfood,30000.0,poultry,禽肉,pork,猪肉,False,0.003927281288152485,0.011812139939043696,in_support,0.00268596751545111
baseline_real_national_nonfood,30000.0,poultry,禽肉,beef,牛肉,False,0.003927281288152485,0.005294252776738718,in_support,0.001897526831343743
baseline_real_national_nonfood,30000.0,poultry,禽肉,mutton,羊肉,False,0.003927281288152485,0.002419297455519799,in_support,0.00013409736955054458
baseline_real_national_nonfood,30000.0,poultry,禽肉,poultry,禽肉,True,0.003927281288152485,0.003927281288152485,in_support,-0.2412178296240971
baseline_real_national_nonfood,30000.0,poultry,禽肉,aquatic,水产品,False,0.003927281288152485,0.0057252627857599155,in_support,0.002044442674946981
baseline_real_national_nonfood,30000.0,poultry,禽肉,egg,蛋类,False,0.003927281288152485,0.0023072789742009546,in_support,0.00040082511338930126
baseline_real_national_nonfood,30000.0,poultry,禽肉,milk,奶类,False,0.003927281288152485,0.0015997231127727214,in_support,0.00031605775449564886
baseline_real_national_nonfood,30000.0,poultry,禽肉,nonfood,其他/未覆盖支出,False,0.003927281288152485,0.9167750520356832,in_support,0.23189654546949315
baseline_real_national_nonfood,30000.0,aquatic,水产品,grain,粮食/主粮,False,0.0057252627857599155,0.010981457009233404,in_support,3.2766561094738425e-05
baseline_real_national_nonfood,30000.0,aquatic,水产品,oil,食用油,False,0.0057252627857599155,0.02190576795259317,in_support,3.7922327067695105e-05
baseline_real_national_nonfood,30000.0,aquatic,水产品,vegetable,蔬菜,False,0.0057252627857599155,0.0051282632078050285,in_support,0.0017599072612952337
baseline_real_national_nonfood,30000.0,aquatic,水产品,fruit,水果,False,0.0057252627857599155,0.012124223462496855,in_support,0.0057261011447783065
baseline_real_national_nonfood,30000.0,aquatic,水产品,pork,猪肉,False,0.0057252627857599155,0.011812139939043696,in_support,0.011016828024776179
baseline_real_national_nonfood,30000.0,aquatic,水产品,beef,牛肉,False,0.0057252627857599155,0.005294252776738718,in_support,0.0077829410147945265
baseline_real_national_nonfood,30000.0,aquatic,水产品,mutton,羊肉,False,0.0057252627857599155,0.002419297455519799,in_support,0.0005500169524931939
baseline_real_national_nonfood,30000.0,aquatic,水产品,poultry,禽肉,False,0.0057252627857599155,0.003927281288152485,in_support,0.001402398801793037
baseline_real_national_nonfood,30000.0,aquatic,水产品,aquatic,水产品,True,0.0057252627857599155,0.0057252627857599155,in_support,-0.9824016228010609
baseline_real_national_nonfood,30000.0,aquatic,水产品,egg,蛋类,False,0.0057252627857599155,0.0023072789742009546,in_support,0.0016440337901448294
baseline_real_national_nonfood,30000.0,aquatic,水产品,milk,奶类,False,0.0057252627857599155,0.0015997231127727214,in_support,0.0012963499795756376
baseline_real_national_nonfood,30000.0,aquatic,水产品,nonfood,其他/未覆盖支出,False,0.0057252627857599155,0.9167750520356832,in_support,0.9511523685073247
baseline_real_national_nonfood,30000.0,egg,蛋类,grain,粮食/主粮,False,0.0023072789742009546,0.010981457009233404,in_support,1.5940633914069552e-05
baseline_real_national_nonfood,30000.0,egg,蛋类,oil,食用油,False,0.0023072789742009546,0.02190576795259317,in_support,1.8448851997795133e-05
baseline_real_national_nonfood,30000.0,egg,蛋类,vegetable,蔬菜,False,0.0023072789742009546,0.0051282632078050285,in_support,0.0008561800026645143
baseline_real_national_nonfood,30000.0,egg,蛋类,fruit,水果,False,0.0023072789742009546,0.012124223462496855,in_support,0.0027856998035754666
baseline_real_national_nonfood,30000.0,egg,蛋类,pork,猪肉,False,0.0023072789742009546,0.011812139939043696,in_support,0.005359593729377001
baseline_real_national_nonfood,30000.0,egg,蛋类,beef,牛肉,False,0.0023072789742009546,0.005294252776738718,in_support,0.0037863350311362937
baseline_real_national_nonfood,30000.0,egg,蛋类,mutton,羊肉,False,0.0023072789742009546,0.002419297455519799,in_support,0.0002675785976513158
baseline_real_national_nonfood,30000.0,egg,蛋类,poultry,禽肉,False,0.0023072789742009546,0.003927281288152485,in_support,0.0006822551607852076
baseline_real_national_nonfood,30000.0,egg,蛋类,aquatic,水产品,False,0.0023072789742009546,0.0057252627857599155,in_support,0.004079491680996321
baseline_real_national_nonfood,30000.0,egg,蛋类,egg,蛋类,True,0.0023072789742009546,0.0023072789742009546,in_support,-0.4812097732801812
baseline_real_national_nonfood,30000.0,egg,蛋类,milk,奶类,False,0.0023072789742009546,0.0015997231127727214,in_support,0.0006306633071315585
baseline_real_national_nonfood,30000.0,egg,蛋类,nonfood,其他/未覆盖支出,False,0.0023072789742009546,0.9167750520356832,in_support,0.46272758863482755
baseline_real_national_nonfood,30000.0,milk,奶类,grain,粮食/主粮,False,0.0015997231127727214,0.010981457009233404,in_support,1.812894536685431e-05
baseline_real_national_nonfood,30000.0,milk,奶类,oil,食用油,False,0.0015997231127727214,0.02190576795259317,in_support,2.0981495730152885e-05
baseline_real_national_nonfood,30000.0,milk,奶类,vegetable,蔬菜,False,0.0015997231127727214,0.0051282632078050285,in_support,0.0009737150805840247
baseline_real_national_nonfood,30000.0,milk,奶类,fruit,水果,False,0.0015997231127727214,0.012124223462496855,in_support,0.0031681163951550067
baseline_real_national_nonfood,30000.0,milk,奶类,pork,猪肉,False,0.0015997231127727214,0.011812139939043696,in_support,0.006095350518542781
baseline_real_national_nonfood,30000.0,milk,奶类,beef,牛肉,False,0.0015997231127727214,0.005294252776738718,in_support,0.004306117283171254
baseline_real_national_nonfood,30000.0,milk,奶类,mutton,羊肉,False,0.0015997231127727214,0.002419297455519799,in_support,0.0003043113768867959
baseline_real_national_nonfood,30000.0,milk,奶类,poultry,禽肉,False,0.0015997231127727214,0.003927281288152485,in_support,0.000775914103117723
baseline_real_national_nonfood,30000.0,milk,奶类,aquatic,水产品,False,0.0015997231127727214,0.0057252627857599155,in_support,0.004639518028116165
baseline_real_national_nonfood,30000.0,milk,奶类,egg,蛋类,False,0.0015997231127727214,0.0023072789742009546,in_support,0.0009096050300745693
baseline_real_national_nonfood,30000.0,milk,奶类,milk,奶类,True,0.0015997231127727214,0.0015997231127727214,in_support,-0.547461875968779
baseline_real_national_nonfood,30000.0,milk,奶类,nonfood,其他/未覆盖支出,False,0.0015997231127727214,0.9167750520356832,in_support,0.5262501209223162
baseline_real_national_nonfood,30000.0,nonfood,其他/未覆盖支出,grain,粮食/主粮,False,0.9167750520356832,0.010981457009233404,in_support,2.3210367093618595e-05
baseline_real_national_nonfood,30000.0,nonfood,其他/未覆盖支出,oil,食用油,False,0.9167750520356832,0.02190576795259317,in_support,2.6862449739421812e-05
baseline_real_national_nonfood,30000.0,nonfood,其他/未覆盖支出,vegetable,蔬菜,False,0.9167750520356832,0.0051282632078050285,in_support,0.0012466419986116584
baseline_real_national_nonfood,30000.0,nonfood,其他/未覆盖支出,fruit,水果,False,0.9167750520356832,0.012124223462496855,in_support,0.004056121799443698
baseline_real_national_nonfood,30000.0,nonfood,其他/未覆盖支出,pork,猪肉,False,0.9167750520356832,0.011812139939043696,in_support,0.007803843392818361
baseline_real_national_nonfood,30000.0,nonfood,其他/未覆盖支出,beef,牛肉,False,0.9167750520356832,0.005294252776738718,in_support,0.005513098035850084
baseline_real_national_nonfood,30000.0,nonfood,其他/未覆盖支出,mutton,羊肉,False,0.9167750520356832,0.002419297455519799,in_support,0.0003896081605342344
baseline_real_national_nonfood,30000.0,nonfood,其他/未覆盖支出,poultry,禽肉,False,0.9167750520356832,0.003927281288152485,in_support,0.0009933985100537123
baseline_real_national_nonfood,30000.0,nonfood,其他/未覆盖支出,aquatic,水产品,False,0.9167750520356832,0.0057252627857599155,in_support,0.005939949157994621
baseline_real_national_nonfood,30000.0,nonfood,其他/未覆盖支出,egg,蛋类,False,0.9167750520356832,0.0023072789742009546,in_support,0.001164562267650662
baseline_real_national_nonfood,30000.0,nonfood,其他/未覆盖支出,milk,奶类,False,0.9167750520356832,0.0015997231127727214,in_support,0.0009182781257850701
baseline_real_national_nonfood,30000.0,nonfood,其他/未覆盖支出,nonfood,其他/未覆盖支出,True,0.9167750520356832,0.9167750520356832,in_support,-0.02807557391504234
baseline_real_national_nonfood,39277.96693139357,grain,粮食/主粮,grain,粮食/主粮,True,0.008093286893586604,0.008093286893586604,in_support,-0.0024490760128477243
baseline_real_national_nonfood,39277.96693139357,grain,粮食/主粮,oil,食用油,False,0.008093286893586604,0.016842056340763308,in_support,7.519343603844264e-08
baseline_real_national_nonfood,39277.96693139357,grain,粮食/主粮,vegetable,蔬菜,False,0.008093286893586604,0.004111263101064914,in_support,3.4900645438192728e-06
baseline_real_national_nonfood,39277.96693139357,grain,粮食/主粮,fruit,水果,False,0.008093286893586604,0.009786883509315962,in_support,1.1355406280543715e-05
baseline_real_national_nonfood,39277.96693139357,grain,粮食/主粮,pork,猪肉,False,0.008093286893586604,0.00996067408471782,in_support,2.1847430946526046e-05
baseline_real_national_nonfood,39277.96693139357,grain,粮食/主粮,beef,牛肉,False,0.008093286893586604,0.004730623657005526,in_support,1.543432297509929e-05
baseline_real_national_nonfood,39277.96693139357,grain,粮食/主粮,mutton,羊肉,False,0.008093286893586604,0.0018925111864076818,in_support,1.0907357304359706e-06
baseline_real_national_nonfood,39277.96693139357,grain,粮食/主粮,poultry,禽肉,False,0.008093286893586604,0.0031364274029277296,in_support,2.781090991744019e-06
baseline_real_national_nonfood,39277.96693139357,grain,粮食/主粮,aquatic,水产品,False,0.008093286893586604,0.0051130137691858596,in_support,1.66293243689553e-05
baseline_real_national_nonfood,39277.96693139357,grain,粮食/主粮,egg,蛋类,False,0.008093286893586604,0.0019009010936866663,in_support,3.2602760887212676e-06
baseline_real_national_nonfood,39277.96693139357,grain,粮食/主粮,milk,奶类,False,0.008093286893586604,0.0013408499963407758,in_support,2.5707876294599414e-06
baseline_real_national_nonfood,39277.96693139357,grain,粮食/主粮,nonfood,其他/未覆盖支出,False,0.008093286893586604,0.9330915089649972,in_support,0.0023705411162113776
baseline_real_national_nonfood,39277.96693139357,oil,食用油,grain,粮食/主粮,False,0.016842056340763308,0.008093286893586604,in_support,3.613804200715753e-08
baseline_real_national_nonfood,39277.96693139357,oil,食用油,oil,食用油,True,0.016842056340763308,0.016842056340763308,in_support,-0.001362050743333533
baseline_real_national_nonfood,39277.96693139357,oil,食用油,vegetable,蔬菜,False,0.016842056340763308,0.004111263101064914,in_support,1.9410057832981438e-06
baseline_real_national_nonfood,39277.96693139357,oil,食用油,fruit,水果,False,0.016842056340763308,0.009786883509315962,in_support,6.315325023970286e-06
baseline_real_national_nonfood,39277.96693139357,oil,食用油,pork,猪肉,False,0.016842056340763308,0.00996067408471782,in_support,1.2150474918366756e-05
baseline_real_national_nonfood,39277.96693139357,oil,食用油,beef,牛肉,False,0.016842056340763308,0.004730623657005526,in_support,8.58381679601389e-06
baseline_real_national_nonfood,39277.96693139357,oil,食用油,mutton,羊肉,False,0.016842056340763308,0.0018925111864076818,in_support,6.066171163424504e-07
baseline_real_national_nonfood,39277.96693139357,oil,食用油,poultry,禽肉,False,0.016842056340763308,0.0031364274029277296,in_support,1.5467082997125983e-06
baseline_real_national_nonfood,39277.96693139357,oil,食用油,aquatic,水产品,False,0.016842056340763308,0.0051130137691858596,in_support,9.248418063418089e-06
baseline_real_national_nonfood,39277.96693139357,oil,食用油,egg,蛋类,False,0.016842056340763308,0.0019009010936866663,in_support,1.813205836169782e-06
baseline_real_national_nonfood,39277.96693139357,oil,食用油,milk,奶类,False,0.016842056340763308,0.0013408499963407758,in_support,1.4297465818936167e-06
baseline_real_national_nonfood,39277.96693139357,oil,食用油,nonfood,其他/未覆盖支出,False,0.016842056340763308,0.9330915089649972,in_support,0.001318379351245593
baseline_real_national_nonfood,39277.96693139357,vegetable,蔬菜,grain,粮食/主粮,False,0.004111263101064914,0.008093286893586604,in_support,6.870433362012474e-06
baseline_real_national_nonfood,39277.96693139357,vegetable,蔬菜,oil,食用油,False,0.004111263101064914,0.016842056340763308,in_support,7.9514784388059e-06
baseline_real_national_nonfood,39277.96693139357,vegetable,蔬菜,vegetable,蔬菜,True,0.004111263101064914,0.004111263101064914,in_support,-0.25858579127376885
baseline_real_national_nonfood,39277.96693139357,vegetable,蔬菜,fruit,水果,False,0.004111263101064914,0.009786883509315962,in_support,0.001200640746140009
baseline_real_national_nonfood,39277.96693139357,vegetable,蔬菜,pork,猪肉,False,0.004111263101064914,0.00996067408471782,in_support,0.0023099928484070684
baseline_real_national_nonfood,39277.96693139357,vegetable,蔬菜,beef,牛肉,False,0.004111263101064914,0.004730623657005526,in_support,0.0016319160183410418
baseline_real_national_nonfood,39277.96693139357,vegetable,蔬菜,mutton,羊肉,False,0.004111263101064914,0.0018925111864076818,in_support,0.00011532677044220603
baseline_real_national_nonfood,39277.96693139357,vegetable,蔬菜,poultry,禽肉,False,0.004111263101064914,0.0031364274029277296,in_support,0.0002940529862559187
baseline_real_national_nonfood,39277.96693139357,vegetable,蔬菜,aquatic,水产品,False,0.004111263101064914,0.0051130137691858596,in_support,0.001758266967399324
baseline_real_national_nonfood,39277.96693139357,vegetable,蔬菜,egg,蛋类,False,0.004111263101064914,0.0019009010936866663,in_support,0.0003447186681938819
baseline_real_national_nonfood,39277.96693139357,vegetable,蔬菜,milk,奶类,False,0.004111263101064914,0.0013408499963407758,in_support,0.00027181682183260785
baseline_real_national_nonfood,39277.96693139357,vegetable,蔬菜,nonfood,其他/未覆盖支出,False,0.004111263101064914,0.9330915089649972,in_support,0.2506442374883191
baseline_real_national_nonfood,39277.96693139357,fruit,水果,grain,粮食/主粮,False,0.009786883509315962,0.008093286893586604,in_support,9.39039923504646e-06
baseline_real_national_nonfood,39277.96693139357,fruit,水果,oil,食用油,False,0.009786883509315962,0.016842056340763308,in_support,1.0867955729025342e-05
baseline_real_national_nonfood,39277.96693139357,fruit,水果,vegetable,蔬菜,False,0.009786883509315962,0.004111263101064914,in_support,0.0005043638257335914
baseline_real_national_nonfood,39277.96693139357,fruit,水果,fruit,水果,True,0.009786883509315962,0.009786883509315962,in_support,-0.3522944322076448
baseline_real_national_nonfood,39277.96693139357,fruit,水果,pork,猪肉,False,0.009786883509315962,0.00996067408471782,in_support,0.0031572627291609834
baseline_real_national_nonfood,39277.96693139357,fruit,水果,beef,牛肉,False,0.009786883509315962,0.004730623657005526,in_support,0.0022304777340177223
baseline_real_national_nonfood,39277.96693139357,fruit,水果,mutton,羊肉,False,0.009786883509315962,0.0018925111864076818,in_support,0.0001576268548087402
baseline_real_national_nonfood,39277.96693139357,fruit,水果,poultry,禽肉,False,0.009786883509315962,0.0031364274029277296,in_support,0.0004019071020501322
baseline_real_national_nonfood,39277.96693139357,fruit,水果,aquatic,水产品,False,0.009786883509315962,0.0051130137691858596,in_support,0.0024031722746043612
baseline_real_national_nonfood,39277.96693139357,fruit,水果,egg,蛋类,False,0.009786883509315962,0.0019009010936866663,in_support,0.0004711561791830633
baseline_real_national_nonfood,39277.96693139357,fruit,水果,milk,奶类,False,0.009786883509315962,0.0013408499963407758,in_support,0.0003715150557151496
baseline_real_national_nonfood,39277.96693139357,fruit,水果,nonfood,其他/未覆盖支出,False,0.009786883509315962,0.9330915089649972,in_support,0.342576692328336
baseline_real_national_nonfood,39277.96693139357,pork,猪肉,grain,粮食/主粮,False,0.00996067408471782,0.008093286893586604,in_support,1.775159616953636e-05
baseline_real_national_nonfood,39277.96693139357,pork,猪肉,oil,食用油,False,0.00996067408471782,0.016842056340763308,in_support,2.054476375654493e-05
baseline_real_national_nonfood,39277.96693139357,pork,猪肉,vegetable,蔬菜,False,0.00996067408471782,0.004111263101064914,in_support,0.00095344836816239
baseline_real_national_nonfood,39277.96693139357,pork,猪肉,fruit,水果,False,0.00996067408471782,0.009786883509315962,in_support,0.0031021758620177024
baseline_real_national_nonfood,39277.96693139357,pork,猪肉,pork,猪肉,True,0.00996067408471782,0.00996067408471782,in_support,-0.6631103810654334
baseline_real_national_nonfood,39277.96693139357,pork,猪肉,beef,牛肉,False,0.00996067408471782,0.004730623657005526,in_support,0.004216490649112833
baseline_real_national_nonfood,39277.96693139357,pork,猪肉,mutton,羊肉,False,0.00996067408471782,0.0018925111864076818,in_support,0.0002979774947729728
baseline_real_national_nonfood,39277.96693139357,pork,猪肉,poultry,禽肉,False,0.00996067408471782,0.0031364274029277296,in_support,0.00075976438493015
baseline_real_national_nonfood,39277.96693139357,pork,猪肉,aquatic,水产品,False,0.00996067408471782,0.0051130137691858596,in_support,0.00454295206206157
baseline_real_national_nonfood,39277.96693139357,pork,猪肉,egg,蛋类,False,0.00996067408471782,0.0019009010936866663,in_support,0.0008906726961502023
baseline_real_national_nonfood,39277.96693139357,pork,猪肉,milk,奶类,False,0.00996067408471782,0.0013408499963407758,in_support,0.0007023113173371471
baseline_real_national_nonfood,39277.96693139357,pork,猪肉,nonfood,其他/未覆盖支出,False,0.00996067408471782,0.9330915089649972,in_support,0.6476062948100958
baseline_real_national_nonfood,39277.96693139357,beef,牛肉,grain,粮食/主粮,False,0.004730623657005526,0.008093286893586604,in_support,2.6405544150415444e-05
baseline_real_national_nonfood,39277.96693139357,beef,牛肉,oil,食用油,False,0.004730623657005526,0.016842056340763308,in_support,3.056039092315648e-05
baseline_real_national_nonfood,39277.96693139357,beef,牛肉,vegetable,蔬菜,False,0.004730623657005526,0.004111263101064914,in_support,0.0014182561763418388
baseline_real_national_nonfood,39277.96693139357,beef,牛肉,fruit,水果,False,0.004730623657005526,0.009786883509315962,in_support,0.004614492210330976
baseline_real_national_nonfood,39277.96693139357,beef,牛肉,pork,猪肉,False,0.004730623657005526,0.00996067408471782,in_support,0.008878129470974834
baseline_real_national_nonfood,39277.96693139357,beef,牛肉,beef,牛肉,True,0.004730623657005526,0.004730623657005526,in_support,-0.9889839795142286
baseline_real_national_nonfood,39277.96693139357,beef,牛肉,mutton,羊肉,False,0.004730623657005526,0.0018925111864076818,in_support,0.0004432420633489876
baseline_real_national_nonfood,39277.96693139357,beef,牛肉,poultry,禽肉,False,0.004730623657005526,0.0031364274029277296,in_support,0.0011301508953801304
baseline_real_national_nonfood,39277.96693139357,beef,牛肉,aquatic,水产品,False,0.004730623657005526,0.0051130137691858596,in_support,0.006757649397219751
baseline_real_national_nonfood,39277.96693139357,beef,牛肉,egg,蛋类,False,0.004730623657005526,0.0019009010936866663,in_support,0.0013248772492020975
baseline_real_national_nonfood,39277.96693139357,beef,牛肉,milk,奶类,False,0.004730623657005526,0.0013408499963407758,in_support,0.001044689354033334
baseline_real_national_nonfood,39277.96693139357,beef,牛肉,nonfood,其他/未覆盖支出,False,0.004730623657005526,0.9330915089649972,in_support,0.9633155347026949
baseline_real_national_nonfood,39277.96693139357,mutton,羊肉,grain,粮食/主粮,False,0.0018925111864076818,0.008093286893586604,in_support,4.6645178479968324e-06
baseline_real_national_nonfood,39277.96693139357,mutton,羊肉,oil,食用油,False,0.0018925111864076818,0.016842056340763308,in_support,5.3984670954757875e-06
baseline_real_national_nonfood,39277.96693139357,mutton,羊肉,vegetable,蔬菜,False,0.0018925111864076818,0.004111263101064914,in_support,0.00025053415398288
baseline_real_national_nonfood,39277.96693139357,mutton,羊肉,fruit,水果,False,0.0018925111864076818,0.009786883509315962,in_support,0.0008151474514887926
baseline_real_national_nonfood,39277.96693139357,mutton,羊肉,pork,猪肉,False,0.0018925111864076818,0.00996067408471782,in_support,0.0015683165770706887
baseline_real_national_nonfood,39277.96693139357,mutton,羊肉,beef,牛肉,False,0.0018925111864076818,0.004730623657005526,in_support,0.001107951892028174
baseline_real_national_nonfood,39277.96693139357,mutton,羊肉,mutton,羊肉,True,0.0018925111864076818,0.0018925111864076818,in_support,-0.1757331187003011
baseline_real_national_nonfood,39277.96693139357,mutton,羊肉,poultry,禽肉,False,0.0018925111864076818,0.0031364274029277296,in_support,0.00019964051843979162
baseline_real_national_nonfood,39277.96693139357,mutton,羊肉,aquatic,水产品,False,0.0018925111864076818,0.0051130137691858596,in_support,0.0011937349687113916
baseline_real_national_nonfood,39277.96693139357,mutton,羊肉,egg,蛋类,False,0.0018925111864076818,0.0019009010936866663,in_support,0.00023403882289031828
baseline_real_national_nonfood,39277.96693139357,mutton,羊肉,milk,奶类,False,0.0018925111864076818,0.0013408499963407758,in_support,0.00018454378730581748
baseline_real_national_nonfood,39277.96693139357,mutton,羊肉,nonfood,其他/未覆盖支出,False,0.0018925111864076818,0.9330915089649972,in_support,0.1701691471926143
baseline_real_national_nonfood,39277.96693139357,poultry,禽肉,grain,粮食/主粮,False,0.0031364274029277296,0.008093286893586604,in_support,7.176385602245894e-06
baseline_real_national_nonfood,39277.96693139357,poultry,禽肉,oil,食用油,False,0.0031364274029277296,0.016842056340763308,in_support,8.305571738396762e-06
baseline_real_national_nonfood,39277.96693139357,poultry,禽肉,vegetable,蔬菜,False,0.0031364274029277296,0.004111263101064914,in_support,0.0003854478472476372
baseline_real_national_nonfood,39277.96693139357,poultry,禽肉,fruit,水果,False,0.0031364274029277296,0.009786883509315962,in_support,0.0012541077690452044
baseline_real_national_nonfood,39277.96693139357,poultry,禽肉,pork,猪肉,False,0.0031364274029277296,0.00996067408471782,in_support,0.0024128616243953337
baseline_real_national_nonfood,39277.96693139357,poultry,禽肉,beef,牛肉,False,0.0031364274029277296,0.004730623657005526,in_support,0.0017045886248129969
baseline_real_national_nonfood,39277.96693139357,poultry,禽肉,mutton,羊肉,False,0.0031364274029277296,0.0018925111864076818,in_support,0.00012046250843906521
baseline_real_national_nonfood,39277.96693139357,poultry,禽肉,poultry,禽肉,True,0.0031364274029277296,0.0031364274029277296,in_support,-0.2701794533145367
baseline_real_national_nonfood,39277.96693139357,poultry,禽肉,aquatic,水产品,False,0.0031364274029277296,0.0051130137691858596,in_support,0.0018365662480919983
baseline_real_national_nonfood,39277.96693139357,poultry,禽肉,egg,蛋类,False,0.0031364274029277296,0.0019009010936866663,in_support,0.000360069707511014
baseline_real_national_nonfood,39277.96693139357,poultry,禽肉,milk,奶类,False,0.0031364274029277296,0.0013408499963407758,in_support,0.00028392138795287146
baseline_real_national_nonfood,39277.96693139357,poultry,禽肉,nonfood,其他/未覆盖支出,False,0.0031364274029277296,0.9330915089649972,in_support,0.26180594554866066
baseline_real_national_nonfood,39277.96693139357,aquatic,水产品,grain,粮食/主粮,False,0.0051130137691858596,0.008093286893586604,in_support,2.6322279375815515e-05
baseline_real_national_nonfood,39277.96693139357,aquatic,水产品,oil,食用油,False,0.0051130137691858596,0.016842056340763308,in_support,3.0464031297507133e-05
baseline_real_national_nonfood,39277.96693139357,aquatic,水产品,vegetable,蔬菜,False,0.0051130137691858596,0.004111263101064914,in_support,0.001413784229833573
baseline_real_national_nonfood,39277.96693139357,aquatic,水产品,fruit,水果,False,0.0051130137691858596,0.009786883509315962,in_support,0.004599942111324229
baseline_real_national_nonfood,39277.96693139357,aquatic,水产品,pork,猪肉,False,0.0051130137691858596,0.00996067408471782,in_support,0.008850135569149688
baseline_real_national_nonfood,39277.96693139357,aquatic,水产品,beef,牛肉,False,0.0051130137691858596,0.004730623657005526,in_support,0.006252260907767133
baseline_real_national_nonfood,39277.96693139357,aquatic,水产品,mutton,羊肉,False,0.0051130137691858596,0.0018925111864076818,in_support,0.00044184446390156185
baseline_real_national_nonfood,39277.96693139357,aquatic,水产品,poultry,禽肉,False,0.0051130137691858596,0.0031364274029277296,in_support,0.0011265873828811336
baseline_real_national_nonfood,39277.96693139357,aquatic,水产品,aquatic,水产品,True,0.0051130137691858596,0.0051130137691858596,in_support,-0.9853815033676767
baseline_real_national_nonfood,39277.96693139357,aquatic,水产品,egg,蛋类,False,0.0051130137691858596,0.0019009010936866663,in_support,0.001320699736199426
baseline_real_national_nonfood,39277.96693139357,aquatic,水产品,milk,奶类,False,0.0051130137691858596,0.0013408499963407758,in_support,0.0010413953117703106
baseline_real_national_nonfood,39277.96693139357,aquatic,水产品,nonfood,其他/未覆盖支出,False,0.0051130137691858596,0.9330915089649972,in_support,0.9602780752135216
baseline_real_national_nonfood,39277.96693139357,egg,蛋类,grain,粮食/主粮,False,0.0019009010936866663,0.008093286893586604,in_support,1.3881000080584287e-05
baseline_real_national_nonfood,39277.96693139357,egg,蛋类,oil,食用油,False,0.0019009010936866663,0.016842056340763308,in_support,1.6065137153826493e-05
baseline_real_national_nonfood,39277.96693139357,egg,蛋类,vegetable,蔬菜,False,0.0019009010936866663,0.004111263101064914,in_support,0.0007455564952797721
baseline_real_national_nonfood,39277.96693139357,egg,蛋类,fruit,水果,False,0.0019009010936866663,0.009786883509315962,in_support,0.0024257709531378
baseline_real_national_nonfood,39277.96693139357,egg,蛋类,pork,猪肉,False,0.0019009010936866663,0.00996067408471782,in_support,0.004667102612243252
baseline_real_national_nonfood,39277.96693139357,egg,蛋类,beef,牛肉,False,0.0019009010936866663,0.004730623657005526,in_support,0.0032971182183888104
baseline_real_national_nonfood,39277.96693139357,egg,蛋类,mutton,羊肉,False,0.0019009010936866663,0.0018925111864076818,in_support,0.00023300585952538999
baseline_real_national_nonfood,39277.96693139357,egg,蛋类,poultry,禽肉,False,0.0019009010936866663,0.0031364274029277296,in_support,0.000594103769628299
baseline_real_national_nonfood,39277.96693139357,egg,蛋类,aquatic,水产品,False,0.0019009010936866663,0.0051130137691858596,in_support,0.003552397301529761
baseline_real_national_nonfood,39277.96693139357,egg,蛋类,egg,蛋类,True,0.0019009010936866663,0.0019009010936866663,in_support,-0.5224950427935248
baseline_real_national_nonfood,39277.96693139357,egg,蛋类,milk,奶类,False,0.0019009010936866663,0.0013408499963407758,in_support,0.0005491778907669078
baseline_real_national_nonfood,39277.96693139357,egg,蛋类,nonfood,其他/未覆盖支出,False,0.0019009010936866663,0.9330915089649972,in_support,0.5064008649257143
baseline_real_national_nonfood,39277.96693139357,milk,奶类,grain,粮食/主粮,False,0.0013408499963407758,0.008093286893586604,in_support,1.5517139499650594e-05
baseline_real_national_nonfood,39277.96693139357,milk,奶类,oil,食用油,False,0.0013408499963407758,0.016842056340763308,in_support,1.7958718917319115e-05
baseline_real_national_nonfood,39277.96693139357,milk,奶类,vegetable,蔬菜,False,0.0013408499963407758,0.004111263101064914,in_support,0.0008334343728453278
baseline_real_national_nonfood,39277.96693139357,milk,奶类,fruit,水果,False,0.0013408499963407758,0.009786883509315962,in_support,0.002711693768760575
baseline_real_national_nonfood,39277.96693139357,milk,奶类,pork,猪肉,False,0.0013408499963407758,0.00996067408471782,in_support,0.005217208590645302
baseline_real_national_nonfood,39277.96693139357,milk,奶类,beef,牛肉,False,0.0013408499963407758,0.004730623657005526,in_support,0.003685745725188077
baseline_real_national_nonfood,39277.96693139357,milk,奶类,mutton,羊肉,False,0.0013408499963407758,0.0018925111864076818,in_support,0.0002604699901637088
baseline_real_national_nonfood,39277.96693139357,milk,奶类,poultry,禽肉,False,0.0013408499963407758,0.0031364274029277296,in_support,0.0006641300943445403
baseline_real_national_nonfood,39277.96693139357,milk,奶类,aquatic,水产品,False,0.0013408499963407758,0.0051130137691858596,in_support,0.003971114256744245
baseline_real_national_nonfood,39277.96693139357,milk,奶类,egg,蛋类,False,0.0013408499963407758,0.0019009010936866663,in_support,0.0007785605032652536
baseline_real_national_nonfood,39277.96693139357,milk,奶类,milk,奶类,True,0.0013408499963407758,0.0013408499963407758,in_support,-0.5842455794346101
baseline_real_national_nonfood,39277.96693139357,milk,奶类,nonfood,其他/未覆盖支出,False,0.0013408499963407758,0.9330915089649972,in_support,0.5660897483473836
baseline_real_national_nonfood,39277.96693139357,nonfood,其他/未覆盖支出,grain,粮食/主粮,False,0.9330915089649972,0.008093286893586604,in_support,2.0561219189080618e-05
baseline_real_national_nonfood,39277.96693139357,nonfood,其他/未覆盖支出,oil,食用油,False,0.9330915089649972,0.016842056340763308,in_support,2.3796463757594366e-05
baseline_real_national_nonfood,39277.96693139357,nonfood,其他/未覆盖支出,vegetable,蔬菜,False,0.9330915089649972,0.004111263101064914,in_support,0.0011043551507099966
baseline_real_national_nonfood,39277.96693139357,nonfood,其他/未覆盖支出,fruit,水果,False,0.9330915089649972,0.009786883509315962,in_support,0.003593171902435747
baseline_real_national_nonfood,39277.96693139357,nonfood,其他/未覆盖支出,pork,猪肉,False,0.9330915089649972,0.00996067408471782,in_support,0.006913143192300894
baseline_real_national_nonfood,39277.96693139357,nonfood,其他/未覆盖支出,beef,牛肉,False,0.9330915089649972,0.004730623657005526,in_support,0.004883854558359358
baseline_real_national_nonfood,39277.96693139357,nonfood,其他/未覆盖支出,mutton,羊肉,False,0.9330915089649972,0.0018925111864076818,in_support,0.0003451398057748695
baseline_real_national_nonfood,39277.96693139357,nonfood,其他/未覆盖支出,poultry,禽肉,False,0.9330915089649972,0.0031364274029277296,in_support,0.0008800158811894921
baseline_real_national_nonfood,39277.96693139357,nonfood,其他/未覆盖支出,aquatic,水产品,False,0.9330915089649972,0.0051130137691858596,in_support,0.005261986565271205
baseline_real_national_nonfood,39277.96693139357,nonfood,其他/未覆盖支出,egg,蛋类,False,0.9330915089649972,0.0019009010936866663,in_support,0.001031643677989755
baseline_real_national_nonfood,39277.96693139357,nonfood,其他/未覆盖支出,milk,奶类,False,0.9330915089649972,0.0013408499963407758,in_support,0.0008134694472510164
baseline_real_national_nonfood,39277.96693139357,nonfood,其他/未覆盖支出,nonfood,其他/未覆盖支出,True,0.9330915089649972,0.9330915089649972,in_support,-0.024871137495859896
baseline_real_national_nonfood,50000.0,grain,粮食/主粮,grain,粮食/主粮,True,0.006168024215053662,0.006168024215053662,extrapolation,-0.002767755567571001
baseline_real_national_nonfood,50000.0,grain,粮食/主粮,oil,食用油,False,0.006168024215053662,0.013301281789332204,extrapolation,6.829354114710508e-08
baseline_real_national_nonfood,50000.0,grain,粮食/主粮,vegetable,蔬菜,False,0.006168024215053662,0.0033353786300333956,extrapolation,3.169755267417966e-06
baseline_real_national_nonfood,50000.0,grain,粮食/主粮,fruit,水果,False,0.006168024215053662,0.007964092609917284,extrapolation,1.0313236780601495e-05
baseline_real_national_nonfood,50000.0,grain,粮食/主粮,pork,猪肉,False,0.006168024215053662,0.008307683468861333,extrapolation,1.9842329643916063e-05
baseline_real_national_nonfood,50000.0,grain,粮食/主粮,beef,牛肉,False,0.006168024215053662,0.004072698627307142,extrapolation,1.401779849741192e-05
baseline_real_national_nonfood,50000.0,grain,粮食/主粮,mutton,羊肉,False,0.006168024215053662,0.0015093881932995825,extrapolation,9.906310151298534e-07
baseline_real_national_nonfood,50000.0,grain,粮食/主粮,poultry,禽肉,False,0.006168024215053662,0.0025364840818091713,extrapolation,2.5258491948754094e-06
baseline_real_national_nonfood,50000.0,grain,粮食/主粮,aquatic,水产品,False,0.006168024215053662,0.004400694207035737,extrapolation,1.510312483043064e-05
baseline_real_national_nonfood,50000.0,grain,粮食/主粮,egg,蛋类,False,0.006168024215053662,0.0015644109462082118,extrapolation,2.9610582215429035e-06
baseline_real_national_nonfood,50000.0,grain,粮食/主粮,milk,奶类,False,0.006168024215053662,0.001115649143391069,extrapolation,2.3348475638168954e-06
baseline_real_national_nonfood,50000.0,grain,粮食/主粮,nonfood,其他/未覆盖支出,False,0.006168024215053662,0.9457242140877513,extrapolation,0.002696428404338494
baseline_real_national_nonfood,50000.0,oil,食用油,grain,粮食/主粮,False,0.013301281789332204,0.006168024215053662,extrapolation,3.1673786291680495e-08
baseline_real_national_nonfood,50000.0,oil,食用油,oil,食用油,True,0.013301281789332204,0.013301281789332204,extrapolation,-0.0014853946944441722
baseline_real_national_nonfood,50000.0,oil,食用油,vegetable,蔬菜,False,0.013301281789332204,0.0033353786300333956,extrapolation,1.7011438039190793e-06
baseline_real_national_nonfood,50000.0,oil,食用油,fruit,水果,False,0.013301281789332204,0.007964092609917284,extrapolation,5.534912311128679e-06
baseline_real_national_nonfood,50000.0,oil,食用油,pork,猪肉,False,0.013301281789332204,0.008307683468861333,extrapolation,1.0648985993477576e-05
baseline_real_national_nonfood,50000.0,oil,食用油,beef,牛肉,False,0.013301281789332204,0.004072698627307142,extrapolation,7.523077100758099e-06
baseline_real_national_nonfood,50000.0,oil,食用油,mutton,羊肉,False,0.013301281789332204,0.0015093881932995825,extrapolation,5.316527681329013e-07
baseline_real_national_nonfood,50000.0,oil,食用油,poultry,禽肉,False,0.013301281789332204,0.0025364840818091713,extrapolation,1.3555748622690031e-06
baseline_real_national_nonfood,50000.0,oil,食用油,aquatic,水产品,False,0.013301281789332204,0.004400694207035737,extrapolation,8.105549160327473e-06
baseline_real_national_nonfood,50000.0,oil,食用油,egg,蛋类,False,0.013301281789332204,0.0015644109462082118,extrapolation,1.5891426136058217e-06
baseline_real_national_nonfood,50000.0,oil,食用油,milk,奶类,False,0.013301281789332204,0.001115649143391069,extrapolation,1.253066760838563e-06
baseline_real_national_nonfood,50000.0,oil,食用油,nonfood,其他/未覆盖支出,False,0.013301281789332204,0.9457242140877513,extrapolation,0.0014471199685553333
baseline_real_national_nonfood,50000.0,vegetable,蔬菜,grain,粮食/主粮,False,0.0033353786300333956,0.006168024215053662,extrapolation,5.861750460714422e-06
baseline_real_national_nonfood,50000.0,vegetable,蔬菜,oil,食用油,False,0.0033353786300333956,0.013301281789332204,extrapolation,6.784080367876113e-06
baseline_real_national_nonfood,50000.0,vegetable,蔬菜,vegetable,蔬菜,True,0.0033353786300333956,0.0033353786300333956,extrapolation,-0.27460016699077866
baseline_real_national_nonfood,50000.0,vegetable,蔬菜,fruit,水果,False,0.0033353786300333956,0.007964092609917284,extrapolation,0.001024369385272519
baseline_real_national_nonfood,50000.0,vegetable,蔬菜,pork,猪肉,False,0.0033353786300333956,0.008307683468861333,extrapolation,0.001970852611822109
baseline_real_national_nonfood,50000.0,vegetable,蔬菜,beef,牛肉,False,0.0033353786300333956,0.004072698627307142,extrapolation,0.0013923272284950211
baseline_real_national_nonfood,50000.0,vegetable,蔬菜,mutton,羊肉,False,0.0033353786300333956,0.0015093881932995825,extrapolation,9.839513879121609e-05
baseline_real_national_nonfood,50000.0,vegetable,蔬菜,poultry,禽肉,False,0.0033353786300333956,0.0025364840818091713,extrapolation,0.0002508817705616598
baseline_real_national_nonfood,50000.0,vegetable,蔬菜,aquatic,水产品,False,0.0033353786300333956,0.004400694207035737,extrapolation,0.0015001280395712277
baseline_real_national_nonfood,50000.0,vegetable,蔬菜,egg,蛋类,False,0.0033353786300333956,0.0015644109462082118,extrapolation,0.00029410900059893244
baseline_real_national_nonfood,50000.0,vegetable,蔬菜,milk,奶类,False,0.0033353786300333956,0.001115649143391069,extrapolation,0.00023191019583042487
baseline_real_national_nonfood,50000.0,vegetable,蔬菜,nonfood,其他/未覆盖支出,False,0.0033353786300333956,0.9457242140877513,extrapolation,0.26782454724500415
baseline_real_national_nonfood,50000.0,fruit,水果,grain,粮食/主粮,False,0.007964092609917284,0.006168024215053662,extrapolation,7.987399881671494e-06
baseline_real_national_nonfood,50000.0,fruit,水果,oil,食用油,False,0.007964092609917284,0.013301281789332204,extrapolation,9.244191588861578e-06
baseline_real_national_nonfood,50000.0,fruit,水果,vegetable,蔬菜,False,0.007964092609917284,0.0033353786300333956,extrapolation,0.00042900803805223
baseline_real_national_nonfood,50000.0,fruit,水果,fruit,水果,True,0.007964092609917284,0.007964092609917284,extrapolation,-0.3732117086042542
baseline_real_national_nonfood,50000.0,fruit,水果,pork,猪肉,False,0.007964092609917284,0.008307683468861333,extrapolation,0.0026855436973324126
baseline_real_national_nonfood,50000.0,fruit,水果,beef,牛肉,False,0.007964092609917284,0.004072698627307142,extrapolation,0.0018972274211714935
baseline_real_national_nonfood,50000.0,fruit,水果,mutton,羊肉,False,0.007964092609917284,0.0015093881932995825,extrapolation,0.00013407620539694566
baseline_real_national_nonfood,50000.0,fruit,水果,poultry,禽肉,False,0.007964092609917284,0.0025364840818091713,extrapolation,0.00034185912790944586
baseline_real_national_nonfood,50000.0,fruit,水果,aquatic,水产品,False,0.007964092609917284,0.004400694207035737,extrapolation,0.002044120083529386
baseline_real_national_nonfood,50000.0,fruit,水果,egg,蛋类,False,0.007964092609917284,0.0015644109462082118,extrapolation,0.00040076186964497986
baseline_real_national_nonfood,50000.0,fruit,水果,milk,奶类,False,0.007964092609917284,0.001115649143391069,extrapolation,0.00031600788431122314
baseline_real_national_nonfood,50000.0,fruit,水果,nonfood,其他/未覆盖支出,False,0.007964092609917284,0.9457242140877513,extrapolation,0.36494587229021425
baseline_real_national_nonfood,50000.0,pork,猪肉,grain,粮食/主粮,False,0.008307683468861333,0.006168024215053662,extrapolation,1.4731919499527332e-05
baseline_real_national_nonfood,50000.0,pork,猪肉,oil,食用油,False,0.008307683468861333,0.013301281789332204,extrapolation,1.7049942020208684e-05
baseline_real_national_nonfood,50000.0,pork,猪肉,vegetable,蔬菜,False,0.008307683468861333,0.0033353786300333956,extrapolation,0.0007912602556094411
baseline_real_national_nonfood,50000.0,pork,猪肉,fruit,水果,False,0.008307683468861333,0.007964092609917284,extrapolation,0.002574474451224453
baseline_real_national_nonfood,50000.0,pork,猪肉,pork,猪肉,True,0.008307683468861333,0.008307683468861333,extrapolation,-0.6859710541538768
baseline_real_national_nonfood,50000.0,pork,猪肉,beef,牛肉,False,0.008307683468861333,0.004072698627307142,extrapolation,0.003499236642681564
baseline_real_national_nonfood,50000.0,pork,猪肉,mutton,羊肉,False,0.008307683468861333,0.0015093881932995825,extrapolation,0.00024728947640119555
baseline_real_national_nonfood,50000.0,pork,猪肉,poultry,禽肉,False,0.008307683468861333,0.0025364840818091713,extrapolation,0.0006305232437409704
baseline_real_national_nonfood,50000.0,pork,猪肉,aquatic,水产品,False,0.008307683468861333,0.004400694207035737,extrapolation,0.003770164727151021
baseline_real_national_nonfood,50000.0,pork,猪肉,egg,蛋类,False,0.008307683468861333,0.0015644109462082118,extrapolation,0.0007391631588050415
baseline_real_national_nonfood,50000.0,pork,猪肉,milk,奶类,False,0.008307683468861333,0.001115649143391069,extrapolation,0.0005828433393906857
baseline_real_national_nonfood,50000.0,pork,猪肉,nonfood,其他/未覆盖支出,False,0.008307683468861333,0.9457242140877513,extrapolation,0.6731043186874142
baseline_real_national_nonfood,50000.0,beef,牛肉,grain,粮食/主粮,False,0.004072698627307142,0.006168024215053662,extrapolation,2.1229717868457816e-05
baseline_real_national_nonfood,50000.0,beef,牛肉,oil,食用油,False,0.004072698627307142,0.013301281789332204,extrapolation,2.457015530694072e-05
baseline_real_national_nonfood,50000.0,beef,牛肉,vegetable,蔬菜,False,0.004072698627307142,0.0033353786300333956,extrapolation,0.0011402607895527703
baseline_real_national_nonfood,50000.0,beef,牛肉,fruit,水果,False,0.004072698627307142,0.007964092609917284,extrapolation,0.0037099958555411256
baseline_real_national_nonfood,50000.0,beef,牛肉,pork,猪肉,False,0.004072698627307142,0.008307683468861333,extrapolation,0.007137908582853686
baseline_real_national_nonfood,50000.0,beef,牛肉,beef,牛肉,True,0.004072698627307142,0.004072698627307142,extrapolation,-0.9906270266003296
baseline_real_national_nonfood,50000.0,beef,牛肉,mutton,羊肉,False,0.004072698627307142,0.0015093881932995825,extrapolation,0.0003563612477522946
baseline_real_national_nonfood,50000.0,beef,牛肉,poultry,禽肉,False,0.004072698627307142,0.0025364840818091713,extrapolation,0.0009086276304152683
baseline_real_national_nonfood,50000.0,beef,牛肉,aquatic,水产品,False,0.004072698627307142,0.004400694207035737,extrapolation,0.005433068287104886
baseline_real_national_nonfood,50000.0,beef,牛肉,egg,蛋类,False,0.004072698627307142,0.0015644109462082118,extrapolation,0.001065185267132908
baseline_real_national_nonfood,50000.0,beef,牛肉,milk,奶类,False,0.004072698627307142,0.001115649143391069,extrapolation,0.0008399175886610788
baseline_real_national_nonfood,50000.0,beef,牛肉,nonfood,其他/未覆盖支出,False,0.004072698627307142,0.9457242140877513,extrapolation,0.9699899069316473
baseline_real_national_nonfood,50000.0,mutton,羊肉,grain,粮食/主粮,False,0.0015093881932995825,0.006168024215053662,extrapolation,4.048160324326717e-06
baseline_real_national_nonfood,50000.0,mutton,羊肉,oil,食用油,False,0.0015093881932995825,0.013301281789332204,extrapolation,4.685126976952756e-06
baseline_real_national_nonfood,50000.0,mutton,羊肉,vegetable,蔬菜,False,0.0015093881932995825,0.0033353786300333956,extrapolation,0.0002174291811058684
baseline_real_national_nonfood,50000.0,mutton,羊肉,fruit,水果,False,0.0015093881932995825,0.007964092609917284,extrapolation,0.0007074358501759347
baseline_real_national_nonfood,50000.0,mutton,羊肉,pork,猪肉,False,0.0015093881932995825,0.008307683468861333,extrapolation,0.0013610830433398525
baseline_real_national_nonfood,50000.0,mutton,羊肉,beef,牛肉,False,0.0015093881932995825,0.004072698627307142,extrapolation,0.0009615498255413421
baseline_real_national_nonfood,50000.0,mutton,羊肉,mutton,羊肉,True,0.0015093881932995825,0.0015093881932995825,extrapolation,-0.18979005650750694
baseline_real_national_nonfood,50000.0,mutton,羊肉,poultry,禽肉,False,0.0015093881932995825,0.0025364840818091713,extrapolation,0.00017326050783314896
baseline_real_national_nonfood,50000.0,mutton,羊肉,aquatic,水产品,False,0.0015093881932995825,0.004400694207035737,extrapolation,0.0010359977355728655
baseline_real_national_nonfood,50000.0,mutton,羊肉,egg,蛋类,False,0.0015093881932995825,0.0015644109462082118,extrapolation,0.00020311349875065681
baseline_real_national_nonfood,50000.0,mutton,羊肉,milk,奶类,False,0.0015093881932995825,0.001115649143391069,extrapolation,0.00016015861977024997
baseline_real_national_nonfood,50000.0,mutton,羊肉,nonfood,其他/未覆盖支出,False,0.0015093881932995825,0.9457242140877513,extrapolation,0.1849612942964347
baseline_real_national_nonfood,50000.0,poultry,禽肉,grain,粮食/主粮,False,0.0025364840818091713,0.006168024215053662,extrapolation,6.142173241253913e-06
baseline_real_national_nonfood,50000.0,poultry,禽肉,oil,食用油,False,0.0025364840818091713,0.013301281789332204,extrapolation,7.108624358173263e-06
baseline_real_national_nonfood,50000.0,poultry,禽肉,vegetable,蔬菜,False,0.0025364840818091713,0.0033353786300333956,extrapolation,0.0003298998410483993
baseline_real_national_nonfood,50000.0,poultry,禽肉,fruit,水果,False,0.0025364840818091713,0.007964092609917284,extrapolation,0.001073374662952346
baseline_real_national_nonfood,50000.0,poultry,禽肉,pork,猪肉,False,0.0025364840818091713,0.008307683468861333,extrapolation,0.0020651371430983347
baseline_real_national_nonfood,50000.0,poultry,禽肉,beef,牛肉,False,0.0025364840818091713,0.004072698627307142,extrapolation,0.0014589354148892512
baseline_real_national_nonfood,50000.0,poultry,禽肉,mutton,羊肉,False,0.0025364840818091713,0.0015093881932995825,extrapolation,0.00010310230865132712
baseline_real_national_nonfood,50000.0,poultry,禽肉,poultry,禽肉,True,0.0025364840818091713,0.0025364840818091713,extrapolation,-0.2878039076863295
baseline_real_national_nonfood,50000.0,poultry,禽肉,aquatic,水产品,False,0.0025364840818091713,0.004400694207035737,extrapolation,0.001571893362377068
baseline_real_national_nonfood,50000.0,poultry,禽肉,egg,蛋类,False,0.0025364840818091713,0.0015644109462082118,extrapolation,0.00030817901847111733
baseline_real_national_nonfood,50000.0,poultry,禽肉,milk,奶类,False,0.0025364840818091713,0.001115649143391069,extrapolation,0.0002430046529096562
baseline_real_national_nonfood,50000.0,poultry,禽肉,nonfood,其他/未覆盖支出,False,0.0025364840818091713,0.9457242140877513,extrapolation,0.2806371298959261
baseline_real_national_nonfood,50000.0,aquatic,水产品,grain,粮食/主粮,False,0.004400694207035737,0.006168024215053662,extrapolation,2.116860776274509e-05
baseline_real_national_nonfood,50000.0,aquatic,水产品,oil,食用油,False,0.004400694207035737,0.013301281789332204,extrapolation,2.4499429642588742e-05
baseline_real_national_nonfood,50000.0,aquatic,水产品,vegetable,蔬菜,False,0.004400694207035737,0.0033353786300333956,extrapolation,0.0011369785855253399
baseline_real_national_nonfood,50000.0,aquatic,水产品,fruit,水果,False,0.004400694207035737,0.007964092609917284,extrapolation,0.003699316753688629
baseline_real_national_nonfood,50000.0,aquatic,水产品,pork,猪肉,False,0.004400694207035737,0.008307683468861333,extrapolation,0.007117362353009249
baseline_real_national_nonfood,50000.0,aquatic,水产品,beef,牛肉,False,0.004400694207035737,0.004072698627307142,extrapolation,0.005028127088534932
baseline_real_national_nonfood,50000.0,aquatic,水产品,mutton,羊肉,False,0.004400694207035737,0.0015093881932995825,extrapolation,0.00035533547634166953
baseline_real_national_nonfood,50000.0,aquatic,水产品,poultry,禽肉,False,0.004400694207035737,0.0025364840818091713,extrapolation,0.0009060121773299589
baseline_real_national_nonfood,50000.0,aquatic,水产品,aquatic,水产品,True,0.004400694207035737,0.004400694207035737,extrapolation,-0.9873862371146664
baseline_real_national_nonfood,50000.0,aquatic,水产品,egg,蛋类,False,0.004400694207035737,0.0015644109462082118,extrapolation,0.0010621191675213193
baseline_real_national_nonfood,50000.0,aquatic,水产品,milk,奶类,False,0.004400694207035737,0.001115649143391069,extrapolation,0.0008374999140497418
baseline_real_national_nonfood,50000.0,aquatic,水产品,nonfood,其他/未覆盖支出,False,0.004400694207035737,0.9457242140877513,extrapolation,0.9671978229748245
baseline_real_national_nonfood,50000.0,egg,蛋类,grain,粮食/主粮,False,0.0015644109462082118,0.006168024215053662,extrapolation,1.1674613858626511e-05
baseline_real_national_nonfood,50000.0,egg,蛋类,oil,食用油,False,0.0015644109462082118,0.013301281789332204,extrapolation,1.3511580877049924e-05
baseline_real_national_nonfood,50000.0,egg,蛋类,vegetable,蔬菜,False,0.0015644109462082118,0.0033353786300333956,extrapolation,0.0006270506392527617
baseline_real_national_nonfood,50000.0,egg,蛋类,fruit,水果,False,0.0015644109462082118,0.007964092609917284,extrapolation,0.002040195802010895
baseline_real_national_nonfood,50000.0,egg,蛋类,pork,猪肉,False,0.0015644109462082118,0.008307683468861333,extrapolation,0.003925268841914178
baseline_real_national_nonfood,50000.0,egg,蛋类,beef,牛肉,False,0.0015644109462082118,0.004072698627307142,extrapolation,0.0027730428255912662
baseline_real_national_nonfood,50000.0,egg,蛋类,mutton,羊肉,False,0.0015644109462082118,0.0015093881932995825,extrapolation,0.00019596968514153023
baseline_real_national_nonfood,50000.0,egg,蛋类,poultry,禽肉,False,0.0015644109462082118,0.0025364840818091713,extrapolation,0.000499671253400175
baseline_real_national_nonfood,50000.0,egg,蛋类,aquatic,水产品,False,0.0015644109462082118,0.004400694207035737,extrapolation,0.0029877454188789827
baseline_real_national_nonfood,50000.0,egg,蛋类,egg,蛋类,True,0.0015644109462082118,0.0015644109462082118,extrapolation,-0.5469515270610815
baseline_real_national_nonfood,50000.0,egg,蛋类,milk,奶类,False,0.0015644109462082118,0.001115649143391069,extrapolation,0.00046188632293292026
baseline_real_national_nonfood,50000.0,egg,蛋类,nonfood,其他/未覆盖支出,False,0.0015644109462082118,0.9457242140877513,extrapolation,0.5334155105522197
baseline_real_national_nonfood,50000.0,milk,奶类,grain,粮食/主粮,False,0.001115649143391069,0.006168024215053662,extrapolation,1.290854693361391e-05
baseline_real_national_nonfood,50000.0,milk,奶类,oil,食用油,False,0.001115649143391069,0.013301281789332204,extrapolation,1.4939671092583252e-05
baseline_real_national_nonfood,50000.0,milk,奶类,vegetable,蔬菜,False,0.001115649143391069,0.0033353786300333956,extrapolation,0.0006933257853650864
baseline_real_national_nonfood,50000.0,milk,奶类,fruit,水果,False,0.001115649143391069,0.007964092609917284,extrapolation,0.0022558311283703775
baseline_real_national_nonfood,50000.0,milk,奶类,pork,猪肉,False,0.001115649143391069,0.008307683468861333,extrapolation,0.00434014403614972
baseline_real_national_nonfood,50000.0,milk,奶类,beef,牛肉,False,0.001115649143391069,0.004072698627307142,extrapolation,0.003066135277043712
baseline_real_national_nonfood,50000.0,milk,奶类,mutton,羊肉,False,0.001115649143391069,0.0015093881932995825,extrapolation,0.00021668240040166915
baseline_real_national_nonfood,50000.0,milk,奶类,poultry,禽肉,False,0.001115649143391069,0.0025364840818091713,extrapolation,0.0005524832303230522
baseline_real_national_nonfood,50000.0,milk,奶类,aquatic,水产品,False,0.001115649143391069,0.004400694207035737,extrapolation,0.003303530530719123
baseline_real_national_nonfood,50000.0,milk,奶类,egg,蛋类,False,0.001115649143391069,0.0015644109462082118,extrapolation,0.000647676755196117
baseline_real_national_nonfood,50000.0,milk,奶类,milk,奶类,True,0.001115649143391069,0.001115649143391069,extrapolation,-0.6048976907087789
baseline_real_national_nonfood,50000.0,milk,奶类,nonfood,其他/未覆盖支出,False,0.001115649143391069,0.9457242140877513,extrapolation,0.5897940343055097
baseline_real_national_nonfood,50000.0,nonfood,其他/未覆盖支出,grain,粮食/主粮,False,0.9457242140877513,0.006168024215053662,extrapolation,1.7586159937224913e-05
baseline_real_national_nonfood,50000.0,nonfood,其他/未覆盖支出,oil,食用油,False,0.9457242140877513,0.013301281789332204,extrapolation,2.0353286386300823e-05
baseline_real_national_nonfood,50000.0,nonfood,其他/未覆盖支出,vegetable,蔬菜,False,0.9457242140877513,0.0033353786300333956,extrapolation,0.0009445631875460271
baseline_real_national_nonfood,50000.0,nonfood,其他/未覆盖支出,fruit,水果,False,0.9457242140877513,0.007964092609917284,extrapolation,0.0030732667043503158
baseline_real_national_nonfood,50000.0,nonfood,其他/未覆盖支出,pork,猪肉,False,0.9457242140877513,0.008307683468861333,extrapolation,0.0059128628917142125
baseline_real_national_nonfood,50000.0,nonfood,其他/未覆盖支出,beef,牛肉,False,0.9457242140877513,0.004072698627307142,extrapolation,0.004177197199641666
baseline_real_national_nonfood,50000.0,nonfood,其他/未覆盖支出,mutton,羊肉,False,0.9457242140877513,0.0015093881932995825,extrapolation,0.00029520064699164626
baseline_real_national_nonfood,50000.0,nonfood,其他/未覆盖支出,poultry,禽肉,False,0.9457242140877513,0.0025364840818091713,extrapolation,0.0007526841423415476
baseline_real_national_nonfood,50000.0,nonfood,其他/未覆盖支出,aquatic,水产品,False,0.9457242140877513,0.004400694207035737,extrapolation,0.004500616321252704
baseline_real_national_nonfood,50000.0,nonfood,其他/未覆盖支出,egg,蛋类,False,0.9457242140877513,0.0015644109462082118,extrapolation,0.0008823725236903429
baseline_real_national_nonfood,50000.0,nonfood,其他/未覆盖支出,milk,奶类,False,0.9457242140877513,0.001115649143391069,extrapolation,0.0006957664783236103
baseline_real_national_nonfood,50000.0,nonfood,其他/未覆盖支出,nonfood,其他/未覆盖支出,True,0.9457242140877513,0.9457242140877513,extrapolation,-0.021272469182638032
baseline_real_national_nonfood,80000.0,grain,粮食/主粮,grain,粮食/主粮,True,0.0036476586042228413,0.0036476586042228413,extrapolation,-0.003229104737320145
baseline_real_national_nonfood,80000.0,grain,粮食/主粮,oil,食用油,False,0.0036476586042228413,0.008389921880363128,extrapolation,5.032298169436924e-08
baseline_real_national_nonfood,80000.0,grain,粮食/主粮,vegetable,蔬菜,False,0.0036476586042228413,0.002171556156058016,extrapolation,2.335562814086416e-06
baseline_real_national_nonfood,80000.0,grain,粮食/主粮,fruit,水果,False,0.0036476586042228413,0.005186189322408607,extrapolation,7.5990755597155546e-06
baseline_real_national_nonfood,80000.0,grain,粮食/主粮,pork,猪肉,False,0.0036476586042228413,0.005541520727558788,extrapolation,1.4620374816576775e-05
baseline_real_national_nonfood,80000.0,grain,粮食/主粮,beef,牛肉,False,0.0036476586042228413,0.002808829711986489,extrapolation,1.0328699696495445e-05
baseline_real_national_nonfood,80000.0,grain,粮食/主粮,mutton,羊肉,False,0.0036476586042228413,0.0009592712016409559,extrapolation,7.299257489825169e-07
baseline_real_national_nonfood,80000.0,grain,粮食/主粮,poultry,禽肉,False,0.0036476586042228413,0.0016419140379509986,extrapolation,1.8611162306323792e-06
baseline_real_national_nonfood,80000.0,grain,粮食/主粮,aquatic,水产品,False,0.0036476586042228413,0.003034222822607049,extrapolation,1.1128399105842293e-05
baseline_real_national_nonfood,80000.0,grain,粮食/主粮,egg,蛋类,False,0.0036476586042228413,0.0010288513771150758,extrapolation,2.1817857133094357e-06
baseline_real_national_nonfood,80000.0,grain,粮食/主粮,milk,奶类,False,0.0036476586042228413,0.000744368100907813,extrapolation,1.7203794071616436e-06
baseline_real_national_nonfood,80000.0,grain,粮食/主粮,nonfood,其他/未覆盖支出,False,0.0036476586042228413,0.9648456960571803,extrapolation,0.0031765489032884037
baseline_real_national_nonfood,80000.0,oil,食用油,grain,粮食/主粮,False,0.008389921880363128,0.0036476586042228413,extrapolation,2.1878919689773688e-08
baseline_real_national_nonfood,80000.0,oil,食用油,oil,食用油,True,0.008389921880363128,0.008389921880363128,extrapolation,-0.0016248021893109713
baseline_real_national_nonfood,80000.0,oil,食用油,vegetable,蔬菜,False,0.008389921880363128,0.002171556156058016,extrapolation,1.1751993006811913e-06
baseline_real_national_nonfood,80000.0,oil,食用油,fruit,水果,False,0.008389921880363128,0.005186189322408607,extrapolation,3.823666245140946e-06
baseline_real_national_nonfood,80000.0,oil,食用油,pork,猪肉,False,0.008389921880363128,0.005541520727558788,extrapolation,7.356612835273375e-06
baseline_real_national_nonfood,80000.0,oil,食用油,beef,牛肉,False,0.008389921880363128,0.002808829711986489,extrapolation,5.1971482237179924e-06
baseline_real_national_nonfood,80000.0,oil,食用油,mutton,羊肉,False,0.008389921880363128,0.0009592712016409559,extrapolation,3.6727857123793086e-07
baseline_real_national_nonfood,80000.0,oil,食用油,poultry,禽肉,False,0.008389921880363128,0.0016419140379509986,extrapolation,9.364680909608855e-07
baseline_real_national_nonfood,80000.0,oil,食用油,aquatic,水产品,False,0.008389921880363128,0.003034222822607049,extrapolation,5.59953723809689e-06
baseline_real_national_nonfood,80000.0,oil,食用油,egg,蛋类,False,0.008389921880363128,0.0010288513771150758,extrapolation,1.097821806935545e-06
baseline_real_national_nonfood,80000.0,oil,食用油,milk,奶类,False,0.008389921880363128,0.000744368100907813,extrapolation,8.656533841780246e-07
baseline_real_national_nonfood,80000.0,oil,食用油,nonfood,其他/未覆盖支出,False,0.008389921880363128,0.9648456960571803,extrapolation,0.001598360962585612
baseline_real_national_nonfood,80000.0,vegetable,蔬菜,grain,粮食/主粮,False,0.002171556156058016,0.0036476586042228413,extrapolation,3.9231526179627245e-06
baseline_real_national_nonfood,80000.0,vegetable,蔬菜,oil,食用油,False,0.002171556156058016,0.008389921880363128,extrapolation,4.540444550642751e-06
baseline_real_national_nonfood,80000.0,vegetable,蔬菜,vegetable,蔬菜,True,0.002171556156058016,0.002171556156058016,extrapolation,-0.29112358825078766
baseline_real_national_nonfood,80000.0,vegetable,蔬菜,fruit,水果,False,0.002171556156058016,0.005186189322408607,extrapolation,0.0006855901881664926
baseline_real_national_nonfood,80000.0,vegetable,蔬菜,pork,猪肉,False,0.002171556156058016,0.005541520727558788,extrapolation,0.0013190527155862708
baseline_real_national_nonfood,80000.0,vegetable,蔬菜,beef,牛肉,False,0.002171556156058016,0.002808829711986489,extrapolation,0.0009318571096925073
baseline_real_national_nonfood,80000.0,vegetable,蔬菜,mutton,羊肉,False,0.002171556156058016,0.0009592712016409559,extrapolation,6.585392517107692e-05
baseline_real_national_nonfood,80000.0,vegetable,蔬菜,poultry,禽肉,False,0.002171556156058016,0.0016419140379509986,extrapolation,0.00016791021039515433
baseline_real_national_nonfood,80000.0,vegetable,蔬菜,aquatic,水产品,False,0.002171556156058016,0.003034222822607049,extrapolation,0.0010040060627791137
baseline_real_national_nonfood,80000.0,vegetable,蔬菜,egg,蛋类,False,0.002171556156058016,0.0010288513771150758,extrapolation,0.00019684134613176123
baseline_real_national_nonfood,80000.0,vegetable,蔬菜,milk,奶类,False,0.002171556156058016,0.000744368100907813,extrapolation,0.0001552129111880598
baseline_real_national_nonfood,80000.0,vegetable,蔬菜,nonfood,其他/未覆盖支出,False,0.002171556156058016,0.9648456960571803,extrapolation,0.286588798846168
baseline_real_national_nonfood,80000.0,fruit,水果,grain,粮食/主粮,False,0.005186189322408607,0.0036476586042228413,extrapolation,5.344744942739041e-06
baseline_real_national_nonfood,80000.0,fruit,水果,oil,食用油,False,0.005186189322408607,0.008389921880363128,extrapolation,6.185718027131048e-06
baseline_real_national_nonfood,80000.0,fruit,水果,vegetable,蔬菜,False,0.005186189322408607,0.002171556156058016,extrapolation,0.0002870696599733757
baseline_real_national_nonfood,80000.0,fruit,水果,fruit,水果,True,0.005186189322408607,0.005186189322408607,extrapolation,-0.39596822606460846
baseline_real_national_nonfood,80000.0,fruit,水果,pork,猪肉,False,0.005186189322408607,0.005541520727558788,extrapolation,0.0017970248646653351
baseline_real_national_nonfood,80000.0,fruit,水果,beef,牛肉,False,0.005186189322408607,0.002808829711986489,extrapolation,0.001269524998312245
baseline_real_national_nonfood,80000.0,fruit,水果,mutton,羊肉,False,0.005186189322408607,0.0009592712016409559,extrapolation,8.971676027111285e-05
baseline_real_national_nonfood,80000.0,fruit,水果,poultry,禽肉,False,0.005186189322408607,0.0016419140379509986,extrapolation,0.00022875418063238103
baseline_real_national_nonfood,80000.0,fruit,水果,aquatic,水产品,False,0.005186189322408607,0.003034222822607049,extrapolation,0.0013678178547154296
baseline_real_national_nonfood,80000.0,fruit,水果,egg,蛋类,False,0.005186189322408607,0.0010288513771150758,extrapolation,0.00026816880369165657
baseline_real_national_nonfood,80000.0,fruit,水果,milk,奶类,False,0.005186189322408607,0.000744368100907813,extrapolation,0.00021145588515113076
baseline_real_national_nonfood,80000.0,fruit,水果,nonfood,其他/未覆盖支出,False,0.005186189322408607,0.9648456960571803,extrapolation,0.39043716116925337
baseline_real_national_nonfood,80000.0,pork,猪肉,grain,粮食/主粮,False,0.005541520727558788,0.0036476586042228413,extrapolation,9.62373910075537e-06
baseline_real_national_nonfood,80000.0,pork,猪肉,oil,食用油,False,0.005541520727558788,0.008389921880363128,extrapolation,1.1137999388963877e-05
baseline_real_national_nonfood,80000.0,pork,猪肉,vegetable,蔬菜,False,0.005541520727558788,0.002171556156058016,extrapolation,0.000516897293162505
baseline_real_national_nonfood,80000.0,pork,猪肉,fruit,水果,False,0.005541520727558788,0.005186189322408607,extrapolation,0.0016817966863284632
baseline_real_national_nonfood,80000.0,pork,猪肉,pork,猪肉,True,0.005541520727558788,0.005541520727558788,extrapolation,-0.711426000725951
baseline_real_national_nonfood,80000.0,pork,猪肉,beef,牛肉,False,0.005541520727558788,0.002808829711986489,extrapolation,0.0022859052328029904
baseline_real_national_nonfood,80000.0,pork,猪肉,mutton,羊肉,False,0.005541520727558788,0.0009592712016409559,extrapolation,0.00016154389638245356
baseline_real_national_nonfood,80000.0,pork,猪肉,poultry,禽肉,False,0.005541520727558788,0.0016419140379509986,extrapolation,0.00041189450881329043
baseline_real_national_nonfood,80000.0,pork,猪肉,aquatic,水产品,False,0.005541520727558788,0.003034222822607049,extrapolation,0.0024628912377477933
baseline_real_national_nonfood,80000.0,pork,猪肉,egg,蛋类,False,0.005541520727558788,0.0010288513771150758,extrapolation,0.0004828644377022412
baseline_real_national_nonfood,80000.0,pork,猪肉,milk,奶类,False,0.005541520727558788,0.000744368100907813,extrapolation,0.00038074722002564627
baseline_real_national_nonfood,80000.0,pork,猪肉,nonfood,其他/未覆盖支出,False,0.005541520727558788,0.9648456960571803,extrapolation,0.70302069829008
baseline_real_national_nonfood,80000.0,beef,牛肉,grain,粮食/主粮,False,0.002808829711986489,0.0036476586042228413,extrapolation,1.3413267499947311e-05
baseline_real_national_nonfood,80000.0,beef,牛肉,oil,食用油,False,0.002808829711986489,0.008389921880363128,extrapolation,1.5523791569252996e-05
baseline_real_national_nonfood,80000.0,beef,牛肉,vegetable,蔬菜,False,0.002808829711986489,0.002171556156058016,extrapolation,0.0007204352935708386
baseline_real_national_nonfood,80000.0,beef,牛肉,fruit,水果,False,0.002808829711986489,0.005186189322408607,extrapolation,0.002344035658358442
baseline_real_national_nonfood,80000.0,beef,牛肉,pork,猪肉,False,0.002808829711986489,0.005541520727558788,extrapolation,0.004509846638413308
baseline_real_national_nonfood,80000.0,beef,牛肉,beef,牛肉,True,0.002808829711986489,0.002808829711986489,extrapolation,-0.9928871483053465
baseline_real_national_nonfood,80000.0,beef,牛肉,mutton,羊肉,False,0.002808829711986489,0.0009592712016409559,extrapolation,0.00022515483330481578
baseline_real_national_nonfood,80000.0,beef,牛肉,poultry,禽肉,False,0.002808829711986489,0.0016419140379509986,extrapolation,0.0005740856974792963
baseline_real_national_nonfood,80000.0,beef,牛肉,aquatic,水产品,False,0.002808829711986489,0.003034222822607049,extrapolation,0.0034327008376985445
baseline_real_national_nonfood,80000.0,beef,牛肉,egg,蛋类,False,0.002808829711986489,0.0010288513771150758,extrapolation,0.0006730013601770454
baseline_real_national_nonfood,80000.0,beef,牛肉,milk,奶类,False,0.002808829711986489,0.000744368100907813,extrapolation,0.0005306735770222628
baseline_real_national_nonfood,80000.0,beef,牛肉,nonfood,其他/未覆盖支出,False,0.002808829711986489,0.9648456960571803,extrapolation,0.9798482797629577
baseline_real_national_nonfood,80000.0,mutton,羊肉,grain,粮食/主粮,False,0.0009592712016409559,0.0036476586042228413,extrapolation,2.7755628968009207e-06
baseline_real_national_nonfood,80000.0,mutton,羊肉,oil,食用油,False,0.0009592712016409559,0.008389921880363128,extrapolation,3.2122826333104415e-06
baseline_real_national_nonfood,80000.0,mutton,羊肉,vegetable,蔬菜,False,0.0009592712016409559,0.002171556156058016,extrapolation,0.00014907722461408786
baseline_real_national_nonfood,80000.0,mutton,羊肉,fruit,水果,False,0.0009592712016409559,0.005186189322408607,extrapolation,0.0004850433271604099
baseline_real_national_nonfood,80000.0,mutton,羊肉,pork,猪肉,False,0.0009592712016409559,0.005541520727558788,extrapolation,0.0009332072299223717
baseline_real_national_nonfood,80000.0,mutton,羊肉,beef,牛肉,False,0.0009592712016409559,0.002808829711986489,extrapolation,0.0006592729608337146
baseline_real_national_nonfood,80000.0,mutton,羊肉,mutton,羊肉,True,0.0009592712016409559,0.0009592712016409559,extrapolation,-0.20606744446019207
baseline_real_national_nonfood,80000.0,mutton,羊肉,poultry,禽肉,False,0.0009592712016409559,0.0016419140379509986,extrapolation,0.00011879360118886362
baseline_real_national_nonfood,80000.0,mutton,羊肉,aquatic,水产品,False,0.0009592712016409559,0.003034222822607049,extrapolation,0.000710317113000659
baseline_real_national_nonfood,80000.0,mutton,羊肉,egg,蛋类,False,0.0009592712016409559,0.0010288513771150758,extrapolation,0.0001392618853089487
baseline_real_national_nonfood,80000.0,mutton,羊肉,milk,奶类,False,0.0009592712016409559,0.000744368100907813,extrapolation,0.00010981047979711557
baseline_real_national_nonfood,80000.0,mutton,羊肉,nonfood,其他/未覆盖支出,False,0.0009592712016409559,0.9648456960571803,extrapolation,0.2027566716162124
baseline_real_national_nonfood,80000.0,poultry,禽肉,grain,粮食/主粮,False,0.0016419140379509986,0.0036476586042228413,extrapolation,4.134637175773825e-06
baseline_real_national_nonfood,80000.0,poultry,禽肉,oil,食用油,False,0.0016419140379509986,0.008389921880363128,extrapolation,4.785207360930661e-06
baseline_real_national_nonfood,80000.0,poultry,禽肉,vegetable,蔬菜,False,0.0016419140379509986,0.002171556156058016,extrapolation,0.00022207402135840197
baseline_real_national_nonfood,80000.0,poultry,禽肉,fruit,水果,False,0.0016419140379509986,0.005186189322408607,extrapolation,0.0007225484810431443
baseline_real_national_nonfood,80000.0,poultry,禽肉,pork,猪肉,False,0.0016419140379509986,0.005541520727558788,extrapolation,0.00139015924021179
baseline_real_national_nonfood,80000.0,poultry,禽肉,beef,牛肉,False,0.0016419140379509986,0.002808829711986489,extrapolation,0.0009820909788717277
baseline_real_national_nonfood,80000.0,poultry,禽肉,mutton,羊肉,False,0.0016419140379509986,0.0009592712016409559,extrapolation,6.940392800455878e-05
baseline_real_national_nonfood,80000.0,poultry,禽肉,poultry,禽肉,True,0.0016419140379509986,0.0016419140379509986,extrapolation,-0.30686237715505776
baseline_real_national_nonfood,80000.0,poultry,禽肉,aquatic,水产品,False,0.0016419140379509986,0.003034222822607049,extrapolation,0.0010581292853761779
baseline_real_national_nonfood,80000.0,poultry,禽肉,egg,蛋类,False,0.0016419140379509986,0.0010288513771150758,extrapolation,0.0002074525232092077
baseline_real_national_nonfood,80000.0,poultry,禽肉,milk,奶类,False,0.0016419140379509986,0.000744368100907813,extrapolation,0.00016358001417708564
baseline_real_national_nonfood,80000.0,poultry,禽肉,nonfood,其他/未覆盖支出,False,0.0016419140379509986,0.9648456960571803,extrapolation,0.3020380174509767
baseline_real_national_nonfood,80000.0,aquatic,水产品,grain,粮食/主粮,False,0.003034222822607049,0.0036476586042228413,extrapolation,1.3378257555749819e-05
baseline_real_national_nonfood,80000.0,aquatic,水产品,oil,食用油,False,0.003034222822607049,0.008389921880363128,extrapolation,1.548327723759806e-05
baseline_real_national_nonfood,80000.0,aquatic,水产品,vegetable,蔬菜,False,0.003034222822607049,0.002171556156058016,extrapolation,0.000718554862675917
baseline_real_national_nonfood,80000.0,aquatic,水产品,fruit,水果,False,0.003034222822607049,0.005186189322408607,extrapolation,0.002337917418058587
baseline_real_national_nonfood,80000.0,aquatic,水产品,pork,猪肉,False,0.003034222822607049,0.005541520727558788,extrapolation,0.004498075340965252
baseline_real_national_nonfood,80000.0,aquatic,水产品,beef,牛肉,False,0.003034222822607049,0.002808829711986489,extrapolation,0.0031777073346237915
baseline_real_national_nonfood,80000.0,aquatic,水产品,mutton,羊肉,False,0.003034222822607049,0.0009592712016409559,extrapolation,0.00022456714856408574
baseline_real_national_nonfood,80000.0,aquatic,水产品,poultry,禽肉,False,0.003034222822607049,0.0016419140379509986,extrapolation,0.0005725872573753351
baseline_real_national_nonfood,80000.0,aquatic,水产品,aquatic,水产品,True,0.003034222822607049,0.003034222822607049,extrapolation,-0.9900495482616247
baseline_real_national_nonfood,80000.0,aquatic,水产品,egg,蛋类,False,0.003034222822607049,0.0010288513771150758,extrapolation,0.0006712447387930839
baseline_real_national_nonfood,80000.0,aquatic,水产品,milk,奶类,False,0.003034222822607049,0.000744368100907813,extrapolation,0.0005292884505963693
baseline_real_national_nonfood,80000.0,aquatic,水产品,nonfood,其他/未覆盖支出,False,0.003034222822607049,0.9648456960571803,extrapolation,0.9772907465523766
baseline_real_national_nonfood,80000.0,egg,蛋类,grain,粮食/主粮,False,0.0010288513771150758,0.0036476586042228413,extrapolation,7.735250338738976e-06
baseline_real_national_nonfood,80000.0,egg,蛋类,oil,食用油,False,0.0010288513771150758,0.008389921880363128,extrapolation,8.952363553656043e-06
baseline_real_national_nonfood,80000.0,egg,蛋类,vegetable,蔬菜,False,0.0010288513771150758,0.002171556156058016,extrapolation,0.0004154652879630161
baseline_real_national_nonfood,80000.0,egg,蛋类,fruit,水果,False,0.0010288513771150758,0.005186189322408607,extrapolation,0.0013517736587197187
baseline_real_national_nonfood,80000.0,egg,蛋类,pork,猪肉,False,0.0010288513771150758,0.005541520727558788,extrapolation,0.002600767551586474
baseline_real_national_nonfood,80000.0,egg,蛋类,beef,牛肉,False,0.0010288513771150758,0.002808829711986489,extrapolation,0.0018373365254288183
baseline_real_national_nonfood,80000.0,egg,蛋类,mutton,羊肉,False,0.0010288513771150758,0.0009592712016409559,extrapolation,0.00012984374694682734
baseline_real_national_nonfood,80000.0,egg,蛋类,poultry,禽肉,False,0.0010288513771150758,0.0016419140379509986,extrapolation,0.0003310674557561149
baseline_real_national_nonfood,80000.0,egg,蛋类,aquatic,水产品,False,0.0010288513771150758,0.003034222822607049,extrapolation,0.0019795921403023774
baseline_real_national_nonfood,80000.0,egg,蛋类,egg,蛋类,True,0.0010288513771150758,0.0010288513771150758,extrapolation,-0.5740338147809301
baseline_real_national_nonfood,80000.0,egg,蛋类,milk,奶类,False,0.0010288513771150758,0.000744368100907813,extrapolation,0.0003060322727892782
baseline_real_national_nonfood,80000.0,egg,蛋类,nonfood,其他/未覆盖支出,False,0.0010288513771150758,0.9648456960571803,extrapolation,0.5650652475530922
baseline_real_national_nonfood,80000.0,milk,奶类,grain,粮食/主粮,False,0.000744368100907813,0.0036476586042228413,extrapolation,8.430451503413892e-06
baseline_real_national_nonfood,80000.0,milk,奶类,oil,食用油,False,0.000744368100907813,0.008389921880363128,extrapolation,9.756951216082443e-06
baseline_real_national_nonfood,80000.0,milk,奶类,vegetable,蔬菜,False,0.000744368100907813,0.002171556156058016,extrapolation,0.0004528049463131277
baseline_real_national_nonfood,80000.0,milk,奶类,fruit,水果,False,0.000744368100907813,0.005186189322408607,extrapolation,0.0014732633812229816
baseline_real_national_nonfood,80000.0,milk,奶类,pork,猪肉,False,0.000744368100907813,0.005541520727558788,extrapolation,0.002834509738065491
baseline_real_national_nonfood,80000.0,milk,奶类,beef,牛肉,False,0.000744368100907813,0.002808829711986489,extrapolation,0.0020024658779443207
baseline_real_national_nonfood,80000.0,milk,奶类,mutton,羊肉,False,0.000744368100907813,0.0009592712016409559,extrapolation,0.00014151336437068473
baseline_real_national_nonfood,80000.0,milk,奶类,poultry,禽肉,False,0.000744368100907813,0.0016419140379509986,extrapolation,0.00036082191454672843
baseline_real_national_nonfood,80000.0,milk,奶类,aquatic,水产品,False,0.000744368100907813,0.003034222822607049,extrapolation,0.002157506612211291
baseline_real_national_nonfood,80000.0,milk,奶类,egg,蛋类,False,0.000744368100907813,0.0010288513771150758,extrapolation,0.00042299197100340133
baseline_real_national_nonfood,80000.0,milk,奶类,milk,奶类,True,0.000744368100907813,0.000744368100907813,extrapolation,-0.6257141621543459
baseline_real_national_nonfood,80000.0,milk,奶类,nonfood,其他/未覆盖支出,False,0.000744368100907813,0.9648456960571803,extrapolation,0.6158500961907474
baseline_real_national_nonfood,80000.0,nonfood,其他/未覆盖支出,grain,粮食/主粮,False,0.9648456960571803,0.0036476586042228413,extrapolation,1.2009155241848347e-05
baseline_real_national_nonfood,80000.0,nonfood,其他/未覆盖支出,oil,食用油,False,0.9648456960571803,0.008389921880363128,extrapolation,1.3898754200171101e-05
baseline_real_national_nonfood,80000.0,nonfood,其他/未覆盖支出,vegetable,蔬菜,False,0.9648456960571803,0.002171556156058016,extrapolation,0.0006450188655163591
baseline_real_national_nonfood,80000.0,nonfood,其他/未覆盖支出,fruit,水果,False,0.9648456960571803,0.005186189322408607,extrapolation,0.002098657902321025
baseline_real_national_nonfood,80000.0,nonfood,其他/未覆盖支出,pork,猪肉,False,0.9648456960571803,0.005541520727558788,extrapolation,0.004037747993095172
baseline_real_national_nonfood,80000.0,nonfood,其他/未覆盖支出,beef,牛肉,False,0.9648456960571803,0.002808829711986489,extrapolation,0.002852504773462442
baseline_real_national_nonfood,80000.0,nonfood,其他/未覆盖支出,mutton,羊肉,False,0.9648456960571803,0.0009592712016409559,extrapolation,0.00020158522529496194
baseline_real_national_nonfood,80000.0,nonfood,其他/未覆盖支出,poultry,禽肉,False,0.9648456960571803,0.0016419140379509986,extrapolation,0.0005139894010933197
baseline_real_national_nonfood,80000.0,nonfood,其他/未覆盖支出,aquatic,水产品,False,0.9648456960571803,0.003034222822607049,extrapolation,0.0030733597028484104
baseline_real_national_nonfood,80000.0,nonfood,其他/未覆盖支出,egg,蛋类,False,0.9648456960571803,0.0010288513771150758,extrapolation,0.0006025503965018725
baseline_real_national_nonfood,80000.0,nonfood,其他/未覆盖支出,milk,奶类,False,0.9648456960571803,0.000744368100907813,extrapolation,0.0004751217412911451
baseline_real_national_nonfood,80000.0,nonfood,其他/未覆盖支出,nonfood,其他/未覆盖支出,True,0.9648456960571803,0.9648456960571803,extrapolation,-0.014526443608685158
baseline_real_national_nonfood,120000.0,grain,粮食/主粮,grain,粮食/主粮,True,0.0023256394209084995,0.0023256394209084995,extrapolation,-0.00351332958192766
baseline_real_national_nonfood,120000.0,grain,粮食/主粮,oil,食用油,False,0.0023256394209084995,0.00563212005938293,extrapolation,3.626495976097061e-08
baseline_real_national_nonfood,120000.0,grain,粮食/主粮,vegetable,蔬菜,False,0.0023256394209084995,0.0014787827290080454,extrapolation,1.6830870128643522e-06
baseline_real_national_nonfood,120000.0,grain,粮食/主粮,fruit,水果,False,0.0023256394209084995,0.0035206606432991792,extrapolation,5.476150490120772e-06
baseline_real_national_nonfood,120000.0,grain,粮食/主粮,pork,猪肉,False,0.0023256394209084995,0.003789297931507723,extrapolation,1.0535930811863886e-05
baseline_real_national_nonfood,120000.0,grain,粮食/主粮,beef,牛肉,False,0.0023256394209084995,0.0019481517442783182,extrapolation,7.443207678331688e-06
baseline_real_national_nonfood,120000.0,grain,粮食/主粮,mutton,羊肉,False,0.0023256394209084995,0.0006434726657282581,extrapolation,5.260078287437853e-07
baseline_real_national_nonfood,120000.0,grain,粮食/主粮,poultry,禽肉,False,0.0023256394209084995,0.001112904270587279,extrapolation,1.341181354599794e-06
baseline_real_national_nonfood,120000.0,grain,粮食/主粮,aquatic,水产品,False,0.0023256394209084995,0.0021042684059170706,extrapolation,8.01949712703846e-06
baseline_real_national_nonfood,120000.0,grain,粮食/主粮,egg,蛋类,False,0.0023256394209084995,0.0006995499562751377,extrapolation,1.5722696474281428e-06
baseline_real_national_nonfood,120000.0,grain,粮食/主粮,milk,奶类,False,0.0023256394209084995,0.000510479478020428,extrapolation,1.2397635611223427e-06
baseline_real_national_nonfood,120000.0,grain,粮食/主粮,nonfood,其他/未覆盖支出,False,0.0023256394209084995,0.9762346726950871,extrapolation,0.003475456071573249
baseline_real_national_nonfood,120000.0,oil,食用油,grain,粮食/主粮,False,0.00563212005938293,0.0023256394209084995,extrapolation,1.4974401824543863e-08
baseline_real_national_nonfood,120000.0,oil,食用油,oil,食用油,True,0.00563212005938293,0.00563212005938293,extrapolation,-0.0016790041747012487
baseline_real_national_nonfood,120000.0,oil,食用油,vegetable,蔬菜,False,0.00563212005938293,0.0014787827290080454,extrapolation,8.043408933278255e-07
baseline_real_national_nonfood,120000.0,oil,食用油,fruit,水果,False,0.00563212005938293,0.0035206606432991792,extrapolation,2.6170330520714613e-06
baseline_real_national_nonfood,120000.0,oil,食用油,pork,猪肉,False,0.00563212005938293,0.003789297931507723,extrapolation,5.035080339760366e-06
baseline_real_national_nonfood,120000.0,oil,食用油,beef,牛肉,False,0.00563212005938293,0.0019481517442783182,extrapolation,3.5570805505744435e-06
baseline_real_national_nonfood,120000.0,oil,食用油,mutton,羊肉,False,0.00563212005938293,0.0006434726657282581,extrapolation,2.5137770056399926e-07
baseline_real_national_nonfood,120000.0,oil,食用油,poultry,禽肉,False,0.00563212005938293,0.001112904270587279,extrapolation,6.409468133093148e-07
baseline_real_national_nonfood,120000.0,oil,食用油,aquatic,水产品,False,0.00563212005938293,0.0021042684059170706,extrapolation,3.83248697004561e-06
baseline_real_national_nonfood,120000.0,oil,食用油,egg,蛋类,False,0.00563212005938293,0.0006995499562751377,extrapolation,7.513801505102191e-07
baseline_real_national_nonfood,120000.0,oil,食用油,milk,奶类,False,0.00563212005938293,0.000510479478020428,extrapolation,5.924778009112971e-07
baseline_real_national_nonfood,120000.0,oil,食用油,nonfood,其他/未覆盖支出,False,0.00563212005938293,0.9762346726950871,extrapolation,0.0016609070182160412
baseline_real_national_nonfood,120000.0,vegetable,蔬菜,grain,粮食/主粮,False,0.0014787827290080454,0.0023256394209084995,extrapolation,2.6469408182801084e-06
baseline_real_national_nonfood,120000.0,vegetable,蔬菜,oil,食用油,False,0.0014787827290080454,0.00563212005938293,extrapolation,3.063428330440758e-06
baseline_real_national_nonfood,120000.0,vegetable,蔬菜,vegetable,蔬菜,True,0.0014787827290080454,0.0014787827290080454,extrapolation,-0.2966287219523977
baseline_real_national_nonfood,120000.0,vegetable,蔬菜,fruit,水果,False,0.0014787827290080454,0.0035206606432991792,extrapolation,0.0004625663102798592
baseline_real_national_nonfood,120000.0,vegetable,蔬菜,pork,猪肉,False,0.0014787827290080454,0.003789297931507723,extrapolation,0.0008899621963402263
baseline_real_national_nonfood,120000.0,vegetable,蔬菜,beef,牛肉,False,0.0014787827290080454,0.0019481517442783182,extrapolation,0.0006287221008770888
baseline_real_national_nonfood,120000.0,vegetable,蔬菜,mutton,羊肉,False,0.0014787827290080454,0.0006434726657282581,extrapolation,4.443150788439955e-05
baseline_real_national_nonfood,120000.0,vegetable,蔬菜,poultry,禽肉,False,0.0014787827290080454,0.001112904270587279,extrapolation,0.00011328867609992174
baseline_real_national_nonfood,120000.0,vegetable,蔬菜,aquatic,水产品,False,0.0014787827290080454,0.0021042684059170706,extrapolation,0.0006774008566334074
baseline_real_national_nonfood,120000.0,vegetable,蔬菜,egg,蛋类,False,0.0014787827290080454,0.0006995499562751377,extrapolation,0.0001328084579716278
baseline_real_national_nonfood,120000.0,vegetable,蔬菜,milk,奶类,False,0.0014787827290080454,0.000510479478020428,extrapolation,0.00010472183765258057
baseline_real_national_nonfood,120000.0,vegetable,蔬菜,nonfood,其他/未覆盖支出,False,0.0014787827290080454,0.9762346726950871,extrapolation,0.2935691079186762
baseline_real_national_nonfood,120000.0,fruit,水果,grain,粮食/主粮,False,0.0035206606432991792,0.0023256394209084995,extrapolation,3.6173771753891093e-06
baseline_real_national_nonfood,120000.0,fruit,水果,oil,食用油,False,0.0035206606432991792,0.00563212005938293,extrapolation,4.186558327926905e-06
baseline_real_national_nonfood,120000.0,fruit,水果,vegetable,蔬菜,False,0.0035206606432991792,0.0014787827290080454,extrapolation,0.0001942916782315158
baseline_real_national_nonfood,120000.0,fruit,水果,fruit,水果,True,0.0035206606432991792,0.0035206606432991792,extrapolation,-0.40494243771017835
baseline_real_national_nonfood,120000.0,fruit,水果,pork,猪肉,False,0.0035206606432991792,0.003789297931507723,extrapolation,0.0012162448084304298
baseline_real_national_nonfood,120000.0,fruit,水果,beef,牛肉,False,0.0035206606432991792,0.0019481517442783182,extrapolation,0.0008592274999557826
baseline_real_national_nonfood,120000.0,fruit,水果,mutton,羊肉,False,0.0035206606432991792,0.0006434726657282581,extrapolation,6.072122044458338e-05
baseline_real_national_nonfood,120000.0,fruit,水果,poultry,禽肉,False,0.0035206606432991792,0.001112904270587279,extrapolation,0.00015482316630831549
baseline_real_national_nonfood,120000.0,fruit,水果,aquatic,水产品,False,0.0035206606432991792,0.0021042684059170706,extrapolation,0.0009257531133383097
baseline_real_national_nonfood,120000.0,fruit,水果,egg,蛋类,False,0.0035206606432991792,0.0006995499562751377,extrapolation,0.00018149938991391637
baseline_real_national_nonfood,120000.0,fruit,水果,milk,奶类,False,0.0035206606432991792,0.000510479478020428,extrapolation,0.00014311550893490076
baseline_real_national_nonfood,120000.0,fruit,水果,nonfood,其他/未覆盖支出,False,0.0035206606432991792,0.9762346726950871,extrapolation,0.4011989554773327
baseline_real_national_nonfood,120000.0,pork,猪肉,grain,粮食/主粮,False,0.003789297931507723,0.0023256394209084995,extrapolation,6.466310280088246e-06
baseline_real_national_nonfood,120000.0,pork,猪肉,oil,食用油,False,0.003789297931507723,0.00563212005938293,extrapolation,7.48376339643661e-06
baseline_real_national_nonfood,120000.0,pork,猪肉,vegetable,蔬菜,False,0.003789297931507723,0.0014787827290080454,extrapolation,0.00034730991099396713
baseline_real_national_nonfood,120000.0,pork,猪肉,fruit,水果,False,0.003789297931507723,0.0035206606432991792,extrapolation,0.0011300207341935692
baseline_real_national_nonfood,120000.0,pork,猪肉,pork,猪肉,True,0.003789297931507723,0.003789297931507723,extrapolation,-0.722818708971476
baseline_real_national_nonfood,120000.0,pork,猪肉,beef,牛肉,False,0.003789297931507723,0.0019481517442783182,extrapolation,0.0015359290050678115
baseline_real_national_nonfood,120000.0,pork,猪肉,mutton,羊肉,False,0.003789297931507723,0.0006434726657282581,extrapolation,0.00010854341143621726
baseline_real_national_nonfood,120000.0,pork,猪肉,poultry,禽肉,False,0.003789297931507723,0.001112904270587279,extrapolation,0.00027675719485646856
baseline_real_national_nonfood,120000.0,pork,猪肉,aquatic,水产品,False,0.003789297931507723,0.0021042684059170706,extrapolation,0.0016548481681416185
baseline_real_national_nonfood,120000.0,pork,猪肉,egg,蛋类,False,0.003789297931507723,0.0006995499562751377,extrapolation,0.0003244427995440007
baseline_real_national_nonfood,120000.0,pork,猪肉,milk,奶类,False,0.003789297931507723,0.000510479478020428,extrapolation,0.0002558289368648965
baseline_real_national_nonfood,120000.0,pork,猪肉,nonfood,其他/未覆盖支出,False,0.003789297931507723,0.9762346726950871,extrapolation,0.7171710777032312
baseline_real_national_nonfood,120000.0,beef,牛肉,grain,粮食/主粮,False,0.0019481517442783182,0.0023256394209084995,extrapolation,8.885457058848458e-06
baseline_real_national_nonfood,120000.0,beef,牛肉,oil,食用油,False,0.0019481517442783182,0.00563212005938293,extrapolation,1.028355526839429e-05
baseline_real_national_nonfood,120000.0,beef,牛肉,vegetable,蔬菜,False,0.0019481517442783182,0.0014787827290080454,extrapolation,0.0004772438271498725
baseline_real_national_nonfood,120000.0,beef,牛肉,fruit,水果,False,0.0019481517442783182,0.0035206606432991792,extrapolation,0.001552778660091101
baseline_real_national_nonfood,120000.0,beef,牛肉,pork,猪肉,False,0.0019481517442783182,0.003789297931507723,extrapolation,0.0029874944938365865
baseline_real_national_nonfood,120000.0,beef,牛肉,beef,牛肉,True,0.0019481517442783182,0.0019481517442783182,extrapolation,-0.9941131204605443
baseline_real_national_nonfood,120000.0,beef,牛肉,mutton,羊肉,False,0.0019481517442783182,0.0006434726657282581,extrapolation,0.00014915114986183888
baseline_real_national_nonfood,120000.0,beef,牛肉,poultry,禽肉,False,0.0019481517442783182,0.001112904270587279,extrapolation,0.0003802962656831201
baseline_real_national_nonfood,120000.0,beef,牛肉,aquatic,水产品,False,0.0019481517442783182,0.0021042684059170706,extrapolation,0.0022739520132627968
baseline_real_national_nonfood,120000.0,beef,牛肉,egg,蛋类,False,0.0019481517442783182,0.0006995499562751377,extrapolation,0.000445821779170355
baseline_real_national_nonfood,120000.0,beef,牛肉,milk,奶类,False,0.0019481517442783182,0.000510479478020428,extrapolation,0.00035153842990218257
baseline_real_national_nonfood,120000.0,beef,牛肉,nonfood,其他/未覆盖支出,False,0.0019481517442783182,0.9762346726950871,extrapolation,0.9854756759928558
baseline_real_national_nonfood,120000.0,mutton,羊肉,grain,粮食/主粮,False,0.0006434726657282581,0.0023256394209084995,extrapolation,1.901098565536996e-06
baseline_real_national_nonfood,120000.0,mutton,羊肉,oil,食用油,False,0.0006434726657282581,0.00563212005938293,extrapolation,2.2002325489961654e-06
baseline_real_national_nonfood,120000.0,mutton,羊肉,vegetable,蔬菜,False,0.0006434726657282581,0.0014787827290080454,extrapolation,0.00010210930382571613
baseline_real_national_nonfood,120000.0,mutton,羊肉,fruit,水果,False,0.0006434726657282581,0.0035206606432991792,extrapolation,0.00033222671561457403
baseline_real_national_nonfood,120000.0,mutton,羊肉,pork,猪肉,False,0.0006434726657282581,0.003789297931507723,extrapolation,0.0006391931429224285
baseline_real_national_nonfood,120000.0,mutton,羊肉,beef,牛肉,False,0.0006434726657282581,0.0019481517442783182,extrapolation,0.00045156396703249476
baseline_real_national_nonfood,120000.0,mutton,羊肉,mutton,羊肉,True,0.0006434726657282581,0.0006434726657282581,extrapolation,-0.2131163771469313
baseline_real_national_nonfood,120000.0,mutton,羊肉,poultry,禽肉,False,0.0006434726657282581,0.001112904270587279,extrapolation,8.13667651652966e-05
baseline_real_national_nonfood,120000.0,mutton,羊肉,aquatic,水产品,False,0.0006434726657282581,0.0021042684059170706,extrapolation,0.00048652626650261423
baseline_real_national_nonfood,120000.0,mutton,羊肉,egg,蛋类,False,0.0006434726657282581,0.0006995499562751377,extrapolation,9.53863584556585e-05
baseline_real_national_nonfood,120000.0,mutton,羊肉,milk,奶类,False,0.0006434726657282581,0.000510479478020428,extrapolation,7.521384810122747e-05
baseline_real_national_nonfood,120000.0,mutton,羊肉,nonfood,其他/未覆盖支出,False,0.0006434726657282581,0.9762346726950871,extrapolation,0.2108486880093589
baseline_real_national_nonfood,120000.0,poultry,禽肉,grain,粮食/主粮,False,0.001112904270587279,0.0023256394209084995,extrapolation,2.8026740512424525e-06
baseline_real_national_nonfood,120000.0,poultry,禽肉,oil,食用油,False,0.001112904270587279,0.00563212005938293,extrapolation,3.2436655551798933e-06
baseline_real_national_nonfood,120000.0,poultry,禽肉,vegetable,蔬菜,False,0.001112904270587279,0.0014787827290080454,extrapolation,0.00015053347040689736
baseline_real_national_nonfood,120000.0,poultry,禽肉,fruit,水果,False,0.001112904270587279,0.0035206606432991792,extrapolation,0.0004897814261029793
baseline_real_national_nonfood,120000.0,poultry,禽肉,pork,猪肉,False,0.001112904270587279,0.003789297931507723,extrapolation,0.0009423231712576928
baseline_real_national_nonfood,120000.0,poultry,禽肉,beef,牛肉,False,0.001112904270587279,0.0019481517442783182,extrapolation,0.0006657130014865079
baseline_real_national_nonfood,120000.0,poultry,禽肉,mutton,羊肉,False,0.001112904270587279,0.0006434726657282581,extrapolation,4.7045638437226054e-05
baseline_real_national_nonfood,120000.0,poultry,禽肉,poultry,禽肉,True,0.001112904270587279,0.001112904270587279,extrapolation,-0.31411146832570974
baseline_real_national_nonfood,120000.0,poultry,禽肉,aquatic,水产品,False,0.001112904270587279,0.0021042684059170706,extrapolation,0.000717255771264922
baseline_real_national_nonfood,120000.0,poultry,禽肉,egg,蛋类,False,0.001112904270587279,0.0006995499562751377,extrapolation,0.00014062224737670034
baseline_real_national_nonfood,120000.0,poultry,禽肉,milk,奶类,False,0.001112904270587279,0.000510479478020428,extrapolation,0.00011088315469994532
baseline_real_national_nonfood,120000.0,poultry,禽肉,nonfood,其他/未覆盖支出,False,0.001112904270587279,0.9762346726950871,extrapolation,0.31084126232872794
baseline_real_national_nonfood,120000.0,aquatic,水产品,grain,粮食/主粮,False,0.0021042684059170706,0.0023256394209084995,extrapolation,8.863155632582843e-06
baseline_real_national_nonfood,120000.0,aquatic,水产品,oil,食用油,False,0.0021042684059170706,0.00563212005938293,extrapolation,1.025774582205511e-05
baseline_real_national_nonfood,120000.0,aquatic,水产品,vegetable,蔬菜,False,0.0021042684059170706,0.0014787827290080454,extrapolation,0.00047604606242414717
baseline_real_national_nonfood,120000.0,aquatic,水产品,fruit,水果,False,0.0021042684059170706,0.0035206606432991792,extrapolation,0.0015488815744818794
baseline_real_national_nonfood,120000.0,aquatic,水产品,pork,猪肉,False,0.0021042684059170706,0.003789297931507723,extrapolation,0.00297999662989828
baseline_real_national_nonfood,120000.0,aquatic,水产品,beef,牛肉,False,0.0021042684059170706,0.0019481517442783182,extrapolation,0.002105246442551974
baseline_real_national_nonfood,120000.0,aquatic,水产品,mutton,羊肉,False,0.0021042684059170706,0.0006434726657282581,extrapolation,0.00014877681761139706
baseline_real_national_nonfood,120000.0,aquatic,水产品,poultry,禽肉,False,0.0021042684059170706,0.001112904270587279,extrapolation,0.00037934181802991084
baseline_real_national_nonfood,120000.0,aquatic,水产品,aquatic,水产品,True,0.0021042684059170706,0.0021042684059170706,extrapolation,-0.9914551467466723
baseline_real_national_nonfood,120000.0,aquatic,水产品,egg,蛋类,False,0.0021042684059170706,0.0006995499562751377,extrapolation,0.00044470288022096014
baseline_real_national_nonfood,120000.0,aquatic,水产品,milk,奶类,False,0.0021042684059170706,0.000510479478020428,extrapolation,0.0003506561583738453
baseline_real_national_nonfood,120000.0,aquatic,水产品,nonfood,其他/未覆盖支出,False,0.0021042684059170706,0.9762346726950871,extrapolation,0.9830023785919373
baseline_real_national_nonfood,120000.0,egg,蛋类,grain,粮食/主粮,False,0.0006995499562751377,0.0023256394209084995,extrapolation,5.2269790160315674e-06
baseline_real_national_nonfood,120000.0,egg,蛋类,oil,食用油,False,0.0006995499562751377,0.00563212005938293,extrapolation,6.049427692099234e-06
baseline_real_national_nonfood,120000.0,egg,蛋类,vegetable,蔬菜,False,0.0006995499562751377,0.0014787827290080454,extrapolation,0.0002807445701036369
baseline_real_national_nonfood,120000.0,egg,蛋类,fruit,水果,False,0.0006995499562751377,0.0035206606432991792,extrapolation,0.0009134412064490041
baseline_real_national_nonfood,120000.0,egg,蛋类,pork,猪肉,False,0.0006995499562751377,0.003789297931507723,extrapolation,0.0017574304980219348
baseline_real_national_nonfood,120000.0,egg,蛋类,beef,牛肉,False,0.0006995499562751377,0.0019481517442783182,extrapolation,0.0012415531850058852
baseline_real_national_nonfood,120000.0,egg,蛋类,mutton,羊肉,False,0.0006995499562751377,0.0006434726657282581,extrapolation,8.774000377018929e-05
baseline_real_national_nonfood,120000.0,egg,蛋类,poultry,禽肉,False,0.0006995499562751377,0.001112904270587279,extrapolation,0.00022371397019344336
baseline_real_national_nonfood,120000.0,egg,蛋类,aquatic,水产品,False,0.0006995499562751377,0.0021042684059170706,extrapolation,0.0013376803306008702
baseline_real_national_nonfood,120000.0,egg,蛋类,egg,蛋类,True,0.0006995499562751377,0.0006995499562751377,extrapolation,-0.5857786035327099
baseline_real_national_nonfood,120000.0,egg,蛋类,milk,奶类,False,0.0006995499562751377,0.000510479478020428,extrapolation,0.00020679682119686976
baseline_real_national_nonfood,120000.0,egg,蛋类,nonfood,其他/未覆盖支出,False,0.0006995499562751377,0.9762346726950871,extrapolation,0.5797182248816346
baseline_real_national_nonfood,120000.0,milk,奶类,grain,粮食/主粮,False,0.000510479478020428,0.0023256394209084995,extrapolation,5.648103388733932e-06
baseline_real_national_nonfood,120000.0,milk,奶类,oil,食用油,False,0.000510479478020428,0.00563212005938293,extrapolation,6.536816486402705e-06
baseline_real_national_nonfood,120000.0,milk,奶类,vegetable,蔬菜,False,0.000510479478020428,0.0014787827290080454,extrapolation,0.00030336350575554006
baseline_real_national_nonfood,120000.0,milk,奶类,fruit,水果,False,0.000510479478020428,0.0035206606432991792,extrapolation,0.0009870350427485584
baseline_real_national_nonfood,120000.0,milk,奶类,pork,猪肉,False,0.000510479478020428,0.003789297931507723,extrapolation,0.0018990225918024987
baseline_real_national_nonfood,120000.0,milk,奶类,beef,牛肉,False,0.000510479478020428,0.0019481517442783182,extrapolation,0.0013415822408765843
baseline_real_national_nonfood,120000.0,milk,奶类,mutton,羊肉,False,0.000510479478020428,0.0006434726657282581,extrapolation,9.480901354444286e-05
baseline_real_national_nonfood,120000.0,milk,奶类,poultry,禽肉,False,0.000510479478020428,0.001112904270587279,extrapolation,0.00024173808407971348
baseline_real_national_nonfood,120000.0,milk,奶类,aquatic,水产品,False,0.000510479478020428,0.0021042684059170706,extrapolation,0.0014454541236504689
baseline_real_national_nonfood,120000.0,milk,奶类,egg,蛋类,False,0.000510479478020428,0.0006995499562751377,extrapolation,0.00028338985497157676
baseline_real_national_nonfood,120000.0,milk,奶类,milk,奶类,True,0.000510479478020428,0.000510479478020428,extrapolation,-0.6330333558949313
baseline_real_national_nonfood,120000.0,milk,奶类,nonfood,其他/未覆盖支出,False,0.000510479478020428,0.9762346726950871,extrapolation,0.6264247749799249
baseline_real_national_nonfood,120000.0,nonfood,其他/未覆盖支出,grain,粮食/主粮,False,0.9762346726950871,0.0023256394209084995,extrapolation,8.279428823395121e-06
baseline_real_national_nonfood,120000.0,nonfood,其他/未覆盖支出,oil,食用油,False,0.9762346726950871,0.00563212005938293,extrapolation,9.582172517553361e-06
baseline_real_national_nonfood,120000.0,nonfood,其他/未覆盖支出,vegetable,蔬菜,False,0.9762346726950871,0.0014787827290080454,extrapolation,0.00044469321132614616
baseline_real_national_nonfood,120000.0,nonfood,其他/未覆盖支出,fruit,水果,False,0.9762346726950871,0.0035206606432991792,extrapolation,0.0014468707407797893
baseline_real_national_nonfood,120000.0,nonfood,其他/未覆盖支出,pork,猪肉,False,0.9762346726950871,0.003789297931507723,extrapolation,0.0027837311675461764
baseline_real_national_nonfood,120000.0,nonfood,其他/未覆盖支出,beef,牛肉,False,0.9762346726950871,0.0019481517442783182,extrapolation,0.0019665928756190244
baseline_real_national_nonfood,120000.0,nonfood,其他/未覆盖支出,mutton,羊肉,False,0.9762346726950871,0.0006434726657282581,extrapolation,0.000138978231090909
baseline_real_national_nonfood,120000.0,nonfood,其他/未覆盖支出,poultry,禽肉,False,0.9762346726950871,0.001112904270587279,extrapolation,0.00035435800836526555
baseline_real_national_nonfood,120000.0,nonfood,其他/未覆盖支出,aquatic,水产品,False,0.9762346726950871,0.0021042684059170706,extrapolation,0.0021188561574290404
baseline_real_national_nonfood,120000.0,nonfood,其他/未覆盖支出,egg,蛋类,False,0.9762346726950871,0.0006995499562751377,extrapolation,0.000415414319696522
baseline_real_national_nonfood,120000.0,nonfood,其他/未覆盖支出,milk,奶类,False,0.9762346726950871,0.000510479478020428,extrapolation,0.0003275616057715719
baseline_real_national_nonfood,120000.0,nonfood,其他/未覆盖支出,nonfood,其他/未覆盖支出,True,0.9762346726950871,0.9762346726950871,extrapolation,-0.010014917679227464
baseline_real_national_nonfood,160000.0,grain,粮食/主粮,grain,粮食/主粮,True,0.0016919758334425598,0.0016919758334425598,extrapolation,-0.0036786433466063128
baseline_real_national_nonfood,160000.0,grain,粮食/主粮,oil,食用油,False,0.0016919758334425598,0.00424312001404676,extrapolation,2.8282635420988095e-08
baseline_real_national_nonfood,160000.0,grain,粮食/主粮,vegetable,蔬菜,False,0.0016919758334425598,0.0011211264833185686,extrapolation,1.3126403778287847e-06
baseline_real_national_nonfood,160000.0,grain,粮食/主粮,fruit,水果,False,0.0016919758334425598,0.002661020649256555,extrapolation,4.270854970532317e-06
baseline_real_national_nonfood,160000.0,grain,粮食/主粮,pork,猪肉,False,0.0016919758334425598,0.002868359392203283,extrapolation,8.21698756087294e-06
baseline_real_national_nonfood,160000.0,grain,粮食/主粮,beef,牛肉,False,0.0016919758334425598,0.0014839441811751492,extrapolation,5.804968177700894e-06
baseline_real_national_nonfood,160000.0,grain,粮食/主粮,mutton,羊肉,False,0.0016919758334425598,0.000483537303646455,extrapolation,4.102329770414449e-07
baseline_real_national_nonfood,160000.0,grain,粮食/主粮,poultry,禽肉,False,0.0016919758334425598,0.0008410899816676617,extrapolation,1.0459890758985496e-06
baseline_real_national_nonfood,160000.0,grain,粮食/主粮,aquatic,水产品,False,0.0016919758334425598,0.001602799992105701,extrapolation,6.25441507575431e-06
baseline_real_national_nonfood,160000.0,grain,粮食/主粮,egg,蛋类,False,0.0016919758334425598,0.0005283441038817547,extrapolation,1.2262153324832945e-06
baseline_real_national_nonfood,160000.0,grain,粮食/主粮,milk,奶类,False,0.0016919758334425598,0.00038746986763907364,extrapolation,9.668924010615394e-07
baseline_real_national_nonfood,160000.0,grain,粮食/主粮,nonfood,其他/未覆盖支出,False,0.0016919758334425598,0.9820872121976166,extrapolation,0.00364910574163356
baseline_real_national_nonfood,160000.0,oil,食用油,grain,粮食/主粮,False,0.00424312001404676,0.0016919758334425598,extrapolation,1.1274899374209737e-08
baseline_real_national_nonfood,160000.0,oil,食用油,oil,食用油,True,0.00424312001404676,0.00424312001404676,extrapolation,-0.0016976927228842407
baseline_real_national_nonfood,160000.0,oil,食用油,vegetable,蔬菜,False,0.00424312001404676,0.0011211264833185686,extrapolation,6.05782710887452e-07
baseline_real_national_nonfood,160000.0,oil,食用油,fruit,水果,False,0.00424312001404676,0.002661020649256555,extrapolation,1.971001599103979e-06
baseline_real_national_nonfood,160000.0,oil,食用油,pork,猪肉,False,0.00424312001404676,0.002868359392203283,extrapolation,3.792142218334989e-06
baseline_real_national_nonfood,160000.0,oil,食用油,beef,牛肉,False,0.00424312001404676,0.0014839441811751492,extrapolation,2.678994259099914e-06
baseline_real_national_nonfood,160000.0,oil,食用油,mutton,羊肉,False,0.00424312001404676,0.000483537303646455,extrapolation,1.893207763617466e-07
baseline_real_national_nonfood,160000.0,oil,食用油,poultry,禽肉,False,0.00424312001404676,0.0008410899816676617,extrapolation,4.827263841617211e-07
baseline_real_national_nonfood,160000.0,oil,食用油,aquatic,水产品,False,0.00424312001404676,0.001602799992105701,extrapolation,2.886415711617964e-06
baseline_real_national_nonfood,160000.0,oil,食用油,egg,蛋类,False,0.00424312001404676,0.0005283441038817547,extrapolation,5.658963478329565e-07
baseline_real_national_nonfood,160000.0,oil,食用油,milk,奶类,False,0.00424312001404676,0.00038746986763907364,extrapolation,4.46221722315263e-07
baseline_real_national_nonfood,160000.0,oil,食用油,nonfood,其他/未覆盖支出,False,0.00424312001404676,0.9820872121976166,extrapolation,0.00168406295525487
baseline_real_national_nonfood,160000.0,vegetable,蔬菜,grain,粮食/主粮,False,0.0011211264833185686,0.0016919758334425598,extrapolation,1.981004162723748e-06
baseline_real_national_nonfood,160000.0,vegetable,蔬菜,oil,食用油,False,0.0011211264833185686,0.00424312001404676,extrapolation,2.2927091956505676e-06
baseline_real_national_nonfood,160000.0,vegetable,蔬菜,vegetable,蔬菜,True,0.0011211264833185686,0.0011211264833185686,extrapolation,-0.29808192510338677
baseline_real_national_nonfood,160000.0,vegetable,蔬菜,fruit,水果,False,0.0011211264833185686,0.002661020649256555,extrapolation,0.00034619047215739827
baseline_real_national_nonfood,160000.0,vegetable,蔬菜,pork,猪肉,False,0.0011211264833185686,0.002868359392203283,extrapolation,0.0006660589571889078
baseline_real_national_nonfood,160000.0,vegetable,蔬菜,beef,牛肉,False,0.0011211264833185686,0.0014839441811751492,extrapolation,0.0004705435707235422
baseline_real_national_nonfood,160000.0,vegetable,蔬菜,mutton,羊肉,False,0.0011211264833185686,0.000483537303646455,extrapolation,3.325310010813424e-05
baseline_real_national_nonfood,160000.0,vegetable,蔬菜,poultry,禽肉,False,0.0011211264833185686,0.0008410899816676617,extrapolation,8.478668156494828e-05
baseline_real_national_nonfood,160000.0,vegetable,蔬菜,aquatic,水产品,False,0.0011211264833185686,0.001602799992105701,extrapolation,0.0005069753647871987
baseline_real_national_nonfood,160000.0,vegetable,蔬菜,egg,蛋类,False,0.0011211264833185686,0.0005283441038817547,extrapolation,9.939553105036702e-05
baseline_real_national_nonfood,160000.0,vegetable,蔬菜,milk,奶类,False,0.0011211264833185686,0.00038746986763907364,extrapolation,7.837514739424863e-05
baseline_real_national_nonfood,160000.0,vegetable,蔬菜,nonfood,其他/未覆盖支出,False,0.0011211264833185686,0.9820872121976166,extrapolation,0.29579207069352326
baseline_real_national_nonfood,160000.0,fruit,水果,grain,粮食/主粮,False,0.002661020649256555,0.0016919758334425598,extrapolation,2.715571753824336e-06
baseline_real_national_nonfood,160000.0,fruit,水果,oil,食用油,False,0.002661020649256555,0.00424312001404676,extrapolation,3.1428537444357476e-06
baseline_real_national_nonfood,160000.0,fruit,水果,vegetable,蔬菜,False,0.002661020649256555,0.0011211264833185686,extrapolation,0.00014585505469428818
baseline_real_national_nonfood,160000.0,fruit,水果,fruit,水果,True,0.002661020649256555,0.002661020649256555,extrapolation,-0.40828341628693343
baseline_real_national_nonfood,160000.0,fruit,水果,pork,猪肉,False,0.002661020649256555,0.002868359392203283,extrapolation,0.0009130367890093331
baseline_real_national_nonfood,160000.0,fruit,水果,beef,牛肉,False,0.002661020649256555,0.0014839441811751492,extrapolation,0.0006450233670032182
baseline_real_national_nonfood,160000.0,fruit,水果,mutton,羊肉,False,0.002661020649256555,0.000483537303646455,extrapolation,4.558350671476305e-05
baseline_real_national_nonfood,160000.0,fruit,水果,poultry,禽肉,False,0.002661020649256555,0.0008410899816676617,extrapolation,0.00011622598487328925
baseline_real_national_nonfood,160000.0,fruit,水果,aquatic,水产品,False,0.002661020649256555,0.001602799992105701,extrapolation,0.0006949642403312842
baseline_real_national_nonfood,160000.0,fruit,水果,egg,蛋类,False,0.002661020649256555,0.0005283441038817547,extrapolation,0.00013625186634998445
baseline_real_national_nonfood,160000.0,fruit,水果,milk,奶类,False,0.002661020649256555,0.00038746986763907364,extrapolation,0.00010743702715171559
baseline_real_national_nonfood,160000.0,fruit,水果,nonfood,其他/未覆盖支出,False,0.002661020649256555,0.9820872121976166,extrapolation,0.4054731779160945
baseline_real_national_nonfood,160000.0,pork,猪肉,grain,粮食/主粮,False,0.002868359392203283,0.0016919758334425598,extrapolation,4.847003895399902e-06
baseline_real_national_nonfood,160000.0,pork,猪肉,oil,食用油,False,0.002868359392203283,0.00424312001404676,extrapolation,5.609661060246643e-06
baseline_real_national_nonfood,160000.0,pork,猪肉,vegetable,蔬菜,False,0.002868359392203283,0.0011211264833185686,extrapolation,0.00026033569855144054
baseline_real_national_nonfood,160000.0,pork,猪肉,fruit,水果,False,0.002868359392203283,0.002661020649256555,extrapolation,0.0008470381152419926
baseline_real_national_nonfood,160000.0,pork,猪肉,pork,猪肉,True,0.002868359392203283,0.002868359392203283,extrapolation,-0.7279596638962085
baseline_real_national_nonfood,160000.0,pork,猪肉,beef,牛肉,False,0.002868359392203283,0.0014839441811751492,extrapolation,0.0011512978322760139
baseline_real_national_nonfood,160000.0,pork,猪肉,mutton,羊肉,False,0.002868359392203283,0.000483537303646455,extrapolation,8.136169148649864e-05
baseline_real_national_nonfood,160000.0,pork,猪肉,poultry,禽肉,False,0.002868359392203283,0.0008410899816676617,extrapolation,0.00020745097204333596
baseline_real_national_nonfood,160000.0,pork,猪肉,aquatic,水产品,False,0.002868359392203283,0.001602799992105701,extrapolation,0.0012404369583873314
baseline_real_national_nonfood,160000.0,pork,猪肉,egg,蛋类,False,0.002868359392203283,0.0005283441038817547,extrapolation,0.00024319503224145902
baseline_real_national_nonfood,160000.0,pork,猪肉,milk,奶类,False,0.002868359392203283,0.00038746986763907364,extrapolation,0.00019176361791254767
baseline_real_national_nonfood,160000.0,pork,猪肉,nonfood,其他/未覆盖支出,False,0.002868359392203283,0.9820872121976166,extrapolation,0.7237263259478696
baseline_real_national_nonfood,160000.0,beef,牛肉,grain,粮食/主粮,False,0.0014839441811751492,0.0016919758334425598,extrapolation,6.618757219991486e-06
baseline_real_national_nonfood,160000.0,beef,牛肉,oil,食用油,False,0.0014839441811751492,0.00424312001404676,extrapolation,7.660194655946761e-06
baseline_real_national_nonfood,160000.0,beef,牛肉,vegetable,蔬菜,False,0.0014839441811751492,0.0011211264833185686,extrapolation,0.00035549777834304434
baseline_real_national_nonfood,160000.0,beef,牛肉,fruit,水果,False,0.0014839441811751492,0.002661020649256555,extrapolation,0.0011566610844900198
baseline_real_national_nonfood,160000.0,beef,牛肉,pork,猪肉,False,0.0014839441811751492,0.002868359392203283,extrapolation,0.0022253774691221957
baseline_real_national_nonfood,160000.0,beef,牛肉,beef,牛肉,True,0.0014839441811751492,0.0014839441811751492,extrapolation,-0.9947084039324441
baseline_real_national_nonfood,160000.0,beef,牛肉,mutton,羊肉,False,0.0014839441811751492,0.000483537303646455,extrapolation,0.00011110232715859399
baseline_real_national_nonfood,160000.0,beef,牛肉,poultry,禽肉,False,0.0014839441811751492,0.0008410899816676617,extrapolation,0.0002832817827030891
baseline_real_national_nonfood,160000.0,beef,牛肉,aquatic,水产品,False,0.0014839441811751492,0.001602799992105701,extrapolation,0.0016938613894877704
baseline_real_national_nonfood,160000.0,beef,牛肉,egg,蛋类,False,0.0014839441811751492,0.0005283441038817547,extrapolation,0.0003320915851180343
baseline_real_national_nonfood,160000.0,beef,牛肉,milk,奶类,False,0.0014839441811751492,0.00038746986763907364,extrapolation,0.00026186013438742224
baseline_real_national_nonfood,160000.0,beef,牛肉,nonfood,其他/未覆盖支出,False,0.0014839441811751492,0.9820872121976166,extrapolation,0.9882743921229831
baseline_real_national_nonfood,160000.0,mutton,羊肉,grain,粮食/主粮,False,0.000483537303646455,0.0016919758334425598,extrapolation,1.435475347740541e-06
baseline_real_national_nonfood,160000.0,mutton,羊肉,oil,食用油,False,0.000483537303646455,0.00424312001404676,extrapolation,1.661342855880842e-06
baseline_real_national_nonfood,160000.0,mutton,羊肉,vegetable,蔬菜,False,0.000483537303646455,0.0011211264833185686,extrapolation,7.71004287395322e-05
baseline_real_national_nonfood,160000.0,mutton,羊肉,fruit,水果,False,0.000483537303646455,0.002661020649256555,extrapolation,0.0002508568822237196
baseline_real_national_nonfood,160000.0,mutton,羊肉,pork,猪肉,False,0.000483537303646455,0.002868359392203283,extrapolation,0.00048264030367750155
baseline_real_national_nonfood,160000.0,mutton,羊肉,beef,牛肉,False,0.000483537303646455,0.0014839441811751492,extrapolation,0.0003409657506962073
baseline_real_national_nonfood,160000.0,mutton,羊肉,mutton,羊肉,True,0.000483537303646455,0.000483537303646455,extrapolation,-0.21604942462682036
baseline_real_national_nonfood,160000.0,mutton,羊肉,poultry,禽肉,False,0.000483537303646455,0.0008410899816676617,extrapolation,6.143820754725003e-05
baseline_real_national_nonfood,160000.0,mutton,羊肉,aquatic,水产品,False,0.000483537303646455,0.001602799992105701,extrapolation,0.00036736498876338607
baseline_real_national_nonfood,160000.0,mutton,羊肉,egg,蛋类,False,0.000483537303646455,0.0005283441038817547,extrapolation,7.202408686585622e-05
baseline_real_national_nonfood,160000.0,mutton,羊肉,milk,奶类,False,0.000483537303646455,0.00038746986763907364,extrapolation,5.679227754186181e-05
baseline_real_national_nonfood,160000.0,mutton,羊肉,nonfood,其他/未覆盖支出,False,0.000483537303646455,0.9820872121976166,extrapolation,0.21433714333273785
baseline_real_national_nonfood,160000.0,poultry,禽肉,grain,粮食/主粮,False,0.0008410899816676617,0.0016919758334425598,extrapolation,2.1041653680304795e-06
baseline_real_national_nonfood,160000.0,poultry,禽肉,oil,食用油,False,0.0008410899816676617,0.00424312001404676,extrapolation,2.4352441544947577e-06
baseline_real_national_nonfood,160000.0,poultry,禽肉,vegetable,蔬菜,False,0.0008410899816676617,0.0011211264833185686,extrapolation,0.00011301596192559899
baseline_real_national_nonfood,160000.0,poultry,禽肉,fruit,水果,False,0.0008410899816676617,0.002661020649256555,extrapolation,0.00036771302395318935
baseline_real_national_nonfood,160000.0,poultry,禽肉,pork,猪肉,False,0.0008410899816676617,0.002868359392203283,extrapolation,0.0007074676343898031
baseline_real_national_nonfood,160000.0,poultry,禽肉,beef,牛肉,False,0.0008410899816676617,0.0014839441811751492,extrapolation,0.0004997971173429237
baseline_real_national_nonfood,160000.0,poultry,禽肉,mutton,羊肉,False,0.0008410899816676617,0.000483537303646455,extrapolation,3.5320435310054476e-05
baseline_real_national_nonfood,160000.0,poultry,禽肉,poultry,禽肉,True,0.0008410899816676617,0.0008410899816676617,extrapolation,-0.31663654212620396
baseline_real_national_nonfood,160000.0,poultry,禽肉,aquatic,水产品,False,0.0008410899816676617,0.001602799992105701,extrapolation,0.0005384938617571732
baseline_real_national_nonfood,160000.0,poultry,禽肉,egg,蛋类,False,0.0008410899816676617,0.0005283441038817547,extrapolation,0.00010557492048153111
baseline_real_national_nonfood,160000.0,poultry,禽肉,milk,奶类,False,0.0008410899816676617,0.00038746986763907364,extrapolation,8.324770571748205e-05
baseline_real_national_nonfood,160000.0,poultry,禽肉,nonfood,其他/未覆盖支出,False,0.0008410899816676617,0.9820872121976166,extrapolation,0.3141813701242279
baseline_real_national_nonfood,160000.0,aquatic,水产品,grain,粮食/主粮,False,0.001602799992105701,0.0016919758334425598,extrapolation,6.602399257741494e-06
baseline_real_national_nonfood,160000.0,aquatic,水产品,oil,食用油,False,0.001602799992105701,0.00424312001404676,extrapolation,7.641260856420764e-06
baseline_real_national_nonfood,160000.0,aquatic,水产品,vegetable,蔬菜,False,0.001602799992105701,0.0011211264833185686,extrapolation,0.0003546191150892823
baseline_real_national_nonfood,160000.0,aquatic,水产品,fruit,水果,False,0.001602799992105701,0.002661020649256555,extrapolation,0.0011538022209308023
baseline_real_national_nonfood,160000.0,aquatic,水产品,pork,猪肉,False,0.001602799992105701,0.002868359392203283,extrapolation,0.002219877108361794
baseline_real_national_nonfood,160000.0,aquatic,水产品,beef,牛肉,False,0.001602799992105701,0.0014839441811751492,extrapolation,0.0015682529164611912
baseline_real_national_nonfood,160000.0,aquatic,水产品,mutton,羊肉,False,0.001602799992105701,0.000483537303646455,extrapolation,0.00011082771941043863
baseline_real_national_nonfood,160000.0,aquatic,水产品,poultry,禽肉,False,0.001602799992105701,0.0008410899816676617,extrapolation,0.0002825816080290531
baseline_real_national_nonfood,160000.0,aquatic,水产品,aquatic,水产品,True,0.001602799992105701,0.001602799992105701,extrapolation,-0.992128408026128
baseline_real_national_nonfood,160000.0,aquatic,水产品,egg,蛋类,False,0.001602799992105701,0.0005283441038817547,extrapolation,0.0003312707684668733
baseline_real_national_nonfood,160000.0,aquatic,水产品,milk,奶类,False,0.001602799992105701,0.00038746986763907364,extrapolation,0.00026121290801601625
baseline_real_national_nonfood,160000.0,aquatic,水产品,nonfood,其他/未覆盖支出,False,0.001602799992105701,0.9820872121976166,extrapolation,0.9858317206656284
baseline_real_national_nonfood,160000.0,egg,蛋类,grain,粮食/主粮,False,0.0005283441038817547,0.0016919758334425598,extrapolation,3.92684940269068e-06
baseline_real_national_nonfood,160000.0,egg,蛋类,oil,食用油,False,0.0005283441038817547,0.00424312001404676,extrapolation,4.544722872225595e-06
baseline_real_national_nonfood,160000.0,egg,蛋类,vegetable,蔬菜,False,0.0005283441038817547,0.0011211264833185686,extrapolation,0.0002109136038434536
baseline_real_national_nonfood,160000.0,egg,蛋类,fruit,水果,False,0.0005283441038817547,0.002661020649256555,extrapolation,0.0006862365125191896
baseline_real_national_nonfood,160000.0,egg,蛋类,pork,猪肉,False,0.0005283441038817547,0.002868359392203283,extrapolation,0.0013202962330278632
baseline_real_national_nonfood,160000.0,egg,蛋类,beef,牛肉,False,0.0005283441038817547,0.0014839441811751492,extrapolation,0.0009327356051454201
baseline_real_national_nonfood,160000.0,egg,蛋类,mutton,羊肉,False,0.0005283441038817547,0.000483537303646455,extrapolation,6.591599897055293e-05
baseline_real_national_nonfood,160000.0,egg,蛋类,poultry,禽肉,False,0.0005283441038817547,0.0008410899816676617,extrapolation,0.0001680685075523181
baseline_real_national_nonfood,160000.0,egg,蛋类,aquatic,水产品,False,0.0005283441038817547,0.001602799992105701,extrapolation,0.0010049525730051795
baseline_real_national_nonfood,160000.0,egg,蛋类,egg,蛋类,True,0.0005283441038817547,0.0005283441038817547,extrapolation,-0.5908871680341897
baseline_real_national_nonfood,160000.0,egg,蛋类,milk,奶类,False,0.0005283441038817547,0.00038746986763907364,extrapolation,0.0001553592390421349
baseline_real_national_nonfood,160000.0,egg,蛋类,nonfood,其他/未覆盖支出,False,0.0005283441038817547,0.9820872121976166,extrapolation,0.5863342162590174
baseline_real_national_nonfood,160000.0,milk,奶类,grain,粮食/主粮,False,0.00038746986763907364,0.0016919758334425598,extrapolation,4.222160064336312e-06
baseline_real_national_nonfood,160000.0,milk,奶类,oil,食用油,False,0.00038746986763907364,0.00424312001404676,extrapolation,4.886498275798369e-06
baseline_real_national_nonfood,160000.0,milk,奶类,vegetable,蔬菜,False,0.00038746986763907364,0.0011211264833185686,extrapolation,0.00022677493388901712
baseline_real_national_nonfood,160000.0,milk,奶类,fruit,水果,False,0.00038746986763907364,0.002661020649256555,extrapolation,0.0007378435411025161
baseline_real_national_nonfood,160000.0,milk,奶类,pork,猪肉,False,0.00038746986763907364,0.002868359392203283,extrapolation,0.0014195864357471636
baseline_real_national_nonfood,160000.0,milk,奶类,beef,牛肉,False,0.00038746986763907364,0.0014839441811751492,extrapolation,0.0010028800954640486
baseline_real_national_nonfood,160000.0,milk,奶类,mutton,羊肉,False,0.00038746986763907364,0.000483537303646455,extrapolation,7.087307625488836e-05
baseline_real_national_nonfood,160000.0,milk,奶类,poultry,禽肉,False,0.00038746986763907364,0.0008410899816676617,extrapolation,0.00018070775710346724
baseline_real_national_nonfood,160000.0,milk,奶类,aquatic,水产品,False,0.00038746986763907364,0.001602799992105701,extrapolation,0.0010805279932507813
baseline_real_national_nonfood,160000.0,milk,奶类,egg,蛋类,False,0.00038746986763907364,0.0005283441038817547,extrapolation,0.0002118439262986278
baseline_real_national_nonfood,160000.0,milk,奶类,milk,奶类,True,0.00038746986763907364,0.00038746986763907364,extrapolation,-0.6353684407168125
baseline_real_national_nonfood,160000.0,milk,奶类,nonfood,其他/未覆盖支出,False,0.00038746986763907364,0.9820872121976166,extrapolation,0.6304282924421903
baseline_real_national_nonfood,160000.0,nonfood,其他/未覆盖支出,grain,粮食/主粮,False,0.9820872121976166,0.0016919758334425598,extrapolation,6.286819672515504e-06
baseline_real_national_nonfood,160000.0,nonfood,其他/未覆盖支出,oil,食用油,False,0.9820872121976166,0.00424312001404676,extrapolation,7.276029633583418e-06
baseline_real_national_nonfood,160000.0,nonfood,其他/未覆盖支出,vegetable,蔬菜,False,0.9820872121976166,0.0011211264833185686,extrapolation,0.00033766891799079173
baseline_real_national_nonfood,160000.0,nonfood,其他/未覆盖支出,fruit,水果,False,0.9820872121976166,0.002661020649256555,extrapolation,0.0010986524317826611
baseline_real_national_nonfood,160000.0,nonfood,其他/未覆盖支出,pork,猪肉,False,0.9820872121976166,0.002868359392203283,extrapolation,0.002113770735316778
baseline_real_national_nonfood,160000.0,nonfood,其他/未覆盖支出,beef,牛肉,False,0.9820872121976166,0.0014839441811751492,extrapolation,0.0014932930713129312
baseline_real_national_nonfood,160000.0,nonfood,其他/未覆盖支出,mutton,羊肉,False,0.9820872121976166,0.000483537303646455,extrapolation,0.0001055303469852713
baseline_real_national_nonfood,160000.0,nonfood,其他/未覆盖支出,poultry,禽肉,False,0.9820872121976166,0.0008410899816676617,extrapolation,0.00026907468363876735
baseline_real_national_nonfood,160000.0,nonfood,其他/未覆盖支出,aquatic,水产品,False,0.9820872121976166,0.001602799992105701,extrapolation,0.001608911157342582
baseline_real_national_nonfood,160000.0,nonfood,其他/未覆盖支出,egg,蛋类,False,0.9820872121976166,0.0005283441038817547,extrapolation,0.00031543657474414246
baseline_real_national_nonfood,160000.0,nonfood,其他/未覆盖支出,milk,奶类,False,0.9820872121976166,0.00038746986763907364,extrapolation,0.0002487273680732686
baseline_real_national_nonfood,160000.0,nonfood,其他/未覆盖支出,nonfood,其他/未覆盖支出,True,0.9820872121976166,0.9820872121976166,extrapolation,-0.007604627963190613
baseline_real_national_nonfood,200000.0,grain,粮食/主粮,grain,粮食/主粮,True,0.0013227242573849076,0.0013227242573849076,extrapolation,-0.0037943208202782866
baseline_real_national_nonfood,200000.0,grain,粮食/主粮,oil,食用油,False,0.0013227242573849076,0.0034057072057857387,extrapolation,2.321233897684214e-08
baseline_real_national_nonfood,200000.0,grain,粮食/主粮,vegetable,蔬菜,False,0.0013227242573849076,0.0009030812776199234,extrapolation,1.07733251220713e-06
baseline_real_national_nonfood,200000.0,grain,粮食/主粮,fruit,水果,False,0.0013227242573849076,0.0021379193027919563,extrapolation,3.50525053516545e-06
baseline_real_national_nonfood,200000.0,grain,粮食/主粮,pork,猪肉,False,0.0013227242573849076,0.0023044673503931786,extrapolation,6.743982314290998e-06
baseline_real_national_nonfood,200000.0,grain,粮食/主粮,beef,牛肉,False,0.0013227242573849076,0.0011965371301390021,extrapolation,4.764350450549396e-06
baseline_real_national_nonfood,200000.0,grain,粮食/主粮,mutton,羊肉,False,0.0013227242573849076,0.00038709116737872427,extrapolation,3.3669361475961365e-07
baseline_real_national_nonfood,200000.0,grain,粮食/主粮,poultry,禽肉,False,0.0013227242573849076,0.000675918715539765,extrapolation,8.584830473459083e-07
baseline_real_national_nonfood,200000.0,grain,粮食/主粮,aquatic,水产品,False,0.0013227242573849076,0.001292348561204846,extrapolation,5.133232024607121e-06
baseline_real_national_nonfood,200000.0,grain,粮食/主粮,egg,蛋类,False,0.0013227242573849076,0.00042398368238857887,extrapolation,1.0063995031938695e-06
baseline_real_national_nonfood,200000.0,grain,粮食/主粮,milk,奶类,False,0.0013227242573849076,0.0003120151614973262,extrapolation,7.935645105639424e-07
baseline_real_national_nonfood,200000.0,grain,粮食/主粮,nonfood,其他/未覆盖支出,False,0.0013227242573849076,0.985638206187876,extrapolation,0.003770078212835995
baseline_real_national_nonfood,200000.0,oil,食用油,grain,粮食/主粮,False,0.0034057072057857387,0.0013227242573849076,extrapolation,9.016786475600475e-09
baseline_real_national_nonfood,200000.0,oil,食用油,oil,食用油,True,0.0034057072057857387,0.0034057072057857387,extrapolation,-0.0017055274532968418
baseline_real_national_nonfood,200000.0,oil,食用油,vegetable,蔬菜,False,0.0034057072057857387,0.0009030812776199234,extrapolation,4.842557623850383e-07
baseline_real_national_nonfood,200000.0,oil,食用油,fruit,水果,False,0.0034057072057857387,0.0021379193027919563,extrapolation,1.575591436792659e-06
baseline_real_national_nonfood,200000.0,oil,食用油,pork,猪肉,False,0.0034057072057857387,0.0023044673503931786,extrapolation,3.0313899936455813e-06
baseline_real_national_nonfood,200000.0,oil,食用油,beef,牛肉,False,0.0034057072057857387,0.0011965371301390021,extrapolation,2.1415542439223656e-06
baseline_real_national_nonfood,200000.0,oil,食用油,mutton,羊肉,False,0.0034057072057857387,0.00038709116737872427,extrapolation,1.5134209251077902e-07
baseline_real_national_nonfood,200000.0,oil,食用油,poultry,禽肉,False,0.0034057072057857387,0.000675918715539765,extrapolation,3.85886581119548e-07
baseline_real_national_nonfood,200000.0,oil,食用油,aquatic,水产品,False,0.0034057072057857387,0.001292348561204846,extrapolation,2.307361923674153e-06
baseline_real_national_nonfood,200000.0,oil,食用油,egg,蛋类,False,0.0034057072057857387,0.00042398368238857887,extrapolation,4.523727764229367e-07
baseline_real_national_nonfood,200000.0,oil,食用油,milk,奶类,False,0.0034057072057857387,0.0003120151614973262,extrapolation,3.567024954580252e-07
baseline_real_national_nonfood,200000.0,oil,食用油,nonfood,其他/未覆盖支出,False,0.0034057072057857387,0.985638206187876,extrapolation,0.0016946319902905183
baseline_real_national_nonfood,200000.0,vegetable,蔬菜,grain,粮食/主粮,False,0.0009030812776199234,0.0013227242573849076,extrapolation,1.5779486392035764e-06
baseline_real_national_nonfood,200000.0,vegetable,蔬菜,oil,食用油,False,0.0009030812776199234,0.0034057072057857387,extrapolation,1.82622866104029e-06
baseline_real_national_nonfood,200000.0,vegetable,蔬菜,vegetable,蔬菜,True,0.0009030812776199234,0.0009030812776199234,extrapolation,-0.2984118195852646
baseline_real_national_nonfood,200000.0,vegetable,蔬菜,fruit,水果,False,0.0009030812776199234,0.0021379193027919563,extrapolation,0.0002757541393718694
baseline_real_national_nonfood,200000.0,vegetable,蔬菜,pork,猪肉,False,0.0009030812776199234,0.0023044673503931786,extrapolation,0.0005305417887183025
baseline_real_national_nonfood,200000.0,vegetable,蔬菜,beef,牛肉,False,0.0009030812776199234,0.0011965371301390021,extrapolation,0.00037480620020171284
baseline_real_national_nonfood,200000.0,vegetable,蔬菜,mutton,羊肉,False,0.0009030812776199234,0.00038709116737872427,extrapolation,2.6487385079652392e-05
baseline_real_national_nonfood,200000.0,vegetable,蔬菜,poultry,禽肉,False,0.0009030812776199234,0.000675918715539765,extrapolation,6.753587953417928e-05
baseline_real_national_nonfood,200000.0,vegetable,蔬菜,aquatic,水产品,False,0.0009030812776199234,0.001292348561204846,extrapolation,0.0004038255381128067
baseline_real_national_nonfood,200000.0,vegetable,蔬菜,egg,蛋类,False,0.0009030812776199234,0.00042398368238857887,extrapolation,7.917239000499304e-05
baseline_real_national_nonfood,200000.0,vegetable,蔬菜,milk,奶类,False,0.0009030812776199234,0.0003120151614973262,extrapolation,6.242884270287296e-05
baseline_real_national_nonfood,200000.0,vegetable,蔬菜,nonfood,其他/未覆盖支出,False,0.0009030812776199234,0.985638206187876,extrapolation,0.2965878612835922
baseline_real_national_nonfood,200000.0,fruit,水果,grain,粮食/主粮,False,0.0021379193027919563,0.0013227242573849076,extrapolation,2.168690978346213e-06
baseline_real_national_nonfood,200000.0,fruit,水果,oil,食用油,False,0.0021379193027919563,0.0034057072057857387,extrapolation,2.509922669079302e-06
baseline_real_national_nonfood,200000.0,fruit,水果,vegetable,蔬菜,False,0.0021379193027919563,0.0009030812776199234,extrapolation,0.00011648166263905952
baseline_real_national_nonfood,200000.0,fruit,水果,fruit,水果,True,0.0021379193027919563,0.0021379193027919563,extrapolation,-0.40986678309433283
baseline_real_national_nonfood,200000.0,fruit,水果,pork,猪肉,False,0.0021379193027919563,0.0023044673503931786,extrapolation,0.0007291625645781182
baseline_real_national_nonfood,200000.0,fruit,水果,beef,牛肉,False,0.0021379193027919563,0.0011965371301390021,extrapolation,0.0005151237035363834
baseline_real_national_nonfood,200000.0,fruit,水果,mutton,羊肉,False,0.0021379193027919563,0.00038709116737872427,extrapolation,3.640356168776515e-05
baseline_real_national_nonfood,200000.0,fruit,水果,poultry,禽肉,False,0.0021379193027919563,0.000675918715539765,extrapolation,9.281952148303985e-05
baseline_real_national_nonfood,200000.0,fruit,水果,aquatic,水产品,False,0.0021379193027919563,0.001292348561204846,extrapolation,0.0005550071102708573
baseline_real_national_nonfood,200000.0,fruit,水果,egg,蛋类,False,0.0021379193027919563,0.00042398368238857887,extrapolation,0.00010881243307516244
baseline_real_national_nonfood,200000.0,fruit,水果,milk,奶类,False,0.0021379193027919563,0.0003120151614973262,extrapolation,8.58005482447423e-05
baseline_real_national_nonfood,200000.0,fruit,水果,nonfood,其他/未覆盖支出,False,0.0021379193027919563,0.985638206187876,extrapolation,0.4076224911547371
baseline_real_national_nonfood,200000.0,pork,猪肉,grain,粮食/主粮,False,0.0023044673503931786,0.0013227242573849076,extrapolation,3.87093851872373e-06
baseline_real_national_nonfood,200000.0,pork,猪肉,oil,食用油,False,0.0023044673503931786,0.0034057072057857387,extrapolation,4.480003730521579e-06
baseline_real_national_nonfood,200000.0,pork,猪肉,vegetable,蔬菜,False,0.0023044673503931786,0.0009030812776199234,extrapolation,0.00020791023581040715
baseline_real_national_nonfood,200000.0,pork,猪肉,fruit,水果,False,0.0023044673503931786,0.0021379193027919563,extrapolation,0.0006764646588718067
baseline_real_national_nonfood,200000.0,pork,猪肉,pork,猪肉,True,0.0023044673503931786,0.0023044673503931786,extrapolation,-0.7309536335186572
baseline_real_national_nonfood,200000.0,pork,猪肉,beef,牛肉,False,0.0023044673503931786,0.0011965371301390021,extrapolation,0.0009194536537195477
baseline_real_national_nonfood,200000.0,pork,猪肉,mutton,羊肉,False,0.0023044673503931786,0.00038709116737872427,extrapolation,6.497737968373601e-05
baseline_real_national_nonfood,200000.0,pork,猪肉,poultry,禽肉,False,0.0023044673503931786,0.000675918715539765,extrapolation,0.00016567525283938523
baseline_real_national_nonfood,200000.0,pork,猪肉,aquatic,水产品,False,0.0023044673503931786,0.001292348561204846,extrapolation,0.0009906422732655516
baseline_real_national_nonfood,200000.0,pork,猪肉,egg,蛋类,False,0.0023044673503931786,0.00042398368238857887,extrapolation,0.00019422128687844665
baseline_real_national_nonfood,200000.0,pork,猪肉,milk,奶类,False,0.0023044673503931786,0.0003120151614973262,extrapolation,0.00015314695583802247
baseline_real_national_nonfood,200000.0,pork,猪肉,nonfood,其他/未覆盖支出,False,0.0023044673503931786,0.985638206187876,extrapolation,0.7275727893341732
baseline_real_national_nonfood,200000.0,beef,牛肉,grain,粮食/主粮,False,0.0011965371301390021,0.0013227242573849076,extrapolation,5.26681633012859e-06
baseline_real_national_nonfood,200000.0,beef,牛肉,oil,食用油,False,0.0011965371301390021,0.0034057072057857387,extrapolation,6.095510096477592e-06
baseline_real_national_nonfood,200000.0,beef,牛肉,vegetable,蔬菜,False,0.0011965371301390021,0.0009030812776199234,extrapolation,0.00028288337116504504
baseline_real_national_nonfood,200000.0,beef,牛肉,fruit,水果,False,0.0011965371301390021,0.0021379193027919563,extrapolation,0.0009204001122310825
baseline_real_national_nonfood,200000.0,beef,牛肉,pork,猪肉,False,0.0011965371301390021,0.0023044673503931786,extrapolation,0.001770819206329545
baseline_real_national_nonfood,200000.0,beef,牛肉,beef,牛肉,True,0.0011965371301390021,0.0011965371301390021,extrapolation,-0.9950578014547998
baseline_real_national_nonfood,200000.0,beef,牛肉,mutton,羊肉,False,0.0011965371301390021,0.00038709116737872427,extrapolation,8.840843980066945e-05
baseline_real_national_nonfood,200000.0,beef,牛肉,poultry,禽肉,False,0.0011965371301390021,0.000675918715539765,extrapolation,0.00022541830919093806
baseline_real_national_nonfood,200000.0,beef,牛肉,aquatic,水产品,False,0.0011965371301390021,0.001292348561204846,extrapolation,0.0013478712410200987
baseline_real_national_nonfood,200000.0,beef,牛肉,egg,蛋类,False,0.0011965371301390021,0.00042398368238857887,extrapolation,0.0002642581404933685
baseline_real_national_nonfood,200000.0,beef,牛肉,milk,奶类,False,0.0011965371301390021,0.0003120151614973262,extrapolation,0.00020837226479418874
baseline_real_national_nonfood,200000.0,beef,牛肉,nonfood,其他/未覆盖支出,False,0.0011965371301390021,0.985638206187876,extrapolation,0.9899380084697387
baseline_real_national_nonfood,200000.0,mutton,羊肉,grain,粮食/主粮,False,0.00038709116737872427,0.0013227242573849076,extrapolation,1.1505184442445922e-06
baseline_real_national_nonfood,200000.0,mutton,羊肉,oil,食用油,False,0.00038709116737872427,0.0034057072057857387,extrapolation,1.3315419425864718e-06
baseline_real_national_nonfood,200000.0,mutton,羊肉,vegetable,蔬菜,False,0.00038709116737872427,0.0009030812776199234,extrapolation,6.179490739295592e-05
baseline_real_national_nonfood,200000.0,mutton,羊肉,fruit,水果,False,0.00038709116737872427,0.0021379193027919563,extrapolation,0.00020105824628484186
baseline_real_national_nonfood,200000.0,mutton,羊肉,pork,猪肉,False,0.00038709116737872427,0.0023044673503931786,extrapolation,0.00038682938834655277
baseline_real_national_nonfood,200000.0,mutton,羊肉,beef,牛肉,False,0.00038709116737872427,0.0011965371301390021,extrapolation,0.00027327923020553294
baseline_real_national_nonfood,200000.0,mutton,羊肉,mutton,羊肉,True,0.00038709116737872427,0.00038709116737872427,extrapolation,-0.21762093383067213
baseline_real_national_nonfood,200000.0,mutton,羊肉,poultry,禽肉,False,0.00038709116737872427,0.000675918715539765,extrapolation,4.924185978947879e-05
baseline_real_national_nonfood,200000.0,mutton,羊肉,aquatic,水产品,False,0.00038709116737872427,0.001292348561204846,extrapolation,0.0002944378514602581
baseline_real_national_nonfood,200000.0,mutton,羊肉,egg,蛋类,False,0.00038709116737872427,0.00042398368238857887,extrapolation,5.7726284179738134e-05
baseline_real_national_nonfood,200000.0,mutton,羊肉,milk,奶类,False,0.00038709116737872427,0.0003120151614973262,extrapolation,4.551820711587317e-05
baseline_real_national_nonfood,200000.0,mutton,羊肉,nonfood,其他/未覆盖支出,False,0.00038709116737872427,0.985638206187876,extrapolation,0.21624856418791444
baseline_real_national_nonfood,200000.0,poultry,禽肉,grain,粮食/主粮,False,0.000675918715539765,0.0013227242573849076,extrapolation,1.6799898672399998e-06
baseline_real_national_nonfood,200000.0,poultry,禽肉,oil,食用油,False,0.000675918715539765,0.0034057072057857387,extrapolation,1.9443277628290376e-06
baseline_real_national_nonfood,200000.0,poultry,禽肉,vegetable,蔬菜,False,0.000675918715539765,0.0009030812776199234,extrapolation,9.023331514084667e-05
baseline_real_national_nonfood,200000.0,poultry,禽肉,fruit,水果,False,0.000675918715539765,0.0021379193027919563,extrapolation,0.0002935865477883962
baseline_real_national_nonfood,200000.0,poultry,禽肉,pork,猪肉,False,0.000675918715539765,0.0023044673503931786,extrapolation,0.0005648507580411049
baseline_real_national_nonfood,200000.0,poultry,禽肉,beef,牛肉,False,0.000675918715539765,0.0011965371301390021,extrapolation,0.00039904409160616746
baseline_real_national_nonfood,200000.0,poultry,禽肉,mutton,羊肉,False,0.000675918715539765,0.00038709116737872427,extrapolation,2.8200266961684483e-05
baseline_real_national_nonfood,200000.0,poultry,禽肉,poultry,禽肉,True,0.000675918715539765,0.000675918715539765,extrapolation,-0.31772778367774024
baseline_real_national_nonfood,200000.0,poultry,禽肉,aquatic,水产品,False,0.000675918715539765,0.001292348561204846,extrapolation,0.0004299400476659239
baseline_real_national_nonfood,200000.0,poultry,禽肉,egg,蛋类,False,0.000675918715539765,0.00042398368238857887,extrapolation,8.42922945239061e-05
baseline_real_national_nonfood,200000.0,poultry,禽肉,milk,奶类,False,0.000675918715539765,0.0003120151614973262,extrapolation,6.646598014430558e-05
baseline_real_national_nonfood,200000.0,poultry,禽肉,nonfood,其他/未覆盖支出,False,0.000675918715539765,0.985638206187876,extrapolation,0.3157675440376414
baseline_real_national_nonfood,200000.0,aquatic,水产品,grain,粮食/主粮,False,0.001292348561204846,0.0013227242573849076,extrapolation,5.25389256170283e-06
baseline_real_national_nonfood,200000.0,aquatic,水产品,oil,食用油,False,0.001292348561204846,0.0034057072057857387,extrapolation,6.080558313763625e-06
baseline_real_national_nonfood,200000.0,aquatic,水产品,vegetable,蔬菜,False,0.001292348561204846,0.0009030812776199234,extrapolation,0.00028218956603227776
baseline_real_national_nonfood,200000.0,aquatic,水产品,fruit,水果,False,0.001292348561204846,0.0021379193027919563,extrapolation,0.0009181427117160998
baseline_real_national_nonfood,200000.0,aquatic,水产品,pork,猪肉,False,0.001292348561204846,0.0023044673503931786,extrapolation,0.0017664760440501525
baseline_real_national_nonfood,200000.0,aquatic,水产品,beef,牛肉,False,0.001292348561204846,0.0011965371301390021,extrapolation,0.0012479434935775227
baseline_real_national_nonfood,200000.0,aquatic,水产品,mutton,羊肉,False,0.001292348561204846,0.00038709116737872427,extrapolation,8.819160922502956e-05
baseline_real_national_nonfood,200000.0,aquatic,水产品,poultry,禽肉,False,0.001292348561204846,0.000675918715539765,extrapolation,0.00022486544281400642
baseline_real_national_nonfood,200000.0,aquatic,水产品,aquatic,水产品,True,0.001292348561204846,0.001292348561204846,extrapolation,-0.9925206724564709
baseline_real_national_nonfood,200000.0,aquatic,水产品,egg,蛋类,False,0.001292348561204846,0.00042398368238857887,extrapolation,0.0002636100145601639
baseline_real_national_nonfood,200000.0,aquatic,水产品,milk,奶类,False,0.001292348561204846,0.0003120151614973262,extrapolation,0.00020786120795609526
baseline_real_national_nonfood,200000.0,aquatic,水产品,nonfood,其他/未覆盖支出,False,0.001292348561204846,0.985638206187876,extrapolation,0.9875100583132103
baseline_real_national_nonfood,200000.0,egg,蛋类,grain,粮食/主粮,False,0.00042398368238857887,0.0013227242573849076,extrapolation,3.1397262257785863e-06
baseline_real_national_nonfood,200000.0,egg,蛋类,oil,食用油,False,0.00042398368238857887,0.0034057072057857387,extrapolation,3.6337424611421857e-06
baseline_real_national_nonfood,200000.0,egg,蛋类,vegetable,蔬菜,False,0.00042398368238857887,0.0009030812776199234,extrapolation,0.00016863645238195576
baseline_real_national_nonfood,200000.0,egg,蛋类,fruit,水果,False,0.00042398368238857887,0.0021379193027919563,extrapolation,0.0005486819817446677
baseline_real_national_nonfood,200000.0,egg,蛋类,pork,猪肉,False,0.00042398368238857887,0.0023044673503931786,extrapolation,0.0010556458815366783
baseline_real_national_nonfood,200000.0,egg,蛋类,beef,牛肉,False,0.00042398368238857887,0.0011965371301390021,extrapolation,0.000745770891008062
baseline_real_national_nonfood,200000.0,egg,蛋类,mutton,羊肉,False,0.00042398368238857887,0.00038709116737872427,extrapolation,5.270329359889072e-05
baseline_real_national_nonfood,200000.0,egg,蛋类,poultry,禽肉,False,0.00042398368238857887,0.000675918715539765,extrapolation,0.00013437956381091105
baseline_real_national_nonfood,200000.0,egg,蛋类,aquatic,水产品,False,0.00042398368238857887,0.001292348561204846,extrapolation,0.0008035121386445884
baseline_real_national_nonfood,200000.0,egg,蛋类,egg,蛋类,True,0.00042398368238857887,0.00042398368238857887,extrapolation,-0.5937762210427296
baseline_real_national_nonfood,200000.0,egg,蛋类,milk,奶类,False,0.00042398368238857887,0.0003120151614973262,extrapolation,0.00012421783462907563
baseline_real_national_nonfood,200000.0,egg,蛋类,nonfood,其他/未覆盖支出,False,0.00042398368238857887,0.985638206187876,extrapolation,0.5901358974535119
baseline_real_national_nonfood,200000.0,milk,奶类,grain,粮食/主粮,False,0.0003120151614973262,0.0013227242573849076,extrapolation,3.3641617435945923e-06
baseline_real_national_nonfood,200000.0,milk,奶类,oil,食用油,False,0.0003120151614973262,0.0034057072057857387,extrapolation,3.8934845781822525e-06
baseline_real_national_nonfood,200000.0,milk,奶类,vegetable,蔬菜,False,0.0003120151614973262,0.0009030812776199234,extrapolation,0.00018069096019882522
baseline_real_national_nonfood,200000.0,milk,奶类,fruit,水果,False,0.0003120151614973262,0.0021379193027919563,extrapolation,0.0005879029882377886
baseline_real_national_nonfood,200000.0,milk,奶类,pork,猪肉,False,0.0003120151614973262,0.0023044673503931786,extrapolation,0.0011311057963486041
baseline_real_national_nonfood,200000.0,milk,奶类,beef,牛肉,False,0.0003120151614973262,0.0011965371301390021,extrapolation,0.0007990802549628128
baseline_real_national_nonfood,200000.0,milk,奶类,mutton,羊肉,False,0.0003120151614973262,0.00038709116737872427,extrapolation,5.647064335391847e-05
baseline_real_national_nonfood,200000.0,milk,奶类,poultry,禽肉,False,0.0003120151614973262,0.000675918715539765,extrapolation,0.0001439853136205743
baseline_real_national_nonfood,200000.0,milk,奶类,aquatic,水产品,False,0.0003120151614973262,0.001292348561204846,extrapolation,0.0008609489683195034
baseline_real_national_nonfood,200000.0,milk,奶类,egg,蛋类,False,0.0003120151614973262,0.00042398368238857887,extrapolation,0.0001687941471148843
baseline_real_national_nonfood,200000.0,milk,奶类,milk,奶类,True,0.0003120151614973262,0.0003120151614973262,extrapolation,-0.6362563624200533
baseline_real_national_nonfood,200000.0,milk,奶类,nonfood,其他/未覆盖支出,False,0.0003120151614973262,0.985638206187876,extrapolation,0.6323201236664546
baseline_real_national_nonfood,200000.0,nonfood,其他/未覆盖支出,grain,粮食/主粮,False,0.985638206187876,0.0013227242573849076,extrapolation,5.059443242100975e-06
baseline_real_national_nonfood,200000.0,nonfood,其他/未覆盖支出,oil,食用油,False,0.985638206187876,0.0034057072057857387,extrapolation,5.855526625198667e-06
baseline_real_national_nonfood,200000.0,nonfood,其他/未覆盖支出,vegetable,蔬菜,False,0.985638206187876,0.0009030812776199234,extrapolation,0.00027174570098257396
baseline_real_national_nonfood,200000.0,nonfood,其他/未覆盖支出,fruit,水果,False,0.985638206187876,0.0021379193027919563,extrapolation,0.0008841621536204111
baseline_real_national_nonfood,200000.0,nonfood,其他/未覆盖支出,pork,猪肉,False,0.985638206187876,0.0023044673503931786,extrapolation,0.0017010985645447493
baseline_real_national_nonfood,200000.0,nonfood,其他/未覆盖支出,beef,牛肉,False,0.985638206187876,0.0011965371301390021,extrapolation,0.0012017569699301937
baseline_real_national_nonfood,200000.0,nonfood,其他/未覆盖支出,mutton,羊肉,False,0.985638206187876,0.00038709116737872427,extrapolation,8.492762635221147e-05
baseline_real_national_nonfood,200000.0,nonfood,其他/未覆盖支出,poultry,禽肉,False,0.985638206187876,0.000675918715539765,extrapolation,0.0002165431431862017
baseline_real_national_nonfood,200000.0,nonfood,其他/未覆盖支出,aquatic,水产品,False,0.985638206187876,0.001292348561204846,extrapolation,0.0012948028921097468
baseline_real_national_nonfood,200000.0,nonfood,其他/未覆盖支出,egg,蛋类,False,0.985638206187876,0.00042398368238857887,extrapolation,0.0002538537890091581
baseline_real_national_nonfood,200000.0,nonfood,其他/未覆盖支出,milk,奶类,False,0.985638206187876,0.0003120151614973262,extrapolation,0.00020016824421024567
baseline_real_national_nonfood,200000.0,nonfood,其他/未覆盖支出,nonfood,其他/未覆盖支出,True,0.985638206187876,0.985638206187876,extrapolation,-0.006119973907304788
