variant,model,train_years,test_years,obs_id,province,year,group,observed_x,predicted_x,error,u
baseline_real_national_nonfood,AIDADS_sat,2015-2022,2023,11_2023,11,2023,grain,0.28137973277819794,0.410626798944976,-0.12924706616677806,3.772897197982613
baseline_real_national_nonfood,AIDADS_sat,2015-2022,2023,11_2023,11,2023,oil,0.07752926983561644,0.12630828304866026,-0.04877901321304383,3.772897197982613
baseline_real_national_nonfood,AIDADS_sat,2015-2022,2023,11_2023,11,2023,vegfruit,0.0625574987029863,0.05131724268173513,0.011240256021251165,3.772897197982613
baseline_real_national_nonfood,AIDADS_sat,2015-2022,2023,11_2023,11,2023,meatsea,0.13128432947763014,0.11555964705775232,0.015724682419877817,3.772897197982613
baseline_real_national_nonfood,AIDADS_sat,2015-2022,2023,11_2023,11,2023,dairyegg,0.04753628683583561,0.03002206578733113,0.01751422104850448,3.772897197982613
baseline_real_national_nonfood,AIDADS_sat,2015-2022,2023,11_2023,11,2023,nonfood,398.3502952806045,396.7483022757681,1.6019930048364017,3.772897197982613
baseline_real_national_nonfood,AIDADS_sat,2015-2022,2023,12_2023,12,2023,grain,0.3017694690540021,0.42665731876377777,-0.12488784970977568,3.342707562119579
baseline_real_national_nonfood,AIDADS_sat,2015-2022,2023,12_2023,12,2023,oil,0.09093333591369862,0.12630929309368236,-0.035375957179983736,3.342707562119579
baseline_real_national_nonfood,AIDADS_sat,2015-2022,2023,12_2023,12,2023,vegfruit,0.065562965456863,0.05131670815332544,0.014246257303537568,3.342707562119579
baseline_real_national_nonfood,AIDADS_sat,2015-2022,2023,12_2023,12,2023,meatsea,0.1351317642830822,0.12056054053180296,0.014571223751279255,3.342707562119579
baseline_real_national_nonfood,AIDADS_sat,2015-2022,2023,12_2023,12,2023,dairyegg,0.04805397479747945,0.030819493625675955,0.017234481171803494,3.342707562119579
baseline_real_national_nonfood,AIDADS_sat,2015-2022,2023,12_2023,12,2023,nonfood,281.5967181490573,280.9825044263773,0.614213722680006,3.342707562119579
baseline_real_national_nonfood,AIDADS_sat,2015-2022,2023,13_2023,13,2023,grain,0.5269987324502501,0.4477653384153123,0.07923339403493779,2.7115633443935208
baseline_real_national_nonfood,AIDADS_sat,2015-2022,2023,13_2023,13,2023,oil,0.1115451541479452,0.12631403201383684,-0.014768877865891636,2.7115633443935208
baseline_real_national_nonfood,AIDADS_sat,2015-2022,2023,13_2023,13,2023,vegfruit,0.07511302484430137,0.05131824582675287,0.023794779017548492,2.7115633443935208
baseline_real_national_nonfood,AIDADS_sat,2015-2022,2023,13_2023,13,2023,meatsea,0.16028113116310966,0.15211335528367695,0.00816777587943271,2.7115633443935208
baseline_real_national_nonfood,AIDADS_sat,2015-2022,2023,13_2023,13,2023,dairyegg,0.05662655921161643,0.03158859367188,0.02503796553973643,2.7115633443935208
baseline_real_national_nonfood,AIDADS_sat,2015-2022,2023,13_2023,13,2023,nonfood,176.00184298091688,178.57316007854723,-2.571317097630356,2.7115633443935208
baseline_real_national_nonfood,AIDADS_sat,2015-2022,2023,14_2023,14,2023,grain,0.3493339851388695,0.45535423446184914,-0.10602024932297965,2.474611654918636
baseline_real_national_nonfood,AIDADS_sat,2015-2022,2023,14_2023,14,2023,oil,0.10038829614657534,0.12631599069401742,-0.02592769454744208,2.474611654918636
baseline_real_national_nonfood,AIDADS_sat,2015-2022,2023,14_2023,14,2023,vegfruit,0.05101385413653424,0.051318573513432414,-0.0003047193768981743,2.474611654918636
baseline_real_national_nonfood,AIDADS_sat,2015-2022,2023,14_2023,14,2023,meatsea,0.08863286997327399,0.1676503712437874,-0.07901750127051341,2.474611654918636
baseline_real_national_nonfood,AIDADS_sat,2015-2022,2023,14_2023,14,2023,dairyegg,0.03985271954947944,0.03161157216913198,0.008241147380347466,2.474611654918636
baseline_real_national_nonfood,AIDADS_sat,2015-2022,2023,14_2023,14,2023,nonfood,158.38016345715857,153.68142130066315,4.6987421564954275,2.474611654918636
baseline_real_national_nonfood,AIDADS_sat,2015-2022,2023,15_2023,15,2023,grain,0.5186264683569439,0.43964599123880044,0.07898047711814349,2.9999460139286356
baseline_real_national_nonfood,AIDADS_sat,2015-2022,2023,15_2023,15,2023,oil,0.09135150362876714,0.12631403160819782,-0.03496252797943068,2.9999460139286356
baseline_real_national_nonfood,AIDADS_sat,2015-2022,2023,15_2023,15,2023,vegfruit,0.06857129828832877,0.05131664380405352,0.017254654484275246,2.9999460139286356
baseline_real_national_nonfood,AIDADS_sat,2015-2022,2023,15_2023,15,2023,meatsea,0.18926551032261646,0.13128093383338316,0.0579845764892333,2.9999460139286356
baseline_real_national_nonfood,AIDADS_sat,2015-2022,2023,15_2023,15,2023,dairyegg,0.04939948714739725,0.029517814294087147,0.019881672853310106,2.9999460139286356
baseline_real_national_nonfood,AIDADS_sat,2015-2022,2023,15_2023,15,2023,nonfood,214.31495942505026,217.94282373467215,-3.6278643096218843,2.9999460139286356
baseline_real_national_nonfood,AIDADS_sat,2015-2022,2023,21_2023,21,2023,grain,0.4482158434225516,0.4448528435607827,0.0033629998617689116,2.858779382085208
baseline_real_national_nonfood,AIDADS_sat,2015-2022,2023,21_2023,21,2023,oil,0.12459337368904108,0.12631138400473502,-0.0017180103156939353,2.858779382085208
baseline_real_national_nonfood,AIDADS_sat,2015-2022,2023,21_2023,21,2023,vegfruit,0.06944341088241096,0.05131866979343077,0.01812474108898019,2.858779382085208
baseline_real_national_nonfood,AIDADS_sat,2015-2022,2023,21_2023,21,2023,meatsea,0.19865744903054797,0.14967695887383917,0.0489804901567088,2.858779382085208
baseline_real_national_nonfood,AIDADS_sat,2015-2022,2023,21_2023,21,2023,dairyegg,0.047527092968109586,0.031024320627611606,0.01650277234049798,2.858779382085208
baseline_real_national_nonfood,AIDADS_sat,2015-2022,2023,21_2023,21,2023,nonfood,193.3894463958607,196.92505413089845,-3.5356077350377575,2.858779382085208
baseline_real_national_nonfood,AIDADS_sat,2015-2022,2023,22_2023,22,2023,grain,0.4326623341718301,0.44752859901452857,-0.014866264842698484,2.597813193101709
baseline_real_national_nonfood,AIDADS_sat,2015-2022,2023,22_2023,22,2023,oil,0.14395390336849315,0.12631485966287642,0.017639043705616725,2.597813193101709
baseline_real_national_nonfood,AIDADS_sat,2015-2022,2023,22_2023,22,2023,vegfruit,0.054236043740945206,0.05131712230408159,0.0029189214368636127,2.597813193101709
baseline_real_national_nonfood,AIDADS_sat,2015-2022,2023,22_2023,22,2023,meatsea,0.1538538321231781,0.14826881130454211,0.005585020818635988,2.597813193101709
baseline_real_national_nonfood,AIDADS_sat,2015-2022,2023,22_2023,22,2023,dairyegg,0.03416256017775342,0.03170961872594617,0.0024529414518072445,2.597813193101709
baseline_real_national_nonfood,AIDADS_sat,2015-2022,2023,22_2023,22,2023,nonfood,164.99754736094945,166.36540770510948,-1.3678603441600217,2.597813193101709
baseline_real_national_nonfood,AIDADS_sat,2015-2022,2023,23_2023,23,2023,grain,0.4431536385345431,0.4347416617477285,0.008411976786814601,2.6595103242196236
baseline_real_national_nonfood,AIDADS_sat,2015-2022,2023,23_2023,23,2023,oil,0.1860084683506849,0.12631263760088812,0.059695830749796785,2.6595103242196236
baseline_real_national_nonfood,AIDADS_sat,2015-2022,2023,23_2023,23,2023,vegfruit,0.062381404409041094,0.05131808159418202,0.011063322814859076,2.6595103242196236
baseline_real_national_nonfood,AIDADS_sat,2015-2022,2023,23_2023,23,2023,meatsea,0.17131112885102742,0.15553355859597442,0.015777570255052997,2.6595103242196236
baseline_real_national_nonfood,AIDADS_sat,2015-2022,2023,23_2023,23,2023,dairyegg,0.038324616552109586,0.03177336399566387,0.006551252556445716,2.6595103242196236
baseline_real_national_nonfood,AIDADS_sat,2015-2022,2023,23_2023,23,2023,nonfood,167.69586208783898,172.71266056006363,-5.01679847222465,2.6595103242196236
baseline_real_national_nonfood,AIDADS_sat,2015-2022,2023,31_2023,31,2023,grain,0.3046172489526769,0.3920005406773688,-0.08738329172469189,3.876695426737485
baseline_real_national_nonfood,AIDADS_sat,2015-2022,2023,31_2023,31,2023,oil,0.11003478931232877,0.1263202843435922,-0.01628549503126342,3.876695426737485
baseline_real_national_nonfood,AIDADS_sat,2015-2022,2023,31_2023,31,2023,vegfruit,0.05266247044931507,0.05131471427916169,0.001347756170153376,3.876695426737485
baseline_real_national_nonfood,AIDADS_sat,2015-2022,2023,31_2023,31,2023,meatsea,0.18150147105195896,0.11232052038319448,0.06918095066876448,3.876695426737485
baseline_real_national_nonfood,AIDADS_sat,2015-2022,2023,31_2023,31,2023,dairyegg,0.044022094586520545,0.028835568368170715,0.01518652621834983,3.876695426737485
baseline_real_national_nonfood,AIDADS_sat,2015-2022,2023,31_2023,31,2023,nonfood,430.00072785910294,433.15419304422215,-3.1534651851192166,3.876695426737485
baseline_real_national_nonfood,AIDADS_sat,2015-2022,2023,32_2023,32,2023,grain,0.42038185208599765,0.3916726701540587,0.028709181931938943,3.3465656870702327
baseline_real_national_nonfood,AIDADS_sat,2015-2022,2023,32_2023,32,2023,oil,0.10482833522465752,0.12631224336174005,-0.021483908137082522,3.3465656870702327
baseline_real_national_nonfood,AIDADS_sat,2015-2022,2023,32_2023,32,2023,vegfruit,0.0629273659289178,0.05131652398622935,0.011610841942688452,3.3465656870702327
baseline_real_national_nonfood,AIDADS_sat,2015-2022,2023,32_2023,32,2023,meatsea,0.22168520943604111,0.1332967056116174,0.0883885038244237,3.3465656870702327
baseline_real_national_nonfood,AIDADS_sat,2015-2022,2023,32_2023,32,2023,dairyegg,0.04470841889435617,0.030271907943737037,0.014436510950619135,3.3465656870702327
baseline_real_national_nonfood,AIDADS_sat,2015-2022,2023,32_2023,32,2023,nonfood,277.13864203185176,281.5256959016148,-4.387053869763065,3.3465656870702327
baseline_real_national_nonfood,AIDADS_sat,2015-2022,2023,33_2023,33,2023,grain,0.4115122017459172,0.40670863723808315,0.004803564507834035,3.5844083890790994
baseline_real_national_nonfood,AIDADS_sat,2015-2022,2023,33_2023,33,2023,oil,0.12016582347945204,0.12631196431234723,-0.006146140832895192,3.5844083890790994
baseline_real_national_nonfood,AIDADS_sat,2015-2022,2023,33_2023,33,2023,vegfruit,0.059904608698041095,0.05131378953452109,0.008590819163520003,3.5844083890790994
baseline_real_national_nonfood,AIDADS_sat,2015-2022,2023,33_2023,33,2023,meatsea,0.2265587656072603,0.12384779640088137,0.10271096920637893,3.5844083890790994
baseline_real_national_nonfood,AIDADS_sat,2015-2022,2023,33_2023,33,2023,dairyegg,0.03514157751276713,0.02942148793987099,0.005720089572896138,3.5844083890790994
baseline_real_national_nonfood,AIDADS_sat,2015-2022,2023,33_2023,33,2023,nonfood,333.9003676397869,339.73507627226576,-5.834708632478851,3.5844083890790994
baseline_real_national_nonfood,AIDADS_sat,2015-2022,2023,34_2023,34,2023,grain,0.45247447579046796,0.4369880189129056,0.015486456877562338,2.7730593386060667
baseline_real_national_nonfood,AIDADS_sat,2015-2022,2023,34_2023,34,2023,oil,0.11507616617671233,0.12631633796047015,-0.011240171783757816,2.7730593386060667
baseline_real_national_nonfood,AIDADS_sat,2015-2022,2023,34_2023,34,2023,vegfruit,0.06472518893076712,0.05131727737496221,0.01340791155580491,2.7730593386060667
baseline_real_national_nonfood,AIDADS_sat,2015-2022,2023,34_2023,34,2023,meatsea,0.21331682593776713,0.15167410638877557,0.06164271954899156,2.7730593386060667
baseline_real_national_nonfood,AIDADS_sat,2015-2022,2023,34_2023,34,2023,dairyegg,0.041462645613917805,0.030899774903256808,0.010562870710660997,2.7730593386060667
baseline_real_national_nonfood,AIDADS_sat,2015-2022,2023,34_2023,34,2023,nonfood,182.6949736293831,185.9818740631247,-3.2869004337416072,2.7730593386060667
baseline_real_national_nonfood,AIDADS_sat,2015-2022,2023,35_2023,35,2023,grain,0.3967453296684574,0.3933275731942839,0.0034177564741734723,3.2474110909919514
baseline_real_national_nonfood,AIDADS_sat,2015-2022,2023,35_2023,35,2023,oil,0.13546492139589042,0.12631093946141128,0.009153981934479138,3.2474110909919514
baseline_real_national_nonfood,AIDADS_sat,2015-2022,2023,35_2023,35,2023,vegfruit,0.05395749679835616,0.05131479113801397,0.002642705660342193,3.2474110909919514
baseline_real_national_nonfood,AIDADS_sat,2015-2022,2023,35_2023,35,2023,meatsea,0.24744111862497262,0.1355058317134754,0.1119352869114972,3.2474110909919514
baseline_real_national_nonfood,AIDADS_sat,2015-2022,2023,35_2023,35,2023,dairyegg,0.03561157422717808,0.02983946323343262,0.005772110993745461,3.2474110909919514
baseline_real_national_nonfood,AIDADS_sat,2015-2022,2023,35_2023,35,2023,nonfood,255.2738942000855,261.04995997302086,-5.776065772935368,3.2474110909919514
baseline_real_national_nonfood,AIDADS_sat,2015-2022,2023,36_2023,36,2023,grain,0.48706105765227276,0.4060823678499845,0.08097868980228823,2.732772213606915
baseline_real_national_nonfood,AIDADS_sat,2015-2022,2023,36_2023,36,2023,oil,0.1690546199917808,0.12632305410280503,0.04273156588897578,2.732772213606915
baseline_real_national_nonfood,AIDADS_sat,2015-2022,2023,36_2023,36,2023,vegfruit,0.06309015145158904,0.05131623971075494,0.0117739117408341,2.732772213606915
baseline_real_national_nonfood,AIDADS_sat,2015-2022,2023,36_2023,36,2023,meatsea,0.25439603889413703,0.15568429355101107,0.09871174534312596,2.732772213606915
baseline_real_national_nonfood,AIDADS_sat,2015-2022,2023,36_2023,36,2023,dairyegg,0.032848936460931503,0.030628564526168155,0.002220371934763349,2.732772213606915
baseline_real_national_nonfood,AIDADS_sat,2015-2022,2023,36_2023,36,2023,nonfood,173.90048514543264,181.28855924018347,-7.388074094750834,2.732772213606915
baseline_real_national_nonfood,AIDADS_sat,2015-2022,2023,37_2023,37,2023,grain,0.39269666546388443,0.44689855835055137,-0.054201892886666936,2.797714620051207
baseline_real_national_nonfood,AIDADS_sat,2015-2022,2023,37_2023,37,2023,oil,0.09746732962602739,0.1263190241453362,-0.0288516945193088,2.797714620051207
baseline_real_national_nonfood,AIDADS_sat,2015-2022,2023,37_2023,37,2023,vegfruit,0.06651249681372604,0.05131718139600891,0.015195315417717126,2.797714620051207
baseline_real_national_nonfood,AIDADS_sat,2015-2022,2023,37_2023,37,2023,meatsea,0.17029639338220554,0.14545354593187113,0.02484284745033441,2.797714620051207
baseline_real_national_nonfood,AIDADS_sat,2015-2022,2023,37_2023,37,2023,dairyegg,0.058263631117260274,0.0317275975059144,0.026536033611345877,2.797714620051207
baseline_real_national_nonfood,AIDADS_sat,2015-2022,2023,37_2023,37,2023,nonfood,188.01122421778086,189.1751781023456,-1.1639538845647337,2.797714620051207
baseline_real_national_nonfood,AIDADS_sat,2015-2022,2023,41_2023,41,2023,grain,0.46439826078553464,0.4572570731361112,0.007141187649423453,2.5721563707733512
baseline_real_national_nonfood,AIDADS_sat,2015-2022,2023,41_2023,41,2023,oil,0.10180405841917807,0.12631363628018974,-0.02450957786101167,2.5721563707733512
baseline_real_national_nonfood,AIDADS_sat,2015-2022,2023,41_2023,41,2023,vegfruit,0.06548803155861643,0.05131969587901553,0.0141683356796009,2.5721563707733512
baseline_real_national_nonfood,AIDADS_sat,2015-2022,2023,41_2023,41,2023,meatsea,0.15989518055849314,0.1601629543799205,-0.0002677738214273695,2.5721563707733512
baseline_real_national_nonfood,AIDADS_sat,2015-2022,2023,41_2023,41,2023,dairyegg,0.054989241862794525,0.032021182548688285,0.02296805931410624,2.5721563707733512
baseline_real_national_nonfood,AIDADS_sat,2015-2022,2023,41_2023,41,2023,nonfood,162.97454306614893,163.22570913252667,-0.2511660663777491,2.5721563707733512
baseline_real_national_nonfood,AIDADS_sat,2015-2022,2023,42_2023,42,2023,grain,0.35900508915866297,0.42020519191006844,-0.06120010275140547,2.9903366344069564
baseline_real_national_nonfood,AIDADS_sat,2015-2022,2023,42_2023,42,2023,oil,0.17076300852328768,0.12631534879381243,0.04444765972947526,2.9903366344069564
baseline_real_national_nonfood,AIDADS_sat,2015-2022,2023,42_2023,42,2023,vegfruit,0.05862012852983561,0.051316866227799275,0.007303262302036338,2.9903366344069564
baseline_real_national_nonfood,AIDADS_sat,2015-2022,2023,42_2023,42,2023,meatsea,0.1972345682561781,0.1526958466490089,0.04453872160716921,2.9903366344069564
baseline_real_national_nonfood,AIDADS_sat,2015-2022,2023,42_2023,42,2023,dairyegg,0.026845351222575344,0.030336813491165508,-0.0034914622685901647,2.9903366344069564
baseline_real_national_nonfood,AIDADS_sat,2015-2022,2023,42_2023,42,2023,nonfood,211.95131532668324,215.7276322677879,-3.7763169411046533,2.9903366344069564
baseline_real_national_nonfood,AIDADS_sat,2015-2022,2023,43_2023,43,2023,grain,0.4424136004734151,0.420319787244646,0.022093813228769077,2.900146326956392
baseline_real_national_nonfood,AIDADS_sat,2015-2022,2023,43_2023,43,2023,oil,0.1499261566438356,0.12631873172822675,0.023607424915608854,2.900146326956392
baseline_real_national_nonfood,AIDADS_sat,2015-2022,2023,43_2023,43,2023,vegfruit,0.05924536324506849,0.05131570026672159,0.0079296629783469,2.900146326956392
baseline_real_national_nonfood,AIDADS_sat,2015-2022,2023,43_2023,43,2023,meatsea,0.24691580422597265,0.14413555852888346,0.10278024569708918,2.900146326956392
baseline_real_national_nonfood,AIDADS_sat,2015-2022,2023,43_2023,43,2023,dairyegg,0.02867275097786301,0.030307969384823052,-0.0016352184069600428,2.900146326956392
baseline_real_national_nonfood,AIDADS_sat,2015-2022,2023,43_2023,43,2023,nonfood,196.84334639326477,202.98007369547426,-6.1367273022094935,2.900146326956392
baseline_real_national_nonfood,AIDADS_sat,2015-2022,2023,44_2023,44,2023,grain,0.35144269260178473,0.39799455974076237,-0.04655186713897763,3.301535238678892
baseline_real_national_nonfood,AIDADS_sat,2015-2022,2023,44_2023,44,2023,oil,0.11737868737808219,0.1263148863245757,-0.008936198946493501,3.301535238678892
baseline_real_national_nonfood,AIDADS_sat,2015-2022,2023,44_2023,44,2023,vegfruit,0.05155883859412329,0.0513140278388875,0.00024481075523578866,3.301535238678892
baseline_real_national_nonfood,AIDADS_sat,2015-2022,2023,44_2023,44,2023,meatsea,0.28829919883701377,0.12419494462143574,0.16410425421557803,3.301535238678892
baseline_real_national_nonfood,AIDADS_sat,2015-2022,2023,44_2023,44,2023,dairyegg,0.025651759792986305,0.029183146864349706,-0.0035313870713634017,3.301535238678892
baseline_real_national_nonfood,AIDADS_sat,2015-2022,2023,44_2023,44,2023,nonfood,265.1712049140535,272.4227017253271,-7.2514968112736256,3.301535238678892
baseline_real_national_nonfood,AIDADS_sat,2015-2022,2023,45_2023,45,2023,grain,0.37540283482835723,0.4453664723586759,-0.06996363753031865,2.4145121510638203
baseline_real_national_nonfood,AIDADS_sat,2015-2022,2023,45_2023,45,2023,oil,0.1110947912630137,0.12631683983440126,-0.01522204857138755,2.4145121510638203
baseline_real_national_nonfood,AIDADS_sat,2015-2022,2023,45_2023,45,2023,vegfruit,0.043824005092219176,0.05131693173752738,-0.007492926645308207,2.4145121510638203
baseline_real_national_nonfood,AIDADS_sat,2015-2022,2023,45_2023,45,2023,meatsea,0.233366925505548,0.15606693115917933,0.07729999434636867,2.4145121510638203
baseline_real_national_nonfood,AIDADS_sat,2015-2022,2023,45_2023,45,2023,dairyegg,0.01706144829720548,0.0304597459417989,-0.01339829764459342,2.4145121510638203
baseline_real_national_nonfood,AIDADS_sat,2015-2022,2023,45_2023,45,2023,nonfood,148.39213400992034,148.92321350473657,-0.5310794948162254,2.4145121510638203
baseline_real_national_nonfood,AIDADS_sat,2015-2022,2023,46_2023,46,2023,grain,0.307578305317757,0.41260741045645233,-0.10502910513869534,2.714392957310582
baseline_real_national_nonfood,AIDADS_sat,2015-2022,2023,46_2023,46,2023,oil,0.120353526,0.12631707341211706,-0.005963547412117062,2.714392957310582
baseline_real_national_nonfood,AIDADS_sat,2015-2022,2023,46_2023,46,2023,vegfruit,0.04742980548528768,0.05131605667433144,-0.00388625118904376,2.714392957310582
baseline_real_national_nonfood,AIDADS_sat,2015-2022,2023,46_2023,46,2023,meatsea,0.28521458967567126,0.12815658642515596,0.1570580032505153,2.714392957310582
baseline_real_national_nonfood,AIDADS_sat,2015-2022,2023,46_2023,46,2023,dairyegg,0.015380498997260274,0.029842258916235872,-0.014461759918975598,2.714392957310582
baseline_real_national_nonfood,AIDADS_sat,2015-2022,2023,46_2023,46,2023,nonfood,174.32097243347215,180.31204582629408,-5.9910733928219315,2.714392957310582
baseline_real_national_nonfood,AIDADS_sat,2015-2022,2023,50_2023,50,2023,grain,0.46049606103774166,0.4031413721869834,0.05735468885075823,2.9834787678926977
baseline_real_national_nonfood,AIDADS_sat,2015-2022,2023,50_2023,50,2023,oil,0.18314738435342465,0.12631280223460492,0.056834582118819726,2.9834787678926977
baseline_real_national_nonfood,AIDADS_sat,2015-2022,2023,50_2023,50,2023,vegfruit,0.06837373019984931,0.051316234186040054,0.017057496013809258,2.9834787678926977
baseline_real_national_nonfood,AIDADS_sat,2015-2022,2023,50_2023,50,2023,meatsea,0.29444893635217806,0.1657643940825468,0.12868454226963125,2.9834787678926977
baseline_real_national_nonfood,AIDADS_sat,2015-2022,2023,50_2023,50,2023,dairyegg,0.041191953430136985,0.029512426382021405,0.01167952704811558,2.9834787678926977
baseline_real_national_nonfood,AIDADS_sat,2015-2022,2023,50_2023,50,2023,nonfood,204.9230873662108,214.42597166606046,-9.502884299849654,2.9834787678926977
baseline_real_national_nonfood,AIDADS_sat,2015-2022,2023,51_2023,51,2023,grain,0.3878859813824683,0.4251067218940151,-0.03722074051154678,2.758307663915362
baseline_real_national_nonfood,AIDADS_sat,2015-2022,2023,51_2023,51,2023,oil,0.1418078748328767,0.12631194056737233,0.015495934265504385,2.758307663915362
baseline_real_national_nonfood,AIDADS_sat,2015-2022,2023,51_2023,51,2023,vegfruit,0.05487585882883561,0.05131666693581534,0.003559191893020272,2.758307663915362
baseline_real_national_nonfood,AIDADS_sat,2015-2022,2023,51_2023,51,2023,meatsea,0.2527003733934384,0.16068353410010444,0.09201683929333399,2.758307663915362
baseline_real_national_nonfood,AIDADS_sat,2015-2022,2023,51_2023,51,2023,dairyegg,0.030569266928986302,0.030214472235154628,0.0003547946938316747,2.758307663915362
baseline_real_national_nonfood,AIDADS_sat,2015-2022,2023,51_2023,51,2023,nonfood,179.92301189433695,183.98456085012836,-4.061548955791409,2.758307663915362
baseline_real_national_nonfood,AIDADS_sat,2015-2022,2023,52_2023,52,2023,grain,0.37584199448045486,0.4045332119931796,-0.028691217512724743,2.534920220524672
baseline_real_national_nonfood,AIDADS_sat,2015-2022,2023,52_2023,52,2023,oil,0.09838496586575342,0.12631232324155697,-0.027927357375803555,2.534920220524672
baseline_real_national_nonfood,AIDADS_sat,2015-2022,2023,52_2023,52,2023,vegfruit,0.04116452306167123,0.0513172604068684,-0.010152737345197164,2.534920220524672
baseline_real_national_nonfood,AIDADS_sat,2015-2022,2023,52_2023,52,2023,meatsea,0.17181017149100003,0.1757245180437591,-0.003914346552759074,2.534920220524672
baseline_real_national_nonfood,AIDADS_sat,2015-2022,2023,52_2023,52,2023,dairyegg,0.014689036060054795,0.030269886501411016,-0.015580850441356221,2.534920220524672
baseline_real_national_nonfood,AIDADS_sat,2015-2022,2023,52_2023,52,2023,nonfood,162.93482729387534,159.55127613140004,3.3835511624752996,2.534920220524672
baseline_real_national_nonfood,AIDADS_sat,2015-2022,2023,53_2023,53,2023,grain,0.3867426163660408,0.4301373486287962,-0.04339473226275542,2.595653409837081
baseline_real_national_nonfood,AIDADS_sat,2015-2022,2023,53_2023,53,2023,oil,0.08333861358082191,0.1263180741575951,-0.042979460576773196,2.595653409837081
baseline_real_national_nonfood,AIDADS_sat,2015-2022,2023,53_2023,53,2023,vegfruit,0.05126555375045205,0.05131888985082755,-5.333610037549369e-05,2.595653409837081
baseline_real_national_nonfood,AIDADS_sat,2015-2022,2023,53_2023,53,2023,meatsea,0.21070370897102741,0.16313860379381617,0.04756510517721124,2.595653409837081
baseline_real_national_nonfood,AIDADS_sat,2015-2022,2023,53_2023,53,2023,dairyegg,0.02035924537117808,0.029951507768660533,-0.009592262397482454,2.595653409837081
baseline_real_national_nonfood,AIDADS_sat,2015-2022,2023,53_2023,53,2023,nonfood,166.93767090485147,165.77807787221138,1.159593032640089,2.595653409837081
baseline_real_national_nonfood,AIDADS_sat,2015-2022,2023,54_2023,54,2023,grain,0.5186482349058573,0.46540850914427845,0.05323972576157887,1.9767908022409117
baseline_real_national_nonfood,AIDADS_sat,2015-2022,2023,54_2023,54,2023,oil,0.21030453973972604,0.12632965903858523,0.08397488070114081,1.9767908022409117
baseline_real_national_nonfood,AIDADS_sat,2015-2022,2023,54_2023,54,2023,vegfruit,0.024458300007643832,0.05131762876754973,-0.026859328759905897,1.9767908022409117
baseline_real_national_nonfood,AIDADS_sat,2015-2022,2023,54_2023,54,2023,meatsea,0.1008908341560274,0.09109612734523335,0.009794706810794043,1.9767908022409117
baseline_real_national_nonfood,AIDADS_sat,2015-2022,2023,54_2023,54,2023,dairyegg,0.011158204566136986,0.03095994947333771,-0.019801744907200724,1.9767908022409117
baseline_real_national_nonfood,AIDADS_sat,2015-2022,2023,54_2023,54,2023,nonfood,120.80589468442481,123.26543270969569,-2.4595380252708736,1.9767908022409117
baseline_real_national_nonfood,AIDADS_sat,2015-2022,2023,61_2023,61,2023,grain,0.44846948614476256,0.43755238215804565,0.010917103986716914,2.639927971935414
baseline_real_national_nonfood,AIDADS_sat,2015-2022,2023,61_2023,61,2023,oil,0.14446844721369861,0.12631331196048345,0.01815513525321516,2.639927971935414
baseline_real_national_nonfood,AIDADS_sat,2015-2022,2023,61_2023,61,2023,vegfruit,0.054538668786753425,0.05131843539586641,0.003220233390887013,2.639927971935414
baseline_real_national_nonfood,AIDADS_sat,2015-2022,2023,61_2023,61,2023,meatsea,0.11179258960361647,0.15979141264081578,-0.04799882303719931,2.639927971935414
baseline_real_national_nonfood,AIDADS_sat,2015-2022,2023,61_2023,61,2023,dairyegg,0.03393527041764383,0.030742214066878177,0.0031930563507656558,2.639927971935414
baseline_real_national_nonfood,AIDADS_sat,2015-2022,2023,61_2023,61,2023,nonfood,170.74154887329416,170.44622298799902,0.29532588529514214,2.639927971935414
baseline_real_national_nonfood,AIDADS_sat,2015-2022,2023,62_2023,62,2023,grain,0.4243009195253404,0.4461168749034588,-0.021815955378118423,2.3662210596685593
baseline_real_national_nonfood,AIDADS_sat,2015-2022,2023,62_2023,62,2023,oil,0.12414091700958906,0.12631534779143305,-0.0021744307818439973,2.3662210596685593
baseline_real_national_nonfood,AIDADS_sat,2015-2022,2023,62_2023,62,2023,vegfruit,0.04938608294468493,0.0513158060733166,-0.001929723128631669,2.3662210596685593
baseline_real_national_nonfood,AIDADS_sat,2015-2022,2023,62_2023,62,2023,meatsea,0.1129003161610548,0.15180520381994098,-0.03890488765888618,2.3662210596685593
baseline_real_national_nonfood,AIDADS_sat,2015-2022,2023,62_2023,62,2023,dairyegg,0.02624217486126027,0.030630204265805275,-0.004388029404545003,2.3662210596685593
baseline_real_national_nonfood,AIDADS_sat,2015-2022,2023,62_2023,62,2023,nonfood,147.3023978651329,145.05591446621486,2.2464833989180306,2.3662210596685593
baseline_real_national_nonfood,AIDADS_sat,2015-2022,2023,63_2023,63,2023,grain,0.3275575308775578,0.43302280280070504,-0.10546527192314725,2.415464164739184
baseline_real_national_nonfood,AIDADS_sat,2015-2022,2023,63_2023,63,2023,oil,0.11032837625342466,0.12631643665310333,-0.015988060399678664,2.415464164739184
baseline_real_national_nonfood,AIDADS_sat,2015-2022,2023,63_2023,63,2023,vegfruit,0.0339402547749041,0.05131778648029321,-0.01737753170538911,2.415464164739184
baseline_real_national_nonfood,AIDADS_sat,2015-2022,2023,63_2023,63,2023,meatsea,0.10840219123434247,0.11605378730818694,-0.007651596073844469,2.415464164739184
baseline_real_national_nonfood,AIDADS_sat,2015-2022,2023,63_2023,63,2023,dairyegg,0.02551890979079452,0.030270849267901127,-0.004751939477106608,2.415464164739184
baseline_real_national_nonfood,AIDADS_sat,2015-2022,2023,63_2023,63,2023,nonfood,155.08334189616642,151.13907657265838,3.9442653235080343,2.415464164739184
baseline_real_national_nonfood,AIDADS_sat,2015-2022,2023,64_2023,64,2023,grain,0.3362811380687421,0.4617869032520886,-0.1255057651833465,2.5865643501541156
baseline_real_national_nonfood,AIDADS_sat,2015-2022,2023,64_2023,64,2023,oil,0.11375094204246575,0.12631818937210498,-0.012567247329639236,2.5865643501541156
baseline_real_national_nonfood,AIDADS_sat,2015-2022,2023,64_2023,64,2023,vegfruit,0.05663366448654794,0.0513167293407192,0.00531693514582874,2.5865643501541156
baseline_real_national_nonfood,AIDADS_sat,2015-2022,2023,64_2023,64,2023,meatsea,0.08436359746371234,0.11298612524571452,-0.02862252778200218,2.5865643501541156
baseline_real_national_nonfood,AIDADS_sat,2015-2022,2023,64_2023,64,2023,dairyegg,0.024823124585205476,0.030810799080862858,-0.005987674495657382,2.5865643501541156
baseline_real_national_nonfood,AIDADS_sat,2015-2022,2023,64_2023,64,2023,nonfood,170.1950081606727,166.97526444546392,3.2197437152087787,2.5865643501541156
baseline_real_national_nonfood,AIDADS_sat,2015-2022,2023,65_2023,65,2023,grain,0.4106162889935257,0.4983594220749663,-0.0877431330814406,2.39521886591628
baseline_real_national_nonfood,AIDADS_sat,2015-2022,2023,65_2023,65,2023,oil,0.15855890840136988,0.1263145629591561,0.03224434544221377,2.39521886591628
baseline_real_national_nonfood,AIDADS_sat,2015-2022,2023,65_2023,65,2023,vegfruit,0.05228206464967122,0.05131892864759032,0.0009631360020809013,2.39521886591628
baseline_real_national_nonfood,AIDADS_sat,2015-2022,2023,65_2023,65,2023,meatsea,0.09059320593078082,0.09989780498960044,-0.009304599058819613,2.39521886591628
baseline_real_national_nonfood,AIDADS_sat,2015-2022,2023,65_2023,65,2023,dairyegg,0.03053283134115068,0.03159285585523381,-0.00106002451408313,2.39521886591628
baseline_real_national_nonfood,AIDADS_sat,2015-2022,2023,65_2023,65,2023,nonfood,149.71606651954545,150.1641660945161,-0.4480995749706551,2.39521886591628
baseline_real_national_nonfood,MAIDADS_sat,2015-2022,2023,11_2023,11,2023,grain,0.28137973277819794,0.3252375427833223,-0.04385781000512434,3.591754713678739
baseline_real_national_nonfood,MAIDADS_sat,2015-2022,2023,11_2023,11,2023,oil,0.07752926983561644,0.10849395467900656,-0.030964684843390128,3.591754713678739
baseline_real_national_nonfood,MAIDADS_sat,2015-2022,2023,11_2023,11,2023,vegfruit,0.0625574987029863,0.05744427711648682,0.005113221586499475,3.591754713678739
baseline_real_national_nonfood,MAIDADS_sat,2015-2022,2023,11_2023,11,2023,meatsea,0.13128432947763014,0.12628131956741195,0.005003009910218181,3.591754713678739
baseline_real_national_nonfood,MAIDADS_sat,2015-2022,2023,11_2023,11,2023,dairyegg,0.04753628683583561,0.03321910630347434,0.014317180532361272,3.591754713678739
baseline_real_national_nonfood,MAIDADS_sat,2015-2022,2023,11_2023,11,2023,nonfood,398.3502952806045,397.3255552689322,1.024740011672293,3.591754713678739
baseline_real_national_nonfood,MAIDADS_sat,2015-2022,2023,12_2023,12,2023,grain,0.3017694690540021,0.35398675487984554,-0.05221728582584345,3.1363984885511815
baseline_real_national_nonfood,MAIDADS_sat,2015-2022,2023,12_2023,12,2023,oil,0.09093333591369862,0.11316728267369666,-0.02223394675999804,3.1363984885511815
baseline_real_national_nonfood,MAIDADS_sat,2015-2022,2023,12_2023,12,2023,vegfruit,0.065562965456863,0.055837934143319355,0.009725031313543651,3.1363984885511815
baseline_real_national_nonfood,MAIDADS_sat,2015-2022,2023,12_2023,12,2023,meatsea,0.1351317642830822,0.1300238056211682,0.005107958661914019,3.1363984885511815
baseline_real_national_nonfood,MAIDADS_sat,2015-2022,2023,12_2023,12,2023,dairyegg,0.04805397479747945,0.032804369275365335,0.015249605522114115,3.1363984885511815
baseline_real_national_nonfood,MAIDADS_sat,2015-2022,2023,12_2023,12,2023,nonfood,281.5967181490573,281.3839947698912,0.21272337916610695,3.1363984885511815
baseline_real_national_nonfood,MAIDADS_sat,2015-2022,2023,13_2023,13,2023,grain,0.5269987324502501,0.4094053723172598,0.11759336013299027,2.443970441657296
baseline_real_national_nonfood,MAIDADS_sat,2015-2022,2023,13_2023,13,2023,oil,0.1115451541479452,0.12284903609683821,-0.011303881948893008,2.443970441657296
baseline_real_national_nonfood,MAIDADS_sat,2015-2022,2023,13_2023,13,2023,vegfruit,0.07511302484430137,0.05251247300906201,0.022600551835239353,2.443970441657296
baseline_real_national_nonfood,MAIDADS_sat,2015-2022,2023,13_2023,13,2023,meatsea,0.16028113116310966,0.1615988830309925,-0.0013177518678828548,2.443970441657296
baseline_real_national_nonfood,MAIDADS_sat,2015-2022,2023,13_2023,13,2023,dairyegg,0.05662655921161643,0.03148652973766471,0.02514002947395172,2.443970441657296
baseline_real_national_nonfood,MAIDADS_sat,2015-2022,2023,13_2023,13,2023,nonfood,176.00184298091688,178.60379713065495,-2.601954149738077,2.443970441657296
baseline_real_national_nonfood,MAIDADS_sat,2015-2022,2023,14_2023,14,2023,grain,0.3493339851388695,0.4358232290545587,-0.08648924391568924,2.1726102686647586
baseline_real_national_nonfood,MAIDADS_sat,2015-2022,2023,14_2023,14,2023,oil,0.10038829614657534,0.12762114756560639,-0.02723285141903105,2.1726102686647586
baseline_real_national_nonfood,MAIDADS_sat,2015-2022,2023,14_2023,14,2023,vegfruit,0.05101385413653424,0.050873003507678836,0.00014085062885540317,2.1726102686647586
baseline_real_national_nonfood,MAIDADS_sat,2015-2022,2023,14_2023,14,2023,meatsea,0.08863286997327399,0.1771834319386976,-0.0885505619654236,2.1726102686647586
baseline_real_national_nonfood,MAIDADS_sat,2015-2022,2023,14_2023,14,2023,dairyegg,0.03985271954947944,0.030656448576067235,0.009196270973412208,2.1726102686647586
baseline_real_national_nonfood,MAIDADS_sat,2015-2022,2023,14_2023,14,2023,nonfood,158.38016345715857,153.49592517108263,4.8842382860759415,2.1726102686647586
baseline_real_national_nonfood,MAIDADS_sat,2015-2022,2023,15_2023,15,2023,grain,0.5186264683569439,0.38221778343201906,0.13640868492492486,2.764387593840393
baseline_real_national_nonfood,MAIDADS_sat,2015-2022,2023,15_2023,15,2023,oil,0.09135150362876714,0.11794691802578715,-0.026595414397020012,2.764387593840393
baseline_real_national_nonfood,MAIDADS_sat,2015-2022,2023,15_2023,15,2023,vegfruit,0.06857129828832877,0.05419624942711917,0.014375048861209598,2.764387593840393
baseline_real_national_nonfood,MAIDADS_sat,2015-2022,2023,15_2023,15,2023,meatsea,0.18926551032261646,0.140175739249873,0.049089771072743454,2.764387593840393
baseline_real_national_nonfood,MAIDADS_sat,2015-2022,2023,15_2023,15,2023,dairyegg,0.04939948714739725,0.03127598334882535,0.018123503798571902,2.764387593840393
baseline_real_national_nonfood,MAIDADS_sat,2015-2022,2023,15_2023,15,2023,nonfood,214.31495942505026,218.0979255726969,-3.782966147646647,2.764387593840393
baseline_real_national_nonfood,MAIDADS_sat,2015-2022,2023,21_2023,21,2023,grain,0.4482158434225516,0.39529137673179005,0.05292446669076156,2.6093565104414083
baseline_real_national_nonfood,MAIDADS_sat,2015-2022,2023,21_2023,21,2023,oil,0.12459337368904108,0.12022121630981007,0.004372157379231009,2.6093565104414083
baseline_real_national_nonfood,MAIDADS_sat,2015-2022,2023,21_2023,21,2023,vegfruit,0.06944341088241096,0.05341530115779394,0.016028109724617018,2.6093565104414083
baseline_real_national_nonfood,MAIDADS_sat,2015-2022,2023,21_2023,21,2023,meatsea,0.19865744903054797,0.15986627454005842,0.03879117449048955,2.6093565104414083
baseline_real_national_nonfood,MAIDADS_sat,2015-2022,2023,21_2023,21,2023,dairyegg,0.047527092968109586,0.03165560347508424,0.015871489493025345,2.6093565104414083
baseline_real_national_nonfood,MAIDADS_sat,2015-2022,2023,21_2023,21,2023,nonfood,193.3894463958607,197.08775189043837,-3.6983054945776814,2.6093565104414083
baseline_real_national_nonfood,MAIDADS_sat,2015-2022,2023,22_2023,22,2023,grain,0.4326623341718301,0.42039946580341725,0.012262868368412838,2.3142211574333054
baseline_real_national_nonfood,MAIDADS_sat,2015-2022,2023,22_2023,22,2023,oil,0.14395390336849315,0.12505780173830489,0.01889610163018826,2.3142211574333054
baseline_real_national_nonfood,MAIDADS_sat,2015-2022,2023,22_2023,22,2023,vegfruit,0.054236043740945206,0.0517527923475258,0.002483251393419407,2.3142211574333054
baseline_real_national_nonfood,MAIDADS_sat,2015-2022,2023,22_2023,22,2023,meatsea,0.1538538321231781,0.15651469477662358,-0.0026608626534454782,2.3142211574333054
baseline_real_national_nonfood,MAIDADS_sat,2015-2022,2023,22_2023,22,2023,dairyegg,0.03416256017775342,0.031163432604331548,0.0029991275734218698,2.3142211574333054
baseline_real_national_nonfood,MAIDADS_sat,2015-2022,2023,22_2023,22,2023,nonfood,164.99754736094945,166.28762959877167,-1.2900822378222188,2.3142211574333054
baseline_real_national_nonfood,MAIDADS_sat,2015-2022,2023,23_2023,23,2023,grain,0.4431536385345431,0.40980847431583967,0.03334516421870343,2.385251559422656
baseline_real_national_nonfood,MAIDADS_sat,2015-2022,2023,23_2023,23,2023,oil,0.1860084683506849,0.12383103920851528,0.06217742914216963,2.385251559422656
baseline_real_national_nonfood,MAIDADS_sat,2015-2022,2023,23_2023,23,2023,vegfruit,0.062381404409041094,0.05217452072170549,0.010206883687335605,2.385251559422656
baseline_real_national_nonfood,MAIDADS_sat,2015-2022,2023,23_2023,23,2023,meatsea,0.17131112885102742,0.16499298966033038,0.006318139190697042,2.385251559422656
baseline_real_national_nonfood,MAIDADS_sat,2015-2022,2023,23_2023,23,2023,dairyegg,0.038324616552109586,0.03140644201053767,0.006918174541571918,2.385251559422656
baseline_real_national_nonfood,MAIDADS_sat,2015-2022,2023,23_2023,23,2023,nonfood,167.69586208783898,172.65039640068443,-4.954534312845453,2.385251559422656
baseline_real_national_nonfood,MAIDADS_sat,2015-2022,2023,31_2023,31,2023,grain,0.3046172489526769,0.31414464113638063,-0.009527392183703742,3.699071168863031
baseline_real_national_nonfood,MAIDADS_sat,2015-2022,2023,31_2023,31,2023,oil,0.11003478931232877,0.1075663925866783,0.002468396725650468,3.699071168863031
baseline_real_national_nonfood,MAIDADS_sat,2015-2022,2023,31_2023,31,2023,vegfruit,0.05266247044931507,0.057764204245698364,-0.005101733796383297,3.699071168863031
baseline_real_national_nonfood,MAIDADS_sat,2015-2022,2023,31_2023,31,2023,meatsea,0.18150147105195896,0.12299655848960486,0.0585049125623541,3.699071168863031
baseline_real_national_nonfood,MAIDADS_sat,2015-2022,2023,31_2023,31,2023,dairyegg,0.044022094586520545,0.032762574832684827,0.011259519753835719,3.699071168863031
baseline_real_national_nonfood,MAIDADS_sat,2015-2022,2023,31_2023,31,2023,nonfood,430.00072785910294,433.2932167024402,-3.292488843337253,3.699071168863031
baseline_real_national_nonfood,MAIDADS_sat,2015-2022,2023,32_2023,32,2023,grain,0.42038185208599765,0.34158505075372636,0.0787968013322713,3.141227129393986
baseline_real_national_nonfood,MAIDADS_sat,2015-2022,2023,32_2023,32,2023,oil,0.10482833522465752,0.11311325778547528,-0.008284922560817753,3.141227129393986
baseline_real_national_nonfood,MAIDADS_sat,2015-2022,2023,32_2023,32,2023,vegfruit,0.0629273659289178,0.05585704887455028,0.007070317054367524,3.141227129393986
baseline_real_national_nonfood,MAIDADS_sat,2015-2022,2023,32_2023,32,2023,meatsea,0.22168520943604111,0.14428752254564126,0.07739768689039986,3.141227129393986
baseline_real_national_nonfood,MAIDADS_sat,2015-2022,2023,32_2023,32,2023,dairyegg,0.04470841889435617,0.032522219350287346,0.012186199544068826,3.141227129393986
baseline_real_national_nonfood,MAIDADS_sat,2015-2022,2023,32_2023,32,2023,nonfood,277.13864203185176,281.78944567476935,-4.6508036429175945,3.141227129393986
baseline_real_national_nonfood,MAIDADS_sat,2015-2022,2023,33_2023,33,2023,grain,0.4115122017459172,0.33327568033902344,0.07823652140689374,3.3928804333594638
baseline_real_national_nonfood,MAIDADS_sat,2015-2022,2023,33_2023,33,2023,oil,0.12016582347945204,0.11039113761601849,0.009774685863433552,3.3928804333594638
baseline_real_national_nonfood,MAIDADS_sat,2015-2022,2023,33_2023,33,2023,vegfruit,0.059904608698041095,0.05679075889595034,0.003113849802090757,3.3928804333594638
baseline_real_national_nonfood,MAIDADS_sat,2015-2022,2023,33_2023,33,2023,meatsea,0.2265587656072603,0.13483670441147394,0.09172206119578635,3.3928804333594638
baseline_real_national_nonfood,MAIDADS_sat,2015-2022,2023,33_2023,33,2023,dairyegg,0.03514157751276713,0.032565082598915385,0.002576494913851743,3.3928804333594638
baseline_real_national_nonfood,MAIDADS_sat,2015-2022,2023,33_2023,33,2023,nonfood,333.9003676397869,339.95796429127614,-6.057596651489234,3.3928804333594638
baseline_real_national_nonfood,MAIDADS_sat,2015-2022,2023,34_2023,34,2023,grain,0.45247447579046796,0.400065486704465,0.052408989086002944,2.5132157455489104
baseline_real_national_nonfood,MAIDADS_sat,2015-2022,2023,34_2023,34,2023,oil,0.11507616617671233,0.12172573247122552,-0.006649566294513187,2.5132157455489104
baseline_real_national_nonfood,MAIDADS_sat,2015-2022,2023,34_2023,34,2023,vegfruit,0.06472518893076712,0.05289843099453897,0.01182675793622815,2.5132157455489104
baseline_real_national_nonfood,MAIDADS_sat,2015-2022,2023,34_2023,34,2023,meatsea,0.21331682593776713,0.1614947522202454,0.05182207371752173,2.5132157455489104
baseline_real_national_nonfood,MAIDADS_sat,2015-2022,2023,34_2023,34,2023,dairyegg,0.041462645613917805,0.03132435504462568,0.010138290569292122,2.5132157455489104
baseline_real_national_nonfood,MAIDADS_sat,2015-2022,2023,34_2023,34,2023,nonfood,182.6949736293831,185.99541190003674,-3.3004382706536433,2.5132157455489104
baseline_real_national_nonfood,MAIDADS_sat,2015-2022,2023,35_2023,35,2023,grain,0.3967453296684574,0.3484825476936708,0.04826278197478656,3.0344922661012346
baseline_real_national_nonfood,MAIDADS_sat,2015-2022,2023,35_2023,35,2023,oil,0.13546492139589042,0.11438493091592855,0.02107999047996187,3.0344922661012346
baseline_real_national_nonfood,MAIDADS_sat,2015-2022,2023,35_2023,35,2023,vegfruit,0.05395749679835616,0.0554185128190109,-0.0014610160206547373,3.0344922661012346
baseline_real_national_nonfood,MAIDADS_sat,2015-2022,2023,35_2023,35,2023,meatsea,0.24744111862497262,0.1462359790919941,0.10120513953297852,3.0344922661012346
baseline_real_national_nonfood,MAIDADS_sat,2015-2022,2023,35_2023,35,2023,dairyegg,0.03561157422717808,0.03206952163565917,0.003542052591518914,3.0344922661012346
baseline_real_national_nonfood,MAIDADS_sat,2015-2022,2023,35_2023,35,2023,nonfood,255.2738942000855,261.20464577732326,-5.930751577237771,3.0344922661012346
baseline_real_national_nonfood,MAIDADS_sat,2015-2022,2023,36_2023,36,2023,grain,0.48706105765227276,0.39304142484692517,0.09401963280534759,2.4679985480735454
baseline_real_national_nonfood,MAIDADS_sat,2015-2022,2023,36_2023,36,2023,oil,0.1690546199917808,0.12246058983711396,0.04659403015466686,2.4679985480735454
baseline_real_national_nonfood,MAIDADS_sat,2015-2022,2023,36_2023,36,2023,vegfruit,0.06309015145158904,0.05264671585525837,0.010443435596330673,2.4679985480735454
baseline_real_national_nonfood,MAIDADS_sat,2015-2022,2023,36_2023,36,2023,meatsea,0.25439603889413703,0.1655625881251084,0.08883345076902863,2.4679985480735454
baseline_real_national_nonfood,MAIDADS_sat,2015-2022,2023,36_2023,36,2023,dairyegg,0.032848936460931503,0.03104857555397241,0.001800360906959092,2.4679985480735454
baseline_real_national_nonfood,MAIDADS_sat,2015-2022,2023,36_2023,36,2023,nonfood,173.90048514543264,181.0877927268092,-7.187307581376558,2.4679985480735454
baseline_real_national_nonfood,MAIDADS_sat,2015-2022,2023,37_2023,37,2023,grain,0.39269666546388443,0.40137073697477044,-0.008674071510886006,2.5403412982055853
baseline_real_national_nonfood,MAIDADS_sat,2015-2022,2023,37_2023,37,2023,oil,0.09746732962602739,0.12129695290073904,-0.02382962327471165,2.5403412982055853
baseline_real_national_nonfood,MAIDADS_sat,2015-2022,2023,37_2023,37,2023,vegfruit,0.06651249681372604,0.05304637663971906,0.013466120174006974,2.5403412982055853
baseline_real_national_nonfood,MAIDADS_sat,2015-2022,2023,37_2023,37,2023,meatsea,0.17029639338220554,0.15476232605037438,0.015534067331831158,2.5403412982055853
baseline_real_national_nonfood,MAIDADS_sat,2015-2022,2023,37_2023,37,2023,dairyegg,0.058263631117260274,0.0318355082495405,0.026428122867719776,2.5403412982055853
baseline_real_national_nonfood,MAIDADS_sat,2015-2022,2023,37_2023,37,2023,nonfood,188.01122421778086,189.2359743885256,-1.224750170744727,2.5403412982055853
baseline_real_national_nonfood,MAIDADS_sat,2015-2022,2023,41_2023,41,2023,grain,0.46439826078553464,0.4262542072734873,0.03814405351204736,2.2851864529587456
baseline_real_national_nonfood,MAIDADS_sat,2015-2022,2023,41_2023,41,2023,oil,0.10180405841917807,0.12556928763928593,-0.02376522922010786,2.2851864529587456
baseline_real_national_nonfood,MAIDADS_sat,2015-2022,2023,41_2023,41,2023,vegfruit,0.06548803155861643,0.0515784162293101,0.013909615329306332,2.2851864529587456
baseline_real_national_nonfood,MAIDADS_sat,2015-2022,2023,41_2023,41,2023,meatsea,0.15989518055849314,0.16960242058879965,-0.009707240030306513,2.2851864529587456
baseline_real_national_nonfood,MAIDADS_sat,2015-2022,2023,41_2023,41,2023,dairyegg,0.054989241862794525,0.03123249569420626,0.023756746168588264,2.2851864529587456
baseline_real_national_nonfood,MAIDADS_sat,2015-2022,2023,41_2023,41,2023,nonfood,162.97454306614893,163.16142883778093,-0.18688577163200648,2.2851864529587456
baseline_real_national_nonfood,MAIDADS_sat,2015-2022,2023,42_2023,42,2023,grain,0.35900508915866297,0.37610328887153244,-0.017098199712869466,2.754882073091718
baseline_real_national_nonfood,MAIDADS_sat,2015-2022,2023,42_2023,42,2023,oil,0.17076300852328768,0.11808229684772975,0.052680711675557934,2.754882073091718
baseline_real_national_nonfood,MAIDADS_sat,2015-2022,2023,42_2023,42,2023,vegfruit,0.05862012852983561,0.05415014764682415,0.004469980883011461,2.754882073091718
baseline_real_national_nonfood,MAIDADS_sat,2015-2022,2023,42_2023,42,2023,meatsea,0.1972345682561781,0.164018619298509,0.033215948957669106,2.754882073091718
baseline_real_national_nonfood,MAIDADS_sat,2015-2022,2023,42_2023,42,2023,dairyegg,0.026845351222575344,0.03167266842036801,-0.004827317197792669,2.754882073091718
baseline_real_national_nonfood,MAIDADS_sat,2015-2022,2023,42_2023,42,2023,nonfood,211.95131532668324,215.83190965958684,-3.8805943329035983,2.754882073091718
baseline_real_national_nonfood,MAIDADS_sat,2015-2022,2023,43_2023,43,2023,grain,0.4424136004734151,0.38344790909071896,0.05896569138269614,2.654594351246958
baseline_real_national_nonfood,MAIDADS_sat,2015-2022,2023,43_2023,43,2023,oil,0.1499261566438356,0.11954381206821973,0.030382344575615866,2.654594351246958
baseline_real_national_nonfood,MAIDADS_sat,2015-2022,2023,43_2023,43,2023,vegfruit,0.05924536324506849,0.05364785200014242,0.005597511244926072,2.654594351246958
baseline_real_national_nonfood,MAIDADS_sat,2015-2022,2023,43_2023,43,2023,meatsea,0.24691580422597265,0.1538794162318421,0.09303638799413055,2.654594351246958
baseline_real_national_nonfood,MAIDADS_sat,2015-2022,2023,43_2023,43,2023,dairyegg,0.02867275097786301,0.03140151285677236,-0.0027287618789093512,2.654594351246958
baseline_real_national_nonfood,MAIDADS_sat,2015-2022,2023,43_2023,43,2023,nonfood,196.84334639326477,202.9704676490669,-6.1271212558021375,2.654594351246958
baseline_real_national_nonfood,MAIDADS_sat,2015-2022,2023,44_2023,44,2023,grain,0.35144269260178473,0.34668684622900103,0.004755846372783701,3.09164169249891
baseline_real_national_nonfood,MAIDADS_sat,2015-2022,2023,44_2023,44,2023,oil,0.11737868737808219,0.1136971712468928,0.0036815161311893885,3.09164169249891
baseline_real_national_nonfood,MAIDADS_sat,2015-2022,2023,44_2023,44,2023,vegfruit,0.05155883859412329,0.05565531799263461,-0.004096479398511321,3.09164169249891
baseline_real_national_nonfood,MAIDADS_sat,2015-2022,2023,44_2023,44,2023,meatsea,0.28829919883701377,0.13384671001753723,0.15445248881947654,3.09164169249891
baseline_real_national_nonfood,MAIDADS_sat,2015-2022,2023,44_2023,44,2023,dairyegg,0.025651759792986305,0.03185184406232462,-0.006200084269338317,3.09164169249891
baseline_real_national_nonfood,MAIDADS_sat,2015-2022,2023,44_2023,44,2023,nonfood,265.1712049140535,272.48324130836636,-7.312036394312884,3.09164169249891
baseline_real_national_nonfood,MAIDADS_sat,2015-2022,2023,45_2023,45,2023,grain,0.37540283482835723,0.4391459351228686,-0.06374310029451136,2.102132443658946
baseline_real_national_nonfood,MAIDADS_sat,2015-2022,2023,45_2023,45,2023,oil,0.1110947912630137,0.12895741384359286,-0.01786262258057915,2.102132443658946
baseline_real_national_nonfood,MAIDADS_sat,2015-2022,2023,45_2023,45,2023,vegfruit,0.043824005092219176,0.05041286280670229,-0.006588857714483115,2.102132443658946
baseline_real_national_nonfood,MAIDADS_sat,2015-2022,2023,45_2023,45,2023,meatsea,0.233366925505548,0.1638102438357821,0.06955668166976589,2.102132443658946
baseline_real_national_nonfood,MAIDADS_sat,2015-2022,2023,45_2023,45,2023,dairyegg,0.01706144829720548,0.02982616771476004,-0.012764719417554561,2.102132443658946
baseline_real_national_nonfood,MAIDADS_sat,2015-2022,2023,45_2023,45,2023,nonfood,148.39213400992034,148.63333861807237,-0.2412046081520316,2.102132443658946
baseline_real_national_nonfood,MAIDADS_sat,2015-2022,2023,46_2023,46,2023,grain,0.307578305317757,0.39720183324174274,-0.08962352792398576,2.4462260567168492
baseline_real_national_nonfood,MAIDADS_sat,2015-2022,2023,46_2023,46,2023,oil,0.120353526,0.12281389741281747,-0.0024603714128174636,2.4462260567168492
baseline_real_national_nonfood,MAIDADS_sat,2015-2022,2023,46_2023,46,2023,vegfruit,0.04742980548528768,0.052523814210013814,-0.005094008724726137,2.4462260567168492
baseline_real_national_nonfood,MAIDADS_sat,2015-2022,2023,46_2023,46,2023,meatsea,0.28521458967567126,0.1347888285759899,0.15042576109968137,2.4462260567168492
baseline_real_national_nonfood,MAIDADS_sat,2015-2022,2023,46_2023,46,2023,dairyegg,0.015380498997260274,0.03058628255025858,-0.015205783552998307,2.4462260567168492
baseline_real_national_nonfood,MAIDADS_sat,2015-2022,2023,46_2023,46,2023,nonfood,174.32097243347215,180.15360494643136,-5.832632512959208,2.4462260567168492
baseline_real_national_nonfood,MAIDADS_sat,2015-2022,2023,50_2023,50,2023,grain,0.46049606103774166,0.37066707487881934,0.08982898615892232,2.7480427571622075
baseline_real_national_nonfood,MAIDADS_sat,2015-2022,2023,50_2023,50,2023,oil,0.18314738435342465,0.11817773411805936,0.06496965023536529,2.7480427571622075
baseline_real_national_nonfood,MAIDADS_sat,2015-2022,2023,50_2023,50,2023,vegfruit,0.06837373019984931,0.05411631206195073,0.014257418137898582,2.7480427571622075
baseline_real_national_nonfood,MAIDADS_sat,2015-2022,2023,50_2023,50,2023,meatsea,0.29444893635217806,0.1784975732129193,0.11595136313925875,2.7480427571622075
baseline_real_national_nonfood,MAIDADS_sat,2015-2022,2023,50_2023,50,2023,dairyegg,0.041191953430136985,0.031221353168995623,0.009970600261141362,2.7480427571622075
baseline_real_national_nonfood,MAIDADS_sat,2015-2022,2023,50_2023,50,2023,nonfood,204.9230873662108,214.46029275263865,-9.537205386427843,2.7480427571622075
baseline_real_national_nonfood,MAIDADS_sat,2015-2022,2023,51_2023,51,2023,grain,0.3878859813824683,0.39720111285567294,-0.009315131473204619,2.4972805655153714
baseline_real_national_nonfood,MAIDADS_sat,2015-2022,2023,51_2023,51,2023,oil,0.1418078748328767,0.12197831690983879,0.01982955792303792,2.4972805655153714
baseline_real_national_nonfood,MAIDADS_sat,2015-2022,2023,51_2023,51,2023,vegfruit,0.05487585882883561,0.052810170942053446,0.002065687886782165,2.4972805655153714
baseline_real_national_nonfood,MAIDADS_sat,2015-2022,2023,51_2023,51,2023,meatsea,0.2527003733934384,0.171377173954484,0.08132319943895441,2.4972805655153714
baseline_real_national_nonfood,MAIDADS_sat,2015-2022,2023,51_2023,51,2023,dairyegg,0.030569266928986302,0.030917965426040556,-0.0003486984970542534,2.4972805655153714
baseline_real_national_nonfood,MAIDADS_sat,2015-2022,2023,51_2023,51,2023,nonfood,179.92301189433695,183.9464313317029,-4.023419437365959,2.4972805655153714
baseline_real_national_nonfood,MAIDADS_sat,2015-2022,2023,52_2023,52,2023,grain,0.37584199448045486,0.411767364969082,-0.03592537048862715,2.2430884361892414
baseline_real_national_nonfood,MAIDADS_sat,2015-2022,2023,52_2023,52,2023,oil,0.09838496586575342,0.126323098586829,-0.02793813272107558,2.2430884361892414
baseline_real_national_nonfood,MAIDADS_sat,2015-2022,2023,52_2023,52,2023,vegfruit,0.04116452306167123,0.05131735563950757,-0.010152832577836335,2.2430884361892414
baseline_real_national_nonfood,MAIDADS_sat,2015-2022,2023,52_2023,52,2023,meatsea,0.17181017149100003,0.18631676436535413,-0.014506592874354102,2.2430884361892414
baseline_real_national_nonfood,MAIDADS_sat,2015-2022,2023,52_2023,52,2023,dairyegg,0.014689036060054795,0.030173902334802397,-0.015484866274747601,2.2430884361892414
baseline_real_national_nonfood,MAIDADS_sat,2015-2022,2023,52_2023,52,2023,nonfood,162.93482729387534,159.1452741473097,3.789553146565652,2.2430884361892414
baseline_real_national_nonfood,MAIDADS_sat,2015-2022,2023,53_2023,53,2023,grain,0.3867426163660408,0.4144525323791632,-0.027709916013122393,2.31251764120194
baseline_real_national_nonfood,MAIDADS_sat,2015-2022,2023,53_2023,53,2023,oil,0.08333861358082191,0.12508979632582187,-0.04175118274499996,2.31251764120194
baseline_real_national_nonfood,MAIDADS_sat,2015-2022,2023,53_2023,53,2023,vegfruit,0.05126555375045205,0.05174368450640338,-0.00047813075595132953,2.31251764120194
baseline_real_national_nonfood,MAIDADS_sat,2015-2022,2023,53_2023,53,2023,meatsea,0.21070370897102741,0.17294786655782188,0.03775584241320554,2.31251764120194
baseline_real_national_nonfood,MAIDADS_sat,2015-2022,2023,53_2023,53,2023,dairyegg,0.02035924537117808,0.030233981458860523,-0.009874736087682443,2.31251764120194
baseline_real_national_nonfood,MAIDADS_sat,2015-2022,2023,53_2023,53,2023,nonfood,166.93767090485147,165.5905004071742,1.3471704976772685,2.31251764120194
baseline_real_national_nonfood,MAIDADS_sat,2015-2022,2023,54_2023,54,2023,grain,0.5186482349058573,0.504409497876966,0.014238737028891335,1.5755980904791649
baseline_real_national_nonfood,MAIDADS_sat,2015-2022,2023,54_2023,54,2023,oil,0.21030453973972604,0.14022979420942167,0.07007474553030438,1.5755980904791649
baseline_real_national_nonfood,MAIDADS_sat,2015-2022,2023,54_2023,54,2023,vegfruit,0.024458300007643832,0.046542664325935734,-0.022084364318291902,1.5755980904791649
baseline_real_national_nonfood,MAIDADS_sat,2015-2022,2023,54_2023,54,2023,meatsea,0.1008908341560274,0.08784545842820714,0.01304537572782026,1.5755980904791649
baseline_real_national_nonfood,MAIDADS_sat,2015-2022,2023,54_2023,54,2023,dairyegg,0.011158204566136986,0.02822866804962349,-0.017070463483486505,1.5755980904791649
baseline_real_national_nonfood,MAIDADS_sat,2015-2022,2023,54_2023,54,2023,nonfood,120.80589468442481,123.26452409045811,-2.458629406033296,1.5755980904791649
baseline_real_national_nonfood,MAIDADS_sat,2015-2022,2023,61_2023,61,2023,grain,0.44846948614476256,0.41264529929557303,0.03582418684918953,2.363056864126156
baseline_real_national_nonfood,MAIDADS_sat,2015-2022,2023,61_2023,61,2023,oil,0.14446844721369861,0.12421005755718738,0.020258389656511236,2.363056864126156
baseline_real_national_nonfood,MAIDADS_sat,2015-2022,2023,61_2023,61,2023,vegfruit,0.054538668786753425,0.05204464260179943,0.002494026184953993,2.363056864126156
baseline_real_national_nonfood,MAIDADS_sat,2015-2022,2023,61_2023,61,2023,meatsea,0.11179258960361647,0.16959110924767695,-0.05779851964406048,2.363056864126156
baseline_real_national_nonfood,MAIDADS_sat,2015-2022,2023,61_2023,61,2023,dairyegg,0.03393527041764383,0.030801790256177755,0.0031334801614660776,2.363056864126156
baseline_real_national_nonfood,MAIDADS_sat,2015-2022,2023,61_2023,61,2023,nonfood,170.74154887329416,170.35962811460678,0.38192075868738584,2.363056864126156
baseline_real_national_nonfood,MAIDADS_sat,2015-2022,2023,62_2023,62,2023,grain,0.4243009195253404,0.4450130988559252,-0.020712179330584835,2.045170811251131
baseline_real_national_nonfood,MAIDADS_sat,2015-2022,2023,62_2023,62,2023,oil,0.12414091700958906,0.13006548451772182,-0.005924567508132764,2.045170811251131
baseline_real_national_nonfood,MAIDADS_sat,2015-2022,2023,62_2023,62,2023,vegfruit,0.04938608294468493,0.050030946270614336,-0.000644863325929404,2.045170811251131
baseline_real_national_nonfood,MAIDADS_sat,2015-2022,2023,62_2023,62,2023,meatsea,0.1129003161610548,0.1587170648348318,-0.04581674867377701,2.045170811251131
baseline_real_national_nonfood,MAIDADS_sat,2015-2022,2023,62_2023,62,2023,dairyegg,0.02624217486126027,0.02972389249582593,-0.003481717634565659,2.045170811251131
baseline_real_national_nonfood,MAIDADS_sat,2015-2022,2023,62_2023,62,2023,nonfood,147.3023978651329,144.72943413740546,2.5729637277274264,2.045170811251131
baseline_real_national_nonfood,MAIDADS_sat,2015-2022,2023,63_2023,63,2023,grain,0.3275575308775578,0.43532928465195964,-0.10777175377440185,2.101206676467126
baseline_real_national_nonfood,MAIDADS_sat,2015-2022,2023,63_2023,63,2023,oil,0.11032837625342466,0.12897510159094067,-0.018646725337516004,2.101206676467126
baseline_real_national_nonfood,MAIDADS_sat,2015-2022,2023,63_2023,63,2023,vegfruit,0.0339402547749041,0.05040734972853891,-0.016467094953634805,2.101206676467126
baseline_real_national_nonfood,MAIDADS_sat,2015-2022,2023,63_2023,63,2023,meatsea,0.10840219123434247,0.11924851793386432,-0.010846326699521847,2.101206676467126
baseline_real_national_nonfood,MAIDADS_sat,2015-2022,2023,63_2023,63,2023,dairyegg,0.02551890979079452,0.029745686153153494,-0.004226776362358974,2.101206676467126
baseline_real_national_nonfood,MAIDADS_sat,2015-2022,2023,63_2023,63,2023,nonfood,155.08334189616642,150.85376946441448,4.229572431751933,2.101206676467126
baseline_real_national_nonfood,MAIDADS_sat,2015-2022,2023,64_2023,64,2023,grain,0.3362811380687421,0.426945331389022,-0.09066419332027992,2.29934886190319
baseline_real_national_nonfood,MAIDADS_sat,2015-2022,2023,64_2023,64,2023,oil,0.11375094204246575,0.1253217926638338,-0.011570850621368062,2.29934886190319
baseline_real_national_nonfood,MAIDADS_sat,2015-2022,2023,64_2023,64,2023,vegfruit,0.05663366448654794,0.05166265688044324,0.004971007606104701,2.29934886190319
baseline_real_national_nonfood,MAIDADS_sat,2015-2022,2023,64_2023,64,2023,meatsea,0.08436359746371234,0.1171070696062201,-0.03274347214250775,2.29934886190319
baseline_real_national_nonfood,MAIDADS_sat,2015-2022,2023,64_2023,64,2023,dairyegg,0.024823124585205476,0.030669464945463305,-0.005846340360257829,2.29934886190319
baseline_real_national_nonfood,MAIDADS_sat,2015-2022,2023,64_2023,64,2023,nonfood,170.1950081606727,166.97870315766696,3.2163050030057434,2.29934886190319
baseline_real_national_nonfood,MAIDADS_sat,2015-2022,2023,65_2023,65,2023,grain,0.4106162889935257,0.4608835652611673,-0.0502672762676416,2.0758346951759465
baseline_real_national_nonfood,MAIDADS_sat,2015-2022,2023,65_2023,65,2023,oil,0.15855890840136988,0.12946492353370995,0.029093984867659933,2.0758346951759465
baseline_real_national_nonfood,MAIDADS_sat,2015-2022,2023,65_2023,65,2023,vegfruit,0.05228206464967122,0.050239445617192104,0.002042619032479119,2.0758346951759465
baseline_real_national_nonfood,MAIDADS_sat,2015-2022,2023,65_2023,65,2023,meatsea,0.09059320593078082,0.10116302457342345,-0.010569818642642628,2.0758346951759465
baseline_real_national_nonfood,MAIDADS_sat,2015-2022,2023,65_2023,65,2023,dairyegg,0.03053283134115068,0.03038309535362812,0.0001497359875225618,2.0758346951759465
baseline_real_national_nonfood,MAIDADS_sat,2015-2022,2023,65_2023,65,2023,nonfood,149.71606651954545,150.23260926514072,-0.5165427455952738,2.0758346951759465
robust_real_derived_cpi_nonfood,AIDADS_sat,2015-2022,2023,11_2023,11,2023,grain,0.28137973277819794,0.4075583493922712,-0.12617861661407326,3.7881732397442525
robust_real_derived_cpi_nonfood,AIDADS_sat,2015-2022,2023,11_2023,11,2023,oil,0.07752926983561644,0.1258028461778448,-0.048273576342228355,3.7881732397442525
robust_real_derived_cpi_nonfood,AIDADS_sat,2015-2022,2023,11_2023,11,2023,vegfruit,0.0625574987029863,0.05123508959687008,0.011322409106116219,3.7881732397442525
robust_real_derived_cpi_nonfood,AIDADS_sat,2015-2022,2023,11_2023,11,2023,meatsea,0.13128432947763014,0.11491388042620483,0.016370449051425304,3.7881732397442525
robust_real_derived_cpi_nonfood,AIDADS_sat,2015-2022,2023,11_2023,11,2023,dairyegg,0.04753628683583561,0.029882063265672793,0.01765422357016282,3.7881732397442525
robust_real_derived_cpi_nonfood,AIDADS_sat,2015-2022,2023,11_2023,11,2023,nonfood,398.3502952806045,396.8470099204352,1.5032853601692864,3.7881732397442525
robust_real_derived_cpi_nonfood,AIDADS_sat,2015-2022,2023,12_2023,12,2023,grain,0.3017694690540021,0.42493334766487606,-0.12316387861087397,3.3588547140001
robust_real_derived_cpi_nonfood,AIDADS_sat,2015-2022,2023,12_2023,12,2023,oil,0.09093333591369862,0.1258075974414078,-0.03487426152770917,3.3588547140001
robust_real_derived_cpi_nonfood,AIDADS_sat,2015-2022,2023,12_2023,12,2023,vegfruit,0.065562965456863,0.05123399335601707,0.014328972100845938,3.3588547140001
robust_real_derived_cpi_nonfood,AIDADS_sat,2015-2022,2023,12_2023,12,2023,meatsea,0.1351317642830822,0.11970632669387507,0.015425437589207142,3.3588547140001
robust_real_derived_cpi_nonfood,AIDADS_sat,2015-2022,2023,12_2023,12,2023,dairyegg,0.04805397479747945,0.030585203661380407,0.017468771136099043,3.3588547140001
robust_real_derived_cpi_nonfood,AIDADS_sat,2015-2022,2023,12_2023,12,2023,nonfood,281.5967181490573,281.0819064400998,0.5148117089575521,3.3588547140001
robust_real_derived_cpi_nonfood,AIDADS_sat,2015-2022,2023,13_2023,13,2023,grain,0.5269987324502501,0.44776205054330676,0.07923668190694333,2.729713885914377
robust_real_derived_cpi_nonfood,AIDADS_sat,2015-2022,2023,13_2023,13,2023,oil,0.1115451541479452,0.12583002333572968,-0.014284869187784474,2.729713885914377
robust_real_derived_cpi_nonfood,AIDADS_sat,2015-2022,2023,13_2023,13,2023,vegfruit,0.07511302484430137,0.05123711198212835,0.023875912862173013,2.729713885914377
robust_real_derived_cpi_nonfood,AIDADS_sat,2015-2022,2023,13_2023,13,2023,meatsea,0.16028113116310966,0.15000623880800415,0.010274892355105508,2.729713885914377
robust_real_derived_cpi_nonfood,AIDADS_sat,2015-2022,2023,13_2023,13,2023,dairyegg,0.05662655921161643,0.031260814789940514,0.02536574442167592,2.729713885914377
robust_real_derived_cpi_nonfood,AIDADS_sat,2015-2022,2023,13_2023,13,2023,nonfood,176.00184298091688,178.69455537697382,-2.6927123960569475,2.729713885914377
robust_real_derived_cpi_nonfood,AIDADS_sat,2015-2022,2023,14_2023,14,2023,grain,0.3493339851388695,0.45594249280449617,-0.10660850766562668,2.4938472255607813
robust_real_derived_cpi_nonfood,AIDADS_sat,2015-2022,2023,14_2023,14,2023,oil,0.10038829614657534,0.1258392727450259,-0.025450976598450567,2.4938472255607813
robust_real_derived_cpi_nonfood,AIDADS_sat,2015-2022,2023,14_2023,14,2023,vegfruit,0.05101385413653424,0.051237771679043254,-0.00022391754250901397,2.4938472255607813
robust_real_derived_cpi_nonfood,AIDADS_sat,2015-2022,2023,14_2023,14,2023,meatsea,0.08863286997327399,0.16491166978749489,-0.0762787998142209,2.4938472255607813
robust_real_derived_cpi_nonfood,AIDADS_sat,2015-2022,2023,14_2023,14,2023,dairyegg,0.03985271954947944,0.03127872450225814,0.008573995047221304,2.4938472255607813
robust_real_derived_cpi_nonfood,AIDADS_sat,2015-2022,2023,14_2023,14,2023,nonfood,158.38016345715857,153.81157903733396,4.568584419824617,2.4938472255607813
robust_real_derived_cpi_nonfood,AIDADS_sat,2015-2022,2023,15_2023,15,2023,grain,0.5186264683569439,0.4389814756619518,0.07964499269499214,3.01707181117097
robust_real_derived_cpi_nonfood,AIDADS_sat,2015-2022,2023,15_2023,15,2023,oil,0.09135150362876714,0.12583006047964557,-0.03447855685087843,3.01707181117097
robust_real_derived_cpi_nonfood,AIDADS_sat,2015-2022,2023,15_2023,15,2023,vegfruit,0.06857129828832877,0.05123385450382957,0.017337443784499196,3.01707181117097
robust_real_derived_cpi_nonfood,AIDADS_sat,2015-2022,2023,15_2023,15,2023,meatsea,0.18926551032261646,0.12999273633180883,0.05927277399080763,3.01707181117097
robust_real_derived_cpi_nonfood,AIDADS_sat,2015-2022,2023,15_2023,15,2023,dairyegg,0.04939948714739725,0.029431682890278203,0.01996780425711905,3.01707181117097
robust_real_derived_cpi_nonfood,AIDADS_sat,2015-2022,2023,15_2023,15,2023,nonfood,214.31495942505026,218.04301473876265,-3.728055313712389,3.01707181117097
robust_real_derived_cpi_nonfood,AIDADS_sat,2015-2022,2023,21_2023,21,2023,grain,0.4482158434225516,0.4446410106643688,0.003574832758182822,2.8763280075865563
robust_real_derived_cpi_nonfood,AIDADS_sat,2015-2022,2023,21_2023,21,2023,oil,0.12459337368904108,0.12581747568065488,-0.0012241019916137963,2.8763280075865563
robust_real_derived_cpi_nonfood,AIDADS_sat,2015-2022,2023,21_2023,21,2023,vegfruit,0.06944341088241096,0.05123798049840092,0.01820543038401004,2.8763280075865563
robust_real_derived_cpi_nonfood,AIDADS_sat,2015-2022,2023,21_2023,21,2023,meatsea,0.19865744903054797,0.14768251820103231,0.05097493082951565,2.8763280075865563
robust_real_derived_cpi_nonfood,AIDADS_sat,2015-2022,2023,21_2023,21,2023,dairyegg,0.047527092968109586,0.030763600279255336,0.01676349268885425,2.8763280075865563
robust_real_derived_cpi_nonfood,AIDADS_sat,2015-2022,2023,21_2023,21,2023,nonfood,193.3894463958607,197.04366743349132,-3.6542210376306343,2.8763280075865563
robust_real_derived_cpi_nonfood,AIDADS_sat,2015-2022,2023,22_2023,22,2023,grain,0.4326623341718301,0.44744894463530444,-0.014786610463474348,2.616561521516174
robust_real_derived_cpi_nonfood,AIDADS_sat,2015-2022,2023,22_2023,22,2023,oil,0.14395390336849315,0.12583390698485183,0.018119996383641312,2.616561521516174
robust_real_derived_cpi_nonfood,AIDADS_sat,2015-2022,2023,22_2023,22,2023,vegfruit,0.054236043740945206,0.051234818611435945,0.0030012251295092607,2.616561521516174
robust_real_derived_cpi_nonfood,AIDADS_sat,2015-2022,2023,22_2023,22,2023,meatsea,0.1538538321231781,0.14628713093350024,0.007566701189677866,2.616561521516174
robust_real_derived_cpi_nonfood,AIDADS_sat,2015-2022,2023,22_2023,22,2023,dairyegg,0.03416256017775342,0.03136568366977206,0.002796876507981355,2.616561521516174
robust_real_derived_cpi_nonfood,AIDADS_sat,2015-2022,2023,22_2023,22,2023,nonfood,164.99754736094945,166.48896217678143,-1.4914148158319733,2.616561521516174
robust_real_derived_cpi_nonfood,AIDADS_sat,2015-2022,2023,23_2023,23,2023,grain,0.4431536385345431,0.43361081318354766,0.009542825350995432,2.677894129986618
robust_real_derived_cpi_nonfood,AIDADS_sat,2015-2022,2023,23_2023,23,2023,oil,0.1860084683506849,0.12582339891757344,0.06018506943311147,2.677894129986618
robust_real_derived_cpi_nonfood,AIDADS_sat,2015-2022,2023,23_2023,23,2023,vegfruit,0.062381404409041094,0.05123677786726458,0.011144626541776517,2.677894129986618
robust_real_derived_cpi_nonfood,AIDADS_sat,2015-2022,2023,23_2023,23,2023,meatsea,0.17131112885102742,0.1532955745325894,0.018015554318438015,2.677894129986618
robust_real_derived_cpi_nonfood,AIDADS_sat,2015-2022,2023,23_2023,23,2023,dairyegg,0.038324616552109586,0.031424234176933886,0.0069003823751757,2.677894129986618
robust_real_derived_cpi_nonfood,AIDADS_sat,2015-2022,2023,23_2023,23,2023,nonfood,167.69586208783898,172.8483830979576,-5.152521010118619,2.677894129986618
robust_real_derived_cpi_nonfood,AIDADS_sat,2015-2022,2023,31_2023,31,2023,grain,0.3046172489526769,0.3873070593745185,-0.08268981042184159,3.8918110806663604
robust_real_derived_cpi_nonfood,AIDADS_sat,2015-2022,2023,31_2023,31,2023,oil,0.11003478931232877,0.12585994378459656,-0.01582515447226779,3.8918110806663604
robust_real_derived_cpi_nonfood,AIDADS_sat,2015-2022,2023,31_2023,31,2023,vegfruit,0.05266247044931507,0.051229937833210504,0.0014325326161045634,3.8918110806663604
robust_real_derived_cpi_nonfood,AIDADS_sat,2015-2022,2023,31_2023,31,2023,meatsea,0.18150147105195896,0.11180015907727264,0.06970131197468632,3.8918110806663604
robust_real_derived_cpi_nonfood,AIDADS_sat,2015-2022,2023,31_2023,31,2023,dairyegg,0.044022094586520545,0.02883266732216097,0.015189427264359574,3.8918110806663604
robust_real_derived_cpi_nonfood,AIDADS_sat,2015-2022,2023,31_2023,31,2023,nonfood,430.00072785910294,433.2545445120344,-3.253816652931448,3.8918110806663604
robust_real_derived_cpi_nonfood,AIDADS_sat,2015-2022,2023,32_2023,32,2023,grain,0.42038185208599765,0.38692102550349716,0.03346082658250049,3.362681073893552
robust_real_derived_cpi_nonfood,AIDADS_sat,2015-2022,2023,32_2023,32,2023,oil,0.10482833522465752,0.12582166027955727,-0.020993325054899745,3.362681073893552
robust_real_derived_cpi_nonfood,AIDADS_sat,2015-2022,2023,32_2023,32,2023,vegfruit,0.0629273659289178,0.051233622192188404,0.0116937437367294,3.362681073893552
robust_real_derived_cpi_nonfood,AIDADS_sat,2015-2022,2023,32_2023,32,2023,meatsea,0.22168520943604111,0.13197240134930843,0.08971280808673268,3.362681073893552
robust_real_derived_cpi_nonfood,AIDADS_sat,2015-2022,2023,32_2023,32,2023,dairyegg,0.04470841889435617,0.03010221605184966,0.014606202842506511,3.362681073893552
robust_real_derived_cpi_nonfood,AIDADS_sat,2015-2022,2023,32_2023,32,2023,nonfood,277.13864203185176,281.66709788621733,-4.528455854365575,3.362681073893552
robust_real_derived_cpi_nonfood,AIDADS_sat,2015-2022,2023,33_2023,33,2023,grain,0.4115122017459172,0.4032844843210451,0.008227717424872105,3.600013675603381
robust_real_derived_cpi_nonfood,AIDADS_sat,2015-2022,2023,33_2023,33,2023,oil,0.12016582347945204,0.12582034382864193,-0.0056545203491898954,3.600013675603381
robust_real_derived_cpi_nonfood,AIDADS_sat,2015-2022,2023,33_2023,33,2023,vegfruit,0.059904608698041095,0.051228051117679044,0.008676557580362051,3.600013675603381
robust_real_derived_cpi_nonfood,AIDADS_sat,2015-2022,2023,33_2023,33,2023,meatsea,0.2265587656072603,0.12288494212194026,0.10367382348532003,3.600013675603381
robust_real_derived_cpi_nonfood,AIDADS_sat,2015-2022,2023,33_2023,33,2023,dairyegg,0.03514157751276713,0.029350287242369193,0.005791290270397934,3.600013675603381
robust_real_derived_cpi_nonfood,AIDADS_sat,2015-2022,2023,33_2023,33,2023,nonfood,333.9003676397869,339.8479103063231,-5.947542666536208,3.600013675603381
robust_real_derived_cpi_nonfood,AIDADS_sat,2015-2022,2023,34_2023,34,2023,grain,0.45247447579046796,0.4360752165836572,0.016399259206810735,2.790936141689855
robust_real_derived_cpi_nonfood,AIDADS_sat,2015-2022,2023,34_2023,34,2023,oil,0.11507616617671233,0.12584100643733173,-0.010764840260619399,2.790936141689855
robust_real_derived_cpi_nonfood,AIDADS_sat,2015-2022,2023,34_2023,34,2023,vegfruit,0.06472518893076712,0.05123514291666668,0.013490046014100442,2.790936141689855
robust_real_derived_cpi_nonfood,AIDADS_sat,2015-2022,2023,34_2023,34,2023,meatsea,0.21331682593776713,0.14959542378800686,0.06372140214976027,2.790936141689855
robust_real_derived_cpi_nonfood,AIDADS_sat,2015-2022,2023,34_2023,34,2023,dairyegg,0.041462645613917805,0.030652875504640197,0.010809770109277608,2.790936141689855
robust_real_derived_cpi_nonfood,AIDADS_sat,2015-2022,2023,34_2023,34,2023,nonfood,182.6949736293831,186.10576068384552,-3.4107870544624177,2.790936141689855
robust_real_derived_cpi_nonfood,AIDADS_sat,2015-2022,2023,35_2023,35,2023,grain,0.3967453296684574,0.38870883202008377,0.008036497648373608,3.2637917967268333
robust_real_derived_cpi_nonfood,AIDADS_sat,2015-2022,2023,35_2023,35,2023,oil,0.13546492139589042,0.1258154457220011,0.009649475673889324,3.2637917967268333
robust_real_derived_cpi_nonfood,AIDADS_sat,2015-2022,2023,35_2023,35,2023,vegfruit,0.05395749679835616,0.05123008981785022,0.002727406980505942,3.2637917967268333
robust_real_derived_cpi_nonfood,AIDADS_sat,2015-2022,2023,35_2023,35,2023,meatsea,0.24744111862497262,0.13409203969992195,0.11334907892505067,3.2637917967268333
robust_real_derived_cpi_nonfood,AIDADS_sat,2015-2022,2023,35_2023,35,2023,dairyegg,0.03561157422717808,0.029719167229499365,0.005892406997678717,3.2637917967268333
robust_real_derived_cpi_nonfood,AIDADS_sat,2015-2022,2023,35_2023,35,2023,nonfood,255.2738942000855,261.1948764019229,-5.920982201837404,3.2637917967268333
robust_real_derived_cpi_nonfood,AIDADS_sat,2015-2022,2023,36_2023,36,2023,grain,0.48706105765227276,0.4025030041867431,0.08455805346552964,2.750813396718274
robust_real_derived_cpi_nonfood,AIDADS_sat,2015-2022,2023,36_2023,36,2023,oil,0.1690546199917808,0.12587295272177432,0.043181667270006496,2.750813396718274
robust_real_derived_cpi_nonfood,AIDADS_sat,2015-2022,2023,36_2023,36,2023,vegfruit,0.06309015145158904,0.05123303212335787,0.01185711932823117,2.750813396718274
robust_real_derived_cpi_nonfood,AIDADS_sat,2015-2022,2023,36_2023,36,2023,meatsea,0.25439603889413703,0.1534620688551908,0.10093397003894625,2.750813396718274
robust_real_derived_cpi_nonfood,AIDADS_sat,2015-2022,2023,36_2023,36,2023,dairyegg,0.032848936460931503,0.030413917384974447,0.0024350190759570567,2.750813396718274
robust_real_derived_cpi_nonfood,AIDADS_sat,2015-2022,2023,36_2023,36,2023,nonfood,173.90048514543264,181.43853220029013,-7.538047054857486,2.750813396718274
robust_real_derived_cpi_nonfood,AIDADS_sat,2015-2022,2023,37_2023,37,2023,grain,0.39269666546388443,0.4468356680976826,-0.05413900263379817,2.8155092079435082
robust_real_derived_cpi_nonfood,AIDADS_sat,2015-2022,2023,37_2023,37,2023,oil,0.09746732962602739,0.1258537622477681,-0.028386432621740704,2.8155092079435082
robust_real_derived_cpi_nonfood,AIDADS_sat,2015-2022,2023,37_2023,37,2023,vegfruit,0.06651249681372604,0.051234946296701125,0.01527755051702491,2.8155092079435082
robust_real_derived_cpi_nonfood,AIDADS_sat,2015-2022,2023,37_2023,37,2023,meatsea,0.17029639338220554,0.14360964962162995,0.026686743760575588,2.8155092079435082
robust_real_derived_cpi_nonfood,AIDADS_sat,2015-2022,2023,37_2023,37,2023,dairyegg,0.058263631117260274,0.0313842764896967,0.02687935462756357,2.8155092079435082
robust_real_derived_cpi_nonfood,AIDADS_sat,2015-2022,2023,37_2023,37,2023,nonfood,188.01122421778086,189.28786447847386,-1.276640260693,2.8155092079435082
robust_real_derived_cpi_nonfood,AIDADS_sat,2015-2022,2023,41_2023,41,2023,grain,0.46439826078553464,0.4580338735528535,0.0063643872326811235,2.59092692725212
robust_real_derived_cpi_nonfood,AIDADS_sat,2015-2022,2023,41_2023,41,2023,oil,0.10180405841917807,0.12582810720962245,-0.024024048790444383,2.59092692725212
robust_real_derived_cpi_nonfood,AIDADS_sat,2015-2022,2023,41_2023,41,2023,vegfruit,0.06548803155861643,0.05124005918237502,0.01424797237624141,2.59092692725212
robust_real_derived_cpi_nonfood,AIDADS_sat,2015-2022,2023,41_2023,41,2023,meatsea,0.15989518055849314,0.1577260150208548,0.002169165537638351,2.59092692725212
robust_real_derived_cpi_nonfood,AIDADS_sat,2015-2022,2023,41_2023,41,2023,dairyegg,0.054989241862794525,0.03164157752481872,0.023347664337975804,2.59092692725212
robust_real_derived_cpi_nonfood,AIDADS_sat,2015-2022,2023,41_2023,41,2023,nonfood,162.97454306614893,163.350194996808,-0.37565193065907465,2.59092692725212
robust_real_derived_cpi_nonfood,AIDADS_sat,2015-2022,2023,42_2023,42,2023,grain,0.35900508915866297,0.41790010124630905,-0.05889501208764608,3.0073783951375352
robust_real_derived_cpi_nonfood,AIDADS_sat,2015-2022,2023,42_2023,42,2023,oil,0.17076300852328768,0.12583637407058565,0.044926634452702036,3.0073783951375352
robust_real_derived_cpi_nonfood,AIDADS_sat,2015-2022,2023,42_2023,42,2023,vegfruit,0.05862012852983561,0.05123431338550802,0.0073858151443275954,3.0073783951375352
robust_real_derived_cpi_nonfood,AIDADS_sat,2015-2022,2023,42_2023,42,2023,meatsea,0.1972345682561781,0.1506109336325653,0.0466236346236128,3.0073783951375352
robust_real_derived_cpi_nonfood,AIDADS_sat,2015-2022,2023,42_2023,42,2023,dairyegg,0.026845351222575344,0.030157656960013237,-0.0033123057374378935,3.0073783951375352
robust_real_derived_cpi_nonfood,AIDADS_sat,2015-2022,2023,42_2023,42,2023,nonfood,211.95131532668324,215.85877107644092,-3.9074557497576734,3.0073783951375352
robust_real_derived_cpi_nonfood,AIDADS_sat,2015-2022,2023,43_2023,43,2023,grain,0.4424136004734151,0.4179886128125634,0.024424987660851716,2.9175627006524287
robust_real_derived_cpi_nonfood,AIDADS_sat,2015-2022,2023,43_2023,43,2023,oil,0.1499261566438356,0.1258524174839677,0.024073739159867907,2.9175627006524287
robust_real_derived_cpi_nonfood,AIDADS_sat,2015-2022,2023,43_2023,43,2023,vegfruit,0.05924536324506849,0.05123193444873169,0.008013428796336798,2.9175627006524287
robust_real_derived_cpi_nonfood,AIDADS_sat,2015-2022,2023,43_2023,43,2023,meatsea,0.24691580422597265,0.14236053111738278,0.10455527310858986,2.9175627006524287
robust_real_derived_cpi_nonfood,AIDADS_sat,2015-2022,2023,43_2023,43,2023,dairyegg,0.02867275097786301,0.030130809445270773,-0.0014580584674077635,2.9175627006524287
robust_real_derived_cpi_nonfood,AIDADS_sat,2015-2022,2023,43_2023,43,2023,nonfood,196.84334639326477,203.10704002178394,-6.263693628519178,2.9175627006524287
robust_real_derived_cpi_nonfood,AIDADS_sat,2015-2022,2023,44_2023,44,2023,grain,0.35144269260178473,0.39377327397847994,-0.04233058137669521,3.3177973541497447
robust_real_derived_cpi_nonfood,AIDADS_sat,2015-2022,2023,44_2023,44,2023,oil,0.11737868737808219,0.12583420204606485,-0.008455514667982666,3.3177973541497447
robust_real_derived_cpi_nonfood,AIDADS_sat,2015-2022,2023,44_2023,44,2023,vegfruit,0.05155883859412329,0.05122853348493591,0.0003303051091873774,3.3177973541497447
robust_real_derived_cpi_nonfood,AIDADS_sat,2015-2022,2023,44_2023,44,2023,meatsea,0.28829919883701377,0.12320557636681989,0.16509362247019388,3.3177973541497447
robust_real_derived_cpi_nonfood,AIDADS_sat,2015-2022,2023,44_2023,44,2023,dairyegg,0.025651759792986305,0.029138222975147968,-0.003486463182161663,3.3177973541497447
robust_real_derived_cpi_nonfood,AIDADS_sat,2015-2022,2023,44_2023,44,2023,nonfood,265.1712049140535,272.54610293224175,-7.374898018188276,3.3177973541497447
robust_real_derived_cpi_nonfood,AIDADS_sat,2015-2022,2023,45_2023,45,2023,grain,0.37540283482835723,0.4450301628644274,-0.06962732803607019,2.4342529302408877
robust_real_derived_cpi_nonfood,AIDADS_sat,2015-2022,2023,45_2023,45,2023,oil,0.1110947912630137,0.12584324906812594,-0.014748457805112233,2.4342529302408877
robust_real_derived_cpi_nonfood,AIDADS_sat,2015-2022,2023,45_2023,45,2023,vegfruit,0.043824005092219176,0.051234423571544334,-0.007410418479325158,2.4342529302408877
robust_real_derived_cpi_nonfood,AIDADS_sat,2015-2022,2023,45_2023,45,2023,meatsea,0.233366925505548,0.1537509405428593,0.07961598496268871,2.4342529302408877
robust_real_derived_cpi_nonfood,AIDADS_sat,2015-2022,2023,45_2023,45,2023,dairyegg,0.01706144829720548,0.030258880247184462,-0.013197431949978983,2.4342529302408877
robust_real_derived_cpi_nonfood,AIDADS_sat,2015-2022,2023,45_2023,45,2023,nonfood,148.39213400992034,149.05536836204988,-0.6632343521295354,2.4342529302408877
robust_real_derived_cpi_nonfood,AIDADS_sat,2015-2022,2023,46_2023,46,2023,grain,0.307578305317757,0.40951930831205824,-0.10194100299430126,2.7327542483013794
robust_real_derived_cpi_nonfood,AIDADS_sat,2015-2022,2023,46_2023,46,2023,oil,0.120353526,0.12584443723926675,-0.005490911239266746,2.7327542483013794
robust_real_derived_cpi_nonfood,AIDADS_sat,2015-2022,2023,46_2023,46,2023,vegfruit,0.04742980548528768,0.051232650708087815,-0.0038028452228001386,2.7327542483013794
robust_real_derived_cpi_nonfood,AIDADS_sat,2015-2022,2023,46_2023,46,2023,meatsea,0.28521458967567126,0.1269604830248594,0.15825410665081185,2.7327542483013794
robust_real_derived_cpi_nonfood,AIDADS_sat,2015-2022,2023,46_2023,46,2023,dairyegg,0.015380498997260274,0.029715916258122164,-0.01433541726086189,2.7327542483013794
robust_real_derived_cpi_nonfood,AIDADS_sat,2015-2022,2023,46_2023,46,2023,nonfood,174.32097243347215,180.43865286603656,-6.117680432564413,2.7327542483013794
robust_real_derived_cpi_nonfood,AIDADS_sat,2015-2022,2023,50_2023,50,2023,grain,0.46049606103774166,0.39937117764187857,0.06112488339586308,3.000511941988335
robust_real_derived_cpi_nonfood,AIDADS_sat,2015-2022,2023,50_2023,50,2023,oil,0.18314738435342465,0.12582429292797911,0.05732309142544553,3.000511941988335
robust_real_derived_cpi_nonfood,AIDADS_sat,2015-2022,2023,50_2023,50,2023,vegfruit,0.06837373019984931,0.05123302882457877,0.017140701375270538,3.000511941988335
robust_real_derived_cpi_nonfood,AIDADS_sat,2015-2022,2023,50_2023,50,2023,meatsea,0.29444893635217806,0.16319676165120356,0.1312521747009745,3.000511941988335
robust_real_derived_cpi_nonfood,AIDADS_sat,2015-2022,2023,50_2023,50,2023,dairyegg,0.041191953430136985,0.02942950452815543,0.011762448901981554,3.000511941988335
robust_real_derived_cpi_nonfood,AIDADS_sat,2015-2022,2023,50_2023,50,2023,nonfood,204.9230873662108,214.57948218990154,-9.656394823690732,3.000511941988335
robust_real_derived_cpi_nonfood,AIDADS_sat,2015-2022,2023,51_2023,51,2023,grain,0.3878859813824683,0.4231820021700895,-0.035296020787621174,2.77622429464172
robust_real_derived_cpi_nonfood,AIDADS_sat,2015-2022,2023,51_2023,51,2023,oil,0.1418078748328767,0.12582012555624134,0.015987749276635377,2.77622429464172
robust_real_derived_cpi_nonfood,AIDADS_sat,2015-2022,2023,51_2023,51,2023,vegfruit,0.05487585882883561,0.05123390211858975,0.003641956710245864,2.77622429464172
robust_real_derived_cpi_nonfood,AIDADS_sat,2015-2022,2023,51_2023,51,2023,meatsea,0.2527003733934384,0.15826910458859347,0.09443126880484495,2.77622429464172
robust_real_derived_cpi_nonfood,AIDADS_sat,2015-2022,2023,51_2023,51,2023,dairyegg,0.030569266928986302,0.030047771189385578,0.0005214957396007247,2.77622429464172
robust_real_derived_cpi_nonfood,AIDADS_sat,2015-2022,2023,51_2023,51,2023,nonfood,179.92301189433695,184.12490769511206,-4.201895800775105,2.77622429464172
robust_real_derived_cpi_nonfood,AIDADS_sat,2015-2022,2023,52_2023,52,2023,grain,0.37584199448045486,0.4008043402961109,-0.02496234581565604,2.553843786008625
robust_real_derived_cpi_nonfood,AIDADS_sat,2015-2022,2023,52_2023,52,2023,oil,0.09838496586575342,0.12582192967832054,-0.02743696381256712,2.553843786008625
robust_real_derived_cpi_nonfood,AIDADS_sat,2015-2022,2023,52_2023,52,2023,vegfruit,0.04116452306167123,0.05123510891443456,-0.010070585852763325,2.553843786008625
robust_real_derived_cpi_nonfood,AIDADS_sat,2015-2022,2023,52_2023,52,2023,meatsea,0.17181017149100003,0.17272351669209896,-0.0009133452010989251,2.553843786008625
robust_real_derived_cpi_nonfood,AIDADS_sat,2015-2022,2023,52_2023,52,2023,dairyegg,0.014689036060054795,0.030096196384040007,-0.015407160323985212,2.553843786008625
robust_real_derived_cpi_nonfood,AIDADS_sat,2015-2022,2023,52_2023,52,2023,nonfood,162.93482729387534,159.72491796990712,3.209909323968219,2.553843786008625
robust_real_derived_cpi_nonfood,AIDADS_sat,2015-2022,2023,53_2023,53,2023,grain,0.3867426163660408,0.42859714304951224,-0.04185452668347145,2.6142774785280567
robust_real_derived_cpi_nonfood,AIDADS_sat,2015-2022,2023,53_2023,53,2023,oil,0.08333861358082191,0.12584922444844546,-0.04251061086762355,2.6142774785280567
robust_real_derived_cpi_nonfood,AIDADS_sat,2015-2022,2023,53_2023,53,2023,vegfruit,0.05126555375045205,0.05123842229720139,2.713145325066585e-05,2.6142774785280567
robust_real_derived_cpi_nonfood,AIDADS_sat,2015-2022,2023,53_2023,53,2023,meatsea,0.21070370897102741,0.16060207636135368,0.050101632609673735,2.6142774785280567
robust_real_derived_cpi_nonfood,AIDADS_sat,2015-2022,2023,53_2023,53,2023,dairyegg,0.02035924537117808,0.0298134952189016,-0.009454249847723521,2.6142774785280567
robust_real_derived_cpi_nonfood,AIDADS_sat,2015-2022,2023,53_2023,53,2023,nonfood,166.93767090485147,165.91373414333037,1.0239367615210995,2.6142774785280567
robust_real_derived_cpi_nonfood,AIDADS_sat,2015-2022,2023,54_2023,54,2023,grain,0.5186482349058573,0.4658078973993909,0.05284033750646644,2.0013050067282734
robust_real_derived_cpi_nonfood,AIDADS_sat,2015-2022,2023,54_2023,54,2023,oil,0.21030453973972604,0.12590302752743604,0.08440151221229,2.0013050067282734
robust_real_derived_cpi_nonfood,AIDADS_sat,2015-2022,2023,54_2023,54,2023,vegfruit,0.024458300007643832,0.05123574416458733,-0.026777444156943497,2.0013050067282734
robust_real_derived_cpi_nonfood,AIDADS_sat,2015-2022,2023,54_2023,54,2023,meatsea,0.1008908341560274,0.09118666634524494,0.009704167810782455,2.0013050067282734
robust_real_derived_cpi_nonfood,AIDADS_sat,2015-2022,2023,54_2023,54,2023,dairyegg,0.011158204566136986,0.03066932584504889,-0.019511121278911903,2.0013050067282734
robust_real_derived_cpi_nonfood,AIDADS_sat,2015-2022,2023,54_2023,54,2023,nonfood,120.80589468442481,123.28868832867758,-2.482793644252766,2.0013050067282734
robust_real_derived_cpi_nonfood,AIDADS_sat,2015-2022,2023,61_2023,61,2023,grain,0.44846948614476256,0.4366607558729364,0.011808730271826162,2.6583755242440166
robust_real_derived_cpi_nonfood,AIDADS_sat,2015-2022,2023,61_2023,61,2023,oil,0.14446844721369861,0.12582659945345734,0.018641847760241276,2.6583755242440166
robust_real_derived_cpi_nonfood,AIDADS_sat,2015-2022,2023,61_2023,61,2023,vegfruit,0.054538668786753425,0.051237497689179394,0.0033011710975740308,2.6583755242440166
robust_real_derived_cpi_nonfood,AIDADS_sat,2015-2022,2023,61_2023,61,2023,meatsea,0.11179258960361647,0.15738689559173483,-0.04559430598811835,2.6583755242440166
robust_real_derived_cpi_nonfood,AIDADS_sat,2015-2022,2023,61_2023,61,2023,dairyegg,0.03393527041764383,0.030512594391793997,0.0034226760258498357,2.6583755242440166
robust_real_derived_cpi_nonfood,AIDADS_sat,2015-2022,2023,61_2023,61,2023,nonfood,170.74154887329416,170.57945208212206,0.16209679117210385,2.6583755242440166
robust_real_derived_cpi_nonfood,AIDADS_sat,2015-2022,2023,62_2023,62,2023,grain,0.4243009195253404,0.4458032537373269,-0.021502334211986496,2.386350729515316
robust_real_derived_cpi_nonfood,AIDADS_sat,2015-2022,2023,62_2023,62,2023,oil,0.12414091700958906,0.1258361248951131,-0.0016952078855240332,2.386350729515316
robust_real_derived_cpi_nonfood,AIDADS_sat,2015-2022,2023,62_2023,62,2023,vegfruit,0.04938608294468493,0.051232129134961085,-0.001846046190276153,2.386350729515316
robust_real_derived_cpi_nonfood,AIDADS_sat,2015-2022,2023,62_2023,62,2023,meatsea,0.1129003161610548,0.14963808814216242,-0.03673777198110763,2.386350729515316
robust_real_derived_cpi_nonfood,AIDADS_sat,2015-2022,2023,62_2023,62,2023,dairyegg,0.02624217486126027,0.030408058102594067,-0.004165883241333795,2.386350729515316
robust_real_derived_cpi_nonfood,AIDADS_sat,2015-2022,2023,62_2023,62,2023,nonfood,147.3023978651329,145.19035018735246,2.1120476777804242,2.386350729515316
robust_real_derived_cpi_nonfood,AIDADS_sat,2015-2022,2023,63_2023,63,2023,grain,0.3275575308775578,0.4314799902434894,-0.10392245936593159,2.435675478929099
robust_real_derived_cpi_nonfood,AIDADS_sat,2015-2022,2023,63_2023,63,2023,oil,0.11032837625342466,0.1258411912464518,-0.015512814993027133,2.435675478929099
robust_real_derived_cpi_nonfood,AIDADS_sat,2015-2022,2023,63_2023,63,2023,vegfruit,0.0339402547749041,0.051236145941683325,-0.017295891166779223,2.435675478929099
robust_real_derived_cpi_nonfood,AIDADS_sat,2015-2022,2023,63_2023,63,2023,meatsea,0.10840219123434247,0.11526366881069335,-0.0068614775763508745,2.435675478929099
robust_real_derived_cpi_nonfood,AIDADS_sat,2015-2022,2023,63_2023,63,2023,dairyegg,0.02551890979079452,0.030087079431280625,-0.0045681696404861055,2.435675478929099
robust_real_derived_cpi_nonfood,AIDADS_sat,2015-2022,2023,63_2023,63,2023,nonfood,155.08334189616642,151.244771080762,3.8385708154044096,2.435675478929099
robust_real_derived_cpi_nonfood,AIDADS_sat,2015-2022,2023,64_2023,64,2023,grain,0.3362811380687421,0.46277452661218454,-0.12649338854344244,2.6056913825042294
robust_real_derived_cpi_nonfood,AIDADS_sat,2015-2022,2023,64_2023,64,2023,oil,0.11375094204246575,0.12584957784115408,-0.012098635798688334,2.6056913825042294
robust_real_derived_cpi_nonfood,AIDADS_sat,2015-2022,2023,64_2023,64,2023,vegfruit,0.05663366448654794,0.05123400338735856,0.005399661099189379,2.6056913825042294
robust_real_derived_cpi_nonfood,AIDADS_sat,2015-2022,2023,64_2023,64,2023,meatsea,0.08436359746371234,0.11233613669918872,-0.02797253923547638,2.6056913825042294
robust_real_derived_cpi_nonfood,AIDADS_sat,2015-2022,2023,64_2023,64,2023,dairyegg,0.024823124585205476,0.030566145085525933,-0.005743020500320457,2.6056913825042294
robust_real_derived_cpi_nonfood,AIDADS_sat,2015-2022,2023,64_2023,64,2023,nonfood,170.1950081606727,167.0503433865574,3.144664774115313,2.6056913825042294
robust_real_derived_cpi_nonfood,AIDADS_sat,2015-2022,2023,65_2023,65,2023,grain,0.4106162889935257,0.5021655159133119,-0.09154922691978623,2.4157364581123533
robust_real_derived_cpi_nonfood,AIDADS_sat,2015-2022,2023,65_2023,65,2023,oil,0.15855890840136988,0.1258321413570593,0.03272676704431057,2.4157364581123533
robust_real_derived_cpi_nonfood,AIDADS_sat,2015-2022,2023,65_2023,65,2023,vegfruit,0.05228206464967122,0.051238446921368606,0.0010436177283026163,2.4157364581123533
robust_real_derived_cpi_nonfood,AIDADS_sat,2015-2022,2023,65_2023,65,2023,meatsea,0.09059320593078082,0.09971738883174752,-0.009124182900966699,2.4157364581123533
robust_real_derived_cpi_nonfood,AIDADS_sat,2015-2022,2023,65_2023,65,2023,dairyegg,0.03053283134115068,0.0312474175203676,-0.0007145861792169188,2.4157364581123533
robust_real_derived_cpi_nonfood,AIDADS_sat,2015-2022,2023,65_2023,65,2023,nonfood,149.71606651954545,150.1998024446815,-0.48373592513604535,2.4157364581123533
robust_real_derived_cpi_nonfood,MAIDADS_sat,2015-2022,2023,11_2023,11,2023,grain,0.28137973277819794,0.32659413870535275,-0.04521440592715481,3.6066126433438805
robust_real_derived_cpi_nonfood,MAIDADS_sat,2015-2022,2023,11_2023,11,2023,oil,0.07752926983561644,0.10817086528152099,-0.030641595445904557,3.6066126433438805
robust_real_derived_cpi_nonfood,MAIDADS_sat,2015-2022,2023,11_2023,11,2023,vegfruit,0.0625574987029863,0.057341106379199036,0.005216392323787261,3.6066126433438805
robust_real_derived_cpi_nonfood,MAIDADS_sat,2015-2022,2023,11_2023,11,2023,meatsea,0.13128432947763014,0.12456561275747875,0.0067187167201513825,3.6066126433438805
robust_real_derived_cpi_nonfood,MAIDADS_sat,2015-2022,2023,11_2023,11,2023,dairyegg,0.04753628683583561,0.03314657634696126,0.01438971048887435,3.6066126433438805
robust_real_derived_cpi_nonfood,MAIDADS_sat,2015-2022,2023,11_2023,11,2023,nonfood,398.3502952806045,397.43560463567474,0.9146906449297489,3.6066126433438805
robust_real_derived_cpi_nonfood,MAIDADS_sat,2015-2022,2023,12_2023,12,2023,grain,0.3017694690540021,0.3562615935617332,-0.05449212450773111,3.160478207791585
robust_real_derived_cpi_nonfood,MAIDADS_sat,2015-2022,2023,12_2023,12,2023,oil,0.09093333591369862,0.11288415591122321,-0.021950819997524587,3.160478207791585
robust_real_derived_cpi_nonfood,MAIDADS_sat,2015-2022,2023,12_2023,12,2023,vegfruit,0.065562965456863,0.05573070865336918,0.009832256803493825,3.160478207791585
robust_real_derived_cpi_nonfood,MAIDADS_sat,2015-2022,2023,12_2023,12,2023,meatsea,0.1351317642830822,0.1284228084477409,0.006708955835341313,3.160478207791585
robust_real_derived_cpi_nonfood,MAIDADS_sat,2015-2022,2023,12_2023,12,2023,dairyegg,0.04805397479747945,0.0326488228825723,0.015405151914907149,3.160478207791585
robust_real_derived_cpi_nonfood,MAIDADS_sat,2015-2022,2023,12_2023,12,2023,nonfood,281.5967181490573,281.47877617796496,0.11794197109236393,3.160478207791585
robust_real_derived_cpi_nonfood,MAIDADS_sat,2015-2022,2023,13_2023,13,2023,grain,0.5269987324502501,0.41077547608893544,0.11622325636131464,2.489970754440214
robust_real_derived_cpi_nonfood,MAIDADS_sat,2015-2022,2023,13_2023,13,2023,oil,0.1115451541479452,0.12232664217610399,-0.010781488028158787,2.489970754440214
robust_real_derived_cpi_nonfood,MAIDADS_sat,2015-2022,2023,13_2023,13,2023,vegfruit,0.07511302484430137,0.05251211524965144,0.022600909594649922,2.489970754440214
robust_real_derived_cpi_nonfood,MAIDADS_sat,2015-2022,2023,13_2023,13,2023,meatsea,0.16028113116310966,0.16043559930907203,-0.00015446814596237202,2.489970754440214
robust_real_derived_cpi_nonfood,MAIDADS_sat,2015-2022,2023,13_2023,13,2023,dairyegg,0.05662655921161643,0.0312849863473498,0.02534157286426663,2.489970754440214
robust_real_derived_cpi_nonfood,MAIDADS_sat,2015-2022,2023,13_2023,13,2023,nonfood,176.00184298091688,178.67118214515966,-2.6693391642427855,2.489970754440214
robust_real_derived_cpi_nonfood,MAIDADS_sat,2015-2022,2023,14_2023,14,2023,grain,0.3493339851388695,0.435768480669109,-0.08643449553023952,2.2305279860148444
robust_real_derived_cpi_nonfood,MAIDADS_sat,2015-2022,2023,14_2023,14,2023,oil,0.10038829614657534,0.12684020356515435,-0.026451907418579015,2.2305279860148444
robust_real_derived_cpi_nonfood,MAIDADS_sat,2015-2022,2023,14_2023,14,2023,vegfruit,0.05101385413653424,0.05097257714602301,4.1276990511228406e-05,2.2305279860148444
robust_real_derived_cpi_nonfood,MAIDADS_sat,2015-2022,2023,14_2023,14,2023,meatsea,0.08863286997327399,0.17615938116638352,-0.08752651119310953,2.2305279860148444
robust_real_derived_cpi_nonfood,MAIDADS_sat,2015-2022,2023,14_2023,14,2023,dairyegg,0.03985271954947944,0.030483036229944298,0.009369683319535145,2.2305279860148444
robust_real_derived_cpi_nonfood,MAIDADS_sat,2015-2022,2023,14_2023,14,2023,nonfood,158.38016345715857,153.57030374264878,4.809859714509798,2.2305279860148444
robust_real_derived_cpi_nonfood,MAIDADS_sat,2015-2022,2023,15_2023,15,2023,grain,0.5186264683569439,0.3845397055858561,0.13408676277108783,2.79888016553019
robust_real_derived_cpi_nonfood,MAIDADS_sat,2015-2022,2023,15_2023,15,2023,oil,0.09135150362876714,0.11760455931923192,-0.02625305569046478,2.79888016553019
robust_real_derived_cpi_nonfood,MAIDADS_sat,2015-2022,2023,15_2023,15,2023,vegfruit,0.06857129828832877,0.054123637257350074,0.014447661030978692,2.79888016553019
robust_real_derived_cpi_nonfood,MAIDADS_sat,2015-2022,2023,15_2023,15,2023,meatsea,0.18926551032261646,0.13874936627304837,0.050516144049568085,2.79888016553019
robust_real_derived_cpi_nonfood,MAIDADS_sat,2015-2022,2023,15_2023,15,2023,dairyegg,0.04939948714739725,0.031229372775909592,0.01817011437148766,2.79888016553019
robust_real_derived_cpi_nonfood,MAIDADS_sat,2015-2022,2023,15_2023,15,2023,nonfood,214.31495942505026,218.17228474956067,-3.8573253245104127,2.79888016553019
robust_real_derived_cpi_nonfood,MAIDADS_sat,2015-2022,2023,21_2023,21,2023,grain,0.4482158434225516,0.3973636437920691,0.050852199630482486,2.6490565119673457
robust_real_derived_cpi_nonfood,MAIDADS_sat,2015-2022,2023,21_2023,21,2023,oil,0.12459337368904108,0.11979942706014461,0.00479394662889647,2.6490565119673457
robust_real_derived_cpi_nonfood,MAIDADS_sat,2015-2022,2023,21_2023,21,2023,vegfruit,0.06944341088241096,0.053372943760378884,0.016070467122032077,2.6490565119673457
robust_real_derived_cpi_nonfood,MAIDADS_sat,2015-2022,2023,21_2023,21,2023,meatsea,0.19865744903054797,0.1586693143681962,0.039988134662351765,2.6490565119673457
robust_real_derived_cpi_nonfood,MAIDADS_sat,2015-2022,2023,21_2023,21,2023,dairyegg,0.047527092968109586,0.03149050622911092,0.016036586738998666,2.6490565119673457
robust_real_derived_cpi_nonfood,MAIDADS_sat,2015-2022,2023,21_2023,21,2023,nonfood,193.3894463958607,197.14905697819475,-3.759610582334062,2.6490565119673457
robust_real_derived_cpi_nonfood,MAIDADS_sat,2015-2022,2023,22_2023,22,2023,grain,0.4326623341718301,0.42083086460690644,0.011831469564923647,2.36571592442729
robust_real_derived_cpi_nonfood,MAIDADS_sat,2015-2022,2023,22_2023,22,2023,oil,0.14395390336849315,0.12442490945021933,0.019528993918273813,2.36571592442729
robust_real_derived_cpi_nonfood,MAIDADS_sat,2015-2022,2023,22_2023,22,2023,vegfruit,0.054236043740945206,0.05179440367832602,0.0024416400626191825,2.36571592442729
robust_real_derived_cpi_nonfood,MAIDADS_sat,2015-2022,2023,22_2023,22,2023,meatsea,0.1538538321231781,0.15530848152381677,-0.0014546494006386634,2.36571592442729
robust_real_derived_cpi_nonfood,MAIDADS_sat,2015-2022,2023,22_2023,22,2023,dairyegg,0.03416256017775342,0.030963003355142585,0.003199556822610833,2.36571592442729
robust_real_derived_cpi_nonfood,MAIDADS_sat,2015-2022,2023,22_2023,22,2023,nonfood,164.99754736094945,166.36934147276133,-1.3717941118118802,2.36571592442729
robust_real_derived_cpi_nonfood,MAIDADS_sat,2015-2022,2023,23_2023,23,2023,grain,0.4431536385345431,0.40962919362525607,0.03352444490928702,2.4336678389081285
robust_real_derived_cpi_nonfood,MAIDADS_sat,2015-2022,2023,23_2023,23,2023,oil,0.1860084683506849,0.12325611012634537,0.06275235822433954,2.4336678389081285
robust_real_derived_cpi_nonfood,MAIDADS_sat,2015-2022,2023,23_2023,23,2023,vegfruit,0.062381404409041094,0.052192276402940836,0.010189128006100258,2.4336678389081285
robust_real_derived_cpi_nonfood,MAIDADS_sat,2015-2022,2023,23_2023,23,2023,meatsea,0.17131112885102742,0.16387302053100394,0.007438108320023479,2.4336678389081285
robust_real_derived_cpi_nonfood,MAIDADS_sat,2015-2022,2023,23_2023,23,2023,dairyegg,0.038324616552109586,0.031195328900066904,0.007129287652042682,2.4336678389081285
robust_real_derived_cpi_nonfood,MAIDADS_sat,2015-2022,2023,23_2023,23,2023,nonfood,167.69586208783898,172.73011337750734,-5.0342512896683616,2.4336678389081285
robust_real_derived_cpi_nonfood,MAIDADS_sat,2015-2022,2023,31_2023,31,2023,grain,0.3046172489526769,0.31385810396502745,-0.009240855012350557,3.7122259073901818
robust_real_derived_cpi_nonfood,MAIDADS_sat,2015-2022,2023,31_2023,31,2023,oil,0.11003478931232877,0.1072609316344029,0.002773857677925873,3.7122259073901818
robust_real_derived_cpi_nonfood,MAIDADS_sat,2015-2022,2023,31_2023,31,2023,vegfruit,0.05266247044931507,0.05766452322692325,-0.005002052777608186,3.7122259073901818
robust_real_derived_cpi_nonfood,MAIDADS_sat,2015-2022,2023,31_2023,31,2023,meatsea,0.18150147105195896,0.12123374687429261,0.06026772417766635,3.7122259073901818
robust_real_derived_cpi_nonfood,MAIDADS_sat,2015-2022,2023,31_2023,31,2023,dairyegg,0.044022094586520545,0.03279484807018599,0.011227246516334555,3.7122259073901818
robust_real_derived_cpi_nonfood,MAIDADS_sat,2015-2022,2023,31_2023,31,2023,nonfood,430.00072785910294,433.4178908953803,-3.4171630362773726,3.7122259073901818
robust_real_derived_cpi_nonfood,MAIDADS_sat,2015-2022,2023,32_2023,32,2023,grain,0.42038185208599765,0.3407354631189996,0.07964638896699805,3.1651139857012396
robust_real_derived_cpi_nonfood,MAIDADS_sat,2015-2022,2023,32_2023,32,2023,oil,0.10482833522465752,0.11284080186793288,-0.00801246664327536,3.1651139857012396
robust_real_derived_cpi_nonfood,MAIDADS_sat,2015-2022,2023,32_2023,32,2023,vegfruit,0.0629273659289178,0.05574915878858056,0.007178207140337241,3.1651139857012396
robust_real_derived_cpi_nonfood,MAIDADS_sat,2015-2022,2023,32_2023,32,2023,meatsea,0.22168520943604111,0.142845579737269,0.07883962969877212,3.1651139857012396
robust_real_derived_cpi_nonfood,MAIDADS_sat,2015-2022,2023,32_2023,32,2023,dairyegg,0.04470841889435617,0.03241352863071237,0.012294890263643804,3.1651139857012396
robust_real_derived_cpi_nonfood,MAIDADS_sat,2015-2022,2023,32_2023,32,2023,nonfood,277.13864203185176,281.8865955701626,-4.747953538310867,3.1651139857012396
robust_real_derived_cpi_nonfood,MAIDADS_sat,2015-2022,2023,33_2023,33,2023,grain,0.4115122017459172,0.3341413301447179,0.07737087160119926,3.4113174462655467
robust_real_derived_cpi_nonfood,MAIDADS_sat,2015-2022,2023,33_2023,33,2023,oil,0.12016582347945204,0.11010935979609146,0.010056463683360578,3.4113174462655467
robust_real_derived_cpi_nonfood,MAIDADS_sat,2015-2022,2023,33_2023,33,2023,vegfruit,0.059904608698041095,0.05667820732856152,0.0032264013694795757,3.4113174462655467
robust_real_derived_cpi_nonfood,MAIDADS_sat,2015-2022,2023,33_2023,33,2023,meatsea,0.2265587656072603,0.13324245527829395,0.09331631032896634,3.4113174462655467
robust_real_derived_cpi_nonfood,MAIDADS_sat,2015-2022,2023,33_2023,33,2023,dairyegg,0.03514157751276713,0.03253380105867039,0.0026077764540967385,3.4113174462655467
robust_real_derived_cpi_nonfood,MAIDADS_sat,2015-2022,2023,33_2023,33,2023,nonfood,333.9003676397869,340.05537052866134,-6.155002888874435,3.4113174462655467
robust_real_derived_cpi_nonfood,MAIDADS_sat,2015-2022,2023,34_2023,34,2023,grain,0.45247447579046796,0.4009089248887589,0.051565550901709056,2.5564694513725534
robust_real_derived_cpi_nonfood,MAIDADS_sat,2015-2022,2023,34_2023,34,2023,oil,0.11507616617671233,0.12126133292613937,-0.00618516674942704,2.5564694513725534
robust_real_derived_cpi_nonfood,MAIDADS_sat,2015-2022,2023,34_2023,34,2023,vegfruit,0.06472518893076712,0.052877817633287916,0.011847371297479203,2.5564694513725534
robust_real_derived_cpi_nonfood,MAIDADS_sat,2015-2022,2023,34_2023,34,2023,meatsea,0.21331682593776713,0.1603277869093422,0.05298903902842492,2.5564694513725534
robust_real_derived_cpi_nonfood,MAIDADS_sat,2015-2022,2023,34_2023,34,2023,dairyegg,0.041462645613917805,0.03117551996035889,0.010287125653558916,2.5564694513725534
robust_real_derived_cpi_nonfood,MAIDADS_sat,2015-2022,2023,34_2023,34,2023,nonfood,182.6949736293831,186.06218195751063,-3.367208328127532,2.5564694513725534
robust_real_derived_cpi_nonfood,MAIDADS_sat,2015-2022,2023,35_2023,35,2023,grain,0.3967453296684574,0.34754360776119897,0.04920172190725841,3.06107447739561
robust_real_derived_cpi_nonfood,MAIDADS_sat,2015-2022,2023,35_2023,35,2023,oil,0.13546492139589042,0.11409897366287111,0.021365947733019308,3.06107447739561
robust_real_derived_cpi_nonfood,MAIDADS_sat,2015-2022,2023,35_2023,35,2023,vegfruit,0.05395749679835616,0.055314699470779494,-0.001357202672423334,3.06107447739561
robust_real_derived_cpi_nonfood,MAIDADS_sat,2015-2022,2023,35_2023,35,2023,meatsea,0.24744111862497262,0.14483562546497036,0.10260549316000225,3.06107447739561
robust_real_derived_cpi_nonfood,MAIDADS_sat,2015-2022,2023,35_2023,35,2023,dairyegg,0.03561157422717808,0.03199537266601981,0.003616201561158272,3.06107447739561
robust_real_derived_cpi_nonfood,MAIDADS_sat,2015-2022,2023,35_2023,35,2023,nonfood,255.2738942000855,261.30188986579896,-6.027995665713462,3.06107447739561
robust_real_derived_cpi_nonfood,MAIDADS_sat,2015-2022,2023,36_2023,36,2023,grain,0.48706105765227276,0.39087132692699456,0.0961897307252782,2.5129907597049588
robust_real_derived_cpi_nonfood,MAIDADS_sat,2015-2022,2023,36_2023,36,2023,oil,0.1690546199917808,0.12198632404681828,0.047068295944962535,2.5129907597049588
robust_real_derived_cpi_nonfood,MAIDADS_sat,2015-2022,2023,36_2023,36,2023,vegfruit,0.06309015145158904,0.05263738847382084,0.010452762977768204,2.5129907597049588
robust_real_derived_cpi_nonfood,MAIDADS_sat,2015-2022,2023,36_2023,36,2023,meatsea,0.25439603889413703,0.16445492484549923,0.0899411140486378,2.5129907597049588
robust_real_derived_cpi_nonfood,MAIDADS_sat,2015-2022,2023,36_2023,36,2023,dairyegg,0.032848936460931503,0.030927010400109072,0.0019219260608224313,2.5129907597049588
robust_real_derived_cpi_nonfood,MAIDADS_sat,2015-2022,2023,36_2023,36,2023,nonfood,173.90048514543264,181.17469073275993,-7.2742055873272875,2.5129907597049588
robust_real_derived_cpi_nonfood,MAIDADS_sat,2015-2022,2023,37_2023,37,2023,grain,0.39269666546388443,0.4032549293928801,-0.01055826392899567,2.58257671582314
robust_real_derived_cpi_nonfood,MAIDADS_sat,2015-2022,2023,37_2023,37,2023,oil,0.09746732962602739,0.12085906944206384,-0.023391739816036455,2.58257671582314
robust_real_derived_cpi_nonfood,MAIDADS_sat,2015-2022,2023,37_2023,37,2023,vegfruit,0.06651249681372604,0.053018831343563264,0.013493665470162772,2.58257671582314
robust_real_derived_cpi_nonfood,MAIDADS_sat,2015-2022,2023,37_2023,37,2023,meatsea,0.17029639338220554,0.15352173364106653,0.01677465974113901,2.58257671582314
robust_real_derived_cpi_nonfood,MAIDADS_sat,2015-2022,2023,37_2023,37,2023,dairyegg,0.058263631117260274,0.031615067837975096,0.02664856327928518,2.58257671582314
robust_real_derived_cpi_nonfood,MAIDADS_sat,2015-2022,2023,37_2023,37,2023,nonfood,188.01122421778086,189.3004631029332,-1.2892388851523435,2.58257671582314
robust_real_derived_cpi_nonfood,MAIDADS_sat,2015-2022,2023,41_2023,41,2023,grain,0.46439826078553464,0.4273196967429654,0.03707856404256926,2.3379324364337046
robust_real_derived_cpi_nonfood,MAIDADS_sat,2015-2022,2023,41_2023,41,2023,oil,0.10180405841917807,0.1249042312142439,-0.023100172795065835,2.3379324364337046
robust_real_derived_cpi_nonfood,MAIDADS_sat,2015-2022,2023,41_2023,41,2023,vegfruit,0.06548803155861643,0.05163282885726634,0.013855202701350093,2.3379324364337046
robust_real_derived_cpi_nonfood,MAIDADS_sat,2015-2022,2023,41_2023,41,2023,meatsea,0.15989518055849314,0.1685166643677134,-0.00862148380922026,2.3379324364337046
robust_real_derived_cpi_nonfood,MAIDADS_sat,2015-2022,2023,41_2023,41,2023,dairyegg,0.054989241862794525,0.03101007595479368,0.023979165908000845,2.3379324364337046
robust_real_derived_cpi_nonfood,MAIDADS_sat,2015-2022,2023,41_2023,41,2023,nonfood,162.97454306614893,163.231633643164,-0.2570905770150773,2.3379324364337046
robust_real_derived_cpi_nonfood,MAIDADS_sat,2015-2022,2023,42_2023,42,2023,grain,0.35900508915866297,0.37665605852158823,-0.017650969362925262,2.789568408313203
robust_real_derived_cpi_nonfood,MAIDADS_sat,2015-2022,2023,42_2023,42,2023,oil,0.17076300852328768,0.11774204680083074,0.05302096172245695,2.789568408313203
robust_real_derived_cpi_nonfood,MAIDADS_sat,2015-2022,2023,42_2023,42,2023,vegfruit,0.05862012852983561,0.054078659844761026,0.004541468685074587,2.789568408313203
robust_real_derived_cpi_nonfood,MAIDADS_sat,2015-2022,2023,42_2023,42,2023,meatsea,0.1972345682561781,0.1628521868869498,0.034382381369228304,2.789568408313203
robust_real_derived_cpi_nonfood,MAIDADS_sat,2015-2022,2023,42_2023,42,2023,dairyegg,0.026845351222575344,0.031559862308259176,-0.004714511085683833,2.789568408313203
robust_real_derived_cpi_nonfood,MAIDADS_sat,2015-2022,2023,42_2023,42,2023,nonfood,211.95131532668324,215.89552724067437,-3.9442119139911256,2.789568408313203
robust_real_derived_cpi_nonfood,MAIDADS_sat,2015-2022,2023,43_2023,43,2023,grain,0.4424136004734151,0.3835652242131931,0.05884837626022199,2.6926856630402645
robust_real_derived_cpi_nonfood,MAIDADS_sat,2015-2022,2023,43_2023,43,2023,oil,0.1499261566438356,0.11916989065915112,0.030756265984684478,2.6926856630402645
robust_real_derived_cpi_nonfood,MAIDADS_sat,2015-2022,2023,43_2023,43,2023,vegfruit,0.05924536324506849,0.053593450174421936,0.005651913070646553,2.6926856630402645
robust_real_derived_cpi_nonfood,MAIDADS_sat,2015-2022,2023,43_2023,43,2023,meatsea,0.24691580422597265,0.15262173569946952,0.09429406852650313,2.6926856630402645
robust_real_derived_cpi_nonfood,MAIDADS_sat,2015-2022,2023,43_2023,43,2023,dairyegg,0.02867275097786301,0.03129416680414171,-0.0026214158262787,2.6926856630402645
robust_real_derived_cpi_nonfood,MAIDADS_sat,2015-2022,2023,43_2023,43,2023,nonfood,196.84334639326477,203.04609811392896,-6.202751720664196,2.6926856630402645
robust_real_derived_cpi_nonfood,MAIDADS_sat,2015-2022,2023,44_2023,44,2023,grain,0.35144269260178473,0.34629888046659957,0.005143812135185166,3.116806955186897
robust_real_derived_cpi_nonfood,MAIDADS_sat,2015-2022,2023,44_2023,44,2023,oil,0.11737868737808219,0.11342955192719725,0.003949135450884933,3.116806955186897
robust_real_derived_cpi_nonfood,MAIDADS_sat,2015-2022,2023,44_2023,44,2023,vegfruit,0.05155883859412329,0.05554770670260977,-0.003988868108486483,3.116806955186897
robust_real_derived_cpi_nonfood,MAIDADS_sat,2015-2022,2023,44_2023,44,2023,meatsea,0.28829919883701377,0.13229964968633606,0.1559995491506777,3.116806955186897
robust_real_derived_cpi_nonfood,MAIDADS_sat,2015-2022,2023,44_2023,44,2023,dairyegg,0.025651759792986305,0.031832234660054484,-0.0061804748670681794,3.116806955186897
robust_real_derived_cpi_nonfood,MAIDADS_sat,2015-2022,2023,44_2023,44,2023,nonfood,265.1712049140535,272.58940591515614,-7.418201001102659,3.116806955186897
robust_real_derived_cpi_nonfood,MAIDADS_sat,2015-2022,2023,45_2023,45,2023,grain,0.37540283482835723,0.4375446731112399,-0.06214183828288267,2.1635543553491585
robust_real_derived_cpi_nonfood,MAIDADS_sat,2015-2022,2023,45_2023,45,2023,oil,0.1110947912630137,0.12808962845992874,-0.01699483719691504,2.1635543553491585
robust_real_derived_cpi_nonfood,MAIDADS_sat,2015-2022,2023,45_2023,45,2023,vegfruit,0.043824005092219176,0.05054423701956392,-0.006720231927344743,2.1635543553491585
robust_real_derived_cpi_nonfood,MAIDADS_sat,2015-2022,2023,45_2023,45,2023,meatsea,0.233366925505548,0.16265886850580763,0.07070805699974037,2.1635543553491585
robust_real_derived_cpi_nonfood,MAIDADS_sat,2015-2022,2023,45_2023,45,2023,dairyegg,0.01706144829720548,0.029758849746951605,-0.012697401449746126,2.1635543553491585
robust_real_derived_cpi_nonfood,MAIDADS_sat,2015-2022,2023,45_2023,45,2023,nonfood,148.39213400992034,148.7280130251731,-0.33587901525277175,2.1635543553491585
robust_real_derived_cpi_nonfood,MAIDADS_sat,2015-2022,2023,46_2023,46,2023,grain,0.307578305317757,0.3954595976842723,-0.08788129236651532,2.4922970320198425
robust_real_derived_cpi_nonfood,MAIDADS_sat,2015-2022,2023,46_2023,46,2023,oil,0.120353526,0.12230058179340945,-0.0019470557934094523,2.4922970320198425
robust_real_derived_cpi_nonfood,MAIDADS_sat,2015-2022,2023,46_2023,46,2023,vegfruit,0.04742980548528768,0.05252181088462168,-0.005092005399334,2.4922970320198425
robust_real_derived_cpi_nonfood,MAIDADS_sat,2015-2022,2023,46_2023,46,2023,meatsea,0.28521458967567126,0.1333715084912086,0.15184308118446266,2.4922970320198425
robust_real_derived_cpi_nonfood,MAIDADS_sat,2015-2022,2023,46_2023,46,2023,dairyegg,0.015380498997260274,0.03052950112341967,-0.015149002126159397,2.4922970320198425
robust_real_derived_cpi_nonfood,MAIDADS_sat,2015-2022,2023,46_2023,46,2023,nonfood,174.32097243347215,180.27115925285756,-5.950186819385408,2.4922970320198425
robust_real_derived_cpi_nonfood,MAIDADS_sat,2015-2022,2023,50_2023,50,2023,grain,0.46049606103774166,0.36966755535977286,0.0908285056779688,2.782931684081568
robust_real_derived_cpi_nonfood,MAIDADS_sat,2015-2022,2023,50_2023,50,2023,oil,0.18314738435342465,0.11782665022069104,0.06532073413273361,2.782931684081568
robust_real_derived_cpi_nonfood,MAIDADS_sat,2015-2022,2023,50_2023,50,2023,vegfruit,0.06837373019984931,0.054045269456959456,0.014328460742889855,2.782931684081568
robust_real_derived_cpi_nonfood,MAIDADS_sat,2015-2022,2023,50_2023,50,2023,meatsea,0.29444893635217806,0.1774929037598005,0.11695603259237755,2.782931684081568
robust_real_derived_cpi_nonfood,MAIDADS_sat,2015-2022,2023,50_2023,50,2023,dairyegg,0.041191953430136985,0.031178214481357557,0.010013738948779428,2.782931684081568
robust_real_derived_cpi_nonfood,MAIDADS_sat,2015-2022,2023,50_2023,50,2023,nonfood,204.9230873662108,214.52792366118672,-9.604836294975911,2.782931684081568
robust_real_derived_cpi_nonfood,MAIDADS_sat,2015-2022,2023,51_2023,51,2023,grain,0.3878859813824683,0.396891244544163,-0.009005263161694699,2.54114632125684
robust_real_derived_cpi_nonfood,MAIDADS_sat,2015-2022,2023,51_2023,51,2023,oil,0.1418078748328767,0.12148856222376044,0.020319312609116277,2.54114632125684
robust_real_derived_cpi_nonfood,MAIDADS_sat,2015-2022,2023,51_2023,51,2023,vegfruit,0.05487585882883561,0.05279323825015842,0.00208262057867719,2.54114632125684
robust_real_derived_cpi_nonfood,MAIDADS_sat,2015-2022,2023,51_2023,51,2023,meatsea,0.2527003733934384,0.1703164830188543,0.08238389037458413,2.54114632125684
robust_real_derived_cpi_nonfood,MAIDADS_sat,2015-2022,2023,51_2023,51,2023,dairyegg,0.030569266928986302,0.030828440585307867,-0.0002591736563215645,2.54114632125684
robust_real_derived_cpi_nonfood,MAIDADS_sat,2015-2022,2023,51_2023,51,2023,nonfood,179.92301189433695,184.01766989004292,-4.0946579957059726,2.54114632125684
robust_real_derived_cpi_nonfood,MAIDADS_sat,2015-2022,2023,52_2023,52,2023,grain,0.37584199448045486,0.40783435071499086,-0.031992356234536,2.2977645266590327
robust_real_derived_cpi_nonfood,MAIDADS_sat,2015-2022,2023,52_2023,52,2023,oil,0.09838496586575342,0.12560896748987632,-0.027224001624122904,2.2977645266590327
robust_real_derived_cpi_nonfood,MAIDADS_sat,2015-2022,2023,52_2023,52,2023,vegfruit,0.04116452306167123,0.05138628123252755,-0.01022175817085632,2.2977645266590327
robust_real_derived_cpi_nonfood,MAIDADS_sat,2015-2022,2023,52_2023,52,2023,meatsea,0.17181017149100003,0.18541629663899473,-0.013606125147994697,2.2977645266590327
robust_real_derived_cpi_nonfood,MAIDADS_sat,2015-2022,2023,52_2023,52,2023,dairyegg,0.014689036060054795,0.03010700142425704,-0.015417965364202245,2.2977645266590327
robust_real_derived_cpi_nonfood,MAIDADS_sat,2015-2022,2023,52_2023,52,2023,nonfood,162.93482729387534,159.2513850604579,3.683442233417452,2.2977645266590327
robust_real_derived_cpi_nonfood,MAIDADS_sat,2015-2022,2023,53_2023,53,2023,grain,0.3867426163660408,0.41333251504338336,-0.02658989867734257,2.3640057785761526
robust_real_derived_cpi_nonfood,MAIDADS_sat,2015-2022,2023,53_2023,53,2023,oil,0.08333861358082191,0.12446689138882511,-0.0411282778080032,2.3640057785761526
robust_real_derived_cpi_nonfood,MAIDADS_sat,2015-2022,2023,53_2023,53,2023,vegfruit,0.05126555375045205,0.05178693817577967,-0.0005213844253276201,2.3640057785761526
robust_real_derived_cpi_nonfood,MAIDADS_sat,2015-2022,2023,53_2023,53,2023,meatsea,0.21070370897102741,0.1719030764554557,0.038800632515571726,2.3640057785761526
robust_real_derived_cpi_nonfood,MAIDADS_sat,2015-2022,2023,53_2023,53,2023,dairyegg,0.02035924537117808,0.03018294808086388,-0.0098237027096858,2.3640057785761526
robust_real_derived_cpi_nonfood,MAIDADS_sat,2015-2022,2023,53_2023,53,2023,nonfood,166.93767090485147,165.66611848995217,1.271552414899304,2.3640057785761526
robust_real_derived_cpi_nonfood,MAIDADS_sat,2015-2022,2023,54_2023,54,2023,grain,0.5186482349058573,0.4974414560248003,0.021206778881057042,1.6699784569923528
robust_real_derived_cpi_nonfood,MAIDADS_sat,2015-2022,2023,54_2023,54,2023,oil,0.21030453973972604,0.1383916082209514,0.07191293151877465,1.6699784569923528
robust_real_derived_cpi_nonfood,MAIDADS_sat,2015-2022,2023,54_2023,54,2023,vegfruit,0.024458300007643832,0.0470432109936119,-0.02258491098596807,1.6699784569923528
robust_real_derived_cpi_nonfood,MAIDADS_sat,2015-2022,2023,54_2023,54,2023,meatsea,0.1008908341560274,0.08628882195273233,0.014602012203295073,1.6699784569923528
robust_real_derived_cpi_nonfood,MAIDADS_sat,2015-2022,2023,54_2023,54,2023,dairyegg,0.011158204566136986,0.028207219887295867,-0.01704901532115888,1.6699784569923528
robust_real_derived_cpi_nonfood,MAIDADS_sat,2015-2022,2023,54_2023,54,2023,nonfood,120.80589468442481,123.57695361951669,-2.7710589350918724,1.6699784569923528
robust_real_derived_cpi_nonfood,MAIDADS_sat,2015-2022,2023,61_2023,61,2023,grain,0.44846948614476256,0.4125544402356674,0.03591504590909517,2.4123969197034265
robust_real_derived_cpi_nonfood,MAIDADS_sat,2015-2022,2023,61_2023,61,2023,oil,0.14446844721369861,0.12361809493247175,0.020850352281226864,2.4123969197034265
robust_real_derived_cpi_nonfood,MAIDADS_sat,2015-2022,2023,61_2023,61,2023,vegfruit,0.054538668786753425,0.05206998511888017,0.002468683667873256,2.4123969197034265
robust_real_derived_cpi_nonfood,MAIDADS_sat,2015-2022,2023,61_2023,61,2023,meatsea,0.11179258960361647,0.1685127351997268,-0.056720145596110313,2.4123969197034265
robust_real_derived_cpi_nonfood,MAIDADS_sat,2015-2022,2023,61_2023,61,2023,dairyegg,0.03393527041764383,0.030679067596998587,0.003256202820645246,2.4123969197034265
robust_real_derived_cpi_nonfood,MAIDADS_sat,2015-2022,2023,61_2023,61,2023,nonfood,170.74154887329416,170.43348530217094,0.3080635711232276,2.4123969197034265
robust_real_derived_cpi_nonfood,MAIDADS_sat,2015-2022,2023,62_2023,62,2023,grain,0.4243009195253404,0.4429037349997517,-0.01860281547441134,2.10953060176025
robust_real_derived_cpi_nonfood,MAIDADS_sat,2015-2022,2023,62_2023,62,2023,oil,0.12414091700958906,0.1291140226573099,-0.004973105647720841,2.10953060176025
robust_real_derived_cpi_nonfood,MAIDADS_sat,2015-2022,2023,62_2023,62,2023,vegfruit,0.04938608294468493,0.05019045154121187,-0.0008043685965269387,2.10953060176025
robust_real_derived_cpi_nonfood,MAIDADS_sat,2015-2022,2023,62_2023,62,2023,meatsea,0.1129003161610548,0.1575157225366651,-0.0446154063756103,2.10953060176025
robust_real_derived_cpi_nonfood,MAIDADS_sat,2015-2022,2023,62_2023,62,2023,dairyegg,0.02624217486126027,0.029650715397902594,-0.0034085405366423224,2.10953060176025
robust_real_derived_cpi_nonfood,MAIDADS_sat,2015-2022,2023,62_2023,62,2023,nonfood,147.3023978651329,144.83590662110663,2.4664912440262583,2.10953060176025
robust_real_derived_cpi_nonfood,MAIDADS_sat,2015-2022,2023,63_2023,63,2023,grain,0.3275575308775578,0.4325841181627874,-0.10502658728522962,2.1632218830681174
robust_real_derived_cpi_nonfood,MAIDADS_sat,2015-2022,2023,63_2023,63,2023,oil,0.11032837625342466,0.12809498585426612,-0.017766609600841463,2.1632218830681174
robust_real_derived_cpi_nonfood,MAIDADS_sat,2015-2022,2023,63_2023,63,2023,vegfruit,0.0339402547749041,0.05054346846508111,-0.016603213690177004,2.1632218830681174
robust_real_derived_cpi_nonfood,MAIDADS_sat,2015-2022,2023,63_2023,63,2023,meatsea,0.10840219123434247,0.11773421442344789,-0.00933202318910542,2.1632218830681174
robust_real_derived_cpi_nonfood,MAIDADS_sat,2015-2022,2023,63_2023,63,2023,dairyegg,0.02551890979079452,0.029689079112492817,-0.004170169321698298,2.1632218830681174
robust_real_derived_cpi_nonfood,MAIDADS_sat,2015-2022,2023,63_2023,63,2023,nonfood,155.08334189616642,151.01823865769387,4.065103238472545,2.1632218830681174
robust_real_derived_cpi_nonfood,MAIDADS_sat,2015-2022,2023,64_2023,64,2023,grain,0.3362811380687421,0.4284907919768739,-0.0922096539081318,2.351900320928338
robust_real_derived_cpi_nonfood,MAIDADS_sat,2015-2022,2023,64_2023,64,2023,oil,0.11375094204246575,0.1246787301170484,-0.010927788074582653,2.351900320928338
robust_real_derived_cpi_nonfood,MAIDADS_sat,2015-2022,2023,64_2023,64,2023,vegfruit,0.05663366448654794,0.051711820161479065,0.004921844325068876,2.351900320928338
robust_real_derived_cpi_nonfood,MAIDADS_sat,2015-2022,2023,64_2023,64,2023,meatsea,0.08436359746371234,0.1155368661307121,-0.03117326866699975,2.351900320928338
robust_real_derived_cpi_nonfood,MAIDADS_sat,2015-2022,2023,64_2023,64,2023,dairyegg,0.024823124585205476,0.0305407370352209,-0.005717612450015425,2.351900320928338
robust_real_derived_cpi_nonfood,MAIDADS_sat,2015-2022,2023,64_2023,64,2023,nonfood,170.1950081606727,167.1056121655372,3.0893959951355043,2.351900320928338
robust_real_derived_cpi_nonfood,MAIDADS_sat,2015-2022,2023,65_2023,65,2023,grain,0.4106162889935257,0.463555414171595,-0.05293912517806931,2.1397441962124883
robust_real_derived_cpi_nonfood,MAIDADS_sat,2015-2022,2023,65_2023,65,2023,oil,0.15855890840136988,0.12853342826456624,0.030025480136803645,2.1397441962124883
robust_real_derived_cpi_nonfood,MAIDADS_sat,2015-2022,2023,65_2023,65,2023,vegfruit,0.05228206464967122,0.050393235892341334,0.0018888287573298884,2.1397441962124883
robust_real_derived_cpi_nonfood,MAIDADS_sat,2015-2022,2023,65_2023,65,2023,meatsea,0.09059320593078082,0.09951002211081789,-0.008916816180037063,2.1397441962124883
robust_real_derived_cpi_nonfood,MAIDADS_sat,2015-2022,2023,65_2023,65,2023,dairyegg,0.03053283134115068,0.030210089323844006,0.0003227420173066743,2.1397441962124883
robust_real_derived_cpi_nonfood,MAIDADS_sat,2015-2022,2023,65_2023,65,2023,nonfood,149.71606651954545,150.41633155099822,-0.7002650314527727,2.1397441962124883
