base_ssp,diet_pathway,group_system,group_code,group_name,covered_production_mt,emissions_mtco2e,covered_production_mt_baseline,emissions_mtco2e_baseline,covered_production_mt_change,covered_production_mt_change_percent,emissions_mtco2e_change,emissions_mtco2e_change_percent
SSP1,CGS,ECONOMIC,EU27,European Union (27),797.4385651774021,410.0255547709438,799.2279316536045,429.2749377553061,-1.7893664762024173,-0.22388687949134178,-19.249382984362285,-4.484161848585433
SSP1,CGS,FOCUS,CHINA_MAINLAND,China mainland,1469.6184315098794,862.9621070495781,1509.4776034260683,913.7186872175373,-39.85917191618887,-2.6405937938873913,-50.756580167959214,-5.55494605484359
SSP1,CGS,FOCUS,USA,United States,810.6691097666918,343.95811018330073,811.8306460505805,362.4862608220965,-1.1615362838887222,-0.14307618091771168,-18.52815063879575,-5.111407697708337
SSP1,CGS,GLOBAL,WORLD,World,9480.086625729464,6164.875132070173,9554.355297286489,6431.003077773271,-74.2686715570253,-0.7773279226712226,-266.1279457030978,-4.138202742009023
SSP1,CGS,UN_REGION,002,Africa,450.5618767330295,645.1919615932378,451.8589605365023,663.6821620923124,-1.2970838034727876,-0.2870550142311523,-18.490200499074604,-2.786002329907844
SSP1,CGS,UN_REGION,009,Oceania,155.9536700868254,137.79395447668855,156.36507107146656,144.96049523933826,-0.4114009846411477,-0.2631028667861024,-7.166540762649703,-4.943788823856687
SSP1,CGS,UN_REGION,019,Americas,2881.5138423646467,1685.8339668228716,2886.507540971421,1786.7341663372467,-4.99369860677416,-0.17300140518924367,-100.90019951437512,-5.647185877752459
SSP1,CGS,UN_REGION,142,Asia,4544.518631829832,3060.807029650627,4607.015989701758,3174.131984720975,-62.4973578719264,-1.3565691547767433,-113.3249550703481,-3.57026600077911
SSP1,CGS,UN_REGION,150,Europe,1447.5386047151305,635.2482195267484,1452.6077350053415,661.4942693833992,-5.069130290210978,-0.3489675958659455,-26.24604985665087,-3.9676911912049806
SSP1,CGS,UN_REPORTING_AREA,005,South America,1689.5548650290586,1071.8720138099397,1692.1503464052696,1138.188464866834,-2.595481376210955,-0.15338361521626265,-66.31645105689427,-5.826491227413133
SSP1,CGS,UN_REPORTING_AREA,011,Western Africa,87.90353718678125,183.5975993154932,88.93305272720697,190.44280341525945,-1.0295155404257201,-1.1576298224954207,-6.845204099766249,-3.5943621796200476
SSP1,CGS,UN_REPORTING_AREA,013,Central America,246.62583368025165,189.2212469873536,246.46751516941114,200.80617129886423,0.15831851084050186,0.06423504157604398,-11.584924311510633,-5.769207309006719
SSP1,CGS,UN_REPORTING_AREA,014,Eastern Africa,146.12369223876541,313.02548177677596,146.18160523346484,322.5157453747772,-0.05791299469942146,-0.03961715607577743,-9.490263598001263,-2.94257372984168
SSP1,CGS,UN_REPORTING_AREA,015,Northern Africa,149.30579853803349,95.53628389255918,149.42078092947477,95.08794628481282,-0.11498239144128775,-0.07695207502332879,0.44833760774636744,0.47149783465034734
SSP1,CGS,UN_REPORTING_AREA,017,Middle Africa,15.971663727226607,25.679095109946037,16.070735412716097,26.80164655067522,-0.09907168548948952,-0.6164726314335178,-1.1225514407291826,-4.188367452002318
SSP1,CGS,UN_REPORTING_AREA,018,Southern Africa,51.25718504222277,27.353501498463437,51.2527862336396,28.834020466787717,0.004398808583175651,0.008582574541660115,-1.4805189683242794,-5.134625502640555
SSP1,CGS,UN_REPORTING_AREA,021,Northern America,928.6603132362651,401.84326509775656,931.1970464577646,423.84683703626723,-2.536733221499503,-0.27241637322080736,-22.003571938510674,-5.191396989622432
SSP1,CGS,UN_REPORTING_AREA,029,Caribbean,16.672830419071197,22.89744092782168,16.692632938975663,23.89269313528132,-0.019802519904466465,-0.11863029623223609,-0.9952522074596395,-4.165508684284703
SSP1,CGS,UN_REPORTING_AREA,030,Eastern Asia,1501.2493985342687,916.0052984323327,1541.6471445729076,969.8351393343871,-40.39774603863884,-2.6204275200620186,-53.82984090205446,-5.5504114791096075
SSP1,CGS,UN_REPORTING_AREA,034,Southern Asia,2191.490997950196,1331.7189836255282,2200.0689878631415,1356.3140120459618,-8.577989912945668,-0.38989640598848796,-24.595028420433664,-1.8133727294708635
SSP1,CGS,UN_REPORTING_AREA,035,South-eastern Asia,553.2662651851164,580.9506781723879,568.0014768389879,613.2902835280496,-14.735211653871488,-2.5942206586988314,-32.33960535566166,-5.273131863368674
SSP1,CGS,UN_REPORTING_AREA,039,Southern Europe,119.36991995743418,102.69165703430411,120.19335067212388,108.98413368430259,-0.8234307146897066,-0.6850884097040821,-6.292476649998477,-5.773754800149233
SSP1,CGS,UN_REPORTING_AREA,053,Australia and New Zealand,152.54302304034542,134.94178290908206,152.93905544544978,141.79505123376967,-0.3960324051043642,-0.25894785602728065,-6.853268324687605,-4.833221092736872
SSP1,CGS,UN_REPORTING_AREA,054,Melanesia,3.395216434734774,2.661934429470391,3.4092795307916615,2.9421216228481897,-0.014063096056887492,-0.4124946614049496,-0.28018719337779885,-9.523304244185427
SSP1,CGS,UN_REPORTING_AREA,057,Micronesia,0.0028988981915004,0.02342786953117275,0.0033029328012159995,0.02893567223863219,-0.00040403460971559935,-12.232601570545153,-0.005507802707459441,-19.03464575502739
SSP1,CGS,UN_REPORTING_AREA,061,Polynesia,0.012531713553727501,0.16680926860491335,0.013433162423918128,0.19438671048175385,-0.000901448870190627,-6.710622873029304,-0.027577441876840497,-14.186896732032029
SSP1,CGS,UN_REPORTING_AREA,143,Central Asia,73.61500729209294,92.24901286174502,73.55889185047671,94.20619677237914,0.05611544161622817,0.07628641514922929,-1.9571839106341287,-2.077553258373299
SSP1,CGS,UN_REPORTING_AREA,145,Western Asia,224.89696286815752,139.88305655863306,223.73948857624447,140.4863530401972,1.1574742919130472,0.517331249516384,-0.6032964815641435,-0.429434225110481
SSP1,CGS,UN_REPORTING_AREA,151,Eastern Europe,770.5818199123466,242.55071762961472,774.6310556440342,249.63239613541273,-4.049235731687531,-0.5227308797116303,-7.08167850579801,-2.8368427397366225
SSP1,CGS,UN_REPORTING_AREA,154,Northern Europe,144.35475613091734,101.53574033888879,144.080616888891,105.92604205401345,0.27413924202633666,0.19026795411192232,-4.390301715124664,-4.144685886484812
SSP1,CGS,UN_REPORTING_AREA,155,Western Europe,413.23210871443234,188.4701045239407,413.7027118002926,196.95169750967042,-0.47060308586026167,-0.11375392822839947,-8.48159298572972,-4.30643304575391
SSP1,CGS,UN_SPECIAL_GROUP,LDC,Least developed countries,349.6200771267149,667.5101816933488,354.74201471917036,686.6834896985425,-5.121937592455481,-1.4438485941706825,-19.17330800519369,-2.79216091442811
SSP1,CGS,UN_SPECIAL_GROUP,LLDC,Landlocked developing countries,311.38909923394203,527.8584683509907,312.18439417283065,543.5134279752909,-0.7952949388886168,-0.25475166399520077,-15.654959624300204,-2.8803261922375034
SSP1,CGS,UN_SPECIAL_GROUP,PACIFIC_ISLANDS,Pacific island countries and areas,3.4106470464800016,2.8521715676064767,3.4260156260167953,3.1654440055685753,-0.015368579536793714,-0.4485846304986607,-0.3132724379620986,-9.896634955822847
SSP1,CGS,UN_SPECIAL_GROUP,SIDS,Small island developing States,27.68401858400756,31.012088168500824,27.80930186327717,32.600111880616765,-0.1252832792696097,-0.45050853806239965,-1.588023712115941,-4.871221663076996
SSP1,CGS,UN_SUBREGION,015,Northern Africa,149.30579853803349,95.53628389255918,149.42078092947477,95.08794628481282,-0.11498239144128775,-0.07695207502332879,0.44833760774636744,0.47149783465034734
SSP1,CGS,UN_SUBREGION,021,Northern America,928.6603132362651,401.84326509775656,931.1970464577646,423.84683703626723,-2.536733221499503,-0.27241637322080736,-22.003571938510674,-5.191396989622432
SSP1,CGS,UN_SUBREGION,030,Eastern Asia,1501.2493985342687,916.0052984323327,1541.6471445729076,969.8351393343871,-40.39774603863884,-2.6204275200620186,-53.82984090205446,-5.5504114791096075
SSP1,CGS,UN_SUBREGION,034,Southern Asia,2191.490997950196,1331.7189836255282,2200.0689878631415,1356.3140120459618,-8.577989912945668,-0.38989640598848796,-24.595028420433664,-1.8133727294708635
SSP1,CGS,UN_SUBREGION,035,South-eastern Asia,553.2662651851164,580.9506781723879,568.0014768389879,613.2902835280496,-14.735211653871488,-2.5942206586988314,-32.33960535566166,-5.273131863368674
SSP1,CGS,UN_SUBREGION,039,Southern Europe,119.36991995743418,102.69165703430411,120.19335067212388,108.98413368430259,-0.8234307146897066,-0.6850884097040821,-6.292476649998477,-5.773754800149233
SSP1,CGS,UN_SUBREGION,053,Australia and New Zealand,152.54302304034542,134.94178290908206,152.93905544544978,141.79505123376967,-0.3960324051043642,-0.25894785602728065,-6.853268324687605,-4.833221092736872
SSP1,CGS,UN_SUBREGION,054,Melanesia,3.395216434734774,2.661934429470391,3.4092795307916615,2.9421216228481897,-0.014063096056887492,-0.4124946614049496,-0.28018719337779885,-9.523304244185427
SSP1,CGS,UN_SUBREGION,057,Micronesia,0.0028988981915004,0.02342786953117275,0.0033029328012159995,0.02893567223863219,-0.00040403460971559935,-12.232601570545153,-0.005507802707459441,-19.03464575502739
SSP1,CGS,UN_SUBREGION,061,Polynesia,0.012531713553727501,0.16680926860491335,0.013433162423918128,0.19438671048175385,-0.000901448870190627,-6.710622873029304,-0.027577441876840497,-14.186896732032029
SSP1,CGS,UN_SUBREGION,143,Central Asia,73.61500729209294,92.24901286174502,73.55889185047671,94.20619677237914,0.05611544161622817,0.07628641514922929,-1.9571839106341287,-2.077553258373299
SSP1,CGS,UN_SUBREGION,145,Western Asia,224.89696286815752,139.88305655863306,223.73948857624447,140.4863530401972,1.1574742919130472,0.517331249516384,-0.6032964815641435,-0.429434225110481
SSP1,CGS,UN_SUBREGION,151,Eastern Europe,770.5818199123466,242.55071762961472,774.6310556440342,249.63239613541273,-4.049235731687531,-0.5227308797116303,-7.08167850579801,-2.8368427397366225
SSP1,CGS,UN_SUBREGION,154,Northern Europe,144.35475613091734,101.53574033888879,144.080616888891,105.92604205401345,0.27413924202633666,0.19026795411192232,-4.390301715124664,-4.144685886484812
SSP1,CGS,UN_SUBREGION,155,Western Europe,413.23210871443234,188.4701045239407,413.7027118002926,196.95169750967042,-0.47060308586026167,-0.11375392822839947,-8.48159298572972,-4.30643304575391
SSP1,CGS,UN_SUBREGION,202,Sub-Saharan Africa,301.25607819499606,549.6556777006786,302.4381796070275,568.5942158074996,-1.182101412031443,-0.39085720379861133,-18.938538106821056,-3.3307651714193254
SSP1,CGS,UN_SUBREGION,419,Latin America and the Caribbean,1952.8535291283813,1283.9907017251153,1955.310494513656,1362.8873293009794,-2.4569653852747706,-0.12565602200615977,-78.89662757586416,-5.7889325023169675
SSP1,CGS,WB_DEVELOPMENT_STATUS,DEVELOPING_ECONOMIES,"Developing economies (World Bank FY25 LIC, LMC and UMC)",7059.282148286274,4911.0058603500265,7125.873715539411,5116.679381484219,-66.59156725313733,-0.9345038925952509,-205.67352113419292,-4.019667948679095
SSP1,CGS,WB_INCOME_FY25,HIC,High income,2408.475668982842,1205.9629556758537,2416.241055366519,1264.3834422394123,-7.765386383677196,-0.3213829334796747,-58.4204865635586,-4.620472288065336
SSP1,CGS,WB_INCOME_FY25,LIC,Low income,134.74700557509902,346.61755100903105,134.78372338033316,352.58184624321217,-0.03671780523413304,-0.027242017295014964,-5.964295234181122,-1.6916058775377052
SSP1,CGS,WB_INCOME_FY25,LMC,Lower middle income,2728.6595168307836,1984.4112807792758,2746.851108575657,2041.60960143217,-18.19159174487322,-0.6622707611664502,-57.198320652894154,-2.801628705741299
SSP1,CGS,WB_INCOME_FY25,NCL,Not classified,12.328808460347895,47.906316044293,12.240526380559249,49.940254049639776,0.08828207978864633,0.7212278054386401,-2.0339380053467764,-4.072742608247603
SSP1,CGS,WB_INCOME_FY25,UMC,Upper middle income,4195.875625880391,2579.97702856172,4244.238883583421,2722.487933808837,-48.363257703029376,-1.1395036667256608,-142.51090524711708,-5.234583539466431
SSP1,MTS,ECONOMIC,EU27,European Union (27),797.6401280489818,417.2333137725733,799.2279316536045,429.2749377553061,-1.5878036046227635,-0.19866718138060735,-12.041623982732801,-2.8051076183713164
SSP1,MTS,FOCUS,CHINA_MAINLAND,China mainland,1485.196597612617,882.4624429902123,1509.4776034260683,913.7186872175373,-24.281005813451202,-1.6085701277276598,-31.256244227325055,-3.4207732275353564
SSP1,MTS,FOCUS,USA,United States,810.8847280881846,351.0149446157072,811.8306460505805,362.4862608220965,-0.9459179623959244,-0.11651666107921343,-11.471316206389304,-3.1646209653223956
SSP1,MTS,GLOBAL,WORLD,World,9505.536220565944,6262.878892766853,9554.355297286489,6431.003077773271,-48.81907672054513,-0.5109614955852715,-168.12418500641797,-2.6142762330107705
SSP1,MTS,UN_REGION,002,Africa,450.8752679126064,651.6746865708886,451.8589605365023,663.6821620923124,-0.9836926238959336,-0.21769904102996174,-12.007475521423771,-1.8092207697083862
SSP1,MTS,UN_REGION,009,Oceania,156.02540670282767,140.42895472366445,156.36507107146656,144.96049523933826,-0.3396643686388927,-0.2172252193609503,-4.531540515673811,-3.1260520379652212
SSP1,MTS,UN_REGION,019,Americas,2882.972366818775,1723.7712270853756,2886.507540971421,1786.7341663372467,-3.53517415264605,-0.12247236850995158,-62.96293925187115,-3.5239119751621084
SSP1,MTS,UN_REGION,142,Asia,4566.8836996983155,3102.0397443344923,4607.015989701758,3174.131984720975,-40.132290003442904,-0.8711124531182945,-72.0922403864829,-2.2712426809441633
SSP1,MTS,UN_REGION,150,Europe,1448.7794794334197,644.9642800524325,1452.6077350053415,661.4942693833992,-3.8282555719217726,-0.2635436587364537,-16.529989330966714,-2.498886248307919
SSP1,MTS,UN_REPORTING_AREA,005,South America,1690.4033593155941,1096.6852200606058,1692.1503464052696,1138.188464866834,-1.7469870896754855,-0.10324065431813745,-41.50324480622817,-3.646429926794592
SSP1,MTS,UN_REPORTING_AREA,011,Western Africa,88.2762140792746,186.08500214297567,88.93305272720697,190.44280341525945,-0.6568386479323749,-0.7385765222151508,-4.35780127228378,-2.288246756576895
SSP1,MTS,UN_REPORTING_AREA,013,Central America,246.49012061245614,193.57841269009862,246.46751516941114,200.80617129886423,0.0226054430449949,0.009171773825622509,-7.227758608765612,-3.599370757389908
SSP1,MTS,UN_REPORTING_AREA,014,Eastern Africa,146.08113316467967,316.3787759966772,146.18160523346484,322.5157453747772,-0.1004720687851659,-0.06873099294860685,-6.136969378100048,-1.9028433390030686
SSP1,MTS,UN_REPORTING_AREA,015,Northern Africa,149.26637387052773,95.20862772339254,149.42078092947477,95.08794628481282,-0.15440705894704365,-0.1033370713140136,0.12068143857972302,0.12691560107760402
SSP1,MTS,UN_REPORTING_AREA,017,Middle Africa,16.007557459678544,26.09817980559554,16.070735412716097,26.80164655067522,-0.06317795303755247,-0.393124218743357,-0.7034667450796803,-2.6247146560551826
SSP1,MTS,UN_REPORTING_AREA,018,Southern Africa,51.243989338445836,27.904100902247695,51.2527862336396,28.834020466787717,-0.008796895193761145,-0.017163740432879493,-0.9299195645400218,-3.225077701568335
SSP1,MTS,UN_REPORTING_AREA,021,Northern America,929.4072867313756,410.24798246365935,931.1970464577646,423.84683703626723,-1.7897597263889793,-0.19219989294394502,-13.598854572607877,-3.208436016108396
SSP1,MTS,UN_REPORTING_AREA,029,Caribbean,16.67160015934916,23.259611871011483,16.692632938975663,23.89269313528132,-0.021032779626501963,-0.1260003721605396,-0.6330812642698369,-2.649685661994261
SSP1,MTS,UN_REPORTING_AREA,030,Eastern Asia,1517.0010087924813,936.6535679841863,1541.6471445729076,969.8351393343871,-24.64613578042622,-1.5986885109986804,-33.181571350200784,-3.4213620443752757
SSP1,MTS,UN_REPORTING_AREA,034,Southern Asia,2193.312648096376,1339.4676569627661,2200.0689878631415,1356.3140120459618,-6.75633976676545,-0.30709672305901936,-16.846355083195704,-1.2420689407892649
SSP1,MTS,UN_REPORTING_AREA,035,South-eastern Asia,558.8016566575119,593.1514984878098,568.0014768389879,613.2902835280496,-9.199820181475957,-1.6196824403827859,-20.13878504023978,-3.2837280454515283
SSP1,MTS,UN_REPORTING_AREA,039,Southern Europe,119.61811837543883,105.11832363119818,120.19335067212388,108.98413368430259,-0.5752322966850585,-0.478589117840833,-3.8658100531044113,-3.5471310569872627
SSP1,MTS,UN_REPORTING_AREA,053,Australia and New Zealand,152.60845001928325,137.44967463288432,152.93905544544978,141.79505123376967,-0.3306054261665281,-0.21616808421079936,-4.345376600885345,-3.0645474317163357
SSP1,MTS,UN_REPORTING_AREA,054,Melanesia,3.4009858929552603,2.775394654875317,3.4092795307916615,2.9421216228481897,-0.008293637836401135,-0.2432665834964598,-0.16672696797287268,-5.666895844076924
SSP1,MTS,UN_REPORTING_AREA,057,Micronesia,0.0030692552633925,0.02574900855161408,0.0033029328012159995,0.02893567223863219,-0.00023367753782349955,-7.0748498951437755,-0.0031866636870181084,-11.01292432654658
SSP1,MTS,UN_REPORTING_AREA,061,Polynesia,0.012901535325778516,0.17813642735320276,0.013433162423918128,0.19438671048175385,-0.0005316270981396126,-3.9575721737201364,-0.01625028312855109,-8.35977062849491
SSP1,MTS,UN_REPORTING_AREA,143,Central Asia,73.51960152169521,92.87513479621511,73.55889185047671,94.20619677237914,-0.03929032878150451,-0.053413432140014816,-1.3310619761640368,-1.4129240132473964
SSP1,MTS,UN_REPORTING_AREA,145,Western Asia,224.2487846302518,139.89188610351476,223.73948857624447,140.4863530401972,0.5092960540073364,0.22762904181474752,-0.5944669366824371,-0.4231492410599835
SSP1,MTS,UN_REPORTING_AREA,151,Eastern Europe,771.9097395667402,245.09302356116498,774.6310556440342,249.63239613541273,-2.7213160772939773,-0.3513047995514995,-4.53937257424775,-1.8184228667922464
SSP1,MTS,UN_REPORTING_AREA,154,Northern Europe,144.10850619543024,103.1390843159843,144.080616888891,105.92604205401345,0.027889306539236713,0.019356737319320416,-2.7869577380291446,-2.63104113397159
SSP1,MTS,UN_REPORTING_AREA,155,Western Europe,413.14311529581056,191.61384854408502,413.7027118002926,196.95169750967042,-0.5595965044820446,-0.13526537016083084,-5.337848965585408,-2.71023252557816
SSP1,MTS,UN_SPECIAL_GROUP,LDC,Least developed countries,351.38947760446115,674.2237694737851,354.74201471917036,686.6834896985425,-3.3525371147092073,-0.9450634476897868,-12.459720224757461,-1.8144779089165675
SSP1,MTS,UN_SPECIAL_GROUP,LLDC,Landlocked developing countries,311.52563434882256,533.3315686327713,312.18439417283065,543.5134279752909,-0.6587598240080865,-0.21101625715582717,-10.181859342519601,-1.873340899865028
SSP1,MTS,UN_SPECIAL_GROUP,PACIFIC_ISLANDS,Pacific island countries and areas,3.4169566835444316,2.979280090780134,3.4260156260167953,3.1654440055685753,-0.009058942472363718,-0.2644162625404012,-0.18616391478844152,-5.88113119236816
SSP1,MTS,UN_SPECIAL_GROUP,SIDS,Small island developing States,27.722210274121736,31.606714979123637,27.80930186327717,32.600111880616765,-0.08709158915543469,-0.3131743097457673,-0.9933969014931279,-3.0472193013661997
SSP1,MTS,UN_SUBREGION,015,Northern Africa,149.26637387052773,95.20862772339254,149.42078092947477,95.08794628481282,-0.15440705894704365,-0.1033370713140136,0.12068143857972302,0.12691560107760402
SSP1,MTS,UN_SUBREGION,021,Northern America,929.4072867313756,410.24798246365935,931.1970464577646,423.84683703626723,-1.7897597263889793,-0.19219989294394502,-13.598854572607877,-3.208436016108396
SSP1,MTS,UN_SUBREGION,030,Eastern Asia,1517.0010087924813,936.6535679841863,1541.6471445729076,969.8351393343871,-24.64613578042622,-1.5986885109986804,-33.181571350200784,-3.4213620443752757
SSP1,MTS,UN_SUBREGION,034,Southern Asia,2193.312648096376,1339.4676569627661,2200.0689878631415,1356.3140120459618,-6.75633976676545,-0.30709672305901936,-16.846355083195704,-1.2420689407892649
SSP1,MTS,UN_SUBREGION,035,South-eastern Asia,558.8016566575119,593.1514984878098,568.0014768389879,613.2902835280496,-9.199820181475957,-1.6196824403827859,-20.13878504023978,-3.2837280454515283
SSP1,MTS,UN_SUBREGION,039,Southern Europe,119.61811837543883,105.11832363119818,120.19335067212388,108.98413368430259,-0.5752322966850585,-0.478589117840833,-3.8658100531044113,-3.5471310569872627
SSP1,MTS,UN_SUBREGION,053,Australia and New Zealand,152.60845001928325,137.44967463288432,152.93905544544978,141.79505123376967,-0.3306054261665281,-0.21616808421079936,-4.345376600885345,-3.0645474317163357
SSP1,MTS,UN_SUBREGION,054,Melanesia,3.4009858929552603,2.775394654875317,3.4092795307916615,2.9421216228481897,-0.008293637836401135,-0.2432665834964598,-0.16672696797287268,-5.666895844076924
SSP1,MTS,UN_SUBREGION,057,Micronesia,0.0030692552633925,0.02574900855161408,0.0033029328012159995,0.02893567223863219,-0.00023367753782349955,-7.0748498951437755,-0.0031866636870181084,-11.01292432654658
SSP1,MTS,UN_SUBREGION,061,Polynesia,0.012901535325778516,0.17813642735320276,0.013433162423918128,0.19438671048175385,-0.0005316270981396126,-3.9575721737201364,-0.01625028312855109,-8.35977062849491
SSP1,MTS,UN_SUBREGION,143,Central Asia,73.51960152169521,92.87513479621511,73.55889185047671,94.20619677237914,-0.03929032878150451,-0.053413432140014816,-1.3310619761640368,-1.4129240132473964
SSP1,MTS,UN_SUBREGION,145,Western Asia,224.2487846302518,139.89188610351476,223.73948857624447,140.4863530401972,0.5092960540073364,0.22762904181474752,-0.5944669366824371,-0.4231492410599835
SSP1,MTS,UN_SUBREGION,151,Eastern Europe,771.9097395667402,245.09302356116498,774.6310556440342,249.63239613541273,-2.7213160772939773,-0.3513047995514995,-4.53937257424775,-1.8184228667922464
SSP1,MTS,UN_SUBREGION,154,Northern Europe,144.10850619543024,103.1390843159843,144.080616888891,105.92604205401345,0.027889306539236713,0.019356737319320416,-2.7869577380291446,-2.63104113397159
SSP1,MTS,UN_SUBREGION,155,Western Europe,413.14311529581056,191.61384854408502,413.7027118002926,196.95169750967042,-0.5595965044820446,-0.13526537016083084,-5.337848965585408,-2.71023252557816
SSP1,MTS,UN_SUBREGION,202,Sub-Saharan Africa,301.60889404207865,556.466058847496,302.4381796070275,568.5942158074996,-0.8292855649488615,-0.274200025283311,-12.128156960003594,-2.133007445877644
SSP1,MTS,UN_SUBREGION,419,Latin America and the Caribbean,1953.5650800873996,1313.523244621716,1955.310494513656,1362.8873293009794,-1.7454144262565023,-0.08926533310970042,-49.36408467926344,-3.622022423862592
SSP1,MTS,WB_DEVELOPMENT_STATUS,DEVELOPING_ECONOMIES,"Developing economies (World Bank FY25 LIC, LMC and UMC)",7082.858981551626,4986.398531193099,7125.873715539411,5116.679381484219,-43.01473398778489,-0.6036415421449615,-130.28085029112026,-2.5461992158931968
SSP1,MTS,WB_INCOME_FY25,HIC,High income,2410.394924638314,1227.8401161153279,2416.241055366519,1264.3834422394123,-5.846130728205026,-0.24195146900681808,-36.54332612408439,-2.890209164662949
SSP1,MTS,WB_INCOME_FY25,LIC,Low income,134.68600876387944,348.5122229027216,134.78372338033316,352.58184624321217,-0.0977146164537146,-0.07249734166935307,-4.06962334049058,-1.1542350758703912
SSP1,MTS,WB_INCOME_FY25,LMC,Lower middle income,2734.0206034921935,2004.373667887691,2746.851108575657,2041.60960143217,-12.830505083463322,-0.4670986732191795,-37.23593354447894,-1.823851803907972
SSP1,MTS,WB_INCOME_FY25,NCL,Not classified,12.28231437600418,48.640245458425845,12.240526380559249,49.940254049639776,0.04178799544493117,0.3413905100625447,-1.3000085912139312,-2.603127709205777
SSP1,MTS,WB_INCOME_FY25,UMC,Upper middle income,4214.152369295554,2633.512640402687,4244.238883583421,2722.487933808837,-30.08651428786652,-0.7088789088719794,-88.97529340615029,-3.2681611661606658
SSP1,PTS,ECONOMIC,EU27,European Union (27),801.2154309231755,432.7507898700616,799.2279316536045,429.2749377553061,1.9874992695710034,0.24867740363614388,3.4758521147555257,0.8097030152589113
SSP1,PTS,FOCUS,CHINA_MAINLAND,China mainland,1509.2494125969738,916.0792183871749,1509.4776034260683,913.7186872175373,-0.22819082909450117,-0.015117205354786556,2.3605311696376248,0.25834331755061335
SSP1,PTS,FOCUS,USA,United States,813.0712122183311,364.89839343636396,811.8306460505805,362.4862608220965,1.2405661677505577,0.1528109555589907,2.4121326142674775,0.665441114594767
SSP1,PTS,GLOBAL,WORLD,World,9556.785716717655,6455.339651162776,9554.355297286489,6431.003077773271,2.4304194311662286,0.025437817158180387,24.336573389505247,0.3784257773661537
SSP1,PTS,UN_REGION,002,Africa,451.93174951529886,666.508104893563,451.8589605365023,663.6821620923124,0.07278897879655233,0.016108782862267468,2.8259428012505623,0.4257976125712881
SSP1,PTS,UN_REGION,009,Oceania,156.47544116182667,145.8431935661206,156.36507107146656,144.96049523933826,0.11037009036010659,0.07058487525621882,0.8826983267823323,0.6089233658625126
SSP1,PTS,UN_REGION,019,Americas,2889.222176983167,1797.8696574408605,2886.507540971421,1786.7341663372467,2.714636011746279,0.09404569270006213,11.135491103613731,0.6232315536026878
SSP1,PTS,UN_REGION,142,Asia,4604.0569779737925,3178.7615889732033,4607.015989701758,3174.131984720975,-2.9590117279658443,-0.06422837981417961,4.629604252228091,0.14585418232491154
SSP1,PTS,UN_REGION,150,Europe,1455.0993710835696,666.3571062890286,1452.6077350053415,661.4942693833992,2.4916360782281117,0.17152848757333583,4.862836905629365,0.7351291055268216
SSP1,PTS,UN_REPORTING_AREA,005,South America,1693.1778989410348,1145.0280936571887,1692.1503464052696,1138.188464866834,1.0275525357651532,0.060724659481237175,6.839628790354709,0.6009223429579436
SSP1,PTS,UN_REPORTING_AREA,011,Western Africa,88.79986792242642,191.0877833251955,88.93305272720697,190.44280341525945,-0.13318480478055506,-0.14975849888914095,0.6449799099360405,0.3386738161639258
SSP1,PTS,UN_REPORTING_AREA,013,Central America,246.8116318384553,202.16262059945194,246.46751516941114,200.80617129886423,0.34411666904415483,0.13961948243266242,1.3564493005877125,0.6755017994785062
SSP1,PTS,UN_REPORTING_AREA,014,Eastern Africa,146.2953342521553,324.0787006755684,146.18160523346484,322.5157453747772,0.11372901869046359,0.07779981517430645,1.5629553007912023,0.48461364234324567
SSP1,PTS,UN_REPORTING_AREA,015,Northern Africa,149.45597548225615,95.38660172821587,149.42078092947477,95.08794628481282,0.03519455278137684,0.023553987981084212,0.2986554434030495,0.31408338813891934
SSP1,PTS,UN_REPORTING_AREA,017,Middle Africa,16.07065042513554,26.95209656647215,16.070735412716097,26.80164655067522,-8.498758055708322e-05,-0.0005288344209208873,0.15045001579693107,0.5613461677157261
SSP1,PTS,UN_REPORTING_AREA,018,Southern Africa,51.30992143332552,29.00292259811099,51.2527862336396,28.834020466787717,0.05713519968592351,0.11147725593974034,0.16890213132327503,0.5857737789907613
SSP1,PTS,UN_REPORTING_AREA,021,Northern America,932.525456253978,426.6701997037461,931.1970464577646,423.84683703626723,1.32840979621335,0.14265614364505907,2.823362667478875,0.6661280492786359
SSP1,PTS,UN_REPORTING_AREA,029,Caribbean,16.70718994969907,24.00874348047353,16.692632938975663,23.89269313528132,0.01455701072340787,0.08720619914559524,0.11605034519221036,0.48571479378707316
SSP1,PTS,UN_REPORTING_AREA,030,Eastern Asia,1541.5567879004254,972.498404963241,1541.6471445729076,969.8351393343871,-0.0903566724821303,-0.0058610475685227925,2.6632656288538783,0.2746101394801803
SSP1,PTS,UN_REPORTING_AREA,034,Southern Asia,2198.844781892669,1358.7804154132327,2200.0689878631415,1356.3140120459618,-1.224205970472667,-0.055643981039965595,2.466403367270914,0.18184604342104116
SSP1,PTS,UN_REPORTING_AREA,035,South-eastern Asia,565.907469362156,611.6362051866275,568.0014768389879,613.2902835280496,-2.094007476831848,-0.3686623296272562,-1.6540783414220641,-0.2697056167116685
SSP1,PTS,UN_REPORTING_AREA,039,Southern Europe,120.68074359072581,109.97508577130574,120.19335067212388,108.98413368430259,0.4873929186019268,0.40550738944908904,0.9909520870031514,0.909262709628611
SSP1,PTS,UN_REPORTING_AREA,053,Australia and New Zealand,153.04590942182256,142.63321586387633,152.93905544544978,141.79505123376967,0.1068539763727756,0.06986703040734454,0.838164630106661,0.5911099314212409
SSP1,PTS,UN_REPORTING_AREA,054,Melanesia,3.4125567414436877,2.982179724057144,3.4092795307916615,2.9421216228481897,0.003277210652026241,0.09612619389016697,0.040058101208954255,1.3615379084898294
SSP1,PTS,UN_REPORTING_AREA,057,Micronesia,0.0033727652151715,0.0297175160537462,0.0033029328012159995,0.02893567223863219,6.983241395550066e-05,2.1142547595818906,0.0007818438151140118,2.7020067433241257
SSP1,PTS,UN_REPORTING_AREA,061,Polynesia,0.013602233345235536,0.19808046213335126,0.013433162423918128,0.19438671048175385,0.0001690709213174081,1.2586084793880792,0.00369375165159741,1.9002079115609805
SSP1,PTS,UN_REPORTING_AREA,143,Central Asia,73.64864016921939,94.65491747125576,73.55889185047671,94.20619677237914,0.08974831874267863,0.12200879660491104,0.44872069887661326,0.4763176035657235
SSP1,PTS,UN_REPORTING_AREA,145,Western Asia,224.0992986493224,141.1916459388463,223.73948857624447,140.4863530401972,0.3598100730779379,0.16081652611596997,0.7052928986491054,0.5020365917302261
SSP1,PTS,UN_REPORTING_AREA,151,Eastern Europe,775.2015839202313,251.06673591520115,774.6310556440342,249.63239613541273,0.5705282761971375,0.07365161415104904,1.4343397797884165,0.5745807843827944
SSP1,PTS,UN_REPORTING_AREA,154,Northern Europe,144.51124712496608,106.73831743324253,144.080616888891,105.92604205401345,0.4306302360750749,0.298881449409083,0.812275379229078,0.7668325592821601
SSP1,PTS,UN_REPORTING_AREA,155,Western Europe,414.7057964476464,198.57696716927921,413.7027118002926,196.95169750967042,1.0030846473537736,0.24246508875629402,1.62526965960879,0.8252123135567224
SSP1,PTS,UN_SPECIAL_GROUP,LDC,Least developed countries,353.9384127020063,688.6063397607635,354.74201471917036,686.6834896985425,-0.803602017164053,-0.22653139008645962,1.9228500622209594,0.28001984772709765
SSP1,PTS,UN_SPECIAL_GROUP,LLDC,Landlocked developing countries,312.3297670799475,546.2478938728424,312.18439417283065,543.5134279752909,0.1453729071168368,0.046566359443445116,2.734465897551445,0.5031091702256463
SSP1,PTS,UN_SPECIAL_GROUP,PACIFIC_ISLANDS,Pacific island countries and areas,3.4295317400040948,3.2099777022442417,3.4260156260167953,3.1654440055685753,0.003516113987299452,0.10262982925701714,0.04453369667566642,1.4068704610577187
SSP1,PTS,UN_SPECIAL_GROUP,SIDS,Small island developing States,27.81247520924434,32.758134391466726,27.80930186327717,32.600111880616765,0.003173345967169894,0.011411095405322591,0.15802251084996044,0.4847299648192749
SSP1,PTS,UN_SUBREGION,015,Northern Africa,149.45597548225615,95.38660172821587,149.42078092947477,95.08794628481282,0.03519455278137684,0.023553987981084212,0.2986554434030495,0.31408338813891934
SSP1,PTS,UN_SUBREGION,021,Northern America,932.525456253978,426.6701997037461,931.1970464577646,423.84683703626723,1.32840979621335,0.14265614364505907,2.823362667478875,0.6661280492786359
SSP1,PTS,UN_SUBREGION,030,Eastern Asia,1541.5567879004254,972.498404963241,1541.6471445729076,969.8351393343871,-0.0903566724821303,-0.0058610475685227925,2.6632656288538783,0.2746101394801803
SSP1,PTS,UN_SUBREGION,034,Southern Asia,2198.844781892669,1358.7804154132327,2200.0689878631415,1356.3140120459618,-1.224205970472667,-0.055643981039965595,2.466403367270914,0.18184604342104116
SSP1,PTS,UN_SUBREGION,035,South-eastern Asia,565.907469362156,611.6362051866275,568.0014768389879,613.2902835280496,-2.094007476831848,-0.3686623296272562,-1.6540783414220641,-0.2697056167116685
SSP1,PTS,UN_SUBREGION,039,Southern Europe,120.68074359072581,109.97508577130574,120.19335067212388,108.98413368430259,0.4873929186019268,0.40550738944908904,0.9909520870031514,0.909262709628611
SSP1,PTS,UN_SUBREGION,053,Australia and New Zealand,153.04590942182256,142.63321586387633,152.93905544544978,141.79505123376967,0.1068539763727756,0.06986703040734454,0.838164630106661,0.5911099314212409
SSP1,PTS,UN_SUBREGION,054,Melanesia,3.4125567414436877,2.982179724057144,3.4092795307916615,2.9421216228481897,0.003277210652026241,0.09612619389016697,0.040058101208954255,1.3615379084898294
SSP1,PTS,UN_SUBREGION,057,Micronesia,0.0033727652151715,0.0297175160537462,0.0033029328012159995,0.02893567223863219,6.983241395550066e-05,2.1142547595818906,0.0007818438151140118,2.7020067433241257
SSP1,PTS,UN_SUBREGION,061,Polynesia,0.013602233345235536,0.19808046213335126,0.013433162423918128,0.19438671048175385,0.0001690709213174081,1.2586084793880792,0.00369375165159741,1.9002079115609805
SSP1,PTS,UN_SUBREGION,143,Central Asia,73.64864016921939,94.65491747125576,73.55889185047671,94.20619677237914,0.08974831874267863,0.12200879660491104,0.44872069887661326,0.4763176035657235
SSP1,PTS,UN_SUBREGION,145,Western Asia,224.0992986493224,141.1916459388463,223.73948857624447,140.4863530401972,0.3598100730779379,0.16081652611596997,0.7052928986491054,0.5020365917302261
SSP1,PTS,UN_SUBREGION,151,Eastern Europe,775.2015839202313,251.06673591520115,774.6310556440342,249.63239613541273,0.5705282761971375,0.07365161415104904,1.4343397797884165,0.5745807843827944
SSP1,PTS,UN_SUBREGION,154,Northern Europe,144.51124712496608,106.73831743324253,144.080616888891,105.92604205401345,0.4306302360750749,0.298881449409083,0.812275379229078,0.7668325592821601
SSP1,PTS,UN_SUBREGION,155,Western Europe,414.7057964476464,198.57696716927921,413.7027118002926,196.95169750967042,1.0030846473537736,0.24246508875629402,1.62526965960879,0.8252123135567224
SSP1,PTS,UN_SUBREGION,202,Sub-Saharan Africa,302.47577403304274,571.121503165347,302.4381796070275,568.5942158074996,0.03759442601523233,0.012430449774591956,2.527287357847399,0.4444799626141416
SSP1,PTS,UN_SUBREGION,419,Latin America and the Caribbean,1956.696720729189,1371.1994577371142,1955.310494513656,1362.8873293009794,1.3862262155330427,0.07089545212499715,8.312128436134799,0.6098910935211421
SSP1,PTS,WB_DEVELOPMENT_STATUS,DEVELOPING_ECONOMIES,"Developing economies (World Bank FY25 LIC, LMC and UMC)",7124.173799779904,5131.985801175434,7125.873715539411,5116.679381484219,-1.6999157595073484,-0.023855541472761477,15.306419691214614,0.2991475242049457
SSP1,PTS,WB_INCOME_FY25,HIC,High income,2420.338890602705,1273.1152074064041,2416.241055366519,1264.3834422394123,4.0978352361858015,0.16959546428880756,8.731765166991863,0.6905947100609433
SSP1,PTS,WB_INCOME_FY25,LIC,Low income,134.86098757925407,354.2261554183197,134.78372338033316,352.58184624321217,0.07726419892091485,0.05732457672422697,1.6443091751075372,0.46636240425528275
SSP1,PTS,WB_INCOME_FY25,LMC,Lower middle income,2744.6296003910975,2044.989408633712,2746.851108575657,2041.60960143217,-2.2215081845592977,-0.08087472151744324,3.3798072015420075,0.16554620428759215
SSP1,PTS,WB_INCOME_FY25,NCL,Not classified,12.273026335046094,50.238642580937224,12.240526380559249,49.940254049639776,0.03249995448684473,0.2655110856871534,0.2983885312974479,0.5974910159665114
SSP1,PTS,WB_INCOME_FY25,UMC,Upper middle income,4244.683211809552,2732.7702371234027,4244.238883583421,2722.487933808837,0.4443282261308923,0.010468973078991972,10.282303314565524,0.37768039986059154
SSP2,CGS,ECONOMIC,EU27,European Union (27),786.9723457460967,401.2689641122311,788.7812895044212,419.6860149591416,-1.8089437583245171,-0.22933400961641093,-18.417050846910456,-4.388292721334408
SSP2,CGS,FOCUS,CHINA_MAINLAND,China mainland,1408.7296536085314,826.5668071111784,1446.1145694426398,873.8699419468786,-37.38491583410837,-2.5851973712233023,-47.303134835700234,-5.413063496647386
SSP2,CGS,FOCUS,USA,United States,814.3861371387137,345.05948599635093,815.537543922867,363.1700708806918,-1.1514067841533233,-0.14118378641587714,-18.11058488434088,-4.98680544914466
SSP2,CGS,GLOBAL,WORLD,World,9336.281937776153,6041.240498089749,9407.248346960696,6295.783295072793,-70.9664091845425,-0.7543800967843128,-254.54279698304435,-4.043067956011992
SSP2,CGS,UN_REGION,002,Africa,448.92306031006353,649.110737105398,450.20354744146624,667.3161204054982,-1.2804871314027082,-0.2844240430089462,-18.205383300100152,-2.72814978439867
SSP2,CGS,UN_REGION,009,Oceania,157.8725205821814,138.073395310434,158.2650782898997,145.0238105009887,-0.39255770771828224,-0.2480381092025974,-6.950415190554708,-4.792602791599743
SSP2,CGS,UN_REGION,019,Americas,2894.6091839356804,1674.6179037062493,2899.5370980598127,1772.1743962355952,-4.927914124132258,-0.1699552017261574,-97.55649252934586,-5.5049036221588965
SSP2,CGS,UN_REGION,142,Asia,4411.095706834485,2958.3472247549153,4470.5031213344555,3065.0928580758946,-59.4074144999704,-1.3288753611749415,-106.74563332097932,-3.48262314597505
SSP2,CGS,UN_REGION,150,Europe,1423.7814661137434,621.0912372127517,1428.739501835062,646.1761098548168,-4.958035721318538,-0.3470216729467124,-25.08487264206508,-3.8820489119755885
SSP2,CGS,UN_REPORTING_AREA,005,South America,1704.9242289306794,1067.878583748688,1707.4880284063597,1132.2126498497819,-2.563799475680298,-0.15015036316671226,-64.33406610109387,-5.682153976077686
SSP2,CGS,UN_REPORTING_AREA,011,Western Africa,88.22456513978065,183.57654665727688,89.25003129930631,190.22306600090076,-1.0254661595256636,-1.1489812884061479,-6.646519343623879,-3.4940659318320577
SSP2,CGS,UN_REPORTING_AREA,013,Central America,241.46310125488637,182.37379549511002,241.3133998377978,193.20265894396167,0.1497014170885791,0.062036097949480506,-10.82886344885165,-5.60492464650425
SSP2,CGS,UN_REPORTING_AREA,014,Eastern Africa,147.4712768579613,317.7193995542725,147.52316724665835,327.13236278932516,-0.05189038869704632,-0.03517439983530268,-9.412963235052644,-2.877417310470942
SSP2,CGS,UN_REPORTING_AREA,015,Northern Africa,143.5178707829299,93.23774580198751,143.62277837910588,92.76323264894755,-0.1049075961759911,-0.07304384259930741,0.47451315303996466,0.5115314974368124
SSP2,CGS,UN_REPORTING_AREA,017,Middle Africa,16.73352704680053,26.613217722527107,16.83597120912288,27.76144573915107,-0.1024441623223531,-0.6084838293548667,-1.148228016623964,-4.136052666034806
SSP2,CGS,UN_REPORTING_AREA,018,Southern Africa,52.9758204825912,27.963827369333988,52.971599307272804,29.436013227173643,0.004221175318399162,0.007968751885156777,-1.472185857839655,-5.001308589169328
SSP2,CGS,UN_REPORTING_AREA,021,Northern America,932.138924737052,402.57273559255293,934.6342462978723,424.0466818628105,-2.4953215608203436,-0.26698375013588516,-21.473946270257557,-5.06405242364446
SSP2,CGS,UN_REPORTING_AREA,029,Caribbean,16.08292901306247,21.792788869898406,16.101423517782532,22.712405579041366,-0.01849450472006353,-0.1148625442939144,-0.9196167091429608,-4.048962167140802
SSP2,CGS,UN_REPORTING_AREA,030,Eastern Asia,1439.862820990199,876.4597984447234,1477.783465530999,926.6069297037452,-37.92064454079991,-2.566048776785723,-50.14713125902176,-5.4119098024719925
SSP2,CGS,UN_REPORTING_AREA,034,Southern Asia,2133.9312892324956,1286.2505337566165,2142.4129160428456,1309.5426298486284,-8.481626810350008,-0.39589132173530883,-23.29209609201189,-1.7786435936571365
SSP2,CGS,UN_REPORTING_AREA,035,South-eastern Asia,549.24681490105,572.7709858379488,563.33106401575,603.6272760252233,-14.084249114700015,-2.500172636371112,-30.856290187274453,-5.111811777369901
SSP2,CGS,UN_REPORTING_AREA,039,Southern Europe,118.96877368873348,101.3569919008815,119.80044580467123,107.43165736707077,-0.8316721159377494,-0.6942145418171064,-6.074665466189273,-5.654446384861633
SSP2,CGS,UN_REPORTING_AREA,053,Australia and New Zealand,154.53733250892856,135.25527095554946,154.9141231072435,141.8941964408873,-0.37679059831495465,-0.24322546631472264,-6.638925485337836,-4.67878577972961
SSP2,CGS,UN_REPORTING_AREA,054,Melanesia,3.319595919580226,2.6272968907515635,3.3340789545421856,2.9062899876032513,-0.014483034961959795,-0.4343938808716197,-0.2789930968516878,-9.59963038931868
SSP2,CGS,UN_REPORTING_AREA,057,Micronesia,0.0029089605574119,0.023480419679428894,0.0033066724875345,0.02889357457526679,-0.00039771193012259985,-12.027557359305918,-0.005413154895837897,-18.734805144087694
SSP2,CGS,UN_REPORTING_AREA,061,Polynesia,0.012683193115234555,0.1673470444535548,0.013569555626468041,0.19443049792288733,-0.000886362511233486,-6.531993645426349,-0.027083453469332525,-13.929632315231755
SSP2,CGS,UN_REPORTING_AREA,143,Central Asia,72.62559300204813,90.35837532667847,72.57223158536466,92.22932183465487,0.053361416683472385,0.0735286975717564,-1.8709465079763987,-2.0285810095519885
SSP2,CGS,UN_REPORTING_AREA,145,Western Asia,215.4291887086925,132.50753138894825,214.40344415949704,133.08670066364286,1.0257445491954513,0.47841794389851255,-0.5791692746946069,-0.43518193163295527
SSP2,CGS,UN_REPORTING_AREA,151,Eastern Europe,752.9481474552498,235.54434854587686,756.8533577380572,242.23870121500886,-3.9052102828073885,-0.5159797790259657,-6.694352669132002,-2.7635355686580265
SSP2,CGS,UN_REPORTING_AREA,154,Northern Europe,143.4064639690282,99.47204672845504,143.16397753096183,103.68246085046721,0.24248643806637915,0.16937671210897065,-4.210414122012168,-4.06087402582439
SSP2,CGS,UN_REPORTING_AREA,155,Western Europe,408.4580810007318,184.71785003753837,408.9217207613717,192.8232904222699,-0.4636397606399214,-0.11338105488176708,-8.105440384731537,-4.203558795714546
SSP2,CGS,UN_SPECIAL_GROUP,LDC,Least developed countries,354.25555299590985,673.4843184820094,359.362927437828,692.4628924835623,-5.107374441918125,-1.4212301970969787,-18.978574001552943,-2.7407351653869982
SSP2,CGS,UN_SPECIAL_GROUP,LLDC,Landlocked developing countries,307.05334581771365,517.6241536344058,307.81093096165455,532.733294875618,-0.7575851439409007,-0.2461202861035794,-15.109141241212114,-2.8361548614564747
SSP2,CGS,UN_SPECIAL_GROUP,PACIFIC_ISLANDS,Pacific island countries and areas,3.3351880732528723,2.818124354884547,3.350955182656188,3.1296140601014057,-0.015767109403315605,-0.4705258215604524,-0.3114897052168586,-9.95297500698108
SSP2,CGS,UN_SPECIAL_GROUP,SIDS,Small island developing States,27.305347540387828,30.015205894417186,27.429637292363722,31.526211001225228,-0.12428975197589409,-0.453122112593507,-1.5110051068080423,-4.792853498155292
SSP2,CGS,UN_SUBREGION,015,Northern Africa,143.5178707829299,93.23774580198751,143.62277837910588,92.76323264894755,-0.1049075961759911,-0.07304384259930741,0.47451315303996466,0.5115314974368124
SSP2,CGS,UN_SUBREGION,021,Northern America,932.138924737052,402.57273559255293,934.6342462978723,424.0466818628105,-2.4953215608203436,-0.26698375013588516,-21.473946270257557,-5.06405242364446
SSP2,CGS,UN_SUBREGION,030,Eastern Asia,1439.862820990199,876.4597984447234,1477.783465530999,926.6069297037452,-37.92064454079991,-2.566048776785723,-50.14713125902176,-5.4119098024719925
SSP2,CGS,UN_SUBREGION,034,Southern Asia,2133.9312892324956,1286.2505337566165,2142.4129160428456,1309.5426298486284,-8.481626810350008,-0.39589132173530883,-23.29209609201189,-1.7786435936571365
SSP2,CGS,UN_SUBREGION,035,South-eastern Asia,549.24681490105,572.7709858379488,563.33106401575,603.6272760252233,-14.084249114700015,-2.500172636371112,-30.856290187274453,-5.111811777369901
SSP2,CGS,UN_SUBREGION,039,Southern Europe,118.96877368873348,101.3569919008815,119.80044580467123,107.43165736707077,-0.8316721159377494,-0.6942145418171064,-6.074665466189273,-5.654446384861633
SSP2,CGS,UN_SUBREGION,053,Australia and New Zealand,154.53733250892856,135.25527095554946,154.9141231072435,141.8941964408873,-0.37679059831495465,-0.24322546631472264,-6.638925485337836,-4.67878577972961
SSP2,CGS,UN_SUBREGION,054,Melanesia,3.319595919580226,2.6272968907515635,3.3340789545421856,2.9062899876032513,-0.014483034961959795,-0.4343938808716197,-0.2789930968516878,-9.59963038931868
SSP2,CGS,UN_SUBREGION,057,Micronesia,0.0029089605574119,0.023480419679428894,0.0033066724875345,0.02889357457526679,-0.00039771193012259985,-12.027557359305918,-0.005413154895837897,-18.734805144087694
SSP2,CGS,UN_SUBREGION,061,Polynesia,0.012683193115234555,0.1673470444535548,0.013569555626468041,0.19443049792288733,-0.000886362511233486,-6.531993645426349,-0.027083453469332525,-13.929632315231755
SSP2,CGS,UN_SUBREGION,143,Central Asia,72.62559300204813,90.35837532667847,72.57223158536466,92.22932183465487,0.053361416683472385,0.0735286975717564,-1.8709465079763987,-2.0285810095519885
SSP2,CGS,UN_SUBREGION,145,Western Asia,215.4291887086925,132.50753138894825,214.40344415949704,133.08670066364286,1.0257445491954513,0.47841794389851255,-0.5791692746946069,-0.43518193163295527
SSP2,CGS,UN_SUBREGION,151,Eastern Europe,752.9481474552498,235.54434854587686,756.8533577380572,242.23870121500886,-3.9052102828073885,-0.5159797790259657,-6.694352669132002,-2.7635355686580265
SSP2,CGS,UN_SUBREGION,154,Northern Europe,143.4064639690282,99.47204672845504,143.16397753096183,103.68246085046721,0.24248643806637915,0.16937671210897065,-4.210414122012168,-4.06087402582439
SSP2,CGS,UN_SUBREGION,155,Western Europe,408.4580810007318,184.71785003753837,408.9217207613717,192.8232904222699,-0.4636397606399214,-0.11338105488176708,-8.105440384731537,-4.203558795714546
SSP2,CGS,UN_SUBREGION,202,Sub-Saharan Africa,305.40518952713364,555.8729913034105,306.58076906236033,574.5528877565506,-1.1755795352266887,-0.3834485570709645,-18.679896453140145,-3.2512057377484083
SSP2,CGS,UN_SUBREGION,419,Latin America and the Caribbean,1962.4702591986284,1272.0451681136965,1964.90285176194,1348.1277143727848,-2.432592563311573,-0.1238021798955713,-76.0825462590883,-5.643571113326285
SSP2,CGS,WB_DEVELOPMENT_STATUS,DEVELOPING_ECONOMIES,"Developing economies (World Bank FY25 LIC, LMC and UMC)",6929.609363248367,4800.11957873146,6992.979510117144,4996.163549847976,-63.37014686877683,-0.9061966616246475,-196.04397111651633,-3.923890184149026
SSP2,CGS,WB_INCOME_FY25,HIC,High income,2394.065330431137,1192.4732103137858,2401.74862137209,1248.9629734116788,-7.683290940952702,-0.3199040429369915,-56.48976309789305,-4.5229333695606
SSP2,CGS,WB_INCOME_FY25,LIC,Low income,135.1263931820947,347.0598782623991,135.16934947187198,353.0127447832457,-0.04295628977729393,-0.03177960828038007,-5.952866520846612,-1.6863035708531537
SSP2,CGS,WB_INCOME_FY25,LMC,Lower middle income,2662.5755152582024,1936.066708681842,2680.18215680284,1990.6927910909028,-17.60664154463757,-0.6569195866015454,-54.6260824090607,-2.744073955234727
SSP2,CGS,WB_INCOME_FY25,NCL,Not classified,12.607244096649701,48.647709044502584,12.52021547146274,50.65677181313807,0.08702862518696186,0.6951048517122249,-2.009062768635488,-3.9660300029510154
SSP2,CGS,WB_INCOME_FY25,UMC,Upper middle income,4131.90745480807,2516.992991787219,4177.628003842432,2652.458013973828,-45.72054903436219,-1.0944140788100354,-135.46502218660908,-5.10715047977931
SSP2,MTS,ECONOMIC,EU27,European Union (27),787.2032706855744,408.16543453327995,788.7812895044212,419.6860149591416,-1.5780188188468856,-0.2000578411080589,-11.520580425861624,-2.745047491511765
SSP2,MTS,FOCUS,CHINA_MAINLAND,China mainland,1423.3286216686245,844.730758657308,1446.1145694426398,873.8699419468786,-22.785947774015312,-1.5756668424132814,-29.13918328957061,-3.3344988642877382
SSP2,MTS,FOCUS,USA,United States,814.6004126561915,351.95468088143946,815.537543922867,363.1700708806918,-0.9371312666755784,-0.11490964133519244,-11.215389999252352,-3.088192254404365
SSP2,MTS,GLOBAL,WORLD,World,9360.59422549667,6134.959017807376,9407.248346960696,6295.783295072793,-46.65412146402559,-0.4959380229299315,-160.82427726541755,-2.554476063229205
SSP2,MTS,UN_REGION,002,Africa,449.2360631972001,655.4944227238099,450.20354744146624,667.3161204054982,-0.9674842442661316,-0.21489929383373685,-11.821697681688306,-1.7715288631877768
SSP2,MTS,UN_REGION,009,Oceania,157.9377860738072,140.6269106861823,158.2650782898997,145.0238105009887,-0.32729221609250203,-0.20680002160236022,-4.396899814806403,-3.0318468392308784
SSP2,MTS,UN_REGION,019,Americas,2896.0535721191677,1711.286924952836,2899.5370980598127,1772.1743962355952,-3.483525940644995,-0.12014076119171158,-60.88747128275918,-3.4357494054814586
SSP2,MTS,UN_REGION,142,Asia,4432.355304331655,2997.173580213004,4470.5031213344555,3065.0928580758946,-38.147817002800366,-0.8533226790682358,-67.9192778628908,-2.215896255277794
SSP2,MTS,UN_REGION,150,Europe,1425.0114997748399,630.3771792315439,1428.739501835062,646.1761098548168,-3.7280020602220247,-0.26092944553109954,-15.798930623272895,-2.4449883526060145
SSP2,MTS,UN_REPORTING_AREA,005,South America,1705.7643816731988,1091.9436864151412,1707.4880284063597,1132.2126498497819,-1.7236467331608765,-0.10094634366306643,-40.26896343464068,-3.5566607951239004
SSP2,MTS,UN_REPORTING_AREA,011,Western Africa,88.59609386081682,185.9901895026513,89.25003129930631,190.22306600090076,-0.6539374384894927,-0.7327027553597931,-4.232876498249453,-2.2252172605762843
SSP2,MTS,UN_REPORTING_AREA,013,Central America,241.33483654455628,186.44394683504765,241.3133998377978,193.20265894396167,0.021436706758493074,0.00888334703870175,-6.758712108914011,-3.498250047828988
SSP2,MTS,UN_REPORTING_AREA,014,Eastern Africa,147.42679480990628,321.0448470948923,147.52316724665835,327.13236278932516,-0.09637243675206264,-0.06532698460230968,-6.087515694432852,-1.8608723522573811
SSP2,MTS,UN_REPORTING_AREA,015,Northern Africa,143.47977688535244,92.90610134552175,143.62277837910588,92.76323264894755,-0.14300149375344517,-0.09956741915685408,0.14286869657419743,0.15401435729915924
SSP2,MTS,UN_REPORTING_AREA,017,Middle Africa,16.770705580054468,27.042171088869548,16.83597120912288,27.76144573915107,-0.06526562906841349,-0.3876558605246827,-0.7192746502815233,-2.590912076553542
SSP2,MTS,UN_REPORTING_AREA,018,Southern Africa,52.96269206107008,28.511113691874993,52.971599307272804,29.436013227173643,-0.00890724620272465,-0.016815135505077183,-0.9248995352986498,-3.1420679429673415
SSP2,MTS,UN_REPORTING_AREA,021,Northern America,932.8725867471786,410.77200343153584,934.6342462978723,424.0466818628105,-1.7616595506937074,-0.1884865184077822,-13.274678431274651,-3.1304757233236225
SSP2,MTS,UN_REPORTING_AREA,029,Caribbean,16.081767154233816,22.127288271111226,16.101423517782532,22.712405579041366,-0.019656363548715916,-0.12207842074961617,-0.5851173079301404,-2.5762013886810653
SSP2,MTS,UN_REPORTING_AREA,030,Eastern Asia,1454.6357247430133,895.6874422160563,1477.783465530999,926.6069297037452,-23.14774078798564,-1.5663824455951825,-30.91948748768891,-3.3368504482881978
SSP2,MTS,UN_REPORTING_AREA,034,Southern Asia,2135.80271704197,1293.6001913892187,2142.4129160428456,1309.5426298486284,-6.610199000875582,-0.3085399155026147,-15.942438459409686,-1.2174050768589684
SSP2,MTS,UN_REPORTING_AREA,035,South-eastern Asia,554.534187830899,584.4044981437157,563.33106401575,603.6272760252233,-8.796876184851044,-1.5615819447523105,-19.222777881507568,-3.1845442783974387
SSP2,MTS,UN_REPORTING_AREA,039,Southern Europe,119.22282906051635,103.69962870645898,119.80044580467123,107.43165736707077,-0.5776167441548807,-0.48214907738879376,-3.732028660611789,-3.4738630605504417
SSP2,MTS,UN_REPORTING_AREA,053,Australia and New Zealand,154.59611973157885,137.6822895987605,154.9141231072435,141.8941964408873,-0.3180033756646594,-0.20527720086858103,-4.211906842126808,-2.9683432781420827
SSP2,MTS,UN_REPORTING_AREA,054,Melanesia,3.3255433915781745,2.7403985667979853,3.3340789545421856,2.9062899876032513,-0.008535562964011145,-0.25600962305895036,-0.16589142080526598,-5.708013361119302
SSP2,MTS,UN_REPORTING_AREA,057,Micronesia,0.0030764601067212,0.02575931755251406,0.0033066724875345,0.02889357457526679,-0.00023021238081329977,-6.962055712537452,-0.0031342570227527317,-10.847591787537736
SSP2,MTS,UN_REPORTING_AREA,061,Polynesia,0.013046490543444478,0.17846320307132787,0.013569555626468041,0.19443049792288733,-0.0005230650830235634,-3.854695742602665,-0.015967294851559455,-8.21234066781653
SSP2,MTS,UN_REPORTING_AREA,143,Central Asia,72.53410705532622,90.95693384407143,72.57223158536466,92.22932183465487,-0.03812453003844496,-0.0525332199459827,-1.2723879905834394,-1.3795916149795917
SSP2,MTS,UN_REPORTING_AREA,145,Western Asia,214.84856766044663,132.52451461994175,214.40344415949704,133.08670066364286,0.44512350094959174,0.207610238116529,-0.5621860437011037,-0.4224209037399951
SSP2,MTS,UN_REPORTING_AREA,151,Eastern Europe,754.2333409709337,237.9461485844787,756.8533577380572,242.23870121500886,-2.620016767123502,-0.34617231202537235,-4.292552630530167,-1.7720341997376154
SSP2,MTS,UN_REPORTING_AREA,154,Northern Europe,143.17831570508451,101.01053451011643,143.16397753096183,103.68246085046721,0.014338174122684677,0.01001521078833889,-2.6719263403507796,-2.577028282733651
SSP2,MTS,UN_REPORTING_AREA,155,Western Europe,408.37701403830533,187.72086743048985,408.9217207613717,192.8232904222699,-0.5447067230663833,-0.13320562235045186,-5.10242299178006,-2.6461652949735015
SSP2,MTS,UN_SPECIAL_GROUP,LDC,Least developed countries,356.0222787182217,680.1340929896128,359.362927437828,692.4628924835623,-3.3406487196062926,-0.9296030459859383,-12.328799493949532,-1.7804274608465342
SSP2,MTS,UN_SPECIAL_GROUP,LLDC,Landlocked developing countries,307.18438776089977,522.9141672679872,307.81093096165455,532.733294875618,-0.6265432007547815,-0.20354806724938168,-9.819127607630776,-1.8431601144665355
SSP2,MTS,UN_SPECIAL_GROUP,PACIFIC_ISLANDS,Pacific island countries and areas,3.341666342228341,2.9446210874218273,3.350955182656188,3.1296140601014057,-0.009288840427847056,-0.27719978100345655,-0.18499297267957848,-5.911047468696006
SSP2,MTS,UN_SPECIAL_GROUP,SIDS,Small island developing States,27.343755063963297,30.581697837882295,27.429637292363722,31.526211001225228,-0.08588222840042548,-0.31310012409218047,-0.9445131633429327,-2.9959615613377233
SSP2,MTS,UN_SUBREGION,015,Northern Africa,143.47977688535244,92.90610134552175,143.62277837910588,92.76323264894755,-0.14300149375344517,-0.09956741915685408,0.14286869657419743,0.15401435729915924
SSP2,MTS,UN_SUBREGION,021,Northern America,932.8725867471786,410.77200343153584,934.6342462978723,424.0466818628105,-1.7616595506937074,-0.1884865184077822,-13.274678431274651,-3.1304757233236225
SSP2,MTS,UN_SUBREGION,030,Eastern Asia,1454.6357247430133,895.6874422160563,1477.783465530999,926.6069297037452,-23.14774078798564,-1.5663824455951825,-30.91948748768891,-3.3368504482881978
SSP2,MTS,UN_SUBREGION,034,Southern Asia,2135.80271704197,1293.6001913892187,2142.4129160428456,1309.5426298486284,-6.610199000875582,-0.3085399155026147,-15.942438459409686,-1.2174050768589684
SSP2,MTS,UN_SUBREGION,035,South-eastern Asia,554.534187830899,584.4044981437157,563.33106401575,603.6272760252233,-8.796876184851044,-1.5615819447523105,-19.222777881507568,-3.1845442783974387
SSP2,MTS,UN_SUBREGION,039,Southern Europe,119.22282906051635,103.69962870645898,119.80044580467123,107.43165736707077,-0.5776167441548807,-0.48214907738879376,-3.732028660611789,-3.4738630605504417
SSP2,MTS,UN_SUBREGION,053,Australia and New Zealand,154.59611973157885,137.6822895987605,154.9141231072435,141.8941964408873,-0.3180033756646594,-0.20527720086858103,-4.211906842126808,-2.9683432781420827
SSP2,MTS,UN_SUBREGION,054,Melanesia,3.3255433915781745,2.7403985667979853,3.3340789545421856,2.9062899876032513,-0.008535562964011145,-0.25600962305895036,-0.16589142080526598,-5.708013361119302
SSP2,MTS,UN_SUBREGION,057,Micronesia,0.0030764601067212,0.02575931755251406,0.0033066724875345,0.02889357457526679,-0.00023021238081329977,-6.962055712537452,-0.0031342570227527317,-10.847591787537736
SSP2,MTS,UN_SUBREGION,061,Polynesia,0.013046490543444478,0.17846320307132787,0.013569555626468041,0.19443049792288733,-0.0005230650830235634,-3.854695742602665,-0.015967294851559455,-8.21234066781653
SSP2,MTS,UN_SUBREGION,143,Central Asia,72.53410705532622,90.95693384407143,72.57223158536466,92.22932183465487,-0.03812453003844496,-0.0525332199459827,-1.2723879905834394,-1.3795916149795917
SSP2,MTS,UN_SUBREGION,145,Western Asia,214.84856766044663,132.52451461994175,214.40344415949704,133.08670066364286,0.44512350094959174,0.207610238116529,-0.5621860437011037,-0.4224209037399951
SSP2,MTS,UN_SUBREGION,151,Eastern Europe,754.2333409709337,237.9461485844787,756.8533577380572,242.23870121500886,-2.620016767123502,-0.34617231202537235,-4.292552630530167,-1.7720341997376154
SSP2,MTS,UN_SUBREGION,154,Northern Europe,143.17831570508451,101.01053451011643,143.16397753096183,103.68246085046721,0.014338174122684677,0.01001521078833889,-2.6719263403507796,-2.577028282733651
SSP2,MTS,UN_SUBREGION,155,Western Europe,408.37701403830533,187.72086743048985,408.9217207613717,192.8232904222699,-0.5447067230663833,-0.13320562235045186,-5.10242299178006,-2.6461652949735015
SSP2,MTS,UN_SUBREGION,202,Sub-Saharan Africa,305.75628631184765,562.5883213782882,306.58076906236033,574.5528877565506,-0.8244827505126864,-0.2689283979012358,-11.964566378262361,-2.0824134093173297
SSP2,MTS,UN_SUBREGION,419,Latin America and the Caribbean,1963.180985371989,1300.5149215213003,1964.90285176194,1348.1277143727848,-1.7218663899509465,-0.08763112071453749,-47.61279285148453,-3.531771681857032
SSP2,MTS,WB_DEVELOPMENT_STATUS,DEVELOPING_ECONOMIES,"Developing economies (World Bank FY25 LIC, LMC and UMC)",6952.03988664833,4871.959426489691,6992.979510117144,4996.163549847976,-40.93962346881381,-0.5854389164101526,-124.20412335828496,-2.4859899424642395
SSP2,MTS,WB_INCOME_FY25,HIC,High income,2395.993024356379,1213.627343163933,2401.74862137209,1248.9629734116788,-5.755597015710919,-0.23964194106304015,-35.33563024774594,-2.829197582312848
SSP2,MTS,WB_INCOME_FY25,LIC,Low income,135.0700928887989,348.96116188874834,135.16934947187198,353.0127447832457,-0.09925658307307117,-0.07343127969534624,-4.051582894497358,-1.147715756547285
SSP2,MTS,WB_INCOME_FY25,LMC,Lower middle income,2667.802512032478,1955.1402996677746,2680.18215680284,1990.6927910909028,-12.37964477036212,-0.46189564910504854,-35.55249142312823,-1.7859356090622835
SSP2,MTS,WB_INCOME_FY25,NCL,Not classified,12.561314491960612,49.37224815375157,12.52021547146274,50.65677181313807,0.04109902049787273,0.328261287447873,-1.284523659386501,-2.53573927711942
SSP2,MTS,WB_INCOME_FY25,UMC,Upper middle income,4149.167281727054,2567.857964933168,4177.628003842432,2652.458013973828,-28.460722115378303,-0.6812651123843771,-84.60004904066,-3.189496255735824
SSP2,PTS,ECONOMIC,EU27,European Union (27),790.6803882771989,423.0129953422053,788.7812895044212,419.6860149591416,1.89909877277762,0.24076366897227697,3.326980383063699,0.7927308188688587
SSP2,PTS,FOCUS,CHINA_MAINLAND,China mainland,1445.844620582131,875.9996139144791,1446.1145694426398,873.8699419468786,-0.2699488605087481,-0.018667183514564645,2.1296719676005296,0.2437058268483172
SSP2,PTS,FOCUS,USA,United States,816.7533438561671,365.52975024772326,815.537543922867,363.1700708806918,1.2157999333001044,0.14907957853809162,2.359679367031447,0.6497449972430847
SSP2,PTS,GLOBAL,WORLD,World,9409.441005809174,6318.888558788318,9407.248346960696,6295.783295072793,2.192658848478459,0.023308185003823034,23.105263715524416,0.3669958547271923
SSP2,PTS,UN_REGION,002,Africa,450.26755591791203,670.0825766792673,450.20354744146624,667.3161204054982,0.06400847644579244,0.014217674829430926,2.7664562737691085,0.41456458029038856
SSP2,PTS,UN_REGION,009,Oceania,158.37510119957005,145.88537723306794,158.2650782898997,145.0238105009887,0.11002290967036288,0.06951812165967297,0.8615667320792397,0.5940863980217648
SSP2,PTS,UN_REGION,019,Americas,2902.1607484865,1782.9426039049847,2899.5370980598127,1772.1743962355952,2.6236504266871634,0.09048514773073446,10.76820766938954,0.6076268617954961
SSP2,PTS,UN_REGION,142,Asia,4467.521184900166,3069.154913503681,4470.5031213344555,3065.0928580758946,-2.9819364342893095,-0.06670247963945775,4.062055427786618,0.1325263414804434
SSP2,PTS,UN_REGION,150,Europe,1431.1164153050254,650.8230874673162,1428.739501835062,646.1761098548168,2.3769134699634833,0.16636436991561698,4.646977612499427,0.7191503278484834
SSP2,PTS,UN_REPORTING_AREA,005,South America,1708.4755754927787,1138.8418884963542,1707.4880284063597,1132.2126498497819,0.9875470864189992,0.05783625243573898,6.629238646572276,0.5855117982873415
SSP2,PTS,UN_REPORTING_AREA,011,Western Africa,89.11633169622245,190.84044882115833,89.25003129930631,190.22306600090076,-0.13369960308386908,-0.1498034243097357,0.6173828202575748,0.3245572859469359
SSP2,PTS,UN_REPORTING_AREA,013,Central America,241.63554693378325,194.47626311231988,241.3133998377978,193.20265894396167,0.3221470959854571,0.13349739227161983,1.2736041683582187,0.6592063356269051
SSP2,PTS,UN_REPORTING_AREA,014,Eastern Africa,147.63117269528874,328.67286666218024,147.52316724665835,327.13236278932516,0.10800544863039363,0.07321253376413317,1.5405038728550835,0.4709114866287889
SSP2,PTS,UN_REPORTING_AREA,015,Northern Africa,143.65583050653774,93.05142085915764,143.62277837910588,92.76323264894755,0.03305212743185848,0.0230131513990095,0.28818821021009455,0.31067072802508644
SSP2,PTS,UN_REPORTING_AREA,017,Middle Africa,16.835653934368626,27.913601194429365,16.83597120912288,27.76144573915107,-0.00031727475425569196,-0.0018845052080163072,0.15215545527829377,0.5480818856048009
SSP2,PTS,UN_REPORTING_AREA,018,Southern Africa,53.028567085494515,29.60423914234164,52.971599307272804,29.436013227173643,0.056967778221711285,0.10754400276129505,0.1682259151679979,0.5714969410759219
SSP2,PTS,UN_REPORTING_AREA,021,Northern America,935.9346979156925,426.80458278751996,934.6342462978723,424.0466818628105,1.3004516178201584,0.13914016343519187,2.7579009247094746,0.6503767256459181
SSP2,PTS,UN_REPORTING_AREA,029,Caribbean,16.11492814424578,22.819869508790923,16.101423517782532,22.712405579041366,0.01350462646324857,0.08387225171944124,0.10746392974955654,0.47315080463656845
SSP2,PTS,UN_REPORTING_AREA,030,Eastern Asia,1477.644002080055,929.0093196332392,1477.783465530999,926.6069297037452,-0.13946345094382195,-0.009437340056694943,2.4023899294940065,0.2592674253215632
SSP2,PTS,UN_REPORTING_AREA,034,Southern Asia,2141.1794588245293,1311.7730403873604,2142.4129160428456,1309.5426298486284,-1.233457218316289,-0.057573272130684305,2.2304105387320305,0.17031981150470443
SSP2,PTS,UN_REPORTING_AREA,035,South-eastern Asia,561.3115631037615,601.9805862361881,563.33106401575,603.6272760252233,-2.01950091198853,-0.35849273029474604,-1.6466897890352357,-0.27279910210128433
SSP2,PTS,UN_REPORTING_AREA,039,Southern Europe,120.27085586473854,108.38840711164181,119.80044580467123,107.43165736707077,0.4704100600673087,0.39266136023758946,0.9567497445710416,0.8905659356087448
SSP2,PTS,UN_REPORTING_AREA,053,Australia and New Zealand,155.0206829639466,142.7117017044439,154.9141231072435,141.8941964408873,0.1065598567030861,0.06878640537462122,0.8175052635565976,0.5761372093165074
SSP2,PTS,UN_REPORTING_AREA,054,Melanesia,3.337306921900152,2.9459482942689177,3.3340789545421856,2.9062899876032513,0.003227967357966488,0.09681736401498942,0.03965830666566639,1.3645681206909233
SSP2,PTS,UN_REPORTING_AREA,057,Micronesia,0.0033754750901687,0.02966323432666391,0.0033066724875345,0.02889357457526679,6.88026026342001e-05,2.080720207204445,0.0007696597513971205,2.6637747759183705
SSP2,PTS,UN_REPORTING_AREA,061,Polynesia,0.013735838633143631,0.19806400002844923,0.013569555626468041,0.19443049792288733,0.00016628300667559034,1.2254123219130886,0.0036335021055619032,1.8687922647829591
SSP2,PTS,UN_REPORTING_AREA,143,Central Asia,72.65781407504824,92.65600688843095,72.57223158536466,92.22932183465487,0.08558248968357418,0.11792732263291583,0.4266850537760831,0.4626349248680661
SSP2,PTS,UN_REPORTING_AREA,145,Western Asia,214.72834681677227,133.73596035846242,214.40344415949704,133.08670066364286,0.3249026572752314,0.1515379841722675,0.6492596948195626,0.4878471639780724
SSP2,PTS,UN_REPORTING_AREA,151,Eastern Europe,757.3843187284758,243.59306842080784,756.8533577380572,242.23870121500886,0.5309609904186345,0.07015374708854161,1.3543672057989795,0.5591043871213897
SSP2,PTS,UN_REPORTING_AREA,154,Northern Europe,143.57736984159507,104.46144275394843,143.16397753096183,103.68246085046721,0.4133923106332418,0.28875441836884175,0.778981903481224,0.7513150219347953
SSP2,PTS,UN_REPORTING_AREA,155,Western Europe,409.8838708702161,194.3801691809182,408.9217207613717,192.8232904222699,0.9621501088443551,0.23528955787746053,1.5568787586482813,0.8074121934330769
SSP2,PTS,UN_SPECIAL_GROUP,LDC,Least developed countries,358.5580969690549,694.3290005669276,359.362927437828,692.4628924835623,-0.8048304687731047,-0.22396034964189404,1.8661080833652477,0.26948853196628875
SSP2,PTS,UN_SPECIAL_GROUP,LLDC,Landlocked developing countries,307.9479761547691,535.3460919508484,307.81093096165455,532.733294875618,0.13704519311454533,0.04452252318862815,2.6127970752304464,0.4904512446214815
SSP2,PTS,UN_SPECIAL_GROUP,PACIFIC_ISLANDS,Pacific island countries and areas,3.354418235623464,3.1736755286240306,3.350955182656188,3.1296140601014057,0.0034630529672763366,0.10334524869806128,0.044061468522624825,1.4078882468081977
SSP2,PTS,UN_SPECIAL_GROUP,SIDS,Small island developing States,27.43173326688606,31.675148041269686,27.429637292363722,31.526211001225228,0.0020959745223372295,0.0076412768422517985,0.1489370400444585,0.47242289927791337
SSP2,PTS,UN_SUBREGION,015,Northern Africa,143.65583050653774,93.05142085915764,143.62277837910588,92.76323264894755,0.03305212743185848,0.0230131513990095,0.28818821021009455,0.31067072802508644
SSP2,PTS,UN_SUBREGION,021,Northern America,935.9346979156925,426.80458278751996,934.6342462978723,424.0466818628105,1.3004516178201584,0.13914016343519187,2.7579009247094746,0.6503767256459181
SSP2,PTS,UN_SUBREGION,030,Eastern Asia,1477.644002080055,929.0093196332392,1477.783465530999,926.6069297037452,-0.13946345094382195,-0.009437340056694943,2.4023899294940065,0.2592674253215632
SSP2,PTS,UN_SUBREGION,034,Southern Asia,2141.1794588245293,1311.7730403873604,2142.4129160428456,1309.5426298486284,-1.233457218316289,-0.057573272130684305,2.2304105387320305,0.17031981150470443
SSP2,PTS,UN_SUBREGION,035,South-eastern Asia,561.3115631037615,601.9805862361881,563.33106401575,603.6272760252233,-2.01950091198853,-0.35849273029474604,-1.6466897890352357,-0.27279910210128433
SSP2,PTS,UN_SUBREGION,039,Southern Europe,120.27085586473854,108.38840711164181,119.80044580467123,107.43165736707077,0.4704100600673087,0.39266136023758946,0.9567497445710416,0.8905659356087448
SSP2,PTS,UN_SUBREGION,053,Australia and New Zealand,155.0206829639466,142.7117017044439,154.9141231072435,141.8941964408873,0.1065598567030861,0.06878640537462122,0.8175052635565976,0.5761372093165074
SSP2,PTS,UN_SUBREGION,054,Melanesia,3.337306921900152,2.9459482942689177,3.3340789545421856,2.9062899876032513,0.003227967357966488,0.09681736401498942,0.03965830666566639,1.3645681206909233
SSP2,PTS,UN_SUBREGION,057,Micronesia,0.0033754750901687,0.02966323432666391,0.0033066724875345,0.02889357457526679,6.88026026342001e-05,2.080720207204445,0.0007696597513971205,2.6637747759183705
SSP2,PTS,UN_SUBREGION,061,Polynesia,0.013735838633143631,0.19806400002844923,0.013569555626468041,0.19443049792288733,0.00016628300667559034,1.2254123219130886,0.0036335021055619032,1.8687922647829591
SSP2,PTS,UN_SUBREGION,143,Central Asia,72.65781407504824,92.65600688843095,72.57223158536466,92.22932183465487,0.08558248968357418,0.11792732263291583,0.4266850537760831,0.4626349248680661
SSP2,PTS,UN_SUBREGION,145,Western Asia,214.72834681677227,133.73596035846242,214.40344415949704,133.08670066364286,0.3249026572752314,0.1515379841722675,0.6492596948195626,0.4878471639780724
SSP2,PTS,UN_SUBREGION,151,Eastern Europe,757.3843187284758,243.59306842080784,756.8533577380572,242.23870121500886,0.5309609904186345,0.07015374708854161,1.3543672057989795,0.5591043871213897
SSP2,PTS,UN_SUBREGION,154,Northern Europe,143.57736984159507,104.46144275394843,143.16397753096183,103.68246085046721,0.4133923106332418,0.28875441836884175,0.778981903481224,0.7513150219347953
SSP2,PTS,UN_SUBREGION,155,Western Europe,409.8838708702161,194.3801691809182,408.9217207613717,192.8232904222699,0.9621501088443551,0.23528955787746053,1.5568787586482813,0.8074121934330769
SSP2,PTS,UN_SUBREGION,202,Sub-Saharan Africa,306.6117254113743,577.0311558201096,306.58076906236033,574.5528877565506,0.030956349013990803,0.010097289894828165,2.4782680635589713,0.4313385445221307
SSP2,PTS,UN_SUBREGION,419,Latin America and the Caribbean,1966.2260505708077,1356.1380211174646,1964.90285176194,1348.1277143727848,1.3231988088678008,0.06734169110098609,8.010306744679838,0.5941801106289502
SSP2,PTS,WB_DEVELOPMENT_STATUS,DEVELOPING_ECONOMIES,"Developing economies (World Bank FY25 LIC, LMC and UMC)",6991.2042859085705,5010.557594900438,6992.979510117144,4996.163549847976,-1.7752242085734906,-0.025385805950173257,14.394045052461479,0.288101958809972
SSP2,PTS,WB_INCOME_FY25,HIC,High income,2405.6843640689362,1257.3791118931151,2401.74862137209,1248.9629734116788,3.9357426968463187,0.16386988470915576,8.416138481436292,0.6738501189067936
SSP2,PTS,WB_INCOME_FY25,LIC,Low income,135.2435440667775,354.6149994028271,135.16934947187198,353.0127447832457,0.07419459490552072,0.05489010281947149,1.6022546195814016,0.4538801058203257
SSP2,PTS,WB_INCOME_FY25,LMC,Lower middle income,2677.986717161277,1993.808172429513,2680.18215680284,1990.6927910909028,-2.195439641563098,-0.08191382201357955,3.1153813386101774,0.15649734366611767
SSP2,PTS,WB_INCOME_FY25,NCL,Not classified,12.552355831667988,50.95185199476444,12.52021547146274,50.65677181313807,0.0321403602052488,0.2567077242281224,0.29508018162636773,0.5825088553113034
SSP2,PTS,WB_INCOME_FY25,UMC,Upper middle income,4177.974024680516,2662.1344230680975,4177.628003842432,2652.458013973828,0.3460208380838594,0.008282710613904953,9.676409094269275,0.3648091333884107
SSP3,CGS,ECONOMIC,EU27,European Union (27),766.2918529803503,384.8585457269499,768.2039772069562,402.5371156222675,-1.912124226605897,-0.24890839976616785,-17.678569895317594,-4.3917862997524875
SSP3,CGS,FOCUS,CHINA_MAINLAND,China mainland,1294.8046530134795,755.7846704442901,1329.2272165029422,798.7743879361105,-34.42256348946262,-2.5896673692873073,-42.98971749182044,-5.381959930249913
SSP3,CGS,FOCUS,USA,United States,828.0486847475287,348.19169948439867,829.2347801089458,366.3415529910756,-1.186095361417074,-0.14303492688297892,-18.149853506676948,-4.954352941534612
SSP3,CGS,GLOBAL,WORLD,World,9036.332455555354,5793.340905143007,9104.412046423737,6037.5035808790135,-68.0795908683831,-0.747764825682784,-244.16267573600635,-4.044099891042352
SSP3,CGS,UN_REGION,002,Africa,444.39795531611674,655.1311770276473,445.71174917912225,673.5580043077676,-1.3137938630055146,-0.2947631211035251,-18.426827280120392,-2.735744681567265
SSP3,CGS,UN_REGION,009,Oceania,160.91392123418322,138.20460494993122,161.29143851051563,145.04902460589378,-0.37751727633241217,-0.23405909192619756,-6.844419655962554,-4.718694024009618
SSP3,CGS,UN_REGION,019,Americas,2912.755659744484,1649.5551316735814,2917.7690189565938,1745.0692748354586,-5.013359212109663,-0.17182166167157842,-95.5141431618772,-5.473372578339797
SSP3,CGS,UN_REGION,142,Asia,4142.174818019179,2756.769289663153,4198.593347860228,2856.156819161527,-56.41852984104935,-1.3437483739596412,-99.38752949837408,-3.4797644454113374
SSP3,CGS,UN_REGION,150,Europe,1376.0901012413908,593.6807018286947,1381.0464919172764,617.6704579683663,-4.9563906758855865,-0.35888659106650955,-23.989756139671613,-3.883908616672138
SSP3,CGS,UN_REPORTING_AREA,005,South America,1721.667918603345,1055.4390232581156,1724.2801379597724,1118.7573457107478,-2.612219356427431,-0.1514962272614384,-63.318322452632174,-5.6597011581994146
SSP3,CGS,UN_REPORTING_AREA,011,Western Africa,88.35611016469694,182.5162131824769,89.42152078619202,189.0513869815745,-1.0654106214950758,-1.1914476650900285,-6.535173799097606,-3.456824043155282
SSP3,CGS,UN_REPORTING_AREA,013,Central America,231.05301897672433,169.61377430126427,230.90943475365037,179.55076526345184,0.14358422307395813,0.0621820512562099,-9.936990962187565,-5.534362912687774
SSP3,CGS,UN_REPORTING_AREA,014,Eastern Africa,150.561305856289,326.61517223988704,150.61094720816885,336.2989653727025,-0.04964135187984198,-0.03295998916414966,-9.683793132815481,-2.8795191570344048
SSP3,CGS,UN_REPORTING_AREA,015,Northern Africa,130.82407604150495,88.57447216718143,130.91292971935582,88.01834505944791,-0.08885367785086373,-0.06787234694185518,0.5561271077335164,0.6318309067932404
SSP3,CGS,UN_REPORTING_AREA,017,Middle Africa,18.248915212535806,28.306363532127666,18.363093991664005,29.548717999981783,-0.11417877912819918,-0.6217839933729596,-1.242354467854117,-4.2044276433748635
SSP3,CGS,UN_REPORTING_AREA,018,Southern Africa,56.40754804109002,29.118955905974165,56.40325747374152,30.64058889406087,0.004290567348498087,0.007606949564031851,-1.5216329880867043,-4.966069657955064
SSP3,CGS,UN_REPORTING_AREA,021,Northern America,945.166369741605,404.74826907181307,947.6944752765625,426.18172410284393,-2.52810553495749,-0.26676377259873263,-21.43345503103086,-5.029182111492569
SSP3,CGS,UN_REPORTING_AREA,029,Caribbean,14.868352422809773,19.754065042388383,14.884970966608176,20.57943975841498,-0.016618543798402996,-0.11164646431413017,-0.8253747160265981,-4.010676314398209
SSP3,CGS,UN_REPORTING_AREA,030,Eastern Asia,1324.805056373418,799.8856379660328,1359.7735759295076,845.4289284321053,-34.96851955608963,-2.571642821650366,-45.54329046607245,-5.387004032442444
SSP3,CGS,UN_REPORTING_AREA,034,Southern Asia,2012.0768748139258,1196.7927042229492,2020.8510525721517,1218.7277617133395,-8.77417775822596,-0.4341823088375607,-21.935057490390363,-1.79983243013625
SSP3,CGS,UN_REPORTING_AREA,035,South-eastern Asia,537.9209422117269,554.6735626989919,551.484640272301,584.247356299039,-13.563698060574097,-2.4594879113726376,-29.57379360004711,-5.061861775016774
SSP3,CGS,UN_REPORTING_AREA,039,Southern Europe,118.86024864931575,99.33857138224056,119.73733670019757,105.29658268767885,-0.8770880508818237,-0.7325100716728872,-5.958011305438291,-5.658314024407041
SSP3,CGS,UN_REPORTING_AREA,053,Australia and New Zealand,157.80280933186125,135.46045580062508,158.16319822907758,141.98487090660947,-0.3603888972163247,-0.2278588832620554,-6.524415105984389,-4.595148105797708
SSP3,CGS,UN_REPORTING_AREA,054,Melanesia,3.095309183147571,2.5533006001689897,3.111151258285998,2.8408071814781026,-0.015842075138426726,-0.5092029870368497,-0.2875065813091129,-10.120594709265696
SSP3,CGS,UN_REPORTING_AREA,057,Micronesia,0.0029149176342100997,0.023505611770407574,0.0033131163892157,0.02891275782038303,-0.00039819875500560035,-12.018858024479616,-0.005407146049975456,-18.701592160687987
SSP3,CGS,UN_REPORTING_AREA,061,Polynesia,0.012887801540178122,0.1673429373667554,0.013775906762851241,0.19443375998582363,-0.0008881052226731197,-6.446800475363457,-0.027090822619068228,-13.933188671063835
SSP3,CGS,UN_REPORTING_AREA,143,Central Asia,70.76381014472264,86.75727538889083,70.71490845500196,88.54898891307639,0.04890168972067954,0.06915329566155037,-1.7917135241855533,-2.0234150001920193
SSP3,CGS,UN_REPORTING_AREA,145,Western Asia,196.6081344753855,118.66010938628803,195.76917063126623,119.2037838039667,0.8389638441192631,0.4285474783460419,-0.5436744176786732,-0.4560882216396389
SSP3,CGS,UN_REPORTING_AREA,151,Eastern Europe,718.3653459337143,221.91172765158672,722.1802152339593,228.15867209498649,-3.81486930024505,-0.5282433968381683,-6.246944443399769,-2.737982468971878
SSP3,CGS,UN_REPORTING_AREA,154,Northern Europe,141.18864401015657,95.33409962138018,140.9917270629077,99.38578066970277,0.19691694724886588,0.13966560404001793,-4.0516810483225925,-4.076721057097588
SSP3,CGS,UN_REPORTING_AREA,155,Western Europe,397.6758626482041,177.0963031734873,398.1372129202118,184.8294225159983,-0.46135027200773493,-0.11587720439992788,-7.7331193425109745,-4.183922255041194
SSP3,CGS,UN_SPECIAL_GROUP,LDC,Least developed countries,363.42953044460745,684.3480947714489,368.79416126436354,703.7997164890854,-5.364630819756087,-1.4546409306926522,-19.4516217176365,-2.76380073221274
SSP3,CGS,UN_SPECIAL_GROUP,LLDC,Landlocked developing countries,299.60243230986543,499.2122362531057,300.33512247973215,514.0063257422835,-0.7326901698667143,-0.2439575377722103,-14.794089489177793,-2.878192105479138
SSP3,CGS,UN_SPECIAL_GROUP,PACIFIC_ISLANDS,Pacific island countries and areas,3.111111902321959,2.7441491493061525,3.128240281438065,3.0641536992843097,-0.017128379116106096,-0.5475403925248368,-0.3200045499781572,-10.44348885151878
SSP3,CGS,UN_SPECIAL_GROUP,SIDS,Small island developing States,26.2840129906177,28.119968958840886,26.411202914713584,29.557216237638016,-0.1271899240958838,-0.48157565752154907,-1.4372472787971304,-4.86259351097803
SSP3,CGS,UN_SUBREGION,015,Northern Africa,130.82407604150495,88.57447216718143,130.91292971935582,88.01834505944791,-0.08885367785086373,-0.06787234694185518,0.5561271077335164,0.6318309067932404
SSP3,CGS,UN_SUBREGION,021,Northern America,945.166369741605,404.74826907181307,947.6944752765625,426.18172410284393,-2.52810553495749,-0.26676377259873263,-21.43345503103086,-5.029182111492569
SSP3,CGS,UN_SUBREGION,030,Eastern Asia,1324.805056373418,799.8856379660328,1359.7735759295076,845.4289284321053,-34.96851955608963,-2.571642821650366,-45.54329046607245,-5.387004032442444
SSP3,CGS,UN_SUBREGION,034,Southern Asia,2012.0768748139258,1196.7927042229492,2020.8510525721517,1218.7277617133395,-8.77417775822596,-0.4341823088375607,-21.935057490390363,-1.79983243013625
SSP3,CGS,UN_SUBREGION,035,South-eastern Asia,537.9209422117269,554.6735626989919,551.484640272301,584.247356299039,-13.563698060574097,-2.4594879113726376,-29.57379360004711,-5.061861775016774
SSP3,CGS,UN_SUBREGION,039,Southern Europe,118.86024864931575,99.33857138224056,119.73733670019757,105.29658268767885,-0.8770880508818237,-0.7325100716728872,-5.958011305438291,-5.658314024407041
SSP3,CGS,UN_SUBREGION,053,Australia and New Zealand,157.80280933186125,135.46045580062508,158.16319822907758,141.98487090660947,-0.3603888972163247,-0.2278588832620554,-6.524415105984389,-4.595148105797708
SSP3,CGS,UN_SUBREGION,054,Melanesia,3.095309183147571,2.5533006001689897,3.111151258285998,2.8408071814781026,-0.015842075138426726,-0.5092029870368497,-0.2875065813091129,-10.120594709265696
SSP3,CGS,UN_SUBREGION,057,Micronesia,0.0029149176342100997,0.023505611770407574,0.0033131163892157,0.02891275782038303,-0.00039819875500560035,-12.018858024479616,-0.005407146049975456,-18.701592160687987
SSP3,CGS,UN_SUBREGION,061,Polynesia,0.012887801540178122,0.1673429373667554,0.013775906762851241,0.19443375998582363,-0.0008881052226731197,-6.446800475363457,-0.027090822619068228,-13.933188671063835
SSP3,CGS,UN_SUBREGION,143,Central Asia,70.76381014472264,86.75727538889083,70.71490845500196,88.54898891307639,0.04890168972067954,0.06915329566155037,-1.7917135241855533,-2.0234150001920193
SSP3,CGS,UN_SUBREGION,145,Western Asia,196.6081344753855,118.66010938628803,195.76917063126623,119.2037838039667,0.8389638441192631,0.4285474783460419,-0.5436744176786732,-0.4560882216396389
SSP3,CGS,UN_SUBREGION,151,Eastern Europe,718.3653459337143,221.91172765158672,722.1802152339593,228.15867209498649,-3.81486930024505,-0.5282433968381683,-6.246944443399769,-2.737982468971878
SSP3,CGS,UN_SUBREGION,154,Northern Europe,141.18864401015657,95.33409962138018,140.9917270629077,99.38578066970277,0.19691694724886588,0.13966560404001793,-4.0516810483225925,-4.076721057097588
SSP3,CGS,UN_SUBREGION,155,Western Europe,397.6758626482041,177.0963031734873,398.1372129202118,184.8294225159983,-0.46135027200773493,-0.11587720439992788,-7.7331193425109745,-4.183922255041194
SSP3,CGS,UN_SUBREGION,202,Sub-Saharan Africa,313.5738792746118,566.5567048604657,314.7988194597664,585.5396592483197,-1.224940185154594,-0.38911841767917954,-18.982954387853965,-3.2419587790557425
SSP3,CGS,UN_SUBREGION,419,Latin America and the Caribbean,1967.589290002879,1244.8068626017682,1970.074543680031,1318.8875507326145,-2.485253677152059,-0.12615023553929072,-74.08068813084628,-5.616907073669475
SSP3,CGS,WB_DEVELOPMENT_STATUS,DEVELOPING_ECONOMIES,"Developing economies (World Bank FY25 LIC, LMC and UMC)",6654.279956974153,4576.942407679322,6714.621204357749,4763.751223290697,-60.341247383596055,-0.898654526400311,-186.8088156113754,-3.921464552935483
SSP3,CGS,WB_INCOME_FY25,HIC,High income,2368.9507591879737,1166.6410167050453,2376.777833104783,1221.956676644522,-7.8270739168092405,-0.3293144949347182,-55.315659939476745,-4.526810237771506
SSP3,CGS,WB_INCOME_FY25,LIC,Low income,136.43327229668867,348.2034631311321,136.49709711423947,354.3726001688392,-0.06382481755079539,-0.04675910250119264,-6.169137037707117,-1.7408617468641419
SSP3,CGS,WB_INCOME_FY25,LMC,Lower middle income,2522.0756023674444,1839.2408426197896,2539.527855168631,1891.6071771853294,-17.45225280118666,-0.6872243108366205,-52.36633456553977,-2.7683514419447164
SSP3,CGS,WB_INCOME_FY25,NCL,Not classified,13.101739393226984,49.757480758639424,13.013008961204568,51.79568094379354,0.08873043202241604,0.681859455310807,-2.0382001851541176,-3.935077496839723
SSP3,CGS,WB_INCOME_FY25,UMC,Upper middle income,3995.7710823100197,2389.498101928401,4038.596252074878,2517.7714459365293,-42.8251697648584,-1.0603974027573626,-128.27334400812833,-5.094717561244511
SSP3,MTS,ECONOMIC,EU27,European Union (27),766.5834356157459,391.48497357773124,768.2039772069562,402.5371156222675,-1.6205415912103263,-0.21095199182674662,-11.052142044536254,-2.7456206187226107
SSP3,MTS,FOCUS,CHINA_MAINLAND,China mainland,1308.235068095168,772.2865899891908,1329.2272165029422,798.7743879361105,-20.992148407774266,-1.5792746452335193,-26.487797946919727,-3.316054989614703
SSP3,MTS,FOCUS,USA,United States,828.2718719261071,355.10176674097147,829.2347801089458,366.3415529910756,-0.9629081828386461,-0.11612009118963096,-11.239786250104146,-3.0681166682661187
SSP3,MTS,GLOBAL,WORLD,World,9059.664541314409,5883.253314908411,9104.412046423737,6037.5035808790135,-44.7475051093279,-0.49149253000807525,-154.2502659706024,-2.5548683144324458
SSP3,MTS,UN_REGION,002,Africa,444.72701488951634,661.596053571802,445.71174917912225,673.5580043077676,-0.9847342896059104,-0.2209352325621916,-11.961950735965615,-1.7759347612918974
SSP3,MTS,UN_REGION,009,Oceania,160.97084415369338,140.71625815469852,161.29143851051563,145.04902460589378,-0.3205943568222551,-0.19876712600672697,-4.332766451195255,-2.9871048515959453
SSP3,MTS,UN_REGION,019,Americas,2914.2363576325247,1685.4559891170136,2917.7690189565938,1745.0692748354586,-3.5326613240690676,-0.12107405696329954,-59.61328571844501,-3.416098522740074
SSP3,MTS,UN_REGION,142,Asia,4162.379450805679,2792.9169686223827,4198.593347860228,2856.156819161527,-36.21389705454931,-0.8625245184319952,-63.2398505391443,-2.214158904541852
SSP3,MTS,UN_REGION,150,Europe,1377.350873832995,602.5680454425143,1381.0464919172764,617.6704579683663,-3.6956180842814774,-0.2675954868942121,-15.10241252585206,-2.445059874731048
SSP3,MTS,UN_REPORTING_AREA,005,South America,1722.5287564641524,1079.1240244457408,1724.2801379597724,1118.7573457107478,-1.7513814956200804,-0.10157174910641054,-39.633321265007,-3.5426199807276237
SSP3,MTS,UN_REPORTING_AREA,011,Western Africa,88.74284286832417,184.88724224908995,89.42152078619202,189.0513869815745,-0.6786779178678444,-0.758964857565525,-4.164144732484544,-2.2026523047357416
SSP3,MTS,UN_REPORTING_AREA,013,Central America,230.93175579311372,173.34594566942656,230.90943475365037,179.55076526345184,0.022321039463349734,0.009666577499167772,-6.204819594025281,-3.4557466713779017
SSP3,MTS,UN_REPORTING_AREA,014,Eastern Africa,150.51365121783863,330.0370699471584,150.61094720816885,336.2989653727025,-0.09729599033022396,-0.06460087539038595,-6.2618954255441395,-1.8620025841008525
SSP3,MTS,UN_REPORTING_AREA,015,Northern Africa,130.7861068196102,88.21592829013369,130.91292971935582,88.01834505944791,-0.1268228997456049,-0.09687576316371738,0.19758323068577965,0.22447960201061878
SSP3,MTS,UN_REPORTING_AREA,017,Middle Africa,18.290508374444745,28.771334817211226,18.363093991664005,29.548717999981783,-0.07258561721926071,-0.3952798872140617,-0.7773831827705564,-2.630852488324653
SSP3,MTS,UN_REPORTING_AREA,018,Southern Africa,56.393905609298564,29.684478268208697,56.40325747374152,30.64058889406087,-0.009351864442955105,-0.016580362308526997,-0.9561106258521725,-3.1204055155659827
SSP3,MTS,UN_REPORTING_AREA,021,Northern America,945.9087005456249,412.93181761527666,947.6944752765625,426.18172410284393,-1.7857747309375327,-0.18843359094358192,-13.249906487567273,-3.1089804508768415
SSP3,MTS,UN_REPORTING_AREA,029,Caribbean,14.867144829633531,20.054201386569527,14.884970966608176,20.57943975841498,-0.017826136974644413,-0.11975929959577858,-0.5252383718454539,-2.5522481564673405
SSP3,MTS,UN_REPORTING_AREA,030,Eastern Asia,1338.4151241138989,817.3455581903906,1359.7735759295076,845.4289284321053,-21.35845181560876,-1.5707359073372729,-28.083370241714647,-3.3217896025626636
SSP3,MTS,UN_REPORTING_AREA,034,Southern Asia,2014.1584899550253,1203.74056915907,2020.8510525721517,1218.7277617133395,-6.692562617126441,-0.33117545247127733,-14.98719255426954,-1.2297408022608702
SSP3,MTS,UN_REPORTING_AREA,035,South-eastern Asia,543.0085145525582,565.8145015344584,551.484640272301,584.247356299039,-8.476125719742868,-1.536964967067389,-18.43285476458061,-3.154974441193026
SSP3,MTS,UN_REPORTING_AREA,039,Southern Europe,119.13399121478646,101.63824945037173,119.73733670019757,105.29658268767885,-0.6033454854111113,-0.5038908514574558,-3.6583332373071187,-3.47431335749816
SSP3,MTS,UN_REPORTING_AREA,053,Australia and New Zealand,157.85267072070556,137.84174425513052,158.16319822907758,141.98487090660947,-0.3105275083720187,-0.19633360468739314,-4.143126651478951,-2.9180057178092578
SSP3,MTS,UN_REPORTING_AREA,054,Melanesia,3.1018389883087973,2.6702682262513364,3.111151258285998,2.8408071814781026,-0.009312269977200582,-0.2993191010047802,-0.1705389552267662,-6.003186571009477
SSP3,MTS,UN_REPORTING_AREA,057,Micronesia,0.0030826166404058,0.025781916466113088,0.0033131163892157,0.02891275782038303,-0.00023049974880990027,-6.957188390971847,-0.003130841354269942,-10.82858084213174
SSP3,MTS,UN_REPORTING_AREA,061,Polynesia,0.013251828038622326,0.17846375685055646,0.013775906762851241,0.19443375998582363,-0.0005240787242289154,-3.8043138157857648,-0.01597000313526717,-8.213595795520057
SSP3,MTS,UN_REPORTING_AREA,143,Central Asia,70.67601909639629,87.33042818802375,70.71490845500196,88.54898891307639,-0.03888935860567244,-0.05499456826761895,-1.2185607250526402,-1.3761430141780995
SSP3,MTS,UN_REPORTING_AREA,145,Western Asia,196.12130308780047,118.68591155043998,195.76917063126623,119.2037838039667,0.3521324565342354,0.17987125112639557,-0.5178722535267184,-0.43444279787155926
SSP3,MTS,UN_REPORTING_AREA,151,Eastern Europe,719.6307622797733,224.1515934104995,722.1802152339593,228.15867209498649,-2.5494529541859947,-0.35302171125805026,-4.0070786844869986,-1.7562684107921056
SSP3,MTS,UN_REPORTING_AREA,154,Northern Europe,140.98315326607806,96.81709316515463,140.9917270629077,99.38578066970277,-0.008573796829637104,-0.0060810637675268175,-2.568687504548137,-2.5845623863285594
SSP3,MTS,UN_REPORTING_AREA,155,Western Europe,397.6029670723571,179.96110941648845,398.1372129202118,184.8294225159983,-0.5342458478547201,-0.13418636352432456,-4.868313099509834,-2.6339492020478805
SSP3,MTS,UN_SPECIAL_GROUP,LDC,Least developed countries,365.2912545042403,691.173640999035,368.79416126436354,703.7997164890854,-3.50290676012321,-0.9498270656221774,-12.626075490050425,-1.7939870099743405
SSP3,MTS,UN_SPECIAL_GROUP,LLDC,Landlocked developing countries,299.73299350285936,504.4089283576534,300.33512247973215,514.0063257422835,-0.6021289768727911,-0.2004857014062389,-9.597397384630085,-1.8671749556331552
SSP3,MTS,UN_SPECIAL_GROUP,PACIFIC_ISLANDS,Pacific island countries and areas,3.1181734329878257,2.874513899568006,3.128240281438065,3.0641536992843097,-0.01006684845023953,-0.3218054735108722,-0.18963979971630351,-6.188978045082971
SSP3,MTS,UN_SPECIAL_GROUP,SIDS,Small island developing States,26.324242945628963,28.660541171552467,26.411202914713584,29.557216237638016,-0.08695996908462078,-0.32925410238007213,-0.8966750660855496,-3.0336925469446885
SSP3,MTS,UN_SUBREGION,015,Northern Africa,130.7861068196102,88.21592829013369,130.91292971935582,88.01834505944791,-0.1268228997456049,-0.09687576316371738,0.19758323068577965,0.22447960201061878
SSP3,MTS,UN_SUBREGION,021,Northern America,945.9087005456249,412.93181761527666,947.6944752765625,426.18172410284393,-1.7857747309375327,-0.18843359094358192,-13.249906487567273,-3.1089804508768415
SSP3,MTS,UN_SUBREGION,030,Eastern Asia,1338.4151241138989,817.3455581903906,1359.7735759295076,845.4289284321053,-21.35845181560876,-1.5707359073372729,-28.083370241714647,-3.3217896025626636
SSP3,MTS,UN_SUBREGION,034,Southern Asia,2014.1584899550253,1203.74056915907,2020.8510525721517,1218.7277617133395,-6.692562617126441,-0.33117545247127733,-14.98719255426954,-1.2297408022608702
SSP3,MTS,UN_SUBREGION,035,South-eastern Asia,543.0085145525582,565.8145015344584,551.484640272301,584.247356299039,-8.476125719742868,-1.536964967067389,-18.43285476458061,-3.154974441193026
SSP3,MTS,UN_SUBREGION,039,Southern Europe,119.13399121478646,101.63824945037173,119.73733670019757,105.29658268767885,-0.6033454854111113,-0.5038908514574558,-3.6583332373071187,-3.47431335749816
SSP3,MTS,UN_SUBREGION,053,Australia and New Zealand,157.85267072070556,137.84174425513052,158.16319822907758,141.98487090660947,-0.3105275083720187,-0.19633360468739314,-4.143126651478951,-2.9180057178092578
SSP3,MTS,UN_SUBREGION,054,Melanesia,3.1018389883087973,2.6702682262513364,3.111151258285998,2.8408071814781026,-0.009312269977200582,-0.2993191010047802,-0.1705389552267662,-6.003186571009477
SSP3,MTS,UN_SUBREGION,057,Micronesia,0.0030826166404058,0.025781916466113088,0.0033131163892157,0.02891275782038303,-0.00023049974880990027,-6.957188390971847,-0.003130841354269942,-10.82858084213174
SSP3,MTS,UN_SUBREGION,061,Polynesia,0.013251828038622326,0.17846375685055646,0.013775906762851241,0.19443375998582363,-0.0005240787242289154,-3.8043138157857648,-0.01597000313526717,-8.213595795520057
SSP3,MTS,UN_SUBREGION,143,Central Asia,70.67601909639629,87.33042818802375,70.71490845500196,88.54898891307639,-0.03888935860567244,-0.05499456826761895,-1.2185607250526402,-1.3761430141780995
SSP3,MTS,UN_SUBREGION,145,Western Asia,196.12130308780047,118.68591155043998,195.76917063126623,119.2037838039667,0.3521324565342354,0.17987125112639557,-0.5178722535267184,-0.43444279787155926
SSP3,MTS,UN_SUBREGION,151,Eastern Europe,719.6307622797733,224.1515934104995,722.1802152339593,228.15867209498649,-2.5494529541859947,-0.35302171125805026,-4.0070786844869986,-1.7562684107921056
SSP3,MTS,UN_SUBREGION,154,Northern Europe,140.98315326607806,96.81709316515463,140.9917270629077,99.38578066970277,-0.008573796829637104,-0.0060810637675268175,-2.568687504548137,-2.5845623863285594
SSP3,MTS,UN_SUBREGION,155,Western Europe,397.6029670723571,179.96110941648845,398.1372129202118,184.8294225159983,-0.5342458478547201,-0.13418636352432456,-4.868313099509834,-2.6339492020478805
SSP3,MTS,UN_SUBREGION,202,Sub-Saharan Africa,313.94090806990613,573.3801252816683,314.7988194597664,585.5396592483197,-0.8579113898602486,-0.27252687647701945,-12.159533966651452,-2.07663712860392
SSP3,MTS,UN_SUBREGION,419,Latin America and the Caribbean,1968.3276570868998,1272.5241715017369,1970.074543680031,1318.8875507326145,-1.7468865931311939,-0.08867109108816607,-46.36337923087763,-3.515339818404062
SSP3,MTS,WB_DEVELOPMENT_STATUS,DEVELOPING_ECONOMIES,"Developing economies (World Bank FY25 LIC, LMC and UMC)",6675.644925848793,4645.3924068634515,6714.621204357749,4763.751223290697,-38.97627850895606,-0.580468760972852,-118.35881642724598,-2.4845717351605567
SSP3,MTS,WB_INCOME_FY25,HIC,High income,2370.9648524123772,1187.3689389691765,2376.777833104783,1221.956676644522,-5.812980692405745,-0.24457400314997768,-34.58773767534558,-2.830520781663315
SSP3,MTS,WB_INCOME_FY25,LIC,Low income,136.3856836461567,350.1914954028318,136.49709711423947,354.3726001688392,-0.11141346808275898,-0.08162332418653051,-4.181104766007422,-1.1798611867890885
SSP3,MTS,WB_INCOME_FY25,LMC,Lower middle income,2527.3430629832633,1857.554997895686,2539.527855168631,1891.6071771853294,-12.184792185367769,-0.47980541582044456,-34.05217928964339,-1.8001718168733305
SSP3,MTS,WB_INCOME_FY25,NCL,Not classified,13.054763053237654,50.49196907578246,13.013008961204568,51.79568094379354,0.04175409203308611,0.32086423791428675,-1.303711868011085,-2.5170281464700017
SSP3,MTS,WB_INCOME_FY25,UMC,Upper middle income,4011.9161792193736,2437.6459135649343,4038.596252074878,2517.7714459365293,-26.680072855504477,-0.660627386107171,-80.125532371595,-3.182398962420152
SSP3,PTS,ECONOMIC,EU27,European Union (27),770.0171337085037,405.729138191437,768.2039772069562,402.5371156222675,1.8131565015474962,0.23602539889728824,3.1920225691695236,0.7929759630326494
SSP3,PTS,FOCUS,CHINA_MAINLAND,China mainland,1328.841122984056,800.5548674197083,1329.2272165029422,798.7743879361105,-0.38609351888612764,-0.029046465050719394,1.7804794835977873,0.22290142379228772
SSP3,PTS,FOCUS,USA,United States,830.4562174185783,368.70472042709304,829.2347801089458,366.3415529910756,1.2214373096325062,0.14729692228683255,2.36316743601742,0.6450721783327173
SSP3,PTS,GLOBAL,WORLD,World,9106.180427405983,6059.258733388064,9104.412046423737,6037.5035808790135,1.7683809822465264,0.019423340828916835,21.755152509050276,0.3603335752536685
SSP3,PTS,UN_REGION,002,Africa,445.7605817852458,676.3294182109372,445.71174917912225,673.5580043077676,0.04883260612353979,0.010956095775682684,2.7714139031695595,0.41145883286144436
SSP3,PTS,UN_REGION,009,Oceania,161.40489530242505,145.90792275598082,161.29143851051563,145.04902460589378,0.11345679190941382,0.07034272429904398,0.8588981500870432,0.5921433476858695
SSP3,PTS,UN_REGION,019,Americas,2920.33052988151,1755.6018625651673,2917.7690189565938,1745.0692748354586,2.5615109249160923,0.08779005151793307,10.532587729708666,0.6035627285170042
SSP3,PTS,UN_REGION,142,Asia,4195.381275938605,2859.310022700726,4198.593347860228,2856.156819161527,-3.2120719216236466,-0.07650352524043447,3.1532035391992395,0.11040022445703013
SSP3,PTS,UN_REGION,150,Europe,1383.303144498199,622.1095071552518,1381.0464919172764,617.6704579683663,2.2566525809224913,0.16340163739090308,4.439049186885427,0.718675975128602
SSP3,PTS,UN_REPORTING_AREA,005,South America,1725.2317490262449,1125.2635445180008,1724.2801379597724,1118.7573457107478,0.9516110664724238,0.05518888987483539,6.506198807252986,0.5815558514272512
SSP3,PTS,UN_REPORTING_AREA,011,Western Africa,89.2799548946321,189.63954210292545,89.42152078619202,189.0513869815745,-0.14156589155992094,-0.15831299928169562,0.588155121350951,0.3111085989590201
SSP3,PTS,UN_REPORTING_AREA,013,Central America,231.20506233840217,180.72890991618345,230.90943475365037,179.55076526345184,0.2956275847517986,0.12802750353928527,1.1781446527316177,0.6561624234811436
SSP3,PTS,UN_REPORTING_AREA,014,Eastern Africa,150.71263225098662,337.86471735130925,150.61094720816885,336.2989653727025,0.10168504281776336,0.06751504103963413,1.5657519786067269,0.4655833469102477
SSP3,PTS,UN_REPORTING_AREA,015,Northern Africa,130.94358989115324,88.30053467688359,130.91292971935582,88.01834505944791,0.030660171797421754,0.02342027778550193,0.2821896174356766,0.32060318476232474
SSP3,PTS,UN_REPORTING_AREA,017,Middle Africa,18.36203352871825,29.70970185246696,18.363093991664005,29.548717999981783,-0.0010604629457553472,-0.005774968783778256,0.16098385248517744,0.5448082467918836
SSP3,PTS,UN_REPORTING_AREA,018,Southern Africa,56.46237121975556,30.81492222735199,56.40325747374152,30.64058889406087,0.059113746014041624,0.10480555319267726,0.17433333329111989,0.5689620845535037
SSP3,PTS,UN_REPORTING_AREA,021,Northern America,948.9965570179627,428.9330923551061,947.6944752765625,426.18172410284393,1.3020817414002295,0.13739467469411348,2.751368252262182,0.6455856965837947
SSP3,PTS,UN_REPORTING_AREA,029,Caribbean,14.89716149889974,20.676315775876887,14.884970966608176,20.57943975841498,0.012190532291564082,0.0818982604595675,0.09687601746190566,0.4707417626482968
SSP3,PTS,UN_REPORTING_AREA,030,Eastern Asia,1359.5087556906856,847.4401988475253,1359.7735759295076,845.4289284321053,-0.26482023882203976,-0.019475318796435825,2.011270415419972,0.23789940795495568
SSP3,PTS,UN_REPORTING_AREA,034,Southern Asia,2019.5293793055816,1220.610801922165,2020.8510525721517,1218.7277617133395,-1.3216732665700874,-0.06540181498719821,1.8830402088253777,0.1545086825771591
SSP3,PTS,UN_REPORTING_AREA,035,South-eastern Asia,549.5008561832726,582.5243879590456,551.484640272301,584.247356299039,-1.9837840890284042,-0.35971701551812396,-1.722968339993372,-0.2949039172222667
SSP3,PTS,UN_REPORTING_AREA,039,Southern Europe,120.1976681397477,106.23290964952793,119.73733670019757,105.29658268767885,0.46033143955013145,0.3844510427877035,0.9363269618490762,0.8892282521896444
SSP3,PTS,UN_REPORTING_AREA,053,Australia and New Zealand,158.27316565966112,142.79898753480234,158.16319822907758,141.98487090660947,0.10996743058353786,0.06952782430731386,0.8141166281928633,0.5733826590076374
SSP3,PTS,UN_REPORTING_AREA,054,Melanesia,3.1144051394095404,2.8811828102558987,3.111151258285998,2.8408071814781026,0.0032538811235425236,0.10458768646739447,0.0403756287777961,1.4212731170578197
SSP3,PTS,UN_REPORTING_AREA,057,Micronesia,0.0033819515878116,0.02968155611460545,0.0033131163892157,0.02891275782038303,6.883519859589987e-05,2.077657121251786,0.0007687982942224218,2.659027890035559
SSP3,PTS,UN_REPORTING_AREA,061,Polynesia,0.013942551766576734,0.1980708548079939,0.013775906762851241,0.19443375998582363,0.00016664500372549212,1.2096844628396886,0.0036370948221702837,1.8706086959566326
SSP3,PTS,UN_REPORTING_AREA,143,Central Asia,70.7963791649965,88.95437785005294,70.71490845500196,88.54898891307639,0.08147070999453376,0.1152100904526776,0.40538893697655,0.4578131743260272
SSP3,PTS,UN_REPORTING_AREA,145,Western Asia,196.04590559406842,119.78025612193736,195.76917063126623,119.2037838039667,0.27673496280218046,0.1413577847369174,0.576472317970655,0.4836023652728061
SSP3,PTS,UN_REPORTING_AREA,151,Eastern Europe,722.6544386303872,229.41936700105697,722.1802152339593,228.15867209498649,0.4742233964278739,0.06566552038180795,1.2606949060704835,0.5525518247869288
SSP3,PTS,UN_REPORTING_AREA,154,Northern Europe,141.38990190566116,100.13543745933333,140.9917270629077,99.38578066970277,0.3981748427534626,0.2824100754335701,0.7496567896305635,0.7542897832859552
SSP3,PTS,UN_REPORTING_AREA,155,Western Europe,399.06113582240283,186.32179304533346,398.1372129202118,184.8294225159983,0.9239229021910091,0.2320614281228206,1.4923705293351759,0.8074312568963515
SSP3,PTS,UN_SPECIAL_GROUP,LDC,Least developed countries,367.9398762226628,705.6312147129883,368.79416126436354,703.7997164890854,-0.8542850417007344,-0.2316427783921382,1.8314982239028268,0.26023003149806545
SSP3,PTS,UN_SPECIAL_GROUP,LLDC,Landlocked developing countries,300.4622480132454,516.5172892268301,300.33512247973215,514.0063257422835,0.12712553351326505,0.04232789440796747,2.5109634845466644,0.488508284585909
SSP3,PTS,UN_SPECIAL_GROUP,PACIFIC_ISLANDS,Pacific island countries and areas,3.131729642763929,3.108935221178498,3.128240281438065,3.0641536992843097,0.003489361325863971,0.11154390366265865,0.04478152189418827,1.4614646094498474
SSP3,PTS,UN_SPECIAL_GROUP,SIDS,Small island developing States,26.411467464089647,29.696056590455424,26.411202914713584,29.557216237638016,0.00026454937606246176,0.0010016559144121473,0.13884035281740736,0.4697341985833159
SSP3,PTS,UN_SUBREGION,015,Northern Africa,130.94358989115324,88.30053467688359,130.91292971935582,88.01834505944791,0.030660171797421754,0.02342027778550193,0.2821896174356766,0.32060318476232474
SSP3,PTS,UN_SUBREGION,021,Northern America,948.9965570179627,428.9330923551061,947.6944752765625,426.18172410284393,1.3020817414002295,0.13739467469411348,2.751368252262182,0.6455856965837947
SSP3,PTS,UN_SUBREGION,030,Eastern Asia,1359.5087556906856,847.4401988475253,1359.7735759295076,845.4289284321053,-0.26482023882203976,-0.019475318796435825,2.011270415419972,0.23789940795495568
SSP3,PTS,UN_SUBREGION,034,Southern Asia,2019.5293793055816,1220.610801922165,2020.8510525721517,1218.7277617133395,-1.3216732665700874,-0.06540181498719821,1.8830402088253777,0.1545086825771591
SSP3,PTS,UN_SUBREGION,035,South-eastern Asia,549.5008561832726,582.5243879590456,551.484640272301,584.247356299039,-1.9837840890284042,-0.35971701551812396,-1.722968339993372,-0.2949039172222667
SSP3,PTS,UN_SUBREGION,039,Southern Europe,120.1976681397477,106.23290964952793,119.73733670019757,105.29658268767885,0.46033143955013145,0.3844510427877035,0.9363269618490762,0.8892282521896444
SSP3,PTS,UN_SUBREGION,053,Australia and New Zealand,158.27316565966112,142.79898753480234,158.16319822907758,141.98487090660947,0.10996743058353786,0.06952782430731386,0.8141166281928633,0.5733826590076374
SSP3,PTS,UN_SUBREGION,054,Melanesia,3.1144051394095404,2.8811828102558987,3.111151258285998,2.8408071814781026,0.0032538811235425236,0.10458768646739447,0.0403756287777961,1.4212731170578197
SSP3,PTS,UN_SUBREGION,057,Micronesia,0.0033819515878116,0.02968155611460545,0.0033131163892157,0.02891275782038303,6.883519859589987e-05,2.077657121251786,0.0007687982942224218,2.659027890035559
SSP3,PTS,UN_SUBREGION,061,Polynesia,0.013942551766576734,0.1980708548079939,0.013775906762851241,0.19443375998582363,0.00016664500372549212,1.2096844628396886,0.0036370948221702837,1.8706086959566326
SSP3,PTS,UN_SUBREGION,143,Central Asia,70.7963791649965,88.95437785005294,70.71490845500196,88.54898891307639,0.08147070999453376,0.1152100904526776,0.40538893697655,0.4578131743260272
SSP3,PTS,UN_SUBREGION,145,Western Asia,196.04590559406842,119.78025612193736,195.76917063126623,119.2037838039667,0.27673496280218046,0.1413577847369174,0.576472317970655,0.4836023652728061
SSP3,PTS,UN_SUBREGION,151,Eastern Europe,722.6544386303872,229.41936700105697,722.1802152339593,228.15867209498649,0.4742233964278739,0.06566552038180795,1.2606949060704835,0.5525518247869288
SSP3,PTS,UN_SUBREGION,154,Northern Europe,141.38990190566116,100.13543745933333,140.9917270629077,99.38578066970277,0.3981748427534626,0.2824100754335701,0.7496567896305635,0.7542897832859552
SSP3,PTS,UN_SUBREGION,155,Western Europe,399.06113582240283,186.32179304533346,398.1372129202118,184.8294225159983,0.9239229021910091,0.2320614281228206,1.4923705293351759,0.8074312568963515
SSP3,PTS,UN_SUBREGION,202,Sub-Saharan Africa,314.81699189409255,588.0288835340536,314.7988194597664,585.5396592483197,0.01817243432617488,0.005772713619878189,2.4892242857339397,0.4251162575271916
SSP3,PTS,UN_SUBREGION,419,Latin America and the Caribbean,1971.3339728635472,1326.6687702100612,1970.074543680031,1318.8875507326145,1.259429183516204,0.06392799640786428,7.781219477446712,0.5899835412901178
SSP3,PTS,WB_DEVELOPMENT_STATUS,DEVELOPING_ECONOMIES,"Developing economies (World Bank FY25 LIC, LMC and UMC)",6712.562631017858,4777.023542490898,6714.621204357749,4763.751223290697,-2.0585733398911543,-0.0306580710547788,13.2723192002004,0.2786106699969926
SSP3,PTS,WB_INCOME_FY25,HIC,High income,2380.5719975549123,1230.1391226311307,2376.777833104783,1221.956676644522,3.7941644501293013,0.15963479620528798,8.182445986608627,0.6696183377857157
SSP3,PTS,WB_INCOME_FY25,LIC,Low income,136.5673411839403,355.9680233683909,136.49709711423947,354.3726001688392,0.07024406970083419,0.051461951342490764,1.5954231995517034,0.4502106536429684
SSP3,PTS,WB_INCOME_FY25,LMC,Lower middle income,2537.256417475686,1894.3428330564827,2539.527855168631,1891.6071771853294,-2.2714376929452555,-0.08944330688566149,2.7356558711533125,0.14462071745910965
SSP3,PTS,WB_INCOME_FY25,NCL,Not classified,13.045798833213116,52.09606826603469,13.013008961204568,51.79568094379354,0.032789872008548215,0.25197763335369494,0.30038732224114995,0.5799466611262849
SSP3,PTS,WB_INCOME_FY25,UMC,Upper middle income,4038.738872358232,2526.712686066024,4038.596252074878,2517.7714459365293,0.14262028335406285,0.003531432073233809,8.941240129494872,0.3551251700755209
SSP4,CGS,ECONOMIC,EU27,European Union (27),780.0524899629037,396.08277457000855,781.8440105733738,414.31678736935226,-1.7915206104701156,-0.2291404149986742,-18.234012799343702,-4.400983342991738
SSP4,CGS,FOCUS,CHINA_MAINLAND,China mainland,1357.4754597140322,797.0909231141802,1393.35716635062,842.4250618249204,-35.88170663658775,-2.5751980542481068,-45.33413871074015,-5.381385332071453
SSP4,CGS,FOCUS,USA,United States,823.8881062901163,349.4629661356233,825.0141662470413,367.8047181215799,-1.126059956925019,-0.13648977229656634,-18.34175198595665,-4.986818026595752
SSP4,CGS,GLOBAL,WORLD,World,9239.463044222162,5964.764816768961,9308.127854206869,6215.806816181782,-68.66480998470615,-0.737686579516339,-251.0419994128206,-4.03876772294911
SSP4,CGS,UN_REGION,002,Africa,448.91995452285045,657.0537331454528,450.1731116968964,675.5038025293637,-1.2531571740459526,-0.27837228423578386,-18.450069383910886,-2.7313050370443848
SSP4,CGS,UN_REGION,009,Oceania,160.25886297692318,139.4802457188684,160.62411210821605,146.4631432722348,-0.3652491312928703,-0.22739371225086735,-6.982897553366399,-4.767682433516473
SSP4,CGS,UN_REGION,019,Americas,2922.2314740299817,1677.9606015414142,2927.1004472575437,1775.6419955476176,-4.868973227562037,-0.16634117329741294,-97.68139400620339,-5.501187415657959
SSP4,CGS,UN_REGION,142,Asia,4302.431921353061,2878.3148667702912,4359.774770264534,2981.4571238012054,-57.342848911473084,-1.3152709012074437,-103.14225703091415,-3.459458001509441
SSP4,CGS,UN_REGION,150,Europe,1405.6208313393465,611.9553695929346,1410.455412879678,636.7407510313603,-4.8345815403315555,-0.3427674137150505,-24.785381438425702,-3.8925389019439427
SSP4,CGS,UN_REPORTING_AREA,005,South America,1727.082394498319,1072.5192079760934,1729.6249596302705,1137.119141849734,-2.5425651319515055,-0.1470009505699421,-64.59993387364057,-5.681017185987813
SSP4,CGS,UN_REPORTING_AREA,011,Western Africa,88.69984307501535,184.54891079861508,89.73429701674618,191.1813150595942,-1.0344539417308312,-1.1527966185969962,-6.632404260979115,-3.469169703593522
SSP4,CGS,UN_REPORTING_AREA,013,Central America,237.99625075724458,177.56617426659164,237.84284753305425,188.06511077640965,0.1534032241903276,0.06449772435095369,-10.498936509818009,-5.582607250475169
SSP4,CGS,UN_REPORTING_AREA,014,Eastern Africa,149.666737688966,324.5841623774094,149.70443801687267,334.21441792992675,-0.03770032790666278,-0.025183173195186814,-9.630255552517326,-2.8814602350687557
SSP4,CGS,UN_REPORTING_AREA,015,Northern Africa,137.96894513806274,91.41660084931507,138.04817058605076,90.88110770225289,-0.07922544798802278,-0.0573897123385958,0.5354931470621835,0.5892238338649936
SSP4,CGS,UN_REPORTING_AREA,017,Middle Africa,17.572465445436613,27.690096570091132,17.679976034388133,28.897217095162315,-0.10751058895151999,-0.6080923907499036,-1.2071205250711827,-4.177289879146418
SSP4,CGS,UN_REPORTING_AREA,018,Southern Africa,55.01196317536974,28.813962550022218,55.00623004283869,30.32974474242751,0.0057331325310556736,0.010422696713785484,-1.5157821924052932,-4.997675401748114
SSP4,CGS,UN_REPORTING_AREA,021,Northern America,941.5424237917441,406.93512619522943,944.006412904222,428.6391052778994,-2.4639891124778615,-0.2610140226587454,-21.703979082669946,-5.063462202917446
SSP4,CGS,UN_REPORTING_AREA,029,Caribbean,15.610404982673659,20.940093103499862,15.62622718999731,21.818637643574572,-0.015822207323651583,-0.10125417435233874,-0.8785445400747101,-4.026578352078891
SSP4,CGS,UN_REPORTING_AREA,030,Eastern Asia,1388.2772965251713,844.4298053651104,1424.696385333188,892.4813601190365,-36.41908880801657,-2.5562701767857243,-48.0515547539261,-5.384040149311032
SSP4,CGS,UN_REPORTING_AREA,034,Southern Asia,2087.101214338347,1249.82036877181,2095.344001345324,1272.3337500780249,-8.242787006977323,-0.3933858593951678,-22.513381306214796,-1.7694556404586614
SSP4,CGS,UN_REPORTING_AREA,035,South-eastern Asia,548.2668661877028,568.628654150861,561.9752378261645,598.7998845641283,-13.7083716384617,-2.439319513701088,-30.171230413267267,-5.038616604816005
SSP4,CGS,UN_REPORTING_AREA,039,Southern Europe,119.3688291501368,101.07335421464033,120.21976164986677,107.14558202040045,-0.8509324997299643,-0.7078141630393997,-6.0722278057601216,-5.667268487658195
SSP4,CGS,UN_REPORTING_AREA,053,Australia and New Zealand,156.99927591252148,136.67592852021605,157.3479111299407,143.33963160490006,-0.3486352174192291,-0.22156965091917336,-6.663703084684016,-4.648890896449198
SSP4,CGS,UN_REPORTING_AREA,054,Melanesia,3.2437395477279654,2.6116426547469667,3.2590532805069308,2.8979549332856416,-0.015313732778965417,-0.4698828604785321,-0.2863122785386749,-9.879804383778323
SSP4,CGS,UN_REPORTING_AREA,057,Micronesia,0.0029385274258702998,0.023694583158605273,0.0033410984433215,0.029166775792477857,-0.0004025710174512002,-12.049061836411823,-0.005472192633872584,-18.761733119928426
SSP4,CGS,UN_REPORTING_AREA,061,Polynesia,0.012908989247874014,0.16897996074675964,0.013806599325065312,0.1963899582566099,-0.0008976100771912986,-6.5013118441246025,-0.027409997509850265,-13.956924148858674
SSP4,CGS,UN_REPORTING_AREA,143,Central Asia,71.9403929049828,89.18105085093154,71.8758915062694,91.02590259940179,0.06450139871340355,0.08973996337531265,-1.8448517484702478,-2.026732716498625
SSP4,CGS,UN_REPORTING_AREA,145,Western Asia,206.8461513968566,126.25498763157796,205.8832542535875,126.81622644061429,0.9628971432691174,0.4676908507008193,-0.5612388090363254,-0.4425607233307316
SSP4,CGS,UN_REPORTING_AREA,151,Eastern Europe,738.0955286812149,230.21880396331252,741.8968601228935,236.74434262464536,-3.801331441678599,-0.512380041755256,-6.525538661332831,-2.7563651950403667
SSP4,CGS,UN_REPORTING_AREA,154,Northern Europe,142.98047972483474,98.23275282738442,142.739478238693,102.41181366841943,0.24100148614172667,0.1688401058456357,-4.17906084103501,-4.0806433275028535
SSP4,CGS,UN_REPORTING_AREA,155,Western Europe,405.1759937831601,182.43045858759734,405.5993128682247,190.43901271789517,-0.42331908506457694,-0.1043687875285193,-8.008554130297824,-4.20531172473636
SSP4,CGS,UN_SPECIAL_GROUP,LDC,Least developed countries,360.78672488046755,683.9274714067998,365.93897942071544,703.2089156282893,-5.152254540247895,-1.407954557998703,-19.28144422148955,-2.741922605498015
SSP4,CGS,UN_SPECIAL_GROUP,LLDC,Landlocked developing countries,304.4813201952217,511.89440768348,305.19091453112065,526.9744186575249,-0.7095943358989416,-0.23250834219266103,-15.08001097404491,-2.8616210654895613
SSP4,CGS,UN_SPECIAL_GROUP,PACIFIC_ISLANDS,Pacific island countries and areas,3.259587064401709,2.8043171986523316,3.2762009782753174,3.123511667334729,-0.016613913873608332,-0.5071091176571896,-0.3191944686823973,-10.219090007586363
SSP4,CGS,UN_SPECIAL_GROUP,SIDS,Small island developing States,27.055050336000814,29.311393733114297,27.1783899972376,30.795718650771672,-0.12333966123678408,-0.4538151864379003,-1.484324917657375,-4.819906736029944
SSP4,CGS,UN_SUBREGION,015,Northern Africa,137.96894513806274,91.41660084931507,138.04817058605076,90.88110770225289,-0.07922544798802278,-0.0573897123385958,0.5354931470621835,0.5892238338649936
SSP4,CGS,UN_SUBREGION,021,Northern America,941.5424237917441,406.93512619522943,944.006412904222,428.6391052778994,-2.4639891124778615,-0.2610140226587454,-21.703979082669946,-5.063462202917446
SSP4,CGS,UN_SUBREGION,030,Eastern Asia,1388.2772965251713,844.4298053651104,1424.696385333188,892.4813601190365,-36.41908880801657,-2.5562701767857243,-48.0515547539261,-5.384040149311032
SSP4,CGS,UN_SUBREGION,034,Southern Asia,2087.101214338347,1249.82036877181,2095.344001345324,1272.3337500780249,-8.242787006977323,-0.3933858593951678,-22.513381306214796,-1.7694556404586614
SSP4,CGS,UN_SUBREGION,035,South-eastern Asia,548.2668661877028,568.628654150861,561.9752378261645,598.7998845641283,-13.7083716384617,-2.439319513701088,-30.171230413267267,-5.038616604816005
SSP4,CGS,UN_SUBREGION,039,Southern Europe,119.3688291501368,101.07335421464033,120.21976164986677,107.14558202040045,-0.8509324997299643,-0.7078141630393997,-6.0722278057601216,-5.667268487658195
SSP4,CGS,UN_SUBREGION,053,Australia and New Zealand,156.99927591252148,136.67592852021605,157.3479111299407,143.33963160490006,-0.3486352174192291,-0.22156965091917336,-6.663703084684016,-4.648890896449198
SSP4,CGS,UN_SUBREGION,054,Melanesia,3.2437395477279654,2.6116426547469667,3.2590532805069308,2.8979549332856416,-0.015313732778965417,-0.4698828604785321,-0.2863122785386749,-9.879804383778323
SSP4,CGS,UN_SUBREGION,057,Micronesia,0.0029385274258702998,0.023694583158605273,0.0033410984433215,0.029166775792477857,-0.0004025710174512002,-12.049061836411823,-0.005472192633872584,-18.761733119928426
SSP4,CGS,UN_SUBREGION,061,Polynesia,0.012908989247874014,0.16897996074675964,0.013806599325065312,0.1963899582566099,-0.0008976100771912986,-6.5013118441246025,-0.027409997509850265,-13.956924148858674
SSP4,CGS,UN_SUBREGION,143,Central Asia,71.9403929049828,89.18105085093154,71.8758915062694,91.02590259940179,0.06450139871340355,0.08973996337531265,-1.8448517484702478,-2.026732716498625
SSP4,CGS,UN_SUBREGION,145,Western Asia,206.8461513968566,126.25498763157796,205.8832542535875,126.81622644061429,0.9628971432691174,0.4676908507008193,-0.5612388090363254,-0.4425607233307316
SSP4,CGS,UN_SUBREGION,151,Eastern Europe,738.0955286812149,230.21880396331252,741.8968601228935,236.74434262464536,-3.801331441678599,-0.512380041755256,-6.525538661332831,-2.7563651950403667
SSP4,CGS,UN_SUBREGION,154,Northern Europe,142.98047972483474,98.23275282738442,142.739478238693,102.41181366841943,0.24100148614172667,0.1688401058456357,-4.17906084103501,-4.0806433275028535
SSP4,CGS,UN_SUBREGION,155,Western Europe,405.1759937831601,182.43045858759734,405.5993128682247,190.43901271789517,-0.42331908506457694,-0.1043687875285193,-8.008554130297824,-4.20531172473636
SSP4,CGS,UN_SUBREGION,202,Sub-Saharan Africa,310.9510093847877,565.6371322961378,312.12494111084567,584.6226948271108,-1.1739317260579583,-0.3761095546802373,-18.98556253097297,-3.2474898253116113
SSP4,CGS,UN_SUBREGION,419,Latin America and the Caribbean,1980.6890502382373,1271.0254753461847,1983.0940343533218,1347.0028902697184,-2.404984115084517,-0.12127433563021706,-75.97741492353362,-5.640478982812002
SSP4,CGS,WB_DEVELOPMENT_STATUS,DEVELOPING_ECONOMIES,"Developing economies (World Bank FY25 LIC, LMC and UMC)",6835.611142796726,4725.892408747588,6896.796664936399,4918.366546159346,-61.185522139672685,-0.8871585623328904,-192.47413741175842,-3.9133752152339607
SSP4,CGS,WB_INCOME_FY25,HIC,High income,2390.9056463600486,1189.172317744732,2398.4747982288454,1245.6915624187309,-7.56915186879678,-0.31558188038440793,-56.519244673998855,-4.537178092806271
SSP4,CGS,WB_INCOME_FY25,LIC,Low income,136.22306368816902,349.87286914568665,136.25965555124077,355.9747124896537,-0.036591863071748776,-0.026854510180374103,-6.101843343967062,-1.7141226974498713
SSP4,CGS,WB_INCOME_FY25,LMC,Lower middle income,2609.7717943481366,1901.26632713691,2626.8299410919853,1954.7648464818378,-17.058146743848738,-0.6493814645936902,-53.4985193449279,-2.7368263472311694
SSP4,CGS,WB_INCOME_FY25,NCL,Not classified,12.946255065387557,49.7000902766416,12.856391041623905,51.74870760370502,0.08986402376365277,0.6989832797766438,-2.0486173270634183,-3.958779691179659
SSP4,CGS,WB_INCOME_FY25,UMC,Upper middle income,4089.6162847604205,2474.753212464991,4133.707068293173,2607.626987187855,-44.090783532752084,-1.066616061668768,-132.8737747228638,-5.095582127954545
SSP4,MTS,ECONOMIC,EU27,European Union (27),780.2796674493247,402.9131139271165,781.8440105733738,414.31678736935226,-1.56434312404906,-0.20008378946355654,-11.403673442235743,-2.7524043895594485
SSP4,MTS,FOCUS,CHINA_MAINLAND,China mainland,1371.4864091541224,814.4986683405396,1393.35716635062,842.4250618249204,-21.870757196497607,-1.569644720296659,-27.92639348438081,-3.315000318709027
SSP4,MTS,FOCUS,USA,United States,824.0853645519518,356.44590840053377,825.0141662470413,367.8047181215799,-0.9288016950895326,-0.11258009051100526,-11.358809721046157,-3.0882718903272544
SSP4,MTS,GLOBAL,WORLD,World,9262.91697478357,6057.189219403994,9308.127854206869,6215.806816181782,-45.21087942329905,-0.4857139924530074,-158.6175967777881,-2.551842447304742
SSP4,MTS,UN_REGION,002,Africa,449.2220986870506,663.5224229008556,450.1731116968964,675.5038025293637,-0.9510130098457807,-0.21125495617919654,-11.98137962850808,-1.7736953639113318
SSP4,MTS,UN_REGION,009,Oceania,160.31077471786483,142.0439933864966,160.62411210821605,146.4631432722348,-0.3133373903512222,-0.19507494001904657,-4.419149885738193,-3.017243647109369
SSP4,MTS,UN_REGION,019,Americas,2923.643574169133,1714.675598862121,2927.1004472575437,1775.6419955476176,-3.4568730884107026,-0.11809888832647886,-60.96639668549665,-3.4334847248695732
SSP4,MTS,UN_REGION,142,Asia,4322.933203537579,2915.815027003568,4359.774770264534,2981.4571238012054,-36.841566726954625,-0.8450337154623067,-65.64209679763735,-2.201678376442562
SSP4,MTS,UN_REGION,150,Europe,1406.8073236719413,621.132177250953,1410.455412879678,636.7407510313603,-3.6480892077368026,-0.2586461914658167,-15.608573780407369,-2.451323204165179
SSP4,MTS,UN_REPORTING_AREA,005,South America,1727.9107128361618,1096.6833583249156,1729.6249596302705,1137.119141849734,-1.7142467941087034,-0.09911089595255884,-40.43578352481836,-3.555984772100673
SSP4,MTS,UN_REPORTING_AREA,011,Western Africa,89.0746802980833,186.95581702954328,89.73429701674618,191.1813150595942,-0.659616718662889,-0.7350776019784178,-4.225498030050915,-2.210204500755608
SSP4,MTS,UN_REPORTING_AREA,013,Central America,237.8679891986836,181.51085154427838,237.84284753305425,188.06511077640965,0.02514166562934861,0.010570704938217546,-6.5542592321312725,-3.4851010934843885
SSP4,MTS,UN_REPORTING_AREA,014,Eastern Africa,149.61484244555652,327.9857830019817,149.70443801687267,334.21441792992675,-0.0895955713161527,-0.05984830677234765,-6.228634927945052,-1.8636643405524733
SSP4,MTS,UN_REPORTING_AREA,015,Northern Africa,137.92324714904302,91.06199068608605,138.04817058605076,90.88110770225289,-0.12492343700773745,-0.0904926421533947,0.1808829838331576,0.19903254747484223
SSP4,MTS,UN_REPORTING_AREA,017,Middle Africa,17.611529732145115,28.141458763270343,17.679976034388133,28.897217095162315,-0.06844630224301795,-0.3871402433458515,-0.7557583318919718,-2.6153325747706457
SSP4,MTS,UN_REPORTING_AREA,018,Southern Africa,54.99779906222266,29.377373419974326,55.00623004283869,30.32974474242751,-0.008430980616026318,-0.015327319486280189,-0.9523713224531853,-3.1400571634911834
SSP4,MTS,UN_REPORTING_AREA,021,Northern America,942.2563951537558,415.2218209472219,944.006412904222,428.6391052778994,-1.7500177504662133,-0.18538197691712055,-13.41728433067749,-3.130205379179918
SSP4,MTS,UN_REPORTING_AREA,029,Caribbean,15.608476980531698,21.259568045705123,15.62622718999731,21.818637643574572,-0.017750209465612343,-0.1135924190131754,-0.5590695978694491,-2.5623487909846254
SSP4,MTS,UN_REPORTING_AREA,030,Eastern Asia,1402.463365362477,862.8554592682032,1424.696385333188,892.4813601190365,-22.233019970710984,-1.5605444219268794,-29.625900850833318,-3.319497994544318
SSP4,MTS,UN_REPORTING_AREA,034,Southern Asia,2088.91545395386,1256.914465755392,2095.344001345324,1272.3337500780249,-6.428547391464235,-0.30680152697297736,-15.419284322632848,-1.2118899087355972
SSP4,MTS,UN_REPORTING_AREA,035,South-eastern Asia,553.4112744103253,580.0004637633317,561.9752378261645,598.7998845641283,-8.563963415839225,-1.5239040511760615,-18.79942080079661,-3.139516437028189
SSP4,MTS,UN_REPORTING_AREA,039,Southern Europe,119.6304422191281,103.41609747467768,120.21976164986677,107.14558202040045,-0.5893194307386693,-0.4902017959867777,-3.7294845457227694,-3.48076371922893
SSP4,MTS,UN_REPORTING_AREA,053,Australia and New Zealand,157.04434791392686,139.10983361119503,157.3479111299407,143.33963160490006,-0.30356321601385616,-0.19292484649711117,-4.229797993705034,-2.9508921896520657
SSP4,MTS,UN_REPORTING_AREA,054,Melanesia,3.2500417716212184,2.727929222158616,3.2590532805069308,2.8979549332856416,-0.009011508885712338,-0.2765069518688712,-0.17002571112702558,-5.867093003211544
SSP4,MTS,UN_REPORTING_AREA,057,Micronesia,0.0031080960408496,0.025998623108284186,0.0033410984433215,0.029166775792477857,-0.00023300240247189994,-6.973826315643194,-0.003168152684193671,-10.862197133941498
SSP4,MTS,UN_REPORTING_AREA,061,Polynesia,0.013276936275922257,0.18023193003466526,0.013806599325065312,0.1963899582566099,-0.0005296630491430556,-3.836303471061653,-0.016158028221944648,-8.227522611330262
SSP4,MTS,UN_REPORTING_AREA,143,Central Asia,71.84463018049902,89.77065282864636,71.8758915062694,91.02590259940179,-0.031261325770373105,-0.04349347898890965,-1.2552497707554267,-1.3790028276672972
SSP4,MTS,UN_REPORTING_AREA,145,Western Asia,206.2984796304179,126.27398538799473,205.8832542535875,126.81622644061429,0.4152253768303922,0.20168001440221683,-0.5422410526195591,-0.42758018263023834
SSP4,MTS,UN_REPORTING_AREA,151,Eastern Europe,739.3437994011276,232.55827054141432,741.8968601228935,236.74434262464536,-2.55306072176586,-0.3441260987872341,-4.186072083231039,-1.7681825199379664
SSP4,MTS,UN_REPORTING_AREA,154,Northern Europe,142.75338204544903,99.7608328256947,142.739478238693,102.41181366841943,0.013903806756019321,0.009740687669301806,-2.650980842724721,-2.5885498437786203
SSP4,MTS,UN_REPORTING_AREA,155,Western Europe,405.0797000062365,185.39697640916623,405.5993128682247,190.43901271789517,-0.5196128619881506,-0.12810989700985376,-5.042036308728939,-2.647585826438781
SSP4,MTS,UN_SPECIAL_GROUP,LDC,Least developed countries,362.5675732063669,690.6841453384587,365.93897942071544,703.2089156282893,-3.3714062143485535,-0.9213028411691804,-12.524770289830599,-1.7810880965068887
SSP4,MTS,UN_SPECIAL_GROUP,LLDC,Landlocked developing countries,304.5963960239532,517.1815194603097,305.19091453112065,526.9744186575249,-0.5945185071674359,-0.1948021644356035,-9.792899197215206,-1.8583253475876083
SSP4,MTS,UN_SPECIAL_GROUP,PACIFIC_ISLANDS,Pacific island countries and areas,3.26642680393799,2.934159775301566,3.2762009782753174,3.123511667334729,-0.009774174337327413,-0.29833866732048575,-0.18935189203316316,-6.062147742663493
SSP4,MTS,UN_SPECIAL_GROUP,SIDS,Small island developing States,27.09337857806449,29.868769001814016,27.1783899972376,30.795718650771672,-0.08501141917311017,-0.31279048973007484,-0.9269496489576561,-3.009995186244596
SSP4,MTS,UN_SUBREGION,015,Northern Africa,137.92324714904302,91.06199068608605,138.04817058605076,90.88110770225289,-0.12492343700773745,-0.0904926421533947,0.1808829838331576,0.19903254747484223
SSP4,MTS,UN_SUBREGION,021,Northern America,942.2563951537558,415.2218209472219,944.006412904222,428.6391052778994,-1.7500177504662133,-0.18538197691712055,-13.41728433067749,-3.130205379179918
SSP4,MTS,UN_SUBREGION,030,Eastern Asia,1402.463365362477,862.8554592682032,1424.696385333188,892.4813601190365,-22.233019970710984,-1.5605444219268794,-29.625900850833318,-3.319497994544318
SSP4,MTS,UN_SUBREGION,034,Southern Asia,2088.91545395386,1256.914465755392,2095.344001345324,1272.3337500780249,-6.428547391464235,-0.30680152697297736,-15.419284322632848,-1.2118899087355972
SSP4,MTS,UN_SUBREGION,035,South-eastern Asia,553.4112744103253,580.0004637633317,561.9752378261645,598.7998845641283,-8.563963415839225,-1.5239040511760615,-18.79942080079661,-3.139516437028189
SSP4,MTS,UN_SUBREGION,039,Southern Europe,119.6304422191281,103.41609747467768,120.21976164986677,107.14558202040045,-0.5893194307386693,-0.4902017959867777,-3.7294845457227694,-3.48076371922893
SSP4,MTS,UN_SUBREGION,053,Australia and New Zealand,157.04434791392686,139.10983361119503,157.3479111299407,143.33963160490006,-0.30356321601385616,-0.19292484649711117,-4.229797993705034,-2.9508921896520657
SSP4,MTS,UN_SUBREGION,054,Melanesia,3.2500417716212184,2.727929222158616,3.2590532805069308,2.8979549332856416,-0.009011508885712338,-0.2765069518688712,-0.17002571112702558,-5.867093003211544
SSP4,MTS,UN_SUBREGION,057,Micronesia,0.0031080960408496,0.025998623108284186,0.0033410984433215,0.029166775792477857,-0.00023300240247189994,-6.973826315643194,-0.003168152684193671,-10.862197133941498
SSP4,MTS,UN_SUBREGION,061,Polynesia,0.013276936275922257,0.18023193003466526,0.013806599325065312,0.1963899582566099,-0.0005296630491430556,-3.836303471061653,-0.016158028221944648,-8.227522611330262
SSP4,MTS,UN_SUBREGION,143,Central Asia,71.84463018049902,89.77065282864636,71.8758915062694,91.02590259940179,-0.031261325770373105,-0.04349347898890965,-1.2552497707554267,-1.3790028276672972
SSP4,MTS,UN_SUBREGION,145,Western Asia,206.2984796304179,126.27398538799473,205.8832542535875,126.81622644061429,0.4152253768303922,0.20168001440221683,-0.5422410526195591,-0.42758018263023834
SSP4,MTS,UN_SUBREGION,151,Eastern Europe,739.3437994011276,232.55827054141432,741.8968601228935,236.74434262464536,-2.55306072176586,-0.3441260987872341,-4.186072083231039,-1.7681825199379664
SSP4,MTS,UN_SUBREGION,154,Northern Europe,142.75338204544903,99.7608328256947,142.739478238693,102.41181366841943,0.013903806756019321,0.009740687669301806,-2.650980842724721,-2.5885498437786203
SSP4,MTS,UN_SUBREGION,155,Western Europe,405.0797000062365,185.39697640916623,405.5993128682247,190.43901271789517,-0.5196128619881506,-0.12810989700985376,-5.042036308728939,-2.647585826438781
SSP4,MTS,UN_SUBREGION,202,Sub-Saharan Africa,311.2988515380076,572.4604322147696,312.12494111084567,584.6226948271108,-0.8260895728380433,-0.2646663127586102,-12.162262612341124,-2.0803610123171556
SSP4,MTS,UN_SUBREGION,419,Latin America and the Caribbean,1981.3871790153773,1299.453777914899,1983.0940343533218,1347.0028902697184,-1.7068553379444893,-0.08607031781531216,-47.54911235481927,-3.5299933428723507
SSP4,MTS,WB_DEVELOPMENT_STATUS,DEVELOPING_ECONOMIES,"Developing economies (World Bank FY25 LIC, LMC and UMC)",6857.231849113172,4796.408119138908,6896.796664936399,4918.366546159346,-39.564815823227036,-0.5736694547539223,-121.95842702043865,-2.4796530692832053
SSP4,MTS,WB_INCOME_FY25,HIC,High income,2392.786260609467,1210.3425483831913,2398.4747982288454,1245.6915624187309,-5.6885376193786215,-0.23717312450309835,-35.34901403553954,-2.837701972300688
SSP4,MTS,WB_INCOME_FY25,LIC,Low income,136.1638412052509,351.82882199141847,136.25965555124077,355.9747124896537,-0.09581434598987926,-0.07031747262405963,-4.1458904982352465,-1.164658711075084
SSP4,MTS,WB_INCOME_FY25,LMC,Lower middle income,2614.823394767003,1919.9430750435713,2626.8299410919853,1954.7648464818378,-12.006546324982537,-0.45707360560963695,-34.82177143826652,-1.7813790492978376
SSP4,MTS,WB_INCOME_FY25,NCL,Not classified,12.898865060930046,50.43855188189503,12.856391041623905,51.74870760370502,0.04247401930614103,0.33037280188994433,-1.3101557218099913,-2.531765105794037
SSP4,MTS,WB_INCOME_FY25,UMC,Upper middle income,4106.244613140919,2524.636222103918,4133.707068293173,2607.626987187855,-27.462455152253824,-0.6643541668179487,-82.99076508393682,-3.1826164360047704
SSP4,PTS,ECONOMIC,EU27,European Union (27),783.733999940412,417.6197652370238,781.8440105733738,414.31678736935226,1.889989367038197,0.2417348398758179,3.3029778676715296,0.7972107257935068
SSP4,PTS,FOCUS,CHINA_MAINLAND,China mainland,1393.0948928284442,844.4567322388402,1393.35716635062,842.4250618249204,-0.2622735221757466,-0.018823136558920872,2.031670413919869,0.24116927498794016
SSP4,PTS,FOCUS,USA,United States,826.2525055726435,370.20019946601195,825.0141662470413,367.8047181215799,1.238339325602169,0.15009915905266347,2.395481344432028,0.6512916301525395
SSP4,PTS,GLOBAL,WORLD,World,9310.397656510117,6238.735714236931,9308.127854206869,6215.806816181782,2.2698023032480705,0.024385164651796742,22.928898055149148,0.3688804805750623
SSP4,PTS,UN_REGION,002,Africa,450.24028070253934,678.3176675006214,450.1731116968964,675.5038025293637,0.06716900564293837,0.014920705812415669,2.813864971257658,0.4165579765386118
SSP4,PTS,UN_REGION,009,Oceania,160.74057119121414,147.3356723847705,160.62411210821605,146.4631432722348,0.11645908299809093,0.07250411004271484,0.872529112535716,0.5957328874977907
SSP4,PTS,UN_REGION,019,Americas,2929.736364488214,1786.4379122712548,2927.1004472575437,1775.6419955476176,2.635917230670202,0.09005216179511777,10.79591672363722,0.6080007541332977
SSP4,PTS,UN_REGION,142,Asia,4356.857136825178,2985.2980478138124,4359.774770264534,2981.4571238012054,-2.9176334393559955,-0.0669216552023566,3.840924012607047,0.12882707525607717
SSP4,PTS,UN_REGION,150,Europe,1412.823303302972,641.3464142664715,1410.455412879678,636.7407510313603,2.3678904232938294,0.16788126740279186,4.6056632351111375,0.7233184349597632
SSP4,PTS,UN_REPORTING_AREA,005,South America,1730.6106248489361,1143.7765452982553,1729.6249596302705,1137.119141849734,0.9856652186656447,0.056987222182325326,6.657403448521336,0.5854622619131833
SSP4,PTS,UN_REPORTING_AREA,011,Western Africa,89.59938333757641,191.79744610600318,89.73429701674618,191.1813150595942,-0.13491367916977026,-0.15034795351948071,0.6161310464089809,0.3222757653994268
SSP4,PTS,UN_REPORTING_AREA,013,Central America,238.15590062460095,189.30543960895642,237.84284753305425,188.06511077640965,0.31305309154669203,0.13162182289427893,1.2403288325467656,0.6595209645351874
SSP4,PTS,UN_REPORTING_AREA,014,Eastern Africa,149.81256190242604,335.7887470135405,149.70443801687267,334.21441792992675,0.10812388555336838,0.07222490327318809,1.5743290836137476,0.471053610842076
SSP4,PTS,UN_REPORTING_AREA,015,Northern Africa,138.08361929690955,91.17215304199705,138.04817058605076,90.88110770225289,0.035448710858787535,0.025678508239757036,0.2910453397441586,0.3202484510836934
SSP4,PTS,UN_REPORTING_AREA,017,Middle Africa,17.67965084134016,29.0560499400378,17.679976034388133,28.897217095162315,-0.0003251930479741816,-0.001839329687669533,0.15883284487548366,0.5496475468638629
SSP4,PTS,UN_REPORTING_AREA,018,Southern Africa,55.06506532428722,30.503271399042887,55.00623004283869,30.32974474242751,0.05883528144853045,0.10696112313588468,0.17352665661537614,0.5721335873052569
SSP4,PTS,UN_REPORTING_AREA,021,Northern America,945.3302766674227,431.43347671308453,944.006412904222,428.6391052778994,1.323863763200734,0.14023885273488634,2.7943714351851554,0.6519170558116683
SSP4,PTS,UN_REPORTING_AREA,029,Caribbean,15.639562347253714,21.922450650958282,15.62622718999731,21.818637643574572,0.013335157256403107,0.08533830395693887,0.10381300738371024,0.47579967676982804
SSP4,PTS,UN_REPORTING_AREA,030,Eastern Asia,1424.563421767557,894.7689423824189,1424.696385333188,892.4813601190365,-0.1329635656309165,-0.00933276500170166,2.2875822633824328,0.25631709138187464
SSP4,PTS,UN_REPORTING_AREA,034,Southern Asia,2094.139235530844,1274.4773155492787,2095.344001345324,1272.3337500780249,-1.2047658144801972,-0.05749728033710433,2.1435654712538508,0.16847509319959375
SSP4,PTS,UN_REPORTING_AREA,035,South-eastern Asia,560.0016494331893,597.1667802916625,561.9752378261645,598.7998845641283,-1.9735883929752163,-0.3511877855347234,-1.6331042724658573,-0.272729556996254
SSP4,PTS,UN_REPORTING_AREA,039,Southern Europe,120.69222275413017,108.10467087762179,120.21976164986677,107.14558202040045,0.4724611042634024,0.39299787138109554,0.9590888572213316,0.8951268350371411
SSP4,PTS,UN_REPORTING_AREA,053,Australia and New Zealand,157.46085483696703,144.16724600886678,157.3479111299407,143.33963160490006,0.11294370702631795,0.07177960369175729,0.8276144039667201,0.5773800272125262
SSP4,PTS,UN_REPORTING_AREA,054,Melanesia,3.262330636220883,2.9384138286696513,3.2590532805069308,2.8979549332856416,0.003277355713952268,0.10056158742646204,0.04045889538400971,1.3961188602107821
SSP4,PTS,UN_REPORTING_AREA,057,Micronesia,0.0034106784610960002,0.02994461030682968,0.0033410984433215,0.029166775792477857,6.958001777450026e-05,2.0825491662355367,0.0007778345143518231,2.6668512141558853
SSP4,PTS,UN_REPORTING_AREA,061,Polynesia,0.013975039565104005,0.20006793692725594,0.013806599325065312,0.1963899582566099,0.00016844024003869265,1.2199980319041792,0.003677978670646037,1.8727936516185206
SSP4,PTS,UN_REPORTING_AREA,143,Central Asia,71.96236402850914,91.4480218220935,71.8758915062694,91.02590259940179,0.08647252223974533,0.12030810391019386,0.42211922269170543,0.4637352782420834
SSP4,PTS,UN_REPORTING_AREA,145,Western Asia,206.19046606507783,127.43698776835885,205.8832542535875,126.81622644061429,0.3072118114903333,0.14921651234049982,0.6207613277445603,0.4894967664372585
SSP4,PTS,UN_REPORTING_AREA,151,Eastern Europe,742.4184051360024,238.07136937406716,741.8968601228935,236.74434262464536,0.5215450131089483,0.07029885704361583,1.3270267494218047,0.5605315568304015
SSP4,PTS,UN_REPORTING_AREA,154,Northern Europe,143.15280752067184,103.18623104836028,142.739478238693,102.41181366841943,0.41332928197883234,0.28956900156777987,0.7744173799408571,0.7561797337641174
SSP4,PTS,UN_REPORTING_AREA,155,Western Europe,406.5598678921675,191.98414296642227,405.5993128682247,190.43901271789517,0.9605550239428453,0.23682363196086964,1.5451302485271015,0.8113517427313921
SSP4,PTS,UN_SPECIAL_GROUP,LDC,Least developed countries,365.1268499908497,705.1065103718493,365.93897942071544,703.2089156282893,-0.8121294298657631,-0.22193028770844947,1.897594743559921,0.2698479358533845
SSP4,PTS,UN_SPECIAL_GROUP,LLDC,Landlocked developing countries,305.3310244073167,529.5684406774757,305.19091453112065,526.9744186575249,0.14010987619604975,0.04590892766624943,2.594022019950785,0.4922481866499462
SSP4,PTS,UN_SPECIAL_GROUP,PACIFIC_ISLANDS,Pacific island countries and areas,3.279716354247083,3.168426375903737,3.2762009782753174,3.123511667334729,0.003515375971765433,0.1073003761086655,0.044914708569008255,1.437955524185175
SSP4,PTS,UN_SPECIAL_GROUP,SIDS,Small island developing States,27.180284363180235,30.942227175375283,27.1783899972376,30.795718650771672,0.0018943659426362558,0.006970118328664121,0.14650852460361108,0.47574315853784466
SSP4,PTS,UN_SUBREGION,015,Northern Africa,138.08361929690955,91.17215304199705,138.04817058605076,90.88110770225289,0.035448710858787535,0.025678508239757036,0.2910453397441586,0.3202484510836934
SSP4,PTS,UN_SUBREGION,021,Northern America,945.3302766674227,431.43347671308453,944.006412904222,428.6391052778994,1.323863763200734,0.14023885273488634,2.7943714351851554,0.6519170558116683
SSP4,PTS,UN_SUBREGION,030,Eastern Asia,1424.563421767557,894.7689423824189,1424.696385333188,892.4813601190365,-0.1329635656309165,-0.00933276500170166,2.2875822633824328,0.25631709138187464
SSP4,PTS,UN_SUBREGION,034,Southern Asia,2094.139235530844,1274.4773155492787,2095.344001345324,1272.3337500780249,-1.2047658144801972,-0.05749728033710433,2.1435654712538508,0.16847509319959375
SSP4,PTS,UN_SUBREGION,035,South-eastern Asia,560.0016494331893,597.1667802916625,561.9752378261645,598.7998845641283,-1.9735883929752163,-0.3511877855347234,-1.6331042724658573,-0.272729556996254
SSP4,PTS,UN_SUBREGION,039,Southern Europe,120.69222275413017,108.10467087762179,120.21976164986677,107.14558202040045,0.4724611042634024,0.39299787138109554,0.9590888572213316,0.8951268350371411
SSP4,PTS,UN_SUBREGION,053,Australia and New Zealand,157.46085483696703,144.16724600886678,157.3479111299407,143.33963160490006,0.11294370702631795,0.07177960369175729,0.8276144039667201,0.5773800272125262
SSP4,PTS,UN_SUBREGION,054,Melanesia,3.262330636220883,2.9384138286696513,3.2590532805069308,2.8979549332856416,0.003277355713952268,0.10056158742646204,0.04045889538400971,1.3961188602107821
SSP4,PTS,UN_SUBREGION,057,Micronesia,0.0034106784610960002,0.02994461030682968,0.0033410984433215,0.029166775792477857,6.958001777450026e-05,2.0825491662355367,0.0007778345143518231,2.6668512141558853
SSP4,PTS,UN_SUBREGION,061,Polynesia,0.013975039565104005,0.20006793692725594,0.013806599325065312,0.1963899582566099,0.00016844024003869265,1.2199980319041792,0.003677978670646037,1.8727936516185206
SSP4,PTS,UN_SUBREGION,143,Central Asia,71.96236402850914,91.4480218220935,71.8758915062694,91.02590259940179,0.08647252223974533,0.12030810391019386,0.42211922269170543,0.4637352782420834
SSP4,PTS,UN_SUBREGION,145,Western Asia,206.19046606507783,127.43698776835885,205.8832542535875,126.81622644061429,0.3072118114903333,0.14921651234049982,0.6207613277445603,0.4894967664372585
SSP4,PTS,UN_SUBREGION,151,Eastern Europe,742.4184051360024,238.07136937406716,741.8968601228935,236.74434262464536,0.5215450131089483,0.07029885704361583,1.3270267494218047,0.5605315568304015
SSP4,PTS,UN_SUBREGION,154,Northern Europe,143.15280752067184,103.18623104836028,142.739478238693,102.41181366841943,0.41332928197883234,0.28956900156777987,0.7744173799408571,0.7561797337641174
SSP4,PTS,UN_SUBREGION,155,Western Europe,406.5598678921675,191.98414296642227,405.5993128682247,190.43901271789517,0.9605550239428453,0.23682363196086964,1.5451302485271015,0.8113517427313921
SSP4,PTS,UN_SUBREGION,202,Sub-Saharan Africa,312.15666140562985,587.1455144586243,312.12494111084567,584.6226948271108,0.03172029478417926,0.010162691475823493,2.5228196315135847,0.4315295409904829
SSP4,PTS,UN_SUBREGION,419,Latin America and the Caribbean,1984.406087820791,1355.0044355581701,1983.0940343533218,1347.0028902697184,1.3120534674692408,0.06616193910831125,8.00154528845178,0.5940258440610746
SSP4,PTS,WB_DEVELOPMENT_STATUS,DEVELOPING_ECONOMIES,"Developing economies (World Bank FY25 LIC, LMC and UMC)",6895.087828074612,4932.575697030275,6896.796664936399,4918.366546159346,-1.7088368617869492,-0.024777254496632928,14.20915087092817,0.28889979503508023
SSP4,PTS,WB_INCOME_FY25,HIC,High income,2402.4204018062474,1254.1093168915274,2398.4747982288454,1245.6915624187309,3.9456035774019256,0.16450469191151562,8.41775447279656,0.6757494974479972
SSP4,PTS,WB_INCOME_FY25,LIC,Low income,136.3356324027135,357.5950088189628,136.25965555124077,355.9747124896537,0.07597685147271704,0.05575887533646462,1.6202963293090988,0.4551717502563335
SSP4,PTS,WB_INCOME_FY25,LMC,Lower middle income,2624.6920472519064,1957.8307890381332,2626.8299410919853,1954.7648464818378,-2.1378938400789593,-0.08138683843348371,3.06594255629534,0.15684457196032398
SSP4,PTS,WB_INCOME_FY25,NCL,Not classified,12.88942662925724,52.05070031512864,12.856391041623905,51.74870760370502,0.033035587633335695,0.2569584848996831,0.3019927114236154,0.5835753691402212
SSP4,PTS,WB_INCOME_FY25,UMC,Upper middle income,4134.060148419992,2617.1498991731787,4133.707068293173,2607.626987187855,0.3530801268198047,0.008541488813462728,9.522911985323844,0.3651945631838016
SSP5,CGS,ECONOMIC,EU27,European Union (27),819.197856620431,426.17256950170923,820.9005828565495,446.0215307023863,-1.7027262361184512,-0.20742173555211574,-19.84896120067708,-4.4502248959639505
SSP5,CGS,FOCUS,CHINA_MAINLAND,China mainland,1478.7532208310715,880.1982008724154,1518.955720270969,931.7160137038305,-40.202499439897565,-2.6467196445150942,-51.517812831415085,-5.529347148023945
SSP5,CGS,FOCUS,USA,United States,829.9770217622903,358.7370813962198,831.1048743035388,377.99046436558433,-1.1278525412485578,-0.13570520112683448,-19.25338296936451,-5.093616052372962
SSP5,CGS,GLOBAL,WORLD,World,9664.215689378574,6369.083185555508,9738.498194081641,6642.463270663891,-74.28250470306739,-0.7627716637890969,-273.38008510838335,-4.115643157798898
SSP5,CGS,UN_REGION,002,Africa,459.60985103358934,671.6713334891126,460.8918299600357,690.8020584550891,-1.2819789264463566,-0.27815180116287364,-19.13072496597647,-2.7693497336647277
SSP5,CGS,UN_REGION,009,Oceania,161.2815194830187,144.80034781875224,161.66179018321293,152.2546897762005,-0.3802707001942167,-0.23522608512701604,-7.454341957448264,-4.895968701131914
SSP5,CGS,UN_REGION,019,Americas,2956.859567238386,1761.9766612089832,2961.8415765904733,1866.6211448400934,-4.982009352087516,-0.16820647638495778,-104.64448363111023,-5.606091194261853
SSP5,CGS,UN_REGION,142,Asia,4604.412798222247,3131.369318643937,4667.141558936739,3246.4731656494314,-62.72876071449173,-1.344050955437115,-115.10384700549457,-3.545504340630179
SSP5,CGS,UN_REGION,150,Europe,1482.0519534013333,659.2655243947231,1486.96143841118,686.3122119430768,-4.909485009846776,-0.3301689528070417,-27.046687548353702,-3.9408722557594533
SSP5,CGS,UN_REPORTING_AREA,005,South America,1737.9069834567135,1123.650164427278,1740.525250159807,1192.5614979001575,-2.618266703093468,-0.15042968798373302,-68.9113334728795,-5.778430176910576
SSP5,CGS,UN_REPORTING_AREA,011,Western Africa,89.57700507745824,190.56367691847475,90.62870420570013,197.60585362489385,-1.0516991282418928,-1.1604481576331982,-7.042176706419099,-3.563749037408037
SSP5,CGS,UN_REPORTING_AREA,013,Central America,251.14485499301637,195.88587479697694,250.97558678870016,207.7563547828998,0.1692682043162108,0.06744409146803854,-11.870479985922856,-5.713654342042728
SSP5,CGS,UN_REPORTING_AREA,014,Eastern Africa,149.46051362908474,327.0477945419503,149.5065009615631,336.8925031737562,-0.0459873324783473,-0.030759419946679856,-9.84470863180593,-2.922210657423985
SSP5,CGS,UN_REPORTING_AREA,015,Northern Africa,151.05678589526497,98.1638827558364,151.14498112188733,97.67763244372648,-0.08819522662236068,-0.05835140933408978,0.48625031210991665,0.4978113207136259
SSP5,CGS,UN_REPORTING_AREA,017,Middle Africa,16.477548588332724,27.04161394358299,16.580098967318662,28.220379381528467,-0.10255037898593855,-0.6185148785183836,-1.1787654379454757,-4.177000677450248
SSP5,CGS,UN_REPORTING_AREA,018,Southern Africa,53.037997843448686,28.85436532926814,53.031544703566496,30.405689831184052,0.006453139882189873,0.012168493145470194,-1.5513245019159108,-5.102086190213228
SSP5,CGS,UN_REPORTING_AREA,021,Northern America,950.8514933998466,418.90506810518787,953.3661372177814,441.75486038294855,-2.514643817934825,-0.26376475099832986,-22.849792277760685,-5.172505008309958
SSP5,CGS,UN_REPORTING_AREA,029,Caribbean,16.95623538880935,23.535553879540394,16.974602424184866,24.54843177408774,-0.018367035375515428,-0.10820303719953905,-1.0128778945473442,-4.126039104528434
SSP5,CGS,UN_REPORTING_AREA,030,Eastern Asia,1511.4814957918268,934.606144876313,1552.2356129929135,989.2577367655108,-40.75411720108673,-2.625511028091121,-54.65159188919779,-5.524504874522118
SSP5,CGS,UN_REPORTING_AREA,034,Southern Asia,2225.3866692165625,1363.027104836009,2233.751934078241,1387.9394698406918,-8.365264861678497,-0.37449390570445384,-24.912365004682897,-1.7949172529506896
SSP5,CGS,UN_REPORTING_AREA,035,South-eastern Asia,563.6077581540738,594.8528109467712,578.500140627769,627.7530605094289,-14.892382473695193,-2.5743092227314746,-32.90024956265768,-5.240954068142456
SSP5,CGS,UN_REPORTING_AREA,039,Southern Europe,123.03401165639991,106.92103296527146,123.87368517564289,113.41973991877737,-0.8396735192429787,-0.6778465644679765,-6.498706953505902,-5.729784743078925
SSP5,CGS,UN_REPORTING_AREA,053,Australia and New Zealand,157.80152041769247,141.83103079847373,158.16572635377887,148.96027662139758,-0.3642059360863925,-0.23026855721685058,-7.129245822923849,-4.786004688379963
SSP5,CGS,UN_REPORTING_AREA,054,Melanesia,3.4638882408625067,2.7701055075253427,3.4786035035781584,3.0609873157990837,-0.014715262715651711,-0.4230221323158978,-0.290881808273741,-9.502875323016656
SSP5,CGS,UN_REPORTING_AREA,057,Micronesia,0.0030219428256281003,0.02442770342863775,0.0034386204605133,0.030103712444850782,-0.0004166776348851998,-12.11758144494377,-0.005676009016213034,-18.854847310315414
SSP5,CGS,UN_REPORTING_AREA,061,Polynesia,0.013088881638092107,0.174783809324532,0.014021705395405133,0.2033221265589975,-0.0009328237573130258,-6.652712569604469,-0.02853831723446551,-14.036011582922637
SSP5,CGS,UN_REPORTING_AREA,143,Central Asia,75.37967941928319,95.58767448866611,75.30111058088427,97.60399477712774,0.07856883839892248,0.1043395479732423,-2.0163202884616283,-2.0658173808006164
SSP5,CGS,UN_REPORTING_AREA,145,Western Asia,228.55719564050096,143.2955834961772,227.35276065693125,143.9189037566718,1.204434983569712,0.5297648377303732,-0.6233202604946086,-0.43310520315557044
SSP5,CGS,UN_REPORTING_AREA,151,Eastern Europe,784.7669290612768,250.21538517153215,788.7449797069446,257.4702524686893,-3.9780506456678495,-0.5043519449272282,-7.254867297157148,-2.8177497118970662
SSP5,CGS,UN_REPORTING_AREA,154,Northern Europe,149.12227715081985,105.84508751903748,148.8114083085458,110.38748508469979,0.3108688422740613,0.2089012165179538,-4.542397565662313,-4.114957019065113
SSP5,CGS,UN_REPORTING_AREA,155,Western Europe,425.1287355328367,196.28401873888205,425.5313652200469,205.0347344709104,-0.402629687210208,-0.09461809871570415,-8.75071573202834,-4.267918679539573
SSP5,CGS,UN_SPECIAL_GROUP,LDC,Least developed countries,357.8237946239523,693.6525962939595,363.02614240623,713.4490038446626,-5.202347782277684,-1.433050454106466,-19.796407550703066,-2.774747381245668
SSP5,CGS,UN_SPECIAL_GROUP,LLDC,Landlocked developing countries,316.8935071146638,545.9961997417669,317.6488841286047,562.1278480734877,-0.7553770139409153,-0.2378025082673041,-16.13164833172084,-2.869747226899877
SSP5,CGS,UN_SPECIAL_GROUP,PACIFIC_ISLANDS,Pacific island countries and areas,3.479999065326227,2.9693170202785124,3.4960638294340765,3.294413154802932,-0.016064764107849516,-0.45951003447354255,-0.32509613452441943,-9.86810455302065
SSP5,CGS,UN_SPECIAL_GROUP,SIDS,Small island developing States,28.33410853868603,31.993779636931972,28.461149066419377,33.62142090768593,-0.12704052773334595,-0.4463647178716279,-1.6276412707539585,-4.8410841267623965
SSP5,CGS,UN_SUBREGION,015,Northern Africa,151.05678589526497,98.1638827558364,151.14498112188733,97.67763244372648,-0.08819522662236068,-0.05835140933408978,0.48625031210991665,0.4978113207136259
SSP5,CGS,UN_SUBREGION,021,Northern America,950.8514933998466,418.90506810518787,953.3661372177814,441.75486038294855,-2.514643817934825,-0.26376475099832986,-22.849792277760685,-5.172505008309958
SSP5,CGS,UN_SUBREGION,030,Eastern Asia,1511.4814957918268,934.606144876313,1552.2356129929135,989.2577367655108,-40.75411720108673,-2.625511028091121,-54.65159188919779,-5.524504874522118
SSP5,CGS,UN_SUBREGION,034,Southern Asia,2225.3866692165625,1363.027104836009,2233.751934078241,1387.9394698406918,-8.365264861678497,-0.37449390570445384,-24.912365004682897,-1.7949172529506896
SSP5,CGS,UN_SUBREGION,035,South-eastern Asia,563.6077581540738,594.8528109467712,578.500140627769,627.7530605094289,-14.892382473695193,-2.5743092227314746,-32.90024956265768,-5.240954068142456
SSP5,CGS,UN_SUBREGION,039,Southern Europe,123.03401165639991,106.92103296527146,123.87368517564289,113.41973991877737,-0.8396735192429787,-0.6778465644679765,-6.498706953505902,-5.729784743078925
SSP5,CGS,UN_SUBREGION,053,Australia and New Zealand,157.80152041769247,141.83103079847373,158.16572635377887,148.96027662139758,-0.3642059360863925,-0.23026855721685058,-7.129245822923849,-4.786004688379963
SSP5,CGS,UN_SUBREGION,054,Melanesia,3.4638882408625067,2.7701055075253427,3.4786035035781584,3.0609873157990837,-0.014715262715651711,-0.4230221323158978,-0.290881808273741,-9.502875323016656
SSP5,CGS,UN_SUBREGION,057,Micronesia,0.0030219428256281003,0.02442770342863775,0.0034386204605133,0.030103712444850782,-0.0004166776348851998,-12.11758144494377,-0.005676009016213034,-18.854847310315414
SSP5,CGS,UN_SUBREGION,061,Polynesia,0.013088881638092107,0.174783809324532,0.014021705395405133,0.2033221265589975,-0.0009328237573130258,-6.652712569604469,-0.02853831723446551,-14.036011582922637
SSP5,CGS,UN_SUBREGION,143,Central Asia,75.37967941928319,95.58767448866611,75.30111058088427,97.60399477712774,0.07856883839892248,0.1043395479732423,-2.0163202884616283,-2.0658173808006164
SSP5,CGS,UN_SUBREGION,145,Western Asia,228.55719564050096,143.2955834961772,227.35276065693125,143.9189037566718,1.204434983569712,0.5297648377303732,-0.6233202604946086,-0.43310520315557044
SSP5,CGS,UN_SUBREGION,151,Eastern Europe,784.7669290612768,250.21538517153215,788.7449797069446,257.4702524686893,-3.9780506456678495,-0.5043519449272282,-7.254867297157148,-2.8177497118970662
SSP5,CGS,UN_SUBREGION,154,Northern Europe,149.12227715081985,105.84508751903748,148.8114083085458,110.38748508469979,0.3108688422740613,0.2089012165179538,-4.542397565662313,-4.114957019065113
SSP5,CGS,UN_SUBREGION,155,Western Europe,425.1287355328367,196.28401873888205,425.5313652200469,205.0347344709104,-0.402629687210208,-0.09461809871570415,-8.75071573202834,-4.267918679539573
SSP5,CGS,UN_SUBREGION,202,Sub-Saharan Africa,308.5530651383244,573.5074507332761,309.74684883814837,593.1244260113626,-1.193783699823939,-0.38540624522954703,-19.616975278086557,-3.3073962928835354
SSP5,CGS,UN_SUBREGION,419,Latin America and the Caribbean,2006.0080738385393,1343.0715931037953,2008.475439372692,1424.866284457145,-2.4673655341528047,-0.12284768266439539,-81.79469135334966,-5.740517004689483
SSP5,CGS,WB_DEVELOPMENT_STATUS,DEVELOPING_ECONOMIES,"Developing economies (World Bank FY25 LIC, LMC and UMC)",7180.816113098649,5062.725774406788,7247.596678077805,5273.483613320175,-66.78056497915622,-0.9214166839767834,-210.75783891338688,-3.9965581457584998
SSP5,CGS,WB_INCOME_FY25,HIC,High income,2470.6131442001033,1255.9495606819185,2478.207373123728,1316.4520731722357,-7.5942289236245415,-0.30644041358218743,-60.50251249031726,-4.595876577908776
SSP5,CGS,WB_INCOME_FY25,LIC,Low income,137.3324013320026,359.73915142331504,137.35134500214332,365.9208957199741,-0.01894367014071463,-0.013792125690814672,-6.181744296659076,-1.6893662999201142
SSP5,CGS,WB_INCOME_FY25,LMC,Lower middle income,2770.6734666032876,2037.2579782775501,2788.707814400487,2095.5163611507983,-18.034347797199644,-0.6466919088501388,-58.25838287324814,-2.7801445005780967
SSP5,CGS,WB_INCOME_FY25,NCL,Not classified,12.786432079822093,50.40785046680108,12.694142880108723,52.527584171480235,0.09228919971337035,0.7270219075443451,-2.119733704679156,-4.035467722557207
SSP5,CGS,WB_INCOME_FY25,UMC,Upper middle income,4272.810245163359,2665.728644705923,4321.5375186751735,2812.046356449403,-48.72727351181493,-1.1275448448901382,-146.31771174347978,-5.203246788869653
SSP5,MTS,ECONOMIC,EU27,European Union (27),819.3465648723763,433.6008703736027,820.9005828565495,446.0215307023863,-1.5540179841731288,-0.18930647835155856,-12.42066032878364,-2.7847669840565414
SSP5,MTS,FOCUS,CHINA_MAINLAND,China mainland,1494.4611641099718,899.9843796558309,1518.955720270969,931.7160137038305,-24.494556160997263,-1.6125918507109316,-31.73163404799959,-3.4057195090870573
SSP5,MTS,FOCUS,USA,United States,830.1663808887646,366.06666559842444,831.1048743035388,377.99046436558433,-0.938493414774257,-0.11292117803552992,-11.923798767159894,-3.1545236960336287
SSP5,MTS,GLOBAL,WORLD,World,9689.562721083008,6469.731724788,9738.498194081641,6642.463270663891,-48.935472998633486,-0.5024950667277706,-172.73154587589124,-2.6004140156672184
SSP5,MTS,UN_REGION,002,Africa,459.91183440911294,678.3777509534905,460.8918299600357,690.8020584550891,-0.9799955509227516,-0.21263027183791028,-12.424307501598605,-1.7985336536756047
SSP5,MTS,UN_REGION,009,Oceania,161.33669722609483,147.5400709851341,161.66179018321293,152.2546897762005,-0.3250929571181018,-0.20109449286047631,-4.714618791066414,-3.096534364883241
SSP5,MTS,UN_REGION,019,Americas,2958.287223404039,1801.3121048224045,2961.8415765904733,1866.6211448400934,-3.5543531864341276,-0.12000483802127038,-65.30904001768886,-3.498783896144264
SSP5,MTS,UN_REGION,142,Asia,4626.824928258731,3173.2297839951543,4667.141558936739,3246.4731656494314,-40.31663067800764,-0.863839893624152,-73.24338165427707,-2.256090776577402
SSP5,MTS,UN_REGION,150,Europe,1483.2020377850295,669.2720140318164,1486.96143841118,686.3122119430768,-3.7594006261506365,-0.2528243523361007,-17.040197911260407,-2.482863864977203
SSP5,MTS,UN_REPORTING_AREA,005,South America,1738.7546091841916,1149.4304153632932,1740.525250159807,1192.5614979001575,-1.770640975615379,-0.1017302665073605,-43.13108253686437,-3.6166757532260507
SSP5,MTS,UN_REPORTING_AREA,011,Western Africa,89.9575812574197,193.12186089149998,90.62870420570013,197.60585362489385,-0.6711229482804271,-0.7405191921945331,-4.483992733393876,-2.269159871096549
SSP5,MTS,UN_REPORTING_AREA,013,Central America,251.0027591987795,200.34886697000616,250.97558678870016,207.7563547828998,0.0271724100793449,0.010826714433465057,-7.407487812893635,-3.565468705221686
SSP5,MTS,UN_REPORTING_AREA,014,Eastern Africa,149.41085202830763,330.5256711095429,149.5065009615631,336.8925031737562,-0.09564893325546109,-0.06397643757314331,-6.366832064213327,-1.88987050891114
SSP5,MTS,UN_REPORTING_AREA,015,Northern Africa,151.0053141977363,97.8173042988208,151.14498112188733,97.67763244372648,-0.13966692415101534,-0.09240592913791756,0.13967185509432056,0.14299267048143438
SSP5,MTS,UN_REPORTING_AREA,017,Middle Africa,16.51469158537341,27.481710891803296,16.580098967318662,28.220379381528467,-0.06540738194525275,-0.3944933143896101,-0.7386684897251712,-2.617500210534607
SSP5,MTS,UN_REPORTING_AREA,018,Southern Africa,53.02339534027589,29.431203761823447,53.031544703566496,30.405689831184052,-0.008149363290606004,-0.01536701096707116,-0.974486069360605,-3.2049464253929627
SSP5,MTS,UN_REPORTING_AREA,021,Northern America,951.5755951618963,427.6287805922211,953.3661372177814,441.75486038294855,-1.790542055885112,-0.18781263420059036,-14.126079790727431,-3.197719155479539
SSP5,MTS,UN_REPORTING_AREA,029,Caribbean,16.95425985917179,23.904041896884156,16.974602424184866,24.54843177408774,-0.020342565013077518,-0.1198411868786664,-0.644389877203583,-2.6249736974390925
SSP5,MTS,UN_REPORTING_AREA,030,Eastern Asia,1527.3667135754117,955.5631891821153,1552.2356129929135,989.2577367655108,-24.86889941750178,-1.6021343157789913,-33.69454758339555,-3.406043372838674
SSP5,MTS,UN_REPORTING_AREA,034,Southern Asia,2227.096714342073,1370.8635807753344,2233.751934078241,1387.9394698406918,-6.655219736167965,-0.29793906989561414,-17.075889065357387,-1.230305026725509
SSP5,MTS,UN_REPORTING_AREA,035,South-eastern Asia,569.201024197924,607.2623648500521,578.500140627769,627.7530605094289,-9.299116429845071,-1.6074527518271653,-20.490695659376797,-3.264133135846181
SSP5,MTS,UN_REPORTING_AREA,039,Southern Europe,123.28547309026881,109.42606502588843,123.87368517564289,113.41973991877737,-0.5882120853740815,-0.4748482977155688,-3.993674892888933,-3.521146227057914
SSP5,MTS,UN_REPORTING_AREA,053,Australia and New Zealand,157.85010410189653,144.43887364145186,158.16572635377887,148.96027662139758,-0.3156222518823313,-0.1995516090359306,-4.521402979945719,-3.035307856897629
SSP5,MTS,UN_REPORTING_AREA,054,Melanesia,3.4699242916302087,2.88787970759529,3.4786035035781584,3.0609873157990837,-0.008679211947949739,-0.24950276566507723,-0.1731076082037939,-5.6552866883933355
SSP5,MTS,UN_REPORTING_AREA,057,Micronesia,0.0031975131516122,0.02681827731481567,0.0034386204605133,0.030103712444850782,-0.00024110730890109996,-7.01174531094102,-0.003285435130035111,-10.913720811192118
SSP5,MTS,UN_REPORTING_AREA,061,Polynesia,0.01347131941647518,0.18649935877212817,0.014021705395405133,0.2033221265589975,-0.0005503859789299532,-3.9252427818823876,-0.016822767786869336,-8.273948375209383
SSP5,MTS,UN_REPORTING_AREA,143,Central Asia,75.27325866550672,96.23284483515432,75.30111058088427,97.60399477712774,-0.027851915377553382,-0.03698738991058104,-1.3711499419734139,-1.404809244851446
SSP5,MTS,UN_REPORTING_AREA,145,Western Asia,227.8872174778163,143.3078043524984,227.35276065693125,143.9189037566718,0.5344568208850546,0.2350782191255396,-0.6110994041733875,-0.4246137152396523
SSP5,MTS,UN_REPORTING_AREA,151,Eastern Europe,786.0576121149659,252.81707492106125,788.7449797069446,257.4702524686893,-2.6873675919787274,-0.3407143831174908,-4.653177547628047,-1.8072680253397144
SSP5,MTS,UN_REPORTING_AREA,154,Northern Europe,148.8565046966222,107.50361425260412,148.8114083085458,110.38748508469979,0.04509638807641636,0.030304389017610234,-2.883870832095667,-2.612497992759677
SSP5,MTS,UN_REPORTING_AREA,155,Western Europe,425.00244788317235,199.52525983226258,425.5313652200469,205.0347344709104,-0.5289173368745423,-0.12429573472240163,-5.509474638647816,-2.6870933126842855
SSP5,MTS,UN_SPECIAL_GROUP,LDC,Least developed countries,359.6181087398711,700.5836196855308,363.02614240623,713.4490038446626,-3.4080336663589037,-0.9387846406238354,-12.865384159131736,-1.8032661185035326
SSP5,MTS,UN_SPECIAL_GROUP,LLDC,Landlocked developing countries,317.01033941287903,551.638816233481,317.6488841286047,562.1278480734877,-0.6385447157256863,-0.20102218129220972,-10.48903184000676,-1.8659512913218101
SSP5,MTS,UN_SPECIAL_GROUP,PACIFIC_ISLANDS,Pacific island countries and areas,3.4865931241982957,3.1011973436822333,3.4960638294340765,3.294413154802932,-0.009470705235780752,-0.2708962335311149,-0.19321581112069852,-5.864953848882271
SSP5,MTS,UN_SPECIAL_GROUP,SIDS,Small island developing States,28.372750599501135,32.603312255605005,28.461149066419377,33.62142090768593,-0.08839846691824249,-0.31059345746001776,-1.018108652080926,-3.0281547435973555
SSP5,MTS,UN_SUBREGION,015,Northern Africa,151.0053141977363,97.8173042988208,151.14498112188733,97.67763244372648,-0.13966692415101534,-0.09240592913791756,0.13967185509432056,0.14299267048143438
SSP5,MTS,UN_SUBREGION,021,Northern America,951.5755951618963,427.6287805922211,953.3661372177814,441.75486038294855,-1.790542055885112,-0.18781263420059036,-14.126079790727431,-3.197719155479539
SSP5,MTS,UN_SUBREGION,030,Eastern Asia,1527.3667135754117,955.5631891821153,1552.2356129929135,989.2577367655108,-24.86889941750178,-1.6021343157789913,-33.69454758339555,-3.406043372838674
SSP5,MTS,UN_SUBREGION,034,Southern Asia,2227.096714342073,1370.8635807753344,2233.751934078241,1387.9394698406918,-6.655219736167965,-0.29793906989561414,-17.075889065357387,-1.230305026725509
SSP5,MTS,UN_SUBREGION,035,South-eastern Asia,569.201024197924,607.2623648500521,578.500140627769,627.7530605094289,-9.299116429845071,-1.6074527518271653,-20.490695659376797,-3.264133135846181
SSP5,MTS,UN_SUBREGION,039,Southern Europe,123.28547309026881,109.42606502588843,123.87368517564289,113.41973991877737,-0.5882120853740815,-0.4748482977155688,-3.993674892888933,-3.521146227057914
SSP5,MTS,UN_SUBREGION,053,Australia and New Zealand,157.85010410189653,144.43887364145186,158.16572635377887,148.96027662139758,-0.3156222518823313,-0.1995516090359306,-4.521402979945719,-3.035307856897629
SSP5,MTS,UN_SUBREGION,054,Melanesia,3.4699242916302087,2.88787970759529,3.4786035035781584,3.0609873157990837,-0.008679211947949739,-0.24950276566507723,-0.1731076082037939,-5.6552866883933355
SSP5,MTS,UN_SUBREGION,057,Micronesia,0.0031975131516122,0.02681827731481567,0.0034386204605133,0.030103712444850782,-0.00024110730890109996,-7.01174531094102,-0.003285435130035111,-10.913720811192118
SSP5,MTS,UN_SUBREGION,061,Polynesia,0.01347131941647518,0.18649935877212817,0.014021705395405133,0.2033221265589975,-0.0005503859789299532,-3.9252427818823876,-0.016822767786869336,-8.273948375209383
SSP5,MTS,UN_SUBREGION,143,Central Asia,75.27325866550672,96.23284483515432,75.30111058088427,97.60399477712774,-0.027851915377553382,-0.03698738991058104,-1.3711499419734139,-1.404809244851446
SSP5,MTS,UN_SUBREGION,145,Western Asia,227.8872174778163,143.3078043524984,227.35276065693125,143.9189037566718,0.5344568208850546,0.2350782191255396,-0.6110994041733875,-0.4246137152396523
SSP5,MTS,UN_SUBREGION,151,Eastern Europe,786.0576121149659,252.81707492106125,788.7449797069446,257.4702524686893,-2.6873675919787274,-0.3407143831174908,-4.653177547628047,-1.8072680253397144
SSP5,MTS,UN_SUBREGION,154,Northern Europe,148.8565046966222,107.50361425260412,148.8114083085458,110.38748508469979,0.04509638807641636,0.030304389017610234,-2.883870832095667,-2.612497992759677
SSP5,MTS,UN_SUBREGION,155,Western Europe,425.00244788317235,199.52525983226258,425.5313652200469,205.0347344709104,-0.5289173368745423,-0.12429573472240163,-5.509474638647816,-2.6870933126842855
SSP5,MTS,UN_SUBREGION,202,Sub-Saharan Africa,308.90652021137663,580.5604466546696,309.74684883814837,593.1244260113626,-0.8403286267717363,-0.2712952948266567,-12.56397935669304,-2.118270434617431
SSP5,MTS,UN_SUBREGION,419,Latin America and the Caribbean,2006.7116282421428,1373.6833242301834,2008.475439372692,1424.866284457145,-1.7638111305493567,-0.08781840673641739,-51.18296022696154,-3.5921237512095083
SSP5,MTS,WB_DEVELOPMENT_STATUS,DEVELOPING_ECONOMIES,"Developing economies (World Bank FY25 LIC, LMC and UMC)",7204.406475091334,5139.962044256024,7247.596678077805,5273.483613320175,-43.19020298647138,-0.5959244823475207,-133.52156906415166,-2.531942428471623
SSP5,MTS,WB_INCOME_FY25,HIC,High income,2472.4183813577265,1278.597103793311,2478.207373123728,1316.4520731722357,-5.788991766001345,-0.23359593828923275,-37.85496937892481,-2.875529626210105
SSP5,MTS,WB_INCOME_FY25,LIC,Low income,137.2624794185485,361.7057040674125,137.35134500214332,365.9208957199741,-0.08886558359481,-0.06469946369540569,-4.2151916525616,-1.1519406794924691
SSP5,MTS,WB_INCOME_FY25,LMC,Lower middle income,2775.9402500118917,2057.57953559825,2788.707814400487,2095.5163611507983,-12.767564388595474,-0.45783083916736134,-37.93682555254827,-1.8103807851786224
SSP5,MTS,WB_INCOME_FY25,NCL,Not classified,12.73786463394738,51.17257673866562,12.694142880108723,52.527584171480235,0.04372175383865695,0.34442462363619697,-1.3550074328146167,-2.579611177988106
SSP5,MTS,WB_INCOME_FY25,UMC,Upper middle income,4291.203745660893,2720.6768045903614,4321.5375186751735,2812.046356449403,-30.33377301428027,-0.7019208530111176,-91.36955185904162,-3.249219261605929
SSP5,PTS,ECONOMIC,EU27,European Union (27),822.9694788056273,449.61529196349306,820.9005828565495,446.0215307023863,2.0688959490778416,0.2520275892457624,3.5937612611067493,0.8057371704561778
SSP5,PTS,FOCUS,CHINA_MAINLAND,China mainland,1518.7746739642173,934.1545343695043,1518.955720270969,931.7160137038305,-0.18104630675179578,-0.011919129987503219,2.4385206656737637,0.26172359708405146
SSP5,PTS,FOCUS,USA,United States,832.3997573076581,380.5024980472716,831.1048743035388,377.99046436558433,1.2948830041192423,0.1558026001477142,2.512033681687285,0.6645759400051077
SSP5,PTS,GLOBAL,WORLD,World,9741.261582036763,6667.729223186502,9738.498194081641,6642.463270663891,2.7633879551212885,0.028375914848965955,25.26595252261086,0.3803702255185559
SSP5,PTS,UN_REGION,002,Africa,460.9750895581564,693.7352804212579,460.8918299600357,690.8020584550891,0.08325959812071915,0.018064889136337747,2.933221966168844,0.42461106336721954
SSP5,PTS,UN_REGION,009,Oceania,161.78328149231533,153.17640790633988,161.66179018321293,152.2546897762005,0.12149130910239592,0.0751515302191752,0.921718130139368,0.6053791390558727
SSP5,PTS,UN_REGION,019,Americas,2964.661619339014,1878.1807459531674,2961.8415765904733,1866.6211448400934,2.8200427485408,0.09521247762978025,11.559601113073995,0.6192794475208929
SSP5,PTS,UN_REGION,142,Asia,4664.270520594723,3251.2965517220164,4667.141558936739,3246.4731656494314,-2.8710383420157086,-0.06151599015714604,4.823386072584981,0.1485731076917851
SSP5,PTS,UN_REGION,150,Europe,1489.5710710525536,691.3402371837202,1486.96143841118,686.3122119430768,2.609632641373537,0.17550103008467932,5.028025240643387,0.7326148585361958
SSP5,PTS,UN_REPORTING_AREA,005,South America,1741.5885196624856,1199.6712865302063,1740.525250159807,1192.5614979001575,1.0632695026786223,0.06108900187349331,7.109788630048797,0.5961779449166871
SSP5,PTS,UN_REPORTING_AREA,011,Western Africa,90.49322250158268,198.27302920742892,90.62870420570013,197.60585362489385,-0.13548170411745275,-0.14949094252737494,0.6671755825350658,0.33762946304289887
SSP5,PTS,UN_REPORTING_AREA,013,Central America,251.32795693008268,209.1476885162652,250.97558678870016,207.7563547828998,0.3523701413825222,0.1404001663632748,1.3913337333654,0.6696949100879701
SSP5,PTS,UN_REPORTING_AREA,014,Eastern Africa,149.62462919190355,338.51367826459074,149.5065009615631,336.8925031737562,0.11812823034046005,0.07901210287224458,1.6211750908345266,0.48121435637835663
SSP5,PTS,UN_REPORTING_AREA,015,Northern Africa,151.18567067531873,97.98783888831684,151.14498112188733,97.67763244372648,0.04068955343140601,0.026920876319791454,0.3102064445903636,0.317581862735139
SSP5,PTS,UN_REPORTING_AREA,017,Middle Africa,16.58022017029601,28.378045545099965,16.580098967318662,28.220379381528467,0.00012120297734696805,0.0007310148002481753,0.15766616357149843,0.5586961161645476
SSP5,PTS,UN_REPORTING_AREA,018,Southern Africa,53.09134701905545,30.582688515821427,53.031544703566496,30.405689831184052,0.05980231548895176,0.11276744025321417,0.17699868463737545,0.5821235618073128
SSP5,PTS,UN_REPORTING_AREA,021,Northern America,954.7554082275492,444.69442721357984,953.3661372177814,441.75486038294855,1.3892710097677536,0.14572271402695236,2.9395668306312928,0.6654294257414817
SSP5,PTS,UN_REPORTING_AREA,029,Caribbean,16.989734518896675,24.66734369311617,16.974602424184866,24.54843177408774,0.01513209471180943,0.08914550299128354,0.1189119190284309,0.48439721169459826
SSP5,PTS,UN_REPORTING_AREA,030,Eastern Asia,1552.1977684260087,992.0044422638297,1552.2356129929135,989.2577367655108,-0.037844566904823296,-0.0024380684599756286,2.7467054983188746,0.2776531733074572
SSP5,PTS,UN_REPORTING_AREA,034,Southern Asia,2232.567000425849,1390.4924398785274,2233.751934078241,1387.9394698406918,-1.1849336523919192,-0.053046787976518406,2.552970037835621,0.1839395804579702
SSP5,PTS,UN_REPORTING_AREA,035,South-eastern Asia,576.3859907111661,626.0937218965007,578.500140627769,627.7530605094289,-2.114149916602969,-0.36545365646908357,-1.6593386129281953,-0.264329832431498
SSP5,PTS,UN_REPORTING_AREA,039,Southern Europe,124.37997785102365,114.44636866996133,123.87368517564289,113.41973991877737,0.5062926753807631,0.4087168914550965,1.0266287511839636,0.9051587950379414
SSP5,PTS,UN_REPORTING_AREA,053,Australia and New Zealand,158.28358049068365,149.83583319059494,158.16572635377887,148.96027662139758,0.11785413690478208,0.07451306905843502,0.8755565691973572,0.5877785602014463
SSP5,PTS,UN_REPORTING_AREA,054,Melanesia,3.481993430100372,3.102517163495497,3.4786035035781584,3.0609873157990837,0.0033899265222134822,0.09745078790170947,0.041529847696413213,1.356746807870124
SSP5,PTS,UN_REPORTING_AREA,057,Micronesia,0.0035106900805128,0.030910225879971144,0.0034386204605133,0.030103712444850782,7.206961999949978e-05,2.095887604552371,0.0008065134351203616,2.6791161940503905
SSP5,PTS,UN_REPORTING_AREA,061,Polynesia,0.01419688145078338,0.20714732636946923,0.014021705395405133,0.2033221265589975,0.00017517605537824797,1.2493206099997822,0.003825199810471719,1.8813494995399749
SSP5,PTS,UN_REPORTING_AREA,143,Central Asia,75.39665814386102,98.0668043288039,75.30111058088427,97.60399477712774,0.09554756297674771,0.12688732243080203,0.462809551676159,0.47417070657092
SSP5,PTS,UN_REPORTING_AREA,145,Western Asia,227.72310288783854,144.63914335435473,227.35276065693125,143.9189037566718,0.37034223090728347,0.16289321925855305,0.7202395976829337,0.5004482238835539
SSP5,PTS,UN_REPORTING_AREA,151,Eastern Europe,789.3533769354977,258.9497786399898,788.7449797069446,257.4702524686893,0.6083972285531445,0.07713484639599866,1.4795261713005061,0.5746396553055977
SSP5,PTS,UN_REPORTING_AREA,154,Northern Europe,149.26064133553777,111.22848869041148,148.8114083085458,110.38748508469979,0.4492330269919762,0.3018807711708149,0.8410036057116912,0.7618649931796062
SSP5,PTS,UN_REPORTING_AREA,155,Western Europe,426.5770749304945,206.71560118335765,425.5313652200469,205.0347344709104,1.0457097104476247,0.24574209938834635,1.680866712447255,0.8197960783496994
SSP5,PTS,UN_SPECIAL_GROUP,LDC,Least developed countries,362.2117635812526,715.4514552015438,363.02614240623,713.4490038446626,-0.814378824977382,-0.22433062797612147,2.002451356881238,0.2806719675954916
SSP5,PTS,UN_SPECIAL_GROUP,LLDC,Landlocked developing countries,317.80652208219686,564.9386771203317,317.6488841286047,562.1278480734877,0.15763795359214328,0.0496264779977329,2.810829046843992,0.500033765713126
SSP5,PTS,UN_SPECIAL_GROUP,PACIFIC_ISLANDS,Pacific island countries and areas,3.499701001631668,3.3405747157449373,3.4960638294340765,3.294413154802932,0.0036371721975916316,0.1040362068612577,0.04616156094200541,1.4012074009207565
SSP5,PTS,UN_SPECIAL_GROUP,SIDS,Small island developing States,28.46463592503536,33.78413495187686,28.461149066419377,33.62142090768593,0.0034868586159824133,0.012251292482412524,0.1627140441909276,0.4839594514392864
SSP5,PTS,UN_SUBREGION,015,Northern Africa,151.18567067531873,97.98783888831684,151.14498112188733,97.67763244372648,0.04068955343140601,0.026920876319791454,0.3102064445903636,0.317581862735139
SSP5,PTS,UN_SUBREGION,021,Northern America,954.7554082275492,444.69442721357984,953.3661372177814,441.75486038294855,1.3892710097677536,0.14572271402695236,2.9395668306312928,0.6654294257414817
SSP5,PTS,UN_SUBREGION,030,Eastern Asia,1552.1977684260087,992.0044422638297,1552.2356129929135,989.2577367655108,-0.037844566904823296,-0.0024380684599756286,2.7467054983188746,0.2776531733074572
SSP5,PTS,UN_SUBREGION,034,Southern Asia,2232.567000425849,1390.4924398785274,2233.751934078241,1387.9394698406918,-1.1849336523919192,-0.053046787976518406,2.552970037835621,0.1839395804579702
SSP5,PTS,UN_SUBREGION,035,South-eastern Asia,576.3859907111661,626.0937218965007,578.500140627769,627.7530605094289,-2.114149916602969,-0.36545365646908357,-1.6593386129281953,-0.264329832431498
SSP5,PTS,UN_SUBREGION,039,Southern Europe,124.37997785102365,114.44636866996133,123.87368517564289,113.41973991877737,0.5062926753807631,0.4087168914550965,1.0266287511839636,0.9051587950379414
SSP5,PTS,UN_SUBREGION,053,Australia and New Zealand,158.28358049068365,149.83583319059494,158.16572635377887,148.96027662139758,0.11785413690478208,0.07451306905843502,0.8755565691973572,0.5877785602014463
SSP5,PTS,UN_SUBREGION,054,Melanesia,3.481993430100372,3.102517163495497,3.4786035035781584,3.0609873157990837,0.0033899265222134822,0.09745078790170947,0.041529847696413213,1.356746807870124
SSP5,PTS,UN_SUBREGION,057,Micronesia,0.0035106900805128,0.030910225879971144,0.0034386204605133,0.030103712444850782,7.206961999949978e-05,2.095887604552371,0.0008065134351203616,2.6791161940503905
SSP5,PTS,UN_SUBREGION,061,Polynesia,0.01419688145078338,0.20714732636946923,0.014021705395405133,0.2033221265589975,0.00017517605537824797,1.2493206099997822,0.003825199810471719,1.8813494995399749
SSP5,PTS,UN_SUBREGION,143,Central Asia,75.39665814386102,98.0668043288039,75.30111058088427,97.60399477712774,0.09554756297674771,0.12688732243080203,0.462809551676159,0.47417070657092
SSP5,PTS,UN_SUBREGION,145,Western Asia,227.72310288783854,144.63914335435473,227.35276065693125,143.9189037566718,0.37034223090728347,0.16289321925855305,0.7202395976829337,0.5004482238835539
SSP5,PTS,UN_SUBREGION,151,Eastern Europe,789.3533769354977,258.9497786399898,788.7449797069446,257.4702524686893,0.6083972285531445,0.07713484639599866,1.4795261713005061,0.5746396553055977
SSP5,PTS,UN_SUBREGION,154,Northern Europe,149.26064133553777,111.22848869041148,148.8114083085458,110.38748508469979,0.4492330269919762,0.3018807711708149,0.8410036057116912,0.7618649931796062
SSP5,PTS,UN_SUBREGION,155,Western Europe,426.5770749304945,206.71560118335765,425.5313652200469,205.0347344709104,1.0457097104476247,0.24574209938834635,1.680866712447255,0.8197960783496994
SSP5,PTS,UN_SUBREGION,202,Sub-Saharan Africa,309.78941888283765,595.7474415329411,309.74684883814837,593.1244260113626,0.042570044689284714,0.013743495647799975,2.623015521578509,0.44223697533716244
SSP5,PTS,UN_SUBREGION,419,Latin America and the Caribbean,2009.906211111465,1433.4863187395877,2008.475439372692,1424.866284457145,1.430771738772819,0.07123670574828989,8.620034282442703,0.6049714542671447
SSP5,PTS,WB_DEVELOPMENT_STATUS,DEVELOPING_ECONOMIES,"Developing economies (World Bank FY25 LIC, LMC and UMC)",7246.038408863962,5289.379308963958,7247.596678077805,5273.483613320175,-1.5582692138432321,-0.021500495723725255,15.895695643782346,0.30142685195098107
SSP5,PTS,WB_INCOME_FY25,HIC,High income,2482.4951416947642,1325.5111982027756,2478.207373123728,1316.4520731722357,4.287768571036395,0.1730189578780683,9.059125030539917,0.6881469682910923
SSP5,PTS,WB_INCOME_FY25,LIC,Low income,137.43376872303554,367.61610885147536,137.35134500214332,365.9208957199741,0.08242372089222272,0.06000940208552574,1.695213131501248,0.46327311485336864
SSP5,PTS,WB_INCOME_FY25,LMC,Lower middle income,2786.5260349109735,2099.0528300904252,2788.707814400487,2095.5163611507983,-2.1817794895137013,-0.0782362167254469,3.536468939626957,0.16876360429296522
SSP5,PTS,WB_INCOME_FY25,NCL,Not classified,12.728031478035838,52.838716019768576,12.694142880108723,52.527584171480235,0.03388859792711507,0.26696247432520526,0.3111318482883405,0.5923208790121093
SSP5,PTS,WB_INCOME_FY25,UMC,Upper middle income,4322.078605229954,2822.7103700220573,4321.5375186751735,2812.046356449403,0.5410865547801222,0.012520695526574421,10.664013572654312,0.37922609448441946
