base_ssp,diet_pathway,group_system,group_code,group_name,primary_production_mt,primary_food_demand_mt,primary_net_import_mt,primary_production_mt_baseline,primary_food_demand_mt_baseline,primary_net_import_mt_baseline,primary_production_mt_change,primary_production_mt_change_percent,primary_food_demand_mt_change,primary_food_demand_mt_change_percent,primary_net_import_mt_change,primary_net_import_mt_change_percent
SSP1,CGS,ECONOMIC,EU27,European Union (27),797.4385651774021,106.39336373633284,-52.02409375536098,799.2279316536045,102.35779623662938,-52.2246098386858,-1.7893664762024173,-0.22388687949134178,4.035567499703461,3.9426088173821983,0.20051608332482118,-0.3839494137805599
SSP1,CGS,FOCUS,CHINA_MAINLAND,China mainland,1469.6184315098794,332.61473568043385,-291.43031628344005,1509.4776034260683,488.00107462692597,-182.3102782864922,-39.85917191618887,-2.6405937938873913,-155.38633894649212,-31.84139278080158,-109.12003799694784,59.85402415187515
SSP1,CGS,FOCUS,USA,United States,810.6691097666918,106.23168842018538,16.723224851641632,811.8306460505805,104.03319562573675,9.434340725629937,-1.1615362838887222,-0.14307618091771168,2.198492794448626,2.113260850274923,7.288884126011695,77.25907233994891
SSP1,CGS,GLOBAL,WORLD,World,9480.086625729464,2319.7691435146867,1.5937156108702943e-12,9554.355297286489,2447.057767043174,-1.7548670849798498e-12,-74.2686715570253,-0.7773279226712226,-127.28862352848728,-5.201700803422082,3.348582695850144e-12,
SSP1,CGS,UN_REGION,002,Africa,450.5618767330295,433.0001707136814,395.8841340459052,451.8589605365023,429.7236889619703,392.32031055245295,-1.2970838034727876,-0.2870550142311523,3.276481751711117,0.7624624464212637,3.5638234934522757,0.908396378569809
SSP1,CGS,UN_REGION,009,Oceania,155.9536700868254,12.584327705061938,-15.278397300433781,156.36507107146656,12.262649320959866,-13.154159026484656,-0.4114009846411477,-0.2631028667861024,0.3216783841020714,2.623237244110399,-2.124238273949125,16.148795751002943
SSP1,CGS,UN_REGION,019,Americas,2881.5138423646467,313.9766466687312,-56.81219301216365,2886.507540971421,308.3603996120406,-78.6628943188343,-4.99369860677416,-0.17300140518924367,5.616247056690554,1.8213256513341491,21.850701306670658,-27.777647257811278
SSP1,CGS,UN_REGION,142,Asia,4544.518631829832,1375.9170610352826,-101.26909759012939,4607.015989701758,1518.648981929733,-65.67802243317838,-62.4973578719264,-1.3565691547767433,-142.73192089445047,-9.398611699794001,-35.59107515695101,54.19023569590846
SSP1,CGS,UN_REGION,150,Europe,1447.5386047151305,184.29093739192965,-222.52444614317682,1452.6077350053415,178.06204721846996,-234.82523477395713,-5.069130290210978,-0.3489675958659455,6.228890173459689,3.4981571147596924,12.300788630780318,-5.238273749676459
SSP1,CGS,UN_REPORTING_AREA,005,South America,1689.5548650290586,129.17568356008627,-101.98112139198294,1692.1503464052696,127.07098544651583,-113.29757067347867,-2.595481376210955,-0.15338361521626265,2.1046981135704357,1.65631682651608,11.316449281495736,-9.988254129569574
SSP1,CGS,UN_REPORTING_AREA,011,Western Africa,87.90353718678125,127.01764848452143,106.86715047504919,88.93305272720697,125.88325126503227,105.03428134734342,-1.0295155404257201,-1.1576298224954207,1.1343972194891592,0.901150238883508,1.832869127705763,1.7450199155878865
SSP1,CGS,UN_REPORTING_AREA,013,Central America,246.62583368025165,59.592418992541994,66.50968296085624,246.46751516941114,58.6408055516675,63.622149536324685,0.15831851084050186,0.06423504157604398,0.9516134408744961,1.6227837116528754,2.8875334245315543,4.538566278529976
SSP1,CGS,UN_REPORTING_AREA,014,Eastern Africa,146.12369223876541,158.56545152790272,155.20673275442633,146.18160523346484,157.30731341516716,154.01138193903694,-0.05791299469942146,-0.03961715607577743,1.2581381127355655,0.7997963256896279,1.1953508153893893,0.7761444643503923
SSP1,CGS,UN_REPORTING_AREA,015,Northern Africa,149.30579853803349,94.82567583347492,68.38350529897795,149.42078092947477,94.44229561237248,68.65286496760258,-0.11498239144128775,-0.07695207502332879,0.38338022110244196,0.40594123492718737,-0.2693596686246309,-0.392350222749982
SSP1,CGS,UN_REPORTING_AREA,017,Middle Africa,15.971663727226607,31.355437394447005,35.97951917499264,16.070735412716097,31.00469492580109,35.84917572883699,-0.09907168548948952,-0.6164726314335178,0.3507424686459153,1.1312559903759567,0.1303434461556492,0.36358840476993226
SSP1,CGS,UN_REPORTING_AREA,018,Southern Africa,51.25718504222277,21.235957473335308,29.4472263424591,51.2527862336396,21.08613374359731,28.77260656963298,0.004398808583175651,0.008582574541660115,0.1498237297379994,0.7105320091384426,0.6746197728261194,2.3446599153033487
SSP1,CGS,UN_REPORTING_AREA,021,Northern America,928.6603132362651,117.70412074158976,-29.14961780268973,931.1970464577646,115.25643272574547,-37.82079087909243,-2.536733221499503,-0.27241637322080736,2.4476880158442924,2.1236888544595267,8.671173076402699,-22.9270009295236
SSP1,CGS,UN_REPORTING_AREA,029,Caribbean,16.672830419071197,7.504423374513115,7.808863221652771,16.692632938975663,7.392175888111779,8.833317697412152,-0.019802519904466465,-0.11863029623223609,0.11224748640133608,1.5184634145658515,-1.0244544757593808,-11.597618367779406
SSP1,CGS,UN_REPORTING_AREA,030,Eastern Asia,1501.2493985342687,353.9362767983425,-259.96603471012264,1541.6471445729076,508.6397921492623,-149.44547298049002,-40.39774603863884,-2.6204275200620186,-154.70351535091982,-30.41514205902347,-110.52056172963262,73.95377024505854
SSP1,CGS,UN_REPORTING_AREA,034,Southern Asia,2191.490997950196,625.2561144712095,-35.04711504396877,2200.0689878631415,619.6191947704551,-82.02006170157681,-8.577989912945668,-0.38989640598848796,5.6369197007543335,0.9097393606152915,46.972946657608034,-57.27006988670065
SSP1,CGS,UN_REPORTING_AREA,035,South-eastern Asia,553.2662651851164,272.85427714409764,109.90372010591501,568.0014768389879,267.71545757746856,88.29253401057994,-14.735211653871488,-2.5942206586988314,5.138819566629081,1.919507978033752,21.61118609533507,24.476799015356665
SSP1,CGS,UN_REPORTING_AREA,039,Southern Europe,119.36991995743418,39.06388032727292,56.09875627793009,120.19335067212388,37.640206253626424,53.419974847632325,-0.8234307146897066,-0.6850884097040821,1.4236740736464952,3.78232272175536,2.678781430297768,5.014568872296077
SSP1,CGS,UN_REPORTING_AREA,053,Australia and New Zealand,152.54302304034542,9.425380966939887,-29.588041267399536,152.93905544544978,9.178403827855306,-32.29068483470682,-0.3960324051043642,-0.25894785602728065,0.2469771390845814,2.690850650251808,2.7026435673072875,-8.369731336272002
SSP1,CGS,UN_REPORTING_AREA,054,Melanesia,3.395216434734774,2.8589103183962834,2.472570213960706,3.4092795307916615,2.789346229760192,2.387785813037117,-0.014063096056887492,-0.4124946614049496,0.06956408863609154,2.4939209013888686,0.08478440092358941,3.5507540274623217
SSP1,CGS,UN_REPORTING_AREA,057,Micronesia,0.0028988981915004,0.0861462112605854,9.280800534405012,0.0033029328012159995,0.0840116474514764,13.209953567916253,-0.00040403460971559935,-12.232601570545153,0.002134563809108994,2.540795084802827,-3.9291530335112412,-29.743882242358467
SSP1,CGS,UN_REPORTING_AREA,061,Polynesia,0.012531713553727501,0.2138902084651832,2.556273218600038,0.013433162423918128,0.21088761589289362,3.5387864272687968,-0.000901448870190627,-6.710622873029304,0.003002592572289575,1.4237880017641924,-0.9825132086687587,-27.764128433912116
SSP1,CGS,UN_REPORTING_AREA,143,Central Asia,73.61500729209294,26.552701116084805,15.157340863924755,73.55889185047671,26.150811593730122,12.120087728948327,0.05611544161622817,0.07628641514922929,0.4018895223546828,1.5368147214637196,3.037253134976428,25.059662957076423
SSP1,CGS,UN_REPORTING_AREA,145,Western Asia,224.89696286815752,97.31769150554807,68.68299119412221,223.73948857624447,96.52372583881701,65.37489050936017,1.1574742919130472,0.517331249516384,0.7939656667310544,0.8225601113418302,3.3081006847620387,5.060200726895903
SSP1,CGS,UN_REPORTING_AREA,151,Eastern Europe,770.5818199123466,71.0526184890924,-266.9853209473851,774.6310556440342,68.77685484569247,-277.2064509998173,-4.049235731687531,-0.5227308797116303,2.2757636433999267,3.308909150477768,10.221130052432216,-3.6871905453740528
SSP1,CGS,UN_REPORTING_AREA,154,Northern Europe,144.35475613091734,30.06444682999649,15.059172148379707,144.080616888891,29.21443524904288,14.0024150428618,0.27413924202633666,0.19026795411192232,0.8500115809536126,2.9095602010018595,1.0567571055179066,7.546963165162168
SSP1,CGS,UN_REPORTING_AREA,155,Western Europe,413.23210871443234,44.10999174556785,-26.69705362210152,413.7027118002926,42.4305508701082,-25.041173664633916,-0.47060308586026167,-0.11375392822839947,1.6794408754596475,3.958093498717208,-1.6558799574676044,6.612629182817553
SSP1,CGS,UN_SPECIAL_GROUP,LDC,Least developed countries,349.6200771267149,370.8080685472195,338.2034881783825,354.74201471917036,366.8678846790804,331.0091741759322,-5.121937592455481,-1.4438485941706825,3.9401838681390586,1.0740062111421311,7.194314002450312,2.173448521588872
SSP1,CGS,UN_SPECIAL_GROUP,LLDC,Landlocked developing countries,311.38909923394203,199.29064002145168,137.9939691816619,312.18439417283065,197.44883195034467,132.95603704008818,-0.7952949388886168,-0.25475166399520077,1.8418080711070104,0.9328027180075749,5.0379321415737195,3.789171408632397
SSP1,CGS,UN_SPECIAL_GROUP,PACIFIC_ISLANDS,Pacific island countries and areas,3.4106470464800016,3.1589467381220517,14.309643966965755,3.4260156260167953,3.0842454931045618,19.136525808222167,-0.015368579536793714,-0.4485846304986607,0.07470124501748998,2.422026559964152,-4.826881841256412,-25.223396815228092
SSP1,CGS,UN_SPECIAL_GROUP,SIDS,Small island developing States,27.68401858400756,14.595164668215768,29.740234089176873,27.80930186327717,14.356216020998836,36.38076642462028,-0.1252832792696097,-0.45050853806239965,0.23894864721693132,1.6644263841350648,-6.64053233544341,-18.252865423278998
SSP1,CGS,UN_SUBREGION,015,Northern Africa,149.30579853803349,94.82567583347492,68.38350529897795,149.42078092947477,94.44229561237248,68.65286496760258,-0.11498239144128775,-0.07695207502332879,0.38338022110244196,0.40594123492718737,-0.2693596686246309,-0.392350222749982
SSP1,CGS,UN_SUBREGION,021,Northern America,928.6603132362651,117.70412074158976,-29.14961780268973,931.1970464577646,115.25643272574547,-37.82079087909243,-2.536733221499503,-0.27241637322080736,2.4476880158442924,2.1236888544595267,8.671173076402699,-22.9270009295236
SSP1,CGS,UN_SUBREGION,030,Eastern Asia,1501.2493985342687,353.9362767983425,-259.96603471012264,1541.6471445729076,508.6397921492623,-149.44547298049002,-40.39774603863884,-2.6204275200620186,-154.70351535091982,-30.41514205902347,-110.52056172963262,73.95377024505854
SSP1,CGS,UN_SUBREGION,034,Southern Asia,2191.490997950196,625.2561144712095,-35.04711504396877,2200.0689878631415,619.6191947704551,-82.02006170157681,-8.577989912945668,-0.38989640598848796,5.6369197007543335,0.9097393606152915,46.972946657608034,-57.27006988670065
SSP1,CGS,UN_SUBREGION,035,South-eastern Asia,553.2662651851164,272.85427714409764,109.90372010591501,568.0014768389879,267.71545757746856,88.29253401057994,-14.735211653871488,-2.5942206586988314,5.138819566629081,1.919507978033752,21.61118609533507,24.476799015356665
SSP1,CGS,UN_SUBREGION,039,Southern Europe,119.36991995743418,39.06388032727292,56.09875627793009,120.19335067212388,37.640206253626424,53.419974847632325,-0.8234307146897066,-0.6850884097040821,1.4236740736464952,3.78232272175536,2.678781430297768,5.014568872296077
SSP1,CGS,UN_SUBREGION,053,Australia and New Zealand,152.54302304034542,9.425380966939887,-29.588041267399536,152.93905544544978,9.178403827855306,-32.29068483470682,-0.3960324051043642,-0.25894785602728065,0.2469771390845814,2.690850650251808,2.7026435673072875,-8.369731336272002
SSP1,CGS,UN_SUBREGION,054,Melanesia,3.395216434734774,2.8589103183962834,2.472570213960706,3.4092795307916615,2.789346229760192,2.387785813037117,-0.014063096056887492,-0.4124946614049496,0.06956408863609154,2.4939209013888686,0.08478440092358941,3.5507540274623217
SSP1,CGS,UN_SUBREGION,057,Micronesia,0.0028988981915004,0.0861462112605854,9.280800534405012,0.0033029328012159995,0.0840116474514764,13.209953567916253,-0.00040403460971559935,-12.232601570545153,0.002134563809108994,2.540795084802827,-3.9291530335112412,-29.743882242358467
SSP1,CGS,UN_SUBREGION,061,Polynesia,0.012531713553727501,0.2138902084651832,2.556273218600038,0.013433162423918128,0.21088761589289362,3.5387864272687968,-0.000901448870190627,-6.710622873029304,0.003002592572289575,1.4237880017641924,-0.9825132086687587,-27.764128433912116
SSP1,CGS,UN_SUBREGION,143,Central Asia,73.61500729209294,26.552701116084805,15.157340863924755,73.55889185047671,26.150811593730122,12.120087728948327,0.05611544161622817,0.07628641514922929,0.4018895223546828,1.5368147214637196,3.037253134976428,25.059662957076423
SSP1,CGS,UN_SUBREGION,145,Western Asia,224.89696286815752,97.31769150554807,68.68299119412221,223.73948857624447,96.52372583881701,65.37489050936017,1.1574742919130472,0.517331249516384,0.7939656667310544,0.8225601113418302,3.3081006847620387,5.060200726895903
SSP1,CGS,UN_SUBREGION,151,Eastern Europe,770.5818199123466,71.0526184890924,-266.9853209473851,774.6310556440342,68.77685484569247,-277.2064509998173,-4.049235731687531,-0.5227308797116303,2.2757636433999267,3.308909150477768,10.221130052432216,-3.6871905453740528
SSP1,CGS,UN_SUBREGION,154,Northern Europe,144.35475613091734,30.06444682999649,15.059172148379707,144.080616888891,29.21443524904288,14.0024150428618,0.27413924202633666,0.19026795411192232,0.8500115809536126,2.9095602010018595,1.0567571055179066,7.546963165162168
SSP1,CGS,UN_SUBREGION,155,Western Europe,413.23210871443234,44.10999174556785,-26.69705362210152,413.7027118002926,42.4305508701082,-25.041173664633916,-0.47060308586026167,-0.11375392822839947,1.6794408754596475,3.958093498717208,-1.6558799574676044,6.612629182817553
SSP1,CGS,UN_SUBREGION,202,Sub-Saharan Africa,301.25607819499606,338.17449488020645,327.50062874692725,302.4381796070275,335.2813933495978,323.6674455848503,-1.182101412031443,-0.39085720379861133,2.8931015306086465,0.8628875887520593,3.833183162076921,1.184296788066086
SSP1,CGS,UN_SUBREGION,419,Latin America and the Caribbean,1952.8535291283813,196.27252592714137,-27.662575209473907,1955.310494513656,193.10396688629513,-40.84210343974186,-2.4569653852747706,-0.12565602200615977,3.1685590408462474,1.640856525082146,13.179528230267955,-32.269464891084596
SSP1,CGS,WB_DEVELOPMENT_STATUS,DEVELOPING_ECONOMIES,"Developing economies (World Bank FY25 LIC, LMC and UMC)",7059.282148286274,1963.1699443380153,126.01048324832523,7125.873715539411,2099.945552935139,144.44773528865753,-66.59156725313733,-0.9345038925952509,-136.77560859712366,-6.51329309019224,-18.437252040332297,-12.76396061418904
SSP1,CGS,WB_INCOME_FY25,HIC,High income,2408.475668982842,348.23706364420684,-135.7319499914497,2416.241055366519,338.81842088404676,-154.29012414117648,-7.765386383677196,-0.3213829334796747,9.418642760160083,2.7798496715689014,18.558174149726767,-12.028102416163666
SSP1,CGS,WB_INCOME_FY25,LIC,Low income,134.74700557509902,195.8387349778394,179.10035899296236,134.78372338033316,194.25200830312295,181.47569091706254,-0.03671780523413304,-0.027242017295014964,1.5867266747164592,0.8168392638908673,-2.3753319241001805,-1.3088981296044522
SSP1,CGS,WB_INCOME_FY25,LMC,Lower middle income,2728.6595168307836,1008.1508066912049,246.4051212787699,2746.851108575657,996.6147024003833,179.67424216333887,-18.19159174487322,-0.6622707611664502,11.53610429082164,1.1575290092586954,66.73087911543104,37.13992518458327
SSP1,CGS,WB_INCOME_FY25,NCL,Not classified,12.328808460347895,8.362135532464396,9.721466743126046,12.240526380559249,8.293793223988262,9.842388852517214,0.08828207978864633,0.7212278054386401,0.06834230847613476,0.8240175108111814,-0.12092210939116832,-1.2285849624833922
SSP1,CGS,WB_INCOME_FY25,UMC,Upper middle income,4195.875625880391,759.1804026689709,-299.494997023407,4244.238883583421,909.0788422316325,-216.70219779174383,-48.363257703029376,-1.1395036667256608,-149.89843956266157,-16.489047220006427,-82.79279923166317,38.205795822721235
SSP1,MTS,ECONOMIC,EU27,European Union (27),797.6401280489818,104.55846117081106,-51.374090852322574,799.2279316536045,102.35779623662938,-52.2246098386858,-1.5878036046227635,-0.19866718138060735,2.200664934181674,2.1499729528117184,0.8505189863632268,-1.628578919000745
SSP1,MTS,FOCUS,CHINA_MAINLAND,China mainland,1485.196597612617,394.0925098568064,-248.4054266512664,1509.4776034260683,488.00107462692597,-182.3102782864922,-24.281005813451202,-1.6085701277276598,-93.9085647701196,-19.24351597830234,-66.09514836477419,36.254208476885054
SSP1,MTS,FOCUS,USA,United States,810.8847280881846,105.22302631286634,13.754101364982958,811.8306460505805,104.03319562573675,9.434340725629937,-0.9459179623959244,-0.11651666107921343,1.1898306871295858,1.1437029113380737,4.319760639353021,45.787625918763794
SSP1,MTS,GLOBAL,WORLD,World,9505.536220565944,2369.1996255239583,8.287127494649438e-13,9554.355297286489,2447.057767043174,-1.7548670849798498e-12,-48.81907672054513,-0.5109614955852715,-77.85814151921568,-3.181704272281771,2.5835798344447936e-12,
SSP1,MTS,UN_REGION,002,Africa,450.8752679126064,431.63394531273104,394.5383399220953,451.8589605365023,429.7236889619703,392.32031055245295,-0.9836926238959336,-0.21769904102996174,1.9102563507607329,0.44453131159118975,2.218029369642352,0.5653618510137681
SSP1,MTS,UN_REGION,009,Oceania,156.02540670282767,12.441055224119726,-14.263909335234853,156.36507107146656,12.262649320959866,-13.154159026484656,-0.3396643686388927,-0.2172252193609503,0.1784059031598595,1.4548724218584663,-1.109750308750197,8.436497586168912
SSP1,MTS,UN_REGION,019,Americas,2882.972366818775,311.4073981913299,-65.96098682105188,2886.507540971421,308.3603996120406,-78.6628943188343,-3.53517415264605,-0.12247236850995158,3.0469985792892658,0.9881290149846844,12.701907497782429,-16.14726690108732
SSP1,MTS,UN_REGION,142,Asia,4566.8836996983155,1432.2469251058474,-87.44301222747542,4607.015989701758,1518.648981929733,-65.67802243317838,-40.132290003442904,-0.8711124531182945,-86.40205682388569,-5.689402742304239,-21.764989794297037,33.138923779931105
SSP1,MTS,UN_REGION,150,Europe,1448.7794794334197,181.47030168993024,-226.87043153833224,1452.6077350053415,178.06204721846996,-234.82523477395713,-3.8282555719217726,-0.2635436587364537,3.408254471460282,1.9140824924238853,7.954803235624894,-3.3875419067640578
SSP1,MTS,UN_REPORTING_AREA,005,South America,1690.4033593155941,128.2240153676206,-106.81270401703893,1692.1503464052696,127.07098544651583,-113.29757067347867,-1.7469870896754855,-0.10324065431813745,1.1530299211047748,0.9073903984085252,6.484866656439749,-5.723747312401784
SSP1,MTS,UN_REPORTING_AREA,011,Western Africa,88.2762140792746,126.55045389648154,106.17173496257186,88.93305272720697,125.88325126503227,105.03428134734342,-0.6568386479323749,-0.7385765222151508,0.6672026314492712,0.5300169996758086,1.1374536152284378,1.0829355907781446
SSP1,MTS,UN_REPORTING_AREA,013,Central America,246.49012061245614,59.14508912856621,65.23327583639603,246.46751516941114,58.6408055516675,63.622149536324685,0.0226054430449949,0.009171773825622509,0.5042835768987146,0.8599533586802321,1.6111263000713478,2.5323355337931286
SSP1,MTS,UN_REPORTING_AREA,014,Eastern Africa,146.08113316467967,158.03103517495268,154.6962717258694,146.18160523346484,157.30731341516716,154.01138193903694,-0.1004720687851659,-0.06873099294860685,0.7237217597855192,0.4600687304826545,0.684889786832457,0.4447007605603792
SSP1,MTS,UN_REPORTING_AREA,015,Northern Africa,149.26637387052773,94.68157431754996,68.59465517086932,149.42078092947477,94.44229561237248,68.65286496760258,-0.15440705894704365,-0.1033370713140136,0.23927870517748318,0.2533596876547417,-0.05820979673326576,-0.08478859077583056
SSP1,MTS,UN_REPORTING_AREA,017,Middle Africa,16.007557459678544,31.200583961779984,35.92376172393831,16.070735412716097,31.00469492580109,35.84917572883699,-0.06317795303755247,-0.393124218743357,0.19588903597889384,0.6318044297732417,0.07458599510132302,0.2080549791869446
SSP1,MTS,UN_REPORTING_AREA,018,Southern Africa,51.243989338445836,21.17029796196689,29.151916338846412,51.2527862336396,21.08613374359731,28.77260656963298,-0.008796895193761145,-0.017163740432879493,0.08416421836958321,0.3991448569614642,0.37930976921343174,1.3183017266630292
SSP1,MTS,UN_REPORTING_AREA,021,Northern America,929.4072867313756,116.58453262133503,-32.63387996506866,931.1970464577646,115.25643272574547,-37.82079087909243,-1.7897597263889793,-0.19219989294394502,1.3280998955895598,1.1523000184725518,5.18691091402377,-13.714443282282406
SSP1,MTS,UN_REPORTING_AREA,029,Caribbean,16.67160015934916,7.4537610738080184,8.252321324659697,16.692632938975663,7.392175888111779,8.833317697412152,-0.021032779626501963,-0.1260003721605396,0.06158518569623972,0.8331130999640113,-0.5809963727524554,-6.57732906994466
SSP1,MTS,UN_REPORTING_AREA,030,Eastern Asia,1517.0010087924813,415.104019620939,-216.24960928697647,1541.6471445729076,508.6397921492623,-149.44547298049002,-24.64613578042622,-1.5986885109986804,-93.53577252832326,-18.389393431663493,-66.80413630648644,44.7013448946745
SSP1,MTS,UN_REPORTING_AREA,034,Southern Asia,2193.312648096376,623.0926020340696,-53.90240406074768,2200.0689878631415,619.6191947704551,-82.02006170157681,-6.75633976676545,-0.30709672305901936,3.47340726361449,0.5605712819954256,28.11765764082913,-34.28143926925207
SSP1,MTS,UN_REPORTING_AREA,035,South-eastern Asia,558.8016566575119,270.64835382357177,101.45413145855912,568.0014768389879,267.71545757746856,88.29253401057994,-9.199820181475957,-1.6196824403827859,2.932896246103212,1.095527420285225,13.161597447979176,14.906806782102366
SSP1,MTS,UN_REPORTING_AREA,039,Southern Europe,119.61811837543883,38.415679590500105,55.0291401221676,120.19335067212388,37.640206253626424,53.419974847632325,-0.5752322966850585,-0.478589117840833,0.7754733368736808,2.0602260562771813,1.6091652745352718,3.012291336948447
SSP1,MTS,UN_REPORTING_AREA,053,Australia and New Zealand,152.60845001928325,9.315670749392279,-30.654134758939957,152.93905544544978,9.178403827855306,-32.29068483470682,-0.3306054261665281,-0.21616808421079936,0.13726692153697329,1.495542407061956,1.6365500757668663,-5.068180139703515
SSP1,MTS,UN_REPORTING_AREA,054,Melanesia,3.4009858929552603,2.827751862657494,2.4351758161455597,3.4092795307916615,2.789346229760192,2.387785813037117,-0.008293637836401135,-0.2432665834964598,0.038405632897302144,1.3768686184433943,0.04739000310844288,1.9846840051439107
SSP1,MTS,UN_REPORTING_AREA,057,Micronesia,0.0030692552633925,0.0851497368297985,10.975231751261287,0.0033029328012159995,0.0840116474514764,13.209953567916253,-0.00023367753782349955,-7.0748498951437755,0.0011380893783220908,1.3546804673476132,-2.2347218166549663,-16.916954364491932
SSP1,MTS,UN_REPORTING_AREA,061,Polynesia,0.012901535325778516,0.2124828752401544,2.9798178562982547,0.013433162423918128,0.21088761589289362,3.5387864272687968,-0.0005316270981396126,-3.9575721737201364,0.0015952593472607912,0.7564499890173826,-0.5589685709705421,-15.795487590415258
SSP1,MTS,UN_REPORTING_AREA,143,Central Asia,73.51960152169521,26.39251346147745,13.865616586079184,73.55889185047671,26.150811593730122,12.120087728948327,-0.03929032878150451,-0.053413432140014816,0.24170186774732727,0.9242614397683813,1.7455288571308571,14.401949030135608
SSP1,MTS,UN_REPORTING_AREA,145,Western Asia,224.2487846302518,97.0094361657895,67.3892530756104,223.73948857624447,96.52372583881701,65.37489050936017,0.5092960540073364,0.22762904181474752,0.4857103269724803,0.5032030443826496,2.0143625662502274,3.081248091668809
SSP1,MTS,UN_REPORTING_AREA,151,Eastern Europe,771.9097395667402,70.01812551880057,-271.0801110047846,774.6310556440342,68.77685484569247,-277.2064509998173,-2.7213160772939773,-0.3513047995514995,1.2412706731081045,1.8047796397392846,6.126339995032708,-2.2100279315060867
SSP1,MTS,UN_REPORTING_AREA,154,Northern Europe,144.10850619543024,29.685216914405316,14.751071863205544,144.080616888891,29.21443524904288,14.0024150428618,0.027889306539236713,0.019356737319320416,0.4707816653624377,1.6114693347627274,0.7486568203437436,5.346626407316757
SSP1,MTS,UN_REPORTING_AREA,155,Western Europe,413.14311529581056,43.35127966622423,-25.57053251892074,413.7027118002926,42.4305508701082,-25.041173664633916,-0.5595965044820446,-0.13526537016083084,0.9207287961160304,2.16996663308624,-0.5293588542868228,2.1139538480756004
SSP1,MTS,UN_SPECIAL_GROUP,LDC,Least developed countries,351.38947760446115,369.1996517129753,335.5731054035623,354.74201471917036,366.8678846790804,331.0091741759322,-3.3525371147092073,-0.9450634476897868,2.3317670338948915,0.6355876682786255,4.563931227630121,1.3787929712197
SSP1,MTS,UN_SPECIAL_GROUP,LLDC,Landlocked developing countries,311.52563434882256,198.51525339075238,135.9275660380399,312.18439417283065,197.44883195034467,132.95603704008818,-0.6587598240080865,-0.21101625715582717,1.0664214404077086,0.5401001514538706,2.9715289979517365,2.2349710957884295
SSP1,MTS,UN_SPECIAL_GROUP,PACIFIC_ISLANDS,Pacific island countries and areas,3.4169566835444316,3.125384474727447,16.3902254237051,3.4260156260167953,3.0842454931045618,19.136525808222167,-0.009058942472363718,-0.2644162625404012,0.04113898162288532,1.3338426436825257,-2.746300384517067,-14.351091791892001
SSP1,MTS,UN_SPECIAL_GROUP,SIDS,Small island developing States,27.722210274121736,14.488993519254892,32.613052531483206,27.80930186327717,14.356216020998836,36.38076642462028,-0.08709158915543469,-0.3131743097457673,0.1327774982560559,0.9248781020140928,-3.7677138931370777,-10.356334578447246
SSP1,MTS,UN_SUBREGION,015,Northern Africa,149.26637387052773,94.68157431754996,68.59465517086932,149.42078092947477,94.44229561237248,68.65286496760258,-0.15440705894704365,-0.1033370713140136,0.23927870517748318,0.2533596876547417,-0.05820979673326576,-0.08478859077583056
SSP1,MTS,UN_SUBREGION,021,Northern America,929.4072867313756,116.58453262133503,-32.63387996506866,931.1970464577646,115.25643272574547,-37.82079087909243,-1.7897597263889793,-0.19219989294394502,1.3280998955895598,1.1523000184725518,5.18691091402377,-13.714443282282406
SSP1,MTS,UN_SUBREGION,030,Eastern Asia,1517.0010087924813,415.104019620939,-216.24960928697647,1541.6471445729076,508.6397921492623,-149.44547298049002,-24.64613578042622,-1.5986885109986804,-93.53577252832326,-18.389393431663493,-66.80413630648644,44.7013448946745
SSP1,MTS,UN_SUBREGION,034,Southern Asia,2193.312648096376,623.0926020340696,-53.90240406074768,2200.0689878631415,619.6191947704551,-82.02006170157681,-6.75633976676545,-0.30709672305901936,3.47340726361449,0.5605712819954256,28.11765764082913,-34.28143926925207
SSP1,MTS,UN_SUBREGION,035,South-eastern Asia,558.8016566575119,270.64835382357177,101.45413145855912,568.0014768389879,267.71545757746856,88.29253401057994,-9.199820181475957,-1.6196824403827859,2.932896246103212,1.095527420285225,13.161597447979176,14.906806782102366
SSP1,MTS,UN_SUBREGION,039,Southern Europe,119.61811837543883,38.415679590500105,55.0291401221676,120.19335067212388,37.640206253626424,53.419974847632325,-0.5752322966850585,-0.478589117840833,0.7754733368736808,2.0602260562771813,1.6091652745352718,3.012291336948447
SSP1,MTS,UN_SUBREGION,053,Australia and New Zealand,152.60845001928325,9.315670749392279,-30.654134758939957,152.93905544544978,9.178403827855306,-32.29068483470682,-0.3306054261665281,-0.21616808421079936,0.13726692153697329,1.495542407061956,1.6365500757668663,-5.068180139703515
SSP1,MTS,UN_SUBREGION,054,Melanesia,3.4009858929552603,2.827751862657494,2.4351758161455597,3.4092795307916615,2.789346229760192,2.387785813037117,-0.008293637836401135,-0.2432665834964598,0.038405632897302144,1.3768686184433943,0.04739000310844288,1.9846840051439107
SSP1,MTS,UN_SUBREGION,057,Micronesia,0.0030692552633925,0.0851497368297985,10.975231751261287,0.0033029328012159995,0.0840116474514764,13.209953567916253,-0.00023367753782349955,-7.0748498951437755,0.0011380893783220908,1.3546804673476132,-2.2347218166549663,-16.916954364491932
SSP1,MTS,UN_SUBREGION,061,Polynesia,0.012901535325778516,0.2124828752401544,2.9798178562982547,0.013433162423918128,0.21088761589289362,3.5387864272687968,-0.0005316270981396126,-3.9575721737201364,0.0015952593472607912,0.7564499890173826,-0.5589685709705421,-15.795487590415258
SSP1,MTS,UN_SUBREGION,143,Central Asia,73.51960152169521,26.39251346147745,13.865616586079184,73.55889185047671,26.150811593730122,12.120087728948327,-0.03929032878150451,-0.053413432140014816,0.24170186774732727,0.9242614397683813,1.7455288571308571,14.401949030135608
SSP1,MTS,UN_SUBREGION,145,Western Asia,224.2487846302518,97.0094361657895,67.3892530756104,223.73948857624447,96.52372583881701,65.37489050936017,0.5092960540073364,0.22762904181474752,0.4857103269724803,0.5032030443826496,2.0143625662502274,3.081248091668809
SSP1,MTS,UN_SUBREGION,151,Eastern Europe,771.9097395667402,70.01812551880057,-271.0801110047846,774.6310556440342,68.77685484569247,-277.2064509998173,-2.7213160772939773,-0.3513047995514995,1.2412706731081045,1.8047796397392846,6.126339995032708,-2.2100279315060867
SSP1,MTS,UN_SUBREGION,154,Northern Europe,144.10850619543024,29.685216914405316,14.751071863205544,144.080616888891,29.21443524904288,14.0024150428618,0.027889306539236713,0.019356737319320416,0.4707816653624377,1.6114693347627274,0.7486568203437436,5.346626407316757
SSP1,MTS,UN_SUBREGION,155,Western Europe,413.14311529581056,43.35127966622423,-25.57053251892074,413.7027118002926,42.4305508701082,-25.041173664633916,-0.5595965044820446,-0.13526537016083084,0.9207287961160304,2.16996663308624,-0.5293588542868228,2.1139538480756004
SSP1,MTS,UN_SUBREGION,202,Sub-Saharan Africa,301.60889404207865,336.9523709951811,325.943684751226,302.4381796070275,335.2813933495978,323.6674455848503,-0.8292855649488615,-0.274200025283311,1.6709776455833207,0.498380667322329,2.2762391663756603,0.7032647853300933
SSP1,MTS,UN_SUBREGION,419,Latin America and the Caribbean,1953.5650800873996,194.82286556999483,-33.3271068559832,1955.310494513656,193.10396688629513,-40.84210343974186,-1.7454144262565023,-0.08926533310970042,1.718898683699706,0.8901415705829807,7.514996583758659,-18.400121322953478
SSP1,MTS,WB_DEVELOPMENT_STATUS,DEVELOPING_ECONOMIES,"Developing economies (World Bank FY25 LIC, LMC and UMC)",7082.858981551626,2016.895465706744,132.54385235150602,7125.873715539411,2099.945552935139,144.44773528865753,-43.01473398778489,-0.6036415421449615,-83.05008722839489,-3.954868597060246,-11.903882937151508,-8.240961973798589
SSP1,MTS,WB_INCOME_FY25,HIC,High income,2410.394924638314,343.9717426143835,-142.32925587167986,2416.241055366519,338.81842088404676,-154.29012414117648,-5.846130728205026,-0.24195146900681808,5.1533217303367564,1.5209685816050644,11.960868269496615,-7.752193042862765
SSP1,MTS,WB_INCOME_FY25,LIC,Low income,134.68600876387944,195.1667145830395,180.1719210241224,134.78372338033316,194.25200830312295,181.47569091706254,-0.0977146164537146,-0.07249734166935307,0.914706279916544,0.4708863954133058,-1.3037698929401245,-0.7184267415386025
SSP1,MTS,WB_INCOME_FY25,LMC,Lower middle income,2734.0206034921935,1003.4540918798934,219.57348675047757,2746.851108575657,996.6147024003833,179.67424216333887,-12.830505083463322,-0.4670986732191795,6.839389479510146,0.6862621495586252,39.899244587138696,22.206435439347484
SSP1,MTS,WB_INCOME_FY25,NCL,Not classified,12.28231437600418,8.33241720283053,9.785403520174697,12.240526380559249,8.293793223988262,9.842388852517214,0.04178799544493117,0.3413905100625447,0.03862397884226887,0.4656973932091413,-0.056985332342517125,-0.578978672722763
SSP1,MTS,WB_INCOME_FY25,UMC,Upper middle income,4214.152369295554,818.2746592438112,-267.20155542309396,4244.238883583421,909.0788422316325,-216.70219779174383,-30.08651428786652,-0.7088789088719794,-90.80418298782126,-9.988592712697242,-50.499357631350136,23.303574281180705
SSP1,PTS,ECONOMIC,EU27,European Union (27),801.2154309231755,102.0301951149984,-55.484680275521,799.2279316536045,102.35779623662938,-52.2246098386858,1.9874992695710034,0.24867740363614388,-0.3276011216309769,-0.32005487972175395,-3.2600704368352,6.2424026659176235
SSP1,PTS,FOCUS,CHINA_MAINLAND,China mainland,1509.2494125969738,480.2195603972556,-188.45835436328974,1509.4776034260683,488.00107462692597,-182.3102782864922,-0.22819082909450117,-0.015117205354786556,-7.7815142296703925,-1.5945690766396958,-6.148076076797537,3.3723145697447388
SSP1,PTS,FOCUS,USA,United States,813.0712122183311,103.68842031526216,8.758386574021852,811.8306460505805,104.03319562573675,9.434340725629937,1.2405661677505577,0.1528109555589907,-0.34477531047458854,-0.33140893961859375,-0.6759541516080851,-7.164826576294248
SSP1,PTS,GLOBAL,WORLD,World,9556.785716717655,2438.8568657483797,-3.6517663892787766e-13,9554.355297286489,2447.057767043174,-1.7548670849798498e-12,2.4304194311662286,0.025437817158180387,-8.200901294794221,-0.3351331302939964,1.3896904460519721e-12,
SSP1,PTS,UN_REGION,002,Africa,451.93174951529886,429.7748828794023,392.01683612818164,451.8589605365023,429.7236889619703,392.32031055245295,0.07278897879655233,0.016108782862267468,0.05119391743198776,0.011913217434122991,-0.30347442427131455,-0.07735373777716381
SSP1,PTS,UN_REGION,009,Oceania,156.47544116182667,12.239092613827452,-13.8891622557948,156.36507107146656,12.262649320959866,-13.154159026484656,0.11037009036010659,0.07058487525621882,-0.02355670713241409,-0.19210128672725313,-0.7350032293101432,5.587610943658827
SSP1,PTS,UN_REGION,019,Americas,2889.222176983167,307.49648222822003,-79.74826750489697,2886.507540971421,308.3603996120406,-78.6628943188343,2.714636011746279,0.09404569270006213,-0.863917383820592,-0.28016482820346633,-1.085373186062668,1.379777842477381
SSP1,PTS,UN_REGION,142,Asia,4604.0569779737925,1511.7677853457512,-60.95530396273466,4607.015989701758,1518.648981929733,-65.67802243317838,-2.9590117279658443,-0.06422837981417961,-6.8811965839818185,-0.453113040989761,4.7227184704437235,-7.190713568223939
SSP1,PTS,UN_REGION,150,Europe,1455.0993710835696,177.57862268117873,-237.42410240475556,1452.6077350053415,178.06204721846996,-234.82523477395713,2.4916360782281117,0.17152848757333583,-0.4834245372912278,-0.27149218199097325,-2.5988676307984235,1.1067241701259611
SSP1,PTS,UN_REPORTING_AREA,005,South America,1693.1778989410348,126.74990633189708,-113.22663561486783,1692.1503464052696,127.07098544651583,-113.29757067347867,1.0275525357651532,0.060724659481237175,-0.3210791146187546,-0.2526769690897712,0.07093505861084282,-0.06260951421039884
SSP1,PTS,UN_REPORTING_AREA,011,Western Africa,88.79986792242642,125.95278895775024,105.16126886817884,88.93305272720697,125.88325126503227,105.03428134734342,-0.13318480478055506,-0.14975849888914095,0.06953769271797228,0.05523982898374413,0.12698752083541365,0.12090102317687812
SSP1,PTS,UN_REPORTING_AREA,013,Central America,246.8116318384553,58.47768755410439,63.52064590160295,246.46751516941114,58.6408055516675,63.622149536324685,0.34411666904415483,0.13961948243266242,-0.16311799756310563,-0.2781646603053356,-0.10150363472173751,-0.1595413475676155
SSP1,PTS,UN_REPORTING_AREA,014,Eastern Africa,146.2953342521553,157.30129405105183,153.82141812094335,146.18160523346484,157.30731341516716,154.01138193903694,0.11372901869046359,0.07779981517430645,-0.006019364115331882,-0.0038264998521997384,-0.1899638180935881,-0.12334401243719872
SSP1,PTS,UN_REPORTING_AREA,015,Northern Africa,149.45597548225615,94.46861790436597,68.4720679802161,149.42078092947477,94.44229561237248,68.65286496760258,0.03519455278137684,0.023553987981084212,0.026322291993494673,0.027871296247949928,-0.1807969873864863,-0.2633495156710519
SSP1,PTS,UN_REPORTING_AREA,017,Middle Africa,16.07065042513554,30.98981257320565,35.766442786474585,16.070735412716097,31.00469492580109,35.84917572883699,-8.498758055708322e-05,-0.0005288344209208873,-0.01488235259543913,-0.04800031940663807,-0.08273294236240503,-0.23078059866200595
SSP1,PTS,UN_REPORTING_AREA,018,Southern Africa,51.30992143332552,21.062369393028582,28.795638372368792,51.2527862336396,21.08613374359731,28.77260656963298,0.05713519968592351,0.11147725593974034,-0.023764350568725945,-0.11270131764170577,0.023031802735811624,0.08004767548630554
SSP1,PTS,UN_REPORTING_AREA,021,Northern America,932.525456253978,114.88817343015381,-38.60842243402743,931.1970464577646,115.25643272574547,-37.82079087909243,1.32840979621335,0.14265614364505907,-0.36825929559165616,-0.31951300841310815,-0.7876315549350039,2.082535919074102
SSP1,PTS,UN_REPORTING_AREA,029,Caribbean,16.70718994969907,7.380714912064729,8.56614464239534,16.692632938975663,7.392175888111779,8.833317697412152,0.01455701072340787,0.08720619914559524,-0.011460976047049876,-0.15504198250316792,-0.2671730550168121,-3.0246059766998346
SSP1,PTS,UN_REPORTING_AREA,030,Eastern Asia,1541.5567879004254,500.79858071167564,-156.3002320059314,1541.6471445729076,508.6397921492623,-149.44547298049002,-0.0903566724821303,-0.0058610475685227925,-7.841211437586651,-1.541604011053388,-6.854759025441382,4.586796032514329
SSP1,PTS,UN_REPORTING_AREA,034,Southern Asia,2198.844781892669,620.439360229194,-73.73281634041714,2200.0689878631415,619.6191947704551,-82.02006170157681,-1.224205970472667,-0.055643981039965595,0.8201654587388703,0.1323660509004565,8.287245361159663,-10.103924807216213
SSP1,PTS,UN_REPORTING_AREA,035,South-eastern Asia,565.907469362156,267.7796618613283,90.77660548320006,568.0014768389879,267.71545757746856,88.29253401057994,-2.094007476831848,-0.3686623296272562,0.06420428385973764,0.023982284938162124,2.4840714726201156,2.81345586063082
SSP1,PTS,UN_REPORTING_AREA,039,Southern Europe,120.68074359072581,37.52176907267648,52.910559210945266,120.19335067212388,37.640206253626424,53.419974847632325,0.4873929186019268,0.40550738944908904,-0.11843718094994671,-0.3146560360267281,-0.5094156366870592,-0.953605160129789
SSP1,PTS,UN_REPORTING_AREA,053,Australia and New Zealand,153.04590942182256,9.158714158793948,-32.01061134886923,152.93905544544978,9.178403827855306,-32.29068483470682,0.1068539763727756,0.06986703040734454,-0.01968966906135705,-0.2145217123875165,0.2800734858375904,-0.8673507151404913
SSP1,PTS,UN_REPORTING_AREA,054,Melanesia,3.4125567414436877,2.7864128018996173,2.3816792901529684,3.4092795307916615,2.789346229760192,2.387785813037117,0.003277210652026241,0.09612619389016697,-0.0029334278605746,-0.10516542655325534,-0.006106522884148369,-0.2557399767938673
SSP1,PTS,UN_REPORTING_AREA,057,Micronesia,0.0033727652151715,0.0837073457344342,12.404034235911833,0.0033029328012159995,0.0840116474514764,13.209953567916253,6.983241395550066e-05,2.1142547595818906,-0.0003043017170422102,-0.3622137242552781,-0.8059193320044198,-6.100849089748516
SSP1,PTS,UN_REPORTING_AREA,061,Polynesia,0.013602233345235536,0.2102583073994509,3.3357355670096367,0.013433162423918128,0.21088761589289362,3.5387864272687968,0.0001690709213174081,1.2586084793880792,-0.0006293084934427262,-0.2984094114669822,-0.20305086025916008,-5.737867046581647
SSP1,PTS,UN_REPORTING_AREA,143,Central Asia,73.64864016921939,26.167662882301535,12.544765368398416,73.55889185047671,26.150811593730122,12.120087728948327,0.08974831874267863,0.12200879660491104,0.016851288571412937,0.06443887414742111,0.4246776394500884,3.5039155569457137
SSP1,PTS,UN_REPORTING_AREA,145,Western Asia,224.0992986493224,96.58251966125175,65.75637353201544,223.73948857624447,96.52372583881701,65.37489050936017,0.3598100730779379,0.16081652611596997,0.05879382243473685,0.0609112650012289,0.38148302265527434,0.583531413487659
SSP1,PTS,UN_REPORTING_AREA,151,Eastern Europe,775.2015839202313,68.59049683379837,-277.1356327624295,774.6310556440342,68.77685484569247,-277.2064509998173,0.5705282761971375,0.07365161415104904,-0.18635801189410017,-0.2709603576845909,0.07081823738781168,-0.02554711015287925
SSP1,PTS,UN_REPORTING_AREA,154,Northern Europe,144.51124712496608,29.159495440404744,13.61911270968606,144.080616888891,29.21443524904288,14.0024150428618,0.4306302360750749,0.298881449409083,-0.05493980863813519,-0.18805706209890083,-0.3833023331757399,-2.737401598241729
SSP1,PTS,UN_REPORTING_AREA,155,Western Europe,414.7057964476464,42.30686133429916,-26.818141562957372,413.7027118002926,42.4305508701082,-25.041173664633916,1.0030846473537736,0.24246508875629402,-0.12368953580904218,-0.291510558483421,-1.7769678983234556,7.096184556369645
SSP1,PTS,UN_SPECIAL_GROUP,LDC,Least developed countries,353.9384127020063,367.1634166381775,331.61205906884686,354.74201471917036,366.8678846790804,331.0091741759322,-0.803602017164053,-0.22653139008645962,0.2955319590971044,0.08055541829605772,0.6028848929146875,0.18213540286780017
SSP1,PTS,UN_SPECIAL_GROUP,LLDC,Landlocked developing countries,312.3297670799475,197.45193034307005,133.22393694066076,312.18439417283065,197.44883195034467,132.95603704008818,0.1453729071168368,0.046566359443445116,0.0030983927253771526,0.0015692129929467669,0.26789990057258706,0.2014951005886445
SSP1,PTS,UN_SPECIAL_GROUP,PACIFIC_ISLANDS,Pacific island countries and areas,3.4295317400040948,3.080378455033502,18.12144909307444,3.4260156260167953,3.0842454931045618,19.136525808222167,0.003516113987299452,0.10262982925701714,-0.003867038071059703,-0.12538035897937672,-1.0150767151477282,-5.304393939215402
SSP1,PTS,UN_SPECIAL_GROUP,SIDS,Small island developing States,27.81247520924434,14.34186940004521,34.92401835684881,27.80930186327717,14.356216020998836,36.38076642462028,0.003173345967169894,0.011411095405322591,-0.014346620953626044,-0.09993316437033606,-1.4567480677714713,-4.004170914842609
SSP1,PTS,UN_SUBREGION,015,Northern Africa,149.45597548225615,94.46861790436597,68.4720679802161,149.42078092947477,94.44229561237248,68.65286496760258,0.03519455278137684,0.023553987981084212,0.026322291993494673,0.027871296247949928,-0.1807969873864863,-0.2633495156710519
SSP1,PTS,UN_SUBREGION,021,Northern America,932.525456253978,114.88817343015381,-38.60842243402743,931.1970464577646,115.25643272574547,-37.82079087909243,1.32840979621335,0.14265614364505907,-0.36825929559165616,-0.31951300841310815,-0.7876315549350039,2.082535919074102
SSP1,PTS,UN_SUBREGION,030,Eastern Asia,1541.5567879004254,500.79858071167564,-156.3002320059314,1541.6471445729076,508.6397921492623,-149.44547298049002,-0.0903566724821303,-0.0058610475685227925,-7.841211437586651,-1.541604011053388,-6.854759025441382,4.586796032514329
SSP1,PTS,UN_SUBREGION,034,Southern Asia,2198.844781892669,620.439360229194,-73.73281634041714,2200.0689878631415,619.6191947704551,-82.02006170157681,-1.224205970472667,-0.055643981039965595,0.8201654587388703,0.1323660509004565,8.287245361159663,-10.103924807216213
SSP1,PTS,UN_SUBREGION,035,South-eastern Asia,565.907469362156,267.7796618613283,90.77660548320006,568.0014768389879,267.71545757746856,88.29253401057994,-2.094007476831848,-0.3686623296272562,0.06420428385973764,0.023982284938162124,2.4840714726201156,2.81345586063082
SSP1,PTS,UN_SUBREGION,039,Southern Europe,120.68074359072581,37.52176907267648,52.910559210945266,120.19335067212388,37.640206253626424,53.419974847632325,0.4873929186019268,0.40550738944908904,-0.11843718094994671,-0.3146560360267281,-0.5094156366870592,-0.953605160129789
SSP1,PTS,UN_SUBREGION,053,Australia and New Zealand,153.04590942182256,9.158714158793948,-32.01061134886923,152.93905544544978,9.178403827855306,-32.29068483470682,0.1068539763727756,0.06986703040734454,-0.01968966906135705,-0.2145217123875165,0.2800734858375904,-0.8673507151404913
SSP1,PTS,UN_SUBREGION,054,Melanesia,3.4125567414436877,2.7864128018996173,2.3816792901529684,3.4092795307916615,2.789346229760192,2.387785813037117,0.003277210652026241,0.09612619389016697,-0.0029334278605746,-0.10516542655325534,-0.006106522884148369,-0.2557399767938673
SSP1,PTS,UN_SUBREGION,057,Micronesia,0.0033727652151715,0.0837073457344342,12.404034235911833,0.0033029328012159995,0.0840116474514764,13.209953567916253,6.983241395550066e-05,2.1142547595818906,-0.0003043017170422102,-0.3622137242552781,-0.8059193320044198,-6.100849089748516
SSP1,PTS,UN_SUBREGION,061,Polynesia,0.013602233345235536,0.2102583073994509,3.3357355670096367,0.013433162423918128,0.21088761589289362,3.5387864272687968,0.0001690709213174081,1.2586084793880792,-0.0006293084934427262,-0.2984094114669822,-0.20305086025916008,-5.737867046581647
SSP1,PTS,UN_SUBREGION,143,Central Asia,73.64864016921939,26.167662882301535,12.544765368398416,73.55889185047671,26.150811593730122,12.120087728948327,0.08974831874267863,0.12200879660491104,0.016851288571412937,0.06443887414742111,0.4246776394500884,3.5039155569457137
SSP1,PTS,UN_SUBREGION,145,Western Asia,224.0992986493224,96.58251966125175,65.75637353201544,223.73948857624447,96.52372583881701,65.37489050936017,0.3598100730779379,0.16081652611596997,0.05879382243473685,0.0609112650012289,0.38148302265527434,0.583531413487659
SSP1,PTS,UN_SUBREGION,151,Eastern Europe,775.2015839202313,68.59049683379837,-277.1356327624295,774.6310556440342,68.77685484569247,-277.2064509998173,0.5705282761971375,0.07365161415104904,-0.18635801189410017,-0.2709603576845909,0.07081823738781168,-0.02554711015287925
SSP1,PTS,UN_SUBREGION,154,Northern Europe,144.51124712496608,29.159495440404744,13.61911270968606,144.080616888891,29.21443524904288,14.0024150428618,0.4306302360750749,0.298881449409083,-0.05493980863813519,-0.18805706209890083,-0.3833023331757399,-2.737401598241729
SSP1,PTS,UN_SUBREGION,155,Western Europe,414.7057964476464,42.30686133429916,-26.818141562957372,413.7027118002926,42.4305508701082,-25.041173664633916,1.0030846473537736,0.24246508875629402,-0.12368953580904218,-0.291510558483421,-1.7769678983234556,7.096184556369645
SSP1,PTS,UN_SUBREGION,202,Sub-Saharan Africa,302.47577403304274,335.3062649750363,323.54476814796556,302.4381796070275,335.2813933495978,323.6674455848503,0.03759442601523233,0.012430449774591956,0.024871625438493083,0.00741813471663022,-0.1226774368847714,-0.03790230947171569
SSP1,PTS,UN_SUBREGION,419,Latin America and the Caribbean,1956.696720729189,192.60830879806622,-41.13984507086954,1955.310494513656,193.10396688629513,-40.84210343974186,1.3862262155330427,0.07089545212499715,-0.49565808822890745,-0.25667939205037404,-0.2977416311276784,0.7290066036069076
SSP1,PTS,WB_DEVELOPMENT_STATUS,DEVELOPING_ECONOMIES,"Developing economies (World Bank FY25 LIC, LMC and UMC)",7124.173799779904,2092.6610283490586,148.91324643246259,7125.873715539411,2099.945552935139,144.44773528865753,-1.6999157595073484,-0.023855541472761477,-7.284524586080352,-0.34689111705294984,4.46551114380506,3.091437283444698
SSP1,PTS,WB_INCOME_FY25,HIC,High income,2420.338890602705,337.909402641339,-158.69727959206458,2416.241055366519,338.81842088404676,-154.29012414117648,4.0978352361858015,0.16959546428880756,-0.9090182427077593,-0.26829067921866345,-4.407155450888098,2.856408001108046
SSP1,PTS,WB_INCOME_FY25,LIC,Low income,134.86098757925407,194.28572096412955,180.58022718675733,134.78372338033316,194.25200830312295,181.47569091706254,0.07726419892091485,0.05732457672422697,0.03371266100660364,0.01735511581120175,-0.8954637303052095,-0.4934345342784474
SSP1,PTS,WB_INCOME_FY25,LMC,Lower middle income,2744.6296003910975,997.4271056455286,189.71228120345438,2746.851108575657,996.6147024003833,179.67424216333887,-2.2215081845592977,-0.08087472151744324,0.8124032451453331,0.08151628138624023,10.038039040115507,5.586799153431299
SSP1,PTS,WB_INCOME_FY25,NCL,Not classified,12.273026335046094,8.28643475798196,9.78403315960159,12.240526380559249,8.293793223988262,9.842388852517214,0.03249995448684473,0.2655110856871534,-0.007358466006301967,-0.0887225640617495,-0.05835569291562415,-0.5929017212188192
SSP1,PTS,WB_INCOME_FY25,UMC,Upper middle income,4244.683211809552,900.9482017394006,-221.37926195774912,4244.238883583421,909.0788422316325,-216.70219779174383,0.4443282261308923,0.010468973078991972,-8.130640492231919,-0.8943823257697381,-4.6770641660052945,2.1582910619577955
SSP2,CGS,ECONOMIC,EU27,European Union (27),786.9723457460967,102.3365791335867,-63.15673662879057,788.7812895044212,98.51934821741945,-63.37881274444264,-1.8089437583245171,-0.22933400961641093,3.8172309161672473,3.8746002538944113,0.2220761156520723,-0.35039488124767315
SSP2,CGS,FOCUS,CHINA_MAINLAND,China mainland,1408.7296536085314,316.6957250403571,-277.8419041461476,1446.1145694426398,464.8229532407242,-173.15016207093205,-37.38491583410837,-2.5851973712233023,-148.12722820036709,-31.86745128820143,-104.69174207521556,60.46297665741018
SSP2,CGS,FOCUS,USA,United States,814.3861371387137,103.90387610523948,-3.639310395662953,815.537543922867,101.79980916478486,-10.617551928273624,-1.1514067841533233,-0.14118378641587714,2.104066940454615,2.0668672738361815,6.978241532610671,-65.72363930736441
SSP2,CGS,GLOBAL,WORLD,World,9336.281937776153,2293.864591346619,3.3947063909911535e-13,9407.248346960696,2415.070589582447,3.932356176794549e-12,-70.9664091845425,-0.7543800967843128,-121.20599823582825,-5.0187352186995104,-3.592885537695434e-12,
SSP2,CGS,UN_REGION,002,Africa,448.92306031006353,444.17636323660577,409.8540334405193,450.20354744146624,440.9486532204978,406.25192241087615,-1.2804871314027082,-0.2844240430089462,3.227710016107949,0.7319922608979956,3.6021110296431402,0.8866692884224703
SSP2,CGS,UN_REGION,009,Oceania,157.8725205821814,12.159533320067897,-20.581142801623177,158.2650782898997,11.857267557453879,-18.54882783572012,-0.39255770771828224,-0.2480381092025974,0.3022657626140184,2.5492025135589014,-2.032314965903055,10.956568166476565
SSP2,CGS,UN_REGION,019,Americas,2894.6091839356804,309.16472162906905,-100.45457269860545,2899.5370980598127,303.7732323690723,-121.43094696519506,-4.927914124132258,-0.1699552017261574,5.391489259996774,1.774840139122702,20.976374266589616,-17.274323218941824
SSP2,CGS,UN_REGION,142,Asia,4411.095706834485,1351.5442570561106,-54.23421489217952,4470.5031213344555,1487.5461346683692,-19.992830555371583,-59.4074144999704,-1.3288753611749415,-136.00187761225857,-9.142699808942634,-34.24138433680794,171.26831661967006
SSP2,CGS,UN_REGION,150,Europe,1423.7814661137434,176.81971610476543,-234.58410304811082,1428.739501835062,170.94530176705393,-246.27931705458542,-4.958035721318538,-0.3470216729467124,5.8744143377114995,3.4364292419785336,11.6952140064746,-4.748760125838125
SSP2,CGS,UN_REPORTING_AREA,005,South America,1704.9242289306794,127.27832500678791,-127.26697304792259,1707.4880284063597,125.25840986768388,-138.12003763253554,-2.563799475680298,-0.15015036316671226,2.019915139104029,1.6125984205274113,10.853064584612952,-7.857704624644846
SSP2,CGS,UN_REPORTING_AREA,011,Western Africa,88.22456513978065,134.01931285479466,116.18082149887032,89.25003129930631,132.87485518649032,114.30496754492407,-1.0254661595256636,-1.1489812884061479,1.1444576683043408,0.8613049223632929,1.8758539539462475,1.6410957408382165
SSP2,CGS,UN_REPORTING_AREA,013,Central America,241.46310125488637,59.4703333458549,70.26099714984514,241.3133998377978,58.5468268716083,67.49588873662925,0.1497014170885791,0.062036097949480506,0.9235064742465937,1.5773809164274954,2.7651084132158843,4.096706429046981
SSP2,CGS,UN_REPORTING_AREA,014,Eastern Africa,147.4712768579613,163.11655349887783,158.81576047813178,147.52316724665835,161.90032561429274,157.6424641248759,-0.05189038869704632,-0.03517439983530268,1.216227884585095,0.7512201596694856,1.1732963532558927,0.744276841756597
SSP2,CGS,UN_REPORTING_AREA,015,Northern Africa,143.5178707829299,93.82242973299748,71.50758043459679,143.62277837910588,93.44713433612964,71.74871825383232,-0.1049075961759911,-0.07304384259930741,0.3752953968678412,0.4016125261989245,-0.2411378192355329,-0.33608658817072534
SSP2,CGS,UN_REPORTING_AREA,017,Middle Africa,16.73352704680053,32.66055075165174,37.23278601450214,16.83597120912288,32.310484553091726,37.07843081823063,-0.1024441623223531,-0.6084838293548667,0.35006619856001464,1.083444595158567,0.15435519627150995,0.4162937666596589
SSP2,CGS,UN_REPORTING_AREA,018,Southern Africa,52.9758204825912,20.55751639828403,26.11708501441826,52.971599307272804,20.415853530493397,25.47734166901326,0.004221175318399162,0.007968751885156777,0.14166286779063242,0.6938865797554872,0.6397433454050017,2.5110286375877644
SSP2,CGS,UN_REPORTING_AREA,021,Northern America,932.138924737052,114.98432564471258,-51.51239155036208,934.6342462978723,112.6439472330029,-59.83555583346465,-2.4953215608203436,-0.26698375013588516,2.340378411709679,2.0776779127498424,8.323164283102571,-13.910064287307279
SSP2,CGS,UN_REPORTING_AREA,029,Caribbean,16.08292901306247,7.4317376317136645,8.063794749834088,16.101423517782532,7.324048396777194,9.028757764175898,-0.01849450472006353,-0.1148625442939144,0.10768923493647087,1.4703512197415058,-0.9649630143418104,-10.68766091134451
SSP2,CGS,UN_REPORTING_AREA,030,Eastern Asia,1439.862820990199,337.156213865451,-248.48795716041244,1477.783465530999,484.6412207305574,-142.48725229344026,-37.92064454079991,-2.566048776785723,-147.4850068651064,-30.431791716516543,-106.00070486697217,74.3931145845053
SSP2,CGS,UN_REPORTING_AREA,034,Southern Asia,2133.9312892324956,620.4641211165664,-2.2099382789692967,2142.4129160428456,615.0554005787449,-47.201452917198644,-8.481626810350008,-0.39589132173530883,5.408720537821523,0.8793875369165205,44.99151463822935,-95.31807149486268
SSP2,CGS,UN_REPORTING_AREA,035,South-eastern Asia,549.24681490105,270.73621924549263,108.7550792727017,563.33106401575,265.806846053849,88.08671558329428,-14.084249114700015,-2.500172636371112,4.929373191643663,1.854494443926047,20.66836368940743,23.463655731224932
SSP2,CGS,UN_REPORTING_AREA,039,Southern Europe,118.96877368873348,37.43679946234656,49.730825404329835,119.80044580467123,36.09662763395524,47.16089695752885,-0.8316721159377494,-0.6942145418171064,1.3401718283913269,3.7127341700216254,2.5699284468009864,5.449278136324165
SSP2,CGS,UN_REPORTING_AREA,053,Australia and New Zealand,154.53733250892856,9.026500562130288,-34.53266909332755,154.9141231072435,8.79481788505111,-37.059946858814754,-0.37679059831495465,-0.24322546631472264,0.23168267707917778,2.6343089772555395,2.527277765487206,-6.81943170376158
SSP2,CGS,UN_REPORTING_AREA,054,Melanesia,3.319595919580226,2.8418518982916483,2.5167393633854527,3.3340789545421856,2.77605958444277,2.4353535689363337,-0.014483034961959795,-0.4343938808716197,0.06579231384887851,2.369989254466409,0.08138579444911898,3.341847175178958
SSP2,CGS,UN_REPORTING_AREA,057,Micronesia,0.0029089605574119,0.082152259993068,8.961392106054928,0.0033066724875345,0.0802216996550294,12.673202852387133,-0.00039771193012259985,-12.027557359305918,0.001930560338038595,2.406531332969042,-3.7118107463322048,-29.288655674228757
SSP2,CGS,UN_REPORTING_AREA,061,Polynesia,0.012683193115234555,0.2090285996528924,2.473394822263987,0.013569555626468041,0.20616838830496992,3.4025626017711703,-0.000886362511233486,-6.531993645426349,0.00286021134792247,1.3873180905365379,-0.9291677795071833,-27.307881977645742
SSP2,CGS,UN_REPORTING_AREA,143,Central Asia,72.62559300204813,26.299089837464066,14.656807341280832,72.57223158536466,25.912573948494114,11.765580373900058,0.053361416683472385,0.0735286975717564,0.3865158889699529,1.4916151893602736,2.8912269673807742,24.57360262307562
SSP2,CGS,UN_REPORTING_AREA,145,Western Asia,215.4291887086925,96.88861299113672,73.05179393321966,214.40344415949704,96.13009335672379,69.84357869807295,1.0257445491954513,0.47841794389851255,0.7585196344129344,0.7890553394119593,3.20821523514671,4.593429052390796
SSP2,CGS,UN_REPORTING_AREA,151,Eastern Europe,752.9481474552498,68.00231518730003,-263.362143546743,756.8533577380572,65.86145079006259,-273.0829454592355,-3.9052102828073885,-0.5159797790259657,2.1408643972374364,3.2505576047232365,9.720801912492448,-3.559651773985839
SSP2,CGS,UN_REPORTING_AREA,154,Northern Europe,143.4064639690282,28.873028690551298,10.788131114848806,143.16397753096183,28.071512800172613,9.790899177152374,0.24248643806637915,0.16937671210897065,0.8015158903786848,2.8552643246706477,0.9972319376964318,10.185294727817551
SSP2,CGS,UN_REPORTING_AREA,155,Western Europe,408.4580810007318,42.50757276456755,-31.740916020546425,408.9217207613717,40.91571054286347,-30.148167730031133,-0.4636397606399214,-0.11338105488176708,1.5918622217040763,3.8905892152024,-1.592748290515292,5.283068293827786
SSP2,CGS,UN_SPECIAL_GROUP,LDC,Least developed countries,354.25555299590985,377.72658725613115,339.77377743133763,359.362927437828,373.91305164123264,332.5732750261079,-5.107374441918125,-1.4212301970969787,3.8135356148985124,1.019899037532812,7.200502405229713,2.1650874997891645
SSP2,CGS,UN_SPECIAL_GROUP,LLDC,Landlocked developing countries,307.05334581771365,204.03383667044858,145.99427303408095,307.81093096165455,202.25331333754207,141.15277998065883,-0.7575851439409007,-0.2461202861035794,1.7805233329065118,0.8803432208475126,4.841493053422113,3.429966490270697
SSP2,CGS,UN_SPECIAL_GROUP,PACIFIC_ISLANDS,Pacific island countries and areas,3.3351880732528723,3.1330327579376087,13.951526291704369,3.350955182656188,3.0624496724027694,18.51111902309464,-0.015767109403315605,-0.4705258215604524,0.07058308553483927,2.304791689179342,-4.559592731390271,-24.63164288286236
SSP2,CGS,UN_SPECIAL_GROUP,SIDS,Small island developing States,27.305347540387828,14.494340856277843,29.23432992571309,27.429637292363722,14.266195743402761,35.49919245011985,-0.12428975197589409,-0.453122112593507,0.22814511287508132,1.5992007748848236,-6.264862524406759,-17.647901521167164
SSP2,CGS,UN_SUBREGION,015,Northern Africa,143.5178707829299,93.82242973299748,71.50758043459679,143.62277837910588,93.44713433612964,71.74871825383232,-0.1049075961759911,-0.07304384259930741,0.3752953968678412,0.4016125261989245,-0.2411378192355329,-0.33608658817072534
SSP2,CGS,UN_SUBREGION,021,Northern America,932.138924737052,114.98432564471258,-51.51239155036208,934.6342462978723,112.6439472330029,-59.83555583346465,-2.4953215608203436,-0.26698375013588516,2.340378411709679,2.0776779127498424,8.323164283102571,-13.910064287307279
SSP2,CGS,UN_SUBREGION,030,Eastern Asia,1439.862820990199,337.156213865451,-248.48795716041244,1477.783465530999,484.6412207305574,-142.48725229344026,-37.92064454079991,-2.566048776785723,-147.4850068651064,-30.431791716516543,-106.00070486697217,74.3931145845053
SSP2,CGS,UN_SUBREGION,034,Southern Asia,2133.9312892324956,620.4641211165664,-2.2099382789692967,2142.4129160428456,615.0554005787449,-47.201452917198644,-8.481626810350008,-0.39589132173530883,5.408720537821523,0.8793875369165205,44.99151463822935,-95.31807149486268
SSP2,CGS,UN_SUBREGION,035,South-eastern Asia,549.24681490105,270.73621924549263,108.7550792727017,563.33106401575,265.806846053849,88.08671558329428,-14.084249114700015,-2.500172636371112,4.929373191643663,1.854494443926047,20.66836368940743,23.463655731224932
SSP2,CGS,UN_SUBREGION,039,Southern Europe,118.96877368873348,37.43679946234656,49.730825404329835,119.80044580467123,36.09662763395524,47.16089695752885,-0.8316721159377494,-0.6942145418171064,1.3401718283913269,3.7127341700216254,2.5699284468009864,5.449278136324165
SSP2,CGS,UN_SUBREGION,053,Australia and New Zealand,154.53733250892856,9.026500562130288,-34.53266909332755,154.9141231072435,8.79481788505111,-37.059946858814754,-0.37679059831495465,-0.24322546631472264,0.23168267707917778,2.6343089772555395,2.527277765487206,-6.81943170376158
SSP2,CGS,UN_SUBREGION,054,Melanesia,3.319595919580226,2.8418518982916483,2.5167393633854527,3.3340789545421856,2.77605958444277,2.4353535689363337,-0.014483034961959795,-0.4343938808716197,0.06579231384887851,2.369989254466409,0.08138579444911898,3.341847175178958
SSP2,CGS,UN_SUBREGION,057,Micronesia,0.0029089605574119,0.082152259993068,8.961392106054928,0.0033066724875345,0.0802216996550294,12.673202852387133,-0.00039771193012259985,-12.027557359305918,0.001930560338038595,2.406531332969042,-3.7118107463322048,-29.288655674228757
SSP2,CGS,UN_SUBREGION,061,Polynesia,0.012683193115234555,0.2090285996528924,2.473394822263987,0.013569555626468041,0.20616838830496992,3.4025626017711703,-0.000886362511233486,-6.531993645426349,0.00286021134792247,1.3873180905365379,-0.9291677795071833,-27.307881977645742
SSP2,CGS,UN_SUBREGION,143,Central Asia,72.62559300204813,26.299089837464066,14.656807341280832,72.57223158536466,25.912573948494114,11.765580373900058,0.053361416683472385,0.0735286975717564,0.3865158889699529,1.4916151893602736,2.8912269673807742,24.57360262307562
SSP2,CGS,UN_SUBREGION,145,Western Asia,215.4291887086925,96.88861299113672,73.05179393321966,214.40344415949704,96.13009335672379,69.84357869807295,1.0257445491954513,0.47841794389851255,0.7585196344129344,0.7890553394119593,3.20821523514671,4.593429052390796
SSP2,CGS,UN_SUBREGION,151,Eastern Europe,752.9481474552498,68.00231518730003,-263.362143546743,756.8533577380572,65.86145079006259,-273.0829454592355,-3.9052102828073885,-0.5159797790259657,2.1408643972374364,3.2505576047232365,9.720801912492448,-3.559651773985839
SSP2,CGS,UN_SUBREGION,154,Northern Europe,143.4064639690282,28.873028690551298,10.788131114848806,143.16397753096183,28.071512800172613,9.790899177152374,0.24248643806637915,0.16937671210897065,0.8015158903786848,2.8552643246706477,0.9972319376964318,10.185294727817551
SSP2,CGS,UN_SUBREGION,155,Western Europe,408.4580810007318,42.50757276456755,-31.740916020546425,408.9217207613717,40.91571054286347,-30.148167730031133,-0.4636397606399214,-0.11338105488176708,1.5918622217040763,3.8905892152024,-1.592748290515292,5.283068293827786
SSP2,CGS,UN_SUBREGION,202,Sub-Saharan Africa,305.40518952713364,350.3539335036083,338.3464530059225,306.58076906236033,347.5015188843682,334.50320415704385,-1.1755795352266887,-0.3834485570709645,2.8524146192401076,0.8208351515692991,3.843248848878659,1.1489423123953957
SSP2,CGS,UN_SUBREGION,419,Latin America and the Caribbean,1962.4702591986284,194.18039598435647,-48.94218114824336,1964.90285176194,191.12928513606937,-61.595391131730395,-2.432592563311573,-0.1238021798955713,3.0511108482870952,1.5963596819372539,12.653209983487038,-20.542462270312356
SSP2,CGS,WB_DEVELOPMENT_STATUS,DEVELOPING_ECONOMIES,"Developing economies (World Bank FY25 LIC, LMC and UMC)",6929.609363248367,1947.9035032618835,169.46911056120393,6992.979510117144,2078.104120105665,187.14565036542393,-63.37014686877683,-0.9061966616246475,-130.20061684378152,-6.265355791564531,-17.67653980422,-9.445338307197881
SSP2,CGS,WB_INCOME_FY25,HIC,High income,2394.065330431137,337.65707408982166,-178.6802953060748,2401.74862137209,328.7283272992439,-196.47440453968545,-7.683290940952702,-0.3199040429369915,8.928746790577748,2.7161476663524198,17.79410923361064,-9.056706025041771
SSP2,CGS,WB_INCOME_FY25,LIC,Low income,135.1263931820947,203.04614766209372,187.4565096958917,135.16934947187198,201.4903378963824,189.61435068347544,-0.04295628977729393,-0.03177960828038007,1.5558097657113024,0.7721510529757447,-2.1578409875837394,-1.1380156511391015
SSP2,CGS,WB_INCOME_FY25,LMC,Lower middle income,2662.5755152582024,1006.8078149057995,290.48271015650755,2680.18215680284,995.6908494599691,226.5973803330447,-17.60664154463757,-0.6569195866015454,11.116965445830488,1.116507744533357,63.885329823462854,28.193322327719095
SSP2,CGS,WB_INCOME_FY25,NCL,Not classified,12.607244096649701,8.304013994913474,9.211184744871263,12.52021547146274,8.23814217753842,9.32875417426547,0.08702862518696186,0.6951048517122249,0.06587181737505432,0.7995955393274912,-0.11756942939420689,-1.2602907869363356
SSP2,CGS,WB_INCOME_FY25,UMC,Upper middle income,4131.90745480807,738.0495406939904,-308.4701092911954,4177.628003842432,880.9229327493133,-229.06608065109617,-45.72054903436219,-1.0944140788100354,-142.87339205532294,-16.218602870221886,-79.40402864009923,34.664245537532956
SSP2,MTS,ECONOMIC,EU27,European Union (27),787.2032706855744,100.60416309497435,-62.54172524015741,788.7812895044212,98.51934821741945,-63.37881274444264,-1.5780188188468856,-0.2000578411080589,2.084814877554905,2.1161476555386693,0.837087504285229,-1.3207686733744173
SSP2,MTS,FOCUS,CHINA_MAINLAND,China mainland,1423.3286216686245,375.2450089531105,-236.60766891970292,1446.1145694426398,464.8229532407242,-173.15016207093205,-22.785947774015312,-1.5756668424132814,-89.57794428761366,-19.271411547790485,-63.45750684877086,36.64882902204567
SSP2,MTS,FOCUS,USA,United States,814.6004126561915,102.94118911540474,-6.47043200848066,815.537543922867,101.79980916478486,-10.617551928273624,-0.9371312666755784,-0.11490964133519244,1.1413799506198785,1.121200481596496,4.147119919792964,-39.05909712341074
SSP2,MTS,GLOBAL,WORLD,World,9360.59422549667,2340.900762658115,3.976700045649206e-12,9407.248346960696,2415.070589582447,3.932356176794549e-12,-46.65412146402559,-0.4959380229299315,-74.16982692433203,-3.071124597528041,4.434386885465713e-14,
SSP2,MTS,UN_REGION,002,Africa,449.2360631972001,442.83529372081205,408.4980988547295,450.20354744146624,440.9486532204978,406.25192241087615,-0.9674842442661316,-0.21489929383373685,1.886640500314229,0.4278594540509495,2.246176443853358,0.5529023544118994
SSP2,MTS,UN_REGION,009,Oceania,157.9377860738072,12.025187711108762,-19.605242878744388,158.2650782898997,11.857267557453879,-18.54882783572012,-0.32729221609250203,-0.20680002160236022,0.1679201536548831,1.416179173163079,-1.0564150430242663,5.69531968478294
SSP2,MTS,UN_REGION,019,Americas,2896.0535721191677,306.70569603790864,-109.21328655726802,2899.5370980598127,303.7732323690723,-121.43094696519506,-3.483525940644995,-0.12014076119171158,2.9324636688363626,0.9653463032165854,12.217660407927042,-10.061405855155614
SSP2,MTS,UN_REGION,142,Asia,4432.355304331655,1405.1701778110116,-40.97736317755958,4470.5031213344555,1487.5461346683692,-19.992830555371583,-38.147817002800366,-0.8533226790682358,-82.37595685735755,-5.537707701127692,-20.984532622188,104.96028845975474
SSP2,MTS,UN_REGION,150,Europe,1425.0114997748399,174.16440737727407,-238.70220624115342,1428.739501835062,170.94530176705393,-246.27931705458542,-3.7280020602220247,-0.26092944553109954,3.21910561022014,1.8831202594890906,7.577110813432,-3.076633029542064
SSP2,MTS,UN_REPORTING_AREA,005,South America,1705.7643816731988,126.36800151055354,-131.88992593130513,1707.4880284063597,125.25840986768388,-138.12003763253554,-1.7236467331608765,-0.10094634366306643,1.1095916428696597,0.8858420317180871,6.230111701230413,-4.510650162002882
SSP2,MTS,UN_REPORTING_AREA,011,Western Africa,88.59609386081682,133.54950285294484,115.46907795949913,89.25003129930631,132.87485518649032,114.30496754492407,-0.6539374384894927,-0.7327027553597931,0.6746476664545185,0.5077316287627642,1.1641104145750631,1.018425042741522
SSP2,MTS,UN_REPORTING_AREA,013,Central America,241.33483654455628,59.037750493861246,69.0392939289624,241.3133998377978,58.5468268716083,67.49588873662925,0.021436706758493074,0.00888334703870175,0.49092362225294295,0.8385144823126467,1.5434051923331396,2.286665486183237
SSP2,MTS,UN_REPORTING_AREA,014,Eastern Africa,147.42679480990628,162.60222789360583,158.32120991762818,147.52316724665835,161.90032561429274,157.6424641248759,-0.09637243675206264,-0.06532698460230968,0.7019022793130887,0.4335397576563871,0.6787457927522951,0.430560253241552
SSP2,MTS,UN_REPORTING_AREA,015,Northern Africa,143.47977688535244,93.68129471163624,71.70206927340939,143.62277837910588,93.44713433612964,71.74871825383232,-0.14300149375344517,-0.09956741915685408,0.23416037550660462,0.25058058459483945,-0.04664898042292975,-0.06501716205981056
SSP2,MTS,UN_REPORTING_AREA,017,Middle Africa,16.770705580054468,32.50665814664683,37.16796548294572,16.83597120912288,32.310484553091726,37.07843081823063,-0.06526562906841349,-0.3876558605246827,0.1961735935551019,0.6071515059848487,0.08953466471508875,0.24147371595635292
SSP2,MTS,UN_REPORTING_AREA,018,Southern Africa,52.96269206107008,20.49561011597831,25.837776221247072,52.971599307272804,20.415853530493397,25.47734166901326,-0.00890724620272465,-0.016815135505077183,0.07975658548491182,0.39066005918286795,0.36043455223381216,1.4147259039674065
SSP2,MTS,UN_REPORTING_AREA,021,Northern America,932.8725867471786,113.91661776323767,-54.84486241715134,934.6342462978723,112.6439472330029,-59.83555583346465,-1.7616595506937074,-0.1884865184077822,1.2726705302347625,1.1298170576375943,4.990693416313313,-8.340681968767027
SSP2,MTS,UN_REPORTING_AREA,029,Caribbean,16.081767154233816,7.383326270256172,8.482207862226076,16.101423517782532,7.324048396777194,9.028757764175898,-0.019656363548715916,-0.12207842074961617,0.059277873478978726,0.8093593907034125,-0.5465499019498221,-6.053434107163779
SSP2,MTS,UN_REPORTING_AREA,030,Eastern Asia,1454.6357247430133,395.41449816104483,-206.6036420067329,1477.783465530999,484.6412207305574,-142.48725229344026,-23.14774078798564,-1.5663824455951825,-89.22672256951256,-18.410881855037108,-64.11638971329265,44.99798310465728
SSP2,MTS,UN_REPORTING_AREA,034,Southern Asia,2135.80271704197,618.3900560832461,-20.27674676475175,2142.4129160428456,615.0554005787449,-47.201452917198644,-6.610199000875582,-0.3085399155026147,3.3346555045012565,0.5421715672057292,26.924706152446895,-57.04211308850713
SSP2,MTS,UN_REPORTING_AREA,035,South-eastern Asia,554.534187830899,268.62583535903536,100.68317576095689,563.33106401575,265.806846053849,88.08671558329428,-8.796876184851044,-1.5615819447523105,2.818989305186392,1.0605405191916217,12.596460177662607,14.300067943561224
SSP2,MTS,UN_REPORTING_AREA,039,Southern Europe,119.22282906051635,36.82777858105433,48.708040881424324,119.80044580467123,36.09662763395524,47.16089695752885,-0.5776167441548807,-0.48214907738879376,0.7311509470990956,2.0255381043167597,1.5471439238954758,3.2805650946138076
SSP2,MTS,UN_REPORTING_AREA,053,Australia and New Zealand,154.59611973157885,8.923727490916482,-35.524732477214705,154.9141231072435,8.79481788505111,-37.059946858814754,-0.3180033756646594,-0.20527720086858103,0.12890960586537226,1.4657450279270012,1.5352143816000492,-4.142516413875796
SSP2,MTS,UN_REPORTING_AREA,054,Melanesia,3.3255433915781745,2.8125101615987362,2.4810032353574556,3.3340789545421856,2.77605958444277,2.4353535689363337,-0.008535562964011145,-0.25600962305895036,0.036450577155966446,1.3130329536238383,0.04564966642112189,1.8744574505894063
SSP2,MTS,UN_REPORTING_AREA,057,Micronesia,0.0030764601067212,0.0812555950056961,10.564046391527212,0.0033066724875345,0.0802216996550294,12.673202852387133,-0.00023021238081329977,-6.962055712537452,0.001033895350666697,1.2887976135044221,-2.1091564608599214,-16.642647367256803
SSP2,MTS,UN_REPORTING_AREA,061,Polynesia,0.013046490543444478,0.2076944635878468,2.87443997158565,0.013569555626468041,0.20616838830496992,3.4025626017711703,-0.0005230650830235634,-3.854695742602665,0.0015260752828768764,0.7402081839139596,-0.5281226301855204,-15.521320016584305
SSP2,MTS,UN_REPORTING_AREA,143,Central Asia,72.53410705532622,26.145163477762228,13.428345211740632,72.57223158536466,25.912573948494114,11.765580373900058,-0.03812453003844496,-0.0525332199459827,0.2325895292681146,0.8975933063632757,1.6627648378405748,14.132450631412418
SSP2,MTS,UN_REPORTING_AREA,145,Western Asia,214.84856766044663,96.59462472992297,71.79150462122756,214.40344415949704,96.13009335672379,69.84357869807295,0.44512350094959174,0.207610238116529,0.46453137319917914,0.48323200048852044,1.9479259231546138,2.788983553628177
SSP2,MTS,UN_REPORTING_AREA,151,Eastern Europe,754.2333409709337,67.03102519530265,-267.2536073163791,756.8533577380572,65.86145079006259,-273.0829454592355,-2.620016767123502,-0.34617231202537235,1.1695744052400556,1.7758102671745712,5.829338142856386,-2.134640130328669
SSP2,MTS,UN_REPORTING_AREA,154,Northern Europe,143.17831570508451,28.515936014502536,10.500205421039107,143.16397753096183,28.071512800172613,9.790899177152374,0.014338174122684677,0.01001521078833889,0.44442321432992316,1.5831822726960043,0.7093062438867328,7.244546502347204
SSP2,MTS,UN_REPORTING_AREA,155,Western Europe,408.37701403830533,41.78966758641455,-30.65684522723776,408.9217207613717,40.91571054286347,-30.148167730031133,-0.5447067230663833,-0.13320562235045186,0.87395704355108,2.135993807648817,-0.5086774972066266,1.6872584157077153
SSP2,MTS,UN_SPECIAL_GROUP,LDC,Least developed countries,356.0222787182217,376.17356797771856,337.1453257150028,359.362927437828,373.91305164123264,332.5732750261079,-3.3406487196062926,-0.9296030459859383,2.260516336485921,0.6045566814433911,4.572050688894876,1.3747498768612587
SSP2,MTS,UN_SPECIAL_GROUP,LLDC,Landlocked developing countries,307.18438776089977,203.28606061437182,144.01045285258581,307.81093096165455,202.25331333754207,141.15277998065883,-0.6265432007547815,-0.20354806724938168,1.0327472768297525,0.5106206962880222,2.8576728719269795,2.0245246833385355
SSP2,MTS,UN_SPECIAL_GROUP,PACIFIC_ISLANDS,Pacific island countries and areas,3.341666342228341,3.101460220192279,15.919489598470316,3.350955182656188,3.0624496724027694,18.51111902309464,-0.009288840427847056,-0.27719978100345655,0.03901054778950952,1.2738347389363636,-2.5916294246243243,-14.000393068571293
SSP2,MTS,UN_SPECIAL_GROUP,SIDS,Small island developing States,27.343755063963297,14.393382325140575,31.948791498138263,27.429637292363722,14.266195743402761,35.49919245011985,-0.08588222840042548,-0.31310012409218047,0.1271865817378135,0.8915241598071333,-3.5504009519815867,-10.001356951908914
SSP2,MTS,UN_SUBREGION,015,Northern Africa,143.47977688535244,93.68129471163624,71.70206927340939,143.62277837910588,93.44713433612964,71.74871825383232,-0.14300149375344517,-0.09956741915685408,0.23416037550660462,0.25058058459483945,-0.04664898042292975,-0.06501716205981056
SSP2,MTS,UN_SUBREGION,021,Northern America,932.8725867471786,113.91661776323767,-54.84486241715134,934.6342462978723,112.6439472330029,-59.83555583346465,-1.7616595506937074,-0.1884865184077822,1.2726705302347625,1.1298170576375943,4.990693416313313,-8.340681968767027
SSP2,MTS,UN_SUBREGION,030,Eastern Asia,1454.6357247430133,395.41449816104483,-206.6036420067329,1477.783465530999,484.6412207305574,-142.48725229344026,-23.14774078798564,-1.5663824455951825,-89.22672256951256,-18.410881855037108,-64.11638971329265,44.99798310465728
SSP2,MTS,UN_SUBREGION,034,Southern Asia,2135.80271704197,618.3900560832461,-20.27674676475175,2142.4129160428456,615.0554005787449,-47.201452917198644,-6.610199000875582,-0.3085399155026147,3.3346555045012565,0.5421715672057292,26.924706152446895,-57.04211308850713
SSP2,MTS,UN_SUBREGION,035,South-eastern Asia,554.534187830899,268.62583535903536,100.68317576095689,563.33106401575,265.806846053849,88.08671558329428,-8.796876184851044,-1.5615819447523105,2.818989305186392,1.0605405191916217,12.596460177662607,14.300067943561224
SSP2,MTS,UN_SUBREGION,039,Southern Europe,119.22282906051635,36.82777858105433,48.708040881424324,119.80044580467123,36.09662763395524,47.16089695752885,-0.5776167441548807,-0.48214907738879376,0.7311509470990956,2.0255381043167597,1.5471439238954758,3.2805650946138076
SSP2,MTS,UN_SUBREGION,053,Australia and New Zealand,154.59611973157885,8.923727490916482,-35.524732477214705,154.9141231072435,8.79481788505111,-37.059946858814754,-0.3180033756646594,-0.20527720086858103,0.12890960586537226,1.4657450279270012,1.5352143816000492,-4.142516413875796
SSP2,MTS,UN_SUBREGION,054,Melanesia,3.3255433915781745,2.8125101615987362,2.4810032353574556,3.3340789545421856,2.77605958444277,2.4353535689363337,-0.008535562964011145,-0.25600962305895036,0.036450577155966446,1.3130329536238383,0.04564966642112189,1.8744574505894063
SSP2,MTS,UN_SUBREGION,057,Micronesia,0.0030764601067212,0.0812555950056961,10.564046391527212,0.0033066724875345,0.0802216996550294,12.673202852387133,-0.00023021238081329977,-6.962055712537452,0.001033895350666697,1.2887976135044221,-2.1091564608599214,-16.642647367256803
SSP2,MTS,UN_SUBREGION,061,Polynesia,0.013046490543444478,0.2076944635878468,2.87443997158565,0.013569555626468041,0.20616838830496992,3.4025626017711703,-0.0005230650830235634,-3.854695742602665,0.0015260752828768764,0.7402081839139596,-0.5281226301855204,-15.521320016584305
SSP2,MTS,UN_SUBREGION,143,Central Asia,72.53410705532622,26.145163477762228,13.428345211740632,72.57223158536466,25.912573948494114,11.765580373900058,-0.03812453003844496,-0.0525332199459827,0.2325895292681146,0.8975933063632757,1.6627648378405748,14.132450631412418
SSP2,MTS,UN_SUBREGION,145,Western Asia,214.84856766044663,96.59462472992297,71.79150462122756,214.40344415949704,96.13009335672379,69.84357869807295,0.44512350094959174,0.207610238116529,0.46453137319917914,0.48323200048852044,1.9479259231546138,2.788983553628177
SSP2,MTS,UN_SUBREGION,151,Eastern Europe,754.2333409709337,67.03102519530265,-267.2536073163791,756.8533577380572,65.86145079006259,-273.0829454592355,-2.620016767123502,-0.34617231202537235,1.1695744052400556,1.7758102671745712,5.829338142856386,-2.134640130328669
SSP2,MTS,UN_SUBREGION,154,Northern Europe,143.17831570508451,28.515936014502536,10.500205421039107,143.16397753096183,28.071512800172613,9.790899177152374,0.014338174122684677,0.01001521078833889,0.44442321432992316,1.5831822726960043,0.7093062438867328,7.244546502347204
SSP2,MTS,UN_SUBREGION,155,Western Europe,408.37701403830533,41.78966758641455,-30.65684522723776,408.9217207613717,40.91571054286347,-30.148167730031133,-0.5447067230663833,-0.13320562235045186,0.87395704355108,2.135993807648817,-0.5086774972066266,1.6872584157077153
SSP2,MTS,UN_SUBREGION,202,Sub-Saharan Africa,305.75628631184765,349.1539990091758,336.7960295813201,306.58076906236033,347.5015188843682,334.50320415704385,-0.8244827505126864,-0.2689283979012358,1.652480124807596,0.4755317703682982,2.292825424276259,0.6854419915212073
SSP2,MTS,UN_SUBREGION,419,Latin America and the Caribbean,1963.180985371989,192.78907827467094,-54.368424140116666,1964.90285176194,191.12928513606937,-61.595391131730395,-1.7218663899509465,-0.08763112071453749,1.6597931386015716,0.8684138264944297,7.226966991613729,-11.732967124371118
SSP2,MTS,WB_DEVELOPMENT_STATUS,DEVELOPING_ECONOMIES,"Developing economies (World Bank FY25 LIC, LMC and UMC)",6952.03988664833,1999.0036107726137,175.7091613843121,6992.979510117144,2078.104120105665,187.14565036542393,-40.93962346881381,-0.5854389164101526,-79.10050933305138,-3.8063785431997177,-11.436488981111836,-6.111009771683573
SSP2,MTS,WB_INCOME_FY25,HIC,High income,2395.993024356379,333.6216787515101,-184.98277033354657,2401.74862137209,328.7283272992439,-196.47440453968545,-5.755597015710919,-0.23964194106304015,4.893351452266188,1.488570057977312,11.491634206138883,-5.8489217631489065
SSP2,MTS,WB_INCOME_FY25,LIC,Low income,135.0700928887989,202.39012709651195,188.44015962972466,135.16934947187198,201.4903378963824,189.61435068347544,-0.09925658307307117,-0.07343127969534624,0.8997892001295327,0.44656692202891257,-1.174191053750775,-0.619252208241805
SSP2,MTS,WB_INCOME_FY25,LMC,Lower middle income,2667.802512032478,1002.290384208175,264.79868208408385,2680.18215680284,995.6908494599691,226.5973803330447,-12.37964477036212,-0.46189564910504854,6.599534748205997,0.6628096212579759,38.20130175103915,16.858668751991868
SSP2,MTS,WB_INCOME_FY25,NCL,Not classified,12.561314491960612,8.275473133991113,9.273608949238428,12.52021547146274,8.23814217753842,9.32875417426547,0.04109902049787273,0.328261287447873,0.0373309564526938,0.45314775647449235,-0.05514522502704189,-0.5911317202372701
SSP2,MTS,WB_INCOME_FY25,UMC,Upper middle income,4149.167281727054,794.3230994679269,-277.5296803294964,4177.628003842432,880.9229327493133,-229.06608065109617,-28.460722115378303,-0.6812651123843771,-86.5998332813864,-9.83057995903376,-48.463599678400215,21.157038851255304
SSP2,PTS,ECONOMIC,EU27,European Union (27),790.6803882771989,98.2038561286304,-66.49845801458656,788.7812895044212,98.51934821741945,-63.37881274444264,1.89909877277762,0.24076366897227697,-0.31549208878904267,-0.3202336337962741,-3.11964527014392,4.922221062617593
SSP2,PTS,FOCUS,CHINA_MAINLAND,China mainland,1445.844620582131,457.30109229341156,-179.0689681423844,1446.1145694426398,464.8229532407242,-173.15016207093205,-0.2699488605087481,-0.018667183514564645,-7.521860947312632,-1.618220635377532,-5.918806071452337,3.418308132468084
SSP2,PTS,FOCUS,USA,United States,816.7533438561671,101.46871855085928,-11.30024090814832,815.537543922867,101.79980916478486,-10.617551928273624,1.2157999333001044,0.14907957853809162,-0.33109061392558203,-0.3252369691475909,-0.6826889798746958,6.429815314175702
SSP2,PTS,GLOBAL,WORLD,World,9409.441005809174,2407.1662991223466,-1.0805384365042414e-12,9407.248346960696,2415.070589582447,3.932356176794549e-12,2.192658848478459,0.023308185003823034,-7.904290460100583,-0.3272902454361515,-5.012894613298791e-12,
SSP2,PTS,UN_REGION,002,Africa,450.26755591791203,441.01266805630405,405.99650197631513,450.20354744146624,440.9486532204978,406.25192241087615,0.06400847644579244,0.014217674829430926,0.06401483580623335,0.014517526097135303,-0.2554204345610174,-0.06287242483561384
SSP2,PTS,UN_REGION,009,Oceania,158.37510119957005,11.834796577108351,-19.253037977490063,158.2650782898997,11.857267557453879,-18.54882783572012,0.11002290967036288,0.06951812165967297,-0.022470980345527636,-0.18951229899001332,-0.7042101417699413,3.796520987778096
SSP2,PTS,UN_REGION,019,Americas,2902.1607484865,302.9433866176705,-122.5141384638727,2899.5370980598127,303.7732323690723,-121.43094696519506,2.6236504266871634,0.09048514773073446,-0.8298457514017628,-0.27317935320697595,-1.0831914986776354,0.8920226068797055
SSP2,PTS,UN_REGION,142,Asia,4467.521184900166,1480.8948662041603,-15.454763360940191,4470.5031213344555,1487.5461346683692,-19.992830555371583,-2.9819364342893095,-0.06670247963945775,-6.651268464208897,-0.44713023073342795,4.538067194431392,-22.698472744331465
SSP2,PTS,UN_REGION,150,Europe,1431.1164153050254,170.48058166710365,-248.77456217401334,1428.739501835062,170.94530176705393,-246.27931705458542,2.3769134699634833,0.16636436991561698,-0.4647200999502843,-0.2718530987084744,-2.4952451194279206,1.013176887637246
SSP2,PTS,UN_REPORTING_AREA,005,South America,1708.4755754927787,124.95140054976291,-138.06661703511404,1707.4880284063597,125.25840986768388,-138.12003763253554,0.9875470864189992,0.05783625243573898,-0.3070093179209721,-0.24510076269153025,0.053420597421506955,-0.03867693517694004
SSP2,PTS,UN_REPORTING_AREA,011,Western Africa,89.11633169622245,132.94795558644748,114.44400600669618,89.25003129930631,132.87485518649032,114.30496754492407,-0.13369960308386908,-0.1498034243097357,0.07310039995715556,0.0550144719665413,0.13903846177211676,0.12163816215378098
SSP2,PTS,UN_REPORTING_AREA,013,Central America,241.63554693378325,58.388560085771324,67.40142683844554,241.3133998377978,58.5468268716083,67.49588873662925,0.3221470959854571,0.13349739227161983,-0.15826678583697884,-0.27032512997511304,-0.09446189818370954,-0.13995207701065215
SSP2,PTS,UN_REPORTING_AREA,014,Eastern Africa,147.63117269528874,161.89986528192102,157.47206466757854,147.52316724665835,161.90032561429274,157.6424641248759,0.10800544863039363,0.07321253376413317,-0.0004603323717162766,-0.0002843307263078465,-0.17039945729734995,-0.10809235839042142
SSP2,PTS,UN_REPORTING_AREA,015,Northern Africa,143.65583050653774,93.47480997820242,71.58220987080811,143.62277837910588,93.44713433612964,71.74871825383232,0.03305212743185848,0.0230131513990095,0.027675642072779283,0.02961636252347688,-0.16650838302420823,-0.23207157852651594
SSP2,PTS,UN_REPORTING_AREA,017,Middle Africa,16.835653934368626,32.29674857677567,37.00168298408822,16.83597120912288,32.310484553091726,37.07843081823063,-0.00031727475425569196,-0.0018845052080163072,-0.013735976316056053,-0.04251244296099577,-0.07674783414240949,-0.20698781595869242
SSP2,PTS,UN_REPORTING_AREA,018,Southern Africa,53.028567085494515,20.393288632957443,25.496538447144086,52.971599307272804,20.415853530493397,25.47734166901326,0.056967778221711285,0.10754400276129505,-0.02256489753595403,-0.11052634905638348,0.01919677813082643,0.0753484346217137
SSP2,PTS,UN_REPORTING_AREA,021,Northern America,935.9346979156925,112.29017533473237,-60.62624134212048,934.6342462978723,112.6439472330029,-59.83555583346465,1.3004516178201584,0.13914016343519187,-0.3537718982705371,-0.31406205744793914,-0.7906855086558267,1.321430874405971
SSP2,PTS,UN_REPORTING_AREA,029,Caribbean,16.11492814424578,7.3132506474038905,8.777293074916267,16.101423517782532,7.324048396777194,9.028757764175898,0.01350462646324857,0.08387225171944124,-0.010797749373303134,-0.1474287004719188,-0.25146468925963106,-2.7851526846515595
SSP2,PTS,UN_REPORTING_AREA,030,Eastern Asia,1477.644002080055,477.0623808037472,-149.07597635669157,1477.783465530999,484.6412207305574,-142.48725229344026,-0.13946345094382195,-0.009437340056694943,-7.57883992681019,-1.5638042334462754,-6.5887240632513056,4.624079668321768
SSP2,PTS,UN_REPORTING_AREA,034,Southern Asia,2141.1794588245293,615.8458929193473,-39.250775842984,2142.4129160428456,615.0554005787449,-47.201452917198644,-1.233457218316289,-0.057573272130684305,0.7904923406024409,0.12852376222671769,7.950677074214646,-16.84413631962096
SSP2,PTS,UN_REPORTING_AREA,035,South-eastern Asia,561.3115631037615,265.87131326187756,90.48166857899788,563.33106401575,265.806846053849,88.08671558329428,-2.01950091198853,-0.35849273029474604,0.06446720802858863,0.024253403923069072,2.394952995703605,2.718858320286621
SSP2,PTS,UN_REPORTING_AREA,039,Southern Europe,120.27085586473854,35.98322734255268,46.66708237706213,119.80044580467123,36.09662763395524,47.16089695752885,0.4704100600673087,0.39266136023758946,-0.11340029140255581,-0.31415757879798,-0.49381458046671867,-1.0470847933859884
SSP2,PTS,UN_REPORTING_AREA,053,Australia and New Zealand,155.0206829639466,8.775818493057347,-36.80655485668936,154.9141231072435,8.79481788505111,-37.059946858814754,0.1065598567030861,0.06878640537462122,-0.01899939199376277,-0.21602939642509922,0.2533920021253948,-0.6837354707785459
SSP2,PTS,UN_REPORTING_AREA,054,Melanesia,3.337306921900152,2.7734491330902595,2.4296158263101297,3.3340789545421856,2.77605958444277,2.4353535689363337,0.003227967357966488,0.09681736401498942,-0.002610451352510257,-0.0940344136393656,-0.005737742626203968,-0.23560203739574348
SSP2,PTS,UN_REPORTING_AREA,057,Micronesia,0.0033754750901687,0.0799514179895217,11.913077832895238,0.0033066724875345,0.0802216996550294,12.673202852387133,6.88026026342001e-05,2.080720207204445,-0.0002702816655077017,-0.33691839822638237,-0.7601250194918947,-5.997891995776872
SSP2,PTS,UN_REPORTING_AREA,061,Polynesia,0.013735838633143631,0.205577532971223,3.2108232199939275,0.013569555626468041,0.20616838830496992,3.4025626017711703,0.00016628300667559034,1.2254123219130886,-0.0005908553337469202,-0.2865887144991919,-0.1917393817772428,-5.635146335806862
SSP2,PTS,UN_REPORTING_AREA,143,Central Asia,72.65781407504824,25.92892622049139,12.169105533243615,72.57223158536466,25.912573948494114,11.765580373900058,0.08558248968357418,0.11792732263291583,0.016352271997277512,0.06310554879565,0.40352515934355715,3.4297089180463036
SSP2,PTS,UN_REPORTING_AREA,145,Western Asia,214.72834681677227,96.18635299869672,70.22121472649386,214.40344415949704,96.13009335672379,69.84357869807295,0.3249026572752314,0.1515379841722675,0.056259641972928875,0.05852448490208939,0.37763602842090904,0.5406882571888261
SSP2,PTS,UN_REPORTING_AREA,151,Eastern Europe,757.3843187284758,65.68317673735014,-273.0084940397848,756.8533577380572,65.86145079006259,-273.0829454592355,0.5309609904186345,0.07015374708854161,-0.1782740527124531,-0.270680421663827,0.0744514194506678,-0.02726329882134504
SSP2,PTS,UN_REPORTING_AREA,154,Northern Europe,143.57736984159507,28.01813577626186,9.418275140432748,143.16397753096183,28.071512800172613,9.790899177152374,0.4133923106332418,0.28875441836884175,-0.05337702391075183,-0.19014658843189425,-0.3726240367196265,-3.8058203845992677
SSP2,PTS,UN_REPORTING_AREA,155,Western Europe,409.8838708702161,40.79604181093896,-31.851425651723435,408.9217207613717,40.91571054286347,-30.148167730031133,0.9621501088443551,0.23528955787746053,-0.11966873192451288,-0.2924762403897385,-1.7032579216923018,5.64962334343011
SSP2,PTS,UN_SPECIAL_GROUP,LDC,Least developed countries,358.5580969690549,374.2046219929657,333.21223602202434,359.362927437828,373.91305164123264,332.5732750261079,-0.8048304687731047,-0.22396034964189404,0.2915703517330712,0.07797811562160195,0.6389609959164204,0.1921263805296114
SSP2,PTS,UN_SPECIAL_GROUP,LLDC,Landlocked developing countries,307.9479761547691,202.2594303833227,141.416870101508,307.81093096165455,202.25331333754207,141.15277998065883,0.13704519311454533,0.04452252318862815,0.006117045780626995,0.003024447748067871,0.2640901208491755,0.1870952317661434
SSP2,PTS,UN_SPECIAL_GROUP,PACIFIC_ISLANDS,Pacific island countries and areas,3.354418235623464,3.0589780840510046,17.553516879199293,3.350955182656188,3.0624496724027694,18.51111902309464,0.0034630529672763366,0.10334524869806128,-0.003471588351764865,-0.11335984989562231,-0.9576021438953468,-5.173118614280603
SSP2,PTS,UN_SPECIAL_GROUP,SIDS,Small island developing States,27.43173326688606,14.252942368092643,34.12634006437653,27.429637292363722,14.266195743402761,35.49919245011985,0.0020959745223372295,0.0076412768422517985,-0.013253375310117832,-0.09290055701252076,-1.3728523857433217,-3.8672777913816625
SSP2,PTS,UN_SUBREGION,015,Northern Africa,143.65583050653774,93.47480997820242,71.58220987080811,143.62277837910588,93.44713433612964,71.74871825383232,0.03305212743185848,0.0230131513990095,0.027675642072779283,0.02961636252347688,-0.16650838302420823,-0.23207157852651594
SSP2,PTS,UN_SUBREGION,021,Northern America,935.9346979156925,112.29017533473237,-60.62624134212048,934.6342462978723,112.6439472330029,-59.83555583346465,1.3004516178201584,0.13914016343519187,-0.3537718982705371,-0.31406205744793914,-0.7906855086558267,1.321430874405971
SSP2,PTS,UN_SUBREGION,030,Eastern Asia,1477.644002080055,477.0623808037472,-149.07597635669157,1477.783465530999,484.6412207305574,-142.48725229344026,-0.13946345094382195,-0.009437340056694943,-7.57883992681019,-1.5638042334462754,-6.5887240632513056,4.624079668321768
SSP2,PTS,UN_SUBREGION,034,Southern Asia,2141.1794588245293,615.8458929193473,-39.250775842984,2142.4129160428456,615.0554005787449,-47.201452917198644,-1.233457218316289,-0.057573272130684305,0.7904923406024409,0.12852376222671769,7.950677074214646,-16.84413631962096
SSP2,PTS,UN_SUBREGION,035,South-eastern Asia,561.3115631037615,265.87131326187756,90.48166857899788,563.33106401575,265.806846053849,88.08671558329428,-2.01950091198853,-0.35849273029474604,0.06446720802858863,0.024253403923069072,2.394952995703605,2.718858320286621
SSP2,PTS,UN_SUBREGION,039,Southern Europe,120.27085586473854,35.98322734255268,46.66708237706213,119.80044580467123,36.09662763395524,47.16089695752885,0.4704100600673087,0.39266136023758946,-0.11340029140255581,-0.31415757879798,-0.49381458046671867,-1.0470847933859884
SSP2,PTS,UN_SUBREGION,053,Australia and New Zealand,155.0206829639466,8.775818493057347,-36.80655485668936,154.9141231072435,8.79481788505111,-37.059946858814754,0.1065598567030861,0.06878640537462122,-0.01899939199376277,-0.21602939642509922,0.2533920021253948,-0.6837354707785459
SSP2,PTS,UN_SUBREGION,054,Melanesia,3.337306921900152,2.7734491330902595,2.4296158263101297,3.3340789545421856,2.77605958444277,2.4353535689363337,0.003227967357966488,0.09681736401498942,-0.002610451352510257,-0.0940344136393656,-0.005737742626203968,-0.23560203739574348
SSP2,PTS,UN_SUBREGION,057,Micronesia,0.0033754750901687,0.0799514179895217,11.913077832895238,0.0033066724875345,0.0802216996550294,12.673202852387133,6.88026026342001e-05,2.080720207204445,-0.0002702816655077017,-0.33691839822638237,-0.7601250194918947,-5.997891995776872
SSP2,PTS,UN_SUBREGION,061,Polynesia,0.013735838633143631,0.205577532971223,3.2108232199939275,0.013569555626468041,0.20616838830496992,3.4025626017711703,0.00016628300667559034,1.2254123219130886,-0.0005908553337469202,-0.2865887144991919,-0.1917393817772428,-5.635146335806862
SSP2,PTS,UN_SUBREGION,143,Central Asia,72.65781407504824,25.92892622049139,12.169105533243615,72.57223158536466,25.912573948494114,11.765580373900058,0.08558248968357418,0.11792732263291583,0.016352271997277512,0.06310554879565,0.40352515934355715,3.4297089180463036
SSP2,PTS,UN_SUBREGION,145,Western Asia,214.72834681677227,96.18635299869672,70.22121472649386,214.40344415949704,96.13009335672379,69.84357869807295,0.3249026572752314,0.1515379841722675,0.056259641972928875,0.05852448490208939,0.37763602842090904,0.5406882571888261
SSP2,PTS,UN_SUBREGION,151,Eastern Europe,757.3843187284758,65.68317673735014,-273.0084940397848,756.8533577380572,65.86145079006259,-273.0829454592355,0.5309609904186345,0.07015374708854161,-0.1782740527124531,-0.270680421663827,0.0744514194506678,-0.02726329882134504
SSP2,PTS,UN_SUBREGION,154,Northern Europe,143.57736984159507,28.01813577626186,9.418275140432748,143.16397753096183,28.071512800172613,9.790899177152374,0.4133923106332418,0.28875441836884175,-0.05337702391075183,-0.19014658843189425,-0.3726240367196265,-3.8058203845992677
SSP2,PTS,UN_SUBREGION,155,Western Europe,409.8838708702161,40.79604181093896,-31.851425651723435,408.9217207613717,40.91571054286347,-30.148167730031133,0.9621501088443551,0.23528955787746053,-0.11966873192451288,-0.2924762403897385,-1.7032579216923018,5.64962334343011
SSP2,PTS,UN_SUBREGION,202,Sub-Saharan Africa,306.6117254113743,347.53785807810164,334.41429210550706,306.58076906236033,347.5015188843682,334.50320415704385,0.030956349013990803,0.010097289894828165,0.03633919373345407,0.010457276230080303,-0.08891205153679493,-0.026580328807568332
SSP2,PTS,UN_SUBREGION,419,Latin America and the Caribbean,1966.2260505708077,190.65321128293812,-61.88789712175223,1964.90285176194,191.12928513606937,-61.595391131730395,1.3231988088678008,0.06734169110098609,-0.47607385313125405,-0.2490847244012495,-0.2925059900218372,0.47488291680179984
SSP2,PTS,WB_DEVELOPMENT_STATUS,DEVELOPING_ECONOMIES,"Developing economies (World Bank FY25 LIC, LMC and UMC)",6991.2042859085705,2071.082137938395,191.45802085816112,6992.979510117144,2078.104120105665,187.14565036542393,-1.7752242085734906,-0.025385805950173257,-7.021982167269925,-0.337903288835828,4.3123704927371875,2.3042857177373754
SSP2,PTS,WB_INCOME_FY25,HIC,High income,2405.6843640689362,327.8529687587523,-200.73003262058666,2401.74862137209,328.7283272992439,-196.47440453968545,3.9357426968463187,0.16386988470915576,-0.875358540491618,-0.26628631237330946,-4.255628080901204,2.16599617180242
SSP2,PTS,WB_INCOME_FY25,LIC,Low income,135.2435440667775,201.52992250604586,188.78057038013472,135.16934947187198,201.4903378963824,189.61435068347544,0.07419459490552072,0.05489010281947149,0.03958460966345001,0.019645909613696944,-0.833780303340717,-0.4397242615526209
SSP2,PTS,WB_INCOME_FY25,LMC,Lower middle income,2677.986717161277,996.4850320017671,236.24314355592426,2680.18215680284,995.6908494599691,226.5973803330447,-2.195439641563098,-0.08191382201357955,0.7941825417980226,0.07976196047485562,9.645763222879566,4.256784967550176
SSP2,PTS,WB_INCOME_FY25,NCL,Not classified,12.552355831667988,8.231192425199263,9.27201176242447,12.52021547146274,8.23814217753842,9.32875417426547,0.0321403602052488,0.2567077242281224,-0.006949752339156845,-0.08436067488741816,-0.05674241184100026,-0.6082528361346595
SSP2,PTS,WB_INCOME_FY25,UMC,Upper middle income,4177.974024680516,873.0671834305822,-233.56569307789786,4177.628003842432,880.9229327493133,-229.06608065109617,0.3460208380838594,0.008282710613904953,-7.855749318731114,-0.8917635160448967,-4.49961242680169,1.964329425819833
SSP3,CGS,ECONOMIC,EU27,European Union (27),766.2918529803503,96.15658620123054,-78.51510725769192,768.2039772069562,92.59698490942455,-78.72988570476731,-1.912124226605897,-0.24890839976616785,3.55960129180599,3.844187038366176,0.21477844707538907,-0.2728042155183519
SSP3,CGS,FOCUS,CHINA_MAINLAND,China mainland,1294.8046530134795,302.6680691090638,-209.13172675634596,1329.2272165029422,443.838838169291,-108.10669409385049,-34.42256348946262,-2.5896673692873073,-141.1707690602272,-31.80676338342009,-101.02503266249546,93.44937749626565
SSP3,CGS,FOCUS,USA,United States,828.0486847475287,99.91390018900066,-45.48637317737118,829.2347801089458,97.91170856864747,-52.19383864964581,-1.186095361417074,-0.14303492688297892,2.0021916203531873,2.044894987149992,6.7074654722746345,-12.851067570061069
SSP3,CGS,GLOBAL,WORLD,World,9036.332455555354,2222.1102203157934,8.349614402658467e-14,9104.412046423737,2337.743910215553,-2.611146325201541e-12,-68.0795908683831,-0.747764825682784,-115.6336898997597,-4.946379686605518,2.6946424692281257e-12,
SSP3,CGS,UN_REGION,002,Africa,444.39795531611674,438.95012039972016,399.81634481692663,445.71174917912225,435.85040806247054,396.11933159877424,-1.3137938630055146,-0.2947631211035251,3.0997123372496276,0.7111872054976542,3.6970132181523923,0.9333079512254372
SSP3,CGS,UN_REGION,009,Oceania,160.91392123418322,11.25875828476395,-31.178273608949382,161.29143851051563,10.984138089376435,-29.283675532430937,-0.37751727633241217,-0.23405909192619756,0.2746201953875147,2.5001524302860068,-1.8945980765184451,6.4698096877225275
SSP3,CGS,UN_REGION,019,Americas,2912.755659744484,299.0578516020481,-188.17471963701556,2917.7690189565938,293.93137694901327,-208.40637785142602,-5.013359212109663,-0.17182166167157842,5.1264746530348475,1.744105956379105,20.23165821441046,-9.707792258082293
SSP3,CGS,UN_REGION,142,Asia,4142.174818019179,1307.2973194458953,66.1568624326897,4198.593347860228,1436.892949604487,99.2600853760175,-56.41852984104935,-1.3437483739596412,-129.5956301585918,-9.01915693818831,-33.10322294332779,-33.34998435466383
SSP3,CGS,UN_REGION,150,Europe,1376.0901012413908,165.54617058336595,-246.62021400365154,1381.0464919172764,160.0850375102059,-257.68936359093743,-4.9563906758855865,-0.35888659106650955,5.461133073160056,3.4113950673321902,11.069149587285892,-4.295539960608286
SSP3,CGS,UN_REPORTING_AREA,005,South America,1721.667918603345,123.21027653044732,-174.21101359325533,1724.2801379597724,121.28864708709418,-184.66237598229498,-2.612219356427431,-0.1514962272614384,1.9216294433531402,1.5843440334306624,10.451362389039645,-5.659714023197504
SSP3,CGS,UN_REPORTING_AREA,011,Western Africa,88.35611016469694,135.61455268949433,117.93380055732715,89.42152078619202,134.4872708787339,115.98157749570586,-1.0654106214950758,-1.1914476650900285,1.1272818107604223,0.83820706851645,1.9522230616212823,1.6832182349766356
SSP3,CGS,UN_REPORTING_AREA,013,Central America,231.05301897672433,58.39611226073987,74.53484303627542,230.90943475365037,57.514884083142334,71.90629727738354,0.14358422307395813,0.0621820512562099,0.881228177597535,1.5321741348268247,2.6285457588918746,3.6555153837946497
SSP3,CGS,UN_REPORTING_AREA,014,Eastern Africa,150.561305856289,160.68409005608947,149.77475041418253,150.61094720816885,159.55387445237938,148.6268650007135,-0.04964135187984198,-0.03295998916414966,1.1302156037100985,0.7083598612626751,1.1478854134690266,0.7723270039124541
SSP3,CGS,UN_REPORTING_AREA,015,Northern Africa,130.82407604150495,90.66239125591662,76.90987133209526,130.91292971935582,90.28889325736691,77.10039052956404,-0.08885367785086373,-0.06787234694185518,0.3734979985497091,0.4136699266930499,-0.19051919746877388,-0.24710535985640325
SSP3,CGS,UN_REPORTING_AREA,017,Middle Africa,18.248915212535806,32.48816789129054,35.50523887555327,18.363093991664005,32.15263885377302,35.32215932498935,-0.11417877912819918,-0.6217839933729596,0.3355290375175173,1.0435505435291592,0.18307955056391734,0.5183135857563359
SSP3,CGS,UN_REPORTING_AREA,018,Southern Africa,56.40754804109002,19.500918506929214,19.692683637768365,56.40325747374152,19.367730620217344,19.088339247801464,0.004290567348498087,0.007606949564031851,0.13318788671186965,0.6876793638013412,0.6043443899669008,3.166039654479147
SSP3,CGS,UN_REPORTING_AREA,021,Northern America,945.166369741605,110.21615652719782,-96.93911722887142,947.6944752765625,107.99490144836504,-104.97465747300039,-2.52810553495749,-0.26676377259873263,2.221255078832783,2.0568147653663216,8.035540244128967,-7.654742999467013
SSP3,CGS,UN_REPORTING_AREA,029,Caribbean,14.868352422809773,7.235306283663131,8.44056814883579,14.884970966608176,7.132944330411694,9.3243583264858,-0.016618543798402996,-0.11164646431413017,0.10236195325143704,1.435058911297138,-0.8837901776500097,-9.478294877832049
SSP3,CGS,UN_REPORTING_AREA,030,Eastern Asia,1324.805056373418,322.1735976016284,-181.99706699725084,1359.7735759295076,462.7389283013159,-79.78711593185736,-34.96851955608963,-2.571642821650366,-140.56533069968754,-30.376811221760313,-102.20995106539348,128.1033283026378
SSP3,CGS,UN_REPORTING_AREA,034,Southern Asia,2012.0768748139258,602.8352983434324,51.4512578703477,2020.8510525721517,597.6233918728288,8.070503410966822,-8.77417775822596,-0.4341823088375607,5.211906470603594,0.8721055001328804,43.38075445938088,537.5222864094421
SSP3,CGS,UN_REPORTING_AREA,035,South-eastern Asia,537.9209422117269,261.8611464564186,100.68427272961887,551.484640272301,257.21345239908493,80.9012176559518,-13.563698060574097,-2.4594879113726376,4.647694057333695,1.8069405056320598,19.78305507366707,24.453346496956783
SSP3,CGS,UN_REPORTING_AREA,039,Southern Europe,118.86024864931575,34.7362518831487,38.72720578235928,119.73733670019757,33.505345800931416,36.262830770320505,-0.8770880508818237,-0.7325100716728872,1.230906082217281,3.6737602695718685,2.464375012038772,6.795870481395938
SSP3,CGS,UN_REPORTING_AREA,053,Australia and New Zealand,157.80280933186125,8.286853773464534,-44.13413018207117,158.16319822907758,8.075446003921723,-46.46552360543341,-0.3603888972163247,-0.2278588832620554,0.21140776954281115,2.6179082794949515,2.3313934233622433,-5.017469389045304
SSP3,CGS,UN_REPORTING_AREA,054,Melanesia,3.095309183147571,2.678856773693229,2.5585692155144546,3.111151258285998,2.6202755864309566,2.483043570554657,-0.015842075138426726,-0.5092029870368497,0.05858118726227257,2.2356880156283676,0.07552564495979741,3.041656048867747
SSP3,CGS,UN_REPORTING_AREA,057,Micronesia,0.0029149176342100997,0.0792117344896693,8.124700196061344,0.0033131163892157,0.0774651174999905,11.564143518674763,-0.00039819875500560035,-12.018858024479616,0.0017466169896788036,2.2547141811009475,-3.4394433226134193,-29.74230920827914
SSP3,CGS,UN_REPORTING_AREA,061,Polynesia,0.012887801540178122,0.21383600311651713,2.272587161545984,0.013775906762851241,0.2109513815237648,3.134660983773051,-0.0008881052226731197,-6.446800475363457,0.0028846215927523233,1.3674343215559048,-0.862073822227067,-27.501341506775233
SSP3,CGS,UN_REPORTING_AREA,143,Central Asia,70.76381014472264,25.53821264275428,13.361143969401247,70.71490845500196,25.166631997036667,10.611192197132247,0.04890168972067954,0.06915329566155037,0.3715806457176143,1.4764814209599741,2.749951772269,25.915577827458392
SSP3,CGS,UN_REPORTING_AREA,145,Western Asia,196.6081344753855,94.88906440166167,82.65725486057275,195.76917063126623,94.15054503422061,79.46428804382401,0.8389638441192631,0.4285474783460419,0.7385193674410573,0.7844026470294141,3.1929668167487364,4.018115426879354
SSP3,CGS,UN_REPORTING_AREA,151,Eastern Europe,718.3653459337143,63.90379152802063,-251.1345278751287,722.1802152339593,61.90540328652,-260.3945361713748,-3.81486930024505,-0.5282433968381683,1.9983882415006349,3.2281321749111136,9.260008296246099,-3.556145390912413
SSP3,CGS,UN_REPORTING_AREA,154,Northern Europe,141.18864401015657,26.95399982554945,3.986805728762631,140.9917270629077,26.209480914539526,3.050425657682462,0.19691694724886588,0.13966560404001793,0.7445189110099228,2.8406472964403795,0.9363800710801691,30.69670190853222
SSP3,CGS,UN_REPORTING_AREA,155,Western Europe,397.6758626482041,39.9521273466472,-38.19969763964477,398.1372129202118,38.46480750821496,-36.60808384756559,-0.46135027200773493,-0.11587720439992788,1.4873198384322421,3.8667029286825194,-1.5916137920791797,4.347711283405564
SSP3,CGS,UN_SPECIAL_GROUP,LDC,Least developed countries,363.42953044460745,370.49154423500653,313.8190552001406,368.79416126436354,366.87146454006836,306.2900253940166,-5.364630819756087,-1.4546409306926522,3.6200796949381697,0.9867433269787007,7.529029806124015,2.4581374455268534
SSP3,CGS,UN_SPECIAL_GROUP,LLDC,Landlocked developing countries,299.60243230986543,201.11104556478728,144.49431648566383,300.33512247973215,199.42723206711065,139.82136776506343,-0.7326901698667143,-0.2439575377722103,1.6838134976766241,0.8443247595744552,4.672948720600402,3.3420848295892647
SSP3,CGS,UN_SPECIAL_GROUP,PACIFIC_ISLANDS,Pacific island countries and areas,3.111111902321959,2.9719045112994156,12.955856573121782,3.128240281438065,2.9086920854547116,17.18184807300247,-0.017128379116106096,-0.5475403925248368,0.06321242584470399,2.1732250780619244,-4.2259914998806885,-24.595674935113145
SSP3,CGS,UN_SPECIAL_GROUP,SIDS,Small island developing States,26.2840129906177,14.052060867096161,27.802343877373982,26.411202914713584,13.839348964220575,33.587204558294786,-0.1271899240958838,-0.48157565752154907,0.2127119028755864,1.5370080155180599,-5.784860680920804,-17.22340622566685
SSP3,CGS,UN_SUBREGION,015,Northern Africa,130.82407604150495,90.66239125591662,76.90987133209526,130.91292971935582,90.28889325736691,77.10039052956404,-0.08885367785086373,-0.06787234694185518,0.3734979985497091,0.4136699266930499,-0.19051919746877388,-0.24710535985640325
SSP3,CGS,UN_SUBREGION,021,Northern America,945.166369741605,110.21615652719782,-96.93911722887142,947.6944752765625,107.99490144836504,-104.97465747300039,-2.52810553495749,-0.26676377259873263,2.221255078832783,2.0568147653663216,8.035540244128967,-7.654742999467013
SSP3,CGS,UN_SUBREGION,030,Eastern Asia,1324.805056373418,322.1735976016284,-181.99706699725084,1359.7735759295076,462.7389283013159,-79.78711593185736,-34.96851955608963,-2.571642821650366,-140.56533069968754,-30.376811221760313,-102.20995106539348,128.1033283026378
SSP3,CGS,UN_SUBREGION,034,Southern Asia,2012.0768748139258,602.8352983434324,51.4512578703477,2020.8510525721517,597.6233918728288,8.070503410966822,-8.77417775822596,-0.4341823088375607,5.211906470603594,0.8721055001328804,43.38075445938088,537.5222864094421
SSP3,CGS,UN_SUBREGION,035,South-eastern Asia,537.9209422117269,261.8611464564186,100.68427272961887,551.484640272301,257.21345239908493,80.9012176559518,-13.563698060574097,-2.4594879113726376,4.647694057333695,1.8069405056320598,19.78305507366707,24.453346496956783
SSP3,CGS,UN_SUBREGION,039,Southern Europe,118.86024864931575,34.7362518831487,38.72720578235928,119.73733670019757,33.505345800931416,36.262830770320505,-0.8770880508818237,-0.7325100716728872,1.230906082217281,3.6737602695718685,2.464375012038772,6.795870481395938
SSP3,CGS,UN_SUBREGION,053,Australia and New Zealand,157.80280933186125,8.286853773464534,-44.13413018207117,158.16319822907758,8.075446003921723,-46.46552360543341,-0.3603888972163247,-0.2278588832620554,0.21140776954281115,2.6179082794949515,2.3313934233622433,-5.017469389045304
SSP3,CGS,UN_SUBREGION,054,Melanesia,3.095309183147571,2.678856773693229,2.5585692155144546,3.111151258285998,2.6202755864309566,2.483043570554657,-0.015842075138426726,-0.5092029870368497,0.05858118726227257,2.2356880156283676,0.07552564495979741,3.041656048867747
SSP3,CGS,UN_SUBREGION,057,Micronesia,0.0029149176342100997,0.0792117344896693,8.124700196061344,0.0033131163892157,0.0774651174999905,11.564143518674763,-0.00039819875500560035,-12.018858024479616,0.0017466169896788036,2.2547141811009475,-3.4394433226134193,-29.74230920827914
SSP3,CGS,UN_SUBREGION,061,Polynesia,0.012887801540178122,0.21383600311651713,2.272587161545984,0.013775906762851241,0.2109513815237648,3.134660983773051,-0.0008881052226731197,-6.446800475363457,0.0028846215927523233,1.3674343215559048,-0.862073822227067,-27.501341506775233
SSP3,CGS,UN_SUBREGION,143,Central Asia,70.76381014472264,25.53821264275428,13.361143969401247,70.71490845500196,25.166631997036667,10.611192197132247,0.04890168972067954,0.06915329566155037,0.3715806457176143,1.4764814209599741,2.749951772269,25.915577827458392
SSP3,CGS,UN_SUBREGION,145,Western Asia,196.6081344753855,94.88906440166167,82.65725486057275,195.76917063126623,94.15054503422061,79.46428804382401,0.8389638441192631,0.4285474783460419,0.7385193674410573,0.7844026470294141,3.1929668167487364,4.018115426879354
SSP3,CGS,UN_SUBREGION,151,Eastern Europe,718.3653459337143,63.90379152802063,-251.1345278751287,722.1802152339593,61.90540328652,-260.3945361713748,-3.81486930024505,-0.5282433968381683,1.9983882415006349,3.2281321749111136,9.260008296246099,-3.556145390912413
SSP3,CGS,UN_SUBREGION,154,Northern Europe,141.18864401015657,26.95399982554945,3.986805728762631,140.9917270629077,26.209480914539526,3.050425657682462,0.19691694724886588,0.13966560404001793,0.7445189110099228,2.8406472964403795,0.9363800710801691,30.69670190853222
SSP3,CGS,UN_SUBREGION,155,Western Europe,397.6758626482041,39.9521273466472,-38.19969763964477,398.1372129202118,38.46480750821496,-36.60808384756559,-0.46135027200773493,-0.11587720439992788,1.4873198384322421,3.8667029286825194,-1.5916137920791797,4.347711283405564
SSP3,CGS,UN_SUBREGION,202,Sub-Saharan Africa,313.5738792746118,348.2877291438036,322.90647348483134,314.7988194597664,345.5615148051036,319.0189410692102,-1.224940185154594,-0.38911841767917954,2.726214338699947,0.7889230200410324,3.8875324156211377,1.2185898437854004
SSP3,CGS,UN_SUBREGION,419,Latin America and the Caribbean,1967.589290002879,188.84169507485032,-91.23560240814413,1970.074543680031,185.9364755006482,-103.43172037842561,-2.485253677152059,-0.12615023553929072,2.905219574202107,1.5624796406297214,12.196117970281477,-11.791467767972474
SSP3,CGS,WB_DEVELOPMENT_STATUS,DEVELOPING_ECONOMIES,"Developing economies (World Bank FY25 LIC, LMC and UMC)",6654.279956974153,1893.7768024605389,244.47357167219775,6714.621204357749,2017.8442713210457,261.49234590006347,-60.341247383596055,-0.898654526400311,-124.06746886050678,-6.148515553149303,-17.01877422786572,-6.508325958561678
SSP3,CGS,WB_INCOME_FY25,HIC,High income,2368.9507591879737,320.2169397726673,-252.6212563893866,2376.777833104783,311.84636295489713,-269.7583746427682,-7.8270739168092405,-0.3293144949347182,8.370576817770143,2.6841989556827928,17.13711825338163,-6.352765980324326
SSP3,CGS,WB_INCOME_FY25,LIC,Low income,136.43327229668867,200.3115982881466,180.53020795875173,136.49709711423947,198.84870829524414,182.43398782649723,-0.06382481755079539,-0.04675910250119264,1.4628899929024612,0.7356799073245268,-1.9037798677454987,-1.0435445118680886
SSP3,CGS,WB_INCOME_FY25,LMC,Lower middle income,2522.0756023674444,981.162630629641,344.40487409645675,2539.527855168631,970.5333478519376,283.02894177586546,-17.45225280118666,-0.6872243108366205,10.629282777703338,1.095200159915044,61.37593232059129,21.685390877515175
SSP3,CGS,WB_INCOME_FY25,NCL,Not classified,13.101739393226984,8.116478082587394,8.14768471718888,13.013008961204568,8.053275939610328,8.266028742702165,0.08873043202241604,0.681859455310807,0.06320214297706528,0.7848004147753551,-0.11834402551328438,-1.4316914348715182
SSP3,CGS,WB_INCOME_FY25,UMC,Upper middle income,3995.7710823100197,712.3025735427515,-280.4615103830107,4038.596252074878,848.4622151738638,-203.97058370229925,-42.8251697648584,-1.0603974027573626,-136.15964163111232,-16.047814410122076,-76.49092668071145,37.50095984053863
SSP3,MTS,ECONOMIC,EU27,European Union (27),766.5834356157459,94.54115731197388,-77.91906684675514,768.2039772069562,92.59698490942455,-78.72988570476731,-1.6205415912103263,-0.21095199182674662,1.9441724025493272,2.0996065956694565,0.8108188580121691,-1.0298742983734233
SSP3,MTS,FOCUS,CHINA_MAINLAND,China mainland,1308.235068095168,358.40769931122725,-169.39081701252843,1329.2272165029422,443.838838169291,-108.10669409385049,-20.992148407774266,-1.5792746452335193,-85.43113885806378,-19.248234158696643,-61.28412291867794,56.68855516521063
SSP3,MTS,FOCUS,USA,United States,828.2718719261071,98.99837871383461,-48.1875806496181,829.2347801089458,97.91170856864747,-52.19383864964581,-0.9629081828386461,-0.11612009118963096,1.0866701451871421,1.1098469846691161,4.006258000027714,-7.675729748332849
SSP3,MTS,GLOBAL,WORLD,World,9059.664541314409,2266.9518897875505,4.226892273695437e-12,9104.412046423737,2337.743910215553,-2.611146325201541e-12,-44.7475051093279,-0.49149253000807525,-70.79202042800262,-3.0282196488098267,6.838038598896978e-12,
SSP3,MTS,UN_REGION,002,Africa,444.72701488951634,437.6674234067374,398.4223775486717,445.71174917912225,435.85040806247054,396.11933159877424,-0.9847342896059104,-0.2209352325621916,1.8170153442668493,0.41688967376312114,2.3030459498974665,0.5814020589710145
SSP3,MTS,UN_REGION,009,Oceania,160.97084415369338,11.136805717988672,-30.262371676382152,161.29143851051563,10.984138089376435,-29.283675532430937,-0.3205943568222551,-0.19876712600672697,0.15266762861223704,1.3898917454423954,-0.9786961439512147,3.3421219370749267
SSP3,MTS,UN_REGION,019,Americas,2914.2363576325247,296.72247856667263,-196.58707145525148,2917.7690189565938,293.93137694901327,-208.40637785142602,-3.5326613240690676,-0.12107405696329954,2.791101617659365,0.9495759338900012,11.81930639617454,-5.6712786422498995
SSP3,MTS,UN_REGION,142,Asia,4162.379450805679,1358.347215168403,78.92419294880943,4198.593347860228,1436.892949604487,99.2600853760175,-36.21389705454931,-0.8625245184319952,-78.5457344360841,-5.466359512565234,-20.335892427208066,-20.487482304867612
SSP3,MTS,UN_REGION,150,Europe,1377.350873832995,163.07796692774912,-250.4971273658432,1381.0464919172764,160.0850375102059,-257.68936359093743,-3.6956180842814774,-0.2675954868942121,2.9929294175432233,1.8695872294451021,7.192236225094234,-2.791048929947826
SSP3,MTS,UN_REPORTING_AREA,005,South America,1722.5287564641524,122.34590513830321,-178.6468245697995,1724.2801379597724,121.28864708709418,-184.66237598229498,-1.7513814956200804,-0.10157174910641054,1.0572580512090326,0.8716875623568043,6.015551412495483,-3.2575945048341826
SSP3,MTS,UN_REPORTING_AREA,011,Western Africa,88.74284286832417,135.15338214491015,117.19225095457801,89.42152078619202,134.4872708787339,115.98157749570586,-0.6786779178678444,-0.758964857565525,0.6661112661762445,0.49529688707630193,1.2106734588721508,1.043849794952978
SSP3,MTS,UN_REPORTING_AREA,013,Central America,230.93175579311372,57.983879151177426,73.3727999693263,230.90943475365037,57.514884083142334,71.90629727738354,0.022321039463349734,0.009666577499167772,0.46899506803509183,0.8154325189234868,1.4665026919427504,2.0394635066322664
SSP3,MTS,UN_REPORTING_AREA,014,Eastern Africa,150.51365121783863,160.20850685094115,149.29641522263114,150.61094720816885,159.55387445237938,148.6268650007135,-0.09729599033022396,-0.06460087539038595,0.6546323985617732,0.4102892523347279,0.6695502219176319,0.4504907116990031
SSP3,MTS,UN_REPORTING_AREA,015,Northern Africa,130.7861068196102,90.52147721361251,77.07447128905204,130.91292971935582,90.28889325736691,77.10039052956404,-0.1268228997456049,-0.09687576316371738,0.23258395624560535,0.2575997421771836,-0.025919240511996122,-0.0336175216934298
SSP3,MTS,UN_REPORTING_AREA,017,Middle Africa,18.290508374444745,32.341225330074366,35.429200234787615,18.363093991664005,32.15263885377302,35.32215932498935,-0.07258561721926071,-0.3952798872140617,0.18858647630134584,0.5865349875604942,0.10704090979826475,0.30304180674067815
SSP3,MTS,UN_REPORTING_AREA,018,Southern Africa,56.393905609298564,19.442831867199217,19.430039847622908,56.40325747374152,19.367730620217344,19.088339247801464,-0.009351864442955105,-0.016580362308526997,0.07510124698187326,0.3877648262180955,0.3417005998214435,1.7901012517932857
SSP3,MTS,UN_REPORTING_AREA,021,Northern America,945.9087005456249,109.2032710331993,-100.13567788731646,947.6944752765625,107.99490144836504,-104.97465747300039,-1.7857747309375327,-0.18843359094358192,1.2083695848342586,1.1189135492771562,4.83897958568393,-4.609664563019433
SSP3,MTS,UN_REPORTING_AREA,029,Caribbean,14.867144829633531,7.1894232439927075,8.822631032538172,14.884970966608176,7.132944330411694,9.3243583264858,-0.017826136974644413,-0.11975929959577858,0.05647891358101376,0.7918036502852388,-0.5017272939476278,-5.38082382057834
SSP3,MTS,UN_REPORTING_AREA,030,Eastern Asia,1338.4151241138989,377.63898679164737,-141.66407871057825,1359.7735759295076,462.7389283013159,-79.78711593185736,-21.35845181560876,-1.5707359073372729,-85.09994150966855,-18.39048679610009,-61.876962778720895,77.55257481868034
SSP3,MTS,UN_REPORTING_AREA,034,Southern Asia,2014.1584899550253,600.8371931564064,34.0272825312945,2020.8510525721517,597.6233918728288,8.070503410966822,-6.692562617126441,-0.33117545247127733,3.2138012835775953,0.5377636363105287,25.95677912032768,321.6252791003794
SSP3,MTS,UN_REPORTING_AREA,035,South-eastern Asia,543.0085145525582,259.87795434678185,92.97372028374949,551.484640272301,257.21345239908493,80.9012176559518,-8.476125719742868,-1.536964967067389,2.6645019476969196,1.0359108059257993,12.07250262779769,14.922522772325086
SSP3,MTS,UN_REPORTING_AREA,039,Southern Europe,119.13399121478646,34.17697226408118,37.751670192325236,119.73733670019757,33.505345800931416,36.262830770320505,-0.6033454854111113,-0.5038908514574558,0.6716264631497637,2.004535237869698,1.4888394220047303,4.105690014755492
SSP3,MTS,UN_REPORTING_AREA,053,Australia and New Zealand,157.85267072070556,8.193057918877843,-45.03854153719284,158.16319822907758,8.075446003921723,-46.46552360543341,-0.3105275083720187,-0.19633360468739314,0.11761191495611989,1.4564138612158883,1.4269820682405694,-3.071055607503592
SSP3,MTS,UN_REPORTING_AREA,054,Melanesia,3.1018389883087973,2.652849184940764,2.525588782002975,3.111151258285998,2.6202755864309566,2.483043570554657,-0.009312269977200582,-0.2993191010047802,0.03257359850980723,1.2431363585757582,0.04254521144831802,1.7134299193475089
SSP3,MTS,UN_REPORTING_AREA,057,Micronesia,0.0030826166404058,0.0784038198367488,9.606684625545208,0.0033131163892157,0.0774651174999905,11.564143518674763,-0.00023049974880990027,-6.957188390971847,0.0009387023367583014,1.2117742372990126,-1.9574588931295551,-16.926968175105095
SSP3,MTS,UN_REPORTING_AREA,061,Polynesia,0.013251828038622326,0.21249479433331758,2.6438964532625078,0.013775906762851241,0.2109513815237648,3.134660983773051,-0.0005240787242289154,-3.8043138157857648,0.00154341280955278,0.7316438500683198,-0.49076453051054303,-15.656064022586325
SSP3,MTS,UN_REPORTING_AREA,143,Central Asia,70.67601909639629,25.390208809393588,12.194861429423405,70.71490845500196,25.166631997036667,10.611192197132247,-0.03888935860567244,-0.05499456826761895,0.22357681235692084,0.8883859087034152,1.5836692322911574,14.924517461093156
SSP3,MTS,UN_REPORTING_AREA,145,Western Asia,196.12130308780047,94.60287206417371,81.39240741492027,195.76917063126623,94.15054503422061,79.46428804382401,0.3521324565342354,0.17987125112639557,0.45232702995309637,0.48042953950897527,1.9281193710962583,2.4263973396866145
SSP3,MTS,UN_REPORTING_AREA,151,Eastern Europe,719.6307622797733,62.99728797895905,-254.84020998131302,722.1802152339593,61.90540328652,-260.3945361713748,-2.5494529541859947,-0.35302171125805026,1.0918846924390522,1.7637954596393168,5.554326190061772,-2.133042525287965
SSP3,MTS,UN_REPORTING_AREA,154,Northern Europe,140.98315326607806,26.62224030384327,3.7209593374461063,140.9917270629077,26.209480914539526,3.050425657682462,-0.008573796829637104,-0.0060810637675268175,0.41275938930374423,1.5748476310905035,0.6705336797636443,21.98164305610637
SSP3,MTS,UN_REPORTING_AREA,155,Western Europe,397.6029670723571,39.28146638086564,-37.129546914301514,398.1372129202118,38.46480750821496,-36.60808384756559,-0.5342458478547201,-0.13418636352432456,0.8166588726506774,2.123132612781853,-0.5214630667359259,1.4244478594052534
SSP3,MTS,UN_SPECIAL_GROUP,LDC,Least developed countries,365.2912545042403,369.02221611836603,311.0624501503727,368.79416126436354,366.87146454006836,306.2900253940166,-3.50290676012321,-0.9498270656221774,2.1507515782976725,0.5862411733204675,4.772424756356088,1.5581391363354902
SSP3,MTS,UN_SPECIAL_GROUP,LLDC,Landlocked developing countries,299.73299350285936,200.4056344033227,142.57797749237525,300.33512247973215,199.42723206711065,139.82136776506343,-0.6021289768727911,-0.2004857014062389,0.9784023362120422,0.4906061855598498,2.756609727311826,1.9715225014417248
SSP3,MTS,UN_SPECIAL_GROUP,PACIFIC_ISLANDS,Pacific island countries and areas,3.1181734329878257,2.94374779911083,14.776169860810692,3.128240281438065,2.9086920854547116,17.18184807300247,-0.01006684845023953,-0.3218054735108722,0.03505571365611848,1.2052053853145672,-2.405678212191779,-14.00127740607704
SSP3,MTS,UN_SPECIAL_GROUP,SIDS,Small island developing States,26.324242945628963,13.958267795964403,30.304051566345695,26.411202914713584,13.839348964220575,33.587204558294786,-0.08695996908462078,-0.32925410238007213,0.11891883174382833,0.8592805344476373,-3.283152991949091,-9.775011154175605
SSP3,MTS,UN_SUBREGION,015,Northern Africa,130.7861068196102,90.52147721361251,77.07447128905204,130.91292971935582,90.28889325736691,77.10039052956404,-0.1268228997456049,-0.09687576316371738,0.23258395624560535,0.2575997421771836,-0.025919240511996122,-0.0336175216934298
SSP3,MTS,UN_SUBREGION,021,Northern America,945.9087005456249,109.2032710331993,-100.13567788731646,947.6944752765625,107.99490144836504,-104.97465747300039,-1.7857747309375327,-0.18843359094358192,1.2083695848342586,1.1189135492771562,4.83897958568393,-4.609664563019433
SSP3,MTS,UN_SUBREGION,030,Eastern Asia,1338.4151241138989,377.63898679164737,-141.66407871057825,1359.7735759295076,462.7389283013159,-79.78711593185736,-21.35845181560876,-1.5707359073372729,-85.09994150966855,-18.39048679610009,-61.876962778720895,77.55257481868034
SSP3,MTS,UN_SUBREGION,034,Southern Asia,2014.1584899550253,600.8371931564064,34.0272825312945,2020.8510525721517,597.6233918728288,8.070503410966822,-6.692562617126441,-0.33117545247127733,3.2138012835775953,0.5377636363105287,25.95677912032768,321.6252791003794
SSP3,MTS,UN_SUBREGION,035,South-eastern Asia,543.0085145525582,259.87795434678185,92.97372028374949,551.484640272301,257.21345239908493,80.9012176559518,-8.476125719742868,-1.536964967067389,2.6645019476969196,1.0359108059257993,12.07250262779769,14.922522772325086
SSP3,MTS,UN_SUBREGION,039,Southern Europe,119.13399121478646,34.17697226408118,37.751670192325236,119.73733670019757,33.505345800931416,36.262830770320505,-0.6033454854111113,-0.5038908514574558,0.6716264631497637,2.004535237869698,1.4888394220047303,4.105690014755492
SSP3,MTS,UN_SUBREGION,053,Australia and New Zealand,157.85267072070556,8.193057918877843,-45.03854153719284,158.16319822907758,8.075446003921723,-46.46552360543341,-0.3105275083720187,-0.19633360468739314,0.11761191495611989,1.4564138612158883,1.4269820682405694,-3.071055607503592
SSP3,MTS,UN_SUBREGION,054,Melanesia,3.1018389883087973,2.652849184940764,2.525588782002975,3.111151258285998,2.6202755864309566,2.483043570554657,-0.009312269977200582,-0.2993191010047802,0.03257359850980723,1.2431363585757582,0.04254521144831802,1.7134299193475089
SSP3,MTS,UN_SUBREGION,057,Micronesia,0.0030826166404058,0.0784038198367488,9.606684625545208,0.0033131163892157,0.0774651174999905,11.564143518674763,-0.00023049974880990027,-6.957188390971847,0.0009387023367583014,1.2117742372990126,-1.9574588931295551,-16.926968175105095
SSP3,MTS,UN_SUBREGION,061,Polynesia,0.013251828038622326,0.21249479433331758,2.6438964532625078,0.013775906762851241,0.2109513815237648,3.134660983773051,-0.0005240787242289154,-3.8043138157857648,0.00154341280955278,0.7316438500683198,-0.49076453051054303,-15.656064022586325
SSP3,MTS,UN_SUBREGION,143,Central Asia,70.67601909639629,25.390208809393588,12.194861429423405,70.71490845500196,25.166631997036667,10.611192197132247,-0.03888935860567244,-0.05499456826761895,0.22357681235692084,0.8883859087034152,1.5836692322911574,14.924517461093156
SSP3,MTS,UN_SUBREGION,145,Western Asia,196.12130308780047,94.60287206417371,81.39240741492027,195.76917063126623,94.15054503422061,79.46428804382401,0.3521324565342354,0.17987125112639557,0.45232702995309637,0.48042953950897527,1.9281193710962583,2.4263973396866145
SSP3,MTS,UN_SUBREGION,151,Eastern Europe,719.6307622797733,62.99728797895905,-254.84020998131302,722.1802152339593,61.90540328652,-260.3945361713748,-2.5494529541859947,-0.35302171125805026,1.0918846924390522,1.7637954596393168,5.554326190061772,-2.133042525287965
SSP3,MTS,UN_SUBREGION,154,Northern Europe,140.98315326607806,26.62224030384327,3.7209593374461063,140.9917270629077,26.209480914539526,3.050425657682462,-0.008573796829637104,-0.0060810637675268175,0.41275938930374423,1.5748476310905035,0.6705336797636443,21.98164305610637
SSP3,MTS,UN_SUBREGION,155,Western Europe,397.6029670723571,39.28146638086564,-37.129546914301514,398.1372129202118,38.46480750821496,-36.60808384756559,-0.5342458478547201,-0.13418636352432456,0.8166588726506774,2.123132612781853,-0.5214630667359259,1.4244478594052534
SSP3,MTS,UN_SUBREGION,202,Sub-Saharan Africa,313.94090806990613,347.14594619312487,321.34790625961966,314.7988194597664,345.5615148051036,319.0189410692102,-0.8579113898602486,-0.27252687647701945,1.584431388021244,0.4585092147529446,2.3289651904094626,0.7300397846609963
SSP3,MTS,UN_SUBREGION,419,Latin America and the Caribbean,1968.3276570868998,187.51920753347335,-96.45139356793503,1970.074543680031,185.9364755006482,-103.43172037842561,-1.7468865931311939,-0.08867109108816607,1.5827320328251346,0.85122191789615,6.980326810490581,-6.748729292089184
SSP3,MTS,WB_DEVELOPMENT_STATUS,DEVELOPING_ECONOMIES,"Developing economies (World Bank FY25 LIC, LMC and UMC)",6675.644925848793,1942.428368796701,250.45067154995246,6714.621204357749,2017.8442713210457,261.49234590006347,-38.97627850895606,-0.580468760972852,-75.41590252434457,-3.737449098337564,-11.041674350111009,-4.222561204269781
SSP3,MTS,WB_INCOME_FY25,HIC,High income,2370.9648524123772,316.43434225338046,-258.66139950346115,2376.777833104783,311.84636295489713,-269.7583746427682,-5.812980692405745,-0.24457400314997768,4.587979298483333,1.4712306582670864,11.096975139307062,-4.1136721534604455
SSP3,MTS,WB_INCOME_FY25,LIC,Low income,136.3856836461567,199.69766632438817,181.40421852444217,136.49709711423947,198.84870829524414,182.43398782649723,-0.11141346808275898,-0.08162332418653051,0.8489580291440291,0.4269366577345446,-1.0297693020550582,-0.5644613234209506
SSP3,MTS,WB_INCOME_FY25,LMC,Lower middle income,2527.3430629832633,976.8539531070405,319.73932374866223,2539.527855168631,970.5333478519376,283.02894177586546,-12.184792185367769,-0.47980541582044456,6.320605255102919,0.6512507034500459,36.71038197279677,12.970539953425764
SSP3,MTS,WB_INCOME_FY25,NCL,Not classified,13.054763053237654,8.089178737469236,8.210727953512936,13.013008961204568,8.053275939610328,8.266028742702165,0.04175409203308611,0.32086423791428675,0.03590279785890793,0.44581606452001044,-0.05530078918922854,-0.6690127860739858
SSP3,MTS,WB_INCOME_FY25,UMC,Upper middle income,4011.9161792193736,765.8767493652725,-250.69287072315194,4038.596252074878,848.4622151738638,-203.97058370229925,-26.680072855504477,-0.660627386107171,-82.58546580859127,-9.733546683828243,-46.72228702085269,22.906384917270795
SSP3,PTS,ECONOMIC,EU27,European Union (27),770.0171337085037,92.30089563873663,-81.7168984110881,768.2039772069562,92.59698490942455,-78.72988570476731,1.8131565015474962,0.23602539889728824,-0.296089270687915,-0.3197612438218589,-2.987012706320783,3.794001070345665
SSP3,PTS,FOCUS,CHINA_MAINLAND,China mainland,1328.841122984056,436.2992882840218,-113.99100516049224,1329.2272165029422,443.838838169291,-108.10669409385049,-0.38609351888612764,-0.029046465050719394,-7.539549885269196,-1.6987134150692418,-5.884311066641743,5.44305892985073
SSP3,PTS,FOCUS,USA,United States,830.4562174185783,97.59688140899996,-52.906802268266134,829.2347801089458,97.91170856864747,-52.19383864964581,1.2214373096325062,0.14729692228683255,-0.31482715964750696,-0.32154189141411216,-0.7129636186203214,1.3659919198626636
SSP3,PTS,GLOBAL,WORLD,World,9106.180427405983,2329.9200544871333,-2.014376946496421e-12,9104.412046423737,2337.743910215553,-2.611146325201541e-12,1.7683809822465264,0.019423340828916835,-7.823855728419858,-0.3346754832396659,5.967693787051198e-13,
SSP3,PTS,UN_REGION,002,Africa,445.7605817852458,435.93507168066725,395.93957907773733,445.71174917912225,435.85040806247054,396.11933159877424,0.04883260612353979,0.010956095775682684,0.0846636181967142,0.019424925761368783,-0.1797525210369031,-0.045378376337101844
SSP3,PTS,UN_REGION,009,Oceania,161.40489530242505,10.963749581212136,-29.95244722036082,161.29143851051563,10.984138089376435,-29.283675532430937,0.11345679190941382,0.07034272429904398,-0.020388508164298713,-0.18561773348441113,-0.6687716879298833,2.283769628540089
SSP3,PTS,UN_REGION,019,Americas,2920.33052988151,293.1484493852763,-209.49214281988188,2917.7690189565938,293.93137694901327,-208.40637785142602,2.5615109249160923,0.08779005151793307,-0.7829275637369619,-0.2663640649268828,-1.0857649684558623,0.5209845205552677
SSP3,PTS,UN_REGION,142,Asia,4195.381275938605,1430.222074280939,103.57921431418963,4198.593347860228,1436.892949604487,99.2600853760175,-3.2120719216236466,-0.07650352524043447,-6.670875323547989,-0.46425694589038446,4.319128938172128,4.351325028394237
SSP3,PTS,UN_REGION,150,Europe,1383.303144498199,159.6507095590385,-260.07420335168626,1381.0464919172764,160.0850375102059,-257.68936359093743,2.2566525809224913,0.16340163739090308,-0.4343279511674041,-0.2713107720262231,-2.3848397607488323,0.9254707790479877
SSP3,PTS,UN_REPORTING_AREA,005,South America,1725.2317490262449,121.00156506760138,-184.62218748668568,1724.2801379597724,121.28864708709418,-184.66237598229498,0.9516110664724238,0.05518888987483539,-0.2870820194928001,-0.23669323253862062,0.040188495609299935,-0.021763228917381916
SSP3,PTS,UN_REPORTING_AREA,011,Western Africa,89.2799548946321,134.56513448551456,116.14402590129828,89.42152078619202,134.4872708787339,115.98157749570586,-0.14156589155992094,-0.15831299928169562,0.07786360678065307,0.057896636813215,0.16244840559241425,0.14006397317576358
SSP3,PTS,UN_REPORTING_AREA,013,Central America,231.20506233840217,57.364866899335084,71.82757675678698,230.90943475365037,57.514884083142334,71.90629727738354,0.2956275847517986,0.12802750353928527,-0.15001718380725038,-0.26083193280957984,-0.07872052059656198,-0.10947653206629937
SSP3,PTS,UN_REPORTING_AREA,014,Eastern Africa,150.71263225098662,159.56206265400255,148.48523519926883,150.61094720816885,159.55387445237938,148.6268650007135,0.10168504281776336,0.06751504103963413,0.008188201623170244,0.00513193531104239,-0.14162980144467952,-0.095292194613672
SSP3,PTS,UN_REPORTING_AREA,015,Northern Africa,130.94358989115324,90.31942250882675,76.9531414488902,130.91292971935582,90.28889325736691,77.10039052956404,0.030660171797421754,0.02342027778550193,0.030529251459839202,0.03381285378347698,-0.1472490806738449,-0.19098357305645797
SSP3,PTS,UN_REPORTING_AREA,017,Middle Africa,18.36203352871825,32.14148349119932,35.255082603366176,18.363093991664005,32.15263885377302,35.32215932498935,-0.0010604629457553472,-0.005774968783778256,-0.011155362573703087,-0.034695014068475416,-0.0670767216231738,-0.18989983315012005
SSP3,PTS,UN_REPORTING_AREA,018,Southern Africa,56.46237121975556,19.346968541124077,19.10209392491388,56.40325747374152,19.367730620217344,19.088339247801464,0.059113746014041624,0.10480555319267726,-0.02076207909326655,-0.10719933842736618,0.013754677112416402,0.07205800847236432
SSP3,PTS,UN_REPORTING_AREA,021,Northern America,948.9965570179627,107.65886769918419,-105.7903568225863,947.6944752765625,107.99490144836504,-104.97465747300039,1.3020817414002295,0.13739467469411348,-0.3360337491808565,-0.31115704970713365,-0.8156993495859126,0.7770440687512759
SSP3,PTS,UN_REPORTING_AREA,029,Caribbean,14.89716149889974,7.123149719155642,9.092824732603122,14.884970966608176,7.132944330411694,9.3243583264858,0.012190532291564082,0.0818982604595675,-0.009794611256051411,-0.13731512265267032,-0.2315335938826788,-2.4831048504968867
SSP3,PTS,UN_REPORTING_AREA,030,Eastern Asia,1359.5087556906856,455.14560654168764,-86.30031171001332,1359.7735759295076,462.7389283013159,-79.78711593185736,-0.26482023882203976,-0.019475318796435825,-7.593321759628282,-1.6409515809493014,-6.513195778155961,8.163217459468752
SSP3,PTS,UN_REPORTING_AREA,034,Southern Asia,2019.5293793055816,598.3921819976297,15.766156160336237,2020.8510525721517,597.6233918728288,8.070503410966822,-1.3216732665700874,-0.06540181498719821,0.7687901248008302,0.12864123714964038,7.695652749369415,95.3553001280189
SSP3,PTS,UN_REPORTING_AREA,035,South-eastern Asia,549.5008561832726,257.29543323503526,83.26320442900439,551.484640272301,257.21345239908493,80.9012176559518,-1.9837840890284042,-0.35971701551812396,0.08198083595033268,0.031872685967893055,2.3619867730525925,2.9195936000585343
SSP3,PTS,UN_REPORTING_AREA,039,Southern Europe,120.1976681397477,33.400686563157635,35.78048611802682,119.73733670019757,33.505345800931416,36.262830770320505,0.46033143955013145,0.3844510427877035,-0.10465923777378094,-0.3123657890164888,-0.4823446522936834,-1.3301351329925937
SSP3,PTS,UN_REPORTING_AREA,053,Australia and New Zealand,158.27316565966112,8.0578471479039,-46.24441803026363,158.16319822907758,8.075446003921723,-46.46552360543341,0.10996743058353786,0.06952782430731386,-0.017598856017823294,-0.21793045250103615,0.2211055751697799,-0.4758486680303431
SSP3,PTS,UN_REPORTING_AREA,054,Melanesia,3.1144051394095404,2.6182960070442833,2.4779127487706414,3.111151258285998,2.6202755864309566,2.483043570554657,0.0032538811235425236,0.10458768646739447,-0.001979579386673258,-0.07554851851936384,-0.005130821784015804,-0.20663438390127187
SSP3,PTS,UN_REPORTING_AREA,057,Micronesia,0.0033819515878116,0.0772299064501655,10.857879723111001,0.0033131163892157,0.0774651174999905,11.564143518674763,6.883519859589987e-05,2.077657121251786,-0.00023521104982499041,-0.30363479384771797,-0.7062637955637623,-6.107359307874615
SSP3,PTS,UN_REPORTING_AREA,061,Polynesia,0.013942551766576734,0.21037651981378608,2.956178338021166,0.013775906762851241,0.2109513815237648,3.134660983773051,0.00016664500372549212,1.2096844628396886,-0.0005748617099787245,-0.27250909940780277,-0.17848264575188466,-5.693842066999322
SSP3,PTS,UN_REPORTING_AREA,143,Central Asia,70.7963791649965,25.182848952014574,10.994387583040636,70.71490845500196,25.166631997036667,10.611192197132247,0.08147070999453376,0.1152100904526776,0.01621695497790654,0.0644383204706056,0.38319538590838853,3.6112378212501905
SSP3,PTS,UN_REPORTING_AREA,145,Western Asia,196.04590559406842,94.20600355457185,79.85577785182168,195.76917063126623,94.15054503422061,79.46428804382401,0.27673496280218046,0.1413577847369174,0.05545852035123744,0.05890408847986084,0.3914898079976723,0.4926613169701666
SSP3,PTS,UN_REPORTING_AREA,151,Eastern Europe,722.6544386303872,61.73849123863475,-260.2956454985769,722.1802152339593,61.90540328652,-260.3945361713748,0.4742233964278739,0.06566552038180795,-0.16691204788524772,-0.26962436075688156,0.09889067279789288,-0.03797724570258065
SSP3,PTS,UN_REPORTING_AREA,154,Northern Europe,141.38990190566116,26.15920183727705,2.687073319636402,140.9917270629077,26.209480914539526,3.050425657682462,0.3981748427534626,0.2824100754335701,-0.050279077262477045,-0.19183545613291608,-0.36335233804605993,-11.911529039593582
SSP3,PTS,UN_REPORTING_AREA,155,Western Europe,399.06113582240283,38.35232991996904,-38.24611729077261,398.1372129202118,38.46480750821496,-36.60808384756559,0.9239229021910091,0.2320614281228206,-0.11247758824592324,-0.2924168754046219,-1.6380334432070214,4.474512924598062
SSP3,PTS,UN_SPECIAL_GROUP,LDC,Least developed countries,367.9398762226628,367.166708002434,307.03891555824134,368.79416126436354,366.87146454006836,306.2900253940166,-0.8542850417007344,-0.2316427783921382,0.29524346236564725,0.08047599524694249,0.748890164224747,0.2445036083892571
SSP3,PTS,UN_SPECIAL_GROUP,LLDC,Landlocked developing countries,300.4622480132454,199.44019154533248,140.09557331201145,300.33512247973215,199.42723206711065,139.82136776506343,0.12712553351326505,0.04232789440796747,0.012959478221830523,0.006498349341521603,0.2742055469480249,0.1961113321454322
SSP3,PTS,UN_SPECIAL_GROUP,PACIFIC_ISLANDS,Pacific island countries and areas,3.131729642763929,2.9059024333082353,16.291970809902807,3.128240281438065,2.9086920854547116,17.18184807300247,0.003489361325863971,0.11154390366265865,-0.002789652146476307,-0.09590744102568882,-0.8898772630996632,-5.179170827950175
SSP3,PTS,UN_SPECIAL_GROUP,SIDS,Small island developing States,26.411467464089647,13.827906466119117,32.315369061973044,26.411202914713584,13.839348964220575,33.587204558294786,0.00026454937606246176,0.0010016559144121473,-0.011442498101457588,-0.08268089872609519,-1.2718354963217422,-3.7866667174230373
SSP3,PTS,UN_SUBREGION,015,Northern Africa,130.94358989115324,90.31942250882675,76.9531414488902,130.91292971935582,90.28889325736691,77.10039052956404,0.030660171797421754,0.02342027778550193,0.030529251459839202,0.03381285378347698,-0.1472490806738449,-0.19098357305645797
SSP3,PTS,UN_SUBREGION,021,Northern America,948.9965570179627,107.65886769918419,-105.7903568225863,947.6944752765625,107.99490144836504,-104.97465747300039,1.3020817414002295,0.13739467469411348,-0.3360337491808565,-0.31115704970713365,-0.8156993495859126,0.7770440687512759
SSP3,PTS,UN_SUBREGION,030,Eastern Asia,1359.5087556906856,455.14560654168764,-86.30031171001332,1359.7735759295076,462.7389283013159,-79.78711593185736,-0.26482023882203976,-0.019475318796435825,-7.593321759628282,-1.6409515809493014,-6.513195778155961,8.163217459468752
SSP3,PTS,UN_SUBREGION,034,Southern Asia,2019.5293793055816,598.3921819976297,15.766156160336237,2020.8510525721517,597.6233918728288,8.070503410966822,-1.3216732665700874,-0.06540181498719821,0.7687901248008302,0.12864123714964038,7.695652749369415,95.3553001280189
SSP3,PTS,UN_SUBREGION,035,South-eastern Asia,549.5008561832726,257.29543323503526,83.26320442900439,551.484640272301,257.21345239908493,80.9012176559518,-1.9837840890284042,-0.35971701551812396,0.08198083595033268,0.031872685967893055,2.3619867730525925,2.9195936000585343
SSP3,PTS,UN_SUBREGION,039,Southern Europe,120.1976681397477,33.400686563157635,35.78048611802682,119.73733670019757,33.505345800931416,36.262830770320505,0.46033143955013145,0.3844510427877035,-0.10465923777378094,-0.3123657890164888,-0.4823446522936834,-1.3301351329925937
SSP3,PTS,UN_SUBREGION,053,Australia and New Zealand,158.27316565966112,8.0578471479039,-46.24441803026363,158.16319822907758,8.075446003921723,-46.46552360543341,0.10996743058353786,0.06952782430731386,-0.017598856017823294,-0.21793045250103615,0.2211055751697799,-0.4758486680303431
SSP3,PTS,UN_SUBREGION,054,Melanesia,3.1144051394095404,2.6182960070442833,2.4779127487706414,3.111151258285998,2.6202755864309566,2.483043570554657,0.0032538811235425236,0.10458768646739447,-0.001979579386673258,-0.07554851851936384,-0.005130821784015804,-0.20663438390127187
SSP3,PTS,UN_SUBREGION,057,Micronesia,0.0033819515878116,0.0772299064501655,10.857879723111001,0.0033131163892157,0.0774651174999905,11.564143518674763,6.883519859589987e-05,2.077657121251786,-0.00023521104982499041,-0.30363479384771797,-0.7062637955637623,-6.107359307874615
SSP3,PTS,UN_SUBREGION,061,Polynesia,0.013942551766576734,0.21037651981378608,2.956178338021166,0.013775906762851241,0.2109513815237648,3.134660983773051,0.00016664500372549212,1.2096844628396886,-0.0005748617099787245,-0.27250909940780277,-0.17848264575188466,-5.693842066999322
SSP3,PTS,UN_SUBREGION,143,Central Asia,70.7963791649965,25.182848952014574,10.994387583040636,70.71490845500196,25.166631997036667,10.611192197132247,0.08147070999453376,0.1152100904526776,0.01621695497790654,0.0644383204706056,0.38319538590838853,3.6112378212501905
SSP3,PTS,UN_SUBREGION,145,Western Asia,196.04590559406842,94.20600355457185,79.85577785182168,195.76917063126623,94.15054503422061,79.46428804382401,0.27673496280218046,0.1413577847369174,0.05545852035123744,0.05890408847986084,0.3914898079976723,0.4926613169701666
SSP3,PTS,UN_SUBREGION,151,Eastern Europe,722.6544386303872,61.73849123863475,-260.2956454985769,722.1802152339593,61.90540328652,-260.3945361713748,0.4742233964278739,0.06566552038180795,-0.16691204788524772,-0.26962436075688156,0.09889067279789288,-0.03797724570258065
SSP3,PTS,UN_SUBREGION,154,Northern Europe,141.38990190566116,26.15920183727705,2.687073319636402,140.9917270629077,26.209480914539526,3.050425657682462,0.3981748427534626,0.2824100754335701,-0.050279077262477045,-0.19183545613291608,-0.36335233804605993,-11.911529039593582
SSP3,PTS,UN_SUBREGION,155,Western Europe,399.06113582240283,38.35232991996904,-38.24611729077261,398.1372129202118,38.46480750821496,-36.60808384756559,0.9239229021910091,0.2320614281228206,-0.11247758824592324,-0.2924168754046219,-1.6380334432070214,4.474512924598062
SSP3,PTS,UN_SUBREGION,202,Sub-Saharan Africa,314.81699189409255,345.61564917184046,318.98643762884717,314.7988194597664,345.5615148051036,319.0189410692102,0.01817243432617488,0.005772713619878189,0.05413436673683236,0.015665623750771296,-0.03250344036302977,-0.010188561297985732
SSP3,PTS,UN_SUBREGION,419,Latin America and the Caribbean,1971.3339728635472,185.4895816860921,-103.70178599729557,1970.074543680031,185.9364755006482,-103.43172037842561,1.259429183516204,0.06392799640786428,-0.44689381455611965,-0.24034757750076574,-0.27006561886996394,0.2611052178982165
SSP3,PTS,WB_DEVELOPMENT_STATUS,DEVELOPING_ECONOMIES,"Developing economies (World Bank FY25 LIC, LMC and UMC)",6712.562631017858,2010.853392078794,265.66151303721256,6714.621204357749,2017.8442713210457,261.49234590006347,-2.0585733398911543,-0.0306580710547788,-6.990879242251594,-0.34645286267184217,4.169167137149088,1.5943744444215868
SSP3,PTS,WB_INCOME_FY25,HIC,High income,2380.5719975549123,311.01969355865447,-273.87146779367555,2376.777833104783,311.84636295489713,-269.7583746427682,3.7941644501293013,0.15963479620528798,-0.8266693962426643,-0.2650886764910654,-4.113093150907332,1.5247323299431015
SSP3,PTS,WB_INCOME_FY25,LIC,Low income,136.5673411839403,198.89669544101818,181.67803189293028,136.49709711423947,198.84870829524414,182.43398782649723,0.07024406970083419,0.051461951342490764,0.04798714577404439,0.02413249056805178,-0.7559559335669519,-0.41437231218445225
SSP3,PTS,WB_INCOME_FY25,LMC,Lower middle income,2537.256417475686,971.3363560911366,292.4101867518523,2539.527855168631,970.5333478519376,283.02894177586546,-2.2714376929452555,-0.08944330688566149,0.8030082391990163,0.08273886116085816,9.381244975986817,3.3145885778055773
SSP3,PTS,WB_INCOME_FY25,NCL,Not classified,13.045798833213116,8.046968849684855,8.209954756460956,13.013008961204568,8.053275939610328,8.266028742702165,0.032789872008548215,0.25197763335369494,-0.0063070899254729085,-0.07831707211783945,-0.056073986241209184,-0.6783666980436642
SSP3,PTS,WB_INCOME_FY25,UMC,Upper middle income,4038.738872358232,840.6203405466391,-208.42670560757,4038.596252074878,848.4622151738638,-203.97058370229925,0.14262028335406285,0.003531432073233809,-7.8418746272246835,-0.9242455924354576,-4.456121905270749,2.1846885096796997
SSP4,CGS,ECONOMIC,EU27,European Union (27),780.0524899629037,97.99028921211595,-78.56345892348278,781.8440105733738,94.32142559320737,-78.6267888008794,-1.7915206104701156,-0.2291404149986742,3.6688636189085884,3.889745724085847,0.06332987739661178,-0.08054491142579501
SSP4,CGS,FOCUS,CHINA_MAINLAND,China mainland,1357.4754597140322,308.4948011087987,-251.62506592281179,1393.35716635062,452.9024004252782,-149.0493136698658,-35.88170663658775,-2.5751980542481068,-144.4075993164795,-31.88492690276754,-102.57575225294599,68.82000978558303
SSP4,CGS,FOCUS,USA,United States,823.8881062901163,99.99915830559254,-39.20210993332393,825.0141662470413,97.96887606494994,-45.995718971401715,-1.126059956925019,-0.13648977229656634,2.030282240642606,2.072374740010896,6.793609038077783,-14.770089890978277
SSP4,CGS,GLOBAL,WORLD,World,9239.463044222162,2278.500939697174,3.0382831667230548e-12,9308.127854206869,2396.611555989659,3.1177994214148796e-12,-68.66480998470615,-0.737686579516339,-118.11061629248479,-4.928233613716015,-7.951625469182488e-14,
SSP4,CGS,UN_REGION,002,Africa,448.91995452285045,449.07886471388446,415.15090046100426,450.1731116968964,445.9243634690562,411.45152909055275,-1.2531571740459526,-0.27837228423578386,3.154501244828282,0.7074072428534528,3.6993713704515017,0.8991025938409614
SSP4,CGS,UN_REGION,009,Oceania,160.25886297692318,11.780909869417084,-25.62860472417703,160.62411210821605,11.490573542178366,-23.640736483287462,-0.3652491312928703,-0.22739371225086735,0.29033632723871783,2.5267348594304906,-1.9878682408895685,8.408656144426253
SSP4,CGS,UN_REGION,019,Americas,2922.2314740299817,310.37694742551594,-140.53954964927013,2927.1004472575437,304.9901110064741,-161.2996102819739,-4.868973227562037,-0.16634117329741294,5.386836419041856,1.76623314154849,20.760060632703784,-12.870496460848447
SSP4,CGS,UN_REGION,142,Asia,4302.431921353061,1338.7098030728075,4.329610010885773,4359.774770264534,1471.2726523824026,37.975870331555,-57.342848911473084,-1.3152709012074437,-132.5628493095951,-9.010080429004008,-33.64626032066923,-88.5990499412249
SSP4,CGS,UN_REGION,150,Europe,1405.6208313393465,168.5544146155492,-253.3123560984398,1410.455412879678,162.9338555895473,-264.4870526568432,-4.8345815403315555,-0.3427674137150505,5.620559026001899,3.449595546404338,11.174696558403411,-4.225044835333369
SSP4,CGS,UN_REPORTING_AREA,005,South America,1727.082394498319,130.836753604603,-136.52615402985438,1729.6249596302705,128.7670318916941,-147.31071830756707,-2.5425651319515055,-0.1470009505699421,2.069721712908887,1.607338215770726,10.78456427771269,-7.320963743585729
SSP4,CGS,UN_REPORTING_AREA,011,Western Africa,88.69984307501535,138.3809504912996,121.7779680268736,89.73429701674618,137.2381634811629,119.8569116471074,-1.0344539417308312,-1.1527966185969962,1.1427870101366864,0.832703514204014,1.921056379766199,1.60279148975766
SSP4,CGS,UN_REPORTING_AREA,013,Central America,237.99625075724458,61.371149045262314,77.10326858008169,237.84284753305425,60.419008184826986,74.33977677111625,0.1534032241903276,0.06449772435095369,0.9521408604353283,1.5758962105479224,2.7634918089654406,3.7173797514538087
SSP4,CGS,UN_REPORTING_AREA,014,Eastern Africa,149.666737688966,163.3041331537927,156.26499245815594,149.70443801687267,162.1559664098973,155.08873150550787,-0.03770032790666278,-0.025183173195186814,1.1481667438953878,0.7080632118050101,1.1762609526480787,0.7584438541921479
SSP4,CGS,UN_REPORTING_AREA,015,Northern Africa,137.96894513806274,93.79890246993301,76.32645701684079,138.04817058605076,93.42074348192158,76.52917306568321,-0.07922544798802278,-0.0573897123385958,0.3781589880114353,0.4047912421983879,-0.20271604884241867,-0.2648872850990247
SSP4,CGS,UN_REPORTING_AREA,017,Middle Africa,17.572465445436613,33.32992725537095,37.504353288284335,17.679976034388133,32.98335416318808,37.32744392038049,-0.10751058895151999,-0.6080923907499036,0.34657309218286514,1.0507515108019838,0.17690936790384626,0.4739391432244666
SSP4,CGS,UN_REPORTING_AREA,018,Southern Africa,55.01196317536974,20.2649513434882,23.27712967084959,55.00623004283869,20.1261359328863,22.649268951873804,0.0057331325310556736,0.010422696713785484,0.13881541060190017,0.6897270845471759,0.6278607189757857,2.7721014762546847
SSP4,CGS,UN_REPORTING_AREA,021,Northern America,941.5424237917441,110.60583381665109,-89.60832171467169,944.006412904222,108.34918013603743,-97.7281941235403,-2.4639891124778615,-0.2610140226587454,2.2566536806136526,2.082760273571349,8.119872408868616,-8.308628315186207
SSP4,CGS,UN_REPORTING_AREA,029,Caribbean,15.610404982673659,7.563210958999509,8.491657515174209,15.62622718999731,7.454890793915567,9.399525378017218,-0.015822207323651583,-0.10125417435233874,0.10832016508394204,1.4530080732014117,-0.907867862843009,-9.658656435635038
SSP4,CGS,UN_REPORTING_AREA,030,Eastern Asia,1388.2772965251713,328.2984168381416,-224.17325271017563,1424.696385333188,472.0849853738002,-120.34653558373623,-36.41908880801657,-2.5562701767857243,-143.7865685356586,-30.457772009378225,-103.8267171264394,86.27312504080979
SSP4,CGS,UN_REPORTING_AREA,034,Southern Asia,2087.101214338347,617.4984871110581,28.66933432785558,2095.344001345324,612.2084801575058,-15.366085006022054,-8.242787006977323,-0.3933858593951678,5.290006953552279,0.8640858669895168,44.035419333877634,-286.5753984610908
SSP4,CGS,UN_REPORTING_AREA,035,South-eastern Asia,548.2668661877028,269.8933032820929,107.73970271432131,561.9752378261645,265.0815617012966,87.6018820348765,-13.7083716384617,-2.439319513701088,4.811741580796308,1.815192859855852,20.137820679444815,22.987885889743144
SSP4,CGS,UN_REPORTING_AREA,039,Southern Europe,119.3688291501368,35.998451274542326,43.61215685385051,120.21976164986677,34.7057770256091,41.09086989752465,-0.8509324997299643,-0.7078141630393997,1.2926742489332241,3.7246659193925336,2.5212869563258593,6.135881188725434
SSP4,CGS,UN_REPORTING_AREA,053,Australia and New Zealand,156.99927591252148,8.668526282910584,-38.79326111148537,157.3479111299407,8.445711484076115,-41.149110312235706,-0.3486352174192291,-0.22156965091917336,0.22281479883446842,2.6382004553976657,2.3558492007503347,-5.72515221562353
SSP4,CGS,UN_REPORTING_AREA,054,Melanesia,3.2437395477279654,2.825447817389697,2.596666143066105,3.2590532805069308,2.762568188179471,2.5173562045809543,-0.015313732778965417,-0.4698828604785321,0.06287962921022583,2.276129489917267,0.07930993848515078,3.150525076301336
SSP4,CGS,UN_REPORTING_AREA,057,Micronesia,0.0029385274258702998,0.0788860981201007,8.268228276382668,0.0033410984433215,0.0771017421055468,11.805347365219648,-0.0004025710174512002,-12.049061836411823,0.0017843560145539006,2.3142875450352873,-3.5371190888369792,-29.962007719127946
SSP4,CGS,UN_REPORTING_AREA,061,Polynesia,0.012908989247874014,0.2080496709967019,2.2997619678595695,0.013806599325065312,0.20519212781723323,3.1856702591476385,-0.0008976100771912986,-6.5013118441246025,0.00285754317946868,1.3926183279379556,-0.8859082912880689,-27.80916476663544
SSP4,CGS,UN_REPORTING_AREA,143,Central Asia,71.9403929049828,26.392576947065862,15.004116268122548,71.8758915062694,26.007987270489068,12.163363079342282,0.06450139871340355,0.08973996337531265,0.38458967657679466,1.478736791805435,2.8407531887802655,23.354997875586527
SSP4,CGS,UN_REPORTING_AREA,145,Western Asia,206.84615139685664,96.6270188944491,77.08970941076194,205.8832542535875,95.88963787931102,73.92324580709452,0.9628971432691458,0.4676908507008193,0.7373810151380695,0.768989258324404,3.166463603667424,4.283447742446844
SSP4,CGS,UN_REPORTING_AREA,151,Eastern Europe,738.0955286812149,64.44849804733744,-263.1338649756598,741.8968601228935,62.41282204209442,-272.5519897560622,-3.801331441678599,-0.512380041755256,2.035676005243019,3.2616310857888298,9.418124780402422,-3.4555333053454373
SSP4,CGS,UN_REPORTING_AREA,154,Northern Europe,142.98047972483474,27.516442030763287,5.524723353128205,142.739478238693,26.750889505070504,4.607808980068008,0.24100148614172667,0.1688401058456357,0.7655525256927831,2.8617834391924557,0.9169143730601963,19.89914028612061
SSP4,CGS,UN_REPORTING_AREA,155,Western Europe,405.1759937831601,40.591023262906134,-39.3153713297587,405.5993128682247,39.064367016773275,-37.633741778373675,-0.42331908506457694,-0.1043687875285193,1.526656246132859,3.9080532022376158,-1.6816295513850221,4.468409124152983
SSP4,CGS,UN_SPECIAL_GROUP,LDC,Least developed countries,360.78672488046755,377.01194893553117,330.1526443464235,365.93897942071544,373.3414662222438,322.8084406778565,-5.152254540247895,-1.407954557998703,3.670482713287356,0.9831435951725753,7.3442036685669905,2.2750965412010604
SSP4,CGS,UN_SPECIAL_GROUP,LLDC,Landlocked developing countries,304.4813201952217,204.1618916473368,147.8366454515028,305.19091453112065,202.4478647328721,143.05888037718637,-0.7095943358989416,-0.23250834219266103,1.7140269144647107,0.8466510213512857,4.77776507431642,3.3397193251613944
SSP4,CGS,UN_SPECIAL_GROUP,PACIFIC_ISLANDS,Pacific island countries and areas,3.259587064401709,3.1123835865064997,13.16465638730834,3.2762009782753174,3.044862058102251,17.50837382894824,-0.016613913873608332,-0.5071091176571896,0.06752152840424852,2.2175562345944977,-4.3437174416399,-24.80937112764878
SSP4,CGS,UN_SPECIAL_GROUP,SIDS,Small island developing States,27.055050336000814,14.589218776696288,28.413387605314693,27.1783899972376,14.365362392869681,34.365742483765004,-0.12333966123678408,-0.4538151864379003,0.22385638382660744,1.5583065550627495,-5.952354878450311,-17.320606069437638
SSP4,CGS,UN_SUBREGION,015,Northern Africa,137.96894513806274,93.79890246993301,76.32645701684079,138.04817058605076,93.42074348192158,76.52917306568321,-0.07922544798802278,-0.0573897123385958,0.3781589880114353,0.4047912421983879,-0.20271604884241867,-0.2648872850990247
SSP4,CGS,UN_SUBREGION,021,Northern America,941.5424237917441,110.60583381665109,-89.60832171467169,944.006412904222,108.34918013603743,-97.7281941235403,-2.4639891124778615,-0.2610140226587454,2.2566536806136526,2.082760273571349,8.119872408868616,-8.308628315186207
SSP4,CGS,UN_SUBREGION,030,Eastern Asia,1388.2772965251713,328.2984168381416,-224.17325271017563,1424.696385333188,472.0849853738002,-120.34653558373623,-36.41908880801657,-2.5562701767857243,-143.7865685356586,-30.457772009378225,-103.8267171264394,86.27312504080979
SSP4,CGS,UN_SUBREGION,034,Southern Asia,2087.101214338347,617.4984871110581,28.66933432785558,2095.344001345324,612.2084801575058,-15.366085006022054,-8.242787006977323,-0.3933858593951678,5.290006953552279,0.8640858669895168,44.035419333877634,-286.5753984610908
SSP4,CGS,UN_SUBREGION,035,South-eastern Asia,548.2668661877028,269.8933032820929,107.73970271432131,561.9752378261645,265.0815617012966,87.6018820348765,-13.7083716384617,-2.439319513701088,4.811741580796308,1.815192859855852,20.137820679444815,22.987885889743144
SSP4,CGS,UN_SUBREGION,039,Southern Europe,119.3688291501368,35.998451274542326,43.61215685385051,120.21976164986677,34.7057770256091,41.09086989752465,-0.8509324997299643,-0.7078141630393997,1.2926742489332241,3.7246659193925336,2.5212869563258593,6.135881188725434
SSP4,CGS,UN_SUBREGION,053,Australia and New Zealand,156.99927591252148,8.668526282910584,-38.79326111148537,157.3479111299407,8.445711484076115,-41.149110312235706,-0.3486352174192291,-0.22156965091917336,0.22281479883446842,2.6382004553976657,2.3558492007503347,-5.72515221562353
SSP4,CGS,UN_SUBREGION,054,Melanesia,3.2437395477279654,2.825447817389697,2.596666143066105,3.2590532805069308,2.762568188179471,2.5173562045809543,-0.015313732778965417,-0.4698828604785321,0.06287962921022583,2.276129489917267,0.07930993848515078,3.150525076301336
SSP4,CGS,UN_SUBREGION,057,Micronesia,0.0029385274258702998,0.0788860981201007,8.268228276382668,0.0033410984433215,0.0771017421055468,11.805347365219648,-0.0004025710174512002,-12.049061836411823,0.0017843560145539006,2.3142875450352873,-3.5371190888369792,-29.962007719127946
SSP4,CGS,UN_SUBREGION,061,Polynesia,0.012908989247874014,0.2080496709967019,2.2997619678595695,0.013806599325065312,0.20519212781723323,3.1856702591476385,-0.0008976100771912986,-6.5013118441246025,0.00285754317946868,1.3926183279379556,-0.8859082912880689,-27.80916476663544
SSP4,CGS,UN_SUBREGION,143,Central Asia,71.9403929049828,26.392576947065862,15.004116268122548,71.8758915062694,26.007987270489068,12.163363079342282,0.06450139871340355,0.08973996337531265,0.38458967657679466,1.478736791805435,2.8407531887802655,23.354997875586527
SSP4,CGS,UN_SUBREGION,145,Western Asia,206.84615139685664,96.6270188944491,77.08970941076194,205.8832542535875,95.88963787931102,73.92324580709452,0.9628971432691458,0.4676908507008193,0.7373810151380695,0.768989258324404,3.166463603667424,4.283447742446844
SSP4,CGS,UN_SUBREGION,151,Eastern Europe,738.0955286812149,64.44849804733744,-263.1338649756598,741.8968601228935,62.41282204209442,-272.5519897560622,-3.801331441678599,-0.512380041755256,2.035676005243019,3.2616310857888298,9.418124780402422,-3.4555333053454373
SSP4,CGS,UN_SUBREGION,154,Northern Europe,142.98047972483474,27.516442030763287,5.524723353128205,142.739478238693,26.750889505070504,4.607808980068008,0.24100148614172667,0.1688401058456357,0.7655525256927831,2.8617834391924557,0.9169143730601963,19.89914028612061
SSP4,CGS,UN_SUBREGION,155,Western Europe,405.1759937831601,40.591023262906134,-39.3153713297587,405.5993128682247,39.064367016773275,-37.633741778373675,-0.42331908506457694,-0.1043687875285193,1.526656246132859,3.9080532022376158,-1.6816295513850221,4.468409124152983
SSP4,CGS,UN_SUBREGION,202,Sub-Saharan Africa,310.9510093847877,355.27996224395145,338.8244434441635,312.12494111084567,352.5036199871346,334.92235602486954,-1.1739317260579583,-0.3761095546802373,2.7763422568168608,0.787606736327473,3.9020874192939345,1.165072247074539
SSP4,CGS,UN_SUBREGION,419,Latin America and the Caribbean,1980.6890502382373,199.77111360886482,-50.93122793459847,1983.0940343533218,196.64093087043665,-63.57141615843361,-2.404984115084517,-0.12127433563021706,3.130182738428175,1.5918266479782783,12.640188223835139,-19.88344603230653
SSP4,CGS,WB_DEVELOPMENT_STATUS,DEVELOPING_ECONOMIES,"Developing economies (World Bank FY25 LIC, LMC and UMC)",6835.611142796726,1944.374681524253,232.12065138716338,6896.796664936399,2071.146925706036,249.16445423145058,-61.185522139672685,-0.8871585623328904,-126.77224418178321,-6.12087161023439,-17.0438028442872,-6.840382949830836
SSP4,CGS,WB_INCOME_FY25,HIC,High income,2390.9056463600486,325.44679245897777,-241.3812711880534,2398.4747982288454,316.8536283369483,-258.54260514867326,-7.56915186879678,-0.31558188038440793,8.593164122029464,2.712029578809605,17.161333960619856,-6.637719903360351
SSP4,CGS,WB_INCOME_FY25,LIC,Low income,136.22306368816902,203.01063271358188,185.91849768614665,136.25965555124077,201.53174143994113,187.92358673690478,-0.036591863071748776,-0.026854510180374103,1.4788912736407553,0.733825482315642,-2.00508905075813,-1.0669704030102811
SSP4,CGS,WB_INCOME_FY25,LMC,Lower middle income,2609.7717943481366,1009.3571713682659,334.56412592877206,2626.8299410919853,998.4590853026824,272.062772978095,-17.058146743848738,-0.6493814645936902,10.89808606558347,1.0914905003122533,62.501352950677074,22.973136775206406
SSP4,CGS,WB_INCOME_FY25,NCL,Not classified,12.946255065387557,8.679465713943491,9.260619800893036,12.856391041623905,8.611001946673976,9.378150917225772,0.08986402376365277,0.6989832797766438,0.06846376726951497,0.795073183045325,-0.11753111633273683,-1.2532440282748691
SSP4,CGS,WB_INCOME_FY25,UMC,Upper middle income,4089.6162847604205,732.0068774424053,-288.3619722277553,4133.707068293173,871.1560989634129,-210.82190548354922,-44.090783532752084,-1.066616061668768,-139.14922152100758,-15.972937764722184,-77.54006674420609,36.77989085923363
SSP4,MTS,ECONOMIC,EU27,European Union (27),780.2796674493247,96.32376131006866,-77.88853963438422,781.8440105733738,94.32142559320737,-78.6267888008794,-1.56434312404906,-0.20008378946355654,2.002335716861296,2.122885340492031,0.73824916649518,-0.9389282937203203
SSP4,MTS,FOCUS,CHINA_MAINLAND,China mainland,1371.4864091541224,365.57325930803336,-211.23049642876032,1393.35716635062,452.9024004252782,-149.0493136698658,-21.870757196497607,-1.569644720296659,-87.32914111724483,-19.28211045806828,-62.18118275889452,41.718530081005035
SSP4,MTS,FOCUS,USA,United States,824.0853645519518,99.06981811176993,-41.943913247416205,825.0141662470413,97.96887606494994,-45.995718971401715,-0.9288016950895326,-0.11258009051100526,1.1009420468199949,1.1237671503857127,4.05180572398551,-8.809093138656577
SSP4,MTS,GLOBAL,WORLD,World,9262.91697478357,2324.335200008976,3.053830625876497e-12,9308.127854206869,2396.611555989659,3.1177994214148796e-12,-45.21087942329905,-0.4857139924530074,-72.27635598068309,-3.0157726561923948,-6.396879553838275e-14,
SSP4,MTS,UN_REGION,002,Africa,449.2220986870506,447.7718849678487,413.74962397508216,450.1731116968964,445.9243634690562,411.45152909055275,-0.9510130098457807,-0.21125495617919654,1.8475214987925028,0.41431275125218825,2.298094884529405,0.5585335627768861
SSP4,MTS,UN_REGION,009,Oceania,160.31077471786483,11.651766361564087,-24.67344738463307,160.62411210821605,11.490573542178366,-23.640736483287462,-0.3133373903512222,-0.19507494001904657,0.16119281938572172,1.4028265760106073,-1.0327109013456095,4.368353338212083
SSP4,MTS,UN_REGION,019,Americas,2923.643574169133,307.91898121018585,-149.19564960763503,2927.1004472575437,304.9901110064741,-161.2996102819739,-3.4568730884107026,-0.11809888832647886,2.9288702037117673,0.9603164489649929,12.103960674338879,-7.504023508289626
SSP4,MTS,UN_REGION,142,Asia,4322.933203537579,1390.980991397343,17.337998003755033,4359.774770264534,1471.2726523824026,37.975870331555,-36.841566726954625,-0.8450337154623067,-80.2916609850597,-5.457293103018335,-20.63787232779997,-54.34469874585468
SSP4,MTS,UN_REGION,150,Europe,1406.8073236719413,166.01157607203396,-257.2185249865662,1410.455412879678,162.9338555895473,-264.4870526568432,-3.6480892077368026,-0.2586461914658167,3.0777204824866544,1.8889385949595772,7.268527670277024,-2.7481601073711226
SSP4,MTS,UN_REPORTING_AREA,005,South America,1727.9107128361618,129.9036765917597,-141.1156348070696,1729.6249596302705,128.7670318916941,-147.31071830756707,-1.7142467941087034,-0.09911089595255884,1.1366447000656024,0.8827140638153708,6.195083500497475,-4.205453324559105
SSP4,MTS,UN_REPORTING_AREA,011,Western Africa,89.0746802980833,137.9126893936467,121.04736933934484,89.73429701674618,137.2381634811629,119.8569116471074,-0.659616718662889,-0.7350776019784178,0.6745259124838014,0.49150024699680106,1.1904576922374446,0.9932324101112222
SSP4,MTS,UN_REPORTING_AREA,013,Central America,237.8679891986836,60.92504955011192,75.8802635598738,237.84284753305425,60.419008184826986,74.33977677111625,0.02514166562934861,0.010570704938217546,0.5060413652849363,0.8375532477079339,1.5404867887575477,2.072224125047528
SSP4,MTS,UN_REPORTING_AREA,014,Eastern Africa,149.61484244555652,162.82070382908395,155.76981074356013,149.70443801687267,162.1559664098973,155.08873150550787,-0.0895955713161527,-0.05984830677234765,0.6647374191866504,0.40993707102108257,0.6810792380522628,0.4391545610314518
SSP4,MTS,UN_REPORTING_AREA,015,Northern Africa,137.92324714904302,93.65644603474534,76.49905805605889,138.04817058605076,93.42074348192158,76.52917306568321,-0.12492343700773745,-0.0904926421533947,0.23570255282376706,0.2523021590696173,-0.030115009624324784,-0.03935101924918971
SSP4,MTS,UN_REPORTING_AREA,017,Middle Africa,17.611529732145115,33.17776463504322,37.42985184285615,17.679976034388133,32.98335416318808,37.32744392038049,-0.06844630224301795,-0.3871402433458515,0.19441047185513582,0.5894199567856973,0.10240792247566333,0.2743502145341026
SSP4,MTS,UN_REPORTING_AREA,018,Southern Africa,54.99779906222266,20.204281075329508,23.003533993262202,55.00623004283869,20.1261359328863,22.649268951873804,-0.008430980616026318,-0.015327319486280189,0.07814514244320847,0.38827692858576235,0.3542650413883983,1.564134551720664
SSP4,MTS,UN_REPORTING_AREA,021,Northern America,942.2563951537558,109.57579399892929,-92.84371949064807,944.006412904222,108.34918013603743,-97.7281941235403,-1.7500177504662133,-0.18538197691712055,1.2266138628918526,1.1320933498082608,4.8844746328922355,-4.998019943679366
SSP4,MTS,UN_REPORTING_AREA,029,Caribbean,15.608476980531698,7.514461069384957,8.883441130208787,15.62622718999731,7.454890793915567,9.399525378017218,-0.017750209465612343,-0.1135924190131754,0.05957027546939031,0.7990764333933642,-0.5160842478084309,-5.490535181865708
SSP4,MTS,UN_REPORTING_AREA,030,Eastern Asia,1402.463365362477,385.09533551753236,-183.15745849154467,1424.696385333188,472.0849853738002,-120.34653558373623,-22.233019970710984,-1.5605444219268794,-86.98964985626782,-18.426692767487364,-62.81092290780845,52.19171669807234
SSP4,MTS,UN_REPORTING_AREA,034,Southern Asia,2088.91545395386,615.4704607487517,10.978899168265187,2095.344001345324,612.2084801575058,-15.366085006022054,-6.428547391464235,-0.30680152697297736,3.2619805912459015,0.5328218567646648,26.34498417428724,-171.4489029831769
SSP4,MTS,UN_REPORTING_AREA,035,South-eastern Asia,553.4112744103253,267.83446654981753,99.87748232716632,561.9752378261645,265.0815617012966,87.6018820348765,-8.563963415839225,-1.5239040511760615,2.7529048485209273,1.0385123849628641,12.275600292289823,14.012941282931113
SSP4,MTS,UN_REPORTING_AREA,039,Southern Europe,119.6304422191281,35.41054281330272,42.6112785219675,120.21976164986677,34.7057770256091,41.09086989752465,-0.5893194307386693,-0.4902017959867777,0.7047657876936171,2.0306872460270187,1.520408624442851,3.7001130135101867
SSP4,MTS,UN_REPORTING_AREA,053,Australia and New Zealand,157.04434791392686,8.569534584052224,-39.707154630679334,157.3479111299407,8.445711484076115,-41.149110312235706,-0.30356321601385616,-0.19292484649711117,0.12382309997610896,1.4661062032437444,1.4419556815563723,-3.5042207975213624
SSP4,MTS,UN_REPORTING_AREA,054,Melanesia,3.2500417716212184,2.797455407801417,2.5619222106733415,3.2590532805069308,2.762568188179471,2.5173562045809543,-0.009011508885712338,-0.2765069518688712,0.03488721962194585,1.262854606493402,0.044566006092387145,1.770349623596701
SSP4,MTS,UN_REPORTING_AREA,057,Micronesia,0.0031080960408496,0.0780588280750719,9.790820479893197,0.0033410984433215,0.0771017421055468,11.805347365219648,-0.00023300240247189994,-6.973826315643194,0.0009570859695251094,1.2413285917910022,-2.0145268853264504,-17.064528666573196
SSP4,MTS,UN_REPORTING_AREA,061,Polynesia,0.013276936275922257,0.2067175416353746,2.6809645554797212,0.013806599325065312,0.20519212781723323,3.1856702591476385,-0.0005296630491430556,-3.836303471061653,0.0015254138181413635,0.7434075733646406,-0.5047057036679172,-15.842998885985049
SSP4,MTS,UN_REPORTING_AREA,143,Central Asia,71.84463018049902,26.23932421964524,13.797878587722638,71.8758915062694,26.007987270489068,12.163363079342282,-0.031261325770373105,-0.04349347898890965,0.23133694915617298,0.889484244783012,1.634515508380355,13.438022837255792
SSP4,MTS,UN_REPORTING_AREA,145,Western Asia,206.2984796304179,96.3414043615961,75.84119641214558,205.8832542535875,95.88963787931102,73.92324580709452,0.4152253768303922,0.20168001440221683,0.45176648228508043,0.4711317012727534,1.917950605051061,2.5945162230241126
SSP4,MTS,UN_REPORTING_AREA,151,Eastern Europe,739.3437994011276,63.524160106805475,-266.90162940410636,741.8968601228935,62.41282204209442,-272.5519897560622,-2.55306072176586,-0.3441260987872341,1.111338064711056,1.7806246030046768,5.65036035195584,-2.0731312059079077
SSP4,MTS,UN_REPORTING_AREA,154,Northern Europe,142.75338204544903,27.174953675876047,5.269864815263193,142.739478238693,26.750889505070504,4.607808980068008,0.013903806756019321,0.009740687669301806,0.4240641708055435,1.585233906802097,0.6620558351951846,14.36812676174377
SSP4,MTS,UN_REPORTING_AREA,155,Western Europe,405.0797000062365,39.9019194760497,-38.19803891969053,405.5993128682247,39.064367016773275,-37.633741778373675,-0.5196128619881506,-0.12810989700985376,0.8375524592764236,2.144031820397352,-0.5642971413168567,1.4994446862074406
SSP4,MTS,UN_SPECIAL_GROUP,LDC,Least developed countries,362.5675732063669,375.5205580450098,327.458349811889,365.93897942071544,373.3414662222438,322.8084406778565,-3.3714062143485535,-0.9213028411691804,2.179091822765997,0.5836725946398946,4.649909134032498,1.4404546313188993
SSP4,MTS,UN_SPECIAL_GROUP,LLDC,Landlocked developing countries,304.5963960239532,203.44331165075675,145.87486022726753,305.19091453112065,202.4478647328721,143.05888037718637,-0.5945185071674359,-0.1948021644356035,0.9954469178846637,0.4917053184029019,2.8159798500811632,1.9684061853808776
SSP4,MTS,UN_SPECIAL_GROUP,PACIFIC_ISLANDS,Pacific island countries and areas,3.26642680393799,3.0822317775118635,15.03370724604626,3.2762009782753174,3.044862058102251,17.50837382894824,-0.009774174337327413,-0.29833866732048575,0.03736971940961231,1.2273041831295073,-2.47466658290198,-14.134188629273957
SSP4,MTS,UN_SPECIAL_GROUP,SIDS,Small island developing States,27.09337857806449,14.490137616569157,30.984107962323872,27.1783899972376,14.365362392869681,34.365742483765004,-0.08501141917311017,-0.31279048973007484,0.12477522369947636,0.868583891495911,-3.381634521441132,-9.840132285920134
SSP4,MTS,UN_SUBREGION,015,Northern Africa,137.92324714904302,93.65644603474534,76.49905805605889,138.04817058605076,93.42074348192158,76.52917306568321,-0.12492343700773745,-0.0904926421533947,0.23570255282376706,0.2523021590696173,-0.030115009624324784,-0.03935101924918971
SSP4,MTS,UN_SUBREGION,021,Northern America,942.2563951537558,109.57579399892929,-92.84371949064807,944.006412904222,108.34918013603743,-97.7281941235403,-1.7500177504662133,-0.18538197691712055,1.2266138628918526,1.1320933498082608,4.8844746328922355,-4.998019943679366
SSP4,MTS,UN_SUBREGION,030,Eastern Asia,1402.463365362477,385.09533551753236,-183.15745849154467,1424.696385333188,472.0849853738002,-120.34653558373623,-22.233019970710984,-1.5605444219268794,-86.98964985626782,-18.426692767487364,-62.81092290780845,52.19171669807234
SSP4,MTS,UN_SUBREGION,034,Southern Asia,2088.91545395386,615.4704607487517,10.978899168265187,2095.344001345324,612.2084801575058,-15.366085006022054,-6.428547391464235,-0.30680152697297736,3.2619805912459015,0.5328218567646648,26.34498417428724,-171.4489029831769
SSP4,MTS,UN_SUBREGION,035,South-eastern Asia,553.4112744103253,267.83446654981753,99.87748232716632,561.9752378261645,265.0815617012966,87.6018820348765,-8.563963415839225,-1.5239040511760615,2.7529048485209273,1.0385123849628641,12.275600292289823,14.012941282931113
SSP4,MTS,UN_SUBREGION,039,Southern Europe,119.6304422191281,35.41054281330272,42.6112785219675,120.21976164986677,34.7057770256091,41.09086989752465,-0.5893194307386693,-0.4902017959867777,0.7047657876936171,2.0306872460270187,1.520408624442851,3.7001130135101867
SSP4,MTS,UN_SUBREGION,053,Australia and New Zealand,157.04434791392686,8.569534584052224,-39.707154630679334,157.3479111299407,8.445711484076115,-41.149110312235706,-0.30356321601385616,-0.19292484649711117,0.12382309997610896,1.4661062032437444,1.4419556815563723,-3.5042207975213624
SSP4,MTS,UN_SUBREGION,054,Melanesia,3.2500417716212184,2.797455407801417,2.5619222106733415,3.2590532805069308,2.762568188179471,2.5173562045809543,-0.009011508885712338,-0.2765069518688712,0.03488721962194585,1.262854606493402,0.044566006092387145,1.770349623596701
SSP4,MTS,UN_SUBREGION,057,Micronesia,0.0031080960408496,0.0780588280750719,9.790820479893197,0.0033410984433215,0.0771017421055468,11.805347365219648,-0.00023300240247189994,-6.973826315643194,0.0009570859695251094,1.2413285917910022,-2.0145268853264504,-17.064528666573196
SSP4,MTS,UN_SUBREGION,061,Polynesia,0.013276936275922257,0.2067175416353746,2.6809645554797212,0.013806599325065312,0.20519212781723323,3.1856702591476385,-0.0005296630491430556,-3.836303471061653,0.0015254138181413635,0.7434075733646406,-0.5047057036679172,-15.842998885985049
SSP4,MTS,UN_SUBREGION,143,Central Asia,71.84463018049902,26.23932421964524,13.797878587722638,71.8758915062694,26.007987270489068,12.163363079342282,-0.031261325770373105,-0.04349347898890965,0.23133694915617298,0.889484244783012,1.634515508380355,13.438022837255792
SSP4,MTS,UN_SUBREGION,145,Western Asia,206.2984796304179,96.3414043615961,75.84119641214558,205.8832542535875,95.88963787931102,73.92324580709452,0.4152253768303922,0.20168001440221683,0.45176648228508043,0.4711317012727534,1.917950605051061,2.5945162230241126
SSP4,MTS,UN_SUBREGION,151,Eastern Europe,739.3437994011276,63.524160106805475,-266.90162940410636,741.8968601228935,62.41282204209442,-272.5519897560622,-2.55306072176586,-0.3441260987872341,1.111338064711056,1.7806246030046768,5.65036035195584,-2.0731312059079077
SSP4,MTS,UN_SUBREGION,154,Northern Europe,142.75338204544903,27.174953675876047,5.269864815263193,142.739478238693,26.750889505070504,4.607808980068008,0.013903806756019321,0.009740687669301806,0.4240641708055435,1.585233906802097,0.6620558351951846,14.36812676174377
SSP4,MTS,UN_SUBREGION,155,Western Europe,405.0797000062365,39.9019194760497,-38.19803891969053,405.5993128682247,39.064367016773275,-37.633741778373675,-0.5196128619881506,-0.12810989700985376,0.8375524592764236,2.144031820397352,-0.5642971413168567,1.4994446862074406
SSP4,MTS,UN_SUBREGION,202,Sub-Saharan Africa,311.2988515380076,354.11543893310335,337.25056591902336,312.12494111084567,352.5036199871346,334.92235602486954,-0.8260895728380433,-0.2646663127586102,1.6118189459687642,0.45724890599070367,2.328209894153815,0.695149144950169
SSP4,MTS,UN_SUBREGION,419,Latin America and the Caribbean,1981.3871790153773,198.34318721125658,-56.35193011698698,1983.0940343533218,196.64093087043665,-63.57141615843361,-1.7068553379444893,-0.08607031781531216,1.702256340819929,0.8656673528165459,7.219486041446629,-11.356497114134001
SSP4,MTS,WB_DEVELOPMENT_STATUS,DEVELOPING_ECONOMIES,"Developing economies (World Bank FY25 LIC, LMC and UMC)",6857.231849113172,1994.1253020448012,238.09321946365486,6896.796664936399,2071.146925706036,249.16445423145058,-39.564815823227036,-0.5736694547539223,-77.02162366123503,-3.718790912671688,-11.071234767795715,-4.4433443774895665
SSP4,MTS,WB_INCOME_FY25,HIC,High income,2392.786260609467,321.5601207231821,-247.41644154241217,2398.4747982288454,316.8536283369483,-258.54260514867326,-5.6885376193786215,-0.23717312450309835,4.706492386233776,1.4853837751318988,11.126163606261088,-4.303415910837238
SSP4,MTS,WB_INCOME_FY25,LIC,Low income,136.1638412052509,202.38953045384451,186.83205532096338,136.25965555124077,201.53174143994113,187.92358673690478,-0.09581434598987926,-0.07031747262405963,0.8577890139033855,0.4256346954452317,-1.0915314159414038,-0.5808379006034814
SSP4,MTS,WB_INCOME_FY25,LMC,Lower middle income,2614.823394767003,1004.9319726179492,309.4283578149508,2626.8299410919853,998.4590853026824,272.062772978095,-12.006546324982537,-0.45707360560963695,6.472887315266803,0.6482876875525179,37.36558483685582,13.734177751641274
SSP4,MTS,WB_INCOME_FY25,NCL,Not classified,12.898865060930046,8.649777240992297,9.32322207876034,12.856391041623905,8.611001946673976,9.378150917225772,0.04247401930614103,0.33037280188994433,0.038775294318320164,0.4502994489891776,-0.054928838465432506,-0.5857107541801132
SSP4,MTS,WB_INCOME_FY25,UMC,Upper middle income,4106.244613140919,786.8037989730074,-258.1671936722594,4133.707068293173,871.1560989634129,-210.82190548354922,-27.462455152253824,-0.6643541668179487,-84.35229999040553,-9.68279968317689,-47.34528818871016,22.45748044071474
SSP4,PTS,ECONOMIC,EU27,European Union (27),783.733999940412,94.01419634906573,-81.72882901158667,781.8440105733738,94.32142559320737,-78.6267888008794,1.889989367038197,0.2417348398758179,-0.307229244141638,-0.3257258276254893,-3.1020402107072726,3.945271399246786
SSP4,PTS,FOCUS,CHINA_MAINLAND,China mainland,1393.0948928284442,445.60871908827227,-154.7709362018161,1393.35716635062,452.9024004252782,-149.0493136698658,-0.2622735221757466,-0.018823136558920872,-7.293681337005921,-1.6104311503222557,-5.721622531950317,3.838744634962432
SSP4,PTS,FOCUS,USA,United States,826.2525055726435,97.64849978402337,-46.709146818330055,825.0141662470413,97.96887606494994,-45.995718971401715,1.238339325602169,0.15009915905266347,-0.3203762809265669,-0.32701843054131485,-0.7134278469283402,1.5510744540636834
SSP4,PTS,GLOBAL,WORLD,World,9310.397656510117,2388.948669046622,4.617551133123676e-12,9308.127854206869,2396.611555989659,3.1177994214148796e-12,2.2698023032480705,0.024385164651796742,-7.662886943036938,-0.31973837912471215,1.4997517117087966e-12,
SSP4,PTS,UN_REGION,002,Africa,450.24028070253934,446.00230389321865,411.24388047203286,450.1731116968964,445.9243634690562,411.45152909055275,0.06716900564293837,0.014920705812415669,0.07794042416247748,0.017478395563808036,-0.20764861851989735,-0.05046733426385952
SSP4,PTS,UN_REGION,009,Oceania,160.74057119121414,11.468517689586527,-24.3348539003768,160.62411210821605,11.490573542178366,-23.640736483287462,0.11645908299809093,0.07250411004271484,-0.022055852591838843,-0.1919473602503663,-0.6941174170893376,2.936107416027567
SSP4,PTS,UN_REGION,019,Americas,2929.736364488214,304.1583774292944,-162.43508797363185,2927.1004472575437,304.9901110064741,-161.2996102819739,2.635917230670202,0.09005216179511777,-0.8317335771797048,-0.27270837550600335,-1.1354776916579397,0.7039556324240248
SSP4,PTS,UN_REGION,142,Asia,4356.857136825178,1464.8368361916328,42.51428390969218,4359.774770264534,1471.2726523824026,37.975870331555,-2.9176334393559955,-0.0669216552023566,-6.435816190769856,-0.43743191857392727,4.538413578137181,11.950782269145543
SSP4,PTS,UN_REGION,150,Europe,1412.823303302972,162.4826338428898,-266.9882225077117,1410.455412879678,162.9338555895473,-264.4870526568432,2.3678904232938294,0.16788126740279186,-0.45122174665749526,-0.2769355362179482,-2.501169850868507,0.945668162484159
SSP4,PTS,UN_REPORTING_AREA,005,South America,1730.6106248489361,128.45185308160157,-147.28715443000425,1729.6249596302705,128.7670318916941,-147.31071830756707,0.9856652186656447,0.056987222182325326,-0.315178810092533,-0.2447666964612738,0.023563877562821745,-0.015996037378374073
SSP4,PTS,UN_REPORTING_AREA,011,Western Africa,89.59938333757641,137.3144080675025,120.00745534168198,89.73429701674618,137.2381634811629,119.8569116471074,-0.13491367916977026,-0.15034795351948071,0.0762445863396124,0.05555640239245374,0.15054369457457994,0.1256028480175031
SSP4,PTS,UN_REPORTING_AREA,013,Central America,238.15590062460095,60.25599229546104,74.24421007512082,237.84284753305425,60.419008184826986,74.33977677111625,0.31305309154669203,0.13162182289427893,-0.16301588936594413,-0.26980894632905317,-0.09556669599543,-0.12855391843543673
SSP4,PTS,UN_REPORTING_AREA,014,Eastern Africa,149.81256190242604,162.16303184998773,154.94177426390212,149.70443801687267,162.1559664098973,155.08873150550787,0.10812388555336838,0.07222490327318809,0.007065440090428865,0.004357187864778567,-0.1469572416057474,-0.09475687896803864
SSP4,PTS,UN_REPORTING_AREA,015,Northern Africa,138.08361929690955,93.45028573759868,76.37351162371566,138.04817058605076,93.42074348192158,76.52917306568321,0.035448710858787535,0.025678508239757036,0.029542255677100115,0.03162280086415059,-0.1556614419675526,-0.20340144252434245
SSP4,PTS,UN_REPORTING_AREA,017,Middle Africa,17.67965084134016,32.97061742857651,37.25568263900928,17.679976034388133,32.98335416318808,37.32744392038049,-0.0003251930479741816,-0.001839329687669533,-0.012736734611571876,-0.03861564396561157,-0.0717612813712094,-0.19224804549777819
SSP4,PTS,UN_REPORTING_AREA,018,Southern Africa,55.06506532428722,20.103960809553193,22.66545660372381,55.00623004283869,20.1261359328863,22.649268951873804,0.05883528144853045,0.10696112313588468,-0.022175123333106228,-0.11018072921227251,0.016187651850007256,0.07147096837607503
SSP4,PTS,UN_REPORTING_AREA,021,Northern America,945.3302766674227,108.00669834645464,-98.55122695563975,944.006412904222,108.34918013603743,-97.7281941235403,1.323863763200734,0.14023885273488634,-0.3424817895827914,-0.3160907993514983,-0.8230328320994431,0.8421651903840921
SSP4,PTS,UN_REPORTING_AREA,029,Caribbean,15.639562347253714,7.443833705777113,9.159083336891339,15.62622718999731,7.454890793915567,9.399525378017218,0.013335157256403107,0.08533830395693887,-0.011057088138453963,-0.1483199210306152,-0.2404420411258794,-2.5580232134720715
SSP4,PTS,UN_REPORTING_AREA,030,Eastern Asia,1424.563421767557,464.73585786859746,-126.72168514981985,1424.696385333188,472.0849853738002,-120.34653558373623,-0.1329635656309165,-0.00933276500170166,-7.349127505202716,-1.5567382426669663,-6.375149566083621,5.297327035764843
SSP4,PTS,UN_REPORTING_AREA,034,Southern Asia,2094.139235530844,612.9841123514428,-7.571484511037134,2095.344001345324,612.2084801575058,-15.366085006022054,-1.2047658144801972,-0.05749728033710433,0.7756321939369855,0.1266941277483502,7.79460049498492,-50.72600139808008
SSP4,PTS,UN_REPORTING_AREA,035,South-eastern Asia,560.0016494331893,265.14866686477427,89.94687569735135,561.9752378261645,265.0815617012966,87.6018820348765,-1.9735883929752163,-0.3511877855347234,0.06710516347766315,0.02531491177544254,2.344993662474849,2.676875893535313
SSP4,PTS,UN_REPORTING_AREA,039,Southern Europe,120.69222275413017,34.595129892082284,40.593957591225546,120.21976164986677,34.7057770256091,41.09086989752465,0.4724611042634024,0.39299787138109554,-0.11064713352681821,-0.31881474212541727,-0.49691230629910166,-1.2093010139194837
SSP4,PTS,UN_REPORTING_AREA,053,Australia and New Zealand,157.46085483696703,8.42680671982781,-40.92687083093131,157.3479111299407,8.445711484076115,-41.149110312235706,0.11294370702631795,0.07177960369175729,-0.018904764248304673,-0.22383862252396414,0.22223948130439908,-0.5400833204364908
SSP4,PTS,UN_REPORTING_AREA,054,Melanesia,3.262330636220883,2.760243948382666,2.511859844586911,3.2590532805069308,2.762568188179471,2.5173562045809543,0.003277355713952268,0.10056158742646204,-0.00232423979680485,-0.08413330055525581,-0.005496359994043409,-0.21833858808067985
SSP4,PTS,UN_REPORTING_AREA,057,Micronesia,0.0034106784610960002,0.076857728214462,11.078101403464839,0.0033410984433215,0.0771017421055468,11.805347365219648,6.958001777450026e-05,2.0825491662355367,-0.00024401389108479055,-0.3164829800483049,-0.727245961754809,-6.160309724535395
SSP4,PTS,UN_REPORTING_AREA,061,Polynesia,0.013975039565104005,0.2046092931615877,3.0020556825027525,0.013806599325065312,0.20519212781723323,3.1856702591476385,0.00016844024003869265,1.2199980319041792,-0.0005828346556455144,-0.28404338014597075,-0.183614576644886,-5.763765917631858
SSP4,PTS,UN_REPORTING_AREA,143,Central Asia,71.96236402850914,26.02422297284775,12.558824881753901,71.8758915062694,26.007987270489068,12.163363079342282,0.08647252223974533,0.12030810391019386,0.016235702358681436,0.06242583168711846,0.395461802411619,3.251253784270025
SSP4,PTS,UN_REPORTING_AREA,145,Western Asia,206.19046606507783,95.9439761339705,74.30175299144392,205.8832542535875,95.88963787931102,73.92324580709452,0.3072118114903333,0.14921651234049982,0.05433825465946995,0.05666749386190606,0.37850718434940234,0.5120272793988745
SSP4,PTS,UN_REPORTING_AREA,151,Eastern Europe,742.4184051360024,62.24126566128248,-272.48022314622517,741.8968601228935,62.41282204209442,-272.5519897560622,0.5215450131089483,0.07029885704361583,-0.17155638081193558,-0.2748736160275378,0.07176660983702732,-0.026331346874874928
SSP4,PTS,UN_REPORTING_AREA,154,Northern Europe,143.15280752067184,26.69840555282667,4.227845934358158,142.739478238693,26.750889505070504,4.607808980068008,0.41332928197883234,0.28956900156777987,-0.05248395224383273,-0.19619516664627357,-0.3799630457098502,-8.246067650665545
SSP4,PTS,UN_REPORTING_AREA,155,Western Europe,406.5598678921675,38.94783273669836,-39.32980288707026,405.5993128682247,39.064367016773275,-37.633741778373675,0.9605550239428453,0.23682363196086964,-0.11653428007491584,-0.29831349891035197,-1.6960611086965827,4.506756513037535
SSP4,PTS,UN_SPECIAL_GROUP,LDC,Least developed countries,365.1268499908497,373.63463919186205,323.5027380918962,365.93897942071544,373.3414662222438,322.8084406778565,-0.8121294298657631,-0.22193028770844947,0.29317296961824013,0.07852676333672814,0.6942974140397382,0.21508031592414323
SSP4,PTS,UN_SPECIAL_GROUP,LLDC,Landlocked developing countries,305.3310244073167,202.45869392711225,143.33392622298365,305.19091453112065,202.4478647328721,143.05888037718637,0.14010987619604975,0.04590892766624943,0.010829194240159268,0.005349127418274868,0.27504584579727975,0.1922605888373452
SSP4,PTS,UN_SPECIAL_GROUP,PACIFIC_ISLANDS,Pacific island countries and areas,3.279716354247083,3.041710969758716,16.5920169305545,3.2762009782753174,3.044862058102251,17.50837382894824,0.003515375971765433,0.1073003761086655,-0.003151088343535058,-0.10348870600394022,-0.9163568983937402,-5.2338207268492365
SSP4,PTS,UN_SPECIAL_GROUP,SIDS,Small island developing States,27.180284363180235,14.352118460605254,33.05274972529423,27.1783899972376,14.365362392869681,34.365742483765004,0.0018943659426362558,0.006970118328664121,-0.013243932264426661,-0.09219351313406454,-1.3129927584707772,-3.820644233399173
SSP4,PTS,UN_SUBREGION,015,Northern Africa,138.08361929690955,93.45028573759868,76.37351162371566,138.04817058605076,93.42074348192158,76.52917306568321,0.035448710858787535,0.025678508239757036,0.029542255677100115,0.03162280086415059,-0.1556614419675526,-0.20340144252434245
SSP4,PTS,UN_SUBREGION,021,Northern America,945.3302766674227,108.00669834645464,-98.55122695563975,944.006412904222,108.34918013603743,-97.7281941235403,1.323863763200734,0.14023885273488634,-0.3424817895827914,-0.3160907993514983,-0.8230328320994431,0.8421651903840921
SSP4,PTS,UN_SUBREGION,030,Eastern Asia,1424.563421767557,464.73585786859746,-126.72168514981985,1424.696385333188,472.0849853738002,-120.34653558373623,-0.1329635656309165,-0.00933276500170166,-7.349127505202716,-1.5567382426669663,-6.375149566083621,5.297327035764843
SSP4,PTS,UN_SUBREGION,034,Southern Asia,2094.139235530844,612.9841123514428,-7.571484511037134,2095.344001345324,612.2084801575058,-15.366085006022054,-1.2047658144801972,-0.05749728033710433,0.7756321939369855,0.1266941277483502,7.79460049498492,-50.72600139808008
SSP4,PTS,UN_SUBREGION,035,South-eastern Asia,560.0016494331893,265.14866686477427,89.94687569735135,561.9752378261645,265.0815617012966,87.6018820348765,-1.9735883929752163,-0.3511877855347234,0.06710516347766315,0.02531491177544254,2.344993662474849,2.676875893535313
SSP4,PTS,UN_SUBREGION,039,Southern Europe,120.69222275413017,34.595129892082284,40.593957591225546,120.21976164986677,34.7057770256091,41.09086989752465,0.4724611042634024,0.39299787138109554,-0.11064713352681821,-0.31881474212541727,-0.49691230629910166,-1.2093010139194837
SSP4,PTS,UN_SUBREGION,053,Australia and New Zealand,157.46085483696703,8.42680671982781,-40.92687083093131,157.3479111299407,8.445711484076115,-41.149110312235706,0.11294370702631795,0.07177960369175729,-0.018904764248304673,-0.22383862252396414,0.22223948130439908,-0.5400833204364908
SSP4,PTS,UN_SUBREGION,054,Melanesia,3.262330636220883,2.760243948382666,2.511859844586911,3.2590532805069308,2.762568188179471,2.5173562045809543,0.003277355713952268,0.10056158742646204,-0.00232423979680485,-0.08413330055525581,-0.005496359994043409,-0.21833858808067985
SSP4,PTS,UN_SUBREGION,057,Micronesia,0.0034106784610960002,0.076857728214462,11.078101403464839,0.0033410984433215,0.0771017421055468,11.805347365219648,6.958001777450026e-05,2.0825491662355367,-0.00024401389108479055,-0.3164829800483049,-0.727245961754809,-6.160309724535395
SSP4,PTS,UN_SUBREGION,061,Polynesia,0.013975039565104005,0.2046092931615877,3.0020556825027525,0.013806599325065312,0.20519212781723323,3.1856702591476385,0.00016844024003869265,1.2199980319041792,-0.0005828346556455144,-0.28404338014597075,-0.183614576644886,-5.763765917631858
SSP4,PTS,UN_SUBREGION,143,Central Asia,71.96236402850914,26.02422297284775,12.558824881753901,71.8758915062694,26.007987270489068,12.163363079342282,0.08647252223974533,0.12030810391019386,0.016235702358681436,0.06242583168711846,0.395461802411619,3.251253784270025
SSP4,PTS,UN_SUBREGION,145,Western Asia,206.19046606507783,95.9439761339705,74.30175299144392,205.8832542535875,95.88963787931102,73.92324580709452,0.3072118114903333,0.14921651234049982,0.05433825465946995,0.05666749386190606,0.37850718434940234,0.5120272793988745
SSP4,PTS,UN_SUBREGION,151,Eastern Europe,742.4184051360024,62.24126566128248,-272.48022314622517,741.8968601228935,62.41282204209442,-272.5519897560622,0.5215450131089483,0.07029885704361583,-0.17155638081193558,-0.2748736160275378,0.07176660983702732,-0.026331346874874928
SSP4,PTS,UN_SUBREGION,154,Northern Europe,143.15280752067184,26.69840555282667,4.227845934358158,142.739478238693,26.750889505070504,4.607808980068008,0.41332928197883234,0.28956900156777987,-0.05248395224383273,-0.19619516664627357,-0.3799630457098502,-8.246067650665545
SSP4,PTS,UN_SUBREGION,155,Western Europe,406.5598678921675,38.94783273669836,-39.32980288707026,405.5993128682247,39.064367016773275,-37.633741778373675,0.9605550239428453,0.23682363196086964,-0.11653428007491584,-0.29831349891035197,-1.6960611086965827,4.506756513037535
SSP4,PTS,UN_SUBREGION,202,Sub-Saharan Africa,312.15666140562985,352.5520181556199,334.8703688483172,312.12494111084567,352.5036199871346,334.92235602486954,0.03172029478417926,0.010162691475823493,0.048398168485334736,0.013729835877174246,-0.05198717655235896,-0.015522157782887902
SSP4,PTS,UN_SUBREGION,419,Latin America and the Caribbean,1984.406087820791,196.1516790828397,-63.8838610179921,1983.0940343533218,196.64093087043665,-63.57141615843361,1.3120534674692408,0.06616193910831125,-0.48925178759694177,-0.24880465396052154,-0.31244485955849655,0.4914863919026402
SSP4,PTS,WB_DEVELOPMENT_STATUS,DEVELOPING_ECONOMIES,"Developing economies (World Bank FY25 LIC, LMC and UMC)",6895.087828074612,2064.343803587478,253.50491301597816,6896.796664936399,2071.146925706036,249.16445423145058,-1.7088368617869492,-0.024777254496632928,-6.803122118558349,-0.32847124625111634,4.340458784527584,1.742005615494291
SSP4,PTS,WB_INCOME_FY25,HIC,High income,2402.4204018062474,316.00121602443755,-262.82504043194865,2398.4747982288454,316.8536283369483,-258.54260514867326,3.9456035774019256,0.16450469191151562,-0.8524123125107508,-0.2690240023397461,-4.28243528327539,1.6563750801585675
SSP4,PTS,WB_INCOME_FY25,LIC,Low income,136.3356324027135,201.5790178795764,187.14021103175588,136.25965555124077,201.53174143994113,187.92358673690478,0.07597685147271704,0.05575887533646462,0.04727643963528294,0.02345855759371407,-0.7833757051488988,-0.41685863853037075
SSP4,PTS,WB_INCOME_FY25,LMC,Lower middle income,2624.6920472519064,999.2521199815486,281.5343463828351,2626.8299410919853,998.4590853026824,272.062772978095,-2.1378938400789593,-0.08138683843348371,0.7930346788662064,0.07942585635603017,9.471573404740127,3.481392658415161
SSP4,PTS,WB_INCOME_FY25,NCL,Not classified,12.88942662925724,8.603649434706863,9.320127415975186,12.856391041623905,8.611001946673976,9.378150917225772,0.033035587633335695,0.2569584848996831,-0.007352511967113173,-0.08538509238118497,-0.05802350125058631,-0.6187093997816695
SSP4,PTS,WB_INCOME_FY25,UMC,Upper middle income,4134.060148419992,863.5126657263527,-215.16964439861286,4133.707068293173,871.1560989634129,-210.82190548354922,0.3530801268198047,0.008541488813462728,-7.643433237060208,-0.8773896258265412,-4.347738915063644,2.0622804376478454
SSP5,CGS,ECONOMIC,EU27,European Union (27),819.197856620431,109.4287905662421,-54.013087348820775,820.9005828565495,105.28090282970317,-53.94559764796306,-1.7027262361184512,-0.20742173555211574,4.147887736538934,3.939829185591548,-0.06748970085771333,0.12510696664840282
SSP5,CGS,FOCUS,CHINA_MAINLAND,China mainland,1478.7532208310715,335.19133847667445,-295.3200933954371,1518.955720270969,492.380648183163,-184.90915857421476,-40.202499439897565,-2.6467196445150942,-157.18930970648853,-31.924347613274794,-110.41093482122233,59.710906518947795
SSP5,CGS,FOCUS,USA,United States,829.9770217622903,112.38073454881331,29.96755155476205,831.1048743035388,110.07764205133898,22.50292407259677,-1.1278525412485578,-0.13570520112683448,2.3030924974743243,2.092243669609295,7.46462748216528,33.17181117477719
SSP5,CGS,GLOBAL,WORLD,World,9664.215689378574,2357.484207523729,-2.3670102336503795e-12,9738.498194081641,2486.0925295989337,-4.195256989025786e-12,-74.28250470306739,-0.7627716637890969,-128.6083220752048,-5.173110837348938,1.8282467553754067e-12,
SSP5,CGS,UN_REGION,002,Africa,459.60985103358934,439.5597814343194,400.0433121165519,460.8918299600357,436.2362541561662,396.3149662929646,-1.2819789264463566,-0.27815180116287364,3.3235272781532217,0.7618640694093903,3.72834582358729,0.9407532242502237
SSP5,CGS,UN_REGION,009,Oceania,161.2815194830187,13.273277414070591,-17.099577969598712,161.66179018321293,12.934089195776696,-14.953463905907324,-0.3802707001942167,-0.23522608512701604,0.339188218293895,2.62243605374739,-2.146114063691389,14.351952679295742
SSP5,CGS,UN_REGION,019,Americas,2956.859567238386,321.5441058988075,-69.08050586459677,2961.8415765904733,315.787200647899,-91.41642813213437,-4.982009352087516,-0.16820647638495778,5.756905250908517,1.8230331182192083,22.335922267537597,-24.433160126594522
SSP5,CGS,UN_REGION,142,Asia,4604.412798222247,1393.0798902310808,-90.86614383950437,4667.141558936739,1537.52064553068,-54.75813503138481,-62.72876071449173,-1.344050955437115,-144.44075529959923,-9.39439452208104,-36.108008808119564,65.94090318712304
SSP5,CGS,UN_REGION,150,Europe,1482.0519534013333,190.02715254545046,-222.99708444285434,1486.96143841118,183.6143400684116,-235.18693922354234,-4.909485009846776,-0.3301689528070417,6.4128124770388695,3.492544468285841,12.189854780687995,-5.183049203723722
SSP5,CGS,UN_REPORTING_AREA,005,South America,1737.9069834567135,130.3110270654272,-127.56079810934821,1740.525250159807,128.1873403369973,-139.10428298440237,-2.618266703093468,-0.15042968798373302,2.1236867284299024,1.6567055083964277,11.543484875054162,-8.298439578850726
SSP5,CGS,UN_REPORTING_AREA,011,Western Africa,89.57700507745824,128.22896235474178,106.71925219961837,90.62870420570013,127.0857363434375,104.84063510016736,-1.0516991282418928,-1.1604481576331982,1.1432260113042787,0.8995706711056872,1.8786170994510059,1.7918787859841911
SSP5,CGS,UN_REPORTING_AREA,013,Central America,251.14485499301637,59.06628016510845,66.09940802129468,250.97558678870016,58.113587955305945,63.16190738321309,0.1692682043162108,0.06744409146803854,0.9526922098025068,1.6393622271872133,2.9375006380815876,4.650747198401262
SSP5,CGS,UN_REPORTING_AREA,014,Eastern Africa,149.46051362908474,162.09616996733303,158.61779726338122,149.5065009615631,160.80356305431093,157.32334127228194,-0.0459873324783473,-0.030759419946679856,1.292606913022098,0.803842208760952,1.2944559910992837,0.8227997070434423
SSP5,CGS,UN_REPORTING_AREA,015,Northern Africa,151.05678589526497,95.95715665867212,69.24033116130154,151.14498112188733,95.58025624442294,69.52554720522619,-0.08819522662236068,-0.05835140933408978,0.3769004142491781,0.3943287338394885,-0.28521604392464894,-0.41023200160186235
SSP5,CGS,UN_REPORTING_AREA,017,Middle Africa,16.477548588332724,32.04081633640463,36.49614121605956,16.580098967318662,31.679835600677492,36.342730745898855,-0.10255037898593855,-0.6185148785183836,0.3609807357271393,1.13946530618807,0.15341047016070775,0.42212147247084886
SSP5,CGS,UN_REPORTING_AREA,018,Southern Africa,53.037997843448686,21.236676117167814,28.969790276191183,53.031544703566496,21.086862913317365,28.282711969390235,0.006453139882189873,0.012168493145470194,0.14981320385044938,0.7104575226115628,0.6870783068009487,2.429322575375936
SSP5,CGS,UN_REPORTING_AREA,021,Northern America,950.8514933998466,124.65750899158186,-15.270580350378047,953.3661372177814,122.08927651362475,-24.13930865205291,-2.514643817934825,-0.26376475099832986,2.5682324779571104,2.1035692497289205,8.868728301674864,-36.73977755332537
SSP5,CGS,UN_REPORTING_AREA,029,Caribbean,16.95623538880935,7.509289676690003,7.651464573834809,16.974602424184866,7.396995841971012,8.66525612110782,-0.018367035375515428,-0.10820303719953905,0.11229383471899101,1.5181005521434532,-1.0137915472730112,-11.699498931179908
SSP5,CGS,UN_REPORTING_AREA,030,Eastern Asia,1511.4814957918268,356.42840453511747,-265.4269095410891,1552.2356129929135,512.9405440848933,-153.58159550895965,-40.75411720108673,-2.625511028091121,-156.51213954977584,-30.512725374243878,-111.84531403212947,72.82468557608168
SSP5,CGS,UN_REPORTING_AREA,034,Southern Asia,2225.3866692165625,635.7537030440451,-17.26971477710429,2233.751934078241,630.0557664859568,-64.80102464504725,-8.365264861678497,-0.37449390570445384,5.697936558088259,0.9043543224542816,47.53130986794296,-73.34962699787462
SSP5,CGS,UN_REPORTING_AREA,035,South-eastern Asia,563.6077581540738,276.82875341979775,111.05885997363741,578.500140627769,271.62285515818166,89.21522581150057,-14.892382473695193,-2.5743092227314746,5.205898261616085,1.9165906560346002,21.843634162136837,24.48419982513905
SSP5,CGS,UN_REPORTING_AREA,039,Southern Europe,123.03401165639991,40.82911244652671,58.73761907897286,123.87368517564289,39.34031639524705,55.972710589467034,-0.8396735192429787,-0.6778465644679765,1.4887960512796568,3.784402840897161,2.764908489505828,4.939743779401895
SSP5,CGS,UN_REPORTING_AREA,053,Australia and New Zealand,157.80152041769247,9.973992707328048,-31.30398765265115,158.16572635377887,9.714458121263739,-33.96783759955514,-0.3642059360863925,-0.23026855721685058,0.25953458606430857,2.6716321468947424,2.6638499469039907,-7.842271204625861
SSP5,CGS,UN_REPORTING_AREA,054,Melanesia,3.4638882408625067,3.0253123471765933,2.5665778445078917,3.4786035035781584,2.95034012437109,2.475842908188693,-0.014715262715651711,-0.4230221323158978,0.0749722228055032,2.54113829745255,0.09073493631919893,3.664809912579625
SSP5,CGS,UN_REPORTING_AREA,057,Micronesia,0.0030219428256281003,0.08005866932778449,9.13892718335212,0.0034386204605133,0.0780475691617458,13.058667119141527,-0.0004166776348851998,-12.11758144494377,0.0020111001660386985,2.576762079381223,-3.9197399357894067,-30.016386052477074
SSP5,CGS,UN_REPORTING_AREA,061,Polynesia,0.013088881638092107,0.19391369023816368,2.498904655192422,0.014021705395405133,0.1912433809801211,3.4798636663175935,-0.0009328237573130258,-6.652712569604469,0.002670309258042569,1.3962884594265423,-0.9809590111251714,-28.18958169597564
SSP5,CGS,UN_REPORTING_AREA,143,Central Asia,75.37967941928319,26.08921627682657,13.467383125248535,75.30111058088427,25.696523017170097,10.403494581034998,0.07856883839892248,0.1043395479732423,0.39269325965647184,1.5281960886073254,3.063888544213537,29.450570866820435
SSP5,CGS,UN_REPORTING_AREA,145,Western Asia,228.55719564050096,97.97981295529407,67.30423737980308,227.35276065693125,97.20495678447813,64.00576473008653,1.204434983569712,0.5297648377303732,0.7748561708159372,0.7971364799162828,3.298472649716558,5.153399328367181
SSP5,CGS,UN_REPORTING_AREA,151,Eastern Europe,784.7669290612768,72.528493220236,-269.2255044084626,788.7449797069446,70.21161843086261,-279.4890817837791,-3.9780506456678495,-0.5043519449272282,2.3168747893733865,3.2998452979043913,10.263577375316515,-3.6722641578023185
SSP5,CGS,UN_REPORTING_AREA,154,Northern Europe,149.12227715081985,31.174804958763012,15.178813053401331,148.8114083085458,30.298523713947592,14.165804184658146,0.3108688422740613,0.2089012165179538,0.87628124481542,2.892158222256991,1.013008868743185,7.151086204059598
SSP5,CGS,UN_REPORTING_AREA,155,Western Europe,425.1287355328367,45.494741919924735,-27.688012166765944,425.5313652200469,43.76388152835435,-25.836372213888417,-0.402629687210208,-0.09461809871570415,1.7308603915703884,3.954997434240326,-1.8516399528775267,7.166795467833409
SSP5,CGS,UN_SPECIAL_GROUP,LDC,Least developed countries,357.8237946239523,376.70900904081657,339.1182262819595,363.02614240623,372.72192920729077,331.6854757565512,-5.202347782277684,-1.433050454106466,3.9870798335257973,1.0697196813736154,7.432750525408267,2.240903225700408
SSP5,CGS,UN_SPECIAL_GROUP,LLDC,Landlocked developing countries,316.8935071146638,202.11570103817218,138.20438358367636,317.6488841286047,200.2634507042576,133.06722060638137,-0.7553770139409153,-0.2378025082673041,1.8522503339145828,0.9249068301783847,5.137162977294992,3.8605773487153217
SSP5,CGS,UN_SPECIAL_GROUP,PACIFIC_ISLANDS,Pacific island countries and areas,3.479999065326227,3.2992847067425415,14.204409683052436,3.4960638294340765,3.2196310745129573,19.014373693647816,-0.016064764107849516,-0.45951003447354255,0.07965363222958421,2.473998740418848,-4.80996401059538,-25.296463023666448
SSP5,CGS,UN_SPECIAL_GROUP,SIDS,Small island developing States,28.33410853868603,14.70294575656124,29.16986818288382,28.461149066419377,14.459027765650823,35.78047052570807,-0.12704052773334595,-0.4463647178716279,0.24391799091041655,1.686959834809043,-6.610602342824247,-18.475448326132447
SSP5,CGS,UN_SUBREGION,015,Northern Africa,151.05678589526497,95.95715665867212,69.24033116130154,151.14498112188733,95.58025624442294,69.52554720522619,-0.08819522662236068,-0.05835140933408978,0.3769004142491781,0.3943287338394885,-0.28521604392464894,-0.41023200160186235
SSP5,CGS,UN_SUBREGION,021,Northern America,950.8514933998466,124.65750899158186,-15.270580350378047,953.3661372177814,122.08927651362475,-24.13930865205291,-2.514643817934825,-0.26376475099832986,2.5682324779571104,2.1035692497289205,8.868728301674864,-36.73977755332537
SSP5,CGS,UN_SUBREGION,030,Eastern Asia,1511.4814957918268,356.42840453511747,-265.4269095410891,1552.2356129929135,512.9405440848933,-153.58159550895965,-40.75411720108673,-2.625511028091121,-156.51213954977584,-30.512725374243878,-111.84531403212947,72.82468557608168
SSP5,CGS,UN_SUBREGION,034,Southern Asia,2225.3866692165625,635.7537030440451,-17.26971477710429,2233.751934078241,630.0557664859568,-64.80102464504725,-8.365264861678497,-0.37449390570445384,5.697936558088259,0.9043543224542816,47.53130986794296,-73.34962699787462
SSP5,CGS,UN_SUBREGION,035,South-eastern Asia,563.6077581540738,276.82875341979775,111.05885997363741,578.500140627769,271.62285515818166,89.21522581150057,-14.892382473695193,-2.5743092227314746,5.205898261616085,1.9165906560346002,21.843634162136837,24.48419982513905
SSP5,CGS,UN_SUBREGION,039,Southern Europe,123.03401165639991,40.82911244652671,58.73761907897286,123.87368517564289,39.34031639524705,55.972710589467034,-0.8396735192429787,-0.6778465644679765,1.4887960512796568,3.784402840897161,2.764908489505828,4.939743779401895
SSP5,CGS,UN_SUBREGION,053,Australia and New Zealand,157.80152041769247,9.973992707328048,-31.30398765265115,158.16572635377887,9.714458121263739,-33.96783759955514,-0.3642059360863925,-0.23026855721685058,0.25953458606430857,2.6716321468947424,2.6638499469039907,-7.842271204625861
SSP5,CGS,UN_SUBREGION,054,Melanesia,3.4638882408625067,3.0253123471765933,2.5665778445078917,3.4786035035781584,2.95034012437109,2.475842908188693,-0.014715262715651711,-0.4230221323158978,0.0749722228055032,2.54113829745255,0.09073493631919893,3.664809912579625
SSP5,CGS,UN_SUBREGION,057,Micronesia,0.0030219428256281003,0.08005866932778449,9.13892718335212,0.0034386204605133,0.0780475691617458,13.058667119141527,-0.0004166776348851998,-12.11758144494377,0.0020111001660386985,2.576762079381223,-3.9197399357894067,-30.016386052477074
SSP5,CGS,UN_SUBREGION,061,Polynesia,0.013088881638092107,0.19391369023816368,2.498904655192422,0.014021705395405133,0.1912433809801211,3.4798636663175935,-0.0009328237573130258,-6.652712569604469,0.002670309258042569,1.3962884594265423,-0.9809590111251714,-28.18958169597564
SSP5,CGS,UN_SUBREGION,143,Central Asia,75.37967941928319,26.08921627682657,13.467383125248535,75.30111058088427,25.696523017170097,10.403494581034998,0.07856883839892248,0.1043395479732423,0.39269325965647184,1.5281960886073254,3.063888544213537,29.450570866820435
SSP5,CGS,UN_SUBREGION,145,Western Asia,228.55719564050096,97.97981295529407,67.30423737980308,227.35276065693125,97.20495678447813,64.00576473008653,1.204434983569712,0.5297648377303732,0.7748561708159372,0.7971364799162828,3.298472649716558,5.153399328367181
SSP5,CGS,UN_SUBREGION,151,Eastern Europe,784.7669290612768,72.528493220236,-269.2255044084626,788.7449797069446,70.21161843086261,-279.4890817837791,-3.9780506456678495,-0.5043519449272282,2.3168747893733865,3.2998452979043913,10.263577375316515,-3.6722641578023185
SSP5,CGS,UN_SUBREGION,154,Northern Europe,149.12227715081985,31.174804958763012,15.178813053401331,148.8114083085458,30.298523713947592,14.165804184658146,0.3108688422740613,0.2089012165179538,0.87628124481542,2.892158222256991,1.013008868743185,7.151086204059598
SSP5,CGS,UN_SUBREGION,155,Western Europe,425.1287355328367,45.494741919924735,-27.688012166765944,425.5313652200469,43.76388152835435,-25.836372213888417,-0.402629687210208,-0.09461809871570415,1.7308603915703884,3.954997434240326,-1.8516399528775267,7.166795467833409
SSP5,CGS,UN_SUBREGION,202,Sub-Saharan Africa,308.5530651383244,343.60262477564726,330.80298095525035,309.74684883814837,340.65599791174327,326.7894190877384,-1.193783699823939,-0.38540624522954703,2.9466268639039868,0.8649860510212992,4.013561867511953,1.2281798715258807
SSP5,CGS,UN_SUBREGION,419,Latin America and the Caribbean,2006.0080738385393,196.88659690722568,-53.80992551421873,2008.475439372692,193.69792413427427,-67.27711948008147,-2.4673655341528047,-0.12284768266439539,3.1886727729514064,1.6462090583588163,13.467193965862734,-20.017494907536772
SSP5,CGS,WB_DEVELOPMENT_STATUS,DEVELOPING_ECONOMIES,"Developing economies (World Bank FY25 LIC, LMC and UMC)",7180.816113098649,1987.1508410827091,116.36570754269833,7247.596678077805,2125.547222078832,134.81910362941295,-66.78056497915622,-0.9214166839767834,-138.39638099612284,-6.511094157709096,-18.45339608671462,-13.687523199559914
SSP5,CGS,WB_INCOME_FY25,HIC,High income,2470.6131442001033,361.8769549534705,-126.09628317117307,2478.207373123728,352.1582766981414,-144.6761475744268,-7.5942289236245415,-0.30644041358218743,9.71867825532911,2.7597472211790874,18.579864403253737,-12.842382600556569
SSP5,CGS,WB_INCOME_FY25,LIC,Low income,137.3324013320026,201.43950870622,184.73346806354397,137.35134500214332,199.80715629713302,187.01545840768506,-0.01894367014071463,-0.013792125690814672,1.632352409086991,0.816963936296422,-2.281990344141093,-1.220214822651966
SSP5,CGS,WB_INCOME_FY25,LMC,Lower middle income,2770.6734666032876,1020.7795293231591,262.9659108452696,2788.707814400487,1009.1332932539732,195.46163656703112,-18.034347797199644,-0.6466919088501388,11.646236069185875,1.1540830281827619,67.50427427823848,34.535817597684314
SSP5,CGS,WB_INCOME_FY25,NCL,Not classified,12.786432079822093,8.456411487549113,9.730575628472351,12.694142880108723,8.387030821960188,9.857043945009666,0.09228919971337035,0.7270219075443451,0.06938066558892508,0.8272375178026259,-0.1264683165373146,-1.2830247814948792
SSP5,CGS,WB_INCOME_FY25,UMC,Upper middle income,4272.810245163359,764.93180305333,-331.33367136611525,4321.5375186751735,916.6067725277259,-247.65799134530323,-48.72727351181493,-1.1275448448901382,-151.67496947439588,-16.54744150058175,-83.67568002081202,33.78678780615043
SSP5,MTS,ECONOMIC,EU27,European Union (27),819.3465648723763,107.54445992924556,-53.22503944743753,820.9005828565495,105.28090282970317,-53.94559764796306,-1.5540179841731288,-0.18930647835155856,2.263557099542396,2.1500168014362497,0.7205582005255309,-1.335712703060099
SSP5,MTS,FOCUS,CHINA_MAINLAND,China mainland,1494.4611641099718,397.38296915657105,-251.7900964539519,1518.955720270969,492.380648183163,-184.90915857421476,-24.494556160997263,-1.6125918507109316,-94.99767902659192,-19.29354441063519,-66.88093787973713,36.16961885254264
SSP5,MTS,FOCUS,USA,United States,830.1663808887646,111.32615336648158,26.931998487245163,831.1048743035388,110.07764205133898,22.50292407259677,-0.938493414774257,-0.11292117803552992,1.2485113151425935,1.1342097194998901,4.429074414648394,19.68221729922628
SSP5,MTS,GLOBAL,WORLD,World,9689.562721083008,2407.424246118426,-3.1191633477478664e-12,9738.498194081641,2486.0925295989337,-4.195256989025786e-12,-48.935472998633486,-0.5024950667277706,-78.66828348050785,-3.1643344945491148,1.0760936412779198e-12,
SSP5,MTS,UN_REGION,002,Africa,459.91183440911294,438.17376890485457,398.6241998537736,460.8918299600357,436.2362541561662,396.3149662929646,-0.9799955509227516,-0.21263027183791028,1.9375147486883861,0.44414344984604615,2.309233560808991,0.5826763451325156
SSP5,MTS,UN_REGION,009,Oceania,161.33669722609483,13.12222461504079,-16.075060304617537,161.66179018321293,12.934089195776696,-14.953463905907324,-0.3250929571181018,-0.20109449286047631,0.1881354192640945,1.4545702941767713,-1.1215963987102135,7.500579168597388
SSP5,MTS,UN_REGION,019,Americas,2958.287223404039,318.91531201589436,-78.42167504284109,2961.8415765904733,315.787200647899,-91.41642813213437,-3.5543531864341276,-0.12000483802127038,3.128111367995359,0.9905757299781159,12.994753089293283,-14.214899176010809
SSP5,MTS,UN_REGION,142,Asia,4626.824928258731,1450.0877001168833,-76.85625388807412,4667.141558936739,1537.52064553068,-54.75813503138481,-40.31663067800764,-0.863839893624152,-87.43294541379669,-5.686619276817506,-22.09811885668931,40.3558646473692
SSP5,MTS,UN_REGION,150,Europe,1483.2020377850295,187.12524046575305,-227.2712106182439,1486.96143841118,183.6143400684116,-235.18693922354234,-3.7594006261506365,-0.2528243523361007,3.5109003973414588,1.9121057734561298,7.915728605298426,-3.3657177696311713
SSP5,MTS,UN_REPORTING_AREA,005,South America,1738.7546091841916,129.35237698427144,-132.484374923344,1740.525250159807,128.1873403369973,-139.10428298440237,-1.770640975615379,-0.1017302665073605,1.1650366472741496,0.9088546842545675,6.619908061058368,-4.758953440564195
SSP5,MTS,UN_REPORTING_AREA,011,Western Africa,89.9575812574197,127.75805622610076,106.00491409801047,90.62870420570013,127.0857363434375,104.84063510016736,-0.6711229482804271,-0.7405191921945331,0.6723198826632597,0.5290285928283733,1.1642789978431125,1.1105226487141406
SSP5,MTS,UN_REPORTING_AREA,013,Central America,251.0027591987795,58.619253253766004,64.80192579780005,250.97558678870016,58.113587955305945,63.16190738321309,0.0271724100793449,0.010826714433465057,0.5056652984600589,0.8701326423846911,1.6400184145869616,2.596530856227508
SSP5,MTS,UN_REPORTING_AREA,014,Eastern Africa,149.41085202830763,161.5471750953133,158.06290147053159,149.5065009615631,160.80356305431093,157.32334127228194,-0.09564893325546109,-0.06397643757314331,0.7436120410023648,0.4624350523571463,0.7395601982496487,0.4700893028769748
SSP5,MTS,UN_REPORTING_AREA,015,Northern Africa,151.0053141977363,95.81585775972357,69.4568330448489,151.14498112188733,95.58025624442294,69.52554720522619,-0.13966692415101534,-0.09240592913791756,0.23560151530062967,0.2464960071859812,-0.06871416037728295,-0.09883296592323454
SSP5,MTS,UN_REPORTING_AREA,017,Middle Africa,16.51469158537341,31.88155849870396,36.430297498187215,16.580098967318662,31.679835600677492,36.342730745898855,-0.06540738194525275,-0.3944933143896101,0.2017228980264676,0.6367548764115272,0.0875667522883603,0.24094709035655804
SSP5,MTS,UN_REPORTING_AREA,018,Southern Africa,53.02339534027589,21.171121325012937,28.66925374219538,53.031544703566496,21.086862913317365,28.282711969390235,-0.008149363290606004,-0.01536701096707116,0.08425841169557202,0.39957774677976676,0.38654177280514546,1.3667068887293743
SSP5,MTS,UN_REPORTING_AREA,021,Northern America,951.5755951618963,123.48500477195478,-18.82861216525317,953.3661372177814,122.08927651362475,-24.13930865205291,-1.790542055885112,-0.18781263420059036,1.3957282583300241,1.1432029889818063,5.310696486799742,-22.00020126238411
SSP5,MTS,UN_REPORTING_AREA,029,Caribbean,16.95425985917179,7.458677005902127,8.08938624795607,16.974602424184866,7.396995841971012,8.66525612110782,-0.020342565013077518,-0.1198411868786664,0.061681163931115,0.8338677653586313,-0.5758698731517509,-6.645734010665672
SSP5,MTS,UN_REPORTING_AREA,030,Eastern Asia,1527.3667135754117,418.31298906915123,-221.18940202603162,1552.2356129929135,512.9405440848933,-153.58159550895965,-24.86889941750178,-1.6021343157789913,-94.62755501574208,-18.448055258443542,-67.60780651707196,44.0207736434981
SSP5,MTS,UN_REPORTING_AREA,034,Southern Asia,2227.096714342073,633.5673743137208,-36.36216335189187,2233.751934078241,630.0557664859568,-64.80102464504725,-6.655219736167965,-0.29793906989561414,3.51160782776401,0.5573487323748294,28.438861293155377,-43.88643767429835
SSP5,MTS,UN_REPORTING_AREA,035,South-eastern Asia,569.201024197924,274.5949837319787,102.5195035169379,578.500140627769,271.62285515818166,89.21522581150057,-9.299116429845071,-1.6074527518271653,2.972128573797022,1.0942115206270753,13.304277705437329,14.912564065630928
SSP5,MTS,UN_REPORTING_AREA,039,Southern Europe,123.28547309026881,40.15179959905208,57.63408318198831,123.87368517564289,39.34031639524705,55.972710589467034,-0.5882120853740815,-0.4748482977155688,0.8114832038050324,2.062726683873528,1.6613725925212748,2.9681832003932263
SSP5,MTS,UN_REPORTING_AREA,053,Australia and New Zealand,157.85010410189653,9.858709400302228,-32.3492715280363,158.16572635377887,9.714458121263739,-33.96783759955514,-0.3156222518823313,-0.1995516090359306,0.1442512790384889,1.4849132832508882,1.618566071518842,-4.76499590759949
SSP5,MTS,UN_REPORTING_AREA,054,Melanesia,3.4699242916302087,2.991729803268827,2.5265368200470393,3.4786035035781584,2.95034012437109,2.475842908188693,-0.008679211947949739,-0.24950276566507723,0.041389678897736815,1.402878215831449,0.050693911858346485,2.0475415338622405
SSP5,MTS,UN_REPORTING_AREA,057,Micronesia,0.0031975131516122,0.079121255577687,10.82656900682686,0.0034386204605133,0.0780475691617458,13.058667119141527,-0.00024110730890109996,-7.01174531094102,0.0010736864159412024,1.3756820711688045,-2.2320981123146666,-17.092847929654585
SSP5,MTS,UN_REPORTING_AREA,061,Polynesia,0.01347131941647518,0.19266415589204972,2.921105396544854,0.014021705395405133,0.1912433809801211,3.4798636663175935,-0.0005503859789299532,-3.9252427818823876,0.0014207749119286017,0.7429145545571947,-0.5587582697727393,-16.056901170614534
SSP5,MTS,UN_REPORTING_AREA,143,Central Asia,75.27325866550672,25.932819247624295,12.162907004384103,75.30111058088427,25.696523017170097,10.403494581034998,-0.027851915377553382,-0.03698738991058104,0.23629623045419734,0.919564994440325,1.7594124233491044,16.911744507046865
SSP5,MTS,UN_REPORTING_AREA,145,Western Asia,227.8872174778163,97.67953375440811,66.01290096852738,227.35276065693125,97.20495678447813,64.00576473008653,0.5344568208850546,0.2350782191255396,0.4745769699299842,0.48822301416400204,2.00713623844085,3.135867912687207
SSP5,MTS,UN_REPORTING_AREA,151,Eastern Europe,786.0576121149659,71.47613666965512,-273.33451514189227,788.7449797069446,70.21161843086261,-279.4890817837791,-2.6873675919787274,-0.3407143831174908,1.2645182387925047,1.8010099568316784,6.154566641886845,-2.202077663501789
SSP5,MTS,UN_REPORTING_AREA,154,Northern Europe,148.8565046966222,30.784029773145882,14.89391477786916,148.8114083085458,30.298523713947592,14.165804184658146,0.04509638807641636,0.030304389017610234,0.4855060591982898,1.6024083014143375,0.7281105932110137,5.139917111091874
SSP5,MTS,UN_REPORTING_AREA,155,Western Europe,425.00244788317235,44.71327442389999,-26.464693436209142,425.5313652200469,43.76388152835435,-25.836372213888417,-0.5289173368745423,-0.12429573472240163,0.9493928955456425,2.1693525857173768,-0.6283212223207251,2.4319251058899427
SSP5,MTS,UN_SPECIAL_GROUP,LDC,Least developed countries,359.6181087398711,375.0806659827777,336.384977130334,363.02614240623,372.72192920729077,331.6854757565512,-3.4080336663589037,-0.9387846406238354,2.358736775486932,0.6328408903934157,4.699501373782766,1.4168547365734252
SSP5,MTS,UN_SPECIAL_GROUP,LLDC,Landlocked developing countries,317.01033941287903,201.3360414479603,136.0916519481346,317.6488841286047,200.2634507042576,133.06722060638137,-0.6385447157256863,-0.20102218129220972,1.0725907437027047,0.5355898642167567,3.0244313417532283,2.2728597831765285
SSP5,MTS,UN_SPECIAL_GROUP,PACIFIC_ISLANDS,Pacific island countries and areas,3.4865931241982957,3.2635152147385633,16.274211223418753,3.4960638294340765,3.2196310745129573,19.014373693647816,-0.009470705235780752,-0.2708962335311149,0.04388414022560605,1.3630176628930846,-2.7401624702290626,-14.411005665385002
SSP5,MTS,UN_SPECIAL_GROUP,SIDS,Small island developing States,28.372750599501135,14.594638965513397,32.02481753070114,28.461149066419377,14.459027765650823,35.78047052570807,-0.08839846691824249,-0.31059345746001776,0.13561119986257353,0.9378998509480319,-3.755652995006926,-10.49637676594697
SSP5,MTS,UN_SUBREGION,015,Northern Africa,151.0053141977363,95.81585775972357,69.4568330448489,151.14498112188733,95.58025624442294,69.52554720522619,-0.13966692415101534,-0.09240592913791756,0.23560151530062967,0.2464960071859812,-0.06871416037728295,-0.09883296592323454
SSP5,MTS,UN_SUBREGION,021,Northern America,951.5755951618963,123.48500477195478,-18.82861216525317,953.3661372177814,122.08927651362475,-24.13930865205291,-1.790542055885112,-0.18781263420059036,1.3957282583300241,1.1432029889818063,5.310696486799742,-22.00020126238411
SSP5,MTS,UN_SUBREGION,030,Eastern Asia,1527.3667135754117,418.31298906915123,-221.18940202603162,1552.2356129929135,512.9405440848933,-153.58159550895965,-24.86889941750178,-1.6021343157789913,-94.62755501574208,-18.448055258443542,-67.60780651707196,44.0207736434981
SSP5,MTS,UN_SUBREGION,034,Southern Asia,2227.096714342073,633.5673743137208,-36.36216335189187,2233.751934078241,630.0557664859568,-64.80102464504725,-6.655219736167965,-0.29793906989561414,3.51160782776401,0.5573487323748294,28.438861293155377,-43.88643767429835
SSP5,MTS,UN_SUBREGION,035,South-eastern Asia,569.201024197924,274.5949837319787,102.5195035169379,578.500140627769,271.62285515818166,89.21522581150057,-9.299116429845071,-1.6074527518271653,2.972128573797022,1.0942115206270753,13.304277705437329,14.912564065630928
SSP5,MTS,UN_SUBREGION,039,Southern Europe,123.28547309026881,40.15179959905208,57.63408318198831,123.87368517564289,39.34031639524705,55.972710589467034,-0.5882120853740815,-0.4748482977155688,0.8114832038050324,2.062726683873528,1.6613725925212748,2.9681832003932263
SSP5,MTS,UN_SUBREGION,053,Australia and New Zealand,157.85010410189653,9.858709400302228,-32.3492715280363,158.16572635377887,9.714458121263739,-33.96783759955514,-0.3156222518823313,-0.1995516090359306,0.1442512790384889,1.4849132832508882,1.618566071518842,-4.76499590759949
SSP5,MTS,UN_SUBREGION,054,Melanesia,3.4699242916302087,2.991729803268827,2.5265368200470393,3.4786035035781584,2.95034012437109,2.475842908188693,-0.008679211947949739,-0.24950276566507723,0.041389678897736815,1.402878215831449,0.050693911858346485,2.0475415338622405
SSP5,MTS,UN_SUBREGION,057,Micronesia,0.0031975131516122,0.079121255577687,10.82656900682686,0.0034386204605133,0.0780475691617458,13.058667119141527,-0.00024110730890109996,-7.01174531094102,0.0010736864159412024,1.3756820711688045,-2.2320981123146666,-17.092847929654585
SSP5,MTS,UN_SUBREGION,061,Polynesia,0.01347131941647518,0.19266415589204972,2.921105396544854,0.014021705395405133,0.1912433809801211,3.4798636663175935,-0.0005503859789299532,-3.9252427818823876,0.0014207749119286017,0.7429145545571947,-0.5587582697727393,-16.056901170614534
SSP5,MTS,UN_SUBREGION,143,Central Asia,75.27325866550672,25.932819247624295,12.162907004384103,75.30111058088427,25.696523017170097,10.403494581034998,-0.027851915377553382,-0.03698738991058104,0.23629623045419734,0.919564994440325,1.7594124233491044,16.911744507046865
SSP5,MTS,UN_SUBREGION,145,Western Asia,227.8872174778163,97.67953375440811,66.01290096852738,227.35276065693125,97.20495678447813,64.00576473008653,0.5344568208850546,0.2350782191255396,0.4745769699299842,0.48822301416400204,2.00713623844085,3.135867912687207
SSP5,MTS,UN_SUBREGION,151,Eastern Europe,786.0576121149659,71.47613666965512,-273.33451514189227,788.7449797069446,70.21161843086261,-279.4890817837791,-2.6873675919787274,-0.3407143831174908,1.2645182387925047,1.8010099568316784,6.154566641886845,-2.202077663501789
SSP5,MTS,UN_SUBREGION,154,Northern Europe,148.8565046966222,30.784029773145882,14.89391477786916,148.8114083085458,30.298523713947592,14.165804184658146,0.04509638807641636,0.030304389017610234,0.4855060591982898,1.6024083014143375,0.7281105932110137,5.139917111091874
SSP5,MTS,UN_SUBREGION,155,Western Europe,425.00244788317235,44.71327442389999,-26.464693436209142,425.5313652200469,43.76388152835435,-25.836372213888417,-0.5289173368745423,-0.12429573472240163,0.9493928955456425,2.1693525857173768,-0.6283212223207251,2.4319251058899427
SSP5,MTS,UN_SUBREGION,202,Sub-Saharan Africa,308.90652021137663,342.35791114513097,329.16736680892467,309.74684883814837,340.65599791174327,326.7894190877384,-0.8403286267717363,-0.2712952948266567,1.7019132333876996,0.4995987869935048,2.377947721186274,0.7276697415187217
SSP5,MTS,UN_SUBREGION,419,Latin America and the Caribbean,2006.7116282421428,195.43030724393958,-59.593062877587926,2008.475439372692,193.69792413427427,-67.27711948008147,-1.7638111305493567,-0.08781840673641739,1.7323831096653066,0.8943736064328744,7.684056602493541,-11.421500596155187
SSP5,MTS,WB_DEVELOPMENT_STATUS,DEVELOPING_ECONOMIES,"Developing economies (World Bank FY25 LIC, LMC and UMC)",7204.406475091334,2041.517548167038,122.86470402478895,7247.596678077805,2125.547222078832,134.81910362941295,-43.19020298647138,-0.5959244823475207,-84.0296739117939,-3.953319551734591,-11.954399604624001,-8.866992349603454
SSP5,MTS,WB_INCOME_FY25,HIC,High income,2472.4183813577265,357.48042273551096,-132.6620994932225,2478.207373123728,352.1582766981414,-144.6761475744268,-5.788991766001345,-0.23359593828923275,5.322146037369578,1.5112937532720583,12.014048081204294,-8.30409731156535
SSP5,MTS,WB_INCOME_FY25,LIC,Low income,137.2624794185485,200.74841486799608,185.76145336635463,137.35134500214332,199.80715629713302,187.01545840768506,-0.08886558359481,-0.06469946369540569,0.9412585708630559,0.4710835128764357,-1.25400504133043,-0.6705355011866199
SSP5,MTS,WB_INCOME_FY25,LMC,Lower middle income,2775.9402500118917,1016.0386899569482,235.80534978105953,2788.707814400487,1009.1332932539732,195.46163656703112,-12.767564388595474,-0.45783083916736134,6.905396702975054,0.6842898504228812,40.34371321402841,20.64022072187708
SSP5,MTS,WB_INCOME_FY25,NCL,Not classified,12.73786463394738,8.426275215877007,9.797395468430484,12.694142880108723,8.387030821960188,9.857043945009666,0.04372175383865695,0.34442462363619697,0.03924439391681922,0.46791760695648055,-0.059648476579182486,-0.6051355448139284
SSP5,MTS,WB_INCOME_FY25,UMC,Upper middle income,4291.203745660893,824.7304433420937,-298.7020991226252,4321.5375186751735,916.6067725277259,-247.65799134530323,-30.33377301428027,-0.7019208530111176,-91.87632918563213,-10.023527202648186,-51.04410777732198,20.610725097157268
SSP5,PTS,ECONOMIC,EU27,European Union (27),822.9694788056273,104.93815069268751,-57.3580655218888,820.9005828565495,105.28090282970317,-53.94559764796306,2.0688959490778416,0.2520275892457624,-0.3427521370156512,-0.32555964833438367,-3.412467873925735,6.325757842548607
SSP5,PTS,FOCUS,CHINA_MAINLAND,China mainland,1518.7746739642173,484.75810062428195,-190.9138678172885,1518.955720270969,492.380648183163,-184.90915857421476,-0.18104630675179578,-0.011919129987503219,-7.622547558881024,-1.5481005573650175,-6.004709243073734,3.247383358063205
SSP5,PTS,FOCUS,USA,United States,832.3997573076581,109.71600321355669,21.77608228431893,831.1048743035388,110.07764205133898,22.50292407259677,1.2948830041192423,0.1558026001477142,-0.36163883778229433,-0.3285306907406582,-0.726841788277838,-3.229988182571164
SSP5,PTS,GLOBAL,WORLD,World,9741.261582036763,2477.985454511891,-4.8042195222031125e-12,9738.498194081641,2486.0925295989337,-4.195256989025786e-12,2.7633879551212885,0.028375914848965955,-8.107075087042631,-0.3260970776639005,-6.089625331773263e-13,
SSP5,PTS,UN_REGION,002,Africa,460.9750895581564,436.2802183424561,396.0165138329786,460.8918299600357,436.2362541561662,396.3149662929646,0.08325959812071915,0.018064889136337747,0.0439641862899407,0.010078067989782724,-0.298452459985981,-0.07530688602997992
SSP5,PTS,UN_REGION,009,Oceania,161.78328149231533,12.908359365118852,-15.705443739405723,161.66179018321293,12.934089195776696,-14.953463905907324,0.12149130910239592,0.0751515302191752,-0.025729830657844843,-0.19893036354076132,-0.7519798334983996,5.028800271496503
SSP5,PTS,UN_REGION,019,Americas,2964.661619339014,314.89841698623337,-92.56706194658497,2961.8415765904733,315.787200647899,-91.41642813213437,2.8200427485408,0.09521247762978025,-0.8887836616656273,-0.2814501853913409,-1.1506338144506003,1.2586729080986014
SSP5,PTS,UN_REGION,142,Asia,4664.270520594723,1530.7930944335915,-49.78801088098483,4667.141558936739,1537.52064553068,-54.75813503138481,-2.8710383420157086,-0.06151599015714604,-6.727551097088508,-0.4375584234686092,4.9701241503999825,-9.076503696759097
SSP5,PTS,UN_REGION,150,Europe,1489.5710710525536,183.1053653844912,-237.95599726600793,1486.96143841118,183.6143400684116,-235.18693922354234,2.609632641373537,0.17550103008467932,-0.5089746839203997,-0.27719767624400093,-2.7690580424655877,1.1773859771327055
SSP5,PTS,UN_REPORTING_AREA,005,South America,1741.5885196624856,127.86126016251524,-139.0398484605082,1740.525250159807,128.1873403369973,-139.10428298440237,1.0632695026786223,0.06108900187349331,-0.3260801744820583,-0.25437782984248924,0.06443452389416393,-0.04632102082823275
SSP5,PTS,UN_REPORTING_AREA,011,Western Africa,90.49322250158268,127.1537596337471,104.9709474162908,90.62870420570013,127.0857363434375,104.84063510016736,-0.13548170411745275,-0.14949094252737494,0.06802329030959697,0.05352551141204476,0.13031231612343674,0.12429561877314033
SSP5,PTS,UN_REPORTING_AREA,013,Central America,251.32795693008268,57.94954784968742,63.06230158244593,250.97558678870016,58.113587955305945,63.16190738321309,0.3523701413825222,0.1404001663632748,-0.16404010561852544,-0.28227495735538843,-0.09960580076715786,-0.15769916535742778
SSP5,PTS,UN_REPORTING_AREA,014,Eastern Africa,149.62462919190355,160.7952454420188,157.13985636547957,149.5065009615631,160.80356305431093,157.32334127228194,0.11812823034046005,0.07901210287224458,-0.008317612292131571,-0.005172529845820506,-0.18348490680236296,-0.1166291697840327
SSP5,PTS,UN_REPORTING_AREA,015,Northern Africa,151.18567067531873,95.60441494128216,69.33976844656036,151.14498112188733,95.58025624442294,69.52554720522619,0.04068955343140601,0.026920876319791454,0.024158696859217343,0.025275823489567806,-0.18577875866583327,-0.2672093440954204
SSP5,PTS,UN_REPORTING_AREA,017,Middle Africa,16.58022017029601,31.664037107740565,36.260511014319164,16.580098967318662,31.679835600677492,36.342730745898855,0.00012120297734696805,0.0007310148002481753,-0.015798492936927033,-0.049869239020261524,-0.08221973157969131,-0.22623432497287377
SSP5,PTS,UN_REPORTING_AREA,018,Southern Africa,53.09134701905545,21.062761217667447,28.30543059032868,53.031544703566496,21.086862913317365,28.282711969390235,0.05980231548895176,0.11276744025321417,-0.024101695649918042,-0.11429720840407942,0.0227186209384449,0.08032688294896673
SSP5,PTS,UN_REPORTING_AREA,021,Northern America,954.7554082275492,121.70218010049857,-24.988664962864345,953.3661372177814,122.08927651362475,-24.13930865205291,1.3892710097677536,0.14572271402695236,-0.38709641312618714,-0.3170601253280281,-0.8493563108114337,3.518561045198787
SSP5,PTS,UN_REPORTING_AREA,029,Caribbean,16.989734518896675,7.38542887353214,8.399149894341662,16.974602424184866,7.396995841971012,8.66525612110782,0.01513209471180943,0.08914550299128354,-0.011566968438871505,-0.15637386698583722,-0.26610622676615847,-3.0709562769638876
SSP5,PTS,UN_REPORTING_AREA,030,Eastern Asia,1552.1977684260087,505.25832348251856,-160.30732580491622,1552.2356129929135,512.9405440848933,-153.58159550895965,-0.037844566904823296,-0.0024380684599756286,-7.682220602374741,-1.4976824684584278,-6.725730295956566,4.379255387774772
SSP5,PTS,UN_REPORTING_AREA,034,Southern Asia,2232.567000425849,630.8818873320124,-56.41231495000964,2233.751934078241,630.0557664859568,-64.80102464504725,-1.1849336523919192,-0.053046787976518406,0.8261208460555736,0.13111868663040482,8.388709695037612,-12.945334955716259
SSP5,PTS,UN_REPORTING_AREA,035,South-eastern Asia,576.3859907111661,271.6806117763554,91.71498346404289,578.500140627769,271.62285515818166,89.21522581150057,-2.114149916602969,-0.36545365646908357,0.057756618173755214,0.02126353400568881,2.499757652542314,2.8019406214629283
SSP5,PTS,UN_REPORTING_AREA,039,Southern Europe,124.37997785102365,39.21430206121547,55.43749132949189,123.87368517564289,39.34031639524705,55.972710589467034,0.5062926753807631,0.4087168914550965,-0.1260143340315807,-0.32031855759758754,-0.5352192599751433,-0.9562146523521386
SSP5,PTS,UN_REPORTING_AREA,053,Australia and New Zealand,158.28358049068365,9.692874459086674,-33.7044868764242,158.16572635377887,9.714458121263739,-33.96783759955514,0.11785413690478208,0.07451306905843502,-0.021583662177064866,-0.22218081448949212,0.2633507231309409,-0.7752943423587011
SSP5,PTS,UN_REPORTING_AREA,054,Melanesia,3.481993430100372,2.947053143306866,2.4692519908953483,3.4786035035781584,2.95034012437109,2.475842908188693,0.0033899265222134822,0.09745078790170947,-0.0032869810642242037,-0.11141024172339753,-0.006590917293344489,-0.26620902608746055
SSP5,PTS,UN_REPORTING_AREA,057,Micronesia,0.0035106900805128,0.0777605470249165,12.252978812098016,0.0034386204605133,0.0780475691617458,13.058667119141527,7.206961999949978e-05,2.095887604552371,-0.0002870221368292958,-0.36775282037865287,-0.8056883070435106,-6.169759131561936
SSP5,PTS,UN_REPORTING_AREA,061,Polynesia,0.01419688145078338,0.19067121570039453,3.276812334025115,0.014021705395405133,0.1912433809801211,3.4798636663175935,0.00017517605537824797,1.2493206099997822,-0.0005721652797265886,-0.29918174254933705,-0.2030513322924783,-5.835036994634568
SSP5,PTS,UN_REPORTING_AREA,143,Central Asia,75.39665814386102,25.71179658646202,10.831931897069108,75.30111058088427,25.696523017170097,10.403494581034998,0.09554756297674771,0.12688732243080203,0.01527356929192436,0.05943827218071185,0.4284373160341097,4.11820578841966
SSP5,PTS,UN_REPORTING_AREA,145,Western Asia,227.72310288783854,97.26047525624311,64.38471451282905,227.35276065693125,97.20495678447813,64.00576473008653,0.37034223090728347,0.16289321925855305,0.0555184717649837,0.05711485669199767,0.37894978274252367,0.5920557067641719
SSP5,PTS,UN_REPORTING_AREA,151,Eastern Europe,789.3533769354977,70.01780310873356,-279.45061740151107,788.7449797069446,70.21161843086261,-279.4890817837791,0.6083972285531445,0.07713484639599866,-0.19381532212905483,-0.27604451579463785,0.03846438226804594,-0.013762391726557244
SSP5,PTS,UN_REPORTING_AREA,154,Northern Europe,149.26064133553777,30.239883188542922,13.753901484911694,148.8114083085458,30.298523713947592,14.165804184658146,0.4492330269919762,0.3018807711708149,-0.058640525404669575,-0.19354251698301406,-0.4119026997464523,-2.907725494275515
SSP5,PTS,UN_REPORTING_AREA,155,Western Europe,426.5770749304945,43.63337702599923,-27.69677267890045,425.5313652200469,43.76388152835435,-25.836372213888417,1.0457097104476247,0.24574209938834635,-0.1305045023551159,-0.2982013884453183,-1.8604004650120345,7.200703139011022
SSP5,PTS,UN_SPECIAL_GROUP,LDC,Least developed countries,362.2117635812526,373.01157562275165,332.3120910486165,363.02614240623,372.72192920729077,331.6854757565512,-0.814378824977382,-0.22433062797612147,0.2896464154608793,0.07771112799208613,0.626615292065253,0.18891852006361898
SSP5,PTS,UN_SPECIAL_GROUP,LLDC,Landlocked developing countries,317.80652208219686,200.26246356965902,133.34222035202126,317.6488841286047,200.2634507042576,133.06722060638137,0.15763795359214328,0.0496264779977329,-0.0009871345985743574,-0.0004929180013157897,0.2749997456398887,0.20666227519199332
SSP5,PTS,UN_SPECIAL_GROUP,PACIFIC_ISLANDS,Pacific island countries and areas,3.499701001631668,3.2154849060321773,17.999043137018482,3.4960638294340765,3.2196310745129573,19.014373693647816,0.0036371721975916316,0.1040362068612577,-0.004146168480779977,-0.12877775076782783,-1.0153305566293334,-5.339805417669519
SSP5,PTS,UN_SPECIAL_GROUP,SIDS,Small island developing States,28.46463592503536,14.44428372727533,34.32447132893001,28.461149066419377,14.459027765650823,35.78047052570807,0.0034868586159824133,0.012251292482412524,-0.014744038375493318,-0.10197116026375852,-1.455999196778059,-4.069256707320079
SSP5,PTS,UN_SUBREGION,015,Northern Africa,151.18567067531873,95.60441494128216,69.33976844656036,151.14498112188733,95.58025624442294,69.52554720522619,0.04068955343140601,0.026920876319791454,0.024158696859217343,0.025275823489567806,-0.18577875866583327,-0.2672093440954204
SSP5,PTS,UN_SUBREGION,021,Northern America,954.7554082275492,121.70218010049857,-24.988664962864345,953.3661372177814,122.08927651362475,-24.13930865205291,1.3892710097677536,0.14572271402695236,-0.38709641312618714,-0.3170601253280281,-0.8493563108114337,3.518561045198787
SSP5,PTS,UN_SUBREGION,030,Eastern Asia,1552.1977684260087,505.25832348251856,-160.30732580491622,1552.2356129929135,512.9405440848933,-153.58159550895965,-0.037844566904823296,-0.0024380684599756286,-7.682220602374741,-1.4976824684584278,-6.725730295956566,4.379255387774772
SSP5,PTS,UN_SUBREGION,034,Southern Asia,2232.567000425849,630.8818873320124,-56.41231495000964,2233.751934078241,630.0557664859568,-64.80102464504725,-1.1849336523919192,-0.053046787976518406,0.8261208460555736,0.13111868663040482,8.388709695037612,-12.945334955716259
SSP5,PTS,UN_SUBREGION,035,South-eastern Asia,576.3859907111661,271.6806117763554,91.71498346404289,578.500140627769,271.62285515818166,89.21522581150057,-2.114149916602969,-0.36545365646908357,0.057756618173755214,0.02126353400568881,2.499757652542314,2.8019406214629283
SSP5,PTS,UN_SUBREGION,039,Southern Europe,124.37997785102365,39.21430206121547,55.43749132949189,123.87368517564289,39.34031639524705,55.972710589467034,0.5062926753807631,0.4087168914550965,-0.1260143340315807,-0.32031855759758754,-0.5352192599751433,-0.9562146523521386
SSP5,PTS,UN_SUBREGION,053,Australia and New Zealand,158.28358049068365,9.692874459086674,-33.7044868764242,158.16572635377887,9.714458121263739,-33.96783759955514,0.11785413690478208,0.07451306905843502,-0.021583662177064866,-0.22218081448949212,0.2633507231309409,-0.7752943423587011
SSP5,PTS,UN_SUBREGION,054,Melanesia,3.481993430100372,2.947053143306866,2.4692519908953483,3.4786035035781584,2.95034012437109,2.475842908188693,0.0033899265222134822,0.09745078790170947,-0.0032869810642242037,-0.11141024172339753,-0.006590917293344489,-0.26620902608746055
SSP5,PTS,UN_SUBREGION,057,Micronesia,0.0035106900805128,0.0777605470249165,12.252978812098016,0.0034386204605133,0.0780475691617458,13.058667119141527,7.206961999949978e-05,2.095887604552371,-0.0002870221368292958,-0.36775282037865287,-0.8056883070435106,-6.169759131561936
SSP5,PTS,UN_SUBREGION,061,Polynesia,0.01419688145078338,0.19067121570039453,3.276812334025115,0.014021705395405133,0.1912433809801211,3.4798636663175935,0.00017517605537824797,1.2493206099997822,-0.0005721652797265886,-0.29918174254933705,-0.2030513322924783,-5.835036994634568
SSP5,PTS,UN_SUBREGION,143,Central Asia,75.39665814386102,25.71179658646202,10.831931897069108,75.30111058088427,25.696523017170097,10.403494581034998,0.09554756297674771,0.12688732243080203,0.01527356929192436,0.05943827218071185,0.4284373160341097,4.11820578841966
SSP5,PTS,UN_SUBREGION,145,Western Asia,227.72310288783854,97.26047525624311,64.38471451282905,227.35276065693125,97.20495678447813,64.00576473008653,0.37034223090728347,0.16289321925855305,0.0555184717649837,0.05711485669199767,0.37894978274252367,0.5920557067641719
SSP5,PTS,UN_SUBREGION,151,Eastern Europe,789.3533769354977,70.01780310873356,-279.45061740151107,788.7449797069446,70.21161843086261,-279.4890817837791,0.6083972285531445,0.07713484639599866,-0.19381532212905483,-0.27604451579463785,0.03846438226804594,-0.013762391726557244
SSP5,PTS,UN_SUBREGION,154,Northern Europe,149.26064133553777,30.239883188542922,13.753901484911694,148.8114083085458,30.298523713947592,14.165804184658146,0.4492330269919762,0.3018807711708149,-0.058640525404669575,-0.19354251698301406,-0.4119026997464523,-2.907725494275515
SSP5,PTS,UN_SUBREGION,155,Western Europe,426.5770749304945,43.63337702599923,-27.69677267890045,425.5313652200469,43.76388152835435,-25.836372213888417,1.0457097104476247,0.24574209938834635,-0.1305045023551159,-0.2982013884453183,-1.8604004650120345,7.200703139011022
SSP5,PTS,UN_SUBREGION,202,Sub-Saharan Africa,309.78941888283765,340.67580340117394,326.67674538641825,309.74684883814837,340.65599791174327,326.7894190877384,0.042570044689284714,0.013743495647799975,0.019805489430666512,0.005813926527653557,-0.11267370132014776,-0.034478993118780554
SSP5,PTS,UN_SUBREGION,419,Latin America and the Caribbean,2009.906211111465,193.1962368857348,-67.57839698372062,2008.475439372692,193.69792413427427,-67.27711948008147,1.430771738772819,0.07123670574828989,-0.5016872485394686,-0.25900496909387893,-0.30127750363915595,0.4478157001480243
SSP5,PTS,WB_DEVELOPMENT_STATUS,DEVELOPING_ECONOMIES,"Developing economies (World Bank FY25 LIC, LMC and UMC)",7246.038408863962,2118.4006313213936,139.5449296798668,7247.596678077805,2125.547222078832,134.81910362941295,-1.5582692138432321,-0.021500495723725255,-7.146590757438389,-0.3362235702507155,4.725826050453861,3.5053089089244205
SSP5,PTS,WB_INCOME_FY25,HIC,High income,2482.4951416947642,351.2053818440806,-149.3415312994224,2478.207373123728,352.1582766981414,-144.6761475744268,4.287768571036395,0.1730189578780683,-0.9528948540607871,-0.27058709594878216,-4.665383724995593,3.2247082903527957
SSP5,PTS,WB_INCOME_FY25,LIC,Low income,137.43376872303554,199.83902883337547,186.12305612948296,137.35134500214332,199.80715629713302,187.01545840768506,0.08242372089222272,0.06000940208552574,0.031872536242445904,0.015951648996526124,-0.8924022782020984,-0.4771810233230589
SSP5,PTS,WB_INCOME_FY25,LMC,Lower middle income,2786.5260349109735,1009.9371439718609,205.6069683736309,2788.707814400487,1009.1332932539732,195.46163656703112,-2.1817794895137013,-0.0782362167254469,0.8038507178877126,0.07965753615122306,10.145331806599785,5.190446567820772
SSP5,PTS,WB_INCOME_FY25,NCL,Not classified,12.728031478035838,8.379441346416785,9.79660161955078,12.694142880108723,8.387030821960188,9.857043945009666,0.03388859792711507,0.26696247432520526,-0.007589475543403168,-0.0904906122859539,-0.060442325458886614,-0.6131891649878152
SSP5,PTS,WB_INCOME_FY25,UMC,Upper middle income,4322.078605229954,908.6244585161572,-252.18509482324706,4321.5375186751735,916.6067725277259,-247.65799134530323,0.5410865547801222,0.012520695526574421,-7.982314011568633,-0.8708547930052712,-4.527103477943825,1.8279658384339426
