wave,T1,income,urbanrate,oldrate,engel,foodpindex,zyywsr,cyyye,cyyysr
2012,11,15365.0,86.290001,8.6007185,0.31337163,106.5792,543.59998,543.5,519.29999
2012,11,36817.0,86.290001,8.6007185,0.33208093,106.5792,543.59998,543.5,519.29999
2012,11,36468.75,86.290001,8.6007185,0.31337163,106.5792,543.59998,543.5,519.29999
2012,12,29626.41,81.550003,10.457129,0.36224344,106.4362,99.800003,100.0,94.099998
2012,12,13593.0,81.550003,10.457129,0.36673751,106.4362,99.800003,100.0,94.099998
2012,12,24030.0,81.550003,10.457129,0.36673751,106.4362,99.800003,100.0,94.099998
2012,13,20543.439,46.599998,9.0928526,0.33605614,103.7807,53.299999,54.400002,45.400002
2012,13,13647.0,46.599998,9.0928526,0.33873042,103.7807,53.299999,54.400002,45.400002
2012,13,8158.0,46.599998,9.0928526,0.33873042,103.7807,53.299999,54.400002,45.400002
2012,14,20411.711,51.32,7.9660115,0.33415732,104.1515,95.0,99.699997,79.099998
2012,14,7064.0,51.32,7.9660115,0.31573111,104.1515,95.0,99.699997,79.099998
2012,14,13592.0,51.32,7.9660115,0.31573111,104.1515,95.0,99.699997,79.099998
2012,15,24564.721,58.419998,7.8748498,0.37288782,105.7879,74.599998,55.799999,44.400002
2012,15,23150.26,58.419998,7.8748498,0.37288782,105.7879,74.599998,55.799999,44.400002
2012,15,7956.0,58.419998,7.8748498,0.37288782,105.7879,74.599998,55.799999,44.400002
2012,15,8389.0,58.419998,7.8748498,0.30835634,105.7879,74.599998,55.799999,44.400002
2012,15,16800.0,58.419998,7.8748498,0.37288782,105.7879,74.599998,55.799999,44.400002
2012,15,16510.0,58.419998,7.8748498,0.37288782,105.7879,74.599998,55.799999,44.400002
2012,21,23222.67,65.650002,9.9369211,0.35009822,104.9013,143.39999,147.0,138.3
2012,21,18761.0,65.650002,9.9369211,0.35009822,104.9013,143.39999,147.0,138.3
2012,21,9061.0,65.650002,9.9369211,0.38343459,104.9013,143.39999,147.0,138.3
2012,22,8741.0,54.540001,7.7388992,0.36674774,104.9345,21.1,21.799999,15.8
2012,22,20208.039,54.540001,7.7388992,0.31719029,104.9345,21.1,21.799999,15.8
2012,22,14395.0,54.540001,7.7388992,0.36674774,104.9345,21.1,21.799999,15.8
2012,23,14302.0,56.880001,8.8371363,0.36101297,105.5135,30.5,31.799999,24.4
2012,23,8367.0,56.880001,8.8371363,0.36101297,105.5135,30.5,31.799999,24.4
2012,23,17759.75,56.880001,8.8371363,0.37861493,105.5135,30.5,31.799999,24.4
2012,31,38550.0,89.300003,9.0121841,0.36778376,105.8358,349.79999,419.79999,404.10001
2012,31,17452.0,89.300003,9.0121841,0.40492785,105.8358,349.79999,419.79999,404.10001
2012,31,40188.34,89.300003,9.0121841,0.36778376,105.8358,349.79999,419.79999,404.10001
2012,32,22432.0,63.009998,11.496149,0.33366665,104.6619,329.60001,333.70001,293.60001
2012,32,12133.0,63.009998,11.496149,0.35369301,104.6619,329.60001,333.70001,293.60001
2012,32,29676.971,63.009998,11.496149,0.33366665,104.6619,329.60001,333.70001,293.60001
2012,33,34550.301,62.91,8.7483587,0.35052016,105.3112,276.60001,279.60001,249.2
2012,33,15806.0,62.91,8.7483587,0.37054491,105.3112,276.60001,279.60001,249.2
2012,33,27020.0,62.91,8.7483587,0.37054491,105.3112,276.60001,279.60001,249.2
2012,34,21024.211,46.299999,10.317635,0.39251316,103.7702,85.5,88.800003,71.300003
2012,34,7826.0,46.299999,10.317635,0.38736022,103.7702,85.5,88.800003,71.300003
2012,34,13593.0,46.299999,10.317635,0.38736022,103.7702,85.5,88.800003,71.300003
2012,35,28055.24,59.32,8.5920763,0.45980746,104.6018,145.39999,147.5,137.5
2012,35,10164.0,59.32,8.5920763,0.39355335,104.6018,145.39999,147.5,137.5
2012,35,19141.0,59.32,8.5920763,0.39355335,104.6018,145.39999,147.5,137.5
2012,36,8103.0,47.389999,8.0894089,0.43529388,105.2389,35.200001,35.700001,29.0
2012,36,13567.0,47.389999,8.0894089,0.43529388,105.2389,35.200001,35.700001,29.0
2012,36,19860.359,47.389999,8.0894089,0.39697471,105.2389,35.200001,35.700001,29.0
2012,37,9506.0,52.029999,10.513551,0.34260246,103.4586,323.29999,328.89999,270.10001
2012,37,25755.189,52.029999,10.513551,0.32965147,103.4586,323.29999,328.89999,270.10001
2012,37,17127.0,52.029999,10.513551,0.32965147,103.4586,323.29999,328.89999,270.10001
2012,41,20442.619,41.990002,8.8210182,0.33817536,103.6229,148.5,153.39999,134.5
2012,41,12772.0,41.990002,8.8210182,0.3355045,103.6229,148.5,153.39999,134.5
2012,41,7963.0,41.990002,8.8210182,0.33817536,103.6229,148.5,153.39999,134.5
2012,42,20839.59,53.23,10.761318,0.40272778,105.4057,171.3,189.2,162.5
2012,42,14809.0,53.23,10.761318,0.40272778,105.4057,171.3,189.2,162.5
2012,42,8582.0,53.23,10.761318,0.37613323,105.4057,171.3,189.2,162.5
2012,43,21318.76,46.220001,11.105896,0.37248605,103.2571,93.699997,98.699997,85.699997
2012,43,14391.0,46.220001,11.105896,0.43862978,103.2571,93.699997,98.699997,85.699997
2012,43,8024.0,46.220001,11.105896,0.43862978,103.2571,93.699997,98.699997,85.699997
2012,44,21268.0,67.150002,6.9822955,0.36874044,105.5847,548.09998,582.40002,545.09998
2012,44,30226.711,67.150002,6.9822955,0.49053141,105.5847,548.09998,582.40002,545.09998
2012,44,9999.0,67.150002,6.9822955,0.36874044,105.5847,548.09998,582.40002,545.09998
2012,45,6894.0,43.48,9.3278046,0.42274216,105.1768,26.1,33.299999,30.299999
2012,45,12644.0,43.48,9.3278046,0.38981801,105.1768,26.1,33.299999,30.299999
2012,45,21242.801,43.48,9.3278046,0.38981801,105.1768,26.1,33.299999,30.299999
2012,46,20917.711,51.02,7.2732191,0.45350379,105.2067,12.6,13.6,12.2
2012,46,7816.0,51.02,7.2732191,0.50458819,105.2067,12.6,13.6,12.2
2012,46,14180.0,51.02,7.2732191,0.45350379,105.2067,12.6,13.6,12.2
2012,50,14924.0,56.639999,12.904408,0.44158345,104.7174,140.2,146.3,131.5
2012,50,22968.141,56.639999,12.904408,0.41454002,104.7174,140.2,146.3,131.5
2012,50,7526.0,56.639999,12.904408,0.41454002,104.7174,140.2,146.3,131.5
2012,51,7432.0,43.349998,11.814027,0.40359107,104.202,245.5,251.0,224.60001
2012,51,12753.0,43.349998,11.814027,0.4684729,104.202,245.5,251.0,224.60001
2012,51,20306.99,43.349998,11.814027,0.40359107,104.202,245.5,251.0,224.60001
2012,52,18700.51,36.299999,9.1568918,0.39670816,104.7252,17.9,19.0,16.4
2012,52,9850.0,36.299999,9.1568918,0.44610667,104.7252,17.9,19.0,16.4
2012,52,5159.0,36.299999,9.1568918,0.44610667,104.7252,17.9,19.0,16.4
2012,53,21074.5,38.470001,7.7558265,0.39384887,106.1564,47.299999,48.0,43.900002
2012,53,11233.0,38.470001,7.7558265,0.45614222,106.1564,47.299999,48.0,43.900002
2012,53,5930.0,38.470001,7.7558265,0.39384887,106.1564,47.299999,48.0,43.900002
2012,54,8568.0,22.870001,5.4148812,0.53646857,106.8635,1.2,1.1,1.1
2012,54,18028.32,22.870001,5.4148812,0.49334112,106.8635,1.2,1.1,1.1
2012,54,5698.0,22.870001,5.4148812,0.53646857,106.8635,1.2,1.1,1.1
2012,61,12885.0,49.709999,9.2767048,0.36201447,104.7715,129.10001,131.7,108.1
2012,61,20733.881,49.709999,9.2767048,0.29720417,104.7715,129.10001,131.7,108.1
2012,61,6285.0,49.709999,9.2767048,0.36201447,104.7715,129.10001,131.7,108.1
2012,62,9768.0,38.779999,9.2388525,0.35824022,104.1232,32.799999,33.5,30.200001
2012,62,17156.891,38.779999,9.2388525,0.35824022,104.1232,32.799999,33.5,30.200001
2012,63,17566.279,47.849998,7.0054369,0.37803584,106.6379,4.8000002,4.5999999,3.7
2012,63,5594.0,47.849998,7.0054369,0.34812763,106.6379,4.8000002,4.5999999,3.7
2012,63,11470.0,47.849998,7.0054369,0.34812763,106.6379,4.8000002,4.5999999,3.7
2012,64,19831.41,51.150002,6.6296296,0.33901039,104.5347,11.2,11.5,9.5
2012,64,13104.0,51.150002,6.6296296,0.35343805,104.5347,11.2,11.5,9.5
2012,64,6776.0,51.150002,6.6296296,0.35343805,104.5347,11.2,11.5,9.5
2012,65,6876.0,44.220001,6.7954912,0.35672787,107.6052,14.1,14.2,11.9
2012,65,17920.68,44.220001,6.7954912,0.35672787,107.6052,14.1,14.2,11.9
2012,65,12151.0,44.220001,6.7954912,0.37712321,107.6052,14.1,14.2,11.9
2013,11,17101.0,86.389999,8.5825596,0.3464779,104.7,520.64673,520.72137,499.0607
2013,11,40321.0,86.389999,8.5825596,0.0,104.7,520.64673,520.72137,499.0607
2013,11,40830.043,86.389999,8.5825596,0.3464779,104.7,520.64673,520.72137,499.0607
2013,12,26359.203,82.290001,11.45679,0.34856969,105.8,103.343,103.621,96.205902
2013,12,15353.0,82.290001,11.45679,0.34856969,105.8,103.343,103.621,96.205902
2013,12,32293.572,82.290001,11.45679,0.0,105.8,103.343,103.621,96.205902
2013,13,9188.0,48.02,9.1660194,0.32006201,105.9,44.292702,45.208801,37.313801
2013,13,15189.641,48.02,9.1660194,0.32006201,105.9,44.292702,45.208801,37.313801
2013,13,22580.346,48.02,9.1660194,0.0,105.9,44.292702,45.208801,37.313801
2013,14,22455.635,52.880001,7.9714255,0.0,106.2,74.764297,75.0047,56.974098
2013,14,7949.0,52.880001,7.9714255,0.33042881,106.2,74.764297,75.0047,56.974098
2013,14,15119.719,52.880001,7.9714255,0.33042881,106.2,74.764297,75.0047,56.974098
2013,15,18310.758,59.82,8.5480042,0.35544372,106.3,64.962898,65.5439,55.3134
2013,15,8985.0,59.82,8.5480042,0.35544372,106.3,64.962898,65.5439,55.3134
2013,15,18692.895,59.82,8.5480042,0.0,106.3,64.962898,65.5439,55.3134
2013,15,9430.0,59.82,8.5480042,0.35544372,106.3,64.962898,65.5439,55.3134
2013,15,25496.666,59.82,8.5480042,0.35544372,106.3,64.962898,65.5439,55.3134
2013,15,26955.096,59.82,8.5480042,0.35544372,106.3,64.962898,65.5439,55.3134
2013,21,10161.0,66.449997,10.21501,0.35185018,104.6,141.13631,142.7204,132.8204
2013,21,25578.17,66.449997,10.21501,0.0,104.6,141.13631,142.7204,132.8204
2013,21,20817.842,66.449997,10.21501,0.0,104.6,141.13631,142.7204,132.8204
2013,22,15998.115,55.740002,9.657815,0.33043167,105.7,20.357,20.2328,15.196
2013,22,22274.598,55.740002,9.657815,0.0,105.7,20.357,20.2328,15.196
2013,22,9781.0,55.740002,9.657815,0.33043167,105.7,20.357,20.2328,15.196
2013,23,15903.446,58.040001,8.9412661,0.0,104.3,24.2103,24.6485,19.8167
2013,23,19596.965,58.040001,8.9412661,0.0,104.3,24.2103,24.6485,19.8167
2013,23,9369.0,58.040001,8.9412661,0.35190377,104.3,24.2103,24.6485,19.8167
2013,31,19208.0,89.599998,10.64118,0.37475753,104.4,466.1041,469.48401,451.5954
2013,31,43851.359,89.599998,10.64118,0.0,104.4,466.1041,469.48401,451.5954
2013,31,42173.641,89.599998,10.64118,0.0,104.4,466.1041,469.48401,451.5954
2013,32,32538.0,64.389999,12.254678,0.3313072,104.1,397.03781,399.53799,352.00629
2013,32,24775.537,64.389999,12.254678,0.0,104.1,397.03781,399.53799,352.00629
2013,32,13521.0,64.389999,12.254678,0.3313072,104.1,397.03781,399.53799,352.00629
2013,33,29774.988,63.939999,9.1986952,0.35636142,103.8,257.58661,260.99438,231.8775
2013,33,17494.0,63.939999,9.1986952,0.35636142,103.8,257.58661,260.99438,231.8775
2013,33,37851.0,63.939999,9.1986952,0.0,103.8,257.58661,260.99438,231.8775
2013,34,15154.314,47.869999,10.531498,0.39647999,104.7,98.754097,100.0772,80.369499
2013,34,8850.0,47.869999,10.531498,0.0,104.7,98.754097,100.0772,80.369499
2013,34,23114.215,47.869999,10.531498,0.39647999,104.7,98.754097,100.0772,80.369499
2013,35,11405.0,60.799999,8.1642485,0.0,104.0,157.74181,158.90311,148.8781
2013,35,30816.375,60.799999,8.1642485,0.0,104.0,157.74181,158.90311,148.8781
2013,35,21217.947,60.799999,8.1642485,0.4417446,104.0,157.74181,158.90311,148.8781
2013,36,21872.682,49.040001,9.0029745,0.42257133,104.5,31.778,31.790899,25.9671
2013,36,9089.0,49.040001,9.0029745,0.0,104.5,31.778,31.790899,25.9671
2013,36,15099.685,49.040001,9.0029745,0.42257133,104.5,31.778,31.790899,25.9671
2013,37,10687.0,53.459999,10.982061,0.34543359,104.8,325.32901,335.88229,272.2771
2013,37,19008.262,53.459999,10.982061,0.0,104.8,325.32901,335.88229,272.2771
2013,37,28264.1,53.459999,10.982061,0.0,104.8,325.32901,335.88229,272.2771
2013,41,8969.0,43.599998,8.926733,0.34444973,105.6,146.9216,150.446,128.62
2013,41,14203.715,43.599998,8.926733,0.0,105.6,146.9216,150.446,128.62
2013,41,22398.029,43.599998,8.926733,0.0,105.6,146.9216,150.446,128.62
2013,42,22906.424,54.509998,9.9059753,0.36761576,104.9,221.12801,225.786,195.53329
2013,42,16472.461,54.509998,9.9059753,0.0,104.9,221.12801,225.786,195.53329
2013,42,9692.0,54.509998,9.9059753,0.0,104.9,221.12801,225.786,195.53329
2013,43,9029.0,47.630001,10.570637,0.0,104.2,107.482,109.2942,94.040001
2013,43,16004.896,47.630001,10.570637,0.38383391,104.2,107.482,109.2942,94.040001
2013,43,23413.99,47.630001,10.570637,0.38383391,104.2,107.482,109.2942,94.040001
2013,44,23420.748,68.089996,7.2444134,0.44784552,103.6,597.23242,604.05658,558.77502
2013,44,33090.051,68.089996,7.2444134,0.0,103.6,597.23242,604.05658,558.77502
2013,44,11068.0,68.089996,7.2444134,0.44784552,103.6,597.23242,604.05658,558.77502
2013,45,14082.304,45.110001,9.2946825,0.40046823,103.8,31.928699,32.016201,28.771799
2013,45,23305.377,45.110001,9.2946825,0.0,103.8,31.928699,32.016201,28.771799
2013,45,7793.0,45.110001,9.2946825,0.0,103.8,31.928699,32.016201,28.771799
2013,46,8802.0,52.279999,8.1472464,0.0,103.9,15.2223,10.4339,9.0291996
2013,46,22928.904,52.279999,8.1472464,0.48027891,103.9,15.2223,10.4339,9.0291996
2013,46,15733.277,52.279999,8.1472464,0.48027891,103.9,15.2223,10.4339,9.0291996
2013,50,16568.674,58.290001,13.246573,0.0,104.1,159.5193,162.9839,146.1584
2013,50,25216.127,58.290001,13.246573,0.43803129,104.1,159.5193,162.9839,146.1584
2013,50,8493.0,58.290001,13.246573,0.43803129,104.1,159.5193,162.9839,146.1584
2013,51,22367.633,44.959999,12.758579,0.0,104.8,230.52789,231.3436,206.01891
2013,51,8381.0,44.959999,12.758579,0.42244408,104.8,230.52789,231.3436,206.01891
2013,51,14230.994,44.959999,12.758579,0.0,104.8,230.52789,231.3436,206.01891
2013,52,11083.057,37.889999,9.2786713,0.0,104.1,20.7938,21.120001,17.9932
2013,52,5898.0,37.889999,9.2786713,0.42956489,104.1,20.7938,21.120001,17.9932
2013,52,20667.074,37.889999,9.2786713,0.0,104.1,20.7938,21.120001,17.9932
2013,53,12577.872,39.990002,8.0118923,0.0,105.5,48.9758,49.612598,44.785099
2013,53,23235.527,39.990002,8.0118923,0.44220203,105.5,48.9758,49.612598,44.785099
2013,53,6724.0,39.990002,8.0118923,0.0,105.5,48.9758,49.612598,44.785099
2013,54,9746.8027,23.93,5.1650486,0.54249269,107.7,0.99220002,0.93870002,0.88410002
2013,54,6553.0,23.93,5.1650486,0.0,107.7,0.99220002,0.93870002,0.88410002
2013,54,20023.35,23.93,5.1650486,0.0,107.7,0.99220002,0.93870002,0.88410002
2013,61,7092.0,51.57,9.828413,0.0,105.6,121.7051,125.6145,102.2593
2013,61,22858.371,51.57,9.828413,0.0,105.6,121.7051,125.6145,102.2593
2013,61,14371.549,51.57,9.828413,0.31817031,105.6,121.7051,125.6145,102.2593
2013,62,18964.777,40.5,8.8921213,0.0,105.6,29.4695,30.715599,27.262699
2013,62,10954.397,40.5,8.8921213,0.37086093,105.6,29.4695,30.715599,27.262699
2013,62,5589.0,40.5,8.8921213,0.37086093,105.6,29.4695,30.715599,27.262699
2013,63,12947.84,49.290001,7.1503458,0.0,108.1,3.7286,3.7481999,3.1331999
2013,63,19498.539,49.290001,7.1503458,0.30890077,108.1,3.7286,3.7481999,3.1331999
2013,63,6462.0,49.290001,7.1503458,0.0,108.1,3.7286,3.7481999,3.1331999
2013,64,21833.33,52.84,7.0753841,0.0,107.2,8.5410004,8.6295996,7.0630999
2013,64,7599.0,52.84,7.0753841,0.31153613,107.2,8.5410004,8.6295996,7.0630999
2013,64,14565.781,52.84,7.0753841,0.0,107.2,8.5410004,8.6295996,7.0630999
2013,65,7847.0,44.939999,6.3677225,0.0,108.5,12.0727,12.2202,10.068
2013,65,19873.77,44.939999,6.3677225,0.33861455,108.5,12.0727,12.2202,10.068
2013,65,13669.618,44.939999,6.3677225,0.0,108.5,12.0727,12.2202,10.068
2014,11,48531.844,86.5,8.5492229,0.27849862,103.2025,528.61627,530.81818,504.8761
2014,11,44488.566,86.5,8.5492229,0.2374859,103.2025,528.61627,530.81818,504.8761
2014,11,18867.299,86.5,8.5492229,0.24009825,103.2025,528.61627,530.81818,504.8761
2014,12,17014.176,82.550003,11.678249,0.33221778,102.9753,94.2883,96.806198,89.682503
2014,12,31506.033,82.550003,11.678249,0.3301551,102.9753,94.2883,96.806198,89.682503
2014,12,28832.287,82.550003,11.678249,0.31403631,102.9753,94.2883,96.806198,89.682503
2014,13,10186.14,49.360001,9.3245373,0.26171616,102.2899,38.9608,40.225399,31.9478
2014,13,16647.395,49.360001,9.3245373,0.29355082,102.2899,38.9608,40.225399,31.9478
2014,13,24141.336,49.360001,9.3245373,0.27353367,102.2899,38.9608,40.225399,31.9478
2014,14,24069.428,54.299999,8.5235014,0.29381892,102.7932,56.171299,56.6306,43.147301
2014,14,16538.316,54.299999,8.5235014,0.2706677,102.7932,56.171299,56.6306,43.147301
2014,14,8809.4365,54.299999,8.5235014,0.25989187,102.7932,56.171299,56.6306,43.147301
2014,15,20559.342,60.970001,9.3314629,0.29194087,102.8641,50.358002,51.8437,42.361599
2014,15,20167.123,60.970001,9.3314629,0.30474827,102.8641,50.358002,51.8437,42.361599
2014,15,28349.637,60.970001,9.3314629,0.29194087,102.8641,50.358002,51.8437,42.361599
2014,15,10488.883,60.970001,9.3314629,0.28743935,102.8641,50.358002,51.8437,42.361599
2014,15,9976.3008,60.970001,9.3314629,0.29194087,102.8641,50.358002,51.8437,42.361599
2014,15,28843.854,60.970001,9.3314629,0.29194087,102.8641,50.358002,51.8437,42.361599
2014,21,29081.746,67.050003,12.161603,0.28348115,102.6845,133.3373,134.4626,124.7658
2014,21,22820.154,67.050003,12.161603,0.28341606,102.6845,133.3373,134.4626,124.7658
2014,21,11191.486,67.050003,12.161603,0.28347009,102.6845,133.3373,134.4626,124.7658
2014,22,17520.393,56.810001,10.169939,0.29622871,102.9851,18.4722,18.379801,13.657
2014,22,23217.814,56.810001,10.169939,0.27111635,102.9851,18.4722,18.379801,13.657
2014,22,10780.117,56.810001,10.169939,0.2610451,102.9851,18.4722,18.379801,13.657
2014,23,17404.393,59.220001,9.3923874,0.27707753,101.9844,18.578699,19.9515,16.1991
2014,23,22609.027,59.220001,9.3923874,0.28227246,101.9844,18.578699,19.9515,16.1991
2014,23,10453.203,59.220001,9.3923874,0.27522796,101.9844,18.578699,19.9515,16.1991
2014,31,21191.645,89.300003,9.6808033,0.35983273,103.2116,578.30432,589.26569,570.19049
2014,31,45965.828,89.300003,9.6808033,0.2682752,103.2116,578.30432,589.26569,570.19049
2014,31,48841.402,89.300003,9.6808033,0.27254307,103.2116,578.30432,589.26569,570.19049
2014,32,34346.254,65.699997,12.063874,0.28521457,102.6041,356.67599,363.59839,316.25021
2014,32,27172.766,65.699997,12.063874,0.31402579,102.6041,356.67599,363.59839,316.25021
2014,32,14958.441,65.699997,12.063874,0.29178986,102.6041,356.67599,363.59839,316.25021
2014,33,32657.568,64.959999,9.6224918,0.31856504,103.0923,263.66159,269.94681,239.29041
2014,33,19373.281,64.959999,9.6224918,0.28283757,103.0923,263.66159,269.94681,239.29041
2014,33,40392.723,64.959999,9.6224918,0.29128972,103.0923,263.66159,269.94681,239.29041
2014,34,24838.521,49.310001,10.420111,0.33279383,102.4947,109.8603,111.5862,88.588203
2014,34,9916.4209,49.310001,10.420111,0.35614759,102.4947,109.8603,111.5862,88.588203
2014,34,16795.52,49.310001,10.420111,0.34136033,102.4947,109.8603,111.5862,88.588203
2014,35,30722.387,61.990002,7.5865145,0.33186331,103.2543,144.81731,146.16451,133.87109
2014,35,12650.189,61.990002,7.5865145,0.38192439,103.2543,144.81731,146.16451,133.87109
2014,35,23330.852,61.990002,7.5865145,0.34469283,103.2543,144.81731,146.16451,133.87109
2014,36,24309.193,50.549999,9.2410297,0.34140477,103.7138,33.316799,33.448399,27.228399
2014,36,16734.172,50.549999,9.2410297,0.36499661,103.7138,33.316799,33.448399,27.228399
2014,36,10116.579,50.549999,9.2410297,0.32794255,103.7138,33.316799,33.448399,27.228399
2014,37,11882.26,54.77,11.470763,0.30952859,102.5848,325.79999,326.60001,268.79999
2014,37,29221.938,54.77,11.470763,0.29502162,102.5848,325.79999,326.60001,268.79999
2014,37,20864.213,54.77,11.470763,0.2891556,102.5848,325.79999,326.60001,268.79999
2014,41,9966.0713,45.049999,8.7591333,0.29596591,102.56,149.43629,155.0844,131.26649
2014,41,15695.176,45.049999,8.7591333,0.28808224,102.56,149.43629,155.0844,131.26649
2014,41,23672.061,45.049999,8.7591333,0.29111758,102.56,149.43629,155.0844,131.26649
2014,42,18283.229,55.73,10.254594,0.31380296,102.3397,238.08231,242.9305,208.6283
2014,42,10849.057,55.73,10.254594,0.32020706,102.3397,238.08231,242.9305,208.6283
2014,42,24852.279,55.73,10.254594,0.32315189,102.3397,238.08231,242.9305,208.6283
2014,43,17621.742,48.98,10.872302,0.34296176,102.5714,97.647003,103.8415,87.346703
2014,43,26570.156,48.98,10.872302,0.31910726,102.5714,97.647003,103.8415,87.346703
2014,43,10060.165,48.98,10.872302,0.30521187,102.5714,97.647003,103.8415,87.346703
2014,44,32148.105,68.620003,8.2732592,0.39518452,104.3908,626.0835,627.88129,579.93817
2014,44,25684.957,68.620003,8.2732592,0.34311911,104.3908,626.0835,627.88129,579.93817
2014,44,12245.555,68.620003,8.2732592,0.33246893,104.3908,626.0835,627.88129,579.93817
2014,45,24669.0,46.540001,9.5350971,0.3581894,104.3368,31.610701,31.690701,28.2922
2014,45,8683.1826,46.540001,9.5350971,0.35185146,104.3368,31.610701,31.690701,28.2922
2014,45,15557.081,46.540001,9.5350971,0.36896619,104.3368,31.610701,31.690701,28.2922
2014,46,9912.5693,53.299999,7.6582618,0.38000444,103.7218,7.4271002,7.3174,6.2522001
2014,46,17476.455,53.299999,7.6582618,0.3941263,103.7218,7.4271002,7.3174,6.2522001
2014,46,24486.531,53.299999,7.6582618,0.43209299,103.7218,7.4271002,7.3174,6.2522001
2014,50,18351.904,59.740002,14.12427,0.34510878,103.3076,179.6248,181.59579,162.34711
2014,50,9489.8154,59.740002,14.12427,0.40450349,103.3076,179.6248,181.59579,162.34711
2014,50,25147.227,59.740002,14.12427,0.36000812,103.3076,179.6248,181.59579,162.34711
2014,51,24234.412,46.509998,13.989491,0.39745292,102.1242,215.0407,222.94881,193.0701
2014,51,9347.7402,46.509998,13.989491,0.3493163,102.1242,215.0407,222.94881,193.0701
2014,51,15749.011,46.509998,13.989491,0.36773133,102.1242,215.0407,222.94881,193.0701
2014,52,22548.207,40.240002,9.2224798,0.33879325,104.2038,22.0639,22.701401,19.1001
2014,52,6671.2241,40.240002,9.2224798,0.31528494,104.2038,22.0639,22.701401,19.1001
2014,52,12371.063,40.240002,9.2224798,0.37243417,104.2038,22.0639,22.701401,19.1001
2014,53,13772.209,41.209999,8.7219162,0.35586247,104.3448,46.181599,47.6721,42.503399
2014,53,24299.012,41.209999,8.7219162,0.30657232,104.3448,46.181599,47.6721,42.503399
2014,53,7456.1274,41.209999,8.7219162,0.3253949,104.3448,46.181599,47.6721,42.503399
2014,54,22015.807,26.23,5.4940863,0.46060345,105.2885,0.61210001,0.61409998,0.58969998
2014,54,7359.1948,26.23,5.4940863,0.39354798,105.2885,0.61210001,0.61409998,0.58969998
2014,54,10730.216,26.23,5.4940863,0.52568954,105.2885,0.61210001,0.61409998,0.58969998
2014,61,15836.748,53.009998,10.611799,0.27902535,102.8277,126.2434,128.8542,105.5578
2014,61,7932.2075,53.009998,10.611799,0.29123861,102.8277,126.2434,128.8542,105.5578
2014,61,24365.76,53.009998,10.611799,0.27357835,102.8277,126.2434,128.8542,105.5578
2014,62,12184.714,42.279999,8.9335833,0.3259055,103.6482,28.6975,28.864401,25.401199
2014,62,21803.855,42.279999,8.9335833,0.31138843,103.6482,28.6975,28.864401,25.401199
2014,62,6276.5918,42.279999,8.9335833,0.34902743,103.6482,28.6975,28.864401,25.401199
2014,63,14373.984,50.84,7.1028037,0.2988908,103.9768,3.7643001,3.7519,2.8225
2014,63,7282.7251,50.84,7.1028037,0.30578655,103.9768,3.7643001,3.7519,2.8225
2014,63,22306.57,50.84,7.1028037,0.3188808,103.9768,3.7643001,3.7519,2.8225
2014,64,15906.784,54.82,6.7777982,0.27853116,102.7182,7.5941,7.6356001,6.1248999
2014,64,23284.563,54.82,6.7777982,0.29909572,102.7182,7.5941,7.6356001,6.1248999
2014,64,8410.0156,54.82,6.7777982,0.28480297,102.7182,7.5941,7.6356001,6.1248999
2014,65,15096.621,46.790001,6.8694644,0.3126834,103.5736,12.2987,12.1902,10.1445
2014,65,8723.8291,46.790001,6.8694644,0.32384631,103.5736,12.2987,12.1902,10.1445
2014,65,23214.027,46.790001,6.8694644,0.34488854,103.5736,12.2987,12.1902,10.1445
2015,11,20568.721,86.709999,10.654456,0.27651754,101.5925,539.47742,540.59137,517.45929
2015,11,48457.984,86.709999,10.654456,0.22081532,101.5925,539.47742,540.59137,517.45929
2015,11,52859.176,86.709999,10.654456,0.22436658,101.5925,539.47742,540.59137,517.45929
2015,12,31291.361,82.879997,10.294106,0.29487586,101.7424,95.572304,96.698402,88.950203
2015,12,34101.348,82.879997,10.294106,0.31908455,101.7424,95.572304,96.698402,88.950203
2015,12,18481.629,82.879997,10.294106,0.32206875,101.7424,95.572304,96.698402,88.950203
2015,13,26152.162,51.669998,10.174187,0.2697863,100.7994,35.021599,35.811501,28.1595
2015,13,18118.086,51.669998,10.174187,0.26048923,100.7994,35.021599,35.811501,28.1595
2015,13,11050.514,51.669998,10.174187,0.28572747,100.7994,35.021599,35.811501,28.1595
2015,14,25827.717,55.869999,9.1878538,0.26340047,100.3814,47.4683,47.7896,36.932098
2015,14,9453.9092,55.869999,9.1878538,0.25166747,100.3814,47.4683,47.7896,36.932098
2015,14,17853.674,55.869999,9.1878538,0.28974521,100.3814,47.4683,47.7896,36.932098
2015,15,31194.828,62.09,9.5555859,0.28639403,101.4011,52.498798,53.113602,41.9006
2015,15,11421.707,62.09,9.5555859,0.2935859,101.4011,52.498798,53.113602,41.9006
2015,15,22310.086,62.09,9.5555859,0.28639403,101.4011,52.498798,53.113602,41.9006
2015,15,21966.186,62.09,9.5555859,0.28639403,101.4011,52.498798,53.113602,41.9006
2015,15,10775.891,62.09,9.5555859,0.28388241,101.4011,52.498798,53.113602,41.9006
2015,15,30594.096,62.09,9.5555859,0.28639403,101.4011,52.498798,53.113602,41.9006
2015,21,12056.874,68.050003,12.865366,0.28162393,102.4649,120.8471,121.7093,112.129
2015,21,31125.734,68.050003,12.865366,0.28244722,102.4649,120.8471,121.7093,112.129
2015,21,24575.58,68.050003,12.865366,0.28262451,102.4649,120.8471,121.7093,112.129
2015,22,18683.699,57.639999,10.914306,0.29041398,102.0379,28.0588,28.439899,23.131399
2015,22,11326.173,57.639999,10.914306,0.26761702,102.0379,28.0588,28.439899,23.131399
2015,22,24900.855,57.639999,10.914306,0.25820267,102.0379,28.0588,28.439899,23.131399
2015,23,18592.654,60.470001,10.838275,0.27636951,101.0782,15.9989,15.9192,13.0206
2015,23,11095.218,60.470001,10.838275,0.27488124,101.0782,15.9989,15.9192,13.0206
2015,23,24202.625,60.470001,10.838275,0.27691433,101.0782,15.9989,15.9192,13.0206
2015,31,23205.199,88.529999,12.818621,0.35041666,102.8569,612.1424,625.56799,604.47858
2015,31,49867.168,88.529999,12.818621,0.26654816,102.8569,612.1424,625.56799,604.47858
2015,31,52961.863,88.529999,12.818621,0.26229227,102.8569,612.1424,625.56799,604.47858
2015,32,16256.7,67.489998,12.690681,0.28053245,103.0331,361.89111,370.85791,318.80899
2015,32,37173.484,67.489998,12.690681,0.28877676,103.0331,361.89111,370.85791,318.80899
2015,32,29538.854,67.489998,12.690681,0.31657282,103.0331,361.89111,370.85791,318.80899
2015,33,21124.998,66.32,11.265182,0.28924805,103.2912,281.42291,287.0054,253.64751
2015,33,35537.09,66.32,11.265182,0.31093216,103.2912,281.42291,287.0054,253.64751
2015,33,43714.48,66.32,11.265182,0.28233343,103.2912,281.42291,287.0054,253.64751
2015,34,10820.728,50.970001,11.183298,0.35787654,102.3079,119.259,118.907,99.036102
2015,34,26935.764,50.970001,11.183298,0.34455752,102.3079,119.259,118.907,99.036102
2015,34,18362.572,50.970001,11.183298,0.3366724,102.3079,119.259,118.907,99.036102
2015,35,25404.361,63.220001,9.0056753,0.34163868,102.3339,149.5134,152.6523,139.25661
2015,35,33275.344,63.220001,9.0056753,0.37571338,102.3339,149.5134,152.6523,139.25661
2015,35,13792.705,63.220001,9.0056753,0.32989278,102.3339,149.5134,152.6523,139.25661
2015,36,18437.109,52.299999,9.0616875,0.3371399,103.31,82.523201,64.195198,57.3424
2015,36,26500.117,52.299999,9.0616875,0.3620055,103.31,82.523201,64.195198,57.3424
2015,36,11139.082,52.299999,9.0616875,0.32320735,103.31,82.523201,64.195198,57.3424
2015,37,22703.191,56.970001,11.658957,0.30426079,101.1961,328.03171,328.21411,271.72501
2015,37,12930.368,56.970001,11.658957,0.2857765,101.1961,328.03171,328.21411,271.72501
2015,37,31545.268,56.970001,11.658957,0.2784079,101.1961,328.03171,328.21411,271.72501
2015,41,17124.752,47.02,9.8509369,0.2917631,101.8359,157.47861,161.7067,137.5363
2015,41,10852.859,47.02,9.8509369,0.28090602,101.8359,157.47861,161.7067,137.5363
2015,41,25575.613,47.02,9.8509369,0.28505927,101.8359,157.47861,161.7067,137.5363
2015,42,11843.886,57.18,11.233834,0.32038593,102.1705,237.04289,267.35721,229.5134
2015,42,20025.559,57.18,11.233834,0.3011983,102.1705,237.04289,267.35721,229.5134
2015,42,27051.465,57.18,11.233834,0.31431586,102.1705,237.04289,267.35721,229.5134
2015,43,28838.068,50.790001,11.223333,0.3178955,103.0485,117.3406,117.7297,98.772202
2015,43,10992.548,50.790001,11.223333,0.32907489,103.0485,117.3406,117.7297,98.772202
2015,43,19317.486,50.790001,11.223333,0.31154236,103.0485,117.3406,117.7297,98.772202
2015,44,34757.16,69.510002,7.3714995,0.33238515,103.529,666.59497,669.96667,615.6994
2015,44,13360.443,69.510002,7.3714995,0.34500179,103.529,666.59497,669.96667,615.6994
2015,44,27858.857,69.510002,7.3714995,0.40631565,103.529,666.59497,669.96667,615.6994
2015,45,26415.871,47.990002,9.763175,0.34740815,102.6352,34.954201,35.522099,31.565701
2015,45,9466.5752,47.990002,9.763175,0.34373498,102.6352,34.954201,35.522099,31.565701
2015,45,16873.422,47.990002,9.763175,0.35354555,102.6352,34.954201,35.522099,31.565701
2015,46,18978.969,54.91,8.4423285,0.4270696,102.8798,6.1191001,6.1490998,5.3243999
2015,46,26356.424,54.91,8.4423285,0.38224345,102.8798,6.1191001,6.1490998,5.3243999
2015,46,10857.554,54.91,8.4423285,0.39514834,102.8798,6.1191001,6.1490998,5.3243999
2015,50,20110.105,61.470001,13.29213,0.39955127,101.8103,235.4955,215.2009,193.6815
2015,50,27238.842,61.470001,13.29213,0.33570373,101.8103,235.4955,215.2009,193.6815
2015,50,10504.714,61.470001,13.29213,0.35176083,101.8103,235.4955,215.2009,193.6815
2015,51,17220.955,48.27,12.939359,0.36688381,102.8937,227.2403,228.7934,196.05949
2015,51,10247.354,48.27,12.939359,0.35187814,102.8937,227.2403,228.7934,196.05949
2015,51,26205.252,48.27,12.939359,0.39115503,102.8937,227.2403,228.7934,196.05949
2015,52,7386.8657,42.959999,9.478672,0.31232253,102.6062,23.227501,23.6689,19.7516
2015,52,13696.612,42.959999,9.478672,0.34163719,102.6062,23.227501,23.6689,19.7516
2015,52,24579.635,42.959999,9.478672,0.32416308,102.6062,23.227501,23.6689,19.7516
2015,53,8242.0771,42.93,8.4060373,0.30248338,103.4417,46.0536,47.7006,41.809601
2015,53,26373.232,42.93,8.4060373,0.32599306,103.4417,46.0536,47.7006,41.809601
2015,53,15222.571,42.93,8.4060373,0.3640787,103.4417,46.0536,47.7006,41.809601
2015,54,25456.633,28.870001,5.7076273,0.5218904,103.1476,0.4973,0.5079,0.4874
2015,54,8243.6768,28.870001,5.7076273,0.42518651,103.1476,0.4973,0.5079,0.4874
2015,54,12254.296,28.870001,5.7076273,0.47537684,103.1476,0.4973,0.5079,0.4874
2015,61,17394.977,54.740002,10.349438,0.27862358,100.9328,138.4276,142.0937,115.7151
2015,61,8688.9053,54.740002,10.349438,0.278391,100.9328,138.4276,142.0937,115.7151
2015,61,26420.211,54.740002,10.349438,0.27872673,100.9328,138.4276,142.0937,115.7151
2015,62,23767.084,44.240002,9.3641548,0.31482801,101.7144,31.9725,32.631302,28.5804
2015,62,13466.588,44.240002,9.3641548,0.30633882,101.7144,31.9725,32.631302,28.5804
2015,62,6936.2095,44.240002,9.3641548,0.32857966,101.7144,31.9725,32.631302,28.5804
2015,63,7933.4121,51.669998,7.0974011,0.29080027,102.527,5.1852002,5.1950002,4.1717
2015,63,15812.701,51.669998,7.0974011,0.28658304,102.527,5.1852002,5.1950002,4.1717
2015,63,24542.35,51.669998,7.0974011,0.29933184,102.527,5.1852002,5.1950002,4.1717
2015,64,9118.6914,56.98,7.3617802,0.26743272,100.3897,7.6915002,7.7539001,6.4295001
2015,64,17329.094,56.98,7.3617802,0.29146975,100.3897,7.6915002,7.7539001,6.4295001
2015,64,25186.014,56.98,7.3617802,0.25723669,100.3897,7.6915002,7.7539001,6.4295001
2015,65,16859.115,48.779999,7.1286154,0.31807128,99.170303,14.4181,14.5634,12.39
2015,65,9425.0752,48.779999,7.1286154,0.30671877,99.170303,14.4181,14.5634,12.39
2015,65,26274.656,48.779999,7.1286154,0.34067753,99.170303,14.4181,14.5634,12.39
2016,11,52530.379,86.760002,11.740624,0.2693204,103.3,556.60181,581.38263,554.89099
2016,11,57275.313,86.760002,11.740624,0.21483502,103.3,556.60181,581.38263,554.89099
2016,11,22309.523,86.760002,11.740624,0.21095993,103.3,556.60181,581.38263,554.89099
2016,12,34074.457,83.269997,11.36218,0.30695754,102.8,95.150497,97.893303,88.243401
2016,12,20075.641,83.269997,11.36218,0.30621886,102.8,95.150497,97.893303,88.243401
2016,12,37109.574,83.269997,11.36218,0.31302655,102.8,95.150497,97.893303,88.243401
2016,13,11919.354,53.869999,10.908192,0.2612575,103.0,36.108799,37.285999,28.6691
2016,13,19725.418,53.869999,10.908192,0.28019407,103.0,36.108799,37.285999,28.6691
2016,13,28249.393,53.869999,10.908192,0.26805529,103.0,36.108799,37.285999,28.6691
2016,14,19048.883,57.27,8.6968946,0.28303713,103.3,45.953602,48.670502,37.5578
2016,14,27352.33,57.27,8.6968946,0.22731918,103.3,45.953602,48.670502,37.5578
2016,14,10082.451,57.27,8.6968946,0.24427803,103.3,45.953602,48.670502,37.5578
2016,15,11609.002,63.400002,9.4379253,0.28602087,102.6,56.650501,56.564701,44.802502
2016,15,24126.641,63.400002,9.4379253,0.28602087,102.6,56.650501,56.564701,44.802502
2016,15,32974.945,63.400002,9.4379253,0.28602087,102.6,56.650501,56.564701,44.802502
2016,15,33616.246,63.400002,9.4379253,0.29337886,102.6,56.650501,56.564701,44.802502
2016,15,12363.409,63.400002,9.4379253,0.28602087,102.6,56.650501,56.564701,44.802502
2016,15,23820.975,63.400002,9.4379253,0.28339964,102.6,56.650501,56.564701,44.802502
2016,21,12880.709,68.870003,13.224283,0.26912591,103.0,94.355202,95.971802,88.258499
2016,21,26039.695,68.870003,13.224283,0.27491367,103.0,94.355202,95.971802,88.258499
2016,21,32876.09,68.870003,13.224283,0.27611098,103.0,94.355202,95.971802,88.258499
2016,22,26530.416,58.75,10.853084,0.25960773,103.6,29.494699,29.5494,23.7381
2016,22,12122.941,58.75,10.853084,0.26731831,103.6,29.494699,29.5494,23.7381
2016,22,19966.988,58.75,10.853084,0.28586787,103.6,29.494699,29.5494,23.7381
2016,23,25736.432,61.09,11.938414,0.27685857,103.1,14.1379,14.6455,12.0874
2016,23,19838.496,61.09,11.938414,0.27661976,103.1,14.1379,14.6455,12.0874
2016,23,11831.851,61.09,11.938414,0.27668586,103.1,14.1379,14.6455,12.0874
2016,31,57691.668,89.0,12.96483,0.25532249,104.8,622.13782,668.18372,638.61823
2016,31,25520.404,89.0,12.96483,0.25126886,104.8,622.13782,668.18372,638.61823
2016,31,54305.348,89.0,12.96483,0.33577278,104.8,622.13782,668.18372,638.61823
2016,32,32070.104,68.93,13.505179,0.27954566,104.7,370.90329,381.39471,324.2037
2016,32,17605.645,68.93,13.505179,0.2948871,104.7,370.90329,381.39471,324.2037
2016,32,40151.594,68.93,13.505179,0.28313091,104.7,370.90329,381.39471,324.2037
2016,33,22866.068,67.720001,11.63458,0.29045132,105.1,302.0079,313.5145,274.24731
2016,33,38529.0,67.720001,11.63458,0.28160736,105.1,302.0079,313.5145,274.24731
2016,33,47237.18,67.720001,11.63458,0.31800428,105.1,302.0079,313.5145,274.24731
2016,34,19998.1,52.619999,11.466497,0.32549468,104.6,136.69119,140.43539,113.58
2016,34,11720.474,52.619999,11.466497,0.34246376,104.6,136.69119,140.43539,113.58
2016,34,29155.984,52.619999,11.466497,0.33172718,104.6,136.69119,140.43539,113.58
2016,35,27607.936,64.389999,9.9492521,0.373198,104.7,170.40669,176.3866,162.4895
2016,35,14999.188,64.389999,9.9492521,0.3319096,104.7,170.40669,176.3866,162.4895
2016,35,36014.262,64.389999,9.9492521,0.34248281,104.7,170.40669,176.3866,162.4895
2016,36,12137.725,53.990002,9.5960178,0.32027403,105.6,42.929401,43.489601,35.9851
2016,36,20109.557,53.990002,9.5960178,0.35293749,105.6,42.929401,43.489601,35.9851
2016,36,28673.275,53.990002,9.5960178,0.33192053,105.6,42.929401,43.489601,35.9851
2016,37,13954.064,59.130001,11.652281,0.27584806,104.3,332.4733,333.67221,275.2912
2016,37,34012.086,59.130001,11.652281,0.29759482,104.3,332.4733,333.67221,275.2912
2016,37,24685.268,59.130001,11.652281,0.28189185,104.3,332.4733,333.67221,275.2912
2016,41,11696.737,48.779999,10.07583,0.2820223,104.1,169.68581,176.6207,150.7915
2016,41,18443.076,48.779999,10.07583,0.28501245,104.1,169.68581,176.6207,150.7915
2016,41,27232.92,48.779999,10.07583,0.28017285,104.1,169.68581,176.6207,150.7915
2016,42,12724.969,58.57,11.575389,0.3012625,105.4,242.08189,253.1006,219.40871
2016,42,21786.645,58.57,11.575389,0.31005827,105.4,242.08189,253.1006,219.40871
2016,42,29385.797,58.57,11.575389,0.31408435,105.4,242.08189,253.1006,219.40871
2016,43,11930.41,52.700001,11.890194,0.29914644,105.3,127.1375,130.3744,109.157
2016,43,21114.791,52.700001,11.890194,0.30551255,105.3,127.1375,130.3744,109.157
2016,43,31283.893,52.700001,11.890194,0.31709841,105.3,127.1375,130.3744,109.157
2016,44,14512.153,70.150002,7.6931286,0.32927233,105.9,678.95801,695.08917,641.74707
2016,44,30295.805,70.150002,7.6931286,0.4035874,105.9,678.95801,695.08917,641.74707
2016,44,37684.254,70.150002,7.6931286,0.34181795,105.9,678.95801,695.08917,641.74707
2016,45,28324.436,49.240002,9.692873,0.34422794,104.3,37.118099,38.949001,34.074699
2016,45,18305.082,49.240002,9.692873,0.34381658,104.3,37.118099,38.949001,34.074699
2016,45,10359.472,49.240002,9.692873,0.34490252,104.3,37.118099,38.949001,34.074699
2016,46,11842.865,56.700001,8.2475967,0.43204087,106.1,7.7796001,7.8266001,6.9429998
2016,46,28453.471,56.700001,8.2475967,0.40247306,106.1,7.7796001,7.8266001,6.9429998
2016,46,20653.443,56.700001,8.2475967,0.39019233,106.1,7.7796001,7.8266001,6.9429998
2016,50,11548.794,63.330002,13.967332,0.3424865,104.7,249.3343,258.875,230.25681
2016,50,22034.143,63.330002,13.967332,0.38683483,104.7,249.3343,258.875,230.25681
2016,50,29609.963,63.330002,13.967332,0.32732025,104.7,249.3343,258.875,230.25681
2016,51,11203.133,50.0,13.696546,0.38135409,105.0,229.1013,235.95911,205.05479
2016,51,18808.256,50.0,13.696546,0.35860875,105.0,229.1013,235.95911,205.05479
2016,51,28335.299,50.0,13.696546,0.34455281,105.0,229.1013,235.95911,205.05479
2016,52,8090.2822,45.560001,9.6232662,0.31300834,104.5,30.4158,31.6486,27.007601
2016,52,15121.148,45.560001,9.6232662,0.30750522,104.5,30.4158,31.6486,27.007601
2016,52,26742.611,45.560001,9.6232662,0.31084353,104.5,30.4158,31.6486,27.007601
2016,53,16719.904,44.639999,8.3763733,0.2968573,104.3,54.630501,56.819901,49.7033
2016,53,9019.8145,44.639999,8.3763733,0.35276684,104.3,54.630501,56.819901,49.7033
2016,53,28610.572,44.639999,8.3763733,0.31799436,104.3,54.630501,56.819901,49.7033
2016,54,9093.8457,31.57,4.9741845,0.44894791,104.4,0.84869999,0.85149997,0.80080003
2016,54,27802.393,31.57,4.9741845,0.5244047,104.4,0.84869999,0.85149997,0.80080003
2016,54,13639.238,31.57,4.9741845,0.48615918,104.4,0.84869999,0.85149997,0.80080003
2016,61,18873.738,56.389999,10.74255,0.27664131,103.8,155.5769,159.43761,130.9554
2016,61,28440.09,56.389999,10.74255,0.26926404,103.8,155.5769,159.43761,130.9554
2016,61,9396.4453,56.389999,10.74255,0.27993524,103.8,155.5769,159.43761,130.9554
2016,62,14670.314,46.07,9.9556007,0.31288788,104.0,34.187199,34.971199,30.646
2016,62,7456.853,46.07,9.9556007,0.29567882,104.0,34.187199,34.971199,30.646
2016,62,25693.492,46.07,9.9556007,0.3020342,104.0,34.187199,34.971199,30.646
2016,63,17301.766,53.549999,7.2225785,0.28913277,102.4,5.1848998,5.3618002,4.2469001
2016,63,8664.3643,53.549999,7.2225785,0.29444847,102.4,5.1848998,5.3618002,4.2469001
2016,63,26757.404,53.549999,7.2225785,0.28655922,102.4,5.1848998,5.3618002,4.2469001
2016,64,9851.625,58.740002,7.7845039,0.24008855,103.2,7.1072001,7.2438998,6.0272002
2016,64,27153.008,58.740002,7.7845039,0.26471791,103.2,7.1072001,7.2438998,6.0272002
2016,64,18832.275,58.740002,7.7845039,0.2473215,103.2,7.1072001,7.2438998,6.0272002
2016,65,18354.652,50.419998,7.232482,0.31704557,101.5,14.4268,14.8979,12.6584
2016,65,10183.181,50.419998,7.232482,0.29109156,101.5,14.4268,14.8979,12.6584
2016,65,28463.428,50.419998,7.232482,0.29953673,101.5,14.4268,14.8979,12.6584
2017,11,24240.494,86.93,12.501938,0.2017055,99.400002,611.70801,651.65668,623.95007
2017,11,57229.832,86.93,12.501938,0.19836444,99.400002,611.70801,651.65668,623.95007
2017,11,62406.344,86.93,12.501938,0.24737489,99.400002,611.70801,651.65668,623.95007
2017,12,21753.676,83.57,11.283143,0.29608062,99.900002,91.908798,97.008797,86.882202
2017,12,40277.539,83.57,11.283143,0.3105813,99.900002,91.908798,97.008797,86.882202
2017,12,37022.328,83.57,11.283143,0.31225404,99.900002,91.908798,97.008797,86.882202
2017,13,21484.127,55.740002,11.800503,0.24597248,98.699997,39.688599,42.206902,33.121899
2017,13,30547.758,55.740002,11.800503,0.26738602,98.699997,39.688599,42.206902,33.121899
2017,13,12880.938,55.740002,11.800503,0.25347045,98.699997,39.688599,42.206902,33.121899
2017,14,10787.506,58.59,8.9892635,0.2433189,98.0,47.697201,50.214699,38.900799
2017,14,20420.006,58.59,8.9892635,0.27401564,98.0,47.697201,50.214699,38.900799
2017,14,29131.809,58.59,8.9892635,0.23061116,98.0,47.697201,50.214699,38.900799
2017,15,13432.426,64.599998,10.839225,0.27474901,99.300003,46.6394,48.802502,38.970699
2017,15,35670.02,64.599998,10.839225,0.27474901,99.300003,46.6394,48.802502,38.970699
2017,15,26212.229,64.599998,10.839225,0.27474901,99.300003,46.6394,48.802502,38.970699
2017,15,12584.287,64.599998,10.839225,0.27778628,99.300003,46.6394,48.802502,38.970699
2017,15,36396.195,64.599998,10.839225,0.27366248,99.300003,46.6394,48.802502,38.970699
2017,15,25973.787,64.599998,10.839225,0.27474901,99.300003,46.6394,48.802502,38.970699
2017,21,34993.391,69.489998,14.074898,0.27392253,98.699997,98.415901,101.4836,94.274902
2017,21,27835.443,69.489998,14.074898,0.26729757,98.699997,98.415901,101.4836,94.274902
2017,21,13746.802,69.489998,14.074898,0.27535316,98.699997,98.415901,101.4836,94.274902
2017,22,28318.75,59.709999,12.195104,0.26510498,97.900002,25.9384,27.059299,21.6005
2017,22,21368.322,59.709999,12.195104,0.28242534,97.900002,25.9384,27.059299,21.6005
2017,22,12950.441,59.709999,12.195104,0.25777349,97.900002,25.9384,27.059299,21.6005
2017,23,21205.789,61.900002,12.137755,0.26495123,97.300003,11.5804,11.7377,9.5431995
2017,23,27445.992,61.900002,12.137755,0.27019909,97.300003,11.5804,11.7377,9.5431995
2017,23,12664.823,61.900002,12.137755,0.27229306,97.300003,11.5804,11.7377,9.5431995
2017,31,58987.957,89.099998,14.261475,0.33798742,100.7,670.10669,725.55298,698.74921
2017,31,62595.738,89.099998,14.261475,0.25145712,100.7,670.10669,725.55298,698.74921
2017,31,27825.039,89.099998,14.261475,0.24717343,100.7,670.10669,725.55298,698.74921
2017,32,19158.033,70.18,13.932708,0.27802184,99.199997,383.00562,404.52051,343.815
2017,32,43621.754,70.18,13.932708,0.28893429,99.199997,383.00562,404.52051,343.815
2017,32,35024.094,70.18,13.932708,0.2746923,99.199997,383.00562,404.52051,343.815
2017,33,24955.771,68.910004,12.480343,0.28622946,99.099998,315.5267,338.90991,293.9241
2017,33,42045.695,68.910004,12.480343,0.30995902,99.099998,315.5267,338.90991,293.9241
2017,33,51260.73,68.910004,12.480343,0.27897766,99.099998,315.5267,338.90991,293.9241
2017,34,12758.225,54.290001,12.994735,0.33549294,97.400002,140.1147,145.9187,118.389
2017,34,31640.316,54.290001,12.994735,0.32137126,97.400002,140.1147,145.9187,118.389
2017,34,21863.305,54.290001,12.994735,0.32652682,97.400002,140.1147,145.9187,118.389
2017,35,16334.787,65.779999,9.5261164,0.33943254,97.900002,201.1774,210.80901,194.4229
2017,35,39001.359,65.779999,9.5261164,0.3686372,97.900002,201.1774,210.80901,194.4229
2017,35,30047.746,65.779999,9.5261164,0.32915458,97.900002,201.1774,210.80901,194.4229
2017,36,31198.064,55.700001,9.7556009,0.31146649,98.5,43.2813,44.486801,36.2743
2017,36,13241.822,55.700001,9.7556009,0.33579379,98.5,43.2813,44.486801,36.2743
2017,36,22031.449,55.700001,9.7556009,0.31994429,98.5,43.2813,44.486801,36.2743
2017,37,36789.355,60.790001,12.935699,0.28624827,98.300003,266.67871,281.44409,228.5081
2017,37,26929.943,60.790001,12.935699,0.27285227,98.300003,266.67871,281.44409,228.5081
2017,37,15117.545,60.790001,12.935699,0.2678403,98.300003,266.67871,281.44409,228.5081
2017,41,12719.184,50.560001,10.843554,0.26854333,96.800003,136.62,145.9053,124.9616
2017,41,20170.025,50.560001,10.843554,0.27095279,96.800003,136.62,145.9053,124.9616
2017,41,29557.859,50.560001,10.843554,0.26710349,96.800003,136.62,145.9053,124.9616
2017,42,23757.17,59.880001,12.232089,0.30751064,98.300003,233.4668,253.1581,211.7424
2017,42,31889.416,59.880001,12.232089,0.30101049,98.300003,233.4668,253.1581,211.7424
2017,42,13812.088,59.880001,12.232089,0.28647161,98.300003,233.4668,253.1581,211.7424
2017,43,33947.934,54.619999,12.171236,0.30529854,98.699997,131.8479,138.61,119.3609
2017,43,23102.711,54.619999,12.171236,0.29158032,98.699997,131.8479,138.61,119.3609
2017,43,12935.777,54.619999,12.171236,0.28429374,98.699997,131.8479,138.61,119.3609
2017,44,33003.285,70.739998,7.7467418,0.32160011,98.900002,723.15082,761.04938,691.90558
2017,44,15779.741,70.739998,7.7467418,0.33509946,98.900002,723.15082,761.04938,691.90558
2017,44,40975.141,70.739998,7.7467418,0.40182495,98.900002,723.15082,761.04938,691.90558
2017,45,30502.068,50.59,9.7454996,0.32851338,98.5,43.470901,46.1054,40.390202
2017,45,11325.457,50.59,9.7454996,0.33237061,98.5,43.470901,46.1054,40.390202
2017,45,19904.758,50.59,9.7454996,0.32244161,98.5,43.470901,46.1054,40.390202
2017,46,22553.238,58.040001,8.1920156,0.37185088,99.300003,8.9885998,9.3507996,8.3078003
2017,46,30817.375,58.040001,8.1920156,0.38538057,99.300003,8.9885998,9.3507996,8.3078003
2017,46,12901.757,58.040001,8.1920156,0.41891348,99.300003,8.9885998,9.3507996,8.3078003
2017,50,32193.229,65.0,14.279472,0.3209846,97.0,210.5089,228.60651,202.4924
2017,50,24152.988,65.0,14.279472,0.36512756,97.0,210.5089,228.60651,202.4924
2017,50,12637.91,65.0,14.279472,0.33207434,97.0,210.5089,228.60651,202.4924
2017,51,12226.922,51.779999,13.930009,0.34809977,97.199997,194.5972,204.7917,177.94431
2017,51,30726.867,51.779999,13.930009,0.37161905,97.199997,194.5972,204.7917,177.94431
2017,51,20579.818,51.779999,13.930009,0.33329269,97.199997,194.5972,204.7917,177.94431
2017,52,8869.0977,47.759998,9.94769,0.30186874,99.199997,35.269001,36.842499,32.436199
2017,52,29079.844,47.759998,9.94769,0.30486465,99.199997,35.269001,36.842499,32.436199
2017,52,16703.648,47.759998,9.94769,0.30679485,99.199997,35.269001,36.842499,32.436199
2017,53,18348.344,46.290001,8.4007406,0.30323774,99.800003,60.555099,64.069901,57.147701
2017,53,30995.875,46.290001,8.4007406,0.28963083,99.800003,60.555099,64.069901,57.147701
2017,53,9862.168,46.290001,8.4007406,0.32548404,99.800003,60.555099,64.069901,57.147701
2017,54,10330.205,33.380001,5.7761889,0.43882024,101.1,0.963,0.96950001,0.85589999
2017,54,15457.299,33.380001,5.7761889,0.46400771,101.1,0.963,0.96950001,0.85589999
2017,54,30671.129,33.380001,5.7761889,0.4907575,101.1,0.963,0.96950001,0.85589999
2017,61,10264.512,58.07,11.095864,0.27678683,98.199997,171.66611,179.66499,150.0228
2017,61,20635.209,58.07,11.095864,0.25976598,98.199997,171.66611,179.66499,150.0228
2017,61,30810.256,58.07,11.095864,0.28440893,98.199997,171.66611,179.66499,150.0228
2017,62,8076.0605,48.119999,10.327532,0.30364773,99.400002,32.138599,33.3894,29.498699
2017,62,27763.404,48.119999,10.327532,0.29200327,99.400002,32.138599,33.3894,29.498699
2017,62,16011.0,48.119999,10.327532,0.29625753,99.400002,32.138599,33.3894,29.498699
2017,63,9462.3008,55.450001,7.9003849,0.29736039,99.5,4.4108,4.5755,3.5150001
2017,63,29168.855,55.450001,7.9003849,0.28225416,99.5,4.4108,4.5755,3.5150001
2017,63,19001.021,55.450001,7.9003849,0.28723276,99.5,4.4108,4.5755,3.5150001
2017,64,20561.664,60.950001,8.4597473,0.25267461,99.0,6.8119998,7.1132998,5.7540998
2017,64,10737.886,60.950001,8.4597473,0.24492151,99.0,6.8119998,7.1132998,5.7540998
2017,64,29472.277,60.950001,8.4597473,0.2473195,99.0,6.8119998,7.1132998,5.7540998
2017,65,30774.803,51.900002,7.2845125,0.27896622,100.8,16.0961,16.7609,14.4371
2017,65,11045.297,51.900002,7.2845125,0.28755891,100.8,16.0961,16.7609,14.4371
2017,65,19975.098,51.900002,7.2845125,0.30614936,100.8,16.0961,16.7609,14.4371
2018,11,62361.215,87.089996,11.253267,0.20241982,102.9061,671.5,722.79999,678.5
2018,11,26490.291,87.089996,11.253267,0.19980793,102.9061,671.5,722.79999,678.5
2018,11,67989.891,87.089996,11.253267,0.23779979,102.9061,671.5,722.79999,678.5
2018,12,42976.254,83.949997,10.918242,0.28918439,103.3784,102.9,107.3,96.5
2018,12,23065.225,83.949997,10.918242,0.29553232,103.3784,102.9,107.3,96.5
2018,12,39506.148,83.949997,10.918242,0.2884925,103.3784,102.9,107.3,96.5
2018,13,23445.652,57.330002,12.687127,0.25107265,102.1736,43.599998,45.799999,33.700001
2018,13,32977.176,57.330002,12.687127,0.25542766,102.1736,43.599998,45.799999,33.700001
2018,13,14030.89,57.330002,12.687127,0.26378983,102.1736,43.599998,45.799999,33.700001
2018,14,31034.803,59.849998,10.325908,0.23762941,101.9618,53.400002,55.700001,44.599998
2018,14,21990.137,59.849998,10.325908,0.2490357,101.9618,53.400002,55.700001,44.599998
2018,14,11750.011,59.849998,10.325908,0.2768985,101.9618,53.400002,55.700001,44.599998
2018,15,39250.84,65.510002,9.8484192,0.27454776,102.3406,49.700001,51.200001,41.700001
2018,15,28375.654,65.510002,9.8484192,0.27454776,102.3406,49.700001,51.200001,41.700001
2018,15,13802.562,65.510002,9.8484192,0.2707465,102.3406,49.700001,51.200001,41.700001
2018,15,28228.049,65.510002,9.8484192,0.27454776,102.3406,49.700001,51.200001,41.700001
2018,15,14617.03,65.510002,9.8484192,0.27454776,102.3406,49.700001,51.200001,41.700001
2018,15,38304.68,65.510002,9.8484192,0.26940459,102.3406,49.700001,51.200001,41.700001
2018,21,37341.93,70.260002,14.975465,0.26739755,102.3309,99.0,103.7,96.5
2018,21,29701.447,70.260002,14.975465,0.26773807,102.3309,99.0,103.7,96.5
2018,21,14656.327,70.260002,14.975465,0.26767668,102.3309,99.0,103.7,96.5
2018,22,22798.371,60.849998,12.371714,0.24845587,101.2351,15.4,15.6,12.2
2018,22,13748.175,60.849998,12.371714,0.27804834,101.2351,15.4,15.6,12.2
2018,22,30171.938,60.849998,12.371714,0.25681815,101.2351,15.4,15.6,12.2
2018,23,29191.326,63.459999,12.213695,0.26910555,100.6935,8.6000004,8.8000002,6.9000001
2018,23,13803.653,63.459999,12.213695,0.27281508,100.6935,8.6000004,8.8000002,6.9000001
2018,23,22725.85,63.459999,12.213695,0.26764661,100.6935,8.6000004,8.8000002,6.9000001
2018,31,68033.625,89.129997,14.952156,0.24130864,102.5125,714.29999,774.70001,743.70001
2018,31,30374.732,89.129997,14.952156,0.37214389,102.5125,714.29999,774.70001,743.70001
2018,31,64182.645,89.129997,14.952156,0.24747019,102.5125,714.29999,774.70001,743.70001
2018,32,38095.793,71.190002,14.296336,0.26111439,102.1578,436.89999,457.39999,383.70001
2018,32,47199.969,71.190002,14.296336,0.26090193,102.1578,436.89999,457.39999,383.70001
2018,32,20845.07,71.190002,14.296336,0.26183033,102.1578,436.89999,457.39999,383.70001
2018,33,45839.844,70.019997,12.985373,0.27084583,102.605,356.20001,381.29999,332.29999
2018,33,55574.309,70.019997,12.985373,0.27818379,102.605,356.20001,381.29999,332.29999
2018,33,27302.371,70.019997,12.985373,0.30271658,102.605,356.20001,381.29999,332.29999
2018,34,34393.086,55.650002,13.201691,0.33010915,102.099,156.5,161.8,130.89999
2018,34,13996.021,55.650002,13.201691,0.31767589,102.099,156.5,161.8,130.89999
2018,34,23983.584,55.650002,13.201691,0.31000045,102.099,156.5,161.8,130.89999
2018,35,32643.932,66.980003,9.4864588,0.35734653,101.7214,226.89999,241.7,224.60001
2018,35,42121.313,66.980003,9.4864588,0.31979743,101.7214,226.89999,241.7,224.60001
2018,35,17821.188,66.980003,9.4864588,0.32931352,101.7214,226.89999,241.7,224.60001
2018,36,14459.892,57.34,9.7346897,0.31262624,100.5854,52.200001,54.799999,45.200001
2018,36,33819.395,57.34,9.7346897,0.3002193,100.5854,52.200001,54.799999,45.200001
2018,36,24079.678,57.34,9.7346897,0.30452174,100.5854,52.200001,54.799999,45.200001
2018,37,29204.615,61.459999,15.16252,0.26789078,102.3598,203.8,216.0,173.3
2018,37,39549.434,61.459999,15.16252,0.2632744,102.3598,203.8,216.0,173.3
2018,37,16296.997,61.459999,15.16252,0.28056502,102.3598,203.8,216.0,173.3
2018,41,31874.188,52.240002,11.055021,0.26105189,101.2245,79.900002,82.699997,70.900002
2018,41,13830.744,52.240002,11.055021,0.25725287,101.2245,79.900002,82.699997,70.900002
2018,41,21963.535,52.240002,11.055021,0.26734853,101.2245,79.900002,82.699997,70.900002
2018,42,14977.82,61.0,12.492371,0.28106016,101.5974,263.10001,284.60001,239.2
2018,42,34454.629,61.0,12.492371,0.2807785,101.5974,263.10001,284.60001,239.2
2018,42,25814.543,61.0,12.492371,0.28166804,101.5974,263.10001,284.60001,239.2
2018,43,14092.511,56.09,12.486393,0.27325603,100.7928,156.39999,163.39999,142.2
2018,43,36698.254,56.09,12.486393,0.29196191,100.7928,156.39999,163.39999,142.2
2018,43,25240.75,56.09,12.486393,0.27966833,100.7928,156.39999,163.39999,142.2
2018,44,17167.736,71.809998,8.2631474,0.32550722,101.805,808.5,852.29999,767.70001
2018,44,35809.902,71.809998,8.2631474,0.31626317,101.805,808.5,852.29999,767.70001
2018,44,44340.969,71.809998,8.2631474,0.366041,101.805,808.5,852.29999,767.70001
2018,45,12434.768,51.82,10.025896,0.30657563,100.4247,46.900002,49.799999,43.200001
2018,45,32436.066,51.82,10.025896,0.30091494,100.4247,46.900002,49.799999,43.200001
2018,45,21485.027,51.82,10.025896,0.30437237,100.4247,46.900002,49.799999,43.200001
2018,46,33348.652,59.130001,8.2074957,0.41811129,100.9073,11.5,12.4,11.7
2018,46,24579.039,59.130001,8.2074957,0.35630274,100.9073,11.5,12.4,11.7
2018,46,13988.877,59.130001,8.2074957,0.37380233,100.9073,11.5,12.4,11.7
2018,50,13781.225,66.610001,14.470727,0.34900379,101.3509,165.7,175.60001,155.2
2018,50,34889.301,66.610001,14.470727,0.31454378,101.3509,165.7,175.60001,155.2
2018,50,26385.836,66.610001,14.470727,0.32318166,101.3509,165.7,175.60001,155.2
2018,51,33215.914,53.5,14.988397,0.35774994,101.3292,214.89999,229.0,202.10001
2018,51,22460.551,53.5,14.988397,0.33616582,101.3292,214.89999,229.0,202.10001
2018,51,13331.377,53.5,14.988397,0.32238889,101.3292,214.89999,229.0,202.10001
2018,52,9716.1045,49.540001,11.341235,0.28279793,100.3465,40.0,41.900002,37.5
2018,52,18430.182,49.540001,11.341235,0.26961812,100.3465,40.0,41.900002,37.5
2018,52,31591.93,49.540001,11.341235,0.27488825,100.3465,40.0,41.900002,37.5
2018,53,33487.941,47.439999,9.5754089,0.27953762,100.2239,63.299999,66.699997,59.799999
2018,53,20084.191,47.439999,9.5754089,0.29474393,100.2239,63.299999,66.699997,59.799999
2018,53,10767.913,47.439999,9.5754089,0.27030858,100.2239,63.299999,66.699997,59.799999
2018,54,17286.063,33.799999,5.6929359,0.37590009,101.739,1.0,1.1,1.0
2018,54,11449.816,33.799999,5.6929359,0.38971949,101.739,1.0,1.1,1.0
2018,54,33797.383,33.799999,5.6929359,0.36080462,101.739,1.0,1.1,1.0
2018,61,11212.836,59.650002,11.161438,0.25587744,101.8963,191.2,205.3,172.0
2018,61,22528.256,59.650002,11.161438,0.26989591,101.8963,191.2,205.3,172.0
2018,61,33319.254,59.650002,11.161438,0.26563135,101.8963,191.2,205.3,172.0
2018,62,8804.1299,49.689999,11.316322,0.28715104,100.901,29.799999,31.0,26.700001
2018,62,17488.393,49.689999,11.316322,0.29084384,100.901,29.799999,31.0,26.700001
2018,62,29957.002,49.689999,11.316322,0.29725817,100.901,29.799999,31.0,26.700001
2018,63,31514.525,57.27,7.5931244,0.28214687,103.286,3.8,4.0,3.3
2018,63,10393.341,57.27,7.5931244,0.29493988,103.286,3.8,4.0,3.3
2018,63,20757.256,57.27,7.5931244,0.27616954,103.286,3.8,4.0,3.3
2018,64,11707.643,62.150002,8.990777,0.24455169,103.282,6.5999999,6.9000001,5.5
2018,64,22400.42,62.150002,8.990777,0.27339798,103.282,6.5999999,6.9000001,5.5
2018,64,31895.217,62.150002,8.990777,0.25330937,103.282,6.5999999,6.9000001,5.5
2018,65,11974.5,54.009998,7.1581841,0.28979826,102.8262,17.1,17.9,15.5
2018,65,21500.24,54.009998,7.1581841,0.2852149,102.8262,17.1,17.9,15.5
2018,65,32763.547,54.009998,7.1581841,0.29975158,102.8262,17.1,17.9,15.5
2019,11,28928.432,87.349998,11.454518,0.19723248,106.2,830.74542,884.1723,819.5625
2019,11,67755.914,87.349998,11.454518,0.19308269,106.2,830.74542,884.1723,819.5625
2019,11,73848.516,87.349998,11.454518,0.25326261,106.2,830.74542,884.1723,819.5625
2019,12,42404.137,84.309998,12.081356,0.30819881,106.0,124.1156,128.8369,114.707
2019,12,46118.891,84.309998,12.081356,0.27920106,106.0,124.1156,128.8369,114.707
2019,12,24804.109,84.309998,12.081356,0.28203198,106.0,124.1156,128.8369,114.707
2019,13,15373.079,58.77,13.144448,0.25994843,107.6,50.461399,52.263802,39.623699
2019,13,35737.684,58.77,13.144448,0.26656917,107.6,50.461399,52.263802,39.623699
2019,13,25664.713,58.77,13.144448,0.25653443,107.6,50.461399,52.263802,39.623699
2019,14,33262.367,61.290001,10.994933,0.23975196,108.0,57.378399,59.685101,48.6689
2019,14,12902.363,61.290001,10.994933,0.28281811,108.0,57.378399,59.685101,48.6689
2019,14,23828.455,61.290001,10.994933,0.2519902,108.0,57.378399,59.685101,48.6689
2019,15,16020.668,66.459999,10.196363,0.26597652,107.1,51.380199,54.3414,45.3587
2019,15,15282.816,66.459999,10.196363,0.27276039,107.1,51.380199,54.3414,45.3587
2019,15,40782.461,66.459999,10.196363,0.27276039,107.1,51.380199,54.3414,45.3587
2019,15,30555.029,66.459999,10.196363,0.27276039,107.1,51.380199,54.3414,45.3587
2019,15,42358.801,66.459999,10.196363,0.2635037,107.1,51.380199,54.3414,45.3587
2019,15,30732.848,66.459999,10.196363,0.27276039,107.1,51.380199,54.3414,45.3587
2019,21,16108.294,71.209999,15.923728,0.26828039,107.8,108.2199,112.4848,104.9707
2019,21,39777.203,71.209999,15.923728,0.26889765,107.8,108.2199,112.4848,104.9707
2019,21,31819.748,71.209999,15.923728,0.26550913,107.8,108.2199,112.4848,104.9707
2019,22,32299.18,61.630001,13.2886,0.24969201,109.4,17.165701,17.7792,14.8448
2019,22,14936.045,61.630001,13.2886,0.25866207,109.4,17.165701,17.7792,14.8448
2019,22,24562.91,61.630001,13.2886,0.28145522,109.4,17.165701,17.7792,14.8448
2019,23,24253.59,64.620003,13.779518,0.2639792,109.6,10.3261,10.3202,8.4476004
2019,23,14982.145,64.620003,13.779518,0.26808918,109.6,10.3261,10.3202,8.4476004
2019,23,30944.617,64.620003,13.779518,0.26230717,109.6,10.3261,10.3202,8.4476004
2019,31,33195.203,89.220001,16.265478,0.2335225,106.4,907.75763,958.73932,894.72052
2019,31,69441.563,89.220001,16.265478,0.36414206,106.4,907.75763,958.73932,894.72052
2019,31,73615.32,89.220001,16.265478,0.24016176,106.4,907.75763,958.73932,894.72052
2019,32,41399.711,72.470001,15.077923,0.25475836,109.5,492.41019,507.2146,437.22739
2019,32,51056.109,72.470001,15.077923,0.25646803,109.5,492.41019,507.2146,437.22739
2019,32,22675.416,72.470001,15.077923,0.26233062,109.5,492.41019,507.2146,437.22739
2019,33,49898.836,71.580002,14.032915,0.27092028,108.0,419.3515,447.74719,398.41309
2019,33,60182.289,71.580002,14.032915,0.27880254,108.0,419.3515,447.74719,398.41309
2019,33,29875.824,71.580002,14.032915,0.30576336,108.0,419.3515,447.74719,398.41309
2019,34,26415.088,57.02,13.967999,0.32695302,109.6,170.8098,177.0869,153.7598
2019,34,15415.959,57.02,13.967999,0.31774479,109.6,170.8098,177.0869,153.7598
2019,34,37540.035,57.02,13.967999,0.3120482,109.6,170.8098,177.0869,153.7598
2019,35,19568.352,67.870003,9.9978943,0.31980368,110.0,276.96829,288.89511,270.22119
2019,35,35616.09,67.870003,9.9978943,0.30817688,110.0,276.96829,288.89511,270.22119
2019,35,45620.457,67.870003,9.9978943,0.35525167,110.0,276.96829,288.89511,270.22119
2019,36,15796.291,59.07,10.150504,0.29076141,110.6,58.789101,60.618801,50.906502
2019,36,36545.898,59.07,10.150504,0.29546949,110.6,58.789101,60.618801,50.906502
2019,36,26262.445,59.07,10.150504,0.30417904,110.6,58.789101,60.618801,50.906502
2019,37,17775.459,61.860001,15.835223,0.26055157,110.6,206.7485,214.9529,175.0522
2019,37,42329.234,61.860001,15.835223,0.26517308,110.6,206.7485,214.9529,175.0522
2019,37,31596.98,61.860001,15.835223,0.27809867,110.6,206.7485,214.9529,175.0522
2019,41,23902.676,54.009998,11.601542,0.26244935,110.0,97.727303,100.1902,87.0289
2019,41,15163.747,54.009998,11.601542,0.25635967,110.0,97.727303,100.1902,87.0289
2019,41,34200.973,54.009998,11.601542,0.25258851,110.0,97.727303,100.1902,87.0289
2019,42,28319.457,61.830002,13.070627,0.27758548,109.4,282.2822,300.09,261.24689
2019,42,16390.861,61.830002,13.070627,0.27163973,109.4,282.2822,300.09,261.24689
2019,42,37601.359,61.830002,13.070627,0.27573627,109.4,282.2822,300.09,261.24689
2019,43,15394.79,57.450001,13.143823,0.28813356,109.9,179.6667,187.7189,161.7845
2019,43,39841.926,57.450001,13.143823,0.27854809,109.9,179.6667,187.7189,161.7845
2019,43,27679.711,57.450001,13.143823,0.28180084,109.9,179.6667,187.7189,161.7845
2019,44,18818.422,72.650002,8.5784817,0.371061,110.3,978.29828,1027.4491,945.95099
2019,44,39014.277,72.650002,8.5784817,0.31249845,110.3,978.29828,1027.4491,945.95099
2019,44,48117.555,72.650002,8.5784817,0.32313496,110.3,978.29828,1027.4491,945.95099
2019,45,13675.733,52.98,10.167025,0.30643564,112.9,59.647598,62.9944,55.480202
2019,45,23328.211,52.98,10.167025,0.30464959,112.9,59.647598,62.9944,55.480202
2019,45,34744.867,52.98,10.167025,0.30914247,112.9,59.647598,62.9944,55.480202
2019,46,15113.147,59.369999,9.3163261,0.41712666,110.5,13.3965,14.1215,13.2186
2019,46,26679.479,59.369999,9.3163261,0.34327114,110.5,13.3965,14.1215,13.2186
2019,46,36016.699,59.369999,9.3163261,0.36421999,110.5,13.3965,14.1215,13.2186
2019,50,15133.266,68.239998,15.347491,0.34888336,109.6,175.76289,184.6004,165.6311
2019,50,37938.59,68.239998,15.347491,0.3116129,109.6,175.76289,184.6004,165.6311
2019,50,28920.412,68.239998,15.347491,0.32091543,109.6,175.76289,184.6004,165.6311
2019,51,36153.73,55.360001,15.738464,0.32637876,112.1,287.13229,299.9256,269.9621
2019,51,14670.091,55.360001,15.738464,0.34709421,112.1,287.13229,299.9256,269.9621
2019,51,24703.15,55.360001,15.738464,0.33440375,112.1,287.13229,299.9256,269.9621
2019,52,34404.164,51.48,11.579359,0.2707226,108.3,45.058498,45.946499,41.415798
2019,52,20397.361,51.48,11.579359,0.27809125,108.3,45.058498,45.946499,41.415798
2019,52,10756.295,51.48,11.579359,0.28320408,108.3,45.058498,45.946499,41.415798
2019,53,36237.68,48.669998,9.8837986,0.31820372,109.1,62.101898,63.9119,56.992802
2019,53,22082.43,48.669998,9.8837986,0.27103642,109.1,62.101898,63.9119,56.992802
2019,53,11902.372,48.669998,9.8837986,0.28887552,109.1,62.101898,63.9119,56.992802
2019,54,12950.99,34.509998,6.0149469,0.36783075,103.9,1.9374,1.9493999,1.7536
2019,54,37409.973,34.509998,6.0149469,0.37766647,103.9,1.9374,1.9493999,1.7536
2019,54,19501.303,34.509998,6.0149469,0.35687447,103.9,1.9374,1.9493999,1.7536
2019,61,12325.664,61.279999,12.045063,0.25900003,107.2,212.40469,225.1727,191.0878
2019,61,36098.207,61.279999,12.045063,0.26750407,107.2,212.40469,225.1727,191.0878
2019,61,24666.264,61.279999,12.045063,0.27116743,107.2,212.40469,225.1727,191.0878
2019,62,9628.9355,50.700001,11.514243,0.28608853,107.5,33.618099,35.054001,30.4111
2019,62,19139.02,50.700001,11.514243,0.28805283,107.5,33.618099,35.054001,30.4111
2019,62,32323.449,50.700001,11.514243,0.29162708,107.5,33.618099,35.054001,30.4111
2019,63,11499.358,58.779999,8.525671,0.29733104,106.3,4.7315998,4.7965002,3.7744999
2019,63,33830.332,58.779999,8.525671,0.29010051,106.3,4.7315998,4.7965002,3.7744999
2019,63,22617.684,58.779999,8.525671,0.29244772,106.3,4.7315998,4.7965002,3.7744999
2019,64,34328.449,63.630001,9.5042562,0.25169593,106.0,6.6645999,6.9661002,5.098
2019,64,24411.887,63.630001,9.5042562,0.24249294,106.0,6.6645999,6.9661002,5.098
2019,64,12858.392,63.630001,9.5042562,0.27429223,106.0,6.6645999,6.9661002,5.098
2019,65,34663.734,55.509998,8.0673962,0.28997046,106.3,20.909,21.3521,19.2596
2019,65,13121.66,55.509998,8.0673962,0.2896547,106.3,20.909,21.3521,19.2596
2019,65,23103.381,55.509998,8.0673962,0.28986996,106.3,20.909,21.3521,19.2596
2020,11,69433.539,87.550003,13.301271,0.20973326,106.1,642.25952,666.99878,611.30121
2020,11,30125.654,87.550003,13.301271,0.21524873,106.1,642.25952,666.99878,611.30121
2020,11,75601.516,87.550003,13.301271,0.28538126,106.1,642.25952,666.99878,611.30121
2020,12,43854.094,84.699997,14.753286,0.29526854,107.6,113.9488,116.622,104.0549
2020,12,47658.504,84.699997,14.753286,0.33374894,107.6,113.9488,116.622,104.0549
2020,12,25690.627,84.699997,14.753286,0.29921246,107.6,113.9488,116.622,104.0549
2020,13,16467.041,60.07,13.922938,0.26911068,108.4,47.206001,48.044498,36.836601
2020,13,27135.938,60.07,13.922938,0.27679032,108.4,47.206001,48.044498,36.836601
2020,13,37285.668,60.07,13.922938,0.29158115,108.4,47.206001,48.044498,36.836601
2020,14,13878.008,62.529999,12.901603,0.31560197,108.2,62.154499,63.895302,53.1614
2020,14,34792.711,62.529999,12.901603,0.27728015,108.2,62.154499,63.895302,53.1614
2020,14,25213.67,62.529999,12.901603,0.26089075,108.2,62.154499,63.895302,53.1614
2020,15,16566.867,67.480003,13.052093,0.30633727,107.0,31.460199,32.5415,26.2728
2020,15,43833.762,67.480003,13.052093,0.2872555,107.0,31.460199,32.5415,26.2728
2020,15,41353.098,67.480003,13.052093,0.2872555,107.0,31.460199,32.5415,26.2728
2020,15,32188.801,67.480003,13.052093,0.2872555,107.0,31.460199,32.5415,26.2728
2020,15,31497.314,67.480003,13.052093,0.28008741,107.0,31.460199,32.5415,26.2728
2020,15,17131.471,67.480003,13.052093,0.2872555,107.0,31.460199,32.5415,26.2728
2020,21,17450.348,72.139999,17.41544,0.29557136,108.9,86.894997,90.016701,84.240898
2020,21,32738.277,72.139999,17.41544,0.29514042,108.9,86.894997,90.016701,84.240898
2020,21,40375.891,72.139999,17.41544,0.29731244,108.9,86.894997,90.016701,84.240898
2020,22,33395.699,62.639999,15.607333,0.27936581,109.0,17.889299,18.105301,15.7802
2020,22,25751.033,62.639999,15.607333,0.31445226,109.0,17.889299,18.105301,15.7802
2020,22,16067.032,62.639999,15.607333,0.28996953,109.0,17.889299,18.105301,15.7802
2020,23,24901.973,65.610001,15.613358,0.34334013,109.6,7.7926998,8.2856998,7.3813
2020,23,16168.421,65.610001,15.613358,0.29560176,109.6,7.7926998,8.2856998,7.3813
2020,23,31114.75,65.610001,15.613358,0.30998138,109.6,7.7926998,8.2856998,7.3813
2020,31,72232.398,89.300003,16.280123,0.25680697,106.3,865.9079,889.61432,840.29138
2020,31,34911.277,89.300003,16.280123,0.39138418,106.3,865.9079,889.61432,840.29138
2020,31,76437.258,89.300003,16.280123,0.26388565,106.3,865.9079,889.61432,840.29138
2020,32,43390.352,73.440002,16.196877,0.30644992,111.9,527.62158,542.49799,477.9946
2020,32,53101.695,73.440002,16.196877,0.26849401,111.9,527.62158,542.49799,477.9946
2020,32,24198.479,73.440002,16.196877,0.27677149,111.9,527.62158,542.49799,477.9946
2020,33,62699.277,72.169998,13.267259,0.32252455,109.5,406.68579,431.17349,386.23511
2020,33,31930.469,72.169998,13.267259,0.28510049,109.5,406.68579,431.17349,386.23511
2020,33,52397.402,72.169998,13.267259,0.27388293,109.5,406.68579,431.17349,386.23511
2020,34,39442.082,58.330002,15.008742,0.34251493,110.9,180.32339,184.47929,163.2774
2020,34,16620.211,58.330002,15.008742,0.33269742,110.9,180.32339,184.47929,163.2774
2020,34,28103.186,58.330002,15.008742,0.32627654,110.9,180.32339,184.47929,163.2774
2020,35,47160.266,68.75,11.097712,0.38398752,109.3,261.68671,271.6011,248.9942
2020,35,20880.299,68.75,11.097712,0.33372328,109.3,261.68671,271.6011,248.9942
2020,35,37202.43,68.75,11.097712,0.31728858,109.3,261.68671,271.6011,248.9942
2020,36,16980.838,60.439999,11.885778,0.33558965,111.5,65.592598,66.275902,57.138302
2020,36,28016.508,60.439999,11.885778,0.31394985,111.5,65.592598,66.275902,57.138302
2020,36,38555.844,60.439999,11.885778,0.32194459,111.5,65.592598,66.275902,57.138302
2020,37,32885.68,63.049999,15.13293,0.26816717,112.1,205.87511,210.0817,174.1787
2020,37,43726.285,63.049999,15.13293,0.27494165,112.1,205.87511,210.0817,174.1787
2020,37,18753.209,63.049999,15.13293,0.29397935,112.1,205.87511,210.0817,174.1787
2020,41,16107.935,55.43,13.487479,0.27839631,111.2,101.386,102.021,91.855003
2020,41,24810.102,55.43,13.487479,0.27049512,111.2,101.386,102.021,91.855003
2020,41,34750.336,55.43,13.487479,0.27367938,111.2,101.386,102.021,91.855003
2020,42,27880.596,62.889999,14.586954,0.30643663,112.3,220.53841,229.82899,201.8217
2020,42,16305.909,62.889999,14.586954,0.29742494,112.3,220.53841,229.82899,201.8217
2020,42,36705.742,62.889999,14.586954,0.31078175,112.3,220.53841,229.82899,201.8217
2020,43,41697.523,58.759998,14.812382,0.29773328,111.4,179.3588,185.25121,161.3101
2020,43,29379.859,58.759998,14.812382,0.30959934,111.4,179.3588,185.25121,161.3101
2020,43,16584.57,58.759998,14.812382,0.29134998,111.4,179.3588,185.25121,161.3101
2020,44,50256.961,74.150002,8.5808945,0.32212076,111.8,916.0191,938.87091,861.74719
2020,44,20143.43,74.150002,8.5808945,0.40810737,111.8,916.0191,938.87091,861.74719
2020,44,41028.633,74.150002,8.5808945,0.33796555,111.8,916.0191,938.87091,861.74719
2020,45,14814.932,54.200001,12.197301,0.33921891,111.6,66.788803,67.704201,59.404301
2020,45,35859.324,54.200001,12.197301,0.3418462,111.6,66.788803,67.704201,59.404301
2020,45,24562.348,54.200001,12.197301,0.34565869,111.6,66.788803,67.704201,59.404301
2020,46,37096.973,60.27,10.430273,0.3960669,110.5,14.3882,15.1383,13.9119
2020,46,16278.835,60.27,10.430273,0.37759605,110.5,14.3882,15.1383,13.9119
2020,46,27904.078,60.27,10.430273,0.43785441,110.5,14.3882,15.1383,13.9119
2020,50,30823.934,69.459999,17.076115,0.36656711,110.3,157.27969,161.65269,144.4924
2020,50,16361.374,69.459999,17.076115,0.33603361,110.3,157.27969,161.65269,144.4924
2020,50,40006.215,69.459999,17.076115,0.32567611,110.3,157.27969,161.65269,144.4924
2020,51,26522.063,56.73,16.931726,0.35516706,114.2,308.62979,319.8627,293.2782
2020,51,38253.117,56.73,16.931726,0.36636454,114.2,308.62979,319.8627,293.2782
2020,51,15929.119,56.73,16.931726,0.34778956,114.2,308.62979,319.8627,293.2782
2020,52,36096.195,53.150002,11.556553,0.29714033,113.3,44.7654,46.9151,41.769001
2020,52,21795.404,53.150002,11.556553,0.3190529,113.3,44.7654,46.9151,41.769001
2020,52,11642.345,53.150002,11.556553,0.30973294,113.3,44.7654,46.9151,41.769001
2020,53,37499.5,50.049999,10.746318,0.30323884,115.8,62.7234,64.594704,58.761799
2020,53,12841.942,50.049999,10.746318,0.27888054,115.8,62.7234,64.594704,58.761799
2020,53,23294.889,50.049999,10.746318,0.34302413,115.8,62.7234,64.594704,58.761799
2020,54,21744.096,35.73,5.6731725,0.34651259,106.2,1.9583,1.893,1.6766
2020,54,41156.449,35.73,5.6731725,0.36194009,106.2,1.9583,1.893,1.6766
2020,54,14598.448,35.73,5.6731725,0.37781504,106.2,1.9583,1.893,1.6766
2020,61,37868.16,62.66,13.323376,0.27532944,109.3,188.73331,196.5235,171.1907
2020,61,26226.029,62.66,13.323376,0.27977005,109.3,188.73331,196.5235,171.1907
2020,61,13316.476,62.66,13.323376,0.2767047,109.3,188.73331,196.5235,171.1907
2020,62,10344.304,52.23,12.581288,0.30892539,108.5,34.264099,34.355202,29.7771
2020,62,33821.828,52.23,12.581288,0.28715464,108.5,34.264099,34.355202,29.7771
2020,62,20335.109,52.23,12.581288,0.29482692,108.5,34.264099,34.355202,29.7771
2020,63,24037.357,60.080002,8.6782026,0.30201077,108.5,4.2403998,4.2479,3.3454001
2020,63,35505.789,60.080002,8.6782026,0.28573591,108.5,4.2403998,4.2479,3.3454001
2020,63,12342.47,60.080002,8.6782026,0.27777141,108.5,4.2403998,4.2479,3.3454001
2020,64,25734.945,64.959999,9.61901,0.27115905,106.6,5.3611999,5.4604001,3.7067001
2020,64,13889.37,64.959999,9.61901,0.27512795,106.6,5.3611999,5.4604001,3.7067001
2020,64,35719.648,64.959999,9.61901,0.28411558,106.6,5.3611999,5.4604001,3.7067001
2020,65,34838.391,56.529999,7.759006,0.31345171,105.4,22.7423,22.709,20.5383
2020,65,23844.729,56.529999,7.759006,0.31649053,105.4,22.7423,22.709,20.5383
2020,65,14056.053,56.529999,7.759006,0.32225236,105.4,22.7423,22.709,20.5383
2021,11,81517.5,87.5,14.23334,0.20779157,99.0,837.45612,888.73993,819.44489
2021,11,33302.699,87.5,14.23334,0.28266311,99.0,837.45612,888.73993,819.44489
2021,11,75002.203,87.5,14.23334,0.21325652,99.0,837.45612,888.73993,819.44489
2021,12,51485.699,84.879997,15.920501,0.33107775,100.2,145.4702,152.41,135.8309
2021,12,27954.5,84.879997,15.920501,0.27534923,100.2,145.4702,152.41,135.8309
2021,12,47449.398,84.879997,15.920501,0.2691783,100.2,145.4702,152.41,135.8309
2021,13,39791.0,61.139999,14.919187,0.30560014,100.8,64.968903,66.742798,54.632401
2021,13,29383.0,61.139999,14.919187,0.28295645,100.8,64.968903,66.742798,54.632401
2021,13,18178.9,61.139999,14.919187,0.26957214,100.8,64.968903,66.742798,54.632401
2021,14,37433.102,63.419998,13.680384,0.26888174,99.800003,85.885399,91.306099,78.9245
2021,14,27425.9,63.419998,13.680384,0.25169241,99.800003,85.885399,91.306099,78.9245
2021,14,15308.3,63.419998,13.680384,0.3089456,99.800003,85.885399,91.306099,78.9245
2021,15,35128.102,68.209999,13.840586,0.27799085,99.900002,38.854698,40.779701,32.9701
2021,15,18930.9,68.209999,13.840586,0.27799085,99.900002,38.854698,40.779701,32.9701
2021,15,18336.801,68.209999,13.840586,0.26939055,99.900002,38.854698,40.779701,32.9701
2021,15,44376.898,68.209999,13.840586,0.27799085,99.900002,38.854698,40.779701,32.9701
2021,15,47411.898,68.209999,13.840586,0.3008782,99.900002,38.854698,40.779701,32.9701
2021,15,34108.398,68.209999,13.840586,0.27799085,99.900002,38.854698,40.779701,32.9701
2021,21,19216.6,72.809998,18.804831,0.29019588,99.900002,103.1492,108.0977,99.000603
2021,21,43050.801,72.809998,18.804831,0.28777668,99.900002,103.1492,108.0977,99.000603
2021,21,35111.699,72.809998,18.804831,0.29963234,99.900002,103.1492,108.0977,99.000603
2021,22,27769.801,63.360001,16.714365,0.30236372,99.400002,26.897301,27.232599,23.0285
2021,22,35645.801,63.360001,16.714365,0.28051579,99.400002,26.897301,27.232599,23.0285
2021,22,17641.699,63.360001,16.714365,0.2711868,99.400002,26.897301,27.232599,23.0285
2021,23,27159.0,65.690002,16.777449,0.33628243,98.900002,13.1441,13.18,11.9161
2021,23,33646.102,65.690002,16.777449,0.30441609,98.900002,13.1441,13.18,11.9161
2021,23,17889.301,65.690002,16.777449,0.29051933,98.900002,13.1441,13.18,11.9161
2021,31,82428.898,89.300003,17.447374,0.2578699,99.599998,1093.1884,1131.184,1069.7583
2021,31,38520.699,89.300003,17.447374,0.25105152,99.599998,1093.1884,1131.184,1069.7583
2021,31,78026.602,89.300003,17.447374,0.37322089,99.599998,1093.1884,1131.184,1069.7583
2021,32,26790.801,73.940002,17.043903,0.32093081,100.5,701.1485,735.19208,654.65887
2021,32,47498.301,73.940002,17.043903,0.27536452,100.5,701.1485,735.19208,654.65887
2021,32,57743.5,73.940002,17.043903,0.26233247,100.5,701.1485,735.19208,654.65887
2021,33,68486.797,72.660004,14.168579,0.30977133,99.800003,508.2276,547.35138,492.81659
2021,33,57540.5,72.660004,14.168579,0.2674205,99.800003,508.2276,547.35138,492.81659
2021,33,35247.398,72.660004,14.168579,0.27708825,99.800003,508.2276,547.35138,492.81659
2021,34,18371.699,59.389999,15.440813,0.33614165,98.5,246.22951,257.7193,225.72479
2021,34,30904.301,59.389999,15.440813,0.32598388,98.5,246.22951,257.7193,225.72479
2021,34,43008.699,59.389999,15.440813,0.31962776,98.5,246.22951,257.7193,225.72479
2021,35,23228.9,69.699997,11.537248,0.31265691,97.599998,345.43549,360.71509,322.68591
2021,35,51140.5,69.699997,11.537248,0.32234415,97.599998,345.43549,360.71509,322.68591
2021,35,40659.301,69.699997,11.537248,0.35069257,97.599998,345.43549,360.71509,322.68591
2021,36,30609.9,61.459999,12.406212,0.33338228,98.099998,103.7178,105.7196,92.387703
2021,36,41684.398,61.459999,12.406212,0.32126823,98.099998,103.7178,105.7196,92.387703
2021,36,18684.199,61.459999,12.406212,0.31410128,98.099998,103.7178,105.7196,92.387703
2021,37,47066.398,63.939999,15.923945,0.29594299,100.0,284.36121,295.59021,250.38361
2021,37,35705.102,63.939999,15.923945,0.26243076,100.0,284.36121,295.59021,250.38361
2021,37,20793.9,63.939999,15.923945,0.27150989,100.0,284.36121,295.59021,250.38361
2021,41,26811.199,56.450001,13.989434,0.29436803,99.699997,122.2318,126.3643,115.543
2021,41,37094.801,56.450001,13.989434,0.28445515,99.699997,122.2318,126.3643,115.543
2021,41,17533.301,56.450001,13.989434,0.27778322,99.699997,122.2318,126.3643,115.543
2021,42,40277.801,64.089996,15.423982,0.2986452,96.699997,307.4205,323.60699,287.8454
2021,42,30829.301,64.089996,15.423982,0.30512747,96.699997,307.4205,323.60699,287.8454
2021,42,18259.0,64.089996,15.423982,0.31906453,96.699997,307.4205,323.60699,287.8454
2021,43,31992.699,59.709999,15.467416,0.29548386,96.599998,214.1472,224.06931,199.3017
2021,43,18295.199,59.709999,15.467416,0.28733563,96.599998,214.1472,224.06931,199.3017
2021,43,44866.102,59.709999,15.467416,0.30996361,96.599998,214.1472,224.06931,199.3017
2021,44,44993.301,74.629997,9.1201429,0.31735814,97.699997,1177.1979,1230.1219,1118.8884
2021,44,54853.602,74.629997,9.1201429,0.33190352,97.699997,1177.1979,1230.1219,1118.8884
2021,44,22306.0,74.629997,9.1201429,0.39313805,97.699997,1177.1979,1230.1219,1118.8884
2021,45,26726.699,55.080002,12.589274,0.31429499,97.300003,91.076302,94.443398,82.437897
2021,45,38529.898,55.080002,12.589274,0.33289093,97.300003,91.076302,94.443398,82.437897
2021,45,16362.9,55.080002,12.589274,0.32204956,97.300003,91.076302,94.443398,82.437897
2021,46,40213.199,60.970001,10.814815,0.36899725,96.699997,18.741301,19.3067,17.599001
2021,46,18076.301,60.970001,10.814815,0.34804681,96.699997,18.741301,19.3067,17.599001
2021,46,30456.801,60.970001,10.814815,0.41631532,96.699997,18.741301,19.3067,17.599001
2021,50,18099.6,70.32,17.757723,0.32016471,95.599998,187.0681,190.8597,170.9969
2021,50,43502.5,70.32,17.757723,0.36558834,95.599998,187.0681,190.8597,170.9969
2021,50,33802.602,70.32,17.757723,0.33151338,95.599998,187.0681,190.8597,170.9969
2021,51,29080.1,57.82,17.582047,0.34283209,96.0,440.41879,460.30569,427.01801
2021,51,41443.801,57.82,17.582047,0.35082257,96.0,440.41879,460.30569,427.01801
2021,51,17575.301,57.82,17.582047,0.36301994,96.0,440.41879,460.30569,427.01801
2021,52,23996.199,54.330002,11.762832,0.31331527,95.800003,59.564701,62.4132,55.6614
2021,52,12856.1,54.330002,11.762832,0.30927256,95.800003,59.564701,62.4132,55.6614
2021,52,39211.199,54.330002,11.762832,0.30652976,95.800003,59.564701,62.4132,55.6614
2021,53,14197.3,51.049999,11.274836,0.35775009,96.400002,78.445,80.405602,73.061996
2021,53,25666.199,51.049999,11.274836,0.29155266,96.400002,78.445,80.405602,73.061996
2021,53,40904.898,51.049999,11.274836,0.31637049,96.400002,78.445,80.405602,73.061996
2021,54,16932.301,36.610001,5.8094501,0.33365226,100.4,2.3899,2.49,1.7664
2021,54,24949.9,36.610001,5.8094501,0.35586768,100.4,2.3899,2.49,1.7664
2021,54,46503.301,36.610001,5.8094501,0.37786245,100.4,2.3899,2.49,1.7664
2021,61,28568.0,63.630001,13.996083,0.27558473,100.5,232.0652,245.41701,216.3309
2021,61,40713.102,63.630001,13.996083,0.28990728,100.5,232.0652,245.41701,216.3309
2021,61,14744.8,63.630001,13.996083,0.26890442,100.5,232.0652,245.41701,216.3309
2021,62,36187.301,53.330002,13.042324,0.29890239,99.300003,41.744499,42.691299,37.7085
2021,62,22066.0,53.330002,13.042324,0.309394,99.300003,41.744499,42.691299,37.7085
2021,62,11432.8,53.330002,13.042324,0.29283908,99.300003,41.744499,42.691299,37.7085
2021,63,25919.5,61.02,9.8902845,0.3194012,99.300003,4.9338999,5.0124998,4.0019999
2021,63,13604.2,61.02,9.8902845,0.3014231,99.300003,4.9338999,5.0124998,4.0019999
2021,63,37745.301,61.02,9.8902845,0.30757987,99.300003,4.9338999,5.0124998,4.0019999
2021,64,27904.5,66.040001,10.054702,0.2635276,101.7,5.3481998,5.5685,3.8524001
2021,64,15336.6,66.040001,10.054702,0.27200133,101.7,5.3481998,5.5685,3.8524001
2021,64,38290.699,66.040001,10.054702,0.29122248,101.7,5.3481998,5.5685,3.8524001
2021,65,37642.398,57.259998,8.0832758,0.30269611,100.5,36.0159,37.355499,32.126999
2021,65,26075.0,57.259998,8.0832758,0.30138347,100.5,36.0159,37.355499,32.126999
2021,65,15575.3,57.259998,8.0832758,0.3050915,100.5,36.0159,37.355499,32.126999
2022,11,77414.547,87.57,15.11711,0.2160843,103.9,760.46179,801.20062,732.81488
2022,11,84023.133,87.57,15.11711,0.2738727,103.9,760.46179,801.20062,732.81488
2022,11,34753.828,87.57,15.11711,0.21142441,103.9,760.46179,801.20062,732.81488
2022,12,29017.76,85.110001,17.006948,0.34507594,102.4,132.36079,137.22321,120.1133
2022,12,48976.121,85.110001,17.006948,0.29731849,102.4,132.36079,137.22321,120.1133
2022,12,53003.234,85.110001,17.006948,0.29192415,102.4,132.36079,137.22321,120.1133
2022,13,30867.018,61.650002,15.637747,0.32320344,103.1,80.830299,83.811401,70.141098
2022,13,19364.166,61.650002,15.637747,0.29810804,103.1,80.830299,83.811401,70.141098
2022,13,41277.75,61.650002,15.637747,0.28336802,103.1,80.830299,83.811401,70.141098
2022,14,16322.681,63.959999,14.480437,0.27399904,104.4,90.9188,93.741501,82.536499
2022,14,29178.225,63.959999,14.480437,0.32094255,104.4,90.9188,93.741501,82.536499
2022,14,39532.035,63.959999,14.480437,0.28843766,104.4,90.9188,93.741501,82.536499
2022,15,19640.943,68.599998,14.689978,0.27031213,102.1,35.0242,36.779202,28.128599
2022,15,49282.938,68.599998,14.689978,0.28115773,102.1,35.0242,36.779202,28.128599
2022,15,20132.826,68.599998,14.689978,0.27031213,102.1,35.0242,36.779202,28.128599
2022,15,36883.285,68.599998,14.689978,0.31054413,102.1,35.0242,36.779202,28.128599
2022,15,46295.363,68.599998,14.689978,0.27031213,102.1,35.0242,36.779202,28.128599
2022,15,35920.625,68.599998,14.689978,0.27031213,102.1,35.0242,36.779202,28.128599
2022,21,44002.613,73.0,20.016283,0.31616297,103.4,98.002998,102.166,91.585602
2022,21,19907.961,73.0,20.016283,0.31478763,103.4,98.002998,102.166,91.585602
2022,21,36088.758,73.0,20.016283,0.31587669,103.4,98.002998,102.166,91.585602
2022,22,35470.918,63.73,17.754211,0.33263162,103.1,27.503,28.468901,26.2428
2022,22,18134.475,63.73,17.754211,0.30545312,103.1,27.503,28.468901,26.2428
2022,22,27974.516,63.73,17.754211,0.29338253,103.1,27.503,28.468901,26.2428
2022,23,28345.504,66.199997,17.82069,0.31170917,102.9,15.5627,16.1999,14.523
2022,23,18577.355,66.199997,17.82069,0.33517292,102.9,15.5627,16.1999,14.523
2022,23,35042.074,66.199997,17.82069,0.30155188,102.9,15.5627,16.1999,14.523
2022,31,39729.422,89.330002,18.668877,0.38657928,105.8,892.83429,930.46729,887.20471
2022,31,84034.0,89.330002,18.668877,0.26772255,105.8,892.83429,930.46729,887.20471
2022,31,79609.766,89.330002,18.668877,0.27479318,105.8,892.83429,930.46729,887.20471
2022,32,49861.691,74.419998,17.869141,0.27820969,102.7,792.7395,830.81897,740.17981
2022,32,60178.148,74.419998,17.869141,0.32841173,102.7,792.7395,830.81897,740.17981
2022,32,28486.498,74.419998,17.869141,0.2637237,102.7,792.7395,830.81897,740.17981
2022,33,60302.496,73.400002,14.911903,0.28050259,102.7,549.47729,595.92767,536.50891
2022,33,71267.93,73.400002,14.911903,0.27196816,102.7,549.47729,595.92767,536.50891
2022,33,37565.047,73.400002,14.911903,0.30916339,102.7,549.47729,595.92767,536.50891
2022,34,32745.246,60.150002,15.792744,0.34064549,102.8,272.99551,284.9397,252.1127
2022,34,19574.877,60.150002,15.792744,0.35338092,102.8,272.99551,284.9397,252.1127
2022,34,45133.191,60.150002,15.792744,0.33261845,102.8,272.99551,284.9397,252.1127
2022,35,24986.605,70.110001,12.193473,0.31224716,103.2,362.19241,376.4086,348.62469
2022,35,43117.719,70.110001,12.193473,0.32052311,103.2,362.19241,376.4086,348.62469
2022,35,53817.117,70.110001,12.193473,0.34498057,103.2,362.19241,376.4086,348.62469
2022,36,19936.047,62.07,13.031479,0.31191242,102.9,144.8856,146.4682,130.2785
2022,36,43696.523,62.07,13.031479,0.33365247,102.9,144.8856,146.4682,130.2785
2022,36,32418.674,62.07,13.031479,0.31998599,102.9,144.8856,146.4682,130.2785
2022,37,22109.898,64.540001,16.722546,0.27682656,102.8,322.77731,338.17221,289.91061
2022,37,49049.66,64.540001,16.722546,0.29532379,102.8,322.77731,338.17221,289.91061
2022,37,37560.074,64.540001,16.722546,0.2697517,102.8,322.77731,338.17221,289.91061
2022,41,28222.357,57.07,14.550057,0.2927615,102.3,122.6888,127.3896,118.6222
2022,41,38483.738,57.07,14.550057,0.28743473,102.3,122.6888,127.3896,118.6222
2022,41,18697.262,57.07,14.550057,0.28382087,102.3,122.6888,127.3896,118.6222
2022,42,32913.641,64.669998,16.293016,0.30286467,102.2,361.28931,375.47699,337.28461
2022,42,42625.781,64.669998,16.293016,0.30162406,102.2,361.28931,375.47699,337.28461
2022,42,19709.457,64.669998,16.293016,0.30545104,102.2,361.28931,375.47699,337.28461
2022,43,47301.191,60.310001,16.118494,0.29259893,101.8,240.4875,251.00391,226.213
2022,43,19546.277,60.310001,16.118494,0.28544506,101.8,240.4875,251.00391,226.213
2022,43,34035.996,60.310001,16.118494,0.30538517,101.8,240.4875,251.00391,226.213
2022,44,47064.555,74.790001,9.5956554,0.34274787,102.9,1202.8081,1252.9471,1143.0236
2022,44,23597.756,74.790001,9.5956554,0.40351424,102.9,1202.8081,1252.9471,1143.0236
2022,44,56905.313,74.790001,9.5956554,0.32839799,102.9,1202.8081,1252.9471,1143.0236
2022,45,39703.008,55.650002,13.133717,0.32091504,102.3,106.4369,109.5072,93.635696
2022,45,17432.693,55.650002,13.133717,0.31964898,102.3,106.4369,109.5072,93.635696
2022,45,27980.662,55.650002,13.133717,0.32018152,102.3,106.4369,109.5072,93.635696
2022,46,19117.373,61.490002,11.288635,0.38524437,103.0,22.652399,24.32,21.8095
2022,46,40117.523,61.490002,11.288635,0.36554202,103.0,22.652399,24.32,21.8095
2022,46,30956.604,61.490002,11.288635,0.42965761,103.0,22.652399,24.32,21.8095
2022,50,35665.891,70.959999,18.302242,0.338965,105.3,199.5804,191.51469,171.82021
2022,50,19312.66,70.959999,18.302242,0.33037812,105.3,199.5804,191.51469,171.82021
2022,50,45508.926,70.959999,18.302242,0.3650409,105.3,199.5804,191.51469,171.82021
2022,51,43233.258,58.349998,18.124796,0.34698117,102.0,416.89301,434.87729,401.7684
2022,51,18672.365,58.349998,18.124796,0.35983357,102.0,416.89301,434.87729,401.7684
2022,51,30679.184,58.349998,18.124796,0.3386184,102.0,416.89301,434.87729,401.7684
2022,52,41085.715,54.810001,12.124051,0.31262466,100.9,55.385601,56.269901,52.0457
2022,52,13706.668,54.810001,12.124051,0.31252715,100.9,55.385601,56.269901,52.0457
2022,52,25508.205,54.810001,12.124051,0.31256789,100.9,55.385601,56.269901,52.0457
2022,53,26936.818,51.720001,11.667291,0.34483302,100.7,92.0084,94.734398,87.341797
2022,53,42167.863,51.720001,11.667291,0.30832866,100.7,92.0084,94.734398,87.341797
2022,53,15146.917,51.720001,11.667291,0.32277903,100.7,92.0084,94.734398,87.341797
2022,54,48752.895,37.360001,5.8981233,0.32227331,100.6,2.2881,1.772,1.598
2022,54,18209.48,37.360001,5.8981233,0.36179739,100.6,2.2881,1.772,1.598
2022,54,26674.838,37.360001,5.8981233,0.40025306,100.6,2.2881,1.772,1.598
2022,61,42431.32,64.019997,14.679895,0.29715687,103.2,244.81329,257.5304,230.98351
2022,61,30115.83,64.019997,14.679895,0.27443048,103.2,244.81329,257.5304,230.98351
2022,61,15704.344,64.019997,14.679895,0.28186661,103.2,244.81329,257.5304,230.98351
2022,62,12165.151,54.189999,13.431784,0.30671382,102.7,41.3993,43.037701,37.257099
2022,62,37572.352,54.189999,13.431784,0.32030147,102.7,41.3993,43.037701,37.257099
2022,62,23273.121,54.189999,13.431784,0.29873794,102.7,41.3993,43.037701,37.257099
2022,63,26999.992,61.43,10.22317,0.33122864,103.6,3.4818001,3.9008,3.1767001
2022,63,38735.797,61.43,10.22317,0.34032726,103.6,3.4818001,3.9008,3.1767001
2022,63,14456.249,61.43,10.22317,0.35718876,103.6,3.4818001,3.9008,3.1767001
2022,64,40193.715,66.339996,10.428954,0.31406993,102.5,5.9053998,6.2149,4.2087002
2022,64,29599.305,66.339996,10.428954,0.28677398,102.5,5.9053998,6.2149,4.2087002
2022,64,16430.307,66.339996,10.428954,0.29492998,102.5,5.9053998,6.2149,4.2087002
2022,65,16549.906,57.889999,8.3896294,0.32159877,101.7,36.308899,37.559601,33.4832
2022,65,27062.738,57.889999,8.3896294,0.3235572,101.7,36.308899,37.559601,33.4832
2022,65,38410.227,57.889999,8.3896294,0.31799921,101.7,36.308899,37.559601,33.4832
2023,11,81752.0,87.830002,15.857155,0.27784634,99.0,1026.7648,1093.5931,1008.6325
2023,11,88650.0,87.830002,15.857155,0.21313122,99.0,1026.7648,1093.5931,1008.6325
2023,11,37358.0,87.830002,15.857155,0.20794183,99.0,1026.7648,1093.5931,1008.6325
2023,12,55355.0,85.489998,17.908369,0.32323083,99.800003,174.3548,182.75191,164.5239
2023,12,30851.0,85.489998,17.908369,0.28111258,99.800003,174.3548,182.75191,164.5239
2023,12,51271.0,85.489998,17.908369,0.27628011,99.800003,174.3548,182.75191,164.5239
2023,13,43631.0,62.77,16.237186,0.29402292,100.1,118.3878,124.2985,103.4038
2023,13,32903.0,62.77,16.237186,0.27791029,100.1,118.3878,124.2985,103.4038
2023,13,20688.0,62.77,16.237186,0.32370034,100.1,118.3878,124.2985,103.4038
2023,14,30924.0,64.970001,15.204406,0.26613495,99.199997,129.7869,136.3623,119.4657
2023,14,17677.0,64.970001,15.204406,0.29508942,99.199997,129.7869,136.3623,119.4657
2023,14,41327.0,64.970001,15.204406,0.25344646,99.199997,129.7869,136.3623,119.4657
2023,15,21221.0,69.580002,15.454437,0.27000329,100.1,56.557201,59.187698,47.1679
2023,15,21690.873,69.580002,15.454437,0.29079267,100.1,56.557201,59.187698,47.1679
2023,15,38130.0,69.580002,15.454437,0.29079267,100.1,56.557201,59.187698,47.1679
2023,15,48676.0,69.580002,15.454437,0.27551284,100.1,56.557201,59.187698,47.1679
2023,15,51820.75,69.580002,15.454437,0.29079267,100.1,56.557201,59.187698,47.1679
2023,15,39217.977,69.580002,15.454437,0.29079267,100.1,56.557201,59.187698,47.1679
2023,21,37992.0,73.510002,21.058249,0.29321477,99.599998,146.46941,154.4068,139.599
2023,21,45896.0,73.510002,21.058249,0.30385768,99.599998,146.46941,154.4068,139.599
2023,21,21483.0,73.510002,21.058249,0.29544091,99.599998,146.46941,154.4068,139.599
2023,22,37503.0,64.720001,18.652807,0.30532354,98.699997,37.490002,38.758801,35.9888
2023,22,29797.0,64.720001,18.652807,0.27382424,98.699997,37.490002,38.758801,35.9888
2023,22,19472.0,64.720001,18.652807,0.26117581,98.699997,37.490002,38.758801,35.9888
2023,23,19756.0,67.099998,18.810867,0.31877819,100.4,24.320499,25.2714,23.437401
2023,23,29694.0,67.099998,18.810867,0.2939302,100.4,24.320499,25.2714,23.437401
2023,23,36492.0,67.099998,18.810867,0.30146077,100.4,24.320499,25.2714,23.437401
2023,31,84834.0,89.459999,19.563143,0.32566762,97.0,1200.0026,1255.9186,1189.174
2023,31,42988.0,89.459999,19.563143,0.24705952,97.0,1200.0026,1255.9186,1189.174
2023,31,89477.0,89.459999,19.563143,0.25166231,97.0,1200.0026,1255.9186,1189.174
2023,32,30488.0,75.040001,18.455935,0.27966458,100.5,1020.4435,1067.4652,966.4151
2023,32,52674.0,75.040001,18.455935,0.32757565,100.5,1020.4435,1067.4652,966.4151
2023,32,63211.0,75.040001,18.455935,0.26558471,100.5,1020.4435,1067.4652,966.4151
2023,33,40311.0,74.199997,15.414159,0.27027237,100.3,671.40131,737.2594,662.08582
2023,33,74997.0,74.199997,15.414159,0.30626017,100.3,671.40131,737.2594,662.08582
2023,33,63830.0,74.199997,15.414159,0.27863973,100.3,671.40131,737.2594,662.08582
2023,34,47446.0,61.509998,15.869174,0.32847571,99.400002,330.00281,344.73819,303.13449
2023,34,34893.0,61.509998,15.869174,0.33545166,99.400002,330.00281,344.73819,303.13449
2023,34,21144.0,61.509998,15.869174,0.34672475,99.400002,330.00281,344.73819,303.13449
2023,35,26722.0,71.040001,12.625437,0.31954673,100.9,449.82721,466.59781,438.85379
2023,35,56153.0,71.040001,12.625437,0.31136066,100.9,449.82721,466.59781,438.85379
2023,35,45426.0,71.040001,12.625437,0.34426439,100.9,449.82721,466.59781,438.85379
2023,36,21358.0,63.130001,13.485202,0.33272144,99.900002,212.677,219.88609,201.83611
2023,36,34242.0,63.130001,13.485202,0.31112021,99.900002,212.677,219.88609,201.83611
2023,36,45554.0,63.130001,13.485202,0.31908217,99.900002,212.677,219.88609,201.83611
2023,37,39890.0,65.529999,17.428137,0.2735469,99.599998,505.13531,528.73181,466.92941
2023,37,51571.0,65.529999,17.428137,0.27952322,99.599998,505.13531,528.73181,466.92941
2023,37,23776.0,65.529999,17.428137,0.29503128,99.599998,505.13531,528.73181,466.92941
2023,41,20053.0,58.080002,14.890323,0.29866204,99.0,160.6254,168.1924,159.0704
2023,41,29933.0,58.080002,14.890323,0.31027353,99.0,160.6254,168.1924,159.0704
2023,41,40234.0,58.080002,14.890323,0.29079017,99.0,160.6254,168.1924,159.0704
2023,42,35146.0,65.470001,16.947554,0.30638859,99.099998,490.90891,511.3287,466.24161
2023,42,44990.0,65.470001,16.947554,0.29767764,99.099998,490.90891,511.3287,466.24161
2023,42,21293.0,65.470001,16.947554,0.29356405,99.099998,490.90891,511.3287,466.24161
2023,43,35895.0,61.16,16.463512,0.28468648,98.699997,304.58099,318.43411,288.12531
2023,43,20921.0,61.16,16.463512,0.2912139,98.699997,304.58099,318.43411,288.12531
2023,43,49243.0,61.16,16.463512,0.30305469,98.699997,304.58099,318.43411,288.12531
2023,44,59307.0,75.419998,9.9633751,0.37561658,100.7,1573.4907,1656.2329,1521.1691
2023,44,49327.0,75.419998,9.9633751,0.31246987,100.7,1573.4907,1656.2329,1521.1691
2023,44,25142.0,75.419998,9.9633751,0.32439926,100.7,1573.4907,1656.2329,1521.1691
2023,45,18656.0,56.779999,13.809911,0.31548265,99.300003,120.9066,125.9922,109.697
2023,45,29514.0,56.779999,13.809911,0.31672949,99.300003,120.9066,125.9922,109.697
2023,45,41287.0,56.779999,13.809911,0.31758451,99.300003,120.9066,125.9922,109.697
2023,46,33192.0,62.459999,11.691859,0.39217612,101.0,34.652699,36.872101,32.972301
2023,46,20708.0,62.459999,11.691859,0.43662083,101.0,34.652699,36.872101,32.972301
2023,46,42661.0,62.459999,11.691859,0.3724578,101.0,34.652699,36.872101,32.972301
2023,50,20820.0,71.669998,18.907738,0.32602158,97.5,207.2446,222.0945,199.2193
2023,50,47435.0,71.669998,18.907738,0.3181847,97.5,207.2446,222.0945,199.2193
2023,50,37595.0,71.669998,18.907738,0.34946102,97.5,207.2446,222.0945,199.2193
2023,51,19978.0,59.490002,18.462866,0.33316982,99.099998,568.21722,590.1402,547.40179
2023,51,32514.0,59.490002,18.462866,0.32836345,99.099998,568.21722,590.1402,547.40179
2023,51,45227.0,59.490002,18.462866,0.34091127,99.099998,568.21722,590.1402,547.40179
2023,52,14817.0,55.939999,12.816669,0.29054695,99.400002,68.1745,70.276299,64.284203
2023,52,42772.0,55.939999,12.816669,0.30909544,99.400002,68.1745,70.276299,64.284203
2023,52,27098.0,55.939999,12.816669,0.27835873,99.400002,68.1745,70.276299,64.284203
2023,53,16361.0,52.919998,11.950006,0.32463568,100.4,129.9305,135.4528,124.9511
2023,53,43563.0,52.919998,11.950006,0.31204912,100.4,129.9305,135.4528,124.9511
2023,53,28421.0,52.919998,11.950006,0.3434062,100.4,129.9305,135.4528,124.9511
2023,54,51900.0,38.880001,6.0889931,0.39493066,99.400002,4.9464002,4.9836998,3.9530001
2023,54,28983.0,38.880001,6.0889931,0.3720164,99.400002,4.9464002,4.9836998,3.9530001
2023,54,19924.0,38.880001,6.0889931,0.34668636,99.400002,4.9464002,4.9836998,3.9530001
2023,61,32128.0,65.160004,15.230817,0.29325402,99.099998,228.52029,243.7088,220.6814
2023,61,16992.0,65.160004,15.230817,0.27698123,99.099998,228.52029,243.7088,220.6814
2023,61,44713.0,65.160004,15.230817,0.28222838,99.099998,228.52029,243.7088,220.6814
2023,62,25011.0,55.490002,13.646171,0.28817779,100.1,60.984501,63.787998,55.873798
2023,62,39833.0,55.490002,13.646171,0.29911196,100.1,60.984501,63.787998,55.873798
2023,62,13131.0,55.490002,13.646171,0.31797463,100.1,60.984501,63.787998,55.873798
2023,63,15614.0,62.799999,10.455635,0.31293437,98.0,5.1788998,5.6385002,4.3337002
2023,63,28587.0,62.799999,10.455635,0.2951864,98.0,5.1788998,5.6385002,4.3337002
2023,63,40408.0,62.799999,10.455635,0.34634027,98.0,5.1788998,5.6385002,4.3337002
2023,64,31604.0,67.309998,10.50026,0.28433383,100.0,8.2299995,8.6204004,7.1134
2023,64,42395.0,67.309998,10.50026,0.29662082,100.0,8.2299995,8.6204004,7.1134
2023,64,17772.0,67.309998,10.50026,0.2791414,100.0,8.2299995,8.6204004,7.1134
2023,65,40578.0,59.240002,8.6854801,0.31776509,98.699997,54.070702,55.540001,49.6833
2023,65,17948.0,59.240002,8.6854801,0.31757107,98.699997,54.070702,55.540001,49.6833
2023,65,28947.0,59.240002,8.6854801,0.31745628,98.699997,54.070702,55.540001,49.6833
2024,11,85415.07,88.220001,16.479752,0.20380981,97.800003,1098.4595,1158.0723,1067.4563
2024,11,92464.078,88.220001,16.479752,0.19864905,97.800003,1098.4595,1158.0723,1067.4563
2024,11,39856.324,88.220001,16.479752,0.26871029,97.800003,1098.4595,1158.0723,1067.4563
2024,12,57704.559,86.010002,18.56522,0.31947345,98.5,189.6714,197.36549,179.897
2024,12,53580.582,86.010002,18.56522,0.28513712,98.5,189.6714,197.36549,179.897
2024,12,32715.0,86.010002,18.56522,0.28103989,98.5,189.6714,197.36549,179.897
2024,13,45609.57,63.419998,16.457079,0.27530682,99.400002,140.6243,143.01871,118.8999
2024,13,34664.621,63.419998,16.457079,0.28618208,99.400002,140.6243,143.01871,118.8999
2024,13,22022.4,63.419998,16.457079,0.30617869,99.400002,140.6243,143.01871,118.8999
2024,14,32441.115,66.32,15.785466,0.29399598,98.699997,144.0369,152.6727,136.54649
2024,14,43035.746,66.32,15.785466,0.265551,98.699997,144.0369,152.6727,136.54649
2024,14,18741.43,66.32,15.785466,0.25321847,98.699997,144.0369,152.6727,136.54649
2024,15,22543.465,70.730003,16.038734,0.28716946,98.300003,63.480999,65.791702,53.226601
2024,15,23118.527,70.730003,16.038734,0.30293626,98.300003,63.480999,65.791702,53.226601
2024,15,41313.984,70.730003,16.038734,0.28144628,98.300003,63.480999,65.791702,53.226601
2024,15,54187.926,70.730003,16.038734,0.30293626,98.300003,63.480999,65.791702,53.226601
2024,15,50887.684,70.730003,16.038734,0.30293626,98.300003,63.480999,65.791702,53.226601
2024,15,40077.445,70.730003,16.038734,0.30293626,98.300003,63.480999,65.791702,53.226601
2024,21,22743.906,74.18,21.902111,0.29778621,99.300003,168.42999,175.67529,157.5247
2024,21,47981.938,74.18,21.902111,0.2994388,99.300003,168.42999,175.67529,157.5247
2024,21,39844.473,74.18,21.902111,0.30573452,99.300003,168.42999,175.67529,157.5247
2024,22,39157.324,65.779999,19.412874,0.27389699,99.300003,41.275902,42.056599,39.402302
2024,22,31317.563,65.779999,19.412874,0.26604897,99.300003,41.275902,42.056599,39.402302
2024,22,20704.191,65.779999,19.412874,0.293659,99.300003,41.275902,42.056599,39.402302
2024,23,38212.043,68.050003,19.410406,0.31002593,98.800003,28.5746,29.345501,26.555901
2024,23,20962.615,68.050003,19.410406,0.29209554,98.800003,28.5746,29.345501,26.555901
2024,23,31268.762,68.050003,19.410406,0.29741478,98.800003,28.5746,29.345501,26.555901
2024,31,88366.359,89.849998,20.254702,0.25700471,99.300003,1304.7469,1357.3632,1275.2064
2024,31,45643.707,89.849998,20.254702,0.2524026,99.300003,1304.7469,1357.3632,1275.2064
2024,32,32413.553,75.529999,18.777063,0.33024246,100.2,1141.5249,1193.5828,1080.4856
2024,32,66172.68,75.529999,18.777063,0.2661618,100.2,1141.5249,1193.5828,1080.4856
2024,32,55414.793,75.529999,18.777063,0.2809113,100.2,1141.5249,1193.5828,1080.4856
2024,33,78251.203,75.459999,15.715721,0.30799609,100.2,721.99701,801.97607,724.7077
2024,33,67012.875,75.459999,15.715721,0.27885228,100.2,721.99701,801.97607,724.7077
2024,33,42786.313,75.459999,15.715721,0.27004191,100.2,721.99701,801.97607,724.7077
2024,34,49539.465,62.57,15.685496,0.33704567,100.2,370.3884,386.2153,345.24939
2024,34,36781.551,62.57,15.685496,0.35336968,100.2,370.3884,386.2153,345.24939
2024,34,22507.314,62.57,15.685496,0.32701761,100.2,370.3884,386.2153,345.24939
2024,35,47857.391,71.800003,12.953524,0.30758551,99.199997,530.68921,542.12042,514.51782
2024,35,28525.154,71.800003,12.953524,0.32015795,99.199997,530.68921,542.12042,514.51782
2024,35,58763.43,71.800003,12.953524,0.35853133,99.199997,530.68921,542.12042,514.51782
2024,36,47513.969,63.77,13.886791,0.32841513,99.599998,248.2748,250.90109,233.77879
2024,36,22673.475,63.77,13.886791,0.31225297,99.599998,248.2748,250.90109,233.77879
2024,36,36006.922,63.77,13.886791,0.31821561,99.599998,248.2748,250.90109,233.77879
2024,37,25256.59,66.480003,17.734598,0.2844606,99.5,603.18329,621.83752,550.89661
2024,37,42076.957,66.480003,17.734598,0.27864036,99.5,603.18329,621.83752,550.89661
2024,37,54061.629,66.480003,17.734598,0.29943392,99.5,603.18329,621.83752,550.89661
2024,41,21330.029,59.220001,15.036191,0.3182236,98.900002,189.03,194.50571,184.3484
2024,41,42027.398,59.220001,15.036191,0.30162165,98.900002,189.03,194.50571,184.3484
2024,41,31552.342,59.220001,15.036191,0.29038057,98.900002,189.03,194.50571,184.3484
2024,42,36947.141,66.349998,17.294498,0.29231268,100.1,570.08569,592.19879,540.6745
2024,42,22579.695,66.349998,17.294498,0.30020341,100.1,570.08569,592.19879,540.6745
2024,42,46987.094,66.349998,17.294498,0.29479483,100.1,570.08569,592.19879,540.6745
2024,43,22204.465,62.07,16.682762,0.30294895,100.4,369.4964,381.00131,348.88501
2024,43,37679.406,62.07,16.682762,0.29804039,100.4,369.4964,381.00131,348.88501
2024,43,51243.047,62.07,16.682762,0.295394,100.4,369.4964,381.00131,348.88501
2024,44,61628.609,75.910004,10.1861,0.31414831,99.599998,1735.5404,1806.9231,1662.4327
2024,44,51473.754,75.910004,10.1861,0.32722291,99.599998,1735.5404,1806.9231,1662.4327
2024,44,26728.742,75.910004,10.1861,0.38395172,99.599998,1735.5404,1806.9231,1662.4327
2024,45,43044.418,57.389999,13.970616,0.31465763,98.699997,134.533,138.4174,121.0629
2024,45,19954.287,57.389999,13.970616,0.31540388,98.699997,134.533,138.4174,121.0629
2024,45,31124.914,57.389999,13.970616,0.31415316,98.699997,134.533,138.4174,121.0629
2024,46,34829.055,63.080002,11.849792,0.36668861,98.5,39.746899,41.467899,36.983101
2024,46,22146.295,63.080002,11.849792,0.3876445,98.5,39.746899,41.467899,36.983101
2024,46,44306.988,63.080002,11.849792,0.43562269,98.5,39.746899,41.467899,36.983101
2024,50,39713.281,72.139999,18.86804,0.31367192,99.099998,221.5972,224.5394,201.8577
2024,50,49778.453,72.139999,18.86804,0.30794078,99.099998,221.5972,224.5394,201.8577
2024,50,22220.908,72.139999,18.86804,0.33070934,99.099998,221.5972,224.5394,201.8577
2024,51,34324.727,60.099998,18.443275,0.32529297,99.5,654.24969,677.20459,628.35883
2024,51,21302.855,60.099998,18.443275,0.32882652,99.5,654.24969,677.20459,628.35883
2024,51,47336.227,60.099998,18.443275,0.3266331,99.5,654.24969,677.20459,628.35883
2024,52,15855.562,56.650002,12.903956,0.30893803,99.699997,71.109299,72.529999,64.520203
2024,52,44557.93,56.650002,12.903956,0.29019842,99.699997,71.109299,72.529999,64.520203
2024,52,28561.029,56.650002,12.903956,0.27794963,99.699997,71.109299,72.529999,64.520203
2024,53,17449.752,54.110001,12.068534,0.3110019,99.099998,151.35361,153.8979,142.4138
2024,53,29932.5,54.110001,12.068534,0.32526445,99.099998,151.35361,153.8979,142.4138
2024,53,45312.125,54.110001,12.068534,0.3465091,99.099998,151.35361,153.8979,142.4138
2024,54,21577.789,39.68,6.2959075,0.34332794,98.800003,6.4446998,6.5938001,5.4074998
2024,54,31357.73,39.68,6.2959075,0.36834663,98.800003,6.4446998,6.5938001,5.4074998
2024,54,55444.426,39.68,6.2959075,0.39107668,98.800003,6.4446998,6.5938001,5.4074998
2024,61,46821.313,66.139999,15.681601,0.2717787,99.099998,275.6174,283.9035,258.90601
2024,61,18198.998,66.139999,15.681601,0.26738918,99.099998,275.6174,283.9035,258.90601
2024,61,33904.957,66.139999,15.681601,0.28088456,99.099998,275.6174,283.9035,258.90601
2024,62,26612.104,56.830002,13.632411,0.29744866,98.599998,68.077599,70.011398,61.1651
2024,62,41841.59,56.830002,13.632411,0.31533453,98.599998,68.077599,70.011398,61.1651
2024,62,14105.338,56.830002,13.632411,0.28725818,98.599998,68.077599,70.011398,61.1651
2024,63,42191.008,63.860001,10.576293,0.33008721,98.300003,5.7386999,6.1641002,5.0131998
2024,63,16714.656,63.860001,10.576293,0.30457067,98.300003,5.7386999,6.1641002,5.0131998
2024,63,30117.465,63.860001,10.576293,0.29115057,98.300003,5.7386999,6.1641002,5.0131998
2024,64,44448.508,68.220001,10.641418,0.28977263,97.199997,9.4446001,9.8007002,8.7013998
2024,64,19015.17,68.220001,10.641418,0.27048874,97.199997,9.4446001,9.8007002,8.7013998
2024,64,33355.281,68.220001,10.641418,0.27623528,97.199997,9.4446001,9.8007002,8.7013998
2024,65,30899.391,60.360001,8.8646049,0.31548464,95.800003,60.519501,62.052799,55.8255
2024,65,19426.984,60.360001,8.8646049,0.31683764,95.800003,60.519501,62.052799,55.8255
2024,65,42819.563,60.360001,8.8646049,0.31475118,95.800003,60.519501,62.052799,55.8255
